timestamp,test_pid,target,k,cost,gamma,inner_acc,inner_auc,inner_f1,feature_n,feature_set,features_used
2025-12-19 16:05:48.049646,1,"stress_label",7,2,0.0078125,0.517441860465116,0.343023255813953,0.487596899224806,7,"top7","eeg_fm_lbeta_power_precond;eeg_tleft_lbeta_power_precond;eeg_faa_precond;eeg_tleft_lalpha_power_precond;eeg_fl_theta_power_precond;eeg_tleft_alpha_power_precond;eeg_fl_beta_power_precond"
2025-12-19 16:05:47.994395,1,"stress_label",7,4,0.0078125,0.505813953488372,0.36046511627907,0.481395348837209,7,"top7","eeg_fm_lbeta_power_precond;eeg_tleft_lbeta_power_precond;eeg_faa_precond;eeg_tleft_lalpha_power_precond;eeg_fl_theta_power_precond;eeg_tleft_alpha_power_precond;eeg_fl_beta_power_precond"
2025-12-19 16:05:48.017505,1,"stress_label",7,8,0.0078125,0.505813953488372,0.302325581395349,0.48062015503876,7,"top7","eeg_fm_lbeta_power_precond;eeg_tleft_lbeta_power_precond;eeg_faa_precond;eeg_tleft_lalpha_power_precond;eeg_fl_theta_power_precond;eeg_tleft_alpha_power_precond;eeg_fl_beta_power_precond"
2025-12-19 16:05:48.030046,1,"stress_label",7,16,0.0078125,0.494186046511628,0.447674418604651,0.47984496124031,7,"top7","eeg_fm_lbeta_power_precond;eeg_tleft_lbeta_power_precond;eeg_faa_precond;eeg_tleft_lalpha_power_precond;eeg_fl_theta_power_precond;eeg_tleft_alpha_power_precond;eeg_fl_beta_power_precond"
2025-12-19 16:05:48.014997,1,"stress_label",7,32,0.0078125,0.5,0.430232558139535,0.510852713178295,7,"top7","eeg_fm_lbeta_power_precond;eeg_tleft_lbeta_power_precond;eeg_faa_precond;eeg_tleft_lalpha_power_precond;eeg_fl_theta_power_precond;eeg_tleft_alpha_power_precond;eeg_fl_beta_power_precond"
2025-12-19 16:05:48.052404,1,"stress_label",7,64,0.0078125,0.476744186046512,0.424418604651163,0.471317829457364,7,"top7","eeg_fm_lbeta_power_precond;eeg_tleft_lbeta_power_precond;eeg_faa_precond;eeg_tleft_lalpha_power_precond;eeg_fl_theta_power_precond;eeg_tleft_alpha_power_precond;eeg_fl_beta_power_precond"
2025-12-19 16:05:48.114468,1,"stress_label",7,128,0.0078125,0.5,0.401162790697674,NA,7,"top7","eeg_fm_lbeta_power_precond;eeg_tleft_lbeta_power_precond;eeg_faa_precond;eeg_tleft_lalpha_power_precond;eeg_fl_theta_power_precond;eeg_tleft_alpha_power_precond;eeg_fl_beta_power_precond"
2025-12-19 16:05:48.165526,1,"stress_label",7,256,0.0078125,0.523255813953488,0.441860465116279,0.468217054263566,7,"top7","eeg_fm_lbeta_power_precond;eeg_tleft_lbeta_power_precond;eeg_faa_precond;eeg_tleft_lalpha_power_precond;eeg_fl_theta_power_precond;eeg_tleft_alpha_power_precond;eeg_fl_beta_power_precond"
2025-12-19 16:05:48.010988,1,"stress_label",7,2,0.015625,0.511627906976744,0.430232558139535,0.497674418604651,7,"top7","eeg_fm_lbeta_power_precond;eeg_tleft_lbeta_power_precond;eeg_faa_precond;eeg_tleft_lalpha_power_precond;eeg_fl_theta_power_precond;eeg_tleft_alpha_power_precond;eeg_fl_beta_power_precond"
2025-12-19 16:05:48.012086,1,"stress_label",7,4,0.015625,0.5,0.343023255813953,0.477519379844961,7,"top7","eeg_fm_lbeta_power_precond;eeg_tleft_lbeta_power_precond;eeg_faa_precond;eeg_tleft_lalpha_power_precond;eeg_fl_theta_power_precond;eeg_tleft_alpha_power_precond;eeg_fl_beta_power_precond"
2025-12-19 16:05:48.024448,1,"stress_label",7,8,0.015625,0.517441860465116,0.424418604651163,0.518604651162791,7,"top7","eeg_fm_lbeta_power_precond;eeg_tleft_lbeta_power_precond;eeg_faa_precond;eeg_tleft_lalpha_power_precond;eeg_fl_theta_power_precond;eeg_tleft_alpha_power_precond;eeg_fl_beta_power_precond"
2025-12-19 16:05:48.00538,1,"stress_label",7,16,0.015625,0.5,0.430232558139535,0.505426356589147,7,"top7","eeg_fm_lbeta_power_precond;eeg_tleft_lbeta_power_precond;eeg_faa_precond;eeg_tleft_lalpha_power_precond;eeg_fl_theta_power_precond;eeg_tleft_alpha_power_precond;eeg_fl_beta_power_precond"
2025-12-19 16:05:48.037316,1,"stress_label",7,32,0.015625,0.482558139534884,0.38953488372093,0.454263565891473,7,"top7","eeg_fm_lbeta_power_precond;eeg_tleft_lbeta_power_precond;eeg_faa_precond;eeg_tleft_lalpha_power_precond;eeg_fl_theta_power_precond;eeg_tleft_alpha_power_precond;eeg_fl_beta_power_precond"
2025-12-19 16:05:48.067348,1,"stress_label",7,64,0.015625,0.517441860465116,0.447674418604651,0.456589147286822,7,"top7","eeg_fm_lbeta_power_precond;eeg_tleft_lbeta_power_precond;eeg_faa_precond;eeg_tleft_lalpha_power_precond;eeg_fl_theta_power_precond;eeg_tleft_alpha_power_precond;eeg_fl_beta_power_precond"
2025-12-19 16:05:49.383165,1,"stress_label",7,128,0.015625,0.529069767441861,0.47093023255814,NA,7,"top7","eeg_fm_lbeta_power_precond;eeg_tleft_lbeta_power_precond;eeg_faa_precond;eeg_tleft_lalpha_power_precond;eeg_fl_theta_power_precond;eeg_tleft_alpha_power_precond;eeg_fl_beta_power_precond"
2025-12-19 16:05:49.550034,1,"stress_label",7,256,0.015625,0.534883720930233,0.476744186046512,NA,7,"top7","eeg_fm_lbeta_power_precond;eeg_tleft_lbeta_power_precond;eeg_faa_precond;eeg_tleft_lalpha_power_precond;eeg_fl_theta_power_precond;eeg_tleft_alpha_power_precond;eeg_fl_beta_power_precond"
2025-12-19 16:05:49.251231,1,"stress_label",7,2,0.03125,0.511627906976744,0.38953488372093,0.510852713178295,7,"top7","eeg_fm_lbeta_power_precond;eeg_tleft_lbeta_power_precond;eeg_faa_precond;eeg_tleft_lalpha_power_precond;eeg_fl_theta_power_precond;eeg_tleft_alpha_power_precond;eeg_fl_beta_power_precond"
2025-12-19 16:05:49.22943,1,"stress_label",7,4,0.03125,0.523255813953488,0.38953488372093,0.531007751937985,7,"top7","eeg_fm_lbeta_power_precond;eeg_tleft_lbeta_power_precond;eeg_faa_precond;eeg_tleft_lalpha_power_precond;eeg_fl_theta_power_precond;eeg_tleft_alpha_power_precond;eeg_fl_beta_power_precond"
2025-12-19 16:05:49.219746,1,"stress_label",7,8,0.03125,0.529069767441861,0.430232558139535,0.531007751937985,7,"top7","eeg_fm_lbeta_power_precond;eeg_tleft_lbeta_power_precond;eeg_faa_precond;eeg_tleft_lalpha_power_precond;eeg_fl_theta_power_precond;eeg_tleft_alpha_power_precond;eeg_fl_beta_power_precond"
2025-12-19 16:05:49.26243,1,"stress_label",7,16,0.03125,0.517441860465116,0.430232558139535,0.493023255813954,7,"top7","eeg_fm_lbeta_power_precond;eeg_tleft_lbeta_power_precond;eeg_faa_precond;eeg_tleft_lalpha_power_precond;eeg_fl_theta_power_precond;eeg_tleft_alpha_power_precond;eeg_fl_beta_power_precond"
2025-12-19 16:05:49.315805,1,"stress_label",7,32,0.03125,0.529069767441861,0.453488372093023,NA,7,"top7","eeg_fm_lbeta_power_precond;eeg_tleft_lbeta_power_precond;eeg_faa_precond;eeg_tleft_lalpha_power_precond;eeg_fl_theta_power_precond;eeg_tleft_alpha_power_precond;eeg_fl_beta_power_precond"
2025-12-19 16:05:49.395096,1,"stress_label",7,64,0.03125,0.534883720930233,0.494186046511628,NA,7,"top7","eeg_fm_lbeta_power_precond;eeg_tleft_lbeta_power_precond;eeg_faa_precond;eeg_tleft_lalpha_power_precond;eeg_fl_theta_power_precond;eeg_tleft_alpha_power_precond;eeg_fl_beta_power_precond"
2025-12-19 16:05:49.592422,1,"stress_label",7,128,0.03125,0.546511627906977,0.540697674418605,NA,7,"top7","eeg_fm_lbeta_power_precond;eeg_tleft_lbeta_power_precond;eeg_faa_precond;eeg_tleft_lalpha_power_precond;eeg_fl_theta_power_precond;eeg_tleft_alpha_power_precond;eeg_fl_beta_power_precond"
2025-12-19 16:05:49.922126,1,"stress_label",7,256,0.03125,0.534883720930233,0.534883720930233,NA,7,"top7","eeg_fm_lbeta_power_precond;eeg_tleft_lbeta_power_precond;eeg_faa_precond;eeg_tleft_lalpha_power_precond;eeg_fl_theta_power_precond;eeg_tleft_alpha_power_precond;eeg_fl_beta_power_precond"
2025-12-19 16:05:49.284301,1,"stress_label",7,2,0.0625,0.517441860465116,0.436046511627907,0.536434108527132,7,"top7","eeg_fm_lbeta_power_precond;eeg_tleft_lbeta_power_precond;eeg_faa_precond;eeg_tleft_lalpha_power_precond;eeg_fl_theta_power_precond;eeg_tleft_alpha_power_precond;eeg_fl_beta_power_precond"
2025-12-19 16:05:49.314967,1,"stress_label",7,4,0.0625,0.563953488372093,0.529069767441861,0.56046511627907,7,"top7","eeg_fm_lbeta_power_precond;eeg_tleft_lbeta_power_precond;eeg_faa_precond;eeg_tleft_lalpha_power_precond;eeg_fl_theta_power_precond;eeg_tleft_alpha_power_precond;eeg_fl_beta_power_precond"
2025-12-19 16:05:49.391517,1,"stress_label",7,8,0.0625,0.517441860465116,0.436046511627907,NA,7,"top7","eeg_fm_lbeta_power_precond;eeg_tleft_lbeta_power_precond;eeg_faa_precond;eeg_tleft_lalpha_power_precond;eeg_fl_theta_power_precond;eeg_tleft_alpha_power_precond;eeg_fl_beta_power_precond"
2025-12-19 16:05:49.444867,1,"stress_label",7,16,0.0625,0.517441860465116,0.517441860465116,NA,7,"top7","eeg_fm_lbeta_power_precond;eeg_tleft_lbeta_power_precond;eeg_faa_precond;eeg_tleft_lalpha_power_precond;eeg_fl_theta_power_precond;eeg_tleft_alpha_power_precond;eeg_fl_beta_power_precond"
2025-12-19 16:05:50.626794,1,"stress_label",7,32,0.0625,0.523255813953488,0.476744186046512,NA,7,"top7","eeg_fm_lbeta_power_precond;eeg_tleft_lbeta_power_precond;eeg_faa_precond;eeg_tleft_lalpha_power_precond;eeg_fl_theta_power_precond;eeg_tleft_alpha_power_precond;eeg_fl_beta_power_precond"
2025-12-19 16:05:50.818099,1,"stress_label",7,64,0.0625,0.529069767441861,0.546511627906977,NA,7,"top7","eeg_fm_lbeta_power_precond;eeg_tleft_lbeta_power_precond;eeg_faa_precond;eeg_tleft_lalpha_power_precond;eeg_fl_theta_power_precond;eeg_tleft_alpha_power_precond;eeg_fl_beta_power_precond"
2025-12-19 16:05:51.012515,1,"stress_label",7,128,0.0625,0.529069767441861,0.430232558139535,NA,7,"top7","eeg_fm_lbeta_power_precond;eeg_tleft_lbeta_power_precond;eeg_faa_precond;eeg_tleft_lalpha_power_precond;eeg_fl_theta_power_precond;eeg_tleft_alpha_power_precond;eeg_fl_beta_power_precond"
2025-12-19 16:05:51.40203,1,"stress_label",7,256,0.0625,0.523255813953488,0.465116279069767,NA,7,"top7","eeg_fm_lbeta_power_precond;eeg_tleft_lbeta_power_precond;eeg_faa_precond;eeg_tleft_lalpha_power_precond;eeg_fl_theta_power_precond;eeg_tleft_alpha_power_precond;eeg_fl_beta_power_precond"
2025-12-19 16:05:50.547341,1,"stress_label",7,2,0.125,0.569767441860465,0.581395348837209,0.594573643410853,7,"top7","eeg_fm_lbeta_power_precond;eeg_tleft_lbeta_power_precond;eeg_faa_precond;eeg_tleft_lalpha_power_precond;eeg_fl_theta_power_precond;eeg_tleft_alpha_power_precond;eeg_fl_beta_power_precond"
2025-12-19 16:05:50.627046,1,"stress_label",7,4,0.125,0.523255813953488,0.517441860465116,NA,7,"top7","eeg_fm_lbeta_power_precond;eeg_tleft_lbeta_power_precond;eeg_faa_precond;eeg_tleft_lalpha_power_precond;eeg_fl_theta_power_precond;eeg_tleft_alpha_power_precond;eeg_fl_beta_power_precond"
2025-12-19 16:05:50.707046,1,"stress_label",7,8,0.125,0.552325581395349,0.488372093023256,NA,7,"top7","eeg_fm_lbeta_power_precond;eeg_tleft_lbeta_power_precond;eeg_faa_precond;eeg_tleft_lalpha_power_precond;eeg_fl_theta_power_precond;eeg_tleft_alpha_power_precond;eeg_fl_beta_power_precond"
2025-12-19 16:05:50.76767,1,"stress_label",7,16,0.125,0.523255813953488,0.534883720930233,NA,7,"top7","eeg_fm_lbeta_power_precond;eeg_tleft_lbeta_power_precond;eeg_faa_precond;eeg_tleft_lalpha_power_precond;eeg_fl_theta_power_precond;eeg_tleft_alpha_power_precond;eeg_fl_beta_power_precond"
2025-12-19 16:05:50.845956,1,"stress_label",7,32,0.125,0.505813953488372,0.511627906976744,NA,7,"top7","eeg_fm_lbeta_power_precond;eeg_tleft_lbeta_power_precond;eeg_faa_precond;eeg_tleft_lalpha_power_precond;eeg_fl_theta_power_precond;eeg_tleft_alpha_power_precond;eeg_fl_beta_power_precond"
2025-12-19 16:05:51.007175,1,"stress_label",7,64,0.125,0.488372093023256,0.511627906976744,NA,7,"top7","eeg_fm_lbeta_power_precond;eeg_tleft_lbeta_power_precond;eeg_faa_precond;eeg_tleft_lalpha_power_precond;eeg_fl_theta_power_precond;eeg_tleft_alpha_power_precond;eeg_fl_beta_power_precond"
2025-12-19 16:05:51.240283,1,"stress_label",7,128,0.125,0.523255813953488,0.5,NA,7,"top7","eeg_fm_lbeta_power_precond;eeg_tleft_lbeta_power_precond;eeg_faa_precond;eeg_tleft_lalpha_power_precond;eeg_fl_theta_power_precond;eeg_tleft_alpha_power_precond;eeg_fl_beta_power_precond"
2025-12-19 16:05:51.520688,1,"stress_label",7,256,0.125,0.505813953488372,0.453488372093023,NA,7,"top7","eeg_fm_lbeta_power_precond;eeg_tleft_lbeta_power_precond;eeg_faa_precond;eeg_tleft_lalpha_power_precond;eeg_fl_theta_power_precond;eeg_tleft_alpha_power_precond;eeg_fl_beta_power_precond"
2025-12-19 16:05:50.828332,1,"stress_label",7,2,0.03,0.511627906976744,0.319767441860465,0.510852713178295,7,"top7","eeg_fm_lbeta_power_precond;eeg_tleft_lbeta_power_precond;eeg_faa_precond;eeg_tleft_lalpha_power_precond;eeg_fl_theta_power_precond;eeg_tleft_alpha_power_precond;eeg_fl_beta_power_precond"
2025-12-19 16:05:51.142536,1,"stress_label",7,4,0.03,0.517441860465116,0.401162790697674,0.526356589147287,7,"top7","eeg_fm_lbeta_power_precond;eeg_tleft_lbeta_power_precond;eeg_faa_precond;eeg_tleft_lalpha_power_precond;eeg_fl_theta_power_precond;eeg_tleft_alpha_power_precond;eeg_fl_beta_power_precond"
2025-12-19 16:05:51.719816,1,"stress_label",7,8,0.03,0.523255813953488,0.436046511627907,0.528682170542636,7,"top7","eeg_fm_lbeta_power_precond;eeg_tleft_lbeta_power_precond;eeg_faa_precond;eeg_tleft_lalpha_power_precond;eeg_fl_theta_power_precond;eeg_tleft_alpha_power_precond;eeg_fl_beta_power_precond"
2025-12-19 16:05:51.788372,1,"stress_label",7,16,0.03,0.523255813953488,0.38953488372093,0.493023255813954,7,"top7","eeg_fm_lbeta_power_precond;eeg_tleft_lbeta_power_precond;eeg_faa_precond;eeg_tleft_lalpha_power_precond;eeg_fl_theta_power_precond;eeg_tleft_alpha_power_precond;eeg_fl_beta_power_precond"
2025-12-19 16:05:51.859912,1,"stress_label",7,32,0.03,0.534883720930233,0.494186046511628,NA,7,"top7","eeg_fm_lbeta_power_precond;eeg_tleft_lbeta_power_precond;eeg_faa_precond;eeg_tleft_lalpha_power_precond;eeg_fl_theta_power_precond;eeg_tleft_alpha_power_precond;eeg_fl_beta_power_precond"
2025-12-19 16:05:51.95827,1,"stress_label",7,64,0.03,0.529069767441861,0.47093023255814,NA,7,"top7","eeg_fm_lbeta_power_precond;eeg_tleft_lbeta_power_precond;eeg_faa_precond;eeg_tleft_lalpha_power_precond;eeg_fl_theta_power_precond;eeg_tleft_alpha_power_precond;eeg_fl_beta_power_precond"
2025-12-19 16:05:52.156248,1,"stress_label",7,128,0.03,0.540697674418605,0.534883720930233,NA,7,"top7","eeg_fm_lbeta_power_precond;eeg_tleft_lbeta_power_precond;eeg_faa_precond;eeg_tleft_lalpha_power_precond;eeg_fl_theta_power_precond;eeg_tleft_alpha_power_precond;eeg_fl_beta_power_precond"
2025-12-19 16:05:52.447596,1,"stress_label",7,256,0.03,0.534883720930233,0.459302325581395,NA,7,"top7","eeg_fm_lbeta_power_precond;eeg_tleft_lbeta_power_precond;eeg_faa_precond;eeg_tleft_lalpha_power_precond;eeg_fl_theta_power_precond;eeg_tleft_alpha_power_precond;eeg_fl_beta_power_precond"
2025-12-19 16:05:51.974046,1,"stress_label",7,2,0.06,0.529069767441861,0.424418604651163,0.550387596899225,7,"top7","eeg_fm_lbeta_power_precond;eeg_tleft_lbeta_power_precond;eeg_faa_precond;eeg_tleft_lalpha_power_precond;eeg_fl_theta_power_precond;eeg_tleft_alpha_power_precond;eeg_fl_beta_power_precond"
2025-12-19 16:05:52.007412,1,"stress_label",7,4,0.06,0.552325581395349,0.424418604651163,0.552713178294574,7,"top7","eeg_fm_lbeta_power_precond;eeg_tleft_lbeta_power_precond;eeg_faa_precond;eeg_tleft_lalpha_power_precond;eeg_fl_theta_power_precond;eeg_tleft_alpha_power_precond;eeg_fl_beta_power_precond"
2025-12-19 16:05:52.197614,1,"stress_label",7,8,0.06,0.523255813953488,0.482558139534884,NA,7,"top7","eeg_fm_lbeta_power_precond;eeg_tleft_lbeta_power_precond;eeg_faa_precond;eeg_tleft_lalpha_power_precond;eeg_fl_theta_power_precond;eeg_tleft_alpha_power_precond;eeg_fl_beta_power_precond"
2025-12-19 16:05:52.194869,1,"stress_label",7,16,0.06,0.517441860465116,0.5,NA,7,"top7","eeg_fm_lbeta_power_precond;eeg_tleft_lbeta_power_precond;eeg_faa_precond;eeg_tleft_lalpha_power_precond;eeg_fl_theta_power_precond;eeg_tleft_alpha_power_precond;eeg_fl_beta_power_precond"
2025-12-19 16:05:52.398023,1,"stress_label",7,32,0.06,0.517441860465116,0.5,NA,7,"top7","eeg_fm_lbeta_power_precond;eeg_tleft_lbeta_power_precond;eeg_faa_precond;eeg_tleft_lalpha_power_precond;eeg_fl_theta_power_precond;eeg_tleft_alpha_power_precond;eeg_fl_beta_power_precond"
2025-12-19 16:05:52.567481,1,"stress_label",7,64,0.06,0.540697674418605,0.5,NA,7,"top7","eeg_fm_lbeta_power_precond;eeg_tleft_lbeta_power_precond;eeg_faa_precond;eeg_tleft_lalpha_power_precond;eeg_fl_theta_power_precond;eeg_tleft_alpha_power_precond;eeg_fl_beta_power_precond"
2025-12-19 16:05:52.873356,1,"stress_label",7,128,0.06,0.529069767441861,0.488372093023256,NA,7,"top7","eeg_fm_lbeta_power_precond;eeg_tleft_lbeta_power_precond;eeg_faa_precond;eeg_tleft_lalpha_power_precond;eeg_fl_theta_power_precond;eeg_tleft_alpha_power_precond;eeg_fl_beta_power_precond"
2025-12-19 16:05:53.232749,1,"stress_label",7,256,0.06,0.534883720930233,0.488372093023256,NA,7,"top7","eeg_fm_lbeta_power_precond;eeg_tleft_lbeta_power_precond;eeg_faa_precond;eeg_tleft_lalpha_power_precond;eeg_fl_theta_power_precond;eeg_tleft_alpha_power_precond;eeg_fl_beta_power_precond"
2025-12-19 16:05:52.763681,1,"stress_label",7,2,0.1,0.552325581395349,0.47093023255814,0.566666666666667,7,"top7","eeg_fm_lbeta_power_precond;eeg_tleft_lbeta_power_precond;eeg_faa_precond;eeg_tleft_lalpha_power_precond;eeg_fl_theta_power_precond;eeg_tleft_alpha_power_precond;eeg_fl_beta_power_precond"
2025-12-19 16:05:52.839352,1,"stress_label",7,4,0.1,0.558139534883721,0.529069767441861,0.573643410852713,7,"top7","eeg_fm_lbeta_power_precond;eeg_tleft_lbeta_power_precond;eeg_faa_precond;eeg_tleft_lalpha_power_precond;eeg_fl_theta_power_precond;eeg_tleft_alpha_power_precond;eeg_fl_beta_power_precond"
2025-12-19 16:05:52.883286,1,"stress_label",7,8,0.1,0.546511627906977,0.569767441860465,NA,7,"top7","eeg_fm_lbeta_power_precond;eeg_tleft_lbeta_power_precond;eeg_faa_precond;eeg_tleft_lalpha_power_precond;eeg_fl_theta_power_precond;eeg_tleft_alpha_power_precond;eeg_fl_beta_power_precond"
2025-12-19 16:05:53.039012,1,"stress_label",7,16,0.1,0.546511627906977,0.511627906976744,NA,7,"top7","eeg_fm_lbeta_power_precond;eeg_tleft_lbeta_power_precond;eeg_faa_precond;eeg_tleft_lalpha_power_precond;eeg_fl_theta_power_precond;eeg_tleft_alpha_power_precond;eeg_fl_beta_power_precond"
2025-12-19 16:05:53.082327,1,"stress_label",7,32,0.1,0.523255813953488,0.494186046511628,NA,7,"top7","eeg_fm_lbeta_power_precond;eeg_tleft_lbeta_power_precond;eeg_faa_precond;eeg_tleft_lalpha_power_precond;eeg_fl_theta_power_precond;eeg_tleft_alpha_power_precond;eeg_fl_beta_power_precond"
2025-12-19 16:05:53.149578,1,"stress_label",7,64,0.1,0.523255813953488,0.482558139534884,NA,7,"top7","eeg_fm_lbeta_power_precond;eeg_tleft_lbeta_power_precond;eeg_faa_precond;eeg_tleft_lalpha_power_precond;eeg_fl_theta_power_precond;eeg_tleft_alpha_power_precond;eeg_fl_beta_power_precond"
2025-12-19 16:05:53.40828,1,"stress_label",7,128,0.1,0.494186046511628,0.488372093023256,NA,7,"top7","eeg_fm_lbeta_power_precond;eeg_tleft_lbeta_power_precond;eeg_faa_precond;eeg_tleft_lalpha_power_precond;eeg_fl_theta_power_precond;eeg_tleft_alpha_power_precond;eeg_fl_beta_power_precond"
2025-12-19 16:05:53.574477,1,"stress_label",7,256,0.1,0.529069767441861,0.523255813953488,NA,7,"top7","eeg_fm_lbeta_power_precond;eeg_tleft_lbeta_power_precond;eeg_faa_precond;eeg_tleft_lalpha_power_precond;eeg_fl_theta_power_precond;eeg_tleft_alpha_power_precond;eeg_fl_beta_power_precond"
2025-12-19 16:05:54.952062,3,"stress_label",7,2,0.0078125,0.441860465116279,0.581395348837209,0.353488372093023,7,"top7","eeg_fm_specent_precond;eeg_tleft_lbeta_power_precond;eeg_faa_precond;eeg_fm_hbeta_power_precond;eeg_tleft_lalpha_power_precond;eeg_fl_theta_power_precond;eeg_tright_alpha_power_precond"
2025-12-19 16:05:54.945053,3,"stress_label",7,4,0.0078125,0.436046511627907,0.546511627906977,0.354263565891473,7,"top7","eeg_fm_specent_precond;eeg_tleft_lbeta_power_precond;eeg_faa_precond;eeg_fm_hbeta_power_precond;eeg_tleft_lalpha_power_precond;eeg_fl_theta_power_precond;eeg_tright_alpha_power_precond"
2025-12-19 16:05:54.988022,3,"stress_label",7,8,0.0078125,0.418604651162791,0.581395348837209,NA,7,"top7","eeg_fm_specent_precond;eeg_tleft_lbeta_power_precond;eeg_faa_precond;eeg_fm_hbeta_power_precond;eeg_tleft_lalpha_power_precond;eeg_fl_theta_power_precond;eeg_tright_alpha_power_precond"
2025-12-19 16:05:54.997018,3,"stress_label",7,16,0.0078125,0.424418604651163,0.604651162790698,NA,7,"top7","eeg_fm_specent_precond;eeg_tleft_lbeta_power_precond;eeg_faa_precond;eeg_fm_hbeta_power_precond;eeg_tleft_lalpha_power_precond;eeg_fl_theta_power_precond;eeg_tright_alpha_power_precond"
2025-12-19 16:05:55.021932,3,"stress_label",7,32,0.0078125,0.424418604651163,0.593023255813954,0.310077519379845,7,"top7","eeg_fm_specent_precond;eeg_tleft_lbeta_power_precond;eeg_faa_precond;eeg_fm_hbeta_power_precond;eeg_tleft_lalpha_power_precond;eeg_fl_theta_power_precond;eeg_tright_alpha_power_precond"
2025-12-19 16:05:55.000648,3,"stress_label",7,64,0.0078125,0.424418604651163,0.598837209302326,0.333333333333333,7,"top7","eeg_fm_specent_precond;eeg_tleft_lbeta_power_precond;eeg_faa_precond;eeg_fm_hbeta_power_precond;eeg_tleft_lalpha_power_precond;eeg_fl_theta_power_precond;eeg_tright_alpha_power_precond"
2025-12-19 16:05:55.071395,3,"stress_label",7,128,0.0078125,0.395348837209302,0.587209302325581,NA,7,"top7","eeg_fm_specent_precond;eeg_tleft_lbeta_power_precond;eeg_faa_precond;eeg_fm_hbeta_power_precond;eeg_tleft_lalpha_power_precond;eeg_fl_theta_power_precond;eeg_tright_alpha_power_precond"
2025-12-19 16:05:55.140685,3,"stress_label",7,256,0.0078125,0.453488372093023,0.558139534883721,NA,7,"top7","eeg_fm_specent_precond;eeg_tleft_lbeta_power_precond;eeg_faa_precond;eeg_fm_hbeta_power_precond;eeg_tleft_lalpha_power_precond;eeg_fl_theta_power_precond;eeg_tright_alpha_power_precond"
2025-12-19 16:05:54.940992,3,"stress_label",7,2,0.015625,0.436046511627907,0.581395348837209,0.341085271317829,7,"top7","eeg_fm_specent_precond;eeg_tleft_lbeta_power_precond;eeg_faa_precond;eeg_fm_hbeta_power_precond;eeg_tleft_lalpha_power_precond;eeg_fl_theta_power_precond;eeg_tright_alpha_power_precond"
2025-12-19 16:05:54.993692,3,"stress_label",7,4,0.015625,0.412790697674419,0.593023255813954,0.306201550387597,7,"top7","eeg_fm_specent_precond;eeg_tleft_lbeta_power_precond;eeg_faa_precond;eeg_fm_hbeta_power_precond;eeg_tleft_lalpha_power_precond;eeg_fl_theta_power_precond;eeg_tright_alpha_power_precond"
2025-12-19 16:05:54.952777,3,"stress_label",7,8,0.015625,0.412790697674419,0.581395348837209,0.290697674418605,7,"top7","eeg_fm_specent_precond;eeg_tleft_lbeta_power_precond;eeg_faa_precond;eeg_fm_hbeta_power_precond;eeg_tleft_lalpha_power_precond;eeg_fl_theta_power_precond;eeg_tright_alpha_power_precond"
2025-12-19 16:05:54.990937,3,"stress_label",7,16,0.015625,0.436046511627907,0.598837209302326,0.348837209302326,7,"top7","eeg_fm_specent_precond;eeg_tleft_lbeta_power_precond;eeg_faa_precond;eeg_fm_hbeta_power_precond;eeg_tleft_lalpha_power_precond;eeg_fl_theta_power_precond;eeg_tright_alpha_power_precond"
2025-12-19 16:05:55.025062,3,"stress_label",7,32,0.015625,0.395348837209302,0.587209302325581,NA,7,"top7","eeg_fm_specent_precond;eeg_tleft_lbeta_power_precond;eeg_faa_precond;eeg_fm_hbeta_power_precond;eeg_tleft_lalpha_power_precond;eeg_fl_theta_power_precond;eeg_tright_alpha_power_precond"
2025-12-19 16:05:55.076003,3,"stress_label",7,64,0.015625,0.447674418604651,0.540697674418605,NA,7,"top7","eeg_fm_specent_precond;eeg_tleft_lbeta_power_precond;eeg_faa_precond;eeg_fm_hbeta_power_precond;eeg_tleft_lalpha_power_precond;eeg_fl_theta_power_precond;eeg_tright_alpha_power_precond"
2025-12-19 16:05:56.19907,3,"stress_label",7,128,0.015625,0.465116279069767,0.534883720930233,NA,7,"top7","eeg_fm_specent_precond;eeg_tleft_lbeta_power_precond;eeg_faa_precond;eeg_fm_hbeta_power_precond;eeg_tleft_lalpha_power_precond;eeg_fl_theta_power_precond;eeg_tright_alpha_power_precond"
2025-12-19 16:05:56.444556,3,"stress_label",7,256,0.015625,0.441860465116279,0.5,NA,7,"top7","eeg_fm_specent_precond;eeg_tleft_lbeta_power_precond;eeg_faa_precond;eeg_fm_hbeta_power_precond;eeg_tleft_lalpha_power_precond;eeg_fl_theta_power_precond;eeg_tright_alpha_power_precond"
2025-12-19 16:05:56.071592,3,"stress_label",7,2,0.03125,0.430232558139535,0.616279069767442,0.302325581395349,7,"top7","eeg_fm_specent_precond;eeg_tleft_lbeta_power_precond;eeg_faa_precond;eeg_fm_hbeta_power_precond;eeg_tleft_lalpha_power_precond;eeg_fl_theta_power_precond;eeg_tright_alpha_power_precond"
2025-12-19 16:05:56.040039,3,"stress_label",7,4,0.03125,0.453488372093023,0.604651162790698,0.341085271317829,7,"top7","eeg_fm_specent_precond;eeg_tleft_lbeta_power_precond;eeg_faa_precond;eeg_fm_hbeta_power_precond;eeg_tleft_lalpha_power_precond;eeg_fl_theta_power_precond;eeg_tright_alpha_power_precond"
2025-12-19 16:05:56.089142,3,"stress_label",7,8,0.03125,0.430232558139535,0.587209302325581,NA,7,"top7","eeg_fm_specent_precond;eeg_tleft_lbeta_power_precond;eeg_faa_precond;eeg_fm_hbeta_power_precond;eeg_tleft_lalpha_power_precond;eeg_fl_theta_power_precond;eeg_tright_alpha_power_precond"
2025-12-19 16:05:56.126288,3,"stress_label",7,16,0.03125,0.436046511627907,0.569767441860465,NA,7,"top7","eeg_fm_specent_precond;eeg_tleft_lbeta_power_precond;eeg_faa_precond;eeg_fm_hbeta_power_precond;eeg_tleft_lalpha_power_precond;eeg_fl_theta_power_precond;eeg_tright_alpha_power_precond"
2025-12-19 16:05:56.198951,3,"stress_label",7,32,0.03125,0.482558139534884,0.459302325581395,NA,7,"top7","eeg_fm_specent_precond;eeg_tleft_lbeta_power_precond;eeg_faa_precond;eeg_fm_hbeta_power_precond;eeg_tleft_lalpha_power_precond;eeg_fl_theta_power_precond;eeg_tright_alpha_power_precond"
2025-12-19 16:05:56.288936,3,"stress_label",7,64,0.03125,0.476744186046512,0.494186046511628,NA,7,"top7","eeg_fm_specent_precond;eeg_tleft_lbeta_power_precond;eeg_faa_precond;eeg_fm_hbeta_power_precond;eeg_tleft_lalpha_power_precond;eeg_fl_theta_power_precond;eeg_tright_alpha_power_precond"
2025-12-19 16:05:56.475983,3,"stress_label",7,128,0.03125,0.453488372093023,0.424418604651163,NA,7,"top7","eeg_fm_specent_precond;eeg_tleft_lbeta_power_precond;eeg_faa_precond;eeg_fm_hbeta_power_precond;eeg_tleft_lalpha_power_precond;eeg_fl_theta_power_precond;eeg_tright_alpha_power_precond"
2025-12-19 16:05:56.724396,3,"stress_label",7,256,0.03125,0.447674418604651,0.383720930232558,NA,7,"top7","eeg_fm_specent_precond;eeg_tleft_lbeta_power_precond;eeg_faa_precond;eeg_fm_hbeta_power_precond;eeg_tleft_lalpha_power_precond;eeg_fl_theta_power_precond;eeg_tright_alpha_power_precond"
2025-12-19 16:05:56.170809,3,"stress_label",7,2,0.0625,0.436046511627907,0.598837209302326,0.352713178294574,7,"top7","eeg_fm_specent_precond;eeg_tleft_lbeta_power_precond;eeg_faa_precond;eeg_fm_hbeta_power_precond;eeg_tleft_lalpha_power_precond;eeg_fl_theta_power_precond;eeg_tright_alpha_power_precond"
2025-12-19 16:05:56.218215,3,"stress_label",7,4,0.0625,0.447674418604651,0.587209302325581,NA,7,"top7","eeg_fm_specent_precond;eeg_tleft_lbeta_power_precond;eeg_faa_precond;eeg_fm_hbeta_power_precond;eeg_tleft_lalpha_power_precond;eeg_fl_theta_power_precond;eeg_tright_alpha_power_precond"
2025-12-19 16:05:56.277006,3,"stress_label",7,8,0.0625,0.494186046511628,0.540697674418605,NA,7,"top7","eeg_fm_specent_precond;eeg_tleft_lbeta_power_precond;eeg_faa_precond;eeg_fm_hbeta_power_precond;eeg_tleft_lalpha_power_precond;eeg_fl_theta_power_precond;eeg_tright_alpha_power_precond"
2025-12-19 16:05:56.362463,3,"stress_label",7,16,0.0625,0.517441860465116,0.424418604651163,NA,7,"top7","eeg_fm_specent_precond;eeg_tleft_lbeta_power_precond;eeg_faa_precond;eeg_fm_hbeta_power_precond;eeg_tleft_lalpha_power_precond;eeg_fl_theta_power_precond;eeg_tright_alpha_power_precond"
2025-12-19 16:05:57.365575,3,"stress_label",7,32,0.0625,0.430232558139535,0.465116279069767,NA,7,"top7","eeg_fm_specent_precond;eeg_tleft_lbeta_power_precond;eeg_faa_precond;eeg_fm_hbeta_power_precond;eeg_tleft_lalpha_power_precond;eeg_fl_theta_power_precond;eeg_tright_alpha_power_precond"
2025-12-19 16:05:57.485755,3,"stress_label",7,64,0.0625,0.465116279069767,0.412790697674419,NA,7,"top7","eeg_fm_specent_precond;eeg_tleft_lbeta_power_precond;eeg_faa_precond;eeg_fm_hbeta_power_precond;eeg_tleft_lalpha_power_precond;eeg_fl_theta_power_precond;eeg_tright_alpha_power_precond"
2025-12-19 16:05:57.721627,3,"stress_label",7,128,0.0625,0.482558139534884,0.383720930232558,NA,7,"top7","eeg_fm_specent_precond;eeg_tleft_lbeta_power_precond;eeg_faa_precond;eeg_fm_hbeta_power_precond;eeg_tleft_lalpha_power_precond;eeg_fl_theta_power_precond;eeg_tright_alpha_power_precond"
2025-12-19 16:05:58.180077,3,"stress_label",7,256,0.0625,0.529069767441861,0.459302325581395,NA,7,"top7","eeg_fm_specent_precond;eeg_tleft_lbeta_power_precond;eeg_faa_precond;eeg_fm_hbeta_power_precond;eeg_tleft_lalpha_power_precond;eeg_fl_theta_power_precond;eeg_tright_alpha_power_precond"
2025-12-19 16:05:57.362931,3,"stress_label",7,2,0.125,0.488372093023256,0.418604651162791,NA,7,"top7","eeg_fm_specent_precond;eeg_tleft_lbeta_power_precond;eeg_faa_precond;eeg_fm_hbeta_power_precond;eeg_tleft_lalpha_power_precond;eeg_fl_theta_power_precond;eeg_tright_alpha_power_precond"
2025-12-19 16:05:57.365231,3,"stress_label",7,4,0.125,0.488372093023256,0.459302325581395,NA,7,"top7","eeg_fm_specent_precond;eeg_tleft_lbeta_power_precond;eeg_faa_precond;eeg_fm_hbeta_power_precond;eeg_tleft_lalpha_power_precond;eeg_fl_theta_power_precond;eeg_tright_alpha_power_precond"
2025-12-19 16:05:57.43308,3,"stress_label",7,8,0.125,0.418604651162791,0.488372093023256,NA,7,"top7","eeg_fm_specent_precond;eeg_tleft_lbeta_power_precond;eeg_faa_precond;eeg_fm_hbeta_power_precond;eeg_tleft_lalpha_power_precond;eeg_fl_theta_power_precond;eeg_tright_alpha_power_precond"
2025-12-19 16:05:57.478376,3,"stress_label",7,16,0.125,0.47093023255814,0.430232558139535,NA,7,"top7","eeg_fm_specent_precond;eeg_tleft_lbeta_power_precond;eeg_faa_precond;eeg_fm_hbeta_power_precond;eeg_tleft_lalpha_power_precond;eeg_fl_theta_power_precond;eeg_tright_alpha_power_precond"
2025-12-19 16:05:57.648617,3,"stress_label",7,32,0.125,0.529069767441861,0.412790697674419,NA,7,"top7","eeg_fm_specent_precond;eeg_tleft_lbeta_power_precond;eeg_faa_precond;eeg_fm_hbeta_power_precond;eeg_tleft_lalpha_power_precond;eeg_fl_theta_power_precond;eeg_tright_alpha_power_precond"
2025-12-19 16:05:57.839119,3,"stress_label",7,64,0.125,0.5,0.47093023255814,NA,7,"top7","eeg_fm_specent_precond;eeg_tleft_lbeta_power_precond;eeg_faa_precond;eeg_fm_hbeta_power_precond;eeg_tleft_lalpha_power_precond;eeg_fl_theta_power_precond;eeg_tright_alpha_power_precond"
2025-12-19 16:05:58.063534,3,"stress_label",7,128,0.125,0.494186046511628,0.348837209302326,NA,7,"top7","eeg_fm_specent_precond;eeg_tleft_lbeta_power_precond;eeg_faa_precond;eeg_fm_hbeta_power_precond;eeg_tleft_lalpha_power_precond;eeg_fl_theta_power_precond;eeg_tright_alpha_power_precond"
2025-12-19 16:05:58.263216,3,"stress_label",7,256,0.125,0.476744186046512,0.447674418604651,NA,7,"top7","eeg_fm_specent_precond;eeg_tleft_lbeta_power_precond;eeg_faa_precond;eeg_fm_hbeta_power_precond;eeg_tleft_lalpha_power_precond;eeg_fl_theta_power_precond;eeg_tright_alpha_power_precond"
2025-12-19 16:05:57.611349,3,"stress_label",7,2,0.03,0.436046511627907,0.616279069767442,0.306201550387597,7,"top7","eeg_fm_specent_precond;eeg_tleft_lbeta_power_precond;eeg_faa_precond;eeg_fm_hbeta_power_precond;eeg_tleft_lalpha_power_precond;eeg_fl_theta_power_precond;eeg_tright_alpha_power_precond"
2025-12-19 16:05:57.856695,3,"stress_label",7,4,0.03,0.453488372093023,0.622093023255814,0.341085271317829,7,"top7","eeg_fm_specent_precond;eeg_tleft_lbeta_power_precond;eeg_faa_precond;eeg_fm_hbeta_power_precond;eeg_tleft_lalpha_power_precond;eeg_fl_theta_power_precond;eeg_tright_alpha_power_precond"
2025-12-19 16:05:58.486981,3,"stress_label",7,8,0.03,0.436046511627907,0.569767441860465,NA,7,"top7","eeg_fm_specent_precond;eeg_tleft_lbeta_power_precond;eeg_faa_precond;eeg_fm_hbeta_power_precond;eeg_tleft_lalpha_power_precond;eeg_fl_theta_power_precond;eeg_tright_alpha_power_precond"
2025-12-19 16:05:58.524253,3,"stress_label",7,16,0.03,0.424418604651163,0.563953488372093,NA,7,"top7","eeg_fm_specent_precond;eeg_tleft_lbeta_power_precond;eeg_faa_precond;eeg_fm_hbeta_power_precond;eeg_tleft_lalpha_power_precond;eeg_fl_theta_power_precond;eeg_tright_alpha_power_precond"
2025-12-19 16:05:58.547951,3,"stress_label",7,32,0.03,0.488372093023256,0.441860465116279,NA,7,"top7","eeg_fm_specent_precond;eeg_tleft_lbeta_power_precond;eeg_faa_precond;eeg_fm_hbeta_power_precond;eeg_tleft_lalpha_power_precond;eeg_fl_theta_power_precond;eeg_tright_alpha_power_precond"
2025-12-19 16:05:58.711222,3,"stress_label",7,64,0.03,0.488372093023256,0.529069767441861,NA,7,"top7","eeg_fm_specent_precond;eeg_tleft_lbeta_power_precond;eeg_faa_precond;eeg_fm_hbeta_power_precond;eeg_tleft_lalpha_power_precond;eeg_fl_theta_power_precond;eeg_tright_alpha_power_precond"
2025-12-19 16:05:58.895639,3,"stress_label",7,128,0.03,0.441860465116279,0.436046511627907,NA,7,"top7","eeg_fm_specent_precond;eeg_tleft_lbeta_power_precond;eeg_faa_precond;eeg_fm_hbeta_power_precond;eeg_tleft_lalpha_power_precond;eeg_fl_theta_power_precond;eeg_tright_alpha_power_precond"
2025-12-19 16:05:59.136013,3,"stress_label",7,256,0.03,0.441860465116279,0.476744186046512,NA,7,"top7","eeg_fm_specent_precond;eeg_tleft_lbeta_power_precond;eeg_faa_precond;eeg_fm_hbeta_power_precond;eeg_tleft_lalpha_power_precond;eeg_fl_theta_power_precond;eeg_tright_alpha_power_precond"
2025-12-19 16:05:58.711465,3,"stress_label",7,2,0.06,0.436046511627907,0.552325581395349,0.352713178294574,7,"top7","eeg_fm_specent_precond;eeg_tleft_lbeta_power_precond;eeg_faa_precond;eeg_fm_hbeta_power_precond;eeg_tleft_lalpha_power_precond;eeg_fl_theta_power_precond;eeg_tright_alpha_power_precond"
2025-12-19 16:05:58.787887,3,"stress_label",7,4,0.06,0.441860465116279,0.552325581395349,NA,7,"top7","eeg_fm_specent_precond;eeg_tleft_lbeta_power_precond;eeg_faa_precond;eeg_fm_hbeta_power_precond;eeg_tleft_lalpha_power_precond;eeg_fl_theta_power_precond;eeg_tright_alpha_power_precond"
2025-12-19 16:05:58.852557,3,"stress_label",7,8,0.06,0.494186046511628,0.488372093023256,NA,7,"top7","eeg_fm_specent_precond;eeg_tleft_lbeta_power_precond;eeg_faa_precond;eeg_fm_hbeta_power_precond;eeg_tleft_lalpha_power_precond;eeg_fl_theta_power_precond;eeg_tright_alpha_power_precond"
2025-12-19 16:05:59.076565,3,"stress_label",7,16,0.06,0.523255813953488,0.441860465116279,NA,7,"top7","eeg_fm_specent_precond;eeg_tleft_lbeta_power_precond;eeg_faa_precond;eeg_fm_hbeta_power_precond;eeg_tleft_lalpha_power_precond;eeg_fl_theta_power_precond;eeg_tright_alpha_power_precond"
2025-12-19 16:05:59.080761,3,"stress_label",7,32,0.06,0.430232558139535,0.36046511627907,NA,7,"top7","eeg_fm_specent_precond;eeg_tleft_lbeta_power_precond;eeg_faa_precond;eeg_fm_hbeta_power_precond;eeg_tleft_lalpha_power_precond;eeg_fl_theta_power_precond;eeg_tright_alpha_power_precond"
2025-12-19 16:05:59.461216,3,"stress_label",7,64,0.06,0.459302325581395,0.453488372093023,NA,7,"top7","eeg_fm_specent_precond;eeg_tleft_lbeta_power_precond;eeg_faa_precond;eeg_fm_hbeta_power_precond;eeg_tleft_lalpha_power_precond;eeg_fl_theta_power_precond;eeg_tright_alpha_power_precond"
2025-12-19 16:05:59.67655,3,"stress_label",7,128,0.06,0.482558139534884,0.447674418604651,NA,7,"top7","eeg_fm_specent_precond;eeg_tleft_lbeta_power_precond;eeg_faa_precond;eeg_fm_hbeta_power_precond;eeg_tleft_lalpha_power_precond;eeg_fl_theta_power_precond;eeg_tright_alpha_power_precond"
2025-12-19 16:06:00.014392,3,"stress_label",7,256,0.06,0.523255813953488,0.38953488372093,NA,7,"top7","eeg_fm_specent_precond;eeg_tleft_lbeta_power_precond;eeg_faa_precond;eeg_fm_hbeta_power_precond;eeg_tleft_lalpha_power_precond;eeg_fl_theta_power_precond;eeg_tright_alpha_power_precond"
2025-12-19 16:05:59.744124,3,"stress_label",7,2,0.1,0.459302325581395,0.488372093023256,NA,7,"top7","eeg_fm_specent_precond;eeg_tleft_lbeta_power_precond;eeg_faa_precond;eeg_fm_hbeta_power_precond;eeg_tleft_lalpha_power_precond;eeg_fl_theta_power_precond;eeg_tright_alpha_power_precond"
2025-12-19 16:05:59.627295,3,"stress_label",7,4,0.1,0.482558139534884,0.505813953488372,NA,7,"top7","eeg_fm_specent_precond;eeg_tleft_lbeta_power_precond;eeg_faa_precond;eeg_fm_hbeta_power_precond;eeg_tleft_lalpha_power_precond;eeg_fl_theta_power_precond;eeg_tright_alpha_power_precond"
2025-12-19 16:05:59.809144,3,"stress_label",7,8,0.1,0.465116279069767,0.459302325581395,NA,7,"top7","eeg_fm_specent_precond;eeg_tleft_lbeta_power_precond;eeg_faa_precond;eeg_fm_hbeta_power_precond;eeg_tleft_lalpha_power_precond;eeg_fl_theta_power_precond;eeg_tright_alpha_power_precond"
2025-12-19 16:05:59.983044,3,"stress_label",7,16,0.1,0.447674418604651,0.401162790697674,NA,7,"top7","eeg_fm_specent_precond;eeg_tleft_lbeta_power_precond;eeg_faa_precond;eeg_fm_hbeta_power_precond;eeg_tleft_lalpha_power_precond;eeg_fl_theta_power_precond;eeg_tright_alpha_power_precond"
2025-12-19 16:06:00.044611,3,"stress_label",7,32,0.1,0.465116279069767,0.38953488372093,NA,7,"top7","eeg_fm_specent_precond;eeg_tleft_lbeta_power_precond;eeg_faa_precond;eeg_fm_hbeta_power_precond;eeg_tleft_lalpha_power_precond;eeg_fl_theta_power_precond;eeg_tright_alpha_power_precond"
2025-12-19 16:06:00.17839,3,"stress_label",7,64,0.1,0.534883720930233,0.465116279069767,NA,7,"top7","eeg_fm_specent_precond;eeg_tleft_lbeta_power_precond;eeg_faa_precond;eeg_fm_hbeta_power_precond;eeg_tleft_lalpha_power_precond;eeg_fl_theta_power_precond;eeg_tright_alpha_power_precond"
2025-12-19 16:06:00.244298,3,"stress_label",7,128,0.1,0.505813953488372,0.465116279069767,NA,7,"top7","eeg_fm_specent_precond;eeg_tleft_lbeta_power_precond;eeg_faa_precond;eeg_fm_hbeta_power_precond;eeg_tleft_lalpha_power_precond;eeg_fl_theta_power_precond;eeg_tright_alpha_power_precond"
2025-12-19 16:06:00.537484,3,"stress_label",7,256,0.1,0.488372093023256,0.406976744186047,NA,7,"top7","eeg_fm_specent_precond;eeg_tleft_lbeta_power_precond;eeg_faa_precond;eeg_fm_hbeta_power_precond;eeg_tleft_lalpha_power_precond;eeg_fl_theta_power_precond;eeg_tright_alpha_power_precond"
2025-12-19 16:06:02.126818,4,"stress_label",7,2,0.0078125,0.505813953488372,0.441860465116279,0.492248062015504,7,"top7","eeg_fm_lbeta_power_precond;eeg_fm_specent_precond;eeg_tleft_lbeta_power_precond;eeg_faa_precond;eeg_tleft_lalpha_power_precond;eeg_fl_theta_power_precond;eeg_tleft_alpha_power_precond"
2025-12-19 16:06:02.331183,4,"stress_label",7,4,0.0078125,0.465116279069767,0.313953488372093,NA,7,"top7","eeg_fm_lbeta_power_precond;eeg_fm_specent_precond;eeg_tleft_lbeta_power_precond;eeg_faa_precond;eeg_tleft_lalpha_power_precond;eeg_fl_theta_power_precond;eeg_tleft_alpha_power_precond"
2025-12-19 16:06:02.301362,4,"stress_label",7,8,0.0078125,0.465116279069767,0.36046511627907,0.42093023255814,7,"top7","eeg_fm_lbeta_power_precond;eeg_fm_specent_precond;eeg_tleft_lbeta_power_precond;eeg_faa_precond;eeg_tleft_lalpha_power_precond;eeg_fl_theta_power_precond;eeg_tleft_alpha_power_precond"
2025-12-19 16:06:02.095412,4,"stress_label",7,16,0.0078125,0.447674418604651,0.354651162790698,0.395348837209302,7,"top7","eeg_fm_lbeta_power_precond;eeg_fm_specent_precond;eeg_tleft_lbeta_power_precond;eeg_faa_precond;eeg_tleft_lalpha_power_precond;eeg_fl_theta_power_precond;eeg_tleft_alpha_power_precond"
2025-12-19 16:06:02.307832,4,"stress_label",7,32,0.0078125,0.505813953488372,0.36046511627907,0.474418604651163,7,"top7","eeg_fm_lbeta_power_precond;eeg_fm_specent_precond;eeg_tleft_lbeta_power_precond;eeg_faa_precond;eeg_tleft_lalpha_power_precond;eeg_fl_theta_power_precond;eeg_tleft_alpha_power_precond"
2025-12-19 16:06:02.094449,4,"stress_label",7,64,0.0078125,0.5,0.343023255813953,NA,7,"top7","eeg_fm_lbeta_power_precond;eeg_fm_specent_precond;eeg_tleft_lbeta_power_precond;eeg_faa_precond;eeg_tleft_lalpha_power_precond;eeg_fl_theta_power_precond;eeg_tleft_alpha_power_precond"
2025-12-19 16:06:02.164676,4,"stress_label",7,128,0.0078125,0.494186046511628,0.406976744186047,NA,7,"top7","eeg_fm_lbeta_power_precond;eeg_fm_specent_precond;eeg_tleft_lbeta_power_precond;eeg_faa_precond;eeg_tleft_lalpha_power_precond;eeg_fl_theta_power_precond;eeg_tleft_alpha_power_precond"
2025-12-19 16:06:02.312574,4,"stress_label",7,256,0.0078125,0.5,0.377906976744186,NA,7,"top7","eeg_fm_lbeta_power_precond;eeg_fm_specent_precond;eeg_tleft_lbeta_power_precond;eeg_faa_precond;eeg_tleft_lalpha_power_precond;eeg_fl_theta_power_precond;eeg_tleft_alpha_power_precond"
2025-12-19 16:06:02.019301,4,"stress_label",7,2,0.015625,0.47093023255814,0.424418604651163,NA,7,"top7","eeg_fm_lbeta_power_precond;eeg_fm_specent_precond;eeg_tleft_lbeta_power_precond;eeg_faa_precond;eeg_tleft_lalpha_power_precond;eeg_fl_theta_power_precond;eeg_tleft_alpha_power_precond"
2025-12-19 16:06:02.295118,4,"stress_label",7,4,0.015625,0.453488372093023,0.430232558139535,NA,7,"top7","eeg_fm_lbeta_power_precond;eeg_fm_specent_precond;eeg_tleft_lbeta_power_precond;eeg_faa_precond;eeg_tleft_lalpha_power_precond;eeg_fl_theta_power_precond;eeg_tleft_alpha_power_precond"
2025-12-19 16:06:02.045371,4,"stress_label",7,8,0.015625,0.453488372093023,0.395348837209302,NA,7,"top7","eeg_fm_lbeta_power_precond;eeg_fm_specent_precond;eeg_tleft_lbeta_power_precond;eeg_faa_precond;eeg_tleft_lalpha_power_precond;eeg_fl_theta_power_precond;eeg_tleft_alpha_power_precond"
2025-12-19 16:06:02.165259,4,"stress_label",7,16,0.015625,0.505813953488372,0.273255813953488,NA,7,"top7","eeg_fm_lbeta_power_precond;eeg_fm_specent_precond;eeg_tleft_lbeta_power_precond;eeg_faa_precond;eeg_tleft_lalpha_power_precond;eeg_fl_theta_power_precond;eeg_tleft_alpha_power_precond"
2025-12-19 16:06:02.081588,4,"stress_label",7,32,0.015625,0.494186046511628,0.337209302325581,NA,7,"top7","eeg_fm_lbeta_power_precond;eeg_fm_specent_precond;eeg_tleft_lbeta_power_precond;eeg_faa_precond;eeg_tleft_lalpha_power_precond;eeg_fl_theta_power_precond;eeg_tleft_alpha_power_precond"
2025-12-19 16:06:02.120357,4,"stress_label",7,64,0.015625,0.511627906976744,0.366279069767442,NA,7,"top7","eeg_fm_lbeta_power_precond;eeg_fm_specent_precond;eeg_tleft_lbeta_power_precond;eeg_faa_precond;eeg_tleft_lalpha_power_precond;eeg_fl_theta_power_precond;eeg_tleft_alpha_power_precond"
2025-12-19 16:06:03.289628,4,"stress_label",7,128,0.015625,0.517441860465116,0.395348837209302,NA,7,"top7","eeg_fm_lbeta_power_precond;eeg_fm_specent_precond;eeg_tleft_lbeta_power_precond;eeg_faa_precond;eeg_tleft_lalpha_power_precond;eeg_fl_theta_power_precond;eeg_tleft_alpha_power_precond"
2025-12-19 16:06:03.492326,4,"stress_label",7,256,0.015625,0.523255813953488,0.284883720930233,NA,7,"top7","eeg_fm_lbeta_power_precond;eeg_fm_specent_precond;eeg_tleft_lbeta_power_precond;eeg_faa_precond;eeg_tleft_lalpha_power_precond;eeg_fl_theta_power_precond;eeg_tleft_alpha_power_precond"
2025-12-19 16:06:03.205053,4,"stress_label",7,2,0.03125,0.465116279069767,0.290697674418605,NA,7,"top7","eeg_fm_lbeta_power_precond;eeg_fm_specent_precond;eeg_tleft_lbeta_power_precond;eeg_faa_precond;eeg_tleft_lalpha_power_precond;eeg_fl_theta_power_precond;eeg_tleft_alpha_power_precond"
2025-12-19 16:06:03.269512,4,"stress_label",7,4,0.03125,0.459302325581395,0.401162790697674,NA,7,"top7","eeg_fm_lbeta_power_precond;eeg_fm_specent_precond;eeg_tleft_lbeta_power_precond;eeg_faa_precond;eeg_tleft_lalpha_power_precond;eeg_fl_theta_power_precond;eeg_tleft_alpha_power_precond"
2025-12-19 16:06:03.550714,4,"stress_label",7,8,0.03125,0.494186046511628,0.313953488372093,NA,7,"top7","eeg_fm_lbeta_power_precond;eeg_fm_specent_precond;eeg_tleft_lbeta_power_precond;eeg_faa_precond;eeg_tleft_lalpha_power_precond;eeg_fl_theta_power_precond;eeg_tleft_alpha_power_precond"
2025-12-19 16:06:03.297848,4,"stress_label",7,16,0.03125,0.476744186046512,0.343023255813953,NA,7,"top7","eeg_fm_lbeta_power_precond;eeg_fm_specent_precond;eeg_tleft_lbeta_power_precond;eeg_faa_precond;eeg_tleft_lalpha_power_precond;eeg_fl_theta_power_precond;eeg_tleft_alpha_power_precond"
2025-12-19 16:06:03.630312,4,"stress_label",7,32,0.03125,0.505813953488372,0.412790697674419,NA,7,"top7","eeg_fm_lbeta_power_precond;eeg_fm_specent_precond;eeg_tleft_lbeta_power_precond;eeg_faa_precond;eeg_tleft_lalpha_power_precond;eeg_fl_theta_power_precond;eeg_tleft_alpha_power_precond"
2025-12-19 16:06:03.457713,4,"stress_label",7,64,0.03125,0.505813953488372,0.313953488372093,NA,7,"top7","eeg_fm_lbeta_power_precond;eeg_fm_specent_precond;eeg_tleft_lbeta_power_precond;eeg_faa_precond;eeg_tleft_lalpha_power_precond;eeg_fl_theta_power_precond;eeg_tleft_alpha_power_precond"
2025-12-19 16:06:03.888417,4,"stress_label",7,128,0.03125,0.540697674418605,0.401162790697674,NA,7,"top7","eeg_fm_lbeta_power_precond;eeg_fm_specent_precond;eeg_tleft_lbeta_power_precond;eeg_faa_precond;eeg_tleft_lalpha_power_precond;eeg_fl_theta_power_precond;eeg_tleft_alpha_power_precond"
2025-12-19 16:06:04.049198,4,"stress_label",7,256,0.03125,0.552325581395349,0.558139534883721,NA,7,"top7","eeg_fm_lbeta_power_precond;eeg_fm_specent_precond;eeg_tleft_lbeta_power_precond;eeg_faa_precond;eeg_tleft_lalpha_power_precond;eeg_fl_theta_power_precond;eeg_tleft_alpha_power_precond"
2025-12-19 16:06:03.480184,4,"stress_label",7,2,0.0625,0.511627906976744,0.412790697674419,NA,7,"top7","eeg_fm_lbeta_power_precond;eeg_fm_specent_precond;eeg_tleft_lbeta_power_precond;eeg_faa_precond;eeg_tleft_lalpha_power_precond;eeg_fl_theta_power_precond;eeg_tleft_alpha_power_precond"
2025-12-19 16:06:03.493088,4,"stress_label",7,4,0.0625,0.494186046511628,0.476744186046512,NA,7,"top7","eeg_fm_lbeta_power_precond;eeg_fm_specent_precond;eeg_tleft_lbeta_power_precond;eeg_faa_precond;eeg_tleft_lalpha_power_precond;eeg_fl_theta_power_precond;eeg_tleft_alpha_power_precond"
2025-12-19 16:06:03.742351,4,"stress_label",7,8,0.0625,0.488372093023256,0.395348837209302,NA,7,"top7","eeg_fm_lbeta_power_precond;eeg_fm_specent_precond;eeg_tleft_lbeta_power_precond;eeg_faa_precond;eeg_tleft_lalpha_power_precond;eeg_fl_theta_power_precond;eeg_tleft_alpha_power_precond"
2025-12-19 16:06:03.547208,4,"stress_label",7,16,0.0625,0.5,0.383720930232558,NA,7,"top7","eeg_fm_lbeta_power_precond;eeg_fm_specent_precond;eeg_tleft_lbeta_power_precond;eeg_faa_precond;eeg_tleft_lalpha_power_precond;eeg_fl_theta_power_precond;eeg_tleft_alpha_power_precond"
2025-12-19 16:06:04.424221,4,"stress_label",7,32,0.0625,0.523255813953488,0.430232558139535,NA,7,"top7","eeg_fm_lbeta_power_precond;eeg_fm_specent_precond;eeg_tleft_lbeta_power_precond;eeg_faa_precond;eeg_tleft_lalpha_power_precond;eeg_fl_theta_power_precond;eeg_tleft_alpha_power_precond"
2025-12-19 16:06:04.644698,4,"stress_label",7,64,0.0625,0.5,0.377906976744186,NA,7,"top7","eeg_fm_lbeta_power_precond;eeg_fm_specent_precond;eeg_tleft_lbeta_power_precond;eeg_faa_precond;eeg_tleft_lalpha_power_precond;eeg_fl_theta_power_precond;eeg_tleft_alpha_power_precond"
2025-12-19 16:06:04.941196,4,"stress_label",7,128,0.0625,0.581395348837209,0.558139534883721,NA,7,"top7","eeg_fm_lbeta_power_precond;eeg_fm_specent_precond;eeg_tleft_lbeta_power_precond;eeg_faa_precond;eeg_tleft_lalpha_power_precond;eeg_fl_theta_power_precond;eeg_tleft_alpha_power_precond"
2025-12-19 16:06:05.340851,4,"stress_label",7,256,0.0625,0.552325581395349,0.488372093023256,NA,7,"top7","eeg_fm_lbeta_power_precond;eeg_fm_specent_precond;eeg_tleft_lbeta_power_precond;eeg_faa_precond;eeg_tleft_lalpha_power_precond;eeg_fl_theta_power_precond;eeg_tleft_alpha_power_precond"
2025-12-19 16:06:04.577116,4,"stress_label",7,2,0.125,0.482558139534884,0.354651162790698,NA,7,"top7","eeg_fm_lbeta_power_precond;eeg_fm_specent_precond;eeg_tleft_lbeta_power_precond;eeg_faa_precond;eeg_tleft_lalpha_power_precond;eeg_fl_theta_power_precond;eeg_tleft_alpha_power_precond"
2025-12-19 16:06:04.616146,4,"stress_label",7,4,0.125,0.5,0.395348837209302,NA,7,"top7","eeg_fm_lbeta_power_precond;eeg_fm_specent_precond;eeg_tleft_lbeta_power_precond;eeg_faa_precond;eeg_tleft_lalpha_power_precond;eeg_fl_theta_power_precond;eeg_tleft_alpha_power_precond"
2025-12-19 16:06:04.615255,4,"stress_label",7,8,0.125,0.517441860465116,0.38953488372093,NA,7,"top7","eeg_fm_lbeta_power_precond;eeg_fm_specent_precond;eeg_tleft_lbeta_power_precond;eeg_faa_precond;eeg_tleft_lalpha_power_precond;eeg_fl_theta_power_precond;eeg_tleft_alpha_power_precond"
2025-12-19 16:06:04.667745,4,"stress_label",7,16,0.125,0.523255813953488,0.505813953488372,NA,7,"top7","eeg_fm_lbeta_power_precond;eeg_fm_specent_precond;eeg_tleft_lbeta_power_precond;eeg_faa_precond;eeg_tleft_lalpha_power_precond;eeg_fl_theta_power_precond;eeg_tleft_alpha_power_precond"
2025-12-19 16:06:04.913156,4,"stress_label",7,32,0.125,0.552325581395349,0.505813953488372,NA,7,"top7","eeg_fm_lbeta_power_precond;eeg_fm_specent_precond;eeg_tleft_lbeta_power_precond;eeg_faa_precond;eeg_tleft_lalpha_power_precond;eeg_fl_theta_power_precond;eeg_tleft_alpha_power_precond"
2025-12-19 16:06:05.06105,4,"stress_label",7,64,0.125,0.534883720930233,0.488372093023256,NA,7,"top7","eeg_fm_lbeta_power_precond;eeg_fm_specent_precond;eeg_tleft_lbeta_power_precond;eeg_faa_precond;eeg_tleft_lalpha_power_precond;eeg_fl_theta_power_precond;eeg_tleft_alpha_power_precond"
2025-12-19 16:06:05.248153,4,"stress_label",7,128,0.125,0.511627906976744,0.401162790697674,NA,7,"top7","eeg_fm_lbeta_power_precond;eeg_fm_specent_precond;eeg_tleft_lbeta_power_precond;eeg_faa_precond;eeg_tleft_lalpha_power_precond;eeg_fl_theta_power_precond;eeg_tleft_alpha_power_precond"
2025-12-19 16:06:05.610913,4,"stress_label",7,256,0.125,0.523255813953488,0.441860465116279,NA,7,"top7","eeg_fm_lbeta_power_precond;eeg_fm_specent_precond;eeg_tleft_lbeta_power_precond;eeg_faa_precond;eeg_tleft_lalpha_power_precond;eeg_fl_theta_power_precond;eeg_tleft_alpha_power_precond"
2025-12-19 16:06:04.960479,4,"stress_label",7,2,0.03,0.465116279069767,0.447674418604651,NA,7,"top7","eeg_fm_lbeta_power_precond;eeg_fm_specent_precond;eeg_tleft_lbeta_power_precond;eeg_faa_precond;eeg_tleft_lalpha_power_precond;eeg_fl_theta_power_precond;eeg_tleft_alpha_power_precond"
2025-12-19 16:06:05.1238,4,"stress_label",7,4,0.03,0.459302325581395,0.354651162790698,NA,7,"top7","eeg_fm_lbeta_power_precond;eeg_fm_specent_precond;eeg_tleft_lbeta_power_precond;eeg_faa_precond;eeg_tleft_lalpha_power_precond;eeg_fl_theta_power_precond;eeg_tleft_alpha_power_precond"
2025-12-19 16:06:05.528712,4,"stress_label",7,8,0.03,0.488372093023256,0.406976744186047,NA,7,"top7","eeg_fm_lbeta_power_precond;eeg_fm_specent_precond;eeg_tleft_lbeta_power_precond;eeg_faa_precond;eeg_tleft_lalpha_power_precond;eeg_fl_theta_power_precond;eeg_tleft_alpha_power_precond"
2025-12-19 16:06:05.707075,4,"stress_label",7,16,0.03,0.482558139534884,0.308139534883721,NA,7,"top7","eeg_fm_lbeta_power_precond;eeg_fm_specent_precond;eeg_tleft_lbeta_power_precond;eeg_faa_precond;eeg_tleft_lalpha_power_precond;eeg_fl_theta_power_precond;eeg_tleft_alpha_power_precond"
2025-12-19 16:06:05.792452,4,"stress_label",7,32,0.03,0.505813953488372,0.47093023255814,NA,7,"top7","eeg_fm_lbeta_power_precond;eeg_fm_specent_precond;eeg_tleft_lbeta_power_precond;eeg_faa_precond;eeg_tleft_lalpha_power_precond;eeg_fl_theta_power_precond;eeg_tleft_alpha_power_precond"
2025-12-19 16:06:05.850545,4,"stress_label",7,64,0.03,0.505813953488372,0.523255813953488,NA,7,"top7","eeg_fm_lbeta_power_precond;eeg_fm_specent_precond;eeg_tleft_lbeta_power_precond;eeg_faa_precond;eeg_tleft_lalpha_power_precond;eeg_fl_theta_power_precond;eeg_tleft_alpha_power_precond"
2025-12-19 16:06:06.031255,4,"stress_label",7,128,0.03,0.534883720930233,0.38953488372093,NA,7,"top7","eeg_fm_lbeta_power_precond;eeg_fm_specent_precond;eeg_tleft_lbeta_power_precond;eeg_faa_precond;eeg_tleft_lalpha_power_precond;eeg_fl_theta_power_precond;eeg_tleft_alpha_power_precond"
2025-12-19 16:06:06.359762,4,"stress_label",7,256,0.03,0.546511627906977,0.406976744186047,NA,7,"top7","eeg_fm_lbeta_power_precond;eeg_fm_specent_precond;eeg_tleft_lbeta_power_precond;eeg_faa_precond;eeg_tleft_lalpha_power_precond;eeg_fl_theta_power_precond;eeg_tleft_alpha_power_precond"
2025-12-19 16:06:06.003388,4,"stress_label",7,2,0.06,0.5,0.447674418604651,NA,7,"top7","eeg_fm_lbeta_power_precond;eeg_fm_specent_precond;eeg_tleft_lbeta_power_precond;eeg_faa_precond;eeg_tleft_lalpha_power_precond;eeg_fl_theta_power_precond;eeg_tleft_alpha_power_precond"
2025-12-19 16:06:06.062829,4,"stress_label",7,4,0.06,0.511627906976744,0.284883720930233,NA,7,"top7","eeg_fm_lbeta_power_precond;eeg_fm_specent_precond;eeg_tleft_lbeta_power_precond;eeg_faa_precond;eeg_tleft_lalpha_power_precond;eeg_fl_theta_power_precond;eeg_tleft_alpha_power_precond"
2025-12-19 16:06:06.110189,4,"stress_label",7,8,0.06,0.482558139534884,0.343023255813953,NA,7,"top7","eeg_fm_lbeta_power_precond;eeg_fm_specent_precond;eeg_tleft_lbeta_power_precond;eeg_faa_precond;eeg_tleft_lalpha_power_precond;eeg_fl_theta_power_precond;eeg_tleft_alpha_power_precond"
2025-12-19 16:06:06.255907,4,"stress_label",7,16,0.06,0.494186046511628,0.343023255813953,NA,7,"top7","eeg_fm_lbeta_power_precond;eeg_fm_specent_precond;eeg_tleft_lbeta_power_precond;eeg_faa_precond;eeg_tleft_lalpha_power_precond;eeg_fl_theta_power_precond;eeg_tleft_alpha_power_precond"
2025-12-19 16:06:06.335626,4,"stress_label",7,32,0.06,0.523255813953488,0.377906976744186,NA,7,"top7","eeg_fm_lbeta_power_precond;eeg_fm_specent_precond;eeg_tleft_lbeta_power_precond;eeg_faa_precond;eeg_tleft_lalpha_power_precond;eeg_fl_theta_power_precond;eeg_tleft_alpha_power_precond"
2025-12-19 16:06:06.567452,4,"stress_label",7,64,0.06,0.5,0.412790697674419,NA,7,"top7","eeg_fm_lbeta_power_precond;eeg_fm_specent_precond;eeg_tleft_lbeta_power_precond;eeg_faa_precond;eeg_tleft_lalpha_power_precond;eeg_fl_theta_power_precond;eeg_tleft_alpha_power_precond"
2025-12-19 16:06:06.863017,4,"stress_label",7,128,0.06,0.587209302325581,0.540697674418605,NA,7,"top7","eeg_fm_lbeta_power_precond;eeg_fm_specent_precond;eeg_tleft_lbeta_power_precond;eeg_faa_precond;eeg_tleft_lalpha_power_precond;eeg_fl_theta_power_precond;eeg_tleft_alpha_power_precond"
2025-12-19 16:06:07.291526,4,"stress_label",7,256,0.06,0.546511627906977,0.529069767441861,NA,7,"top7","eeg_fm_lbeta_power_precond;eeg_fm_specent_precond;eeg_tleft_lbeta_power_precond;eeg_faa_precond;eeg_tleft_lalpha_power_precond;eeg_fl_theta_power_precond;eeg_tleft_alpha_power_precond"
2025-12-19 16:06:06.676541,4,"stress_label",7,2,0.1,0.505813953488372,0.38953488372093,NA,7,"top7","eeg_fm_lbeta_power_precond;eeg_fm_specent_precond;eeg_tleft_lbeta_power_precond;eeg_faa_precond;eeg_tleft_lalpha_power_precond;eeg_fl_theta_power_precond;eeg_tleft_alpha_power_precond"
2025-12-19 16:06:06.75714,4,"stress_label",7,4,0.1,0.488372093023256,0.418604651162791,NA,7,"top7","eeg_fm_lbeta_power_precond;eeg_fm_specent_precond;eeg_tleft_lbeta_power_precond;eeg_faa_precond;eeg_tleft_lalpha_power_precond;eeg_fl_theta_power_precond;eeg_tleft_alpha_power_precond"
2025-12-19 16:06:06.794822,4,"stress_label",7,8,0.1,0.534883720930233,0.47093023255814,NA,7,"top7","eeg_fm_lbeta_power_precond;eeg_fm_specent_precond;eeg_tleft_lbeta_power_precond;eeg_faa_precond;eeg_tleft_lalpha_power_precond;eeg_fl_theta_power_precond;eeg_tleft_alpha_power_precond"
2025-12-19 16:06:06.877403,4,"stress_label",7,16,0.1,0.5,0.395348837209302,NA,7,"top7","eeg_fm_lbeta_power_precond;eeg_fm_specent_precond;eeg_tleft_lbeta_power_precond;eeg_faa_precond;eeg_tleft_lalpha_power_precond;eeg_fl_theta_power_precond;eeg_tleft_alpha_power_precond"
2025-12-19 16:06:07.073707,4,"stress_label",7,32,0.1,0.540697674418605,0.540697674418605,NA,7,"top7","eeg_fm_lbeta_power_precond;eeg_fm_specent_precond;eeg_tleft_lbeta_power_precond;eeg_faa_precond;eeg_tleft_lalpha_power_precond;eeg_fl_theta_power_precond;eeg_tleft_alpha_power_precond"
2025-12-19 16:06:07.216785,4,"stress_label",7,64,0.1,0.546511627906977,0.47093023255814,NA,7,"top7","eeg_fm_lbeta_power_precond;eeg_fm_specent_precond;eeg_tleft_lbeta_power_precond;eeg_faa_precond;eeg_tleft_lalpha_power_precond;eeg_fl_theta_power_precond;eeg_tleft_alpha_power_precond"
2025-12-19 16:06:07.344756,4,"stress_label",7,128,0.1,0.523255813953488,0.453488372093023,NA,7,"top7","eeg_fm_lbeta_power_precond;eeg_fm_specent_precond;eeg_tleft_lbeta_power_precond;eeg_faa_precond;eeg_tleft_lalpha_power_precond;eeg_fl_theta_power_precond;eeg_tleft_alpha_power_precond"
2025-12-19 16:06:07.593054,4,"stress_label",7,256,0.1,0.511627906976744,0.459302325581395,NA,7,"top7","eeg_fm_lbeta_power_precond;eeg_fm_specent_precond;eeg_tleft_lbeta_power_precond;eeg_faa_precond;eeg_tleft_lalpha_power_precond;eeg_fl_theta_power_precond;eeg_tleft_alpha_power_precond"
2025-12-19 16:06:08.905872,5,"stress_label",7,2,0.0078125,0.47093023255814,0.517441860465116,0.47906976744186,7,"top7","eeg_fm_lbeta_power_precond;eeg_fm_specent_precond;eeg_tleft_lbeta_power_precond;eeg_fr_theta_power_precond;eeg_faa_precond;eeg_ta_ratio_precond;eeg_pleft_halpha_power_precond"
2025-12-19 16:06:08.894151,5,"stress_label",7,4,0.0078125,0.47093023255814,0.453488372093023,0.465891472868217,7,"top7","eeg_fm_lbeta_power_precond;eeg_fm_specent_precond;eeg_tleft_lbeta_power_precond;eeg_fr_theta_power_precond;eeg_faa_precond;eeg_ta_ratio_precond;eeg_pleft_halpha_power_precond"
2025-12-19 16:06:08.895369,5,"stress_label",7,8,0.0078125,0.465116279069767,0.459302325581395,0.452713178294574,7,"top7","eeg_fm_lbeta_power_precond;eeg_fm_specent_precond;eeg_tleft_lbeta_power_precond;eeg_fr_theta_power_precond;eeg_faa_precond;eeg_ta_ratio_precond;eeg_pleft_halpha_power_precond"
2025-12-19 16:06:08.866056,5,"stress_label",7,16,0.0078125,0.453488372093023,0.441860465116279,0.44031007751938,7,"top7","eeg_fm_lbeta_power_precond;eeg_fm_specent_precond;eeg_tleft_lbeta_power_precond;eeg_fr_theta_power_precond;eeg_faa_precond;eeg_ta_ratio_precond;eeg_pleft_halpha_power_precond"
2025-12-19 16:06:08.9272,5,"stress_label",7,32,0.0078125,0.430232558139535,0.424418604651163,0.434883720930233,7,"top7","eeg_fm_lbeta_power_precond;eeg_fm_specent_precond;eeg_tleft_lbeta_power_precond;eeg_fr_theta_power_precond;eeg_faa_precond;eeg_ta_ratio_precond;eeg_pleft_halpha_power_precond"
2025-12-19 16:06:08.910684,5,"stress_label",7,64,0.0078125,0.511627906976744,0.488372093023256,0.515503875968992,7,"top7","eeg_fm_lbeta_power_precond;eeg_fm_specent_precond;eeg_tleft_lbeta_power_precond;eeg_fr_theta_power_precond;eeg_faa_precond;eeg_ta_ratio_precond;eeg_pleft_halpha_power_precond"
2025-12-19 16:06:08.987869,5,"stress_label",7,128,0.0078125,0.517441860465116,0.418604651162791,NA,7,"top7","eeg_fm_lbeta_power_precond;eeg_fm_specent_precond;eeg_tleft_lbeta_power_precond;eeg_fr_theta_power_precond;eeg_faa_precond;eeg_ta_ratio_precond;eeg_pleft_halpha_power_precond"
2025-12-19 16:06:09.079513,5,"stress_label",7,256,0.0078125,0.529069767441861,0.348837209302326,NA,7,"top7","eeg_fm_lbeta_power_precond;eeg_fm_specent_precond;eeg_tleft_lbeta_power_precond;eeg_fr_theta_power_precond;eeg_faa_precond;eeg_ta_ratio_precond;eeg_pleft_halpha_power_precond"
2025-12-19 16:06:08.895517,5,"stress_label",7,2,0.015625,0.47093023255814,0.418604651162791,0.465891472868217,7,"top7","eeg_fm_lbeta_power_precond;eeg_fm_specent_precond;eeg_tleft_lbeta_power_precond;eeg_fr_theta_power_precond;eeg_faa_precond;eeg_ta_ratio_precond;eeg_pleft_halpha_power_precond"
2025-12-19 16:06:08.913165,5,"stress_label",7,4,0.015625,0.465116279069767,0.436046511627907,0.456589147286822,7,"top7","eeg_fm_lbeta_power_precond;eeg_fm_specent_precond;eeg_tleft_lbeta_power_precond;eeg_fr_theta_power_precond;eeg_faa_precond;eeg_ta_ratio_precond;eeg_pleft_halpha_power_precond"
2025-12-19 16:06:08.86104,5,"stress_label",7,8,0.015625,0.436046511627907,0.453488372093023,0.435658914728682,7,"top7","eeg_fm_lbeta_power_precond;eeg_fm_specent_precond;eeg_tleft_lbeta_power_precond;eeg_fr_theta_power_precond;eeg_faa_precond;eeg_ta_ratio_precond;eeg_pleft_halpha_power_precond"
2025-12-19 16:06:08.873301,5,"stress_label",7,16,0.015625,0.5,0.534883720930233,0.503875968992248,7,"top7","eeg_fm_lbeta_power_precond;eeg_fm_specent_precond;eeg_tleft_lbeta_power_precond;eeg_fr_theta_power_precond;eeg_faa_precond;eeg_ta_ratio_precond;eeg_pleft_halpha_power_precond"
2025-12-19 16:06:08.943372,5,"stress_label",7,32,0.015625,0.517441860465116,0.383720930232558,NA,7,"top7","eeg_fm_lbeta_power_precond;eeg_fm_specent_precond;eeg_tleft_lbeta_power_precond;eeg_fr_theta_power_precond;eeg_faa_precond;eeg_ta_ratio_precond;eeg_pleft_halpha_power_precond"
2025-12-19 16:06:09.00085,5,"stress_label",7,64,0.015625,0.546511627906977,0.430232558139535,0.524031007751938,7,"top7","eeg_fm_lbeta_power_precond;eeg_fm_specent_precond;eeg_tleft_lbeta_power_precond;eeg_fr_theta_power_precond;eeg_faa_precond;eeg_ta_ratio_precond;eeg_pleft_halpha_power_precond"
2025-12-19 16:06:10.117403,5,"stress_label",7,128,0.015625,0.534883720930233,0.406976744186047,0.52093023255814,7,"top7","eeg_fm_lbeta_power_precond;eeg_fm_specent_precond;eeg_tleft_lbeta_power_precond;eeg_fr_theta_power_precond;eeg_faa_precond;eeg_ta_ratio_precond;eeg_pleft_halpha_power_precond"
2025-12-19 16:06:10.29513,5,"stress_label",7,256,0.015625,0.540697674418605,0.441860465116279,0.532558139534884,7,"top7","eeg_fm_lbeta_power_precond;eeg_fm_specent_precond;eeg_tleft_lbeta_power_precond;eeg_fr_theta_power_precond;eeg_faa_precond;eeg_ta_ratio_precond;eeg_pleft_halpha_power_precond"
2025-12-19 16:06:09.959696,5,"stress_label",7,2,0.03125,0.465116279069767,0.476744186046512,0.470542635658915,7,"top7","eeg_fm_lbeta_power_precond;eeg_fm_specent_precond;eeg_tleft_lbeta_power_precond;eeg_fr_theta_power_precond;eeg_faa_precond;eeg_ta_ratio_precond;eeg_pleft_halpha_power_precond"
2025-12-19 16:06:09.98582,5,"stress_label",7,4,0.03125,0.47093023255814,0.494186046511628,0.466666666666667,7,"top7","eeg_fm_lbeta_power_precond;eeg_fm_specent_precond;eeg_tleft_lbeta_power_precond;eeg_fr_theta_power_precond;eeg_faa_precond;eeg_ta_ratio_precond;eeg_pleft_halpha_power_precond"
2025-12-19 16:06:09.981912,5,"stress_label",7,8,0.03125,0.529069767441861,0.47093023255814,0.522480620155039,7,"top7","eeg_fm_lbeta_power_precond;eeg_fm_specent_precond;eeg_tleft_lbeta_power_precond;eeg_fr_theta_power_precond;eeg_faa_precond;eeg_ta_ratio_precond;eeg_pleft_halpha_power_precond"
2025-12-19 16:06:10.017004,5,"stress_label",7,16,0.03125,0.552325581395349,0.372093023255814,0.527906976744186,7,"top7","eeg_fm_lbeta_power_precond;eeg_fm_specent_precond;eeg_tleft_lbeta_power_precond;eeg_fr_theta_power_precond;eeg_faa_precond;eeg_ta_ratio_precond;eeg_pleft_halpha_power_precond"
2025-12-19 16:06:10.019485,5,"stress_label",7,32,0.03125,0.546511627906977,0.412790697674419,0.537209302325581,7,"top7","eeg_fm_lbeta_power_precond;eeg_fm_specent_precond;eeg_tleft_lbeta_power_precond;eeg_fr_theta_power_precond;eeg_faa_precond;eeg_ta_ratio_precond;eeg_pleft_halpha_power_precond"
2025-12-19 16:06:10.177052,5,"stress_label",7,64,0.03125,0.563953488372093,0.430232558139535,NA,7,"top7","eeg_fm_lbeta_power_precond;eeg_fm_specent_precond;eeg_tleft_lbeta_power_precond;eeg_fr_theta_power_precond;eeg_faa_precond;eeg_ta_ratio_precond;eeg_pleft_halpha_power_precond"
2025-12-19 16:06:10.341456,5,"stress_label",7,128,0.03125,0.529069767441861,0.395348837209302,NA,7,"top7","eeg_fm_lbeta_power_precond;eeg_fm_specent_precond;eeg_tleft_lbeta_power_precond;eeg_fr_theta_power_precond;eeg_faa_precond;eeg_ta_ratio_precond;eeg_pleft_halpha_power_precond"
2025-12-19 16:06:10.698036,5,"stress_label",7,256,0.03125,0.546511627906977,0.47093023255814,NA,7,"top7","eeg_fm_lbeta_power_precond;eeg_fm_specent_precond;eeg_tleft_lbeta_power_precond;eeg_fr_theta_power_precond;eeg_faa_precond;eeg_ta_ratio_precond;eeg_pleft_halpha_power_precond"
2025-12-19 16:06:10.01792,5,"stress_label",7,2,0.0625,0.529069767441861,0.366279069767442,0.523255813953488,7,"top7","eeg_fm_lbeta_power_precond;eeg_fm_specent_precond;eeg_tleft_lbeta_power_precond;eeg_fr_theta_power_precond;eeg_faa_precond;eeg_ta_ratio_precond;eeg_pleft_halpha_power_precond"
2025-12-19 16:06:10.071804,5,"stress_label",7,4,0.0625,0.552325581395349,0.430232558139535,NA,7,"top7","eeg_fm_lbeta_power_precond;eeg_fm_specent_precond;eeg_tleft_lbeta_power_precond;eeg_fr_theta_power_precond;eeg_faa_precond;eeg_ta_ratio_precond;eeg_pleft_halpha_power_precond"
2025-12-19 16:06:10.080359,5,"stress_label",7,8,0.0625,0.558139534883721,0.377906976744186,NA,7,"top7","eeg_fm_lbeta_power_precond;eeg_fm_specent_precond;eeg_tleft_lbeta_power_precond;eeg_fr_theta_power_precond;eeg_faa_precond;eeg_ta_ratio_precond;eeg_pleft_halpha_power_precond"
2025-12-19 16:06:10.19149,5,"stress_label",7,16,0.0625,0.529069767441861,0.517441860465116,NA,7,"top7","eeg_fm_lbeta_power_precond;eeg_fm_specent_precond;eeg_tleft_lbeta_power_precond;eeg_fr_theta_power_precond;eeg_faa_precond;eeg_ta_ratio_precond;eeg_pleft_halpha_power_precond"
2025-12-19 16:06:11.172588,5,"stress_label",7,32,0.0625,0.517441860465116,0.453488372093023,NA,7,"top7","eeg_fm_lbeta_power_precond;eeg_fm_specent_precond;eeg_tleft_lbeta_power_precond;eeg_fr_theta_power_precond;eeg_faa_precond;eeg_ta_ratio_precond;eeg_pleft_halpha_power_precond"
2025-12-19 16:06:11.351259,5,"stress_label",7,64,0.0625,0.511627906976744,0.325581395348837,NA,7,"top7","eeg_fm_lbeta_power_precond;eeg_fm_specent_precond;eeg_tleft_lbeta_power_precond;eeg_fr_theta_power_precond;eeg_faa_precond;eeg_ta_ratio_precond;eeg_pleft_halpha_power_precond"
2025-12-19 16:06:11.580159,5,"stress_label",7,128,0.0625,0.505813953488372,0.401162790697674,NA,7,"top7","eeg_fm_lbeta_power_precond;eeg_fm_specent_precond;eeg_tleft_lbeta_power_precond;eeg_fr_theta_power_precond;eeg_faa_precond;eeg_ta_ratio_precond;eeg_pleft_halpha_power_precond"
2025-12-19 16:06:12.037265,5,"stress_label",7,256,0.0625,0.511627906976744,0.529069767441861,NA,7,"top7","eeg_fm_lbeta_power_precond;eeg_fm_specent_precond;eeg_tleft_lbeta_power_precond;eeg_fr_theta_power_precond;eeg_faa_precond;eeg_ta_ratio_precond;eeg_pleft_halpha_power_precond"
2025-12-19 16:06:11.072908,5,"stress_label",7,2,0.125,0.523255813953488,0.453488372093023,NA,7,"top7","eeg_fm_lbeta_power_precond;eeg_fm_specent_precond;eeg_tleft_lbeta_power_precond;eeg_fr_theta_power_precond;eeg_faa_precond;eeg_ta_ratio_precond;eeg_pleft_halpha_power_precond"
2025-12-19 16:06:11.062353,5,"stress_label",7,4,0.125,0.476744186046512,0.406976744186047,0.48062015503876,7,"top7","eeg_fm_lbeta_power_precond;eeg_fm_specent_precond;eeg_tleft_lbeta_power_precond;eeg_fr_theta_power_precond;eeg_faa_precond;eeg_ta_ratio_precond;eeg_pleft_halpha_power_precond"
2025-12-19 16:06:11.178368,5,"stress_label",7,8,0.125,0.476744186046512,0.436046511627907,NA,7,"top7","eeg_fm_lbeta_power_precond;eeg_fm_specent_precond;eeg_tleft_lbeta_power_precond;eeg_fr_theta_power_precond;eeg_faa_precond;eeg_ta_ratio_precond;eeg_pleft_halpha_power_precond"
2025-12-19 16:06:11.247332,5,"stress_label",7,16,0.125,0.5,0.401162790697674,NA,7,"top7","eeg_fm_lbeta_power_precond;eeg_fm_specent_precond;eeg_tleft_lbeta_power_precond;eeg_fr_theta_power_precond;eeg_faa_precond;eeg_ta_ratio_precond;eeg_pleft_halpha_power_precond"
2025-12-19 16:06:11.402716,5,"stress_label",7,32,0.125,0.511627906976744,0.377906976744186,NA,7,"top7","eeg_fm_lbeta_power_precond;eeg_fm_specent_precond;eeg_tleft_lbeta_power_precond;eeg_fr_theta_power_precond;eeg_faa_precond;eeg_ta_ratio_precond;eeg_pleft_halpha_power_precond"
2025-12-19 16:06:11.596173,5,"stress_label",7,64,0.125,0.5,0.447674418604651,NA,7,"top7","eeg_fm_lbeta_power_precond;eeg_fm_specent_precond;eeg_tleft_lbeta_power_precond;eeg_fr_theta_power_precond;eeg_faa_precond;eeg_ta_ratio_precond;eeg_pleft_halpha_power_precond"
2025-12-19 16:06:11.808729,5,"stress_label",7,128,0.125,0.511627906976744,0.482558139534884,NA,7,"top7","eeg_fm_lbeta_power_precond;eeg_fm_specent_precond;eeg_tleft_lbeta_power_precond;eeg_fr_theta_power_precond;eeg_faa_precond;eeg_ta_ratio_precond;eeg_pleft_halpha_power_precond"
2025-12-19 16:06:12.168028,5,"stress_label",7,256,0.125,0.465116279069767,0.459302325581395,NA,7,"top7","eeg_fm_lbeta_power_precond;eeg_fm_specent_precond;eeg_tleft_lbeta_power_precond;eeg_fr_theta_power_precond;eeg_faa_precond;eeg_ta_ratio_precond;eeg_pleft_halpha_power_precond"
2025-12-19 16:06:11.369119,5,"stress_label",7,2,0.03,0.465116279069767,0.505813953488372,0.468992248062016,7,"top7","eeg_fm_lbeta_power_precond;eeg_fm_specent_precond;eeg_tleft_lbeta_power_precond;eeg_fr_theta_power_precond;eeg_faa_precond;eeg_ta_ratio_precond;eeg_pleft_halpha_power_precond"
2025-12-19 16:06:11.719291,5,"stress_label",7,4,0.03,0.47093023255814,0.511627906976744,0.466666666666667,7,"top7","eeg_fm_lbeta_power_precond;eeg_fm_specent_precond;eeg_tleft_lbeta_power_precond;eeg_fr_theta_power_precond;eeg_faa_precond;eeg_ta_ratio_precond;eeg_pleft_halpha_power_precond"
2025-12-19 16:06:12.140653,5,"stress_label",7,8,0.03,0.529069767441861,0.395348837209302,0.522480620155039,7,"top7","eeg_fm_lbeta_power_precond;eeg_fm_specent_precond;eeg_tleft_lbeta_power_precond;eeg_fr_theta_power_precond;eeg_faa_precond;eeg_ta_ratio_precond;eeg_pleft_halpha_power_precond"
2025-12-19 16:06:12.170375,5,"stress_label",7,16,0.03,0.552325581395349,0.546511627906977,0.527906976744186,7,"top7","eeg_fm_lbeta_power_precond;eeg_fm_specent_precond;eeg_tleft_lbeta_power_precond;eeg_fr_theta_power_precond;eeg_faa_precond;eeg_ta_ratio_precond;eeg_pleft_halpha_power_precond"
2025-12-19 16:06:12.303005,5,"stress_label",7,32,0.03,0.534883720930233,0.430232558139535,0.521705426356589,7,"top7","eeg_fm_lbeta_power_precond;eeg_fm_specent_precond;eeg_tleft_lbeta_power_precond;eeg_fr_theta_power_precond;eeg_faa_precond;eeg_ta_ratio_precond;eeg_pleft_halpha_power_precond"
2025-12-19 16:06:12.375616,5,"stress_label",7,64,0.03,0.563953488372093,0.459302325581395,NA,7,"top7","eeg_fm_lbeta_power_precond;eeg_fm_specent_precond;eeg_tleft_lbeta_power_precond;eeg_fr_theta_power_precond;eeg_faa_precond;eeg_ta_ratio_precond;eeg_pleft_halpha_power_precond"
2025-12-19 16:06:12.618097,5,"stress_label",7,128,0.03,0.523255813953488,0.354651162790698,NA,7,"top7","eeg_fm_lbeta_power_precond;eeg_fm_specent_precond;eeg_tleft_lbeta_power_precond;eeg_fr_theta_power_precond;eeg_faa_precond;eeg_ta_ratio_precond;eeg_pleft_halpha_power_precond"
2025-12-19 16:06:13.036055,5,"stress_label",7,256,0.03,0.552325581395349,0.406976744186047,NA,7,"top7","eeg_fm_lbeta_power_precond;eeg_fm_specent_precond;eeg_tleft_lbeta_power_precond;eeg_fr_theta_power_precond;eeg_faa_precond;eeg_ta_ratio_precond;eeg_pleft_halpha_power_precond"
2025-12-19 16:06:12.414951,5,"stress_label",7,2,0.06,0.540697674418605,0.436046511627907,0.54031007751938,7,"top7","eeg_fm_lbeta_power_precond;eeg_fm_specent_precond;eeg_tleft_lbeta_power_precond;eeg_fr_theta_power_precond;eeg_faa_precond;eeg_ta_ratio_precond;eeg_pleft_halpha_power_precond"
2025-12-19 16:06:12.442939,5,"stress_label",7,4,0.06,0.540697674418605,0.313953488372093,0.537209302325581,7,"top7","eeg_fm_lbeta_power_precond;eeg_fm_specent_precond;eeg_tleft_lbeta_power_precond;eeg_fr_theta_power_precond;eeg_faa_precond;eeg_ta_ratio_precond;eeg_pleft_halpha_power_precond"
2025-12-19 16:06:12.697447,5,"stress_label",7,8,0.06,0.558139534883721,0.453488372093023,NA,7,"top7","eeg_fm_lbeta_power_precond;eeg_fm_specent_precond;eeg_tleft_lbeta_power_precond;eeg_fr_theta_power_precond;eeg_faa_precond;eeg_ta_ratio_precond;eeg_pleft_halpha_power_precond"
2025-12-19 16:06:12.737695,5,"stress_label",7,16,0.06,0.529069767441861,0.406976744186047,NA,7,"top7","eeg_fm_lbeta_power_precond;eeg_fm_specent_precond;eeg_tleft_lbeta_power_precond;eeg_fr_theta_power_precond;eeg_faa_precond;eeg_ta_ratio_precond;eeg_pleft_halpha_power_precond"
2025-12-19 16:06:12.922554,5,"stress_label",7,32,0.06,0.517441860465116,0.38953488372093,NA,7,"top7","eeg_fm_lbeta_power_precond;eeg_fm_specent_precond;eeg_tleft_lbeta_power_precond;eeg_fr_theta_power_precond;eeg_faa_precond;eeg_ta_ratio_precond;eeg_pleft_halpha_power_precond"
2025-12-19 16:06:13.170603,5,"stress_label",7,64,0.06,0.529069767441861,0.47093023255814,NA,7,"top7","eeg_fm_lbeta_power_precond;eeg_fm_specent_precond;eeg_tleft_lbeta_power_precond;eeg_fr_theta_power_precond;eeg_faa_precond;eeg_ta_ratio_precond;eeg_pleft_halpha_power_precond"
2025-12-19 16:06:13.501038,5,"stress_label",7,128,0.06,0.511627906976744,0.494186046511628,NA,7,"top7","eeg_fm_lbeta_power_precond;eeg_fm_specent_precond;eeg_tleft_lbeta_power_precond;eeg_fr_theta_power_precond;eeg_faa_precond;eeg_ta_ratio_precond;eeg_pleft_halpha_power_precond"
2025-12-19 16:06:13.791216,5,"stress_label",7,256,0.06,0.517441860465116,0.441860465116279,NA,7,"top7","eeg_fm_lbeta_power_precond;eeg_fm_specent_precond;eeg_tleft_lbeta_power_precond;eeg_fr_theta_power_precond;eeg_faa_precond;eeg_ta_ratio_precond;eeg_pleft_halpha_power_precond"
2025-12-19 16:06:13.219183,5,"stress_label",7,2,0.1,0.546511627906977,0.377906976744186,NA,7,"top7","eeg_fm_lbeta_power_precond;eeg_fm_specent_precond;eeg_tleft_lbeta_power_precond;eeg_fr_theta_power_precond;eeg_faa_precond;eeg_ta_ratio_precond;eeg_pleft_halpha_power_precond"
2025-12-19 16:06:13.220846,5,"stress_label",7,4,0.1,0.540697674418605,0.331395348837209,NA,7,"top7","eeg_fm_lbeta_power_precond;eeg_fm_specent_precond;eeg_tleft_lbeta_power_precond;eeg_fr_theta_power_precond;eeg_faa_precond;eeg_ta_ratio_precond;eeg_pleft_halpha_power_precond"
2025-12-19 16:06:13.335322,5,"stress_label",7,8,0.1,0.482558139534884,0.354651162790698,0.482945736434109,7,"top7","eeg_fm_lbeta_power_precond;eeg_fm_specent_precond;eeg_tleft_lbeta_power_precond;eeg_fr_theta_power_precond;eeg_faa_precond;eeg_ta_ratio_precond;eeg_pleft_halpha_power_precond"
2025-12-19 16:06:13.42181,5,"stress_label",7,16,0.1,0.476744186046512,0.424418604651163,NA,7,"top7","eeg_fm_lbeta_power_precond;eeg_fm_specent_precond;eeg_tleft_lbeta_power_precond;eeg_fr_theta_power_precond;eeg_faa_precond;eeg_ta_ratio_precond;eeg_pleft_halpha_power_precond"
2025-12-19 16:06:13.497051,5,"stress_label",7,32,0.1,0.540697674418605,0.377906976744186,NA,7,"top7","eeg_fm_lbeta_power_precond;eeg_fm_specent_precond;eeg_tleft_lbeta_power_precond;eeg_fr_theta_power_precond;eeg_faa_precond;eeg_ta_ratio_precond;eeg_pleft_halpha_power_precond"
2025-12-19 16:06:13.646655,5,"stress_label",7,64,0.1,0.511627906976744,0.366279069767442,NA,7,"top7","eeg_fm_lbeta_power_precond;eeg_fm_specent_precond;eeg_tleft_lbeta_power_precond;eeg_fr_theta_power_precond;eeg_faa_precond;eeg_ta_ratio_precond;eeg_pleft_halpha_power_precond"
2025-12-19 16:06:13.862275,5,"stress_label",7,128,0.1,0.482558139534884,0.441860465116279,NA,7,"top7","eeg_fm_lbeta_power_precond;eeg_fm_specent_precond;eeg_tleft_lbeta_power_precond;eeg_fr_theta_power_precond;eeg_faa_precond;eeg_ta_ratio_precond;eeg_pleft_halpha_power_precond"
2025-12-19 16:06:14.075066,5,"stress_label",7,256,0.1,0.511627906976744,0.436046511627907,NA,7,"top7","eeg_fm_lbeta_power_precond;eeg_fm_specent_precond;eeg_tleft_lbeta_power_precond;eeg_fr_theta_power_precond;eeg_faa_precond;eeg_ta_ratio_precond;eeg_pleft_halpha_power_precond"
2025-12-19 16:06:15.353582,6,"stress_label",7,2,0.0078125,0.465116279069767,0.511627906976744,0.432558139534884,7,"top7","eeg_fm_lbeta_power_precond;eeg_fm_specent_precond;eeg_faa_precond;eeg_tleft_lbeta_power_precond;eeg_fl_theta_power_precond;eeg_tleft_lalpha_power_precond;eeg_pleft_halpha_power_precond"
2025-12-19 16:06:15.308634,6,"stress_label",7,4,0.0078125,0.447674418604651,0.534883720930233,0.403875968992248,7,"top7","eeg_fm_lbeta_power_precond;eeg_fm_specent_precond;eeg_faa_precond;eeg_tleft_lbeta_power_precond;eeg_fl_theta_power_precond;eeg_tleft_lalpha_power_precond;eeg_pleft_halpha_power_precond"
2025-12-19 16:06:15.345544,6,"stress_label",7,8,0.0078125,0.436046511627907,0.447674418604651,NA,7,"top7","eeg_fm_lbeta_power_precond;eeg_fm_specent_precond;eeg_faa_precond;eeg_tleft_lbeta_power_precond;eeg_fl_theta_power_precond;eeg_tleft_lalpha_power_precond;eeg_pleft_halpha_power_precond"
2025-12-19 16:06:15.355066,6,"stress_label",7,16,0.0078125,0.424418604651163,0.569767441860465,0.378294573643411,7,"top7","eeg_fm_lbeta_power_precond;eeg_fm_specent_precond;eeg_faa_precond;eeg_tleft_lbeta_power_precond;eeg_fl_theta_power_precond;eeg_tleft_lalpha_power_precond;eeg_pleft_halpha_power_precond"
2025-12-19 16:06:15.33951,6,"stress_label",7,32,0.0078125,0.418604651162791,0.587209302325581,0.345736434108527,7,"top7","eeg_fm_lbeta_power_precond;eeg_fm_specent_precond;eeg_faa_precond;eeg_tleft_lbeta_power_precond;eeg_fl_theta_power_precond;eeg_tleft_lalpha_power_precond;eeg_pleft_halpha_power_precond"
2025-12-19 16:06:15.353522,6,"stress_label",7,64,0.0078125,0.412790697674419,0.534883720930233,0.326356589147287,7,"top7","eeg_fm_lbeta_power_precond;eeg_fm_specent_precond;eeg_faa_precond;eeg_tleft_lbeta_power_precond;eeg_fl_theta_power_precond;eeg_tleft_lalpha_power_precond;eeg_pleft_halpha_power_precond"
2025-12-19 16:06:15.449128,6,"stress_label",7,128,0.0078125,0.441860465116279,0.447674418604651,NA,7,"top7","eeg_fm_lbeta_power_precond;eeg_fm_specent_precond;eeg_faa_precond;eeg_tleft_lbeta_power_precond;eeg_fl_theta_power_precond;eeg_tleft_lalpha_power_precond;eeg_pleft_halpha_power_precond"
2025-12-19 16:06:15.513294,6,"stress_label",7,256,0.0078125,0.447674418604651,0.447674418604651,NA,7,"top7","eeg_fm_lbeta_power_precond;eeg_fm_specent_precond;eeg_faa_precond;eeg_tleft_lbeta_power_precond;eeg_fl_theta_power_precond;eeg_tleft_lalpha_power_precond;eeg_pleft_halpha_power_precond"
2025-12-19 16:06:15.354147,6,"stress_label",7,2,0.015625,0.430232558139535,0.5,0.376744186046512,7,"top7","eeg_fm_lbeta_power_precond;eeg_fm_specent_precond;eeg_faa_precond;eeg_tleft_lbeta_power_precond;eeg_fl_theta_power_precond;eeg_tleft_lalpha_power_precond;eeg_pleft_halpha_power_precond"
2025-12-19 16:06:15.380969,6,"stress_label",7,4,0.015625,0.430232558139535,0.476744186046512,NA,7,"top7","eeg_fm_lbeta_power_precond;eeg_fm_specent_precond;eeg_faa_precond;eeg_tleft_lbeta_power_precond;eeg_fl_theta_power_precond;eeg_tleft_lalpha_power_precond;eeg_pleft_halpha_power_precond"
2025-12-19 16:06:15.367142,6,"stress_label",7,8,0.015625,0.418604651162791,0.569767441860465,0.353488372093023,7,"top7","eeg_fm_lbeta_power_precond;eeg_fm_specent_precond;eeg_faa_precond;eeg_tleft_lbeta_power_precond;eeg_fl_theta_power_precond;eeg_tleft_lalpha_power_precond;eeg_pleft_halpha_power_precond"
2025-12-19 16:06:15.344462,6,"stress_label",7,16,0.015625,0.406976744186047,0.558139534883721,0.326356589147287,7,"top7","eeg_fm_lbeta_power_precond;eeg_fm_specent_precond;eeg_faa_precond;eeg_tleft_lbeta_power_precond;eeg_fl_theta_power_precond;eeg_tleft_lalpha_power_precond;eeg_pleft_halpha_power_precond"
2025-12-19 16:06:15.374047,6,"stress_label",7,32,0.015625,0.436046511627907,0.436046511627907,0.365116279069767,7,"top7","eeg_fm_lbeta_power_precond;eeg_fm_specent_precond;eeg_faa_precond;eeg_tleft_lbeta_power_precond;eeg_fl_theta_power_precond;eeg_tleft_lalpha_power_precond;eeg_pleft_halpha_power_precond"
2025-12-19 16:06:15.413259,6,"stress_label",7,64,0.015625,0.447674418604651,0.441860465116279,NA,7,"top7","eeg_fm_lbeta_power_precond;eeg_fm_specent_precond;eeg_faa_precond;eeg_tleft_lbeta_power_precond;eeg_fl_theta_power_precond;eeg_tleft_lalpha_power_precond;eeg_pleft_halpha_power_precond"
2025-12-19 16:06:16.563168,6,"stress_label",7,128,0.015625,0.517441860465116,0.395348837209302,NA,7,"top7","eeg_fm_lbeta_power_precond;eeg_fm_specent_precond;eeg_faa_precond;eeg_tleft_lbeta_power_precond;eeg_fl_theta_power_precond;eeg_tleft_lalpha_power_precond;eeg_pleft_halpha_power_precond"
2025-12-19 16:06:16.777332,6,"stress_label",7,256,0.015625,0.517441860465116,0.459302325581395,NA,7,"top7","eeg_fm_lbeta_power_precond;eeg_fm_specent_precond;eeg_faa_precond;eeg_tleft_lbeta_power_precond;eeg_fl_theta_power_precond;eeg_tleft_lalpha_power_precond;eeg_pleft_halpha_power_precond"
2025-12-19 16:06:16.437815,6,"stress_label",7,2,0.03125,0.441860465116279,0.552325581395349,NA,7,"top7","eeg_fm_lbeta_power_precond;eeg_fm_specent_precond;eeg_faa_precond;eeg_tleft_lbeta_power_precond;eeg_fl_theta_power_precond;eeg_tleft_lalpha_power_precond;eeg_pleft_halpha_power_precond"
2025-12-19 16:06:16.453615,6,"stress_label",7,4,0.03125,0.430232558139535,0.517441860465116,0.367441860465116,7,"top7","eeg_fm_lbeta_power_precond;eeg_fm_specent_precond;eeg_faa_precond;eeg_tleft_lbeta_power_precond;eeg_fl_theta_power_precond;eeg_tleft_lalpha_power_precond;eeg_pleft_halpha_power_precond"
2025-12-19 16:06:16.406836,6,"stress_label",7,8,0.03125,0.424418604651163,0.540697674418605,0.352713178294574,7,"top7","eeg_fm_lbeta_power_precond;eeg_fm_specent_precond;eeg_faa_precond;eeg_tleft_lbeta_power_precond;eeg_fl_theta_power_precond;eeg_tleft_lalpha_power_precond;eeg_pleft_halpha_power_precond"
2025-12-19 16:06:16.468031,6,"stress_label",7,16,0.03125,0.465116279069767,0.412790697674419,NA,7,"top7","eeg_fm_lbeta_power_precond;eeg_fm_specent_precond;eeg_faa_precond;eeg_tleft_lbeta_power_precond;eeg_fl_theta_power_precond;eeg_tleft_lalpha_power_precond;eeg_pleft_halpha_power_precond"
2025-12-19 16:06:16.547401,6,"stress_label",7,32,0.03125,0.511627906976744,0.354651162790698,NA,7,"top7","eeg_fm_lbeta_power_precond;eeg_fm_specent_precond;eeg_faa_precond;eeg_tleft_lbeta_power_precond;eeg_fl_theta_power_precond;eeg_tleft_lalpha_power_precond;eeg_pleft_halpha_power_precond"
2025-12-19 16:06:16.611369,6,"stress_label",7,64,0.03125,0.529069767441861,0.395348837209302,NA,7,"top7","eeg_fm_lbeta_power_precond;eeg_fm_specent_precond;eeg_faa_precond;eeg_tleft_lbeta_power_precond;eeg_fl_theta_power_precond;eeg_tleft_lalpha_power_precond;eeg_pleft_halpha_power_precond"
2025-12-19 16:06:16.80565,6,"stress_label",7,128,0.03125,0.5,0.377906976744186,NA,7,"top7","eeg_fm_lbeta_power_precond;eeg_fm_specent_precond;eeg_faa_precond;eeg_tleft_lbeta_power_precond;eeg_fl_theta_power_precond;eeg_tleft_lalpha_power_precond;eeg_pleft_halpha_power_precond"
2025-12-19 16:06:17.102153,6,"stress_label",7,256,0.03125,0.436046511627907,0.395348837209302,NA,7,"top7","eeg_fm_lbeta_power_precond;eeg_fm_specent_precond;eeg_faa_precond;eeg_tleft_lbeta_power_precond;eeg_fl_theta_power_precond;eeg_tleft_lalpha_power_precond;eeg_pleft_halpha_power_precond"
2025-12-19 16:06:16.452286,6,"stress_label",7,2,0.0625,0.436046511627907,0.552325581395349,0.364341085271318,7,"top7","eeg_fm_lbeta_power_precond;eeg_fm_specent_precond;eeg_faa_precond;eeg_tleft_lbeta_power_precond;eeg_fl_theta_power_precond;eeg_tleft_lalpha_power_precond;eeg_pleft_halpha_power_precond"
2025-12-19 16:06:16.484105,6,"stress_label",7,4,0.0625,0.47093023255814,0.377906976744186,0.431782945736434,7,"top7","eeg_fm_lbeta_power_precond;eeg_fm_specent_precond;eeg_faa_precond;eeg_tleft_lbeta_power_precond;eeg_fl_theta_power_precond;eeg_tleft_lalpha_power_precond;eeg_pleft_halpha_power_precond"
2025-12-19 16:06:16.63029,6,"stress_label",7,8,0.0625,0.517441860465116,0.383720930232558,NA,7,"top7","eeg_fm_lbeta_power_precond;eeg_fm_specent_precond;eeg_faa_precond;eeg_tleft_lbeta_power_precond;eeg_fl_theta_power_precond;eeg_tleft_lalpha_power_precond;eeg_pleft_halpha_power_precond"
2025-12-19 16:06:16.714889,6,"stress_label",7,16,0.0625,0.534883720930233,0.372093023255814,NA,7,"top7","eeg_fm_lbeta_power_precond;eeg_fm_specent_precond;eeg_faa_precond;eeg_tleft_lbeta_power_precond;eeg_fl_theta_power_precond;eeg_tleft_lalpha_power_precond;eeg_pleft_halpha_power_precond"
2025-12-19 16:06:17.654996,6,"stress_label",7,32,0.0625,0.441860465116279,0.488372093023256,NA,7,"top7","eeg_fm_lbeta_power_precond;eeg_fm_specent_precond;eeg_faa_precond;eeg_tleft_lbeta_power_precond;eeg_fl_theta_power_precond;eeg_tleft_lalpha_power_precond;eeg_pleft_halpha_power_precond"
2025-12-19 16:06:17.77396,6,"stress_label",7,64,0.0625,0.424418604651163,0.418604651162791,NA,7,"top7","eeg_fm_lbeta_power_precond;eeg_fm_specent_precond;eeg_faa_precond;eeg_tleft_lbeta_power_precond;eeg_fl_theta_power_precond;eeg_tleft_lalpha_power_precond;eeg_pleft_halpha_power_precond"
2025-12-19 16:06:18.041465,6,"stress_label",7,128,0.0625,0.418604651162791,0.482558139534884,NA,7,"top7","eeg_fm_lbeta_power_precond;eeg_fm_specent_precond;eeg_faa_precond;eeg_tleft_lbeta_power_precond;eeg_fl_theta_power_precond;eeg_tleft_lalpha_power_precond;eeg_pleft_halpha_power_precond"
2025-12-19 16:06:18.444764,6,"stress_label",7,256,0.0625,0.453488372093023,0.38953488372093,NA,7,"top7","eeg_fm_lbeta_power_precond;eeg_fm_specent_precond;eeg_faa_precond;eeg_tleft_lbeta_power_precond;eeg_fl_theta_power_precond;eeg_tleft_lalpha_power_precond;eeg_pleft_halpha_power_precond"
2025-12-19 16:06:17.566658,6,"stress_label",7,2,0.125,0.517441860465116,0.36046511627907,NA,7,"top7","eeg_fm_lbeta_power_precond;eeg_fm_specent_precond;eeg_faa_precond;eeg_tleft_lbeta_power_precond;eeg_fl_theta_power_precond;eeg_tleft_lalpha_power_precond;eeg_pleft_halpha_power_precond"
2025-12-19 16:06:17.599898,6,"stress_label",7,4,0.125,0.546511627906977,0.412790697674419,NA,7,"top7","eeg_fm_lbeta_power_precond;eeg_fm_specent_precond;eeg_faa_precond;eeg_tleft_lbeta_power_precond;eeg_fl_theta_power_precond;eeg_tleft_lalpha_power_precond;eeg_pleft_halpha_power_precond"
2025-12-19 16:06:17.727864,6,"stress_label",7,8,0.125,0.459302325581395,0.552325581395349,NA,7,"top7","eeg_fm_lbeta_power_precond;eeg_fm_specent_precond;eeg_faa_precond;eeg_tleft_lbeta_power_precond;eeg_fl_theta_power_precond;eeg_tleft_lalpha_power_precond;eeg_pleft_halpha_power_precond"
2025-12-19 16:06:17.764937,6,"stress_label",7,16,0.125,0.453488372093023,0.488372093023256,NA,7,"top7","eeg_fm_lbeta_power_precond;eeg_fm_specent_precond;eeg_faa_precond;eeg_tleft_lbeta_power_precond;eeg_fl_theta_power_precond;eeg_tleft_lalpha_power_precond;eeg_pleft_halpha_power_precond"
2025-12-19 16:06:17.900166,6,"stress_label",7,32,0.125,0.447674418604651,0.377906976744186,NA,7,"top7","eeg_fm_lbeta_power_precond;eeg_fm_specent_precond;eeg_faa_precond;eeg_tleft_lbeta_power_precond;eeg_fl_theta_power_precond;eeg_tleft_lalpha_power_precond;eeg_pleft_halpha_power_precond"
2025-12-19 16:06:18.109612,6,"stress_label",7,64,0.125,0.465116279069767,0.476744186046512,NA,7,"top7","eeg_fm_lbeta_power_precond;eeg_fm_specent_precond;eeg_faa_precond;eeg_tleft_lbeta_power_precond;eeg_fl_theta_power_precond;eeg_tleft_lalpha_power_precond;eeg_pleft_halpha_power_precond"
2025-12-19 16:06:18.345685,6,"stress_label",7,128,0.125,0.465116279069767,0.459302325581395,NA,7,"top7","eeg_fm_lbeta_power_precond;eeg_fm_specent_precond;eeg_faa_precond;eeg_tleft_lbeta_power_precond;eeg_fl_theta_power_precond;eeg_tleft_lalpha_power_precond;eeg_pleft_halpha_power_precond"
2025-12-19 16:06:18.666611,6,"stress_label",7,256,0.125,0.465116279069767,0.505813953488372,NA,7,"top7","eeg_fm_lbeta_power_precond;eeg_fm_specent_precond;eeg_faa_precond;eeg_tleft_lbeta_power_precond;eeg_fl_theta_power_precond;eeg_tleft_lalpha_power_precond;eeg_pleft_halpha_power_precond"
2025-12-19 16:06:17.879143,6,"stress_label",7,2,0.03,0.441860465116279,0.523255813953488,NA,7,"top7","eeg_fm_lbeta_power_precond;eeg_fm_specent_precond;eeg_faa_precond;eeg_tleft_lbeta_power_precond;eeg_fl_theta_power_precond;eeg_tleft_lalpha_power_precond;eeg_pleft_halpha_power_precond"
2025-12-19 16:06:18.1879,6,"stress_label",7,4,0.03,0.430232558139535,0.546511627906977,NA,7,"top7","eeg_fm_lbeta_power_precond;eeg_fm_specent_precond;eeg_faa_precond;eeg_tleft_lbeta_power_precond;eeg_fl_theta_power_precond;eeg_tleft_lalpha_power_precond;eeg_pleft_halpha_power_precond"
2025-12-19 16:06:18.666474,6,"stress_label",7,8,0.03,0.418604651162791,0.581395348837209,0.334108527131783,7,"top7","eeg_fm_lbeta_power_precond;eeg_fm_specent_precond;eeg_faa_precond;eeg_tleft_lbeta_power_precond;eeg_fl_theta_power_precond;eeg_tleft_lalpha_power_precond;eeg_pleft_halpha_power_precond"
2025-12-19 16:06:18.73423,6,"stress_label",7,16,0.03,0.47093023255814,0.47093023255814,NA,7,"top7","eeg_fm_lbeta_power_precond;eeg_fm_specent_precond;eeg_faa_precond;eeg_tleft_lbeta_power_precond;eeg_fl_theta_power_precond;eeg_tleft_lalpha_power_precond;eeg_pleft_halpha_power_precond"
2025-12-19 16:06:18.821282,6,"stress_label",7,32,0.03,0.5,0.418604651162791,NA,7,"top7","eeg_fm_lbeta_power_precond;eeg_fm_specent_precond;eeg_faa_precond;eeg_tleft_lbeta_power_precond;eeg_fl_theta_power_precond;eeg_tleft_lalpha_power_precond;eeg_pleft_halpha_power_precond"
2025-12-19 16:06:18.992993,6,"stress_label",7,64,0.03,0.5,0.430232558139535,NA,7,"top7","eeg_fm_lbeta_power_precond;eeg_fm_specent_precond;eeg_faa_precond;eeg_tleft_lbeta_power_precond;eeg_fl_theta_power_precond;eeg_tleft_lalpha_power_precond;eeg_pleft_halpha_power_precond"
2025-12-19 16:06:19.195993,6,"stress_label",7,128,0.03,0.5,0.424418604651163,NA,7,"top7","eeg_fm_lbeta_power_precond;eeg_fm_specent_precond;eeg_faa_precond;eeg_tleft_lbeta_power_precond;eeg_fl_theta_power_precond;eeg_tleft_lalpha_power_precond;eeg_pleft_halpha_power_precond"
2025-12-19 16:06:19.448706,6,"stress_label",7,256,0.03,0.436046511627907,0.424418604651163,NA,7,"top7","eeg_fm_lbeta_power_precond;eeg_fm_specent_precond;eeg_faa_precond;eeg_tleft_lbeta_power_precond;eeg_fl_theta_power_precond;eeg_tleft_lalpha_power_precond;eeg_pleft_halpha_power_precond"
2025-12-19 16:06:18.956988,6,"stress_label",7,2,0.06,0.436046511627907,0.523255813953488,0.364341085271318,7,"top7","eeg_fm_lbeta_power_precond;eeg_fm_specent_precond;eeg_faa_precond;eeg_tleft_lbeta_power_precond;eeg_fl_theta_power_precond;eeg_tleft_lalpha_power_precond;eeg_pleft_halpha_power_precond"
2025-12-19 16:06:19.007512,6,"stress_label",7,4,0.06,0.465116279069767,0.430232558139535,0.417829457364341,7,"top7","eeg_fm_lbeta_power_precond;eeg_fm_specent_precond;eeg_faa_precond;eeg_tleft_lbeta_power_precond;eeg_fl_theta_power_precond;eeg_tleft_lalpha_power_precond;eeg_pleft_halpha_power_precond"
2025-12-19 16:06:19.18638,6,"stress_label",7,8,0.06,0.529069767441861,0.38953488372093,NA,7,"top7","eeg_fm_lbeta_power_precond;eeg_fm_specent_precond;eeg_faa_precond;eeg_tleft_lbeta_power_precond;eeg_fl_theta_power_precond;eeg_tleft_lalpha_power_precond;eeg_pleft_halpha_power_precond"
2025-12-19 16:06:19.350631,6,"stress_label",7,16,0.06,0.529069767441861,0.38953488372093,NA,7,"top7","eeg_fm_lbeta_power_precond;eeg_fm_specent_precond;eeg_faa_precond;eeg_tleft_lbeta_power_precond;eeg_fl_theta_power_precond;eeg_tleft_lalpha_power_precond;eeg_pleft_halpha_power_precond"
2025-12-19 16:06:19.437081,6,"stress_label",7,32,0.06,0.459302325581395,0.447674418604651,NA,7,"top7","eeg_fm_lbeta_power_precond;eeg_fm_specent_precond;eeg_faa_precond;eeg_tleft_lbeta_power_precond;eeg_fl_theta_power_precond;eeg_tleft_lalpha_power_precond;eeg_pleft_halpha_power_precond"
2025-12-19 16:06:19.636978,6,"stress_label",7,64,0.06,0.424418604651163,0.505813953488372,NA,7,"top7","eeg_fm_lbeta_power_precond;eeg_fm_specent_precond;eeg_faa_precond;eeg_tleft_lbeta_power_precond;eeg_fl_theta_power_precond;eeg_tleft_lalpha_power_precond;eeg_pleft_halpha_power_precond"
2025-12-19 16:06:19.91796,6,"stress_label",7,128,0.06,0.418604651162791,0.430232558139535,NA,7,"top7","eeg_fm_lbeta_power_precond;eeg_fm_specent_precond;eeg_faa_precond;eeg_tleft_lbeta_power_precond;eeg_fl_theta_power_precond;eeg_tleft_lalpha_power_precond;eeg_pleft_halpha_power_precond"
2025-12-19 16:06:20.295174,6,"stress_label",7,256,0.06,0.436046511627907,0.418604651162791,NA,7,"top7","eeg_fm_lbeta_power_precond;eeg_fm_specent_precond;eeg_faa_precond;eeg_tleft_lbeta_power_precond;eeg_fl_theta_power_precond;eeg_tleft_lalpha_power_precond;eeg_pleft_halpha_power_precond"
2025-12-19 16:06:19.687438,6,"stress_label",7,2,0.1,0.505813953488372,0.430232558139535,NA,7,"top7","eeg_fm_lbeta_power_precond;eeg_fm_specent_precond;eeg_faa_precond;eeg_tleft_lbeta_power_precond;eeg_fl_theta_power_precond;eeg_tleft_lalpha_power_precond;eeg_pleft_halpha_power_precond"
2025-12-19 16:06:19.796029,6,"stress_label",7,4,0.1,0.529069767441861,0.476744186046512,NA,7,"top7","eeg_fm_lbeta_power_precond;eeg_fm_specent_precond;eeg_faa_precond;eeg_tleft_lbeta_power_precond;eeg_fl_theta_power_precond;eeg_tleft_lalpha_power_precond;eeg_pleft_halpha_power_precond"
2025-12-19 16:06:19.873349,6,"stress_label",7,8,0.1,0.523255813953488,0.424418604651163,NA,7,"top7","eeg_fm_lbeta_power_precond;eeg_fm_specent_precond;eeg_faa_precond;eeg_tleft_lbeta_power_precond;eeg_fl_theta_power_precond;eeg_tleft_lalpha_power_precond;eeg_pleft_halpha_power_precond"
2025-12-19 16:06:20.009523,6,"stress_label",7,16,0.1,0.418604651162791,0.494186046511628,NA,7,"top7","eeg_fm_lbeta_power_precond;eeg_fm_specent_precond;eeg_faa_precond;eeg_tleft_lbeta_power_precond;eeg_fl_theta_power_precond;eeg_tleft_lalpha_power_precond;eeg_pleft_halpha_power_precond"
2025-12-19 16:06:20.081561,6,"stress_label",7,32,0.1,0.453488372093023,0.447674418604651,NA,7,"top7","eeg_fm_lbeta_power_precond;eeg_fm_specent_precond;eeg_faa_precond;eeg_tleft_lbeta_power_precond;eeg_fl_theta_power_precond;eeg_tleft_lalpha_power_precond;eeg_pleft_halpha_power_precond"
2025-12-19 16:06:20.200232,6,"stress_label",7,64,0.1,0.436046511627907,0.494186046511628,NA,7,"top7","eeg_fm_lbeta_power_precond;eeg_fm_specent_precond;eeg_faa_precond;eeg_tleft_lbeta_power_precond;eeg_fl_theta_power_precond;eeg_tleft_lalpha_power_precond;eeg_pleft_halpha_power_precond"
2025-12-19 16:06:20.454615,6,"stress_label",7,128,0.1,0.476744186046512,0.424418604651163,NA,7,"top7","eeg_fm_lbeta_power_precond;eeg_fm_specent_precond;eeg_faa_precond;eeg_tleft_lbeta_power_precond;eeg_fl_theta_power_precond;eeg_tleft_lalpha_power_precond;eeg_pleft_halpha_power_precond"
2025-12-19 16:06:20.627471,6,"stress_label",7,256,0.1,0.476744186046512,0.430232558139535,NA,7,"top7","eeg_fm_lbeta_power_precond;eeg_fm_specent_precond;eeg_faa_precond;eeg_tleft_lbeta_power_precond;eeg_fl_theta_power_precond;eeg_tleft_lalpha_power_precond;eeg_pleft_halpha_power_precond"
2025-12-19 16:06:21.874962,7,"stress_label",7,2,0.0078125,0.453488372093023,0.465116279069767,0.430232558139535,7,"top7","eeg_fm_lbeta_power_precond;eeg_fm_specent_precond;eeg_tleft_lbeta_power_precond;eeg_faa_precond;eeg_tleft_lalpha_power_precond;eeg_ta_ratio_precond;eeg_tb_ratio_precond"
2025-12-19 16:06:21.910634,7,"stress_label",7,4,0.0078125,0.476744186046512,0.418604651162791,0.446511627906977,7,"top7","eeg_fm_lbeta_power_precond;eeg_fm_specent_precond;eeg_tleft_lbeta_power_precond;eeg_faa_precond;eeg_tleft_lalpha_power_precond;eeg_ta_ratio_precond;eeg_tb_ratio_precond"
2025-12-19 16:06:21.85811,7,"stress_label",7,8,0.0078125,0.476744186046512,0.494186046511628,0.437209302325581,7,"top7","eeg_fm_lbeta_power_precond;eeg_fm_specent_precond;eeg_tleft_lbeta_power_precond;eeg_faa_precond;eeg_tleft_lalpha_power_precond;eeg_ta_ratio_precond;eeg_tb_ratio_precond"
2025-12-19 16:06:21.898082,7,"stress_label",7,16,0.0078125,0.465116279069767,0.447674418604651,0.417829457364341,7,"top7","eeg_fm_lbeta_power_precond;eeg_fm_specent_precond;eeg_tleft_lbeta_power_precond;eeg_faa_precond;eeg_tleft_lalpha_power_precond;eeg_ta_ratio_precond;eeg_tb_ratio_precond"
2025-12-19 16:06:21.888043,7,"stress_label",7,32,0.0078125,0.447674418604651,0.38953488372093,0.382945736434109,7,"top7","eeg_fm_lbeta_power_precond;eeg_fm_specent_precond;eeg_tleft_lbeta_power_precond;eeg_faa_precond;eeg_tleft_lalpha_power_precond;eeg_ta_ratio_precond;eeg_tb_ratio_precond"
2025-12-19 16:06:21.966502,7,"stress_label",7,64,0.0078125,0.465116279069767,0.494186046511628,NA,7,"top7","eeg_fm_lbeta_power_precond;eeg_fm_specent_precond;eeg_tleft_lbeta_power_precond;eeg_faa_precond;eeg_tleft_lalpha_power_precond;eeg_ta_ratio_precond;eeg_tb_ratio_precond"
2025-12-19 16:06:22.016413,7,"stress_label",7,128,0.0078125,0.459302325581395,0.453488372093023,0.411627906976744,7,"top7","eeg_fm_lbeta_power_precond;eeg_fm_specent_precond;eeg_tleft_lbeta_power_precond;eeg_faa_precond;eeg_tleft_lalpha_power_precond;eeg_ta_ratio_precond;eeg_tb_ratio_precond"
2025-12-19 16:06:22.089748,7,"stress_label",7,256,0.0078125,0.453488372093023,0.447674418604651,0.403875968992248,7,"top7","eeg_fm_lbeta_power_precond;eeg_fm_specent_precond;eeg_tleft_lbeta_power_precond;eeg_faa_precond;eeg_tleft_lalpha_power_precond;eeg_ta_ratio_precond;eeg_tb_ratio_precond"
2025-12-19 16:06:21.933191,7,"stress_label",7,2,0.015625,0.476744186046512,0.366279069767442,0.445736434108527,7,"top7","eeg_fm_lbeta_power_precond;eeg_fm_specent_precond;eeg_tleft_lbeta_power_precond;eeg_faa_precond;eeg_tleft_lalpha_power_precond;eeg_ta_ratio_precond;eeg_tb_ratio_precond"
2025-12-19 16:06:21.935621,7,"stress_label",7,4,0.015625,0.459302325581395,0.482558139534884,0.417829457364341,7,"top7","eeg_fm_lbeta_power_precond;eeg_fm_specent_precond;eeg_tleft_lbeta_power_precond;eeg_faa_precond;eeg_tleft_lalpha_power_precond;eeg_ta_ratio_precond;eeg_tb_ratio_precond"
2025-12-19 16:06:21.909183,7,"stress_label",7,8,0.015625,0.465116279069767,0.488372093023256,0.405426356589147,7,"top7","eeg_fm_lbeta_power_precond;eeg_fm_specent_precond;eeg_tleft_lbeta_power_precond;eeg_faa_precond;eeg_tleft_lalpha_power_precond;eeg_ta_ratio_precond;eeg_tb_ratio_precond"
2025-12-19 16:06:21.921019,7,"stress_label",7,16,0.015625,0.465116279069767,0.465116279069767,0.406976744186047,7,"top7","eeg_fm_lbeta_power_precond;eeg_fm_specent_precond;eeg_tleft_lbeta_power_precond;eeg_faa_precond;eeg_tleft_lalpha_power_precond;eeg_ta_ratio_precond;eeg_tb_ratio_precond"
2025-12-19 16:06:21.940216,7,"stress_label",7,32,0.015625,0.447674418604651,0.5,0.392248062015504,7,"top7","eeg_fm_lbeta_power_precond;eeg_fm_specent_precond;eeg_tleft_lbeta_power_precond;eeg_faa_precond;eeg_tleft_lalpha_power_precond;eeg_ta_ratio_precond;eeg_tb_ratio_precond"
2025-12-19 16:06:21.988348,7,"stress_label",7,64,0.015625,0.447674418604651,0.529069767441861,0.392248062015504,7,"top7","eeg_fm_lbeta_power_precond;eeg_fm_specent_precond;eeg_tleft_lbeta_power_precond;eeg_faa_precond;eeg_tleft_lalpha_power_precond;eeg_ta_ratio_precond;eeg_tb_ratio_precond"
2025-12-19 16:06:23.17427,7,"stress_label",7,128,0.015625,0.476744186046512,0.47093023255814,NA,7,"top7","eeg_fm_lbeta_power_precond;eeg_fm_specent_precond;eeg_tleft_lbeta_power_precond;eeg_faa_precond;eeg_tleft_lalpha_power_precond;eeg_ta_ratio_precond;eeg_tb_ratio_precond"
2025-12-19 16:06:23.354269,7,"stress_label",7,256,0.015625,0.47093023255814,0.453488372093023,NA,7,"top7","eeg_fm_lbeta_power_precond;eeg_fm_specent_precond;eeg_tleft_lbeta_power_precond;eeg_faa_precond;eeg_tleft_lalpha_power_precond;eeg_ta_ratio_precond;eeg_tb_ratio_precond"
2025-12-19 16:06:23.043715,7,"stress_label",7,2,0.03125,0.47093023255814,0.540697674418605,0.424806201550388,7,"top7","eeg_fm_lbeta_power_precond;eeg_fm_specent_precond;eeg_tleft_lbeta_power_precond;eeg_faa_precond;eeg_tleft_lalpha_power_precond;eeg_ta_ratio_precond;eeg_tb_ratio_precond"
2025-12-19 16:06:23.036179,7,"stress_label",7,4,0.03125,0.476744186046512,0.5,0.428682170542636,7,"top7","eeg_fm_lbeta_power_precond;eeg_fm_specent_precond;eeg_tleft_lbeta_power_precond;eeg_faa_precond;eeg_tleft_lalpha_power_precond;eeg_ta_ratio_precond;eeg_tb_ratio_precond"
2025-12-19 16:06:23.039361,7,"stress_label",7,8,0.03125,0.453488372093023,0.523255813953488,NA,7,"top7","eeg_fm_lbeta_power_precond;eeg_fm_specent_precond;eeg_tleft_lbeta_power_precond;eeg_faa_precond;eeg_tleft_lalpha_power_precond;eeg_ta_ratio_precond;eeg_tb_ratio_precond"
2025-12-19 16:06:23.158098,7,"stress_label",7,16,0.03125,0.447674418604651,0.558139534883721,0.402325581395349,7,"top7","eeg_fm_lbeta_power_precond;eeg_fm_specent_precond;eeg_tleft_lbeta_power_precond;eeg_faa_precond;eeg_tleft_lalpha_power_precond;eeg_ta_ratio_precond;eeg_tb_ratio_precond"
2025-12-19 16:06:23.119335,7,"stress_label",7,32,0.03125,0.476744186046512,0.430232558139535,NA,7,"top7","eeg_fm_lbeta_power_precond;eeg_fm_specent_precond;eeg_tleft_lbeta_power_precond;eeg_faa_precond;eeg_tleft_lalpha_power_precond;eeg_ta_ratio_precond;eeg_tb_ratio_precond"
2025-12-19 16:06:23.234112,7,"stress_label",7,64,0.03125,0.47093023255814,0.441860465116279,NA,7,"top7","eeg_fm_lbeta_power_precond;eeg_fm_specent_precond;eeg_tleft_lbeta_power_precond;eeg_faa_precond;eeg_tleft_lalpha_power_precond;eeg_ta_ratio_precond;eeg_tb_ratio_precond"
2025-12-19 16:06:23.370548,7,"stress_label",7,128,0.03125,0.476744186046512,0.453488372093023,NA,7,"top7","eeg_fm_lbeta_power_precond;eeg_fm_specent_precond;eeg_tleft_lbeta_power_precond;eeg_faa_precond;eeg_tleft_lalpha_power_precond;eeg_ta_ratio_precond;eeg_tb_ratio_precond"
2025-12-19 16:06:23.707661,7,"stress_label",7,256,0.03125,0.523255813953488,0.412790697674419,NA,7,"top7","eeg_fm_lbeta_power_precond;eeg_fm_specent_precond;eeg_tleft_lbeta_power_precond;eeg_faa_precond;eeg_tleft_lalpha_power_precond;eeg_ta_ratio_precond;eeg_tb_ratio_precond"
2025-12-19 16:06:23.114603,7,"stress_label",7,2,0.0625,0.459302325581395,0.482558139534884,NA,7,"top7","eeg_fm_lbeta_power_precond;eeg_fm_specent_precond;eeg_tleft_lbeta_power_precond;eeg_faa_precond;eeg_tleft_lalpha_power_precond;eeg_ta_ratio_precond;eeg_tb_ratio_precond"
2025-12-19 16:06:23.187502,7,"stress_label",7,4,0.0625,0.47093023255814,0.430232558139535,0.434108527131783,7,"top7","eeg_fm_lbeta_power_precond;eeg_fm_specent_precond;eeg_tleft_lbeta_power_precond;eeg_faa_precond;eeg_tleft_lalpha_power_precond;eeg_ta_ratio_precond;eeg_tb_ratio_precond"
2025-12-19 16:06:23.198259,7,"stress_label",7,8,0.0625,0.465116279069767,0.47093023255814,NA,7,"top7","eeg_fm_lbeta_power_precond;eeg_fm_specent_precond;eeg_tleft_lbeta_power_precond;eeg_faa_precond;eeg_tleft_lalpha_power_precond;eeg_ta_ratio_precond;eeg_tb_ratio_precond"
2025-12-19 16:06:23.312014,7,"stress_label",7,16,0.0625,0.447674418604651,0.424418604651163,NA,7,"top7","eeg_fm_lbeta_power_precond;eeg_fm_specent_precond;eeg_tleft_lbeta_power_precond;eeg_faa_precond;eeg_tleft_lalpha_power_precond;eeg_ta_ratio_precond;eeg_tb_ratio_precond"
2025-12-19 16:06:24.263476,7,"stress_label",7,32,0.0625,0.505813953488372,0.5,NA,7,"top7","eeg_fm_lbeta_power_precond;eeg_fm_specent_precond;eeg_tleft_lbeta_power_precond;eeg_faa_precond;eeg_tleft_lalpha_power_precond;eeg_ta_ratio_precond;eeg_tb_ratio_precond"
2025-12-19 16:06:24.418008,7,"stress_label",7,64,0.0625,0.494186046511628,0.465116279069767,NA,7,"top7","eeg_fm_lbeta_power_precond;eeg_fm_specent_precond;eeg_tleft_lbeta_power_precond;eeg_faa_precond;eeg_tleft_lalpha_power_precond;eeg_ta_ratio_precond;eeg_tb_ratio_precond"
2025-12-19 16:06:24.657423,7,"stress_label",7,128,0.0625,0.459302325581395,0.447674418604651,NA,7,"top7","eeg_fm_lbeta_power_precond;eeg_fm_specent_precond;eeg_tleft_lbeta_power_precond;eeg_faa_precond;eeg_tleft_lalpha_power_precond;eeg_ta_ratio_precond;eeg_tb_ratio_precond"
2025-12-19 16:06:25.079651,7,"stress_label",7,256,0.0625,0.505813953488372,0.453488372093023,NA,7,"top7","eeg_fm_lbeta_power_precond;eeg_fm_specent_precond;eeg_tleft_lbeta_power_precond;eeg_faa_precond;eeg_tleft_lalpha_power_precond;eeg_ta_ratio_precond;eeg_tb_ratio_precond"
2025-12-19 16:06:24.208946,7,"stress_label",7,2,0.125,0.476744186046512,0.488372093023256,NA,7,"top7","eeg_fm_lbeta_power_precond;eeg_fm_specent_precond;eeg_tleft_lbeta_power_precond;eeg_faa_precond;eeg_tleft_lalpha_power_precond;eeg_ta_ratio_precond;eeg_tb_ratio_precond"
2025-12-19 16:06:24.275425,7,"stress_label",7,4,0.125,0.465116279069767,0.517441860465116,NA,7,"top7","eeg_fm_lbeta_power_precond;eeg_fm_specent_precond;eeg_tleft_lbeta_power_precond;eeg_faa_precond;eeg_tleft_lalpha_power_precond;eeg_ta_ratio_precond;eeg_tb_ratio_precond"
2025-12-19 16:06:24.310039,7,"stress_label",7,8,0.125,0.529069767441861,0.383720930232558,NA,7,"top7","eeg_fm_lbeta_power_precond;eeg_fm_specent_precond;eeg_tleft_lbeta_power_precond;eeg_faa_precond;eeg_tleft_lalpha_power_precond;eeg_ta_ratio_precond;eeg_tb_ratio_precond"
2025-12-19 16:06:24.378419,7,"stress_label",7,16,0.125,0.505813953488372,0.441860465116279,NA,7,"top7","eeg_fm_lbeta_power_precond;eeg_fm_specent_precond;eeg_tleft_lbeta_power_precond;eeg_faa_precond;eeg_tleft_lalpha_power_precond;eeg_ta_ratio_precond;eeg_tb_ratio_precond"
2025-12-19 16:06:24.479808,7,"stress_label",7,32,0.125,0.523255813953488,0.441860465116279,NA,7,"top7","eeg_fm_lbeta_power_precond;eeg_fm_specent_precond;eeg_tleft_lbeta_power_precond;eeg_faa_precond;eeg_tleft_lalpha_power_precond;eeg_ta_ratio_precond;eeg_tb_ratio_precond"
2025-12-19 16:06:24.762786,7,"stress_label",7,64,0.125,0.505813953488372,0.418604651162791,NA,7,"top7","eeg_fm_lbeta_power_precond;eeg_fm_specent_precond;eeg_tleft_lbeta_power_precond;eeg_faa_precond;eeg_tleft_lalpha_power_precond;eeg_ta_ratio_precond;eeg_tb_ratio_precond"
2025-12-19 16:06:24.996448,7,"stress_label",7,128,0.125,0.517441860465116,0.453488372093023,NA,7,"top7","eeg_fm_lbeta_power_precond;eeg_fm_specent_precond;eeg_tleft_lbeta_power_precond;eeg_faa_precond;eeg_tleft_lalpha_power_precond;eeg_ta_ratio_precond;eeg_tb_ratio_precond"
2025-12-19 16:06:25.141984,7,"stress_label",7,256,0.125,0.529069767441861,0.494186046511628,NA,7,"top7","eeg_fm_lbeta_power_precond;eeg_fm_specent_precond;eeg_tleft_lbeta_power_precond;eeg_faa_precond;eeg_tleft_lalpha_power_precond;eeg_ta_ratio_precond;eeg_tb_ratio_precond"
2025-12-19 16:06:24.420926,7,"stress_label",7,2,0.03,0.47093023255814,0.453488372093023,0.424806201550388,7,"top7","eeg_fm_lbeta_power_precond;eeg_fm_specent_precond;eeg_tleft_lbeta_power_precond;eeg_faa_precond;eeg_tleft_lalpha_power_precond;eeg_ta_ratio_precond;eeg_tb_ratio_precond"
2025-12-19 16:06:24.751287,7,"stress_label",7,4,0.03,0.47093023255814,0.523255813953488,0.417054263565891,7,"top7","eeg_fm_lbeta_power_precond;eeg_fm_specent_precond;eeg_tleft_lbeta_power_precond;eeg_faa_precond;eeg_tleft_lalpha_power_precond;eeg_ta_ratio_precond;eeg_tb_ratio_precond"
2025-12-19 16:06:25.310909,7,"stress_label",7,8,0.03,0.465116279069767,0.5,NA,7,"top7","eeg_fm_lbeta_power_precond;eeg_fm_specent_precond;eeg_tleft_lbeta_power_precond;eeg_faa_precond;eeg_tleft_lalpha_power_precond;eeg_ta_ratio_precond;eeg_tb_ratio_precond"
2025-12-19 16:06:25.358034,7,"stress_label",7,16,0.03,0.447674418604651,0.488372093023256,0.409302325581395,7,"top7","eeg_fm_lbeta_power_precond;eeg_fm_specent_precond;eeg_tleft_lbeta_power_precond;eeg_faa_precond;eeg_tleft_lalpha_power_precond;eeg_ta_ratio_precond;eeg_tb_ratio_precond"
2025-12-19 16:06:25.417035,7,"stress_label",7,32,0.03,0.482558139534884,0.459302325581395,NA,7,"top7","eeg_fm_lbeta_power_precond;eeg_fm_specent_precond;eeg_tleft_lbeta_power_precond;eeg_faa_precond;eeg_tleft_lalpha_power_precond;eeg_ta_ratio_precond;eeg_tb_ratio_precond"
2025-12-19 16:06:25.531574,7,"stress_label",7,64,0.03,0.465116279069767,0.377906976744186,NA,7,"top7","eeg_fm_lbeta_power_precond;eeg_fm_specent_precond;eeg_tleft_lbeta_power_precond;eeg_faa_precond;eeg_tleft_lalpha_power_precond;eeg_ta_ratio_precond;eeg_tb_ratio_precond"
2025-12-19 16:06:25.778691,7,"stress_label",7,128,0.03,0.488372093023256,0.372093023255814,NA,7,"top7","eeg_fm_lbeta_power_precond;eeg_fm_specent_precond;eeg_tleft_lbeta_power_precond;eeg_faa_precond;eeg_tleft_lalpha_power_precond;eeg_ta_ratio_precond;eeg_tb_ratio_precond"
2025-12-19 16:06:26.111032,7,"stress_label",7,256,0.03,0.523255813953488,0.418604651162791,NA,7,"top7","eeg_fm_lbeta_power_precond;eeg_fm_specent_precond;eeg_tleft_lbeta_power_precond;eeg_faa_precond;eeg_tleft_lalpha_power_precond;eeg_ta_ratio_precond;eeg_tb_ratio_precond"
2025-12-19 16:06:25.503258,7,"stress_label",7,2,0.06,0.465116279069767,0.505813953488372,NA,7,"top7","eeg_fm_lbeta_power_precond;eeg_fm_specent_precond;eeg_tleft_lbeta_power_precond;eeg_faa_precond;eeg_tleft_lalpha_power_precond;eeg_ta_ratio_precond;eeg_tb_ratio_precond"
2025-12-19 16:06:25.564722,7,"stress_label",7,4,0.06,0.465116279069767,0.517441860465116,NA,7,"top7","eeg_fm_lbeta_power_precond;eeg_fm_specent_precond;eeg_tleft_lbeta_power_precond;eeg_faa_precond;eeg_tleft_lalpha_power_precond;eeg_ta_ratio_precond;eeg_tb_ratio_precond"
2025-12-19 16:06:25.701483,7,"stress_label",7,8,0.06,0.459302325581395,0.418604651162791,NA,7,"top7","eeg_fm_lbeta_power_precond;eeg_fm_specent_precond;eeg_tleft_lbeta_power_precond;eeg_faa_precond;eeg_tleft_lalpha_power_precond;eeg_ta_ratio_precond;eeg_tb_ratio_precond"
2025-12-19 16:06:25.884588,7,"stress_label",7,16,0.06,0.430232558139535,0.482558139534884,NA,7,"top7","eeg_fm_lbeta_power_precond;eeg_fm_specent_precond;eeg_tleft_lbeta_power_precond;eeg_faa_precond;eeg_tleft_lalpha_power_precond;eeg_ta_ratio_precond;eeg_tb_ratio_precond"
2025-12-19 16:06:25.99504,7,"stress_label",7,32,0.06,0.5,0.383720930232558,NA,7,"top7","eeg_fm_lbeta_power_precond;eeg_fm_specent_precond;eeg_tleft_lbeta_power_precond;eeg_faa_precond;eeg_tleft_lalpha_power_precond;eeg_ta_ratio_precond;eeg_tb_ratio_precond"
2025-12-19 16:06:26.32536,7,"stress_label",7,64,0.06,0.5,0.441860465116279,NA,7,"top7","eeg_fm_lbeta_power_precond;eeg_fm_specent_precond;eeg_tleft_lbeta_power_precond;eeg_faa_precond;eeg_tleft_lalpha_power_precond;eeg_ta_ratio_precond;eeg_tb_ratio_precond"
2025-12-19 16:06:26.549598,7,"stress_label",7,128,0.06,0.47093023255814,0.459302325581395,NA,7,"top7","eeg_fm_lbeta_power_precond;eeg_fm_specent_precond;eeg_tleft_lbeta_power_precond;eeg_faa_precond;eeg_tleft_lalpha_power_precond;eeg_ta_ratio_precond;eeg_tb_ratio_precond"
2025-12-19 16:06:26.877021,7,"stress_label",7,256,0.06,0.488372093023256,0.453488372093023,NA,7,"top7","eeg_fm_lbeta_power_precond;eeg_fm_specent_precond;eeg_tleft_lbeta_power_precond;eeg_faa_precond;eeg_tleft_lalpha_power_precond;eeg_ta_ratio_precond;eeg_tb_ratio_precond"
2025-12-19 16:06:26.359009,7,"stress_label",7,2,0.1,0.47093023255814,0.552325581395349,NA,7,"top7","eeg_fm_lbeta_power_precond;eeg_fm_specent_precond;eeg_tleft_lbeta_power_precond;eeg_faa_precond;eeg_tleft_lalpha_power_precond;eeg_ta_ratio_precond;eeg_tb_ratio_precond"
2025-12-19 16:06:26.416471,7,"stress_label",7,4,0.1,0.453488372093023,0.552325581395349,NA,7,"top7","eeg_fm_lbeta_power_precond;eeg_fm_specent_precond;eeg_tleft_lbeta_power_precond;eeg_faa_precond;eeg_tleft_lalpha_power_precond;eeg_ta_ratio_precond;eeg_tb_ratio_precond"
2025-12-19 16:06:26.486558,7,"stress_label",7,8,0.1,0.494186046511628,0.517441860465116,NA,7,"top7","eeg_fm_lbeta_power_precond;eeg_fm_specent_precond;eeg_tleft_lbeta_power_precond;eeg_faa_precond;eeg_tleft_lalpha_power_precond;eeg_ta_ratio_precond;eeg_tb_ratio_precond"
2025-12-19 16:06:26.591248,7,"stress_label",7,16,0.1,0.523255813953488,0.447674418604651,NA,7,"top7","eeg_fm_lbeta_power_precond;eeg_fm_specent_precond;eeg_tleft_lbeta_power_precond;eeg_faa_precond;eeg_tleft_lalpha_power_precond;eeg_ta_ratio_precond;eeg_tb_ratio_precond"
2025-12-19 16:06:26.657055,7,"stress_label",7,32,0.1,0.494186046511628,0.418604651162791,NA,7,"top7","eeg_fm_lbeta_power_precond;eeg_fm_specent_precond;eeg_tleft_lbeta_power_precond;eeg_faa_precond;eeg_tleft_lalpha_power_precond;eeg_ta_ratio_precond;eeg_tb_ratio_precond"
2025-12-19 16:06:26.810014,7,"stress_label",7,64,0.1,0.523255813953488,0.476744186046512,NA,7,"top7","eeg_fm_lbeta_power_precond;eeg_fm_specent_precond;eeg_tleft_lbeta_power_precond;eeg_faa_precond;eeg_tleft_lalpha_power_precond;eeg_ta_ratio_precond;eeg_tb_ratio_precond"
2025-12-19 16:06:27.067645,7,"stress_label",7,128,0.1,0.494186046511628,0.418604651162791,NA,7,"top7","eeg_fm_lbeta_power_precond;eeg_fm_specent_precond;eeg_tleft_lbeta_power_precond;eeg_faa_precond;eeg_tleft_lalpha_power_precond;eeg_ta_ratio_precond;eeg_tb_ratio_precond"
2025-12-19 16:06:27.26223,7,"stress_label",7,256,0.1,0.517441860465116,0.418604651162791,NA,7,"top7","eeg_fm_lbeta_power_precond;eeg_fm_specent_precond;eeg_tleft_lbeta_power_precond;eeg_faa_precond;eeg_tleft_lalpha_power_precond;eeg_ta_ratio_precond;eeg_tb_ratio_precond"
2025-12-19 16:06:28.587238,9,"stress_label",7,2,0.0078125,0.494186046511628,0.488372093023256,0.481395348837209,7,"top7","eeg_fm_lbeta_power_precond;eeg_fm_specent_precond;eeg_tleft_lbeta_power_precond;eeg_faa_precond;eeg_tleft_lalpha_power_precond;eeg_fl_theta_power_precond;eeg_pleft_hbeta_power_precond"
2025-12-19 16:06:28.558077,9,"stress_label",7,4,0.0078125,0.476744186046512,0.372093023255814,0.469767441860465,7,"top7","eeg_fm_lbeta_power_precond;eeg_fm_specent_precond;eeg_tleft_lbeta_power_precond;eeg_faa_precond;eeg_tleft_lalpha_power_precond;eeg_fl_theta_power_precond;eeg_pleft_hbeta_power_precond"
2025-12-19 16:06:28.594285,9,"stress_label",7,8,0.0078125,0.511627906976744,0.36046511627907,0.51937984496124,7,"top7","eeg_fm_lbeta_power_precond;eeg_fm_specent_precond;eeg_tleft_lbeta_power_precond;eeg_faa_precond;eeg_tleft_lalpha_power_precond;eeg_fl_theta_power_precond;eeg_pleft_hbeta_power_precond"
2025-12-19 16:06:28.563041,9,"stress_label",7,16,0.0078125,0.494186046511628,0.319767441860465,0.493023255813954,7,"top7","eeg_fm_lbeta_power_precond;eeg_fm_specent_precond;eeg_tleft_lbeta_power_precond;eeg_faa_precond;eeg_tleft_lalpha_power_precond;eeg_fl_theta_power_precond;eeg_pleft_hbeta_power_precond"
2025-12-19 16:06:28.595662,9,"stress_label",7,32,0.0078125,0.529069767441861,0.372093023255814,0.510077519379845,7,"top7","eeg_fm_lbeta_power_precond;eeg_fm_specent_precond;eeg_tleft_lbeta_power_precond;eeg_faa_precond;eeg_tleft_lalpha_power_precond;eeg_fl_theta_power_precond;eeg_pleft_hbeta_power_precond"
2025-12-19 16:06:28.65424,9,"stress_label",7,64,0.0078125,0.575581395348837,0.447674418604651,NA,7,"top7","eeg_fm_lbeta_power_precond;eeg_fm_specent_precond;eeg_tleft_lbeta_power_precond;eeg_faa_precond;eeg_tleft_lalpha_power_precond;eeg_fl_theta_power_precond;eeg_pleft_hbeta_power_precond"
2025-12-19 16:06:28.6753,9,"stress_label",7,128,0.0078125,0.523255813953488,0.482558139534884,NA,7,"top7","eeg_fm_lbeta_power_precond;eeg_fm_specent_precond;eeg_tleft_lbeta_power_precond;eeg_faa_precond;eeg_tleft_lalpha_power_precond;eeg_fl_theta_power_precond;eeg_pleft_hbeta_power_precond"
2025-12-19 16:06:28.766508,9,"stress_label",7,256,0.0078125,0.569767441860465,0.505813953488372,NA,7,"top7","eeg_fm_lbeta_power_precond;eeg_fm_specent_precond;eeg_tleft_lbeta_power_precond;eeg_faa_precond;eeg_tleft_lalpha_power_precond;eeg_fl_theta_power_precond;eeg_pleft_hbeta_power_precond"
2025-12-19 16:06:28.573502,9,"stress_label",7,2,0.015625,0.482558139534884,0.424418604651163,0.474418604651163,7,"top7","eeg_fm_lbeta_power_precond;eeg_fm_specent_precond;eeg_tleft_lbeta_power_precond;eeg_faa_precond;eeg_tleft_lalpha_power_precond;eeg_fl_theta_power_precond;eeg_pleft_hbeta_power_precond"
2025-12-19 16:06:28.59675,9,"stress_label",7,4,0.015625,0.517441860465116,0.308139534883721,0.513953488372093,7,"top7","eeg_fm_lbeta_power_precond;eeg_fm_specent_precond;eeg_tleft_lbeta_power_precond;eeg_faa_precond;eeg_tleft_lalpha_power_precond;eeg_fl_theta_power_precond;eeg_pleft_hbeta_power_precond"
2025-12-19 16:06:28.610295,9,"stress_label",7,8,0.015625,0.511627906976744,0.383720930232558,0.504651162790698,7,"top7","eeg_fm_lbeta_power_precond;eeg_fm_specent_precond;eeg_tleft_lbeta_power_precond;eeg_faa_precond;eeg_tleft_lalpha_power_precond;eeg_fl_theta_power_precond;eeg_pleft_hbeta_power_precond"
2025-12-19 16:06:28.618573,9,"stress_label",7,16,0.015625,0.558139534883721,0.372093023255814,NA,7,"top7","eeg_fm_lbeta_power_precond;eeg_fm_specent_precond;eeg_tleft_lbeta_power_precond;eeg_faa_precond;eeg_tleft_lalpha_power_precond;eeg_fl_theta_power_precond;eeg_pleft_hbeta_power_precond"
2025-12-19 16:06:28.610548,9,"stress_label",7,32,0.015625,0.529069767441861,0.494186046511628,NA,7,"top7","eeg_fm_lbeta_power_precond;eeg_fm_specent_precond;eeg_tleft_lbeta_power_precond;eeg_faa_precond;eeg_tleft_lalpha_power_precond;eeg_fl_theta_power_precond;eeg_pleft_hbeta_power_precond"
2025-12-19 16:06:28.66735,9,"stress_label",7,64,0.015625,0.546511627906977,0.511627906976744,NA,7,"top7","eeg_fm_lbeta_power_precond;eeg_fm_specent_precond;eeg_tleft_lbeta_power_precond;eeg_faa_precond;eeg_tleft_lalpha_power_precond;eeg_fl_theta_power_precond;eeg_pleft_hbeta_power_precond"
2025-12-19 16:06:29.80978,9,"stress_label",7,128,0.015625,0.563953488372093,0.511627906976744,NA,7,"top7","eeg_fm_lbeta_power_precond;eeg_fm_specent_precond;eeg_tleft_lbeta_power_precond;eeg_faa_precond;eeg_tleft_lalpha_power_precond;eeg_fl_theta_power_precond;eeg_pleft_hbeta_power_precond"
2025-12-19 16:06:30.051412,9,"stress_label",7,256,0.015625,0.558139534883721,0.418604651162791,NA,7,"top7","eeg_fm_lbeta_power_precond;eeg_fm_specent_precond;eeg_tleft_lbeta_power_precond;eeg_faa_precond;eeg_tleft_lalpha_power_precond;eeg_fl_theta_power_precond;eeg_pleft_hbeta_power_precond"
2025-12-19 16:06:29.637554,9,"stress_label",7,2,0.03125,0.511627906976744,0.406976744186047,0.482945736434109,7,"top7","eeg_fm_lbeta_power_precond;eeg_fm_specent_precond;eeg_tleft_lbeta_power_precond;eeg_faa_precond;eeg_tleft_lalpha_power_precond;eeg_fl_theta_power_precond;eeg_pleft_hbeta_power_precond"
2025-12-19 16:06:29.697186,9,"stress_label",7,4,0.03125,0.523255813953488,0.424418604651163,NA,7,"top7","eeg_fm_lbeta_power_precond;eeg_fm_specent_precond;eeg_tleft_lbeta_power_precond;eeg_faa_precond;eeg_tleft_lalpha_power_precond;eeg_fl_theta_power_precond;eeg_pleft_hbeta_power_precond"
2025-12-19 16:06:29.729873,9,"stress_label",7,8,0.03125,0.540697674418605,0.401162790697674,NA,7,"top7","eeg_fm_lbeta_power_precond;eeg_fm_specent_precond;eeg_tleft_lbeta_power_precond;eeg_faa_precond;eeg_tleft_lalpha_power_precond;eeg_fl_theta_power_precond;eeg_pleft_hbeta_power_precond"
2025-12-19 16:06:29.684813,9,"stress_label",7,16,0.03125,0.546511627906977,0.465116279069767,NA,7,"top7","eeg_fm_lbeta_power_precond;eeg_fm_specent_precond;eeg_tleft_lbeta_power_precond;eeg_faa_precond;eeg_tleft_lalpha_power_precond;eeg_fl_theta_power_precond;eeg_pleft_hbeta_power_precond"
2025-12-19 16:06:29.730134,9,"stress_label",7,32,0.03125,0.581395348837209,0.505813953488372,NA,7,"top7","eeg_fm_lbeta_power_precond;eeg_fm_specent_precond;eeg_tleft_lbeta_power_precond;eeg_faa_precond;eeg_tleft_lalpha_power_precond;eeg_fl_theta_power_precond;eeg_pleft_hbeta_power_precond"
2025-12-19 16:06:29.887396,9,"stress_label",7,64,0.03125,0.575581395348837,0.563953488372093,NA,7,"top7","eeg_fm_lbeta_power_precond;eeg_fm_specent_precond;eeg_tleft_lbeta_power_precond;eeg_faa_precond;eeg_tleft_lalpha_power_precond;eeg_fl_theta_power_precond;eeg_pleft_hbeta_power_precond"
2025-12-19 16:06:30.036871,9,"stress_label",7,128,0.03125,0.569767441860465,0.540697674418605,NA,7,"top7","eeg_fm_lbeta_power_precond;eeg_fm_specent_precond;eeg_tleft_lbeta_power_precond;eeg_faa_precond;eeg_tleft_lalpha_power_precond;eeg_fl_theta_power_precond;eeg_pleft_hbeta_power_precond"
2025-12-19 16:06:30.381303,9,"stress_label",7,256,0.03125,0.540697674418605,0.47093023255814,NA,7,"top7","eeg_fm_lbeta_power_precond;eeg_fm_specent_precond;eeg_tleft_lbeta_power_precond;eeg_faa_precond;eeg_tleft_lalpha_power_precond;eeg_fl_theta_power_precond;eeg_pleft_hbeta_power_precond"
2025-12-19 16:06:29.815888,9,"stress_label",7,2,0.0625,0.523255813953488,0.465116279069767,NA,7,"top7","eeg_fm_lbeta_power_precond;eeg_fm_specent_precond;eeg_tleft_lbeta_power_precond;eeg_faa_precond;eeg_tleft_lalpha_power_precond;eeg_fl_theta_power_precond;eeg_pleft_hbeta_power_precond"
2025-12-19 16:06:29.782724,9,"stress_label",7,4,0.0625,0.552325581395349,0.459302325581395,NA,7,"top7","eeg_fm_lbeta_power_precond;eeg_fm_specent_precond;eeg_tleft_lbeta_power_precond;eeg_faa_precond;eeg_tleft_lalpha_power_precond;eeg_fl_theta_power_precond;eeg_pleft_hbeta_power_precond"
2025-12-19 16:06:29.798735,9,"stress_label",7,8,0.0625,0.581395348837209,0.482558139534884,NA,7,"top7","eeg_fm_lbeta_power_precond;eeg_fm_specent_precond;eeg_tleft_lbeta_power_precond;eeg_faa_precond;eeg_tleft_lalpha_power_precond;eeg_fl_theta_power_precond;eeg_pleft_hbeta_power_precond"
2025-12-19 16:06:29.970846,9,"stress_label",7,16,0.0625,0.593023255813954,0.552325581395349,NA,7,"top7","eeg_fm_lbeta_power_precond;eeg_fm_specent_precond;eeg_tleft_lbeta_power_precond;eeg_faa_precond;eeg_tleft_lalpha_power_precond;eeg_fl_theta_power_precond;eeg_pleft_hbeta_power_precond"
2025-12-19 16:06:30.930758,9,"stress_label",7,32,0.0625,0.558139534883721,0.447674418604651,NA,7,"top7","eeg_fm_lbeta_power_precond;eeg_fm_specent_precond;eeg_tleft_lbeta_power_precond;eeg_faa_precond;eeg_tleft_lalpha_power_precond;eeg_fl_theta_power_precond;eeg_pleft_hbeta_power_precond"
2025-12-19 16:06:31.065302,9,"stress_label",7,64,0.0625,0.534883720930233,0.424418604651163,NA,7,"top7","eeg_fm_lbeta_power_precond;eeg_fm_specent_precond;eeg_tleft_lbeta_power_precond;eeg_faa_precond;eeg_tleft_lalpha_power_precond;eeg_fl_theta_power_precond;eeg_pleft_hbeta_power_precond"
2025-12-19 16:06:31.260719,9,"stress_label",7,128,0.0625,0.529069767441861,0.488372093023256,NA,7,"top7","eeg_fm_lbeta_power_precond;eeg_fm_specent_precond;eeg_tleft_lbeta_power_precond;eeg_faa_precond;eeg_tleft_lalpha_power_precond;eeg_fl_theta_power_precond;eeg_pleft_hbeta_power_precond"
2025-12-19 16:06:31.693983,9,"stress_label",7,256,0.0625,0.488372093023256,0.505813953488372,NA,7,"top7","eeg_fm_lbeta_power_precond;eeg_fm_specent_precond;eeg_tleft_lbeta_power_precond;eeg_faa_precond;eeg_tleft_lalpha_power_precond;eeg_fl_theta_power_precond;eeg_pleft_hbeta_power_precond"
2025-12-19 16:06:30.864397,9,"stress_label",7,2,0.125,0.558139534883721,0.494186046511628,NA,7,"top7","eeg_fm_lbeta_power_precond;eeg_fm_specent_precond;eeg_tleft_lbeta_power_precond;eeg_faa_precond;eeg_tleft_lalpha_power_precond;eeg_fl_theta_power_precond;eeg_pleft_hbeta_power_precond"
2025-12-19 16:06:30.93187,9,"stress_label",7,4,0.125,0.575581395348837,0.47093023255814,NA,7,"top7","eeg_fm_lbeta_power_precond;eeg_fm_specent_precond;eeg_tleft_lbeta_power_precond;eeg_faa_precond;eeg_tleft_lalpha_power_precond;eeg_fl_theta_power_precond;eeg_pleft_hbeta_power_precond"
2025-12-19 16:06:30.984663,9,"stress_label",7,8,0.125,0.575581395348837,0.523255813953488,NA,7,"top7","eeg_fm_lbeta_power_precond;eeg_fm_specent_precond;eeg_tleft_lbeta_power_precond;eeg_faa_precond;eeg_tleft_lalpha_power_precond;eeg_fl_theta_power_precond;eeg_pleft_hbeta_power_precond"
2025-12-19 16:06:31.033981,9,"stress_label",7,16,0.125,0.569767441860465,0.38953488372093,NA,7,"top7","eeg_fm_lbeta_power_precond;eeg_fm_specent_precond;eeg_tleft_lbeta_power_precond;eeg_faa_precond;eeg_tleft_lalpha_power_precond;eeg_fl_theta_power_precond;eeg_pleft_hbeta_power_precond"
2025-12-19 16:06:31.105374,9,"stress_label",7,32,0.125,0.505813953488372,0.36046511627907,NA,7,"top7","eeg_fm_lbeta_power_precond;eeg_fm_specent_precond;eeg_tleft_lbeta_power_precond;eeg_faa_precond;eeg_tleft_lalpha_power_precond;eeg_fl_theta_power_precond;eeg_pleft_hbeta_power_precond"
2025-12-19 16:06:31.31689,9,"stress_label",7,64,0.125,0.488372093023256,0.441860465116279,NA,7,"top7","eeg_fm_lbeta_power_precond;eeg_fm_specent_precond;eeg_tleft_lbeta_power_precond;eeg_faa_precond;eeg_tleft_lalpha_power_precond;eeg_fl_theta_power_precond;eeg_pleft_hbeta_power_precond"
2025-12-19 16:06:31.611237,9,"stress_label",7,128,0.125,0.482558139534884,0.412790697674419,NA,7,"top7","eeg_fm_lbeta_power_precond;eeg_fm_specent_precond;eeg_tleft_lbeta_power_precond;eeg_faa_precond;eeg_tleft_lalpha_power_precond;eeg_fl_theta_power_precond;eeg_pleft_hbeta_power_precond"
2025-12-19 16:06:31.853489,9,"stress_label",7,256,0.125,0.436046511627907,0.558139534883721,NA,7,"top7","eeg_fm_lbeta_power_precond;eeg_fm_specent_precond;eeg_tleft_lbeta_power_precond;eeg_faa_precond;eeg_tleft_lalpha_power_precond;eeg_fl_theta_power_precond;eeg_pleft_hbeta_power_precond"
2025-12-19 16:06:31.101158,9,"stress_label",7,2,0.03,0.517441860465116,0.372093023255814,0.494573643410853,7,"top7","eeg_fm_lbeta_power_precond;eeg_fm_specent_precond;eeg_tleft_lbeta_power_precond;eeg_faa_precond;eeg_tleft_lalpha_power_precond;eeg_fl_theta_power_precond;eeg_pleft_hbeta_power_precond"
2025-12-19 16:06:31.413828,9,"stress_label",7,4,0.03,0.517441860465116,0.424418604651163,0.487596899224806,7,"top7","eeg_fm_lbeta_power_precond;eeg_fm_specent_precond;eeg_tleft_lbeta_power_precond;eeg_faa_precond;eeg_tleft_lalpha_power_precond;eeg_fl_theta_power_precond;eeg_pleft_hbeta_power_precond"
2025-12-19 16:06:32.010349,9,"stress_label",7,8,0.03,0.546511627906977,0.343023255813953,NA,7,"top7","eeg_fm_lbeta_power_precond;eeg_fm_specent_precond;eeg_tleft_lbeta_power_precond;eeg_faa_precond;eeg_tleft_lalpha_power_precond;eeg_fl_theta_power_precond;eeg_pleft_hbeta_power_precond"
2025-12-19 16:06:32.042449,9,"stress_label",7,16,0.03,0.529069767441861,0.558139534883721,NA,7,"top7","eeg_fm_lbeta_power_precond;eeg_fm_specent_precond;eeg_tleft_lbeta_power_precond;eeg_faa_precond;eeg_tleft_lalpha_power_precond;eeg_fl_theta_power_precond;eeg_pleft_hbeta_power_precond"
2025-12-19 16:06:32.101742,9,"stress_label",7,32,0.03,0.581395348837209,0.546511627906977,NA,7,"top7","eeg_fm_lbeta_power_precond;eeg_fm_specent_precond;eeg_tleft_lbeta_power_precond;eeg_faa_precond;eeg_tleft_lalpha_power_precond;eeg_fl_theta_power_precond;eeg_pleft_hbeta_power_precond"
2025-12-19 16:06:32.235294,9,"stress_label",7,64,0.03,0.575581395348837,0.529069767441861,NA,7,"top7","eeg_fm_lbeta_power_precond;eeg_fm_specent_precond;eeg_tleft_lbeta_power_precond;eeg_faa_precond;eeg_tleft_lalpha_power_precond;eeg_fl_theta_power_precond;eeg_pleft_hbeta_power_precond"
2025-12-19 16:06:32.443822,9,"stress_label",7,128,0.03,0.546511627906977,0.476744186046512,NA,7,"top7","eeg_fm_lbeta_power_precond;eeg_fm_specent_precond;eeg_tleft_lbeta_power_precond;eeg_faa_precond;eeg_tleft_lalpha_power_precond;eeg_fl_theta_power_precond;eeg_pleft_hbeta_power_precond"
2025-12-19 16:06:32.73804,9,"stress_label",7,256,0.03,0.540697674418605,0.36046511627907,NA,7,"top7","eeg_fm_lbeta_power_precond;eeg_fm_specent_precond;eeg_tleft_lbeta_power_precond;eeg_faa_precond;eeg_tleft_lalpha_power_precond;eeg_fl_theta_power_precond;eeg_pleft_hbeta_power_precond"
2025-12-19 16:06:32.206487,9,"stress_label",7,2,0.06,0.529069767441861,0.401162790697674,NA,7,"top7","eeg_fm_lbeta_power_precond;eeg_fm_specent_precond;eeg_tleft_lbeta_power_precond;eeg_faa_precond;eeg_tleft_lalpha_power_precond;eeg_fl_theta_power_precond;eeg_pleft_hbeta_power_precond"
2025-12-19 16:06:32.231155,9,"stress_label",7,4,0.06,0.540697674418605,0.523255813953488,NA,7,"top7","eeg_fm_lbeta_power_precond;eeg_fm_specent_precond;eeg_tleft_lbeta_power_precond;eeg_faa_precond;eeg_tleft_lalpha_power_precond;eeg_fl_theta_power_precond;eeg_pleft_hbeta_power_precond"
2025-12-19 16:06:32.396732,9,"stress_label",7,8,0.06,0.581395348837209,0.552325581395349,NA,7,"top7","eeg_fm_lbeta_power_precond;eeg_fm_specent_precond;eeg_tleft_lbeta_power_precond;eeg_faa_precond;eeg_tleft_lalpha_power_precond;eeg_fl_theta_power_precond;eeg_pleft_hbeta_power_precond"
2025-12-19 16:06:32.47305,9,"stress_label",7,16,0.06,0.598837209302326,0.517441860465116,NA,7,"top7","eeg_fm_lbeta_power_precond;eeg_fm_specent_precond;eeg_tleft_lbeta_power_precond;eeg_faa_precond;eeg_tleft_lalpha_power_precond;eeg_fl_theta_power_precond;eeg_pleft_hbeta_power_precond"
2025-12-19 16:06:32.655095,9,"stress_label",7,32,0.06,0.563953488372093,0.476744186046512,NA,7,"top7","eeg_fm_lbeta_power_precond;eeg_fm_specent_precond;eeg_tleft_lbeta_power_precond;eeg_faa_precond;eeg_tleft_lalpha_power_precond;eeg_fl_theta_power_precond;eeg_pleft_hbeta_power_precond"
2025-12-19 16:06:32.919431,9,"stress_label",7,64,0.06,0.552325581395349,0.447674418604651,NA,7,"top7","eeg_fm_lbeta_power_precond;eeg_fm_specent_precond;eeg_tleft_lbeta_power_precond;eeg_faa_precond;eeg_tleft_lalpha_power_precond;eeg_fl_theta_power_precond;eeg_pleft_hbeta_power_precond"
2025-12-19 16:06:33.159284,9,"stress_label",7,128,0.06,0.534883720930233,0.383720930232558,NA,7,"top7","eeg_fm_lbeta_power_precond;eeg_fm_specent_precond;eeg_tleft_lbeta_power_precond;eeg_faa_precond;eeg_tleft_lalpha_power_precond;eeg_fl_theta_power_precond;eeg_pleft_hbeta_power_precond"
2025-12-19 16:06:33.481529,9,"stress_label",7,256,0.06,0.5,0.505813953488372,NA,7,"top7","eeg_fm_lbeta_power_precond;eeg_fm_specent_precond;eeg_tleft_lbeta_power_precond;eeg_faa_precond;eeg_tleft_lalpha_power_precond;eeg_fl_theta_power_precond;eeg_pleft_hbeta_power_precond"
2025-12-19 16:06:33.064158,9,"stress_label",7,2,0.1,0.546511627906977,0.38953488372093,NA,7,"top7","eeg_fm_lbeta_power_precond;eeg_fm_specent_precond;eeg_tleft_lbeta_power_precond;eeg_faa_precond;eeg_tleft_lalpha_power_precond;eeg_fl_theta_power_precond;eeg_pleft_hbeta_power_precond"
2025-12-19 16:06:33.078955,9,"stress_label",7,4,0.1,0.616279069767442,0.540697674418605,NA,7,"top7","eeg_fm_lbeta_power_precond;eeg_fm_specent_precond;eeg_tleft_lbeta_power_precond;eeg_faa_precond;eeg_tleft_lalpha_power_precond;eeg_fl_theta_power_precond;eeg_pleft_hbeta_power_precond"
2025-12-19 16:06:33.180566,9,"stress_label",7,8,0.1,0.587209302325581,0.476744186046512,NA,7,"top7","eeg_fm_lbeta_power_precond;eeg_fm_specent_precond;eeg_tleft_lbeta_power_precond;eeg_faa_precond;eeg_tleft_lalpha_power_precond;eeg_fl_theta_power_precond;eeg_pleft_hbeta_power_precond"
2025-12-19 16:06:33.264705,9,"stress_label",7,16,0.1,0.563953488372093,0.476744186046512,NA,7,"top7","eeg_fm_lbeta_power_precond;eeg_fm_specent_precond;eeg_tleft_lbeta_power_precond;eeg_faa_precond;eeg_tleft_lalpha_power_precond;eeg_fl_theta_power_precond;eeg_pleft_hbeta_power_precond"
2025-12-19 16:06:33.305128,9,"stress_label",7,32,0.1,0.534883720930233,0.418604651162791,NA,7,"top7","eeg_fm_lbeta_power_precond;eeg_fm_specent_precond;eeg_tleft_lbeta_power_precond;eeg_faa_precond;eeg_tleft_lalpha_power_precond;eeg_fl_theta_power_precond;eeg_pleft_hbeta_power_precond"
2025-12-19 16:06:33.372123,9,"stress_label",7,64,0.1,0.511627906976744,0.523255813953488,NA,7,"top7","eeg_fm_lbeta_power_precond;eeg_fm_specent_precond;eeg_tleft_lbeta_power_precond;eeg_faa_precond;eeg_tleft_lalpha_power_precond;eeg_fl_theta_power_precond;eeg_pleft_hbeta_power_precond"
2025-12-19 16:06:33.693314,9,"stress_label",7,128,0.1,0.494186046511628,0.436046511627907,NA,7,"top7","eeg_fm_lbeta_power_precond;eeg_fm_specent_precond;eeg_tleft_lbeta_power_precond;eeg_faa_precond;eeg_tleft_lalpha_power_precond;eeg_fl_theta_power_precond;eeg_pleft_hbeta_power_precond"
2025-12-19 16:06:33.900289,9,"stress_label",7,256,0.1,0.494186046511628,0.447674418604651,NA,7,"top7","eeg_fm_lbeta_power_precond;eeg_fm_specent_precond;eeg_tleft_lbeta_power_precond;eeg_faa_precond;eeg_tleft_lalpha_power_precond;eeg_fl_theta_power_precond;eeg_pleft_hbeta_power_precond"
2025-12-19 16:06:35.188897,10,"stress_label",7,2,0.0078125,0.453488372093023,0.424418604651163,0.42015503875969,7,"top7","eeg_fm_lbeta_power_precond;eeg_fm_specent_precond;eeg_tleft_lbeta_power_precond;eeg_faa_precond;eeg_fl_theta_power_precond;eeg_tleft_lalpha_power_precond;eeg_ab_ratio_precond"
2025-12-19 16:06:35.233065,10,"stress_label",7,4,0.0078125,0.47093023255814,0.348837209302326,0.431782945736434,7,"top7","eeg_fm_lbeta_power_precond;eeg_fm_specent_precond;eeg_tleft_lbeta_power_precond;eeg_faa_precond;eeg_fl_theta_power_precond;eeg_tleft_lalpha_power_precond;eeg_ab_ratio_precond"
2025-12-19 16:06:35.171712,10,"stress_label",7,8,0.0078125,0.465116279069767,0.436046511627907,NA,7,"top7","eeg_fm_lbeta_power_precond;eeg_fm_specent_precond;eeg_tleft_lbeta_power_precond;eeg_faa_precond;eeg_fl_theta_power_precond;eeg_tleft_lalpha_power_precond;eeg_ab_ratio_precond"
2025-12-19 16:06:35.25172,10,"stress_label",7,16,0.0078125,0.465116279069767,0.459302325581395,NA,7,"top7","eeg_fm_lbeta_power_precond;eeg_fm_specent_precond;eeg_tleft_lbeta_power_precond;eeg_faa_precond;eeg_fl_theta_power_precond;eeg_tleft_lalpha_power_precond;eeg_ab_ratio_precond"
2025-12-19 16:06:35.276196,10,"stress_label",7,32,0.0078125,0.453488372093023,0.406976744186047,NA,7,"top7","eeg_fm_lbeta_power_precond;eeg_fm_specent_precond;eeg_tleft_lbeta_power_precond;eeg_faa_precond;eeg_fl_theta_power_precond;eeg_tleft_lalpha_power_precond;eeg_ab_ratio_precond"
2025-12-19 16:06:35.2349,10,"stress_label",7,64,0.0078125,0.465116279069767,0.38953488372093,NA,7,"top7","eeg_fm_lbeta_power_precond;eeg_fm_specent_precond;eeg_tleft_lbeta_power_precond;eeg_faa_precond;eeg_fl_theta_power_precond;eeg_tleft_lalpha_power_precond;eeg_ab_ratio_precond"
2025-12-19 16:06:35.360354,10,"stress_label",7,128,0.0078125,0.465116279069767,0.401162790697674,NA,7,"top7","eeg_fm_lbeta_power_precond;eeg_fm_specent_precond;eeg_tleft_lbeta_power_precond;eeg_faa_precond;eeg_fl_theta_power_precond;eeg_tleft_lalpha_power_precond;eeg_ab_ratio_precond"
2025-12-19 16:06:35.424214,10,"stress_label",7,256,0.0078125,0.47093023255814,0.505813953488372,NA,7,"top7","eeg_fm_lbeta_power_precond;eeg_fm_specent_precond;eeg_tleft_lbeta_power_precond;eeg_faa_precond;eeg_fl_theta_power_precond;eeg_tleft_lalpha_power_precond;eeg_ab_ratio_precond"
2025-12-19 16:06:35.206859,10,"stress_label",7,2,0.015625,0.476744186046512,0.465116279069767,0.426356589147287,7,"top7","eeg_fm_lbeta_power_precond;eeg_fm_specent_precond;eeg_tleft_lbeta_power_precond;eeg_faa_precond;eeg_fl_theta_power_precond;eeg_tleft_lalpha_power_precond;eeg_ab_ratio_precond"
2025-12-19 16:06:35.188343,10,"stress_label",7,4,0.015625,0.465116279069767,0.366279069767442,NA,7,"top7","eeg_fm_lbeta_power_precond;eeg_fm_specent_precond;eeg_tleft_lbeta_power_precond;eeg_faa_precond;eeg_fl_theta_power_precond;eeg_tleft_lalpha_power_precond;eeg_ab_ratio_precond"
2025-12-19 16:06:35.250925,10,"stress_label",7,8,0.015625,0.453488372093023,0.453488372093023,NA,7,"top7","eeg_fm_lbeta_power_precond;eeg_fm_specent_precond;eeg_tleft_lbeta_power_precond;eeg_faa_precond;eeg_fl_theta_power_precond;eeg_tleft_lalpha_power_precond;eeg_ab_ratio_precond"
2025-12-19 16:06:35.265454,10,"stress_label",7,16,0.015625,0.465116279069767,0.372093023255814,NA,7,"top7","eeg_fm_lbeta_power_precond;eeg_fm_specent_precond;eeg_tleft_lbeta_power_precond;eeg_faa_precond;eeg_fl_theta_power_precond;eeg_tleft_lalpha_power_precond;eeg_ab_ratio_precond"
2025-12-19 16:06:35.272085,10,"stress_label",7,32,0.015625,0.476744186046512,0.366279069767442,NA,7,"top7","eeg_fm_lbeta_power_precond;eeg_fm_specent_precond;eeg_tleft_lbeta_power_precond;eeg_faa_precond;eeg_fl_theta_power_precond;eeg_tleft_lalpha_power_precond;eeg_ab_ratio_precond"
2025-12-19 16:06:35.297544,10,"stress_label",7,64,0.015625,0.465116279069767,0.418604651162791,NA,7,"top7","eeg_fm_lbeta_power_precond;eeg_fm_specent_precond;eeg_tleft_lbeta_power_precond;eeg_faa_precond;eeg_fl_theta_power_precond;eeg_tleft_lalpha_power_precond;eeg_ab_ratio_precond"
2025-12-19 16:06:36.426303,10,"stress_label",7,128,0.015625,0.459302325581395,0.354651162790698,0.403875968992248,7,"top7","eeg_fm_lbeta_power_precond;eeg_fm_specent_precond;eeg_tleft_lbeta_power_precond;eeg_faa_precond;eeg_fl_theta_power_precond;eeg_tleft_lalpha_power_precond;eeg_ab_ratio_precond"
2025-12-19 16:06:36.66873,10,"stress_label",7,256,0.015625,0.412790697674419,0.505813953488372,NA,7,"top7","eeg_fm_lbeta_power_precond;eeg_fm_specent_precond;eeg_tleft_lbeta_power_precond;eeg_faa_precond;eeg_fl_theta_power_precond;eeg_tleft_lalpha_power_precond;eeg_ab_ratio_precond"
2025-12-19 16:06:36.318166,10,"stress_label",7,2,0.03125,0.47093023255814,0.418604651162791,NA,7,"top7","eeg_fm_lbeta_power_precond;eeg_fm_specent_precond;eeg_tleft_lbeta_power_precond;eeg_faa_precond;eeg_fl_theta_power_precond;eeg_tleft_lalpha_power_precond;eeg_ab_ratio_precond"
2025-12-19 16:06:36.392999,10,"stress_label",7,4,0.03125,0.465116279069767,0.47093023255814,NA,7,"top7","eeg_fm_lbeta_power_precond;eeg_fm_specent_precond;eeg_tleft_lbeta_power_precond;eeg_faa_precond;eeg_fl_theta_power_precond;eeg_tleft_lalpha_power_precond;eeg_ab_ratio_precond"
2025-12-19 16:06:36.390008,10,"stress_label",7,8,0.03125,0.47093023255814,0.465116279069767,NA,7,"top7","eeg_fm_lbeta_power_precond;eeg_fm_specent_precond;eeg_tleft_lbeta_power_precond;eeg_faa_precond;eeg_fl_theta_power_precond;eeg_tleft_lalpha_power_precond;eeg_ab_ratio_precond"
2025-12-19 16:06:36.374248,10,"stress_label",7,16,0.03125,0.476744186046512,0.36046511627907,NA,7,"top7","eeg_fm_lbeta_power_precond;eeg_fm_specent_precond;eeg_tleft_lbeta_power_precond;eeg_faa_precond;eeg_fl_theta_power_precond;eeg_tleft_lalpha_power_precond;eeg_ab_ratio_precond"
2025-12-19 16:06:36.408488,10,"stress_label",7,32,0.03125,0.482558139534884,0.453488372093023,0.426356589147287,7,"top7","eeg_fm_lbeta_power_precond;eeg_fm_specent_precond;eeg_tleft_lbeta_power_precond;eeg_faa_precond;eeg_fl_theta_power_precond;eeg_tleft_lalpha_power_precond;eeg_ab_ratio_precond"
2025-12-19 16:06:36.54934,10,"stress_label",7,64,0.03125,0.447674418604651,0.430232558139535,NA,7,"top7","eeg_fm_lbeta_power_precond;eeg_fm_specent_precond;eeg_tleft_lbeta_power_precond;eeg_faa_precond;eeg_fl_theta_power_precond;eeg_tleft_lalpha_power_precond;eeg_ab_ratio_precond"
2025-12-19 16:06:36.69048,10,"stress_label",7,128,0.03125,0.459302325581395,0.47093023255814,NA,7,"top7","eeg_fm_lbeta_power_precond;eeg_fm_specent_precond;eeg_tleft_lbeta_power_precond;eeg_faa_precond;eeg_fl_theta_power_precond;eeg_tleft_lalpha_power_precond;eeg_ab_ratio_precond"
2025-12-19 16:06:37.061258,10,"stress_label",7,256,0.03125,0.494186046511628,0.441860465116279,NA,7,"top7","eeg_fm_lbeta_power_precond;eeg_fm_specent_precond;eeg_tleft_lbeta_power_precond;eeg_faa_precond;eeg_fl_theta_power_precond;eeg_tleft_lalpha_power_precond;eeg_ab_ratio_precond"
2025-12-19 16:06:36.408026,10,"stress_label",7,2,0.0625,0.465116279069767,0.441860465116279,0.4,7,"top7","eeg_fm_lbeta_power_precond;eeg_fm_specent_precond;eeg_tleft_lbeta_power_precond;eeg_faa_precond;eeg_fl_theta_power_precond;eeg_tleft_lalpha_power_precond;eeg_ab_ratio_precond"
2025-12-19 16:06:36.449292,10,"stress_label",7,4,0.0625,0.494186046511628,0.343023255813953,0.429457364341085,7,"top7","eeg_fm_lbeta_power_precond;eeg_fm_specent_precond;eeg_tleft_lbeta_power_precond;eeg_faa_precond;eeg_fl_theta_power_precond;eeg_tleft_lalpha_power_precond;eeg_ab_ratio_precond"
2025-12-19 16:06:36.506788,10,"stress_label",7,8,0.0625,0.482558139534884,0.38953488372093,0.445736434108527,7,"top7","eeg_fm_lbeta_power_precond;eeg_fm_specent_precond;eeg_tleft_lbeta_power_precond;eeg_faa_precond;eeg_fl_theta_power_precond;eeg_tleft_lalpha_power_precond;eeg_ab_ratio_precond"
2025-12-19 16:06:36.578194,10,"stress_label",7,16,0.0625,0.494186046511628,0.366279069767442,NA,7,"top7","eeg_fm_lbeta_power_precond;eeg_fm_specent_precond;eeg_tleft_lbeta_power_precond;eeg_faa_precond;eeg_fl_theta_power_precond;eeg_tleft_lalpha_power_precond;eeg_ab_ratio_precond"
2025-12-19 16:06:37.583261,10,"stress_label",7,32,0.0625,0.488372093023256,0.401162790697674,NA,7,"top7","eeg_fm_lbeta_power_precond;eeg_fm_specent_precond;eeg_tleft_lbeta_power_precond;eeg_faa_precond;eeg_fl_theta_power_precond;eeg_tleft_lalpha_power_precond;eeg_ab_ratio_precond"
2025-12-19 16:06:37.829352,10,"stress_label",7,64,0.0625,0.488372093023256,0.418604651162791,NA,7,"top7","eeg_fm_lbeta_power_precond;eeg_fm_specent_precond;eeg_tleft_lbeta_power_precond;eeg_faa_precond;eeg_fl_theta_power_precond;eeg_tleft_lalpha_power_precond;eeg_ab_ratio_precond"
2025-12-19 16:06:38.071198,10,"stress_label",7,128,0.0625,0.511627906976744,0.325581395348837,NA,7,"top7","eeg_fm_lbeta_power_precond;eeg_fm_specent_precond;eeg_tleft_lbeta_power_precond;eeg_faa_precond;eeg_fl_theta_power_precond;eeg_tleft_lalpha_power_precond;eeg_ab_ratio_precond"
2025-12-19 16:06:38.490137,10,"stress_label",7,256,0.0625,0.529069767441861,0.424418604651163,NA,7,"top7","eeg_fm_lbeta_power_precond;eeg_fm_specent_precond;eeg_tleft_lbeta_power_precond;eeg_faa_precond;eeg_fl_theta_power_precond;eeg_tleft_lalpha_power_precond;eeg_ab_ratio_precond"
2025-12-19 16:06:37.578046,10,"stress_label",7,2,0.125,0.488372093023256,0.482558139534884,NA,7,"top7","eeg_fm_lbeta_power_precond;eeg_fm_specent_precond;eeg_tleft_lbeta_power_precond;eeg_faa_precond;eeg_fl_theta_power_precond;eeg_tleft_lalpha_power_precond;eeg_ab_ratio_precond"
2025-12-19 16:06:37.541144,10,"stress_label",7,4,0.125,0.505813953488372,0.441860465116279,NA,7,"top7","eeg_fm_lbeta_power_precond;eeg_fm_specent_precond;eeg_tleft_lbeta_power_precond;eeg_faa_precond;eeg_fl_theta_power_precond;eeg_tleft_lalpha_power_precond;eeg_ab_ratio_precond"
2025-12-19 16:06:37.623583,10,"stress_label",7,8,0.125,0.529069767441861,0.418604651162791,NA,7,"top7","eeg_fm_lbeta_power_precond;eeg_fm_specent_precond;eeg_tleft_lbeta_power_precond;eeg_faa_precond;eeg_fl_theta_power_precond;eeg_tleft_lalpha_power_precond;eeg_ab_ratio_precond"
2025-12-19 16:06:37.730574,10,"stress_label",7,16,0.125,0.482558139534884,0.366279069767442,NA,7,"top7","eeg_fm_lbeta_power_precond;eeg_fm_specent_precond;eeg_tleft_lbeta_power_precond;eeg_faa_precond;eeg_fl_theta_power_precond;eeg_tleft_lalpha_power_precond;eeg_ab_ratio_precond"
2025-12-19 16:06:37.863177,10,"stress_label",7,32,0.125,0.482558139534884,0.401162790697674,NA,7,"top7","eeg_fm_lbeta_power_precond;eeg_fm_specent_precond;eeg_tleft_lbeta_power_precond;eeg_faa_precond;eeg_fl_theta_power_precond;eeg_tleft_lalpha_power_precond;eeg_ab_ratio_precond"
2025-12-19 16:06:38.112279,10,"stress_label",7,64,0.125,0.511627906976744,0.412790697674419,NA,7,"top7","eeg_fm_lbeta_power_precond;eeg_fm_specent_precond;eeg_tleft_lbeta_power_precond;eeg_faa_precond;eeg_fl_theta_power_precond;eeg_tleft_lalpha_power_precond;eeg_ab_ratio_precond"
2025-12-19 16:06:38.248,10,"stress_label",7,128,0.125,0.488372093023256,0.395348837209302,NA,7,"top7","eeg_fm_lbeta_power_precond;eeg_fm_specent_precond;eeg_tleft_lbeta_power_precond;eeg_faa_precond;eeg_fl_theta_power_precond;eeg_tleft_lalpha_power_precond;eeg_ab_ratio_precond"
2025-12-19 16:06:38.484915,10,"stress_label",7,256,0.125,0.494186046511628,0.5,NA,7,"top7","eeg_fm_lbeta_power_precond;eeg_fm_specent_precond;eeg_tleft_lbeta_power_precond;eeg_faa_precond;eeg_fl_theta_power_precond;eeg_tleft_lalpha_power_precond;eeg_ab_ratio_precond"
2025-12-19 16:06:37.803505,10,"stress_label",7,2,0.03,0.47093023255814,0.453488372093023,NA,7,"top7","eeg_fm_lbeta_power_precond;eeg_fm_specent_precond;eeg_tleft_lbeta_power_precond;eeg_faa_precond;eeg_fl_theta_power_precond;eeg_tleft_lalpha_power_precond;eeg_ab_ratio_precond"
2025-12-19 16:06:38.263166,10,"stress_label",7,4,0.03,0.465116279069767,0.494186046511628,NA,7,"top7","eeg_fm_lbeta_power_precond;eeg_fm_specent_precond;eeg_tleft_lbeta_power_precond;eeg_faa_precond;eeg_fl_theta_power_precond;eeg_tleft_lalpha_power_precond;eeg_ab_ratio_precond"
2025-12-19 16:06:38.616993,10,"stress_label",7,8,0.03,0.465116279069767,0.348837209302326,NA,7,"top7","eeg_fm_lbeta_power_precond;eeg_fm_specent_precond;eeg_tleft_lbeta_power_precond;eeg_faa_precond;eeg_fl_theta_power_precond;eeg_tleft_lalpha_power_precond;eeg_ab_ratio_precond"
2025-12-19 16:06:38.69455,10,"stress_label",7,16,0.03,0.482558139534884,0.36046511627907,NA,7,"top7","eeg_fm_lbeta_power_precond;eeg_fm_specent_precond;eeg_tleft_lbeta_power_precond;eeg_faa_precond;eeg_fl_theta_power_precond;eeg_tleft_lalpha_power_precond;eeg_ab_ratio_precond"
2025-12-19 16:06:38.719401,10,"stress_label",7,32,0.03,0.482558139534884,0.447674418604651,0.426356589147287,7,"top7","eeg_fm_lbeta_power_precond;eeg_fm_specent_precond;eeg_tleft_lbeta_power_precond;eeg_faa_precond;eeg_fl_theta_power_precond;eeg_tleft_lalpha_power_precond;eeg_ab_ratio_precond"
2025-12-19 16:06:38.863882,10,"stress_label",7,64,0.03,0.441860465116279,0.436046511627907,NA,7,"top7","eeg_fm_lbeta_power_precond;eeg_fm_specent_precond;eeg_tleft_lbeta_power_precond;eeg_faa_precond;eeg_fl_theta_power_precond;eeg_tleft_lalpha_power_precond;eeg_ab_ratio_precond"
2025-12-19 16:06:39.100642,10,"stress_label",7,128,0.03,0.453488372093023,0.447674418604651,NA,7,"top7","eeg_fm_lbeta_power_precond;eeg_fm_specent_precond;eeg_tleft_lbeta_power_precond;eeg_faa_precond;eeg_fl_theta_power_precond;eeg_tleft_lalpha_power_precond;eeg_ab_ratio_precond"
2025-12-19 16:06:39.531695,10,"stress_label",7,256,0.03,0.488372093023256,0.325581395348837,NA,7,"top7","eeg_fm_lbeta_power_precond;eeg_fm_specent_precond;eeg_tleft_lbeta_power_precond;eeg_faa_precond;eeg_fl_theta_power_precond;eeg_tleft_lalpha_power_precond;eeg_ab_ratio_precond"
2025-12-19 16:06:38.927309,10,"stress_label",7,2,0.06,0.465116279069767,0.517441860465116,0.4,7,"top7","eeg_fm_lbeta_power_precond;eeg_fm_specent_precond;eeg_tleft_lbeta_power_precond;eeg_faa_precond;eeg_fl_theta_power_precond;eeg_tleft_lalpha_power_precond;eeg_ab_ratio_precond"
2025-12-19 16:06:38.931821,10,"stress_label",7,4,0.06,0.494186046511628,0.418604651162791,0.429457364341085,7,"top7","eeg_fm_lbeta_power_precond;eeg_fm_specent_precond;eeg_tleft_lbeta_power_precond;eeg_faa_precond;eeg_fl_theta_power_precond;eeg_tleft_lalpha_power_precond;eeg_ab_ratio_precond"
2025-12-19 16:06:39.211658,10,"stress_label",7,8,0.06,0.482558139534884,0.36046511627907,0.445736434108527,7,"top7","eeg_fm_lbeta_power_precond;eeg_fm_specent_precond;eeg_tleft_lbeta_power_precond;eeg_faa_precond;eeg_fl_theta_power_precond;eeg_tleft_lalpha_power_precond;eeg_ab_ratio_precond"
2025-12-19 16:06:39.284934,10,"stress_label",7,16,0.06,0.482558139534884,0.406976744186047,NA,7,"top7","eeg_fm_lbeta_power_precond;eeg_fm_specent_precond;eeg_tleft_lbeta_power_precond;eeg_faa_precond;eeg_fl_theta_power_precond;eeg_tleft_lalpha_power_precond;eeg_ab_ratio_precond"
2025-12-19 16:06:39.480331,10,"stress_label",7,32,0.06,0.488372093023256,0.401162790697674,NA,7,"top7","eeg_fm_lbeta_power_precond;eeg_fm_specent_precond;eeg_tleft_lbeta_power_precond;eeg_faa_precond;eeg_fl_theta_power_precond;eeg_tleft_lalpha_power_precond;eeg_ab_ratio_precond"
2025-12-19 16:06:39.63367,10,"stress_label",7,64,0.06,0.505813953488372,0.38953488372093,NA,7,"top7","eeg_fm_lbeta_power_precond;eeg_fm_specent_precond;eeg_tleft_lbeta_power_precond;eeg_faa_precond;eeg_fl_theta_power_precond;eeg_tleft_lalpha_power_precond;eeg_ab_ratio_precond"
2025-12-19 16:06:39.992784,10,"stress_label",7,128,0.06,0.517441860465116,0.401162790697674,NA,7,"top7","eeg_fm_lbeta_power_precond;eeg_fm_specent_precond;eeg_tleft_lbeta_power_precond;eeg_faa_precond;eeg_fl_theta_power_precond;eeg_tleft_lalpha_power_precond;eeg_ab_ratio_precond"
2025-12-19 16:06:40.265316,10,"stress_label",7,256,0.06,0.534883720930233,0.372093023255814,NA,7,"top7","eeg_fm_lbeta_power_precond;eeg_fm_specent_precond;eeg_tleft_lbeta_power_precond;eeg_faa_precond;eeg_fl_theta_power_precond;eeg_tleft_lalpha_power_precond;eeg_ab_ratio_precond"
2025-12-19 16:06:39.676735,10,"stress_label",7,2,0.1,0.494186046511628,0.447674418604651,NA,7,"top7","eeg_fm_lbeta_power_precond;eeg_fm_specent_precond;eeg_tleft_lbeta_power_precond;eeg_faa_precond;eeg_fl_theta_power_precond;eeg_tleft_lalpha_power_precond;eeg_ab_ratio_precond"
2025-12-19 16:06:39.741432,10,"stress_label",7,4,0.1,0.5,0.453488372093023,NA,7,"top7","eeg_fm_lbeta_power_precond;eeg_fm_specent_precond;eeg_tleft_lbeta_power_precond;eeg_faa_precond;eeg_fl_theta_power_precond;eeg_tleft_lalpha_power_precond;eeg_ab_ratio_precond"
2025-12-19 16:06:39.794992,10,"stress_label",7,8,0.1,0.511627906976744,0.441860465116279,NA,7,"top7","eeg_fm_lbeta_power_precond;eeg_fm_specent_precond;eeg_tleft_lbeta_power_precond;eeg_faa_precond;eeg_fl_theta_power_precond;eeg_tleft_lalpha_power_precond;eeg_ab_ratio_precond"
2025-12-19 16:06:39.951488,10,"stress_label",7,16,0.1,0.505813953488372,0.418604651162791,NA,7,"top7","eeg_fm_lbeta_power_precond;eeg_fm_specent_precond;eeg_tleft_lbeta_power_precond;eeg_faa_precond;eeg_fl_theta_power_precond;eeg_tleft_lalpha_power_precond;eeg_ab_ratio_precond"
2025-12-19 16:06:40.081273,10,"stress_label",7,32,0.1,0.482558139534884,0.459302325581395,NA,7,"top7","eeg_fm_lbeta_power_precond;eeg_fm_specent_precond;eeg_tleft_lbeta_power_precond;eeg_faa_precond;eeg_fl_theta_power_precond;eeg_tleft_lalpha_power_precond;eeg_ab_ratio_precond"
2025-12-19 16:06:40.149218,10,"stress_label",7,64,0.1,0.5,0.412790697674419,NA,7,"top7","eeg_fm_lbeta_power_precond;eeg_fm_specent_precond;eeg_tleft_lbeta_power_precond;eeg_faa_precond;eeg_fl_theta_power_precond;eeg_tleft_lalpha_power_precond;eeg_ab_ratio_precond"
2025-12-19 16:06:40.412425,10,"stress_label",7,128,0.1,0.517441860465116,0.441860465116279,NA,7,"top7","eeg_fm_lbeta_power_precond;eeg_fm_specent_precond;eeg_tleft_lbeta_power_precond;eeg_faa_precond;eeg_fl_theta_power_precond;eeg_tleft_lalpha_power_precond;eeg_ab_ratio_precond"
2025-12-19 16:06:40.621863,10,"stress_label",7,256,0.1,0.5,0.430232558139535,NA,7,"top7","eeg_fm_lbeta_power_precond;eeg_fm_specent_precond;eeg_tleft_lbeta_power_precond;eeg_faa_precond;eeg_fl_theta_power_precond;eeg_tleft_lalpha_power_precond;eeg_ab_ratio_precond"
2025-12-19 16:06:41.948076,11,"stress_label",7,2,0.0078125,0.430232558139535,0.529069767441861,0.344186046511628,7,"top7","eeg_fm_specent_precond;eeg_fm_beta_power_precond;eeg_faa_precond;eeg_tleft_lbeta_power_precond;eeg_tleft_lalpha_power_precond;eeg_fl_theta_power_precond;eeg_pleft_halpha_power_precond"
2025-12-19 16:06:41.919467,11,"stress_label",7,4,0.0078125,0.441860465116279,0.552325581395349,0.35968992248062,7,"top7","eeg_fm_specent_precond;eeg_fm_beta_power_precond;eeg_faa_precond;eeg_tleft_lbeta_power_precond;eeg_tleft_lalpha_power_precond;eeg_fl_theta_power_precond;eeg_pleft_halpha_power_precond"
2025-12-19 16:06:41.878888,11,"stress_label",7,8,0.0078125,0.447674418604651,0.523255813953488,0.346511627906977,7,"top7","eeg_fm_specent_precond;eeg_fm_beta_power_precond;eeg_faa_precond;eeg_tleft_lbeta_power_precond;eeg_tleft_lalpha_power_precond;eeg_fl_theta_power_precond;eeg_pleft_halpha_power_precond"
2025-12-19 16:06:41.904657,11,"stress_label",7,16,0.0078125,0.447674418604651,0.476744186046512,NA,7,"top7","eeg_fm_specent_precond;eeg_fm_beta_power_precond;eeg_faa_precond;eeg_tleft_lbeta_power_precond;eeg_tleft_lalpha_power_precond;eeg_fl_theta_power_precond;eeg_pleft_halpha_power_precond"
2025-12-19 16:06:41.969568,11,"stress_label",7,32,0.0078125,0.436046511627907,0.581395348837209,NA,7,"top7","eeg_fm_specent_precond;eeg_fm_beta_power_precond;eeg_faa_precond;eeg_tleft_lbeta_power_precond;eeg_tleft_lalpha_power_precond;eeg_fl_theta_power_precond;eeg_pleft_halpha_power_precond"
2025-12-19 16:06:41.959628,11,"stress_label",7,64,0.0078125,0.447674418604651,0.587209302325581,0.365891472868217,7,"top7","eeg_fm_specent_precond;eeg_fm_beta_power_precond;eeg_faa_precond;eeg_tleft_lbeta_power_precond;eeg_tleft_lalpha_power_precond;eeg_fl_theta_power_precond;eeg_pleft_halpha_power_precond"
2025-12-19 16:06:42.08214,11,"stress_label",7,128,0.0078125,0.459302325581395,0.569767441860465,NA,7,"top7","eeg_fm_specent_precond;eeg_fm_beta_power_precond;eeg_faa_precond;eeg_tleft_lbeta_power_precond;eeg_tleft_lalpha_power_precond;eeg_fl_theta_power_precond;eeg_pleft_halpha_power_precond"
2025-12-19 16:06:42.209217,11,"stress_label",7,256,0.0078125,0.482558139534884,0.476744186046512,NA,7,"top7","eeg_fm_specent_precond;eeg_fm_beta_power_precond;eeg_faa_precond;eeg_tleft_lbeta_power_precond;eeg_tleft_lalpha_power_precond;eeg_fl_theta_power_precond;eeg_pleft_halpha_power_precond"
2025-12-19 16:06:41.976435,11,"stress_label",7,2,0.015625,0.441860465116279,0.540697674418605,0.352713178294574,7,"top7","eeg_fm_specent_precond;eeg_fm_beta_power_precond;eeg_faa_precond;eeg_tleft_lbeta_power_precond;eeg_tleft_lalpha_power_precond;eeg_fl_theta_power_precond;eeg_pleft_halpha_power_precond"
2025-12-19 16:06:41.936749,11,"stress_label",7,4,0.015625,0.441860465116279,0.529069767441861,0.348837209302326,7,"top7","eeg_fm_specent_precond;eeg_fm_beta_power_precond;eeg_faa_precond;eeg_tleft_lbeta_power_precond;eeg_tleft_lalpha_power_precond;eeg_fl_theta_power_precond;eeg_pleft_halpha_power_precond"
2025-12-19 16:06:41.968653,11,"stress_label",7,8,0.015625,0.465116279069767,0.558139534883721,NA,7,"top7","eeg_fm_specent_precond;eeg_fm_beta_power_precond;eeg_faa_precond;eeg_tleft_lbeta_power_precond;eeg_tleft_lalpha_power_precond;eeg_fl_theta_power_precond;eeg_pleft_halpha_power_precond"
2025-12-19 16:06:41.957086,11,"stress_label",7,16,0.015625,0.447674418604651,0.505813953488372,NA,7,"top7","eeg_fm_specent_precond;eeg_fm_beta_power_precond;eeg_faa_precond;eeg_tleft_lbeta_power_precond;eeg_tleft_lalpha_power_precond;eeg_fl_theta_power_precond;eeg_pleft_halpha_power_precond"
2025-12-19 16:06:42.008647,11,"stress_label",7,32,0.015625,0.436046511627907,0.604651162790698,NA,7,"top7","eeg_fm_specent_precond;eeg_fm_beta_power_precond;eeg_faa_precond;eeg_tleft_lbeta_power_precond;eeg_tleft_lalpha_power_precond;eeg_fl_theta_power_precond;eeg_pleft_halpha_power_precond"
2025-12-19 16:06:42.093768,11,"stress_label",7,64,0.015625,0.494186046511628,0.412790697674419,NA,7,"top7","eeg_fm_specent_precond;eeg_fm_beta_power_precond;eeg_faa_precond;eeg_tleft_lbeta_power_precond;eeg_tleft_lalpha_power_precond;eeg_fl_theta_power_precond;eeg_pleft_halpha_power_precond"
2025-12-19 16:06:43.163891,11,"stress_label",7,128,0.015625,0.482558139534884,0.453488372093023,NA,7,"top7","eeg_fm_specent_precond;eeg_fm_beta_power_precond;eeg_faa_precond;eeg_tleft_lbeta_power_precond;eeg_tleft_lalpha_power_precond;eeg_fl_theta_power_precond;eeg_pleft_halpha_power_precond"
2025-12-19 16:06:43.363568,11,"stress_label",7,256,0.015625,0.453488372093023,0.38953488372093,NA,7,"top7","eeg_fm_specent_precond;eeg_fm_beta_power_precond;eeg_faa_precond;eeg_tleft_lbeta_power_precond;eeg_tleft_lalpha_power_precond;eeg_fl_theta_power_precond;eeg_pleft_halpha_power_precond"
2025-12-19 16:06:43.010781,11,"stress_label",7,2,0.03125,0.47093023255814,0.581395348837209,0.387596899224806,7,"top7","eeg_fm_specent_precond;eeg_fm_beta_power_precond;eeg_faa_precond;eeg_tleft_lbeta_power_precond;eeg_tleft_lalpha_power_precond;eeg_fl_theta_power_precond;eeg_pleft_halpha_power_precond"
2025-12-19 16:06:43.044348,11,"stress_label",7,4,0.03125,0.453488372093023,0.575581395348837,NA,7,"top7","eeg_fm_specent_precond;eeg_fm_beta_power_precond;eeg_faa_precond;eeg_tleft_lbeta_power_precond;eeg_tleft_lalpha_power_precond;eeg_fl_theta_power_precond;eeg_pleft_halpha_power_precond"
2025-12-19 16:06:43.079413,11,"stress_label",7,8,0.03125,0.406976744186047,0.558139534883721,NA,7,"top7","eeg_fm_specent_precond;eeg_fm_beta_power_precond;eeg_faa_precond;eeg_tleft_lbeta_power_precond;eeg_tleft_lalpha_power_precond;eeg_fl_theta_power_precond;eeg_pleft_halpha_power_precond"
2025-12-19 16:06:43.130854,11,"stress_label",7,16,0.03125,0.488372093023256,0.465116279069767,NA,7,"top7","eeg_fm_specent_precond;eeg_fm_beta_power_precond;eeg_faa_precond;eeg_tleft_lbeta_power_precond;eeg_tleft_lalpha_power_precond;eeg_fl_theta_power_precond;eeg_pleft_halpha_power_precond"
2025-12-19 16:06:43.170047,11,"stress_label",7,32,0.03125,0.476744186046512,0.38953488372093,NA,7,"top7","eeg_fm_specent_precond;eeg_fm_beta_power_precond;eeg_faa_precond;eeg_tleft_lbeta_power_precond;eeg_tleft_lalpha_power_precond;eeg_fl_theta_power_precond;eeg_pleft_halpha_power_precond"
2025-12-19 16:06:43.228142,11,"stress_label",7,64,0.03125,0.47093023255814,0.517441860465116,NA,7,"top7","eeg_fm_specent_precond;eeg_fm_beta_power_precond;eeg_faa_precond;eeg_tleft_lbeta_power_precond;eeg_tleft_lalpha_power_precond;eeg_fl_theta_power_precond;eeg_pleft_halpha_power_precond"
2025-12-19 16:06:43.342399,11,"stress_label",7,128,0.03125,0.459302325581395,0.418604651162791,0.428682170542636,7,"top7","eeg_fm_specent_precond;eeg_fm_beta_power_precond;eeg_faa_precond;eeg_tleft_lbeta_power_precond;eeg_tleft_lalpha_power_precond;eeg_fl_theta_power_precond;eeg_pleft_halpha_power_precond"
2025-12-19 16:06:43.649968,11,"stress_label",7,256,0.03125,0.430232558139535,0.383720930232558,NA,7,"top7","eeg_fm_specent_precond;eeg_fm_beta_power_precond;eeg_faa_precond;eeg_tleft_lbeta_power_precond;eeg_tleft_lalpha_power_precond;eeg_fl_theta_power_precond;eeg_pleft_halpha_power_precond"
2025-12-19 16:06:43.100796,11,"stress_label",7,2,0.0625,0.436046511627907,0.563953488372093,NA,7,"top7","eeg_fm_specent_precond;eeg_fm_beta_power_precond;eeg_faa_precond;eeg_tleft_lbeta_power_precond;eeg_tleft_lalpha_power_precond;eeg_fl_theta_power_precond;eeg_pleft_halpha_power_precond"
2025-12-19 16:06:43.209889,11,"stress_label",7,4,0.0625,0.465116279069767,0.5,NA,7,"top7","eeg_fm_specent_precond;eeg_fm_beta_power_precond;eeg_faa_precond;eeg_tleft_lbeta_power_precond;eeg_tleft_lalpha_power_precond;eeg_fl_theta_power_precond;eeg_pleft_halpha_power_precond"
2025-12-19 16:06:43.263545,11,"stress_label",7,8,0.0625,0.476744186046512,0.453488372093023,NA,7,"top7","eeg_fm_specent_precond;eeg_fm_beta_power_precond;eeg_faa_precond;eeg_tleft_lbeta_power_precond;eeg_tleft_lalpha_power_precond;eeg_fl_theta_power_precond;eeg_pleft_halpha_power_precond"
2025-12-19 16:06:43.343131,11,"stress_label",7,16,0.0625,0.511627906976744,0.418604651162791,NA,7,"top7","eeg_fm_specent_precond;eeg_fm_beta_power_precond;eeg_faa_precond;eeg_tleft_lbeta_power_precond;eeg_tleft_lalpha_power_precond;eeg_fl_theta_power_precond;eeg_pleft_halpha_power_precond"
2025-12-19 16:06:44.208003,11,"stress_label",7,32,0.0625,0.482558139534884,0.505813953488372,NA,7,"top7","eeg_fm_specent_precond;eeg_fm_beta_power_precond;eeg_faa_precond;eeg_tleft_lbeta_power_precond;eeg_tleft_lalpha_power_precond;eeg_fl_theta_power_precond;eeg_pleft_halpha_power_precond"
2025-12-19 16:06:44.348002,11,"stress_label",7,64,0.0625,0.441860465116279,0.47093023255814,NA,7,"top7","eeg_fm_specent_precond;eeg_fm_beta_power_precond;eeg_faa_precond;eeg_tleft_lbeta_power_precond;eeg_tleft_lalpha_power_precond;eeg_fl_theta_power_precond;eeg_pleft_halpha_power_precond"
2025-12-19 16:06:44.688101,11,"stress_label",7,128,0.0625,0.476744186046512,0.5,NA,7,"top7","eeg_fm_specent_precond;eeg_fm_beta_power_precond;eeg_faa_precond;eeg_tleft_lbeta_power_precond;eeg_tleft_lalpha_power_precond;eeg_fl_theta_power_precond;eeg_pleft_halpha_power_precond"
2025-12-19 16:06:45.089061,11,"stress_label",7,256,0.0625,0.476744186046512,0.441860465116279,NA,7,"top7","eeg_fm_specent_precond;eeg_fm_beta_power_precond;eeg_faa_precond;eeg_tleft_lbeta_power_precond;eeg_tleft_lalpha_power_precond;eeg_fl_theta_power_precond;eeg_pleft_halpha_power_precond"
2025-12-19 16:06:44.253256,11,"stress_label",7,2,0.125,0.488372093023256,0.430232558139535,NA,7,"top7","eeg_fm_specent_precond;eeg_fm_beta_power_precond;eeg_faa_precond;eeg_tleft_lbeta_power_precond;eeg_tleft_lalpha_power_precond;eeg_fl_theta_power_precond;eeg_pleft_halpha_power_precond"
2025-12-19 16:06:44.232887,11,"stress_label",7,4,0.125,0.465116279069767,0.38953488372093,0.447286821705426,7,"top7","eeg_fm_specent_precond;eeg_fm_beta_power_precond;eeg_faa_precond;eeg_tleft_lbeta_power_precond;eeg_tleft_lalpha_power_precond;eeg_fl_theta_power_precond;eeg_pleft_halpha_power_precond"
2025-12-19 16:06:44.260844,11,"stress_label",7,8,0.125,0.476744186046512,0.406976744186047,0.462790697674419,7,"top7","eeg_fm_specent_precond;eeg_fm_beta_power_precond;eeg_faa_precond;eeg_tleft_lbeta_power_precond;eeg_tleft_lalpha_power_precond;eeg_fl_theta_power_precond;eeg_pleft_halpha_power_precond"
2025-12-19 16:06:44.401467,11,"stress_label",7,16,0.125,0.517441860465116,0.424418604651163,NA,7,"top7","eeg_fm_specent_precond;eeg_fm_beta_power_precond;eeg_faa_precond;eeg_tleft_lbeta_power_precond;eeg_tleft_lalpha_power_precond;eeg_fl_theta_power_precond;eeg_pleft_halpha_power_precond"
2025-12-19 16:06:44.549603,11,"stress_label",7,32,0.125,0.482558139534884,0.494186046511628,NA,7,"top7","eeg_fm_specent_precond;eeg_fm_beta_power_precond;eeg_faa_precond;eeg_tleft_lbeta_power_precond;eeg_tleft_lalpha_power_precond;eeg_fl_theta_power_precond;eeg_pleft_halpha_power_precond"
2025-12-19 16:06:44.702677,11,"stress_label",7,64,0.125,0.488372093023256,0.418604651162791,NA,7,"top7","eeg_fm_specent_precond;eeg_fm_beta_power_precond;eeg_faa_precond;eeg_tleft_lbeta_power_precond;eeg_tleft_lalpha_power_precond;eeg_fl_theta_power_precond;eeg_pleft_halpha_power_precond"
2025-12-19 16:06:44.999623,11,"stress_label",7,128,0.125,0.459302325581395,0.430232558139535,NA,7,"top7","eeg_fm_specent_precond;eeg_fm_beta_power_precond;eeg_faa_precond;eeg_tleft_lbeta_power_precond;eeg_tleft_lalpha_power_precond;eeg_fl_theta_power_precond;eeg_pleft_halpha_power_precond"
2025-12-19 16:06:45.183634,11,"stress_label",7,256,0.125,0.465116279069767,0.418604651162791,NA,7,"top7","eeg_fm_specent_precond;eeg_fm_beta_power_precond;eeg_faa_precond;eeg_tleft_lbeta_power_precond;eeg_tleft_lalpha_power_precond;eeg_fl_theta_power_precond;eeg_pleft_halpha_power_precond"
2025-12-19 16:06:44.436924,11,"stress_label",7,2,0.03,0.459302325581395,0.581395348837209,0.364341085271318,7,"top7","eeg_fm_specent_precond;eeg_fm_beta_power_precond;eeg_faa_precond;eeg_tleft_lbeta_power_precond;eeg_tleft_lalpha_power_precond;eeg_fl_theta_power_precond;eeg_pleft_halpha_power_precond"
2025-12-19 16:06:44.736997,11,"stress_label",7,4,0.03,0.447674418604651,0.569767441860465,NA,7,"top7","eeg_fm_specent_precond;eeg_fm_beta_power_precond;eeg_faa_precond;eeg_tleft_lbeta_power_precond;eeg_tleft_lalpha_power_precond;eeg_fl_theta_power_precond;eeg_pleft_halpha_power_precond"
2025-12-19 16:06:45.306248,11,"stress_label",7,8,0.03,0.418604651162791,0.604651162790698,NA,7,"top7","eeg_fm_specent_precond;eeg_fm_beta_power_precond;eeg_faa_precond;eeg_tleft_lbeta_power_precond;eeg_tleft_lalpha_power_precond;eeg_fl_theta_power_precond;eeg_pleft_halpha_power_precond"
2025-12-19 16:06:45.373617,11,"stress_label",7,16,0.03,0.488372093023256,0.511627906976744,NA,7,"top7","eeg_fm_specent_precond;eeg_fm_beta_power_precond;eeg_faa_precond;eeg_tleft_lbeta_power_precond;eeg_tleft_lalpha_power_precond;eeg_fl_theta_power_precond;eeg_pleft_halpha_power_precond"
2025-12-19 16:06:45.420617,11,"stress_label",7,32,0.03,0.488372093023256,0.406976744186047,NA,7,"top7","eeg_fm_specent_precond;eeg_fm_beta_power_precond;eeg_faa_precond;eeg_tleft_lbeta_power_precond;eeg_tleft_lalpha_power_precond;eeg_fl_theta_power_precond;eeg_pleft_halpha_power_precond"
2025-12-19 16:06:45.471736,11,"stress_label",7,64,0.03,0.482558139534884,0.494186046511628,NA,7,"top7","eeg_fm_specent_precond;eeg_fm_beta_power_precond;eeg_faa_precond;eeg_tleft_lbeta_power_precond;eeg_tleft_lalpha_power_precond;eeg_fl_theta_power_precond;eeg_pleft_halpha_power_precond"
2025-12-19 16:06:45.683649,11,"stress_label",7,128,0.03,0.441860465116279,0.494186046511628,0.415503875968992,7,"top7","eeg_fm_specent_precond;eeg_fm_beta_power_precond;eeg_faa_precond;eeg_tleft_lbeta_power_precond;eeg_tleft_lalpha_power_precond;eeg_fl_theta_power_precond;eeg_pleft_halpha_power_precond"
2025-12-19 16:06:46.017785,11,"stress_label",7,256,0.03,0.436046511627907,0.401162790697674,NA,7,"top7","eeg_fm_specent_precond;eeg_fm_beta_power_precond;eeg_faa_precond;eeg_tleft_lbeta_power_precond;eeg_tleft_lalpha_power_precond;eeg_fl_theta_power_precond;eeg_pleft_halpha_power_precond"
2025-12-19 16:06:45.511016,11,"stress_label",7,2,0.06,0.436046511627907,0.587209302325581,NA,7,"top7","eeg_fm_specent_precond;eeg_fm_beta_power_precond;eeg_faa_precond;eeg_tleft_lbeta_power_precond;eeg_tleft_lalpha_power_precond;eeg_fl_theta_power_precond;eeg_pleft_halpha_power_precond"
2025-12-19 16:06:45.666616,11,"stress_label",7,4,0.06,0.459302325581395,0.459302325581395,NA,7,"top7","eeg_fm_specent_precond;eeg_fm_beta_power_precond;eeg_faa_precond;eeg_tleft_lbeta_power_precond;eeg_tleft_lalpha_power_precond;eeg_fl_theta_power_precond;eeg_pleft_halpha_power_precond"
2025-12-19 16:06:45.866898,11,"stress_label",7,8,0.06,0.476744186046512,0.459302325581395,NA,7,"top7","eeg_fm_specent_precond;eeg_fm_beta_power_precond;eeg_faa_precond;eeg_tleft_lbeta_power_precond;eeg_tleft_lalpha_power_precond;eeg_fl_theta_power_precond;eeg_pleft_halpha_power_precond"
2025-12-19 16:06:45.832596,11,"stress_label",7,16,0.06,0.488372093023256,0.366279069767442,NA,7,"top7","eeg_fm_specent_precond;eeg_fm_beta_power_precond;eeg_faa_precond;eeg_tleft_lbeta_power_precond;eeg_tleft_lalpha_power_precond;eeg_fl_theta_power_precond;eeg_pleft_halpha_power_precond"
2025-12-19 16:06:45.894787,11,"stress_label",7,32,0.06,0.476744186046512,0.418604651162791,NA,7,"top7","eeg_fm_specent_precond;eeg_fm_beta_power_precond;eeg_faa_precond;eeg_tleft_lbeta_power_precond;eeg_tleft_lalpha_power_precond;eeg_fl_theta_power_precond;eeg_pleft_halpha_power_precond"
2025-12-19 16:06:46.303714,11,"stress_label",7,64,0.06,0.447674418604651,0.377906976744186,NA,7,"top7","eeg_fm_specent_precond;eeg_fm_beta_power_precond;eeg_faa_precond;eeg_tleft_lbeta_power_precond;eeg_tleft_lalpha_power_precond;eeg_fl_theta_power_precond;eeg_pleft_halpha_power_precond"
2025-12-19 16:06:46.522913,11,"stress_label",7,128,0.06,0.459302325581395,0.331395348837209,NA,7,"top7","eeg_fm_specent_precond;eeg_fm_beta_power_precond;eeg_faa_precond;eeg_tleft_lbeta_power_precond;eeg_tleft_lalpha_power_precond;eeg_fl_theta_power_precond;eeg_pleft_halpha_power_precond"
2025-12-19 16:06:46.844774,11,"stress_label",7,256,0.06,0.465116279069767,0.366279069767442,NA,7,"top7","eeg_fm_specent_precond;eeg_fm_beta_power_precond;eeg_faa_precond;eeg_tleft_lbeta_power_precond;eeg_tleft_lalpha_power_precond;eeg_fl_theta_power_precond;eeg_pleft_halpha_power_precond"
2025-12-19 16:06:46.356434,11,"stress_label",7,2,0.1,0.5,0.453488372093023,NA,7,"top7","eeg_fm_specent_precond;eeg_fm_beta_power_precond;eeg_faa_precond;eeg_tleft_lbeta_power_precond;eeg_tleft_lalpha_power_precond;eeg_fl_theta_power_precond;eeg_pleft_halpha_power_precond"
2025-12-19 16:06:46.427394,11,"stress_label",7,4,0.1,0.482558139534884,0.337209302325581,NA,7,"top7","eeg_fm_specent_precond;eeg_fm_beta_power_precond;eeg_faa_precond;eeg_tleft_lbeta_power_precond;eeg_tleft_lalpha_power_precond;eeg_fl_theta_power_precond;eeg_pleft_halpha_power_precond"
2025-12-19 16:06:46.437162,11,"stress_label",7,8,0.1,0.47093023255814,0.38953488372093,NA,7,"top7","eeg_fm_specent_precond;eeg_fm_beta_power_precond;eeg_faa_precond;eeg_tleft_lbeta_power_precond;eeg_tleft_lalpha_power_precond;eeg_fl_theta_power_precond;eeg_pleft_halpha_power_precond"
2025-12-19 16:06:46.499204,11,"stress_label",7,16,0.1,0.459302325581395,0.418604651162791,NA,7,"top7","eeg_fm_specent_precond;eeg_fm_beta_power_precond;eeg_faa_precond;eeg_tleft_lbeta_power_precond;eeg_tleft_lalpha_power_precond;eeg_fl_theta_power_precond;eeg_pleft_halpha_power_precond"
2025-12-19 16:06:46.609708,11,"stress_label",7,32,0.1,0.494186046511628,0.424418604651163,NA,7,"top7","eeg_fm_specent_precond;eeg_fm_beta_power_precond;eeg_faa_precond;eeg_tleft_lbeta_power_precond;eeg_tleft_lalpha_power_precond;eeg_fl_theta_power_precond;eeg_pleft_halpha_power_precond"
2025-12-19 16:06:46.818885,11,"stress_label",7,64,0.1,0.47093023255814,0.523255813953488,NA,7,"top7","eeg_fm_specent_precond;eeg_fm_beta_power_precond;eeg_faa_precond;eeg_tleft_lbeta_power_precond;eeg_tleft_lalpha_power_precond;eeg_fl_theta_power_precond;eeg_pleft_halpha_power_precond"
2025-12-19 16:06:46.968316,11,"stress_label",7,128,0.1,0.465116279069767,0.38953488372093,NA,7,"top7","eeg_fm_specent_precond;eeg_fm_beta_power_precond;eeg_faa_precond;eeg_tleft_lbeta_power_precond;eeg_tleft_lalpha_power_precond;eeg_fl_theta_power_precond;eeg_pleft_halpha_power_precond"
2025-12-19 16:06:47.174503,11,"stress_label",7,256,0.1,0.465116279069767,0.459302325581395,NA,7,"top7","eeg_fm_specent_precond;eeg_fm_beta_power_precond;eeg_faa_precond;eeg_tleft_lbeta_power_precond;eeg_tleft_lalpha_power_precond;eeg_fl_theta_power_precond;eeg_pleft_halpha_power_precond"
2025-12-19 16:06:48.51124,12,"stress_label",7,2,0.0078125,0.517441860465116,0.453488372093023,0.481395348837209,7,"top7","eeg_fm_lbeta_power_precond;eeg_tleft_lbeta_power_precond;eeg_faa_precond;eeg_tleft_lalpha_power_precond;eeg_fl_theta_power_precond;eeg_f_hbeta_power_precond;eeg_ab_ratio_precond"
2025-12-19 16:06:48.527031,12,"stress_label",7,4,0.0078125,0.529069767441861,0.38953488372093,0.506976744186047,7,"top7","eeg_fm_lbeta_power_precond;eeg_tleft_lbeta_power_precond;eeg_faa_precond;eeg_tleft_lalpha_power_precond;eeg_fl_theta_power_precond;eeg_f_hbeta_power_precond;eeg_ab_ratio_precond"
2025-12-19 16:06:48.483495,12,"stress_label",7,8,0.0078125,0.5,0.372093023255814,0.487596899224806,7,"top7","eeg_fm_lbeta_power_precond;eeg_tleft_lbeta_power_precond;eeg_faa_precond;eeg_tleft_lalpha_power_precond;eeg_fl_theta_power_precond;eeg_f_hbeta_power_precond;eeg_ab_ratio_precond"
2025-12-19 16:06:48.526493,12,"stress_label",7,16,0.0078125,0.47093023255814,0.441860465116279,NA,7,"top7","eeg_fm_lbeta_power_precond;eeg_tleft_lbeta_power_precond;eeg_faa_precond;eeg_tleft_lalpha_power_precond;eeg_fl_theta_power_precond;eeg_f_hbeta_power_precond;eeg_ab_ratio_precond"
2025-12-19 16:06:48.540663,12,"stress_label",7,32,0.0078125,0.476744186046512,0.412790697674419,NA,7,"top7","eeg_fm_lbeta_power_precond;eeg_tleft_lbeta_power_precond;eeg_faa_precond;eeg_tleft_lalpha_power_precond;eeg_fl_theta_power_precond;eeg_f_hbeta_power_precond;eeg_ab_ratio_precond"
2025-12-19 16:06:48.531399,12,"stress_label",7,64,0.0078125,0.482558139534884,0.441860465116279,NA,7,"top7","eeg_fm_lbeta_power_precond;eeg_tleft_lbeta_power_precond;eeg_faa_precond;eeg_tleft_lalpha_power_precond;eeg_fl_theta_power_precond;eeg_f_hbeta_power_precond;eeg_ab_ratio_precond"
2025-12-19 16:06:48.601941,12,"stress_label",7,128,0.0078125,0.476744186046512,0.27906976744186,NA,7,"top7","eeg_fm_lbeta_power_precond;eeg_tleft_lbeta_power_precond;eeg_faa_precond;eeg_tleft_lalpha_power_precond;eeg_fl_theta_power_precond;eeg_f_hbeta_power_precond;eeg_ab_ratio_precond"
2025-12-19 16:06:48.652653,12,"stress_label",7,256,0.0078125,0.459302325581395,0.36046511627907,NA,7,"top7","eeg_fm_lbeta_power_precond;eeg_tleft_lbeta_power_precond;eeg_faa_precond;eeg_tleft_lalpha_power_precond;eeg_fl_theta_power_precond;eeg_f_hbeta_power_precond;eeg_ab_ratio_precond"
2025-12-19 16:06:48.481726,12,"stress_label",7,2,0.015625,0.517441860465116,0.488372093023256,NA,7,"top7","eeg_fm_lbeta_power_precond;eeg_tleft_lbeta_power_precond;eeg_faa_precond;eeg_tleft_lalpha_power_precond;eeg_fl_theta_power_precond;eeg_f_hbeta_power_precond;eeg_ab_ratio_precond"
2025-12-19 16:06:48.499417,12,"stress_label",7,4,0.015625,0.476744186046512,0.441860465116279,0.464341085271318,7,"top7","eeg_fm_lbeta_power_precond;eeg_tleft_lbeta_power_precond;eeg_faa_precond;eeg_tleft_lalpha_power_precond;eeg_fl_theta_power_precond;eeg_f_hbeta_power_precond;eeg_ab_ratio_precond"
2025-12-19 16:06:48.515422,12,"stress_label",7,8,0.015625,0.482558139534884,0.424418604651163,NA,7,"top7","eeg_fm_lbeta_power_precond;eeg_tleft_lbeta_power_precond;eeg_faa_precond;eeg_tleft_lalpha_power_precond;eeg_fl_theta_power_precond;eeg_f_hbeta_power_precond;eeg_ab_ratio_precond"
2025-12-19 16:06:48.510235,12,"stress_label",7,16,0.015625,0.47093023255814,0.47093023255814,NA,7,"top7","eeg_fm_lbeta_power_precond;eeg_tleft_lbeta_power_precond;eeg_faa_precond;eeg_tleft_lalpha_power_precond;eeg_fl_theta_power_precond;eeg_f_hbeta_power_precond;eeg_ab_ratio_precond"
2025-12-19 16:06:48.571618,12,"stress_label",7,32,0.015625,0.488372093023256,0.366279069767442,NA,7,"top7","eeg_fm_lbeta_power_precond;eeg_tleft_lbeta_power_precond;eeg_faa_precond;eeg_tleft_lalpha_power_precond;eeg_fl_theta_power_precond;eeg_f_hbeta_power_precond;eeg_ab_ratio_precond"
2025-12-19 16:06:48.592794,12,"stress_label",7,64,0.015625,0.47093023255814,0.325581395348837,NA,7,"top7","eeg_fm_lbeta_power_precond;eeg_tleft_lbeta_power_precond;eeg_faa_precond;eeg_tleft_lalpha_power_precond;eeg_fl_theta_power_precond;eeg_f_hbeta_power_precond;eeg_ab_ratio_precond"
2025-12-19 16:06:49.731717,12,"stress_label",7,128,0.015625,0.465116279069767,0.308139534883721,NA,7,"top7","eeg_fm_lbeta_power_precond;eeg_tleft_lbeta_power_precond;eeg_faa_precond;eeg_tleft_lalpha_power_precond;eeg_fl_theta_power_precond;eeg_f_hbeta_power_precond;eeg_ab_ratio_precond"
2025-12-19 16:06:49.910096,12,"stress_label",7,256,0.015625,0.482558139534884,0.412790697674419,NA,7,"top7","eeg_fm_lbeta_power_precond;eeg_tleft_lbeta_power_precond;eeg_faa_precond;eeg_tleft_lalpha_power_precond;eeg_fl_theta_power_precond;eeg_f_hbeta_power_precond;eeg_ab_ratio_precond"
2025-12-19 16:06:49.621822,12,"stress_label",7,2,0.03125,0.47093023255814,0.47093023255814,0.442635658914729,7,"top7","eeg_fm_lbeta_power_precond;eeg_tleft_lbeta_power_precond;eeg_faa_precond;eeg_tleft_lalpha_power_precond;eeg_fl_theta_power_precond;eeg_f_hbeta_power_precond;eeg_ab_ratio_precond"
2025-12-19 16:06:49.606503,12,"stress_label",7,4,0.03125,0.482558139534884,0.418604651162791,NA,7,"top7","eeg_fm_lbeta_power_precond;eeg_tleft_lbeta_power_precond;eeg_faa_precond;eeg_tleft_lalpha_power_precond;eeg_fl_theta_power_precond;eeg_f_hbeta_power_precond;eeg_ab_ratio_precond"
2025-12-19 16:06:49.662638,12,"stress_label",7,8,0.03125,0.488372093023256,0.441860465116279,NA,7,"top7","eeg_fm_lbeta_power_precond;eeg_tleft_lbeta_power_precond;eeg_faa_precond;eeg_tleft_lalpha_power_precond;eeg_fl_theta_power_precond;eeg_f_hbeta_power_precond;eeg_ab_ratio_precond"
2025-12-19 16:06:49.677342,12,"stress_label",7,16,0.03125,0.47093023255814,0.412790697674419,NA,7,"top7","eeg_fm_lbeta_power_precond;eeg_tleft_lbeta_power_precond;eeg_faa_precond;eeg_tleft_lalpha_power_precond;eeg_fl_theta_power_precond;eeg_f_hbeta_power_precond;eeg_ab_ratio_precond"
2025-12-19 16:06:49.692387,12,"stress_label",7,32,0.03125,0.47093023255814,0.430232558139535,NA,7,"top7","eeg_fm_lbeta_power_precond;eeg_tleft_lbeta_power_precond;eeg_faa_precond;eeg_tleft_lalpha_power_precond;eeg_fl_theta_power_precond;eeg_f_hbeta_power_precond;eeg_ab_ratio_precond"
2025-12-19 16:06:49.802749,12,"stress_label",7,64,0.03125,0.476744186046512,0.412790697674419,NA,7,"top7","eeg_fm_lbeta_power_precond;eeg_tleft_lbeta_power_precond;eeg_faa_precond;eeg_tleft_lalpha_power_precond;eeg_fl_theta_power_precond;eeg_f_hbeta_power_precond;eeg_ab_ratio_precond"
2025-12-19 16:06:49.880326,12,"stress_label",7,128,0.03125,0.482558139534884,0.453488372093023,NA,7,"top7","eeg_fm_lbeta_power_precond;eeg_tleft_lbeta_power_precond;eeg_faa_precond;eeg_tleft_lalpha_power_precond;eeg_fl_theta_power_precond;eeg_f_hbeta_power_precond;eeg_ab_ratio_precond"
2025-12-19 16:06:50.159776,12,"stress_label",7,256,0.03125,0.436046511627907,0.430232558139535,NA,7,"top7","eeg_fm_lbeta_power_precond;eeg_tleft_lbeta_power_precond;eeg_faa_precond;eeg_tleft_lalpha_power_precond;eeg_fl_theta_power_precond;eeg_f_hbeta_power_precond;eeg_ab_ratio_precond"
2025-12-19 16:06:49.696053,12,"stress_label",7,2,0.0625,0.482558139534884,0.453488372093023,NA,7,"top7","eeg_fm_lbeta_power_precond;eeg_tleft_lbeta_power_precond;eeg_faa_precond;eeg_tleft_lalpha_power_precond;eeg_fl_theta_power_precond;eeg_f_hbeta_power_precond;eeg_ab_ratio_precond"
2025-12-19 16:06:49.762773,12,"stress_label",7,4,0.0625,0.476744186046512,0.401162790697674,NA,7,"top7","eeg_fm_lbeta_power_precond;eeg_tleft_lbeta_power_precond;eeg_faa_precond;eeg_tleft_lalpha_power_precond;eeg_fl_theta_power_precond;eeg_f_hbeta_power_precond;eeg_ab_ratio_precond"
2025-12-19 16:06:49.76778,12,"stress_label",7,8,0.0625,0.482558139534884,0.337209302325581,NA,7,"top7","eeg_fm_lbeta_power_precond;eeg_tleft_lbeta_power_precond;eeg_faa_precond;eeg_tleft_lalpha_power_precond;eeg_fl_theta_power_precond;eeg_f_hbeta_power_precond;eeg_ab_ratio_precond"
2025-12-19 16:06:49.840081,12,"stress_label",7,16,0.0625,0.482558139534884,0.441860465116279,NA,7,"top7","eeg_fm_lbeta_power_precond;eeg_tleft_lbeta_power_precond;eeg_faa_precond;eeg_tleft_lalpha_power_precond;eeg_fl_theta_power_precond;eeg_f_hbeta_power_precond;eeg_ab_ratio_precond"
2025-12-19 16:06:50.809154,12,"stress_label",7,32,0.0625,0.476744186046512,0.38953488372093,NA,7,"top7","eeg_fm_lbeta_power_precond;eeg_tleft_lbeta_power_precond;eeg_faa_precond;eeg_tleft_lalpha_power_precond;eeg_fl_theta_power_precond;eeg_f_hbeta_power_precond;eeg_ab_ratio_precond"
2025-12-19 16:06:50.960298,12,"stress_label",7,64,0.0625,0.47093023255814,0.395348837209302,NA,7,"top7","eeg_fm_lbeta_power_precond;eeg_tleft_lbeta_power_precond;eeg_faa_precond;eeg_tleft_lalpha_power_precond;eeg_fl_theta_power_precond;eeg_f_hbeta_power_precond;eeg_ab_ratio_precond"
2025-12-19 16:06:51.253237,12,"stress_label",7,128,0.0625,0.505813953488372,0.459302325581395,NA,7,"top7","eeg_fm_lbeta_power_precond;eeg_tleft_lbeta_power_precond;eeg_faa_precond;eeg_tleft_lalpha_power_precond;eeg_fl_theta_power_precond;eeg_f_hbeta_power_precond;eeg_ab_ratio_precond"
2025-12-19 16:06:51.629064,12,"stress_label",7,256,0.0625,0.494186046511628,0.453488372093023,NA,7,"top7","eeg_fm_lbeta_power_precond;eeg_tleft_lbeta_power_precond;eeg_faa_precond;eeg_tleft_lalpha_power_precond;eeg_fl_theta_power_precond;eeg_f_hbeta_power_precond;eeg_ab_ratio_precond"
2025-12-19 16:06:50.765237,12,"stress_label",7,2,0.125,0.494186046511628,0.343023255813953,NA,7,"top7","eeg_fm_lbeta_power_precond;eeg_tleft_lbeta_power_precond;eeg_faa_precond;eeg_tleft_lalpha_power_precond;eeg_fl_theta_power_precond;eeg_f_hbeta_power_precond;eeg_ab_ratio_precond"
2025-12-19 16:06:50.808061,12,"stress_label",7,4,0.125,0.5,0.319767441860465,NA,7,"top7","eeg_fm_lbeta_power_precond;eeg_tleft_lbeta_power_precond;eeg_faa_precond;eeg_tleft_lalpha_power_precond;eeg_fl_theta_power_precond;eeg_f_hbeta_power_precond;eeg_ab_ratio_precond"
2025-12-19 16:06:50.872229,12,"stress_label",7,8,0.125,0.505813953488372,0.377906976744186,NA,7,"top7","eeg_fm_lbeta_power_precond;eeg_tleft_lbeta_power_precond;eeg_faa_precond;eeg_tleft_lalpha_power_precond;eeg_fl_theta_power_precond;eeg_f_hbeta_power_precond;eeg_ab_ratio_precond"
2025-12-19 16:06:50.913822,12,"stress_label",7,16,0.125,0.540697674418605,0.395348837209302,NA,7,"top7","eeg_fm_lbeta_power_precond;eeg_tleft_lbeta_power_precond;eeg_faa_precond;eeg_tleft_lalpha_power_precond;eeg_fl_theta_power_precond;eeg_f_hbeta_power_precond;eeg_ab_ratio_precond"
2025-12-19 16:06:51.044047,12,"stress_label",7,32,0.125,0.488372093023256,0.430232558139535,NA,7,"top7","eeg_fm_lbeta_power_precond;eeg_tleft_lbeta_power_precond;eeg_faa_precond;eeg_tleft_lalpha_power_precond;eeg_fl_theta_power_precond;eeg_f_hbeta_power_precond;eeg_ab_ratio_precond"
2025-12-19 16:06:51.191388,12,"stress_label",7,64,0.125,0.494186046511628,0.459302325581395,0.473643410852713,7,"top7","eeg_fm_lbeta_power_precond;eeg_tleft_lbeta_power_precond;eeg_faa_precond;eeg_tleft_lalpha_power_precond;eeg_fl_theta_power_precond;eeg_f_hbeta_power_precond;eeg_ab_ratio_precond"
2025-12-19 16:06:51.382415,12,"stress_label",7,128,0.125,0.5,0.424418604651163,0.486046511627907,7,"top7","eeg_fm_lbeta_power_precond;eeg_tleft_lbeta_power_precond;eeg_faa_precond;eeg_tleft_lalpha_power_precond;eeg_fl_theta_power_precond;eeg_f_hbeta_power_precond;eeg_ab_ratio_precond"
2025-12-19 16:06:51.653325,12,"stress_label",7,256,0.125,0.511627906976744,0.465116279069767,0.513953488372093,7,"top7","eeg_fm_lbeta_power_precond;eeg_tleft_lbeta_power_precond;eeg_faa_precond;eeg_tleft_lalpha_power_precond;eeg_fl_theta_power_precond;eeg_f_hbeta_power_precond;eeg_ab_ratio_precond"
2025-12-19 16:06:50.997945,12,"stress_label",7,2,0.03,0.47093023255814,0.38953488372093,0.442635658914729,7,"top7","eeg_fm_lbeta_power_precond;eeg_tleft_lbeta_power_precond;eeg_faa_precond;eeg_tleft_lalpha_power_precond;eeg_fl_theta_power_precond;eeg_f_hbeta_power_precond;eeg_ab_ratio_precond"
2025-12-19 16:06:51.247119,12,"stress_label",7,4,0.03,0.488372093023256,0.47093023255814,NA,7,"top7","eeg_fm_lbeta_power_precond;eeg_tleft_lbeta_power_precond;eeg_faa_precond;eeg_tleft_lalpha_power_precond;eeg_fl_theta_power_precond;eeg_f_hbeta_power_precond;eeg_ab_ratio_precond"
2025-12-19 16:06:51.860756,12,"stress_label",7,8,0.03,0.482558139534884,0.418604651162791,NA,7,"top7","eeg_fm_lbeta_power_precond;eeg_tleft_lbeta_power_precond;eeg_faa_precond;eeg_tleft_lalpha_power_precond;eeg_fl_theta_power_precond;eeg_f_hbeta_power_precond;eeg_ab_ratio_precond"
2025-12-19 16:06:51.936307,12,"stress_label",7,16,0.03,0.476744186046512,0.38953488372093,NA,7,"top7","eeg_fm_lbeta_power_precond;eeg_tleft_lbeta_power_precond;eeg_faa_precond;eeg_tleft_lalpha_power_precond;eeg_fl_theta_power_precond;eeg_f_hbeta_power_precond;eeg_ab_ratio_precond"
2025-12-19 16:06:51.974192,12,"stress_label",7,32,0.03,0.47093023255814,0.412790697674419,NA,7,"top7","eeg_fm_lbeta_power_precond;eeg_tleft_lbeta_power_precond;eeg_faa_precond;eeg_tleft_lalpha_power_precond;eeg_fl_theta_power_precond;eeg_f_hbeta_power_precond;eeg_ab_ratio_precond"
2025-12-19 16:06:52.141433,12,"stress_label",7,64,0.03,0.482558139534884,0.36046511627907,NA,7,"top7","eeg_fm_lbeta_power_precond;eeg_tleft_lbeta_power_precond;eeg_faa_precond;eeg_tleft_lalpha_power_precond;eeg_fl_theta_power_precond;eeg_f_hbeta_power_precond;eeg_ab_ratio_precond"
2025-12-19 16:06:52.249448,12,"stress_label",7,128,0.03,0.488372093023256,0.401162790697674,NA,7,"top7","eeg_fm_lbeta_power_precond;eeg_tleft_lbeta_power_precond;eeg_faa_precond;eeg_tleft_lalpha_power_precond;eeg_fl_theta_power_precond;eeg_f_hbeta_power_precond;eeg_ab_ratio_precond"
2025-12-19 16:06:52.500009,12,"stress_label",7,256,0.03,0.436046511627907,0.430232558139535,NA,7,"top7","eeg_fm_lbeta_power_precond;eeg_tleft_lbeta_power_precond;eeg_faa_precond;eeg_tleft_lalpha_power_precond;eeg_fl_theta_power_precond;eeg_f_hbeta_power_precond;eeg_ab_ratio_precond"
2025-12-19 16:06:52.072688,12,"stress_label",7,2,0.06,0.488372093023256,0.430232558139535,NA,7,"top7","eeg_fm_lbeta_power_precond;eeg_tleft_lbeta_power_precond;eeg_faa_precond;eeg_tleft_lalpha_power_precond;eeg_fl_theta_power_precond;eeg_f_hbeta_power_precond;eeg_ab_ratio_precond"
2025-12-19 16:06:52.150501,12,"stress_label",7,4,0.06,0.488372093023256,0.430232558139535,NA,7,"top7","eeg_fm_lbeta_power_precond;eeg_tleft_lbeta_power_precond;eeg_faa_precond;eeg_tleft_lalpha_power_precond;eeg_fl_theta_power_precond;eeg_f_hbeta_power_precond;eeg_ab_ratio_precond"
2025-12-19 16:06:52.281161,12,"stress_label",7,8,0.06,0.476744186046512,0.377906976744186,NA,7,"top7","eeg_fm_lbeta_power_precond;eeg_tleft_lbeta_power_precond;eeg_faa_precond;eeg_tleft_lalpha_power_precond;eeg_fl_theta_power_precond;eeg_f_hbeta_power_precond;eeg_ab_ratio_precond"
2025-12-19 16:06:52.426141,12,"stress_label",7,16,0.06,0.494186046511628,0.430232558139535,NA,7,"top7","eeg_fm_lbeta_power_precond;eeg_tleft_lbeta_power_precond;eeg_faa_precond;eeg_tleft_lalpha_power_precond;eeg_fl_theta_power_precond;eeg_f_hbeta_power_precond;eeg_ab_ratio_precond"
2025-12-19 16:06:52.468077,12,"stress_label",7,32,0.06,0.465116279069767,0.459302325581395,NA,7,"top7","eeg_fm_lbeta_power_precond;eeg_tleft_lbeta_power_precond;eeg_faa_precond;eeg_tleft_lalpha_power_precond;eeg_fl_theta_power_precond;eeg_f_hbeta_power_precond;eeg_ab_ratio_precond"
2025-12-19 16:06:52.622046,12,"stress_label",7,64,0.06,0.47093023255814,0.354651162790698,NA,7,"top7","eeg_fm_lbeta_power_precond;eeg_tleft_lbeta_power_precond;eeg_faa_precond;eeg_tleft_lalpha_power_precond;eeg_fl_theta_power_precond;eeg_f_hbeta_power_precond;eeg_ab_ratio_precond"
2025-12-19 16:06:53.013042,12,"stress_label",7,128,0.06,0.488372093023256,0.418604651162791,NA,7,"top7","eeg_fm_lbeta_power_precond;eeg_tleft_lbeta_power_precond;eeg_faa_precond;eeg_tleft_lalpha_power_precond;eeg_fl_theta_power_precond;eeg_f_hbeta_power_precond;eeg_ab_ratio_precond"
2025-12-19 16:06:53.344852,12,"stress_label",7,256,0.06,0.5,0.5,NA,7,"top7","eeg_fm_lbeta_power_precond;eeg_tleft_lbeta_power_precond;eeg_faa_precond;eeg_tleft_lalpha_power_precond;eeg_fl_theta_power_precond;eeg_f_hbeta_power_precond;eeg_ab_ratio_precond"
2025-12-19 16:06:52.871508,12,"stress_label",7,2,0.1,0.482558139534884,0.366279069767442,NA,7,"top7","eeg_fm_lbeta_power_precond;eeg_tleft_lbeta_power_precond;eeg_faa_precond;eeg_tleft_lalpha_power_precond;eeg_fl_theta_power_precond;eeg_f_hbeta_power_precond;eeg_ab_ratio_precond"
2025-12-19 16:06:52.979063,12,"stress_label",7,4,0.1,0.505813953488372,0.383720930232558,NA,7,"top7","eeg_fm_lbeta_power_precond;eeg_tleft_lbeta_power_precond;eeg_faa_precond;eeg_tleft_lalpha_power_precond;eeg_fl_theta_power_precond;eeg_f_hbeta_power_precond;eeg_ab_ratio_precond"
2025-12-19 16:06:52.988291,12,"stress_label",7,8,0.1,0.488372093023256,0.354651162790698,NA,7,"top7","eeg_fm_lbeta_power_precond;eeg_tleft_lbeta_power_precond;eeg_faa_precond;eeg_tleft_lalpha_power_precond;eeg_fl_theta_power_precond;eeg_f_hbeta_power_precond;eeg_ab_ratio_precond"
2025-12-19 16:06:53.095895,12,"stress_label",7,16,0.1,0.517441860465116,0.401162790697674,NA,7,"top7","eeg_fm_lbeta_power_precond;eeg_tleft_lbeta_power_precond;eeg_faa_precond;eeg_tleft_lalpha_power_precond;eeg_fl_theta_power_precond;eeg_f_hbeta_power_precond;eeg_ab_ratio_precond"
2025-12-19 16:06:53.201451,12,"stress_label",7,32,0.1,0.505813953488372,0.447674418604651,NA,7,"top7","eeg_fm_lbeta_power_precond;eeg_tleft_lbeta_power_precond;eeg_faa_precond;eeg_tleft_lalpha_power_precond;eeg_fl_theta_power_precond;eeg_f_hbeta_power_precond;eeg_ab_ratio_precond"
2025-12-19 16:06:53.324283,12,"stress_label",7,64,0.1,0.494186046511628,0.459302325581395,NA,7,"top7","eeg_fm_lbeta_power_precond;eeg_tleft_lbeta_power_precond;eeg_faa_precond;eeg_tleft_lalpha_power_precond;eeg_fl_theta_power_precond;eeg_f_hbeta_power_precond;eeg_ab_ratio_precond"
2025-12-19 16:06:53.497777,12,"stress_label",7,128,0.1,0.488372093023256,0.505813953488372,0.468217054263566,7,"top7","eeg_fm_lbeta_power_precond;eeg_tleft_lbeta_power_precond;eeg_faa_precond;eeg_tleft_lalpha_power_precond;eeg_fl_theta_power_precond;eeg_f_hbeta_power_precond;eeg_ab_ratio_precond"
2025-12-19 16:06:53.667368,12,"stress_label",7,256,0.1,0.494186046511628,0.476744186046512,0.484496124031008,7,"top7","eeg_fm_lbeta_power_precond;eeg_tleft_lbeta_power_precond;eeg_faa_precond;eeg_tleft_lalpha_power_precond;eeg_fl_theta_power_precond;eeg_f_hbeta_power_precond;eeg_ab_ratio_precond"
2025-12-19 16:06:55.024735,13,"stress_label",7,2,0.0078125,0.494186046511628,0.395348837209302,0.458139534883721,7,"top7","eeg_fm_lbeta_power_precond;eeg_tleft_lbeta_power_precond;eeg_faa_precond;eeg_pright_specent_precond;eeg_tleft_lalpha_power_precond;eeg_fl_theta_power_precond;eeg_tleft_alpha_power_precond"
2025-12-19 16:06:54.958085,13,"stress_label",7,4,0.0078125,0.47093023255814,0.401162790697674,0.441860465116279,7,"top7","eeg_fm_lbeta_power_precond;eeg_tleft_lbeta_power_precond;eeg_faa_precond;eeg_pright_specent_precond;eeg_tleft_lalpha_power_precond;eeg_fl_theta_power_precond;eeg_tleft_alpha_power_precond"
2025-12-19 16:06:55.003239,13,"stress_label",7,8,0.0078125,0.465116279069767,0.412790697674419,0.437209302325581,7,"top7","eeg_fm_lbeta_power_precond;eeg_tleft_lbeta_power_precond;eeg_faa_precond;eeg_pright_specent_precond;eeg_tleft_lalpha_power_precond;eeg_fl_theta_power_precond;eeg_tleft_alpha_power_precond"
2025-12-19 16:06:54.985896,13,"stress_label",7,16,0.0078125,0.47093023255814,0.424418604651163,0.427906976744186,7,"top7","eeg_fm_lbeta_power_precond;eeg_tleft_lbeta_power_precond;eeg_faa_precond;eeg_pright_specent_precond;eeg_tleft_lalpha_power_precond;eeg_fl_theta_power_precond;eeg_tleft_alpha_power_precond"
2025-12-19 16:06:54.972791,13,"stress_label",7,32,0.0078125,0.465116279069767,0.459302325581395,0.413953488372093,7,"top7","eeg_fm_lbeta_power_precond;eeg_tleft_lbeta_power_precond;eeg_faa_precond;eeg_pright_specent_precond;eeg_tleft_lalpha_power_precond;eeg_fl_theta_power_precond;eeg_tleft_alpha_power_precond"
2025-12-19 16:06:55.017411,13,"stress_label",7,64,0.0078125,0.465116279069767,0.459302325581395,0.39922480620155,7,"top7","eeg_fm_lbeta_power_precond;eeg_tleft_lbeta_power_precond;eeg_faa_precond;eeg_pright_specent_precond;eeg_tleft_lalpha_power_precond;eeg_fl_theta_power_precond;eeg_tleft_alpha_power_precond"
2025-12-19 16:06:55.076983,13,"stress_label",7,128,0.0078125,0.453488372093023,0.377906976744186,0.393798449612403,7,"top7","eeg_fm_lbeta_power_precond;eeg_tleft_lbeta_power_precond;eeg_faa_precond;eeg_pright_specent_precond;eeg_tleft_lalpha_power_precond;eeg_fl_theta_power_precond;eeg_tleft_alpha_power_precond"
2025-12-19 16:06:55.181576,13,"stress_label",7,256,0.0078125,0.517441860465116,0.441860465116279,NA,7,"top7","eeg_fm_lbeta_power_precond;eeg_tleft_lbeta_power_precond;eeg_faa_precond;eeg_pright_specent_precond;eeg_tleft_lalpha_power_precond;eeg_fl_theta_power_precond;eeg_tleft_alpha_power_precond"
2025-12-19 16:06:54.978971,13,"stress_label",7,2,0.015625,0.47093023255814,0.476744186046512,0.437984496124031,7,"top7","eeg_fm_lbeta_power_precond;eeg_tleft_lbeta_power_precond;eeg_faa_precond;eeg_pright_specent_precond;eeg_tleft_lalpha_power_precond;eeg_fl_theta_power_precond;eeg_tleft_alpha_power_precond"
2025-12-19 16:06:55.040155,13,"stress_label",7,4,0.015625,0.476744186046512,0.401162790697674,NA,7,"top7","eeg_fm_lbeta_power_precond;eeg_tleft_lbeta_power_precond;eeg_faa_precond;eeg_pright_specent_precond;eeg_tleft_lalpha_power_precond;eeg_fl_theta_power_precond;eeg_tleft_alpha_power_precond"
2025-12-19 16:06:55.032345,13,"stress_label",7,8,0.015625,0.476744186046512,0.476744186046512,NA,7,"top7","eeg_fm_lbeta_power_precond;eeg_tleft_lbeta_power_precond;eeg_faa_precond;eeg_pright_specent_precond;eeg_tleft_lalpha_power_precond;eeg_fl_theta_power_precond;eeg_tleft_alpha_power_precond"
2025-12-19 16:06:54.982887,13,"stress_label",7,16,0.015625,0.47093023255814,0.465116279069767,0.407751937984496,7,"top7","eeg_fm_lbeta_power_precond;eeg_tleft_lbeta_power_precond;eeg_faa_precond;eeg_pright_specent_precond;eeg_tleft_lalpha_power_precond;eeg_fl_theta_power_precond;eeg_tleft_alpha_power_precond"
2025-12-19 16:06:55.028237,13,"stress_label",7,32,0.015625,0.465116279069767,0.337209302325581,NA,7,"top7","eeg_fm_lbeta_power_precond;eeg_tleft_lbeta_power_precond;eeg_faa_precond;eeg_pright_specent_precond;eeg_tleft_lalpha_power_precond;eeg_fl_theta_power_precond;eeg_tleft_alpha_power_precond"
2025-12-19 16:06:55.086767,13,"stress_label",7,64,0.015625,0.5,0.395348837209302,NA,7,"top7","eeg_fm_lbeta_power_precond;eeg_tleft_lbeta_power_precond;eeg_faa_precond;eeg_pright_specent_precond;eeg_tleft_lalpha_power_precond;eeg_fl_theta_power_precond;eeg_tleft_alpha_power_precond"
2025-12-19 16:06:56.259483,13,"stress_label",7,128,0.015625,0.511627906976744,0.465116279069767,NA,7,"top7","eeg_fm_lbeta_power_precond;eeg_tleft_lbeta_power_precond;eeg_faa_precond;eeg_pright_specent_precond;eeg_tleft_lalpha_power_precond;eeg_fl_theta_power_precond;eeg_tleft_alpha_power_precond"
2025-12-19 16:06:56.448878,13,"stress_label",7,256,0.015625,0.517441860465116,0.430232558139535,NA,7,"top7","eeg_fm_lbeta_power_precond;eeg_tleft_lbeta_power_precond;eeg_faa_precond;eeg_pright_specent_precond;eeg_tleft_lalpha_power_precond;eeg_fl_theta_power_precond;eeg_tleft_alpha_power_precond"
2025-12-19 16:06:56.11602,13,"stress_label",7,2,0.03125,0.465116279069767,0.424418604651163,NA,7,"top7","eeg_fm_lbeta_power_precond;eeg_tleft_lbeta_power_precond;eeg_faa_precond;eeg_pright_specent_precond;eeg_tleft_lalpha_power_precond;eeg_fl_theta_power_precond;eeg_tleft_alpha_power_precond"
2025-12-19 16:06:56.090767,13,"stress_label",7,4,0.03125,0.47093023255814,0.447674418604651,NA,7,"top7","eeg_fm_lbeta_power_precond;eeg_tleft_lbeta_power_precond;eeg_faa_precond;eeg_pright_specent_precond;eeg_tleft_lalpha_power_precond;eeg_fl_theta_power_precond;eeg_tleft_alpha_power_precond"
2025-12-19 16:06:56.122272,13,"stress_label",7,8,0.03125,0.488372093023256,0.38953488372093,NA,7,"top7","eeg_fm_lbeta_power_precond;eeg_tleft_lbeta_power_precond;eeg_faa_precond;eeg_pright_specent_precond;eeg_tleft_lalpha_power_precond;eeg_fl_theta_power_precond;eeg_tleft_alpha_power_precond"
2025-12-19 16:06:56.173846,13,"stress_label",7,16,0.03125,0.476744186046512,0.377906976744186,NA,7,"top7","eeg_fm_lbeta_power_precond;eeg_tleft_lbeta_power_precond;eeg_faa_precond;eeg_pright_specent_precond;eeg_tleft_lalpha_power_precond;eeg_fl_theta_power_precond;eeg_tleft_alpha_power_precond"
2025-12-19 16:06:56.247884,13,"stress_label",7,32,0.03125,0.505813953488372,0.482558139534884,NA,7,"top7","eeg_fm_lbeta_power_precond;eeg_tleft_lbeta_power_precond;eeg_faa_precond;eeg_pright_specent_precond;eeg_tleft_lalpha_power_precond;eeg_fl_theta_power_precond;eeg_tleft_alpha_power_precond"
2025-12-19 16:06:56.306989,13,"stress_label",7,64,0.03125,0.529069767441861,0.424418604651163,NA,7,"top7","eeg_fm_lbeta_power_precond;eeg_tleft_lbeta_power_precond;eeg_faa_precond;eeg_pright_specent_precond;eeg_tleft_lalpha_power_precond;eeg_fl_theta_power_precond;eeg_tleft_alpha_power_precond"
2025-12-19 16:06:56.494632,13,"stress_label",7,128,0.03125,0.505813953488372,0.401162790697674,NA,7,"top7","eeg_fm_lbeta_power_precond;eeg_tleft_lbeta_power_precond;eeg_faa_precond;eeg_pright_specent_precond;eeg_tleft_lalpha_power_precond;eeg_fl_theta_power_precond;eeg_tleft_alpha_power_precond"
2025-12-19 16:06:56.780273,13,"stress_label",7,256,0.03125,0.558139534883721,0.511627906976744,NA,7,"top7","eeg_fm_lbeta_power_precond;eeg_tleft_lbeta_power_precond;eeg_faa_precond;eeg_pright_specent_precond;eeg_tleft_lalpha_power_precond;eeg_fl_theta_power_precond;eeg_tleft_alpha_power_precond"
2025-12-19 16:06:56.173288,13,"stress_label",7,2,0.0625,0.47093023255814,0.412790697674419,NA,7,"top7","eeg_fm_lbeta_power_precond;eeg_tleft_lbeta_power_precond;eeg_faa_precond;eeg_pright_specent_precond;eeg_tleft_lalpha_power_precond;eeg_fl_theta_power_precond;eeg_tleft_alpha_power_precond"
2025-12-19 16:06:56.222229,13,"stress_label",7,4,0.0625,0.488372093023256,0.354651162790698,NA,7,"top7","eeg_fm_lbeta_power_precond;eeg_tleft_lbeta_power_precond;eeg_faa_precond;eeg_pright_specent_precond;eeg_tleft_lalpha_power_precond;eeg_fl_theta_power_precond;eeg_tleft_alpha_power_precond"
2025-12-19 16:06:56.221104,13,"stress_label",7,8,0.0625,0.47093023255814,0.366279069767442,NA,7,"top7","eeg_fm_lbeta_power_precond;eeg_tleft_lbeta_power_precond;eeg_faa_precond;eeg_pright_specent_precond;eeg_tleft_lalpha_power_precond;eeg_fl_theta_power_precond;eeg_tleft_alpha_power_precond"
2025-12-19 16:06:56.411024,13,"stress_label",7,16,0.0625,0.523255813953488,0.38953488372093,NA,7,"top7","eeg_fm_lbeta_power_precond;eeg_tleft_lbeta_power_precond;eeg_faa_precond;eeg_pright_specent_precond;eeg_tleft_lalpha_power_precond;eeg_fl_theta_power_precond;eeg_tleft_alpha_power_precond"
2025-12-19 16:06:57.317905,13,"stress_label",7,32,0.0625,0.523255813953488,0.447674418604651,NA,7,"top7","eeg_fm_lbeta_power_precond;eeg_tleft_lbeta_power_precond;eeg_faa_precond;eeg_pright_specent_precond;eeg_tleft_lalpha_power_precond;eeg_fl_theta_power_precond;eeg_tleft_alpha_power_precond"
2025-12-19 16:06:57.455899,13,"stress_label",7,64,0.0625,0.552325581395349,0.453488372093023,NA,7,"top7","eeg_fm_lbeta_power_precond;eeg_tleft_lbeta_power_precond;eeg_faa_precond;eeg_pright_specent_precond;eeg_tleft_lalpha_power_precond;eeg_fl_theta_power_precond;eeg_tleft_alpha_power_precond"
2025-12-19 16:06:57.787663,13,"stress_label",7,128,0.0625,0.540697674418605,0.406976744186047,NA,7,"top7","eeg_fm_lbeta_power_precond;eeg_tleft_lbeta_power_precond;eeg_faa_precond;eeg_pright_specent_precond;eeg_tleft_lalpha_power_precond;eeg_fl_theta_power_precond;eeg_tleft_alpha_power_precond"
2025-12-19 16:06:58.378197,13,"stress_label",7,256,0.0625,0.546511627906977,0.523255813953488,NA,7,"top7","eeg_fm_lbeta_power_precond;eeg_tleft_lbeta_power_precond;eeg_faa_precond;eeg_pright_specent_precond;eeg_tleft_lalpha_power_precond;eeg_fl_theta_power_precond;eeg_tleft_alpha_power_precond"
2025-12-19 16:06:57.23165,13,"stress_label",7,2,0.125,0.482558139534884,0.401162790697674,NA,7,"top7","eeg_fm_lbeta_power_precond;eeg_tleft_lbeta_power_precond;eeg_faa_precond;eeg_pright_specent_precond;eeg_tleft_lalpha_power_precond;eeg_fl_theta_power_precond;eeg_tleft_alpha_power_precond"
2025-12-19 16:06:57.371502,13,"stress_label",7,4,0.125,0.517441860465116,0.395348837209302,NA,7,"top7","eeg_fm_lbeta_power_precond;eeg_tleft_lbeta_power_precond;eeg_faa_precond;eeg_pright_specent_precond;eeg_tleft_lalpha_power_precond;eeg_fl_theta_power_precond;eeg_tleft_alpha_power_precond"
2025-12-19 16:06:57.357883,13,"stress_label",7,8,0.125,0.552325581395349,0.482558139534884,NA,7,"top7","eeg_fm_lbeta_power_precond;eeg_tleft_lbeta_power_precond;eeg_faa_precond;eeg_pright_specent_precond;eeg_tleft_lalpha_power_precond;eeg_fl_theta_power_precond;eeg_tleft_alpha_power_precond"
2025-12-19 16:06:57.459168,13,"stress_label",7,16,0.125,0.558139534883721,0.377906976744186,NA,7,"top7","eeg_fm_lbeta_power_precond;eeg_tleft_lbeta_power_precond;eeg_faa_precond;eeg_pright_specent_precond;eeg_tleft_lalpha_power_precond;eeg_fl_theta_power_precond;eeg_tleft_alpha_power_precond"
2025-12-19 16:06:57.583679,13,"stress_label",7,32,0.125,0.546511627906977,0.5,NA,7,"top7","eeg_fm_lbeta_power_precond;eeg_tleft_lbeta_power_precond;eeg_faa_precond;eeg_pright_specent_precond;eeg_tleft_lalpha_power_precond;eeg_fl_theta_power_precond;eeg_tleft_alpha_power_precond"
2025-12-19 16:06:57.847147,13,"stress_label",7,64,0.125,0.505813953488372,0.47093023255814,NA,7,"top7","eeg_fm_lbeta_power_precond;eeg_tleft_lbeta_power_precond;eeg_faa_precond;eeg_pright_specent_precond;eeg_tleft_lalpha_power_precond;eeg_fl_theta_power_precond;eeg_tleft_alpha_power_precond"
2025-12-19 16:06:58.133019,13,"stress_label",7,128,0.125,0.47093023255814,0.430232558139535,NA,7,"top7","eeg_fm_lbeta_power_precond;eeg_tleft_lbeta_power_precond;eeg_faa_precond;eeg_pright_specent_precond;eeg_tleft_lalpha_power_precond;eeg_fl_theta_power_precond;eeg_tleft_alpha_power_precond"
2025-12-19 16:06:58.423281,13,"stress_label",7,256,0.125,0.47093023255814,0.366279069767442,NA,7,"top7","eeg_fm_lbeta_power_precond;eeg_tleft_lbeta_power_precond;eeg_faa_precond;eeg_pright_specent_precond;eeg_tleft_lalpha_power_precond;eeg_fl_theta_power_precond;eeg_tleft_alpha_power_precond"
2025-12-19 16:06:57.582944,13,"stress_label",7,2,0.03,0.47093023255814,0.412790697674419,NA,7,"top7","eeg_fm_lbeta_power_precond;eeg_tleft_lbeta_power_precond;eeg_faa_precond;eeg_pright_specent_precond;eeg_tleft_lalpha_power_precond;eeg_fl_theta_power_precond;eeg_tleft_alpha_power_precond"
2025-12-19 16:06:57.861028,13,"stress_label",7,4,0.03,0.476744186046512,0.529069767441861,NA,7,"top7","eeg_fm_lbeta_power_precond;eeg_tleft_lbeta_power_precond;eeg_faa_precond;eeg_pright_specent_precond;eeg_tleft_lalpha_power_precond;eeg_fl_theta_power_precond;eeg_tleft_alpha_power_precond"
2025-12-19 16:06:58.313342,13,"stress_label",7,8,0.03,0.482558139534884,0.424418604651163,NA,7,"top7","eeg_fm_lbeta_power_precond;eeg_tleft_lbeta_power_precond;eeg_faa_precond;eeg_pright_specent_precond;eeg_tleft_lalpha_power_precond;eeg_fl_theta_power_precond;eeg_tleft_alpha_power_precond"
2025-12-19 16:06:58.453108,13,"stress_label",7,16,0.03,0.476744186046512,0.418604651162791,NA,7,"top7","eeg_fm_lbeta_power_precond;eeg_tleft_lbeta_power_precond;eeg_faa_precond;eeg_pright_specent_precond;eeg_tleft_lalpha_power_precond;eeg_fl_theta_power_precond;eeg_tleft_alpha_power_precond"
2025-12-19 16:06:58.53682,13,"stress_label",7,32,0.03,0.488372093023256,0.436046511627907,NA,7,"top7","eeg_fm_lbeta_power_precond;eeg_tleft_lbeta_power_precond;eeg_faa_precond;eeg_pright_specent_precond;eeg_tleft_lalpha_power_precond;eeg_fl_theta_power_precond;eeg_tleft_alpha_power_precond"
2025-12-19 16:06:58.614731,13,"stress_label",7,64,0.03,0.523255813953488,0.401162790697674,NA,7,"top7","eeg_fm_lbeta_power_precond;eeg_tleft_lbeta_power_precond;eeg_faa_precond;eeg_pright_specent_precond;eeg_tleft_lalpha_power_precond;eeg_fl_theta_power_precond;eeg_tleft_alpha_power_precond"
2025-12-19 16:06:58.879447,13,"stress_label",7,128,0.03,0.5,0.441860465116279,NA,7,"top7","eeg_fm_lbeta_power_precond;eeg_tleft_lbeta_power_precond;eeg_faa_precond;eeg_pright_specent_precond;eeg_tleft_lalpha_power_precond;eeg_fl_theta_power_precond;eeg_tleft_alpha_power_precond"
2025-12-19 16:06:59.143854,13,"stress_label",7,256,0.03,0.552325581395349,0.494186046511628,NA,7,"top7","eeg_fm_lbeta_power_precond;eeg_tleft_lbeta_power_precond;eeg_faa_precond;eeg_pright_specent_precond;eeg_tleft_lalpha_power_precond;eeg_fl_theta_power_precond;eeg_tleft_alpha_power_precond"
2025-12-19 16:06:58.689738,13,"stress_label",7,2,0.06,0.465116279069767,0.383720930232558,NA,7,"top7","eeg_fm_lbeta_power_precond;eeg_tleft_lbeta_power_precond;eeg_faa_precond;eeg_pright_specent_precond;eeg_tleft_lalpha_power_precond;eeg_fl_theta_power_precond;eeg_tleft_alpha_power_precond"
2025-12-19 16:06:58.673191,13,"stress_label",7,4,0.06,0.488372093023256,0.418604651162791,NA,7,"top7","eeg_fm_lbeta_power_precond;eeg_tleft_lbeta_power_precond;eeg_faa_precond;eeg_pright_specent_precond;eeg_tleft_lalpha_power_precond;eeg_fl_theta_power_precond;eeg_tleft_alpha_power_precond"
2025-12-19 16:06:58.882073,13,"stress_label",7,8,0.06,0.47093023255814,0.430232558139535,NA,7,"top7","eeg_fm_lbeta_power_precond;eeg_tleft_lbeta_power_precond;eeg_faa_precond;eeg_pright_specent_precond;eeg_tleft_lalpha_power_precond;eeg_fl_theta_power_precond;eeg_tleft_alpha_power_precond"
2025-12-19 16:06:59.037646,13,"stress_label",7,16,0.06,0.523255813953488,0.406976744186047,NA,7,"top7","eeg_fm_lbeta_power_precond;eeg_tleft_lbeta_power_precond;eeg_faa_precond;eeg_pright_specent_precond;eeg_tleft_lalpha_power_precond;eeg_fl_theta_power_precond;eeg_tleft_alpha_power_precond"
2025-12-19 16:06:59.118419,13,"stress_label",7,32,0.06,0.529069767441861,0.36046511627907,NA,7,"top7","eeg_fm_lbeta_power_precond;eeg_tleft_lbeta_power_precond;eeg_faa_precond;eeg_pright_specent_precond;eeg_tleft_lalpha_power_precond;eeg_fl_theta_power_precond;eeg_tleft_alpha_power_precond"
2025-12-19 16:06:59.424169,13,"stress_label",7,64,0.06,0.552325581395349,0.395348837209302,NA,7,"top7","eeg_fm_lbeta_power_precond;eeg_tleft_lbeta_power_precond;eeg_faa_precond;eeg_pright_specent_precond;eeg_tleft_lalpha_power_precond;eeg_fl_theta_power_precond;eeg_tleft_alpha_power_precond"
2025-12-19 16:06:59.783425,13,"stress_label",7,128,0.06,0.540697674418605,0.401162790697674,NA,7,"top7","eeg_fm_lbeta_power_precond;eeg_tleft_lbeta_power_precond;eeg_faa_precond;eeg_pright_specent_precond;eeg_tleft_lalpha_power_precond;eeg_fl_theta_power_precond;eeg_tleft_alpha_power_precond"
2025-12-19 16:07:00.166703,13,"stress_label",7,256,0.06,0.540697674418605,0.459302325581395,NA,7,"top7","eeg_fm_lbeta_power_precond;eeg_tleft_lbeta_power_precond;eeg_faa_precond;eeg_pright_specent_precond;eeg_tleft_lalpha_power_precond;eeg_fl_theta_power_precond;eeg_tleft_alpha_power_precond"
2025-12-19 16:06:59.473539,13,"stress_label",7,2,0.1,0.494186046511628,0.348837209302326,NA,7,"top7","eeg_fm_lbeta_power_precond;eeg_tleft_lbeta_power_precond;eeg_faa_precond;eeg_pright_specent_precond;eeg_tleft_lalpha_power_precond;eeg_fl_theta_power_precond;eeg_tleft_alpha_power_precond"
2025-12-19 16:06:59.507206,13,"stress_label",7,4,0.1,0.482558139534884,0.406976744186047,NA,7,"top7","eeg_fm_lbeta_power_precond;eeg_tleft_lbeta_power_precond;eeg_faa_precond;eeg_pright_specent_precond;eeg_tleft_lalpha_power_precond;eeg_fl_theta_power_precond;eeg_tleft_alpha_power_precond"
2025-12-19 16:06:59.603842,13,"stress_label",7,8,0.1,0.517441860465116,0.453488372093023,NA,7,"top7","eeg_fm_lbeta_power_precond;eeg_tleft_lbeta_power_precond;eeg_faa_precond;eeg_pright_specent_precond;eeg_tleft_lalpha_power_precond;eeg_fl_theta_power_precond;eeg_tleft_alpha_power_precond"
2025-12-19 16:06:59.673243,13,"stress_label",7,16,0.1,0.552325581395349,0.395348837209302,NA,7,"top7","eeg_fm_lbeta_power_precond;eeg_tleft_lbeta_power_precond;eeg_faa_precond;eeg_pright_specent_precond;eeg_tleft_lalpha_power_precond;eeg_fl_theta_power_precond;eeg_tleft_alpha_power_precond"
2025-12-19 16:06:59.789548,13,"stress_label",7,32,0.1,0.546511627906977,0.401162790697674,NA,7,"top7","eeg_fm_lbeta_power_precond;eeg_tleft_lbeta_power_precond;eeg_faa_precond;eeg_pright_specent_precond;eeg_tleft_lalpha_power_precond;eeg_fl_theta_power_precond;eeg_tleft_alpha_power_precond"
2025-12-19 16:06:59.960459,13,"stress_label",7,64,0.1,0.546511627906977,0.534883720930233,NA,7,"top7","eeg_fm_lbeta_power_precond;eeg_tleft_lbeta_power_precond;eeg_faa_precond;eeg_pright_specent_precond;eeg_tleft_lalpha_power_precond;eeg_fl_theta_power_precond;eeg_tleft_alpha_power_precond"
2025-12-19 16:07:00.236161,13,"stress_label",7,128,0.1,0.488372093023256,0.418604651162791,NA,7,"top7","eeg_fm_lbeta_power_precond;eeg_tleft_lbeta_power_precond;eeg_faa_precond;eeg_pright_specent_precond;eeg_tleft_lalpha_power_precond;eeg_fl_theta_power_precond;eeg_tleft_alpha_power_precond"
2025-12-19 16:07:00.373887,13,"stress_label",7,256,0.1,0.476744186046512,0.424418604651163,NA,7,"top7","eeg_fm_lbeta_power_precond;eeg_tleft_lbeta_power_precond;eeg_faa_precond;eeg_pright_specent_precond;eeg_tleft_lalpha_power_precond;eeg_fl_theta_power_precond;eeg_tleft_alpha_power_precond"
2025-12-19 16:07:01.673753,15,"stress_label",7,2,0.0078125,0.488372093023256,0.476744186046512,0.493798449612403,7,"top7","eeg_fm_lbeta_power_precond;eeg_fm_specent_precond;eeg_faa_precond;eeg_tleft_lbeta_power_precond;eeg_fl_theta_power_precond;eeg_tleft_lalpha_power_precond;eeg_pleft_hbeta_power_precond"
2025-12-19 16:07:01.624525,15,"stress_label",7,4,0.0078125,0.47093023255814,0.377906976744186,0.448837209302326,7,"top7","eeg_fm_lbeta_power_precond;eeg_fm_specent_precond;eeg_faa_precond;eeg_tleft_lbeta_power_precond;eeg_fl_theta_power_precond;eeg_tleft_lalpha_power_precond;eeg_pleft_hbeta_power_precond"
2025-12-19 16:07:01.661277,15,"stress_label",7,8,0.0078125,0.482558139534884,0.284883720930233,0.475193798449612,7,"top7","eeg_fm_lbeta_power_precond;eeg_fm_specent_precond;eeg_faa_precond;eeg_tleft_lbeta_power_precond;eeg_fl_theta_power_precond;eeg_tleft_lalpha_power_precond;eeg_pleft_hbeta_power_precond"
2025-12-19 16:07:01.668164,15,"stress_label",7,16,0.0078125,0.476744186046512,0.313953488372093,0.443410852713178,7,"top7","eeg_fm_lbeta_power_precond;eeg_fm_specent_precond;eeg_faa_precond;eeg_tleft_lbeta_power_precond;eeg_fl_theta_power_precond;eeg_tleft_lalpha_power_precond;eeg_pleft_hbeta_power_precond"
2025-12-19 16:07:01.678293,15,"stress_label",7,32,0.0078125,0.494186046511628,0.366279069767442,0.458914728682171,7,"top7","eeg_fm_lbeta_power_precond;eeg_fm_specent_precond;eeg_faa_precond;eeg_tleft_lbeta_power_precond;eeg_fl_theta_power_precond;eeg_tleft_lalpha_power_precond;eeg_pleft_hbeta_power_precond"
2025-12-19 16:07:01.732247,15,"stress_label",7,64,0.0078125,0.534883720930233,0.337209302325581,NA,7,"top7","eeg_fm_lbeta_power_precond;eeg_fm_specent_precond;eeg_faa_precond;eeg_tleft_lbeta_power_precond;eeg_fl_theta_power_precond;eeg_tleft_lalpha_power_precond;eeg_pleft_hbeta_power_precond"
2025-12-19 16:07:01.788907,15,"stress_label",7,128,0.0078125,0.546511627906977,0.494186046511628,NA,7,"top7","eeg_fm_lbeta_power_precond;eeg_fm_specent_precond;eeg_faa_precond;eeg_tleft_lbeta_power_precond;eeg_fl_theta_power_precond;eeg_tleft_lalpha_power_precond;eeg_pleft_hbeta_power_precond"
2025-12-19 16:07:01.861071,15,"stress_label",7,256,0.0078125,0.534883720930233,0.523255813953488,NA,7,"top7","eeg_fm_lbeta_power_precond;eeg_fm_specent_precond;eeg_faa_precond;eeg_tleft_lbeta_power_precond;eeg_fl_theta_power_precond;eeg_tleft_lalpha_power_precond;eeg_pleft_hbeta_power_precond"
2025-12-19 16:07:01.658734,15,"stress_label",7,2,0.015625,0.476744186046512,0.372093023255814,0.452713178294574,7,"top7","eeg_fm_lbeta_power_precond;eeg_fm_specent_precond;eeg_faa_precond;eeg_tleft_lbeta_power_precond;eeg_fl_theta_power_precond;eeg_tleft_lalpha_power_precond;eeg_pleft_hbeta_power_precond"
2025-12-19 16:07:01.64093,15,"stress_label",7,4,0.015625,0.459302325581395,0.36046511627907,0.433333333333333,7,"top7","eeg_fm_lbeta_power_precond;eeg_fm_specent_precond;eeg_faa_precond;eeg_tleft_lbeta_power_precond;eeg_fl_theta_power_precond;eeg_tleft_lalpha_power_precond;eeg_pleft_hbeta_power_precond"
2025-12-19 16:07:01.664175,15,"stress_label",7,8,0.015625,0.476744186046512,0.383720930232558,0.448837209302326,7,"top7","eeg_fm_lbeta_power_precond;eeg_fm_specent_precond;eeg_faa_precond;eeg_tleft_lbeta_power_precond;eeg_fl_theta_power_precond;eeg_tleft_lalpha_power_precond;eeg_pleft_hbeta_power_precond"
2025-12-19 16:07:01.665443,15,"stress_label",7,16,0.015625,0.523255813953488,0.296511627906977,NA,7,"top7","eeg_fm_lbeta_power_precond;eeg_fm_specent_precond;eeg_faa_precond;eeg_tleft_lbeta_power_precond;eeg_fl_theta_power_precond;eeg_tleft_lalpha_power_precond;eeg_pleft_hbeta_power_precond"
2025-12-19 16:07:01.678898,15,"stress_label",7,32,0.015625,0.552325581395349,0.447674418604651,NA,7,"top7","eeg_fm_lbeta_power_precond;eeg_fm_specent_precond;eeg_faa_precond;eeg_tleft_lbeta_power_precond;eeg_fl_theta_power_precond;eeg_tleft_lalpha_power_precond;eeg_pleft_hbeta_power_precond"
2025-12-19 16:07:01.786468,15,"stress_label",7,64,0.015625,0.546511627906977,0.38953488372093,NA,7,"top7","eeg_fm_lbeta_power_precond;eeg_fm_specent_precond;eeg_faa_precond;eeg_tleft_lbeta_power_precond;eeg_fl_theta_power_precond;eeg_tleft_lalpha_power_precond;eeg_pleft_hbeta_power_precond"
2025-12-19 16:07:02.895956,15,"stress_label",7,128,0.015625,0.546511627906977,0.482558139534884,NA,7,"top7","eeg_fm_lbeta_power_precond;eeg_fm_specent_precond;eeg_faa_precond;eeg_tleft_lbeta_power_precond;eeg_fl_theta_power_precond;eeg_tleft_lalpha_power_precond;eeg_pleft_hbeta_power_precond"
2025-12-19 16:07:03.079405,15,"stress_label",7,256,0.015625,0.552325581395349,0.47093023255814,NA,7,"top7","eeg_fm_lbeta_power_precond;eeg_fm_specent_precond;eeg_faa_precond;eeg_tleft_lbeta_power_precond;eeg_fl_theta_power_precond;eeg_tleft_lalpha_power_precond;eeg_pleft_hbeta_power_precond"
2025-12-19 16:07:02.772036,15,"stress_label",7,2,0.03125,0.47093023255814,0.383720930232558,0.434108527131783,7,"top7","eeg_fm_lbeta_power_precond;eeg_fm_specent_precond;eeg_faa_precond;eeg_tleft_lbeta_power_precond;eeg_fl_theta_power_precond;eeg_tleft_lalpha_power_precond;eeg_pleft_hbeta_power_precond"
2025-12-19 16:07:02.761369,15,"stress_label",7,4,0.03125,0.505813953488372,0.331395348837209,0.464341085271318,7,"top7","eeg_fm_lbeta_power_precond;eeg_fm_specent_precond;eeg_faa_precond;eeg_tleft_lbeta_power_precond;eeg_fl_theta_power_precond;eeg_tleft_lalpha_power_precond;eeg_pleft_hbeta_power_precond"
2025-12-19 16:07:02.78411,15,"stress_label",7,8,0.03125,0.552325581395349,0.36046511627907,NA,7,"top7","eeg_fm_lbeta_power_precond;eeg_fm_specent_precond;eeg_faa_precond;eeg_tleft_lbeta_power_precond;eeg_fl_theta_power_precond;eeg_tleft_lalpha_power_precond;eeg_pleft_hbeta_power_precond"
2025-12-19 16:07:02.803841,15,"stress_label",7,16,0.03125,0.540697674418605,0.430232558139535,NA,7,"top7","eeg_fm_lbeta_power_precond;eeg_fm_specent_precond;eeg_faa_precond;eeg_tleft_lbeta_power_precond;eeg_fl_theta_power_precond;eeg_tleft_lalpha_power_precond;eeg_pleft_hbeta_power_precond"
2025-12-19 16:07:02.850316,15,"stress_label",7,32,0.03125,0.575581395348837,0.447674418604651,NA,7,"top7","eeg_fm_lbeta_power_precond;eeg_fm_specent_precond;eeg_faa_precond;eeg_tleft_lbeta_power_precond;eeg_fl_theta_power_precond;eeg_tleft_lalpha_power_precond;eeg_pleft_hbeta_power_precond"
2025-12-19 16:07:02.974309,15,"stress_label",7,64,0.03125,0.593023255813954,0.430232558139535,NA,7,"top7","eeg_fm_lbeta_power_precond;eeg_fm_specent_precond;eeg_faa_precond;eeg_tleft_lbeta_power_precond;eeg_fl_theta_power_precond;eeg_tleft_lalpha_power_precond;eeg_pleft_hbeta_power_precond"
2025-12-19 16:07:03.177003,15,"stress_label",7,128,0.03125,0.587209302325581,0.459302325581395,NA,7,"top7","eeg_fm_lbeta_power_precond;eeg_fm_specent_precond;eeg_faa_precond;eeg_tleft_lbeta_power_precond;eeg_fl_theta_power_precond;eeg_tleft_lalpha_power_precond;eeg_pleft_hbeta_power_precond"
2025-12-19 16:07:03.430497,15,"stress_label",7,256,0.03125,0.558139534883721,0.38953488372093,NA,7,"top7","eeg_fm_lbeta_power_precond;eeg_fm_specent_precond;eeg_faa_precond;eeg_tleft_lbeta_power_precond;eeg_fl_theta_power_precond;eeg_tleft_lalpha_power_precond;eeg_pleft_hbeta_power_precond"
2025-12-19 16:07:02.851647,15,"stress_label",7,2,0.0625,0.546511627906977,0.424418604651163,NA,7,"top7","eeg_fm_lbeta_power_precond;eeg_fm_specent_precond;eeg_faa_precond;eeg_tleft_lbeta_power_precond;eeg_fl_theta_power_precond;eeg_tleft_lalpha_power_precond;eeg_pleft_hbeta_power_precond"
2025-12-19 16:07:02.926782,15,"stress_label",7,4,0.0625,0.552325581395349,0.372093023255814,NA,7,"top7","eeg_fm_lbeta_power_precond;eeg_fm_specent_precond;eeg_faa_precond;eeg_tleft_lbeta_power_precond;eeg_fl_theta_power_precond;eeg_tleft_lalpha_power_precond;eeg_pleft_hbeta_power_precond"
2025-12-19 16:07:02.939441,15,"stress_label",7,8,0.0625,0.581395348837209,0.465116279069767,NA,7,"top7","eeg_fm_lbeta_power_precond;eeg_fm_specent_precond;eeg_faa_precond;eeg_tleft_lbeta_power_precond;eeg_fl_theta_power_precond;eeg_tleft_lalpha_power_precond;eeg_pleft_hbeta_power_precond"
2025-12-19 16:07:03.050045,15,"stress_label",7,16,0.0625,0.616279069767442,0.587209302325581,NA,7,"top7","eeg_fm_lbeta_power_precond;eeg_fm_specent_precond;eeg_faa_precond;eeg_tleft_lbeta_power_precond;eeg_fl_theta_power_precond;eeg_tleft_lalpha_power_precond;eeg_pleft_hbeta_power_precond"
2025-12-19 16:07:03.948914,15,"stress_label",7,32,0.0625,0.587209302325581,0.482558139534884,NA,7,"top7","eeg_fm_lbeta_power_precond;eeg_fm_specent_precond;eeg_faa_precond;eeg_tleft_lbeta_power_precond;eeg_fl_theta_power_precond;eeg_tleft_lalpha_power_precond;eeg_pleft_hbeta_power_precond"
2025-12-19 16:07:04.147619,15,"stress_label",7,64,0.0625,0.563953488372093,0.459302325581395,NA,7,"top7","eeg_fm_lbeta_power_precond;eeg_fm_specent_precond;eeg_faa_precond;eeg_tleft_lbeta_power_precond;eeg_fl_theta_power_precond;eeg_tleft_lalpha_power_precond;eeg_pleft_hbeta_power_precond"
2025-12-19 16:07:04.378561,15,"stress_label",7,128,0.0625,0.529069767441861,0.453488372093023,NA,7,"top7","eeg_fm_lbeta_power_precond;eeg_fm_specent_precond;eeg_faa_precond;eeg_tleft_lbeta_power_precond;eeg_fl_theta_power_precond;eeg_tleft_lalpha_power_precond;eeg_pleft_hbeta_power_precond"
2025-12-19 16:07:04.823523,15,"stress_label",7,256,0.0625,0.523255813953488,0.517441860465116,NA,7,"top7","eeg_fm_lbeta_power_precond;eeg_fm_specent_precond;eeg_faa_precond;eeg_tleft_lbeta_power_precond;eeg_fl_theta_power_precond;eeg_tleft_lalpha_power_precond;eeg_pleft_hbeta_power_precond"
2025-12-19 16:07:03.93181,15,"stress_label",7,2,0.125,0.552325581395349,0.5,NA,7,"top7","eeg_fm_lbeta_power_precond;eeg_fm_specent_precond;eeg_faa_precond;eeg_tleft_lbeta_power_precond;eeg_fl_theta_power_precond;eeg_tleft_lalpha_power_precond;eeg_pleft_hbeta_power_precond"
2025-12-19 16:07:03.997151,15,"stress_label",7,4,0.125,0.604651162790698,0.563953488372093,NA,7,"top7","eeg_fm_lbeta_power_precond;eeg_fm_specent_precond;eeg_faa_precond;eeg_tleft_lbeta_power_precond;eeg_fl_theta_power_precond;eeg_tleft_lalpha_power_precond;eeg_pleft_hbeta_power_precond"
2025-12-19 16:07:04.025629,15,"stress_label",7,8,0.125,0.581395348837209,0.511627906976744,NA,7,"top7","eeg_fm_lbeta_power_precond;eeg_fm_specent_precond;eeg_faa_precond;eeg_tleft_lbeta_power_precond;eeg_fl_theta_power_precond;eeg_tleft_lalpha_power_precond;eeg_pleft_hbeta_power_precond"
2025-12-19 16:07:04.140741,15,"stress_label",7,16,0.125,0.569767441860465,0.406976744186047,NA,7,"top7","eeg_fm_lbeta_power_precond;eeg_fm_specent_precond;eeg_faa_precond;eeg_tleft_lbeta_power_precond;eeg_fl_theta_power_precond;eeg_tleft_lalpha_power_precond;eeg_pleft_hbeta_power_precond"
2025-12-19 16:07:04.216681,15,"stress_label",7,32,0.125,0.540697674418605,0.47093023255814,NA,7,"top7","eeg_fm_lbeta_power_precond;eeg_fm_specent_precond;eeg_faa_precond;eeg_tleft_lbeta_power_precond;eeg_fl_theta_power_precond;eeg_tleft_lalpha_power_precond;eeg_pleft_hbeta_power_precond"
2025-12-19 16:07:04.391943,15,"stress_label",7,64,0.125,0.517441860465116,0.436046511627907,NA,7,"top7","eeg_fm_lbeta_power_precond;eeg_fm_specent_precond;eeg_faa_precond;eeg_tleft_lbeta_power_precond;eeg_fl_theta_power_precond;eeg_tleft_lalpha_power_precond;eeg_pleft_hbeta_power_precond"
2025-12-19 16:07:04.72294,15,"stress_label",7,128,0.125,0.459302325581395,0.523255813953488,NA,7,"top7","eeg_fm_lbeta_power_precond;eeg_fm_specent_precond;eeg_faa_precond;eeg_tleft_lbeta_power_precond;eeg_fl_theta_power_precond;eeg_tleft_lalpha_power_precond;eeg_pleft_hbeta_power_precond"
2025-12-19 16:07:04.918506,15,"stress_label",7,256,0.125,0.453488372093023,0.540697674418605,NA,7,"top7","eeg_fm_lbeta_power_precond;eeg_fm_specent_precond;eeg_faa_precond;eeg_tleft_lbeta_power_precond;eeg_fl_theta_power_precond;eeg_tleft_lalpha_power_precond;eeg_pleft_hbeta_power_precond"
2025-12-19 16:07:04.249827,15,"stress_label",7,2,0.03,0.47093023255814,0.383720930232558,0.434108527131783,7,"top7","eeg_fm_lbeta_power_precond;eeg_fm_specent_precond;eeg_faa_precond;eeg_tleft_lbeta_power_precond;eeg_fl_theta_power_precond;eeg_tleft_lalpha_power_precond;eeg_pleft_hbeta_power_precond"
2025-12-19 16:07:04.480639,15,"stress_label",7,4,0.03,0.517441860465116,0.308139534883721,0.478294573643411,7,"top7","eeg_fm_lbeta_power_precond;eeg_fm_specent_precond;eeg_faa_precond;eeg_tleft_lbeta_power_precond;eeg_fl_theta_power_precond;eeg_tleft_lalpha_power_precond;eeg_pleft_hbeta_power_precond"
2025-12-19 16:07:05.051898,15,"stress_label",7,8,0.03,0.552325581395349,0.36046511627907,NA,7,"top7","eeg_fm_lbeta_power_precond;eeg_fm_specent_precond;eeg_faa_precond;eeg_tleft_lbeta_power_precond;eeg_fl_theta_power_precond;eeg_tleft_lalpha_power_precond;eeg_pleft_hbeta_power_precond"
2025-12-19 16:07:05.070362,15,"stress_label",7,16,0.03,0.540697674418605,0.534883720930233,NA,7,"top7","eeg_fm_lbeta_power_precond;eeg_fm_specent_precond;eeg_faa_precond;eeg_tleft_lbeta_power_precond;eeg_fl_theta_power_precond;eeg_tleft_lalpha_power_precond;eeg_pleft_hbeta_power_precond"
2025-12-19 16:07:05.144543,15,"stress_label",7,32,0.03,0.569767441860465,0.441860465116279,NA,7,"top7","eeg_fm_lbeta_power_precond;eeg_fm_specent_precond;eeg_faa_precond;eeg_tleft_lbeta_power_precond;eeg_fl_theta_power_precond;eeg_tleft_lalpha_power_precond;eeg_pleft_hbeta_power_precond"
2025-12-19 16:07:05.231772,15,"stress_label",7,64,0.03,0.593023255813954,0.511627906976744,NA,7,"top7","eeg_fm_lbeta_power_precond;eeg_fm_specent_precond;eeg_faa_precond;eeg_tleft_lbeta_power_precond;eeg_fl_theta_power_precond;eeg_tleft_lalpha_power_precond;eeg_pleft_hbeta_power_precond"
2025-12-19 16:07:05.584849,15,"stress_label",7,128,0.03,0.581395348837209,0.418604651162791,NA,7,"top7","eeg_fm_lbeta_power_precond;eeg_fm_specent_precond;eeg_faa_precond;eeg_tleft_lbeta_power_precond;eeg_fl_theta_power_precond;eeg_tleft_lalpha_power_precond;eeg_pleft_hbeta_power_precond"
2025-12-19 16:07:05.855906,15,"stress_label",7,256,0.03,0.581395348837209,0.366279069767442,NA,7,"top7","eeg_fm_lbeta_power_precond;eeg_fm_specent_precond;eeg_faa_precond;eeg_tleft_lbeta_power_precond;eeg_fl_theta_power_precond;eeg_tleft_lalpha_power_precond;eeg_pleft_hbeta_power_precond"
2025-12-19 16:07:05.33757,15,"stress_label",7,2,0.06,0.552325581395349,0.308139534883721,NA,7,"top7","eeg_fm_lbeta_power_precond;eeg_fm_specent_precond;eeg_faa_precond;eeg_tleft_lbeta_power_precond;eeg_fl_theta_power_precond;eeg_tleft_lalpha_power_precond;eeg_pleft_hbeta_power_precond"
2025-12-19 16:07:05.337848,15,"stress_label",7,4,0.06,0.552325581395349,0.453488372093023,NA,7,"top7","eeg_fm_lbeta_power_precond;eeg_fm_specent_precond;eeg_faa_precond;eeg_tleft_lbeta_power_precond;eeg_fl_theta_power_precond;eeg_tleft_lalpha_power_precond;eeg_pleft_hbeta_power_precond"
2025-12-19 16:07:05.507669,15,"stress_label",7,8,0.06,0.575581395348837,0.430232558139535,NA,7,"top7","eeg_fm_lbeta_power_precond;eeg_fm_specent_precond;eeg_faa_precond;eeg_tleft_lbeta_power_precond;eeg_fl_theta_power_precond;eeg_tleft_lalpha_power_precond;eeg_pleft_hbeta_power_precond"
2025-12-19 16:07:05.574239,15,"stress_label",7,16,0.06,0.604651162790698,0.558139534883721,NA,7,"top7","eeg_fm_lbeta_power_precond;eeg_fm_specent_precond;eeg_faa_precond;eeg_tleft_lbeta_power_precond;eeg_fl_theta_power_precond;eeg_tleft_lalpha_power_precond;eeg_pleft_hbeta_power_precond"
2025-12-19 16:07:05.694067,15,"stress_label",7,32,0.06,0.598837209302326,0.616279069767442,NA,7,"top7","eeg_fm_lbeta_power_precond;eeg_fm_specent_precond;eeg_faa_precond;eeg_tleft_lbeta_power_precond;eeg_fl_theta_power_precond;eeg_tleft_lalpha_power_precond;eeg_pleft_hbeta_power_precond"
2025-12-19 16:07:06.013215,15,"stress_label",7,64,0.06,0.558139534883721,0.529069767441861,NA,7,"top7","eeg_fm_lbeta_power_precond;eeg_fm_specent_precond;eeg_faa_precond;eeg_tleft_lbeta_power_precond;eeg_fl_theta_power_precond;eeg_tleft_lalpha_power_precond;eeg_pleft_hbeta_power_precond"
2025-12-19 16:07:06.26828,15,"stress_label",7,128,0.06,0.534883720930233,0.465116279069767,NA,7,"top7","eeg_fm_lbeta_power_precond;eeg_fm_specent_precond;eeg_faa_precond;eeg_tleft_lbeta_power_precond;eeg_fl_theta_power_precond;eeg_tleft_lalpha_power_precond;eeg_pleft_hbeta_power_precond"
2025-12-19 16:07:06.625213,15,"stress_label",7,256,0.06,0.523255813953488,0.5,NA,7,"top7","eeg_fm_lbeta_power_precond;eeg_fm_specent_precond;eeg_faa_precond;eeg_tleft_lbeta_power_precond;eeg_fl_theta_power_precond;eeg_tleft_lalpha_power_precond;eeg_pleft_hbeta_power_precond"
2025-12-19 16:07:06.067845,15,"stress_label",7,2,0.1,0.534883720930233,0.476744186046512,NA,7,"top7","eeg_fm_lbeta_power_precond;eeg_fm_specent_precond;eeg_faa_precond;eeg_tleft_lbeta_power_precond;eeg_fl_theta_power_precond;eeg_tleft_lalpha_power_precond;eeg_pleft_hbeta_power_precond"
2025-12-19 16:07:06.137979,15,"stress_label",7,4,0.1,0.61046511627907,0.459302325581395,NA,7,"top7","eeg_fm_lbeta_power_precond;eeg_fm_specent_precond;eeg_faa_precond;eeg_tleft_lbeta_power_precond;eeg_fl_theta_power_precond;eeg_tleft_lalpha_power_precond;eeg_pleft_hbeta_power_precond"
2025-12-19 16:07:06.202155,15,"stress_label",7,8,0.1,0.604651162790698,0.436046511627907,NA,7,"top7","eeg_fm_lbeta_power_precond;eeg_fm_specent_precond;eeg_faa_precond;eeg_tleft_lbeta_power_precond;eeg_fl_theta_power_precond;eeg_tleft_lalpha_power_precond;eeg_pleft_hbeta_power_precond"
2025-12-19 16:07:06.273239,15,"stress_label",7,16,0.1,0.569767441860465,0.488372093023256,NA,7,"top7","eeg_fm_lbeta_power_precond;eeg_fm_specent_precond;eeg_faa_precond;eeg_tleft_lbeta_power_precond;eeg_fl_theta_power_precond;eeg_tleft_lalpha_power_precond;eeg_pleft_hbeta_power_precond"
2025-12-19 16:07:06.400512,15,"stress_label",7,32,0.1,0.552325581395349,0.418604651162791,NA,7,"top7","eeg_fm_lbeta_power_precond;eeg_fm_specent_precond;eeg_faa_precond;eeg_tleft_lbeta_power_precond;eeg_fl_theta_power_precond;eeg_tleft_lalpha_power_precond;eeg_pleft_hbeta_power_precond"
2025-12-19 16:07:06.532996,15,"stress_label",7,64,0.1,0.517441860465116,0.383720930232558,NA,7,"top7","eeg_fm_lbeta_power_precond;eeg_fm_specent_precond;eeg_faa_precond;eeg_tleft_lbeta_power_precond;eeg_fl_theta_power_precond;eeg_tleft_lalpha_power_precond;eeg_pleft_hbeta_power_precond"
2025-12-19 16:07:06.80509,15,"stress_label",7,128,0.1,0.511627906976744,0.465116279069767,NA,7,"top7","eeg_fm_lbeta_power_precond;eeg_fm_specent_precond;eeg_faa_precond;eeg_tleft_lbeta_power_precond;eeg_fl_theta_power_precond;eeg_tleft_lalpha_power_precond;eeg_pleft_hbeta_power_precond"
2025-12-19 16:07:06.966665,15,"stress_label",7,256,0.1,0.476744186046512,0.511627906976744,NA,7,"top7","eeg_fm_lbeta_power_precond;eeg_fm_specent_precond;eeg_faa_precond;eeg_tleft_lbeta_power_precond;eeg_fl_theta_power_precond;eeg_tleft_lalpha_power_precond;eeg_pleft_hbeta_power_precond"
2025-12-19 16:07:08.249172,16,"stress_label",7,2,0.0078125,0.465116279069767,0.482558139534884,0.438759689922481,7,"top7","eeg_fm_lbeta_power_precond;eeg_fm_specent_precond;eeg_faa_precond;eeg_fl_theta_power_precond;eeg_tleft_lbeta_power_precond;eeg_pleft_halpha_power_precond;eeg_pleft_hbeta_power_precond"
2025-12-19 16:07:08.229671,16,"stress_label",7,4,0.0078125,0.476744186046512,0.424418604651163,0.42015503875969,7,"top7","eeg_fm_lbeta_power_precond;eeg_fm_specent_precond;eeg_faa_precond;eeg_fl_theta_power_precond;eeg_tleft_lbeta_power_precond;eeg_pleft_halpha_power_precond;eeg_pleft_hbeta_power_precond"
2025-12-19 16:07:08.252458,16,"stress_label",7,8,0.0078125,0.488372093023256,0.377906976744186,0.456589147286822,7,"top7","eeg_fm_lbeta_power_precond;eeg_fm_specent_precond;eeg_faa_precond;eeg_fl_theta_power_precond;eeg_tleft_lbeta_power_precond;eeg_pleft_halpha_power_precond;eeg_pleft_hbeta_power_precond"
2025-12-19 16:07:08.247754,16,"stress_label",7,16,0.0078125,0.517441860465116,0.343023255813953,0.497674418604651,7,"top7","eeg_fm_lbeta_power_precond;eeg_fm_specent_precond;eeg_faa_precond;eeg_fl_theta_power_precond;eeg_tleft_lbeta_power_precond;eeg_pleft_halpha_power_precond;eeg_pleft_hbeta_power_precond"
2025-12-19 16:07:08.240756,16,"stress_label",7,32,0.0078125,0.558139534883721,0.337209302325581,0.541860465116279,7,"top7","eeg_fm_lbeta_power_precond;eeg_fm_specent_precond;eeg_faa_precond;eeg_fl_theta_power_precond;eeg_tleft_lbeta_power_precond;eeg_pleft_halpha_power_precond;eeg_pleft_hbeta_power_precond"
2025-12-19 16:07:08.288555,16,"stress_label",7,64,0.0078125,0.569767441860465,0.366279069767442,0.555038759689922,7,"top7","eeg_fm_lbeta_power_precond;eeg_fm_specent_precond;eeg_faa_precond;eeg_fl_theta_power_precond;eeg_tleft_lbeta_power_precond;eeg_pleft_halpha_power_precond;eeg_pleft_hbeta_power_precond"
2025-12-19 16:07:08.264415,16,"stress_label",7,128,0.0078125,0.546511627906977,0.418604651162791,0.518604651162791,7,"top7","eeg_fm_lbeta_power_precond;eeg_fm_specent_precond;eeg_faa_precond;eeg_fl_theta_power_precond;eeg_tleft_lbeta_power_precond;eeg_pleft_halpha_power_precond;eeg_pleft_hbeta_power_precond"
2025-12-19 16:07:08.434344,16,"stress_label",7,256,0.0078125,0.540697674418605,0.348837209302326,NA,7,"top7","eeg_fm_lbeta_power_precond;eeg_fm_specent_precond;eeg_faa_precond;eeg_fl_theta_power_precond;eeg_tleft_lbeta_power_precond;eeg_pleft_halpha_power_precond;eeg_pleft_hbeta_power_precond"
2025-12-19 16:07:08.237,16,"stress_label",7,2,0.015625,0.465116279069767,0.36046511627907,0.421705426356589,7,"top7","eeg_fm_lbeta_power_precond;eeg_fm_specent_precond;eeg_faa_precond;eeg_fl_theta_power_precond;eeg_tleft_lbeta_power_precond;eeg_pleft_halpha_power_precond;eeg_pleft_hbeta_power_precond"
2025-12-19 16:07:08.236291,16,"stress_label",7,4,0.015625,0.494186046511628,0.401162790697674,0.464341085271318,7,"top7","eeg_fm_lbeta_power_precond;eeg_fm_specent_precond;eeg_faa_precond;eeg_fl_theta_power_precond;eeg_tleft_lbeta_power_precond;eeg_pleft_halpha_power_precond;eeg_pleft_hbeta_power_precond"
2025-12-19 16:07:08.253137,16,"stress_label",7,8,0.015625,0.534883720930233,0.418604651162791,0.517829457364341,7,"top7","eeg_fm_lbeta_power_precond;eeg_fm_specent_precond;eeg_faa_precond;eeg_fl_theta_power_precond;eeg_tleft_lbeta_power_precond;eeg_pleft_halpha_power_precond;eeg_pleft_hbeta_power_precond"
2025-12-19 16:07:08.26169,16,"stress_label",7,16,0.015625,0.540697674418605,0.441860465116279,0.527906976744186,7,"top7","eeg_fm_lbeta_power_precond;eeg_fm_specent_precond;eeg_faa_precond;eeg_fl_theta_power_precond;eeg_tleft_lbeta_power_precond;eeg_pleft_halpha_power_precond;eeg_pleft_hbeta_power_precond"
2025-12-19 16:07:08.295913,16,"stress_label",7,32,0.015625,0.552325581395349,0.406976744186047,0.512403100775194,7,"top7","eeg_fm_lbeta_power_precond;eeg_fm_specent_precond;eeg_faa_precond;eeg_fl_theta_power_precond;eeg_tleft_lbeta_power_precond;eeg_pleft_halpha_power_precond;eeg_pleft_hbeta_power_precond"
2025-12-19 16:07:08.369619,16,"stress_label",7,64,0.015625,0.529069767441861,0.372093023255814,NA,7,"top7","eeg_fm_lbeta_power_precond;eeg_fm_specent_precond;eeg_faa_precond;eeg_fl_theta_power_precond;eeg_tleft_lbeta_power_precond;eeg_pleft_halpha_power_precond;eeg_pleft_hbeta_power_precond"
2025-12-19 16:07:09.520977,16,"stress_label",7,128,0.015625,0.523255813953488,0.38953488372093,NA,7,"top7","eeg_fm_lbeta_power_precond;eeg_fm_specent_precond;eeg_faa_precond;eeg_fl_theta_power_precond;eeg_tleft_lbeta_power_precond;eeg_pleft_halpha_power_precond;eeg_pleft_hbeta_power_precond"
2025-12-19 16:07:09.633231,16,"stress_label",7,256,0.015625,0.534883720930233,0.441860465116279,0.504651162790698,7,"top7","eeg_fm_lbeta_power_precond;eeg_fm_specent_precond;eeg_faa_precond;eeg_fl_theta_power_precond;eeg_tleft_lbeta_power_precond;eeg_pleft_halpha_power_precond;eeg_pleft_hbeta_power_precond"
2025-12-19 16:07:09.327613,16,"stress_label",7,2,0.03125,0.488372093023256,0.441860465116279,0.462790697674419,7,"top7","eeg_fm_lbeta_power_precond;eeg_fm_specent_precond;eeg_faa_precond;eeg_fl_theta_power_precond;eeg_tleft_lbeta_power_precond;eeg_pleft_halpha_power_precond;eeg_pleft_hbeta_power_precond"
2025-12-19 16:07:09.345645,16,"stress_label",7,4,0.03125,0.575581395348837,0.424418604651163,0.565116279069767,7,"top7","eeg_fm_lbeta_power_precond;eeg_fm_specent_precond;eeg_faa_precond;eeg_fl_theta_power_precond;eeg_tleft_lbeta_power_precond;eeg_pleft_halpha_power_precond;eeg_pleft_hbeta_power_precond"
2025-12-19 16:07:09.351234,16,"stress_label",7,8,0.03125,0.546511627906977,0.482558139534884,0.510852713178295,7,"top7","eeg_fm_lbeta_power_precond;eeg_fm_specent_precond;eeg_faa_precond;eeg_fl_theta_power_precond;eeg_tleft_lbeta_power_precond;eeg_pleft_halpha_power_precond;eeg_pleft_hbeta_power_precond"
2025-12-19 16:07:09.350483,16,"stress_label",7,16,0.03125,0.540697674418605,0.430232558139535,NA,7,"top7","eeg_fm_lbeta_power_precond;eeg_fm_specent_precond;eeg_faa_precond;eeg_fl_theta_power_precond;eeg_tleft_lbeta_power_precond;eeg_pleft_halpha_power_precond;eeg_pleft_hbeta_power_precond"
2025-12-19 16:07:09.423592,16,"stress_label",7,32,0.03125,0.546511627906977,0.453488372093023,NA,7,"top7","eeg_fm_lbeta_power_precond;eeg_fm_specent_precond;eeg_faa_precond;eeg_fl_theta_power_precond;eeg_tleft_lbeta_power_precond;eeg_pleft_halpha_power_precond;eeg_pleft_hbeta_power_precond"
2025-12-19 16:07:09.490336,16,"stress_label",7,64,0.03125,0.552325581395349,0.505813953488372,NA,7,"top7","eeg_fm_lbeta_power_precond;eeg_fm_specent_precond;eeg_faa_precond;eeg_fl_theta_power_precond;eeg_tleft_lbeta_power_precond;eeg_pleft_halpha_power_precond;eeg_pleft_hbeta_power_precond"
2025-12-19 16:07:09.639981,16,"stress_label",7,128,0.03125,0.546511627906977,0.372093023255814,0.489147286821705,7,"top7","eeg_fm_lbeta_power_precond;eeg_fm_specent_precond;eeg_faa_precond;eeg_fl_theta_power_precond;eeg_tleft_lbeta_power_precond;eeg_pleft_halpha_power_precond;eeg_pleft_hbeta_power_precond"
2025-12-19 16:07:09.91221,16,"stress_label",7,256,0.03125,0.529069767441861,0.430232558139535,NA,7,"top7","eeg_fm_lbeta_power_precond;eeg_fm_specent_precond;eeg_faa_precond;eeg_fl_theta_power_precond;eeg_tleft_lbeta_power_precond;eeg_pleft_halpha_power_precond;eeg_pleft_hbeta_power_precond"
2025-12-19 16:07:09.377032,16,"stress_label",7,2,0.0625,0.540697674418605,0.348837209302326,0.505426356589147,7,"top7","eeg_fm_lbeta_power_precond;eeg_fm_specent_precond;eeg_faa_precond;eeg_fl_theta_power_precond;eeg_tleft_lbeta_power_precond;eeg_pleft_halpha_power_precond;eeg_pleft_hbeta_power_precond"
2025-12-19 16:07:09.394445,16,"stress_label",7,4,0.0625,0.558139534883721,0.377906976744186,0.530232558139535,7,"top7","eeg_fm_lbeta_power_precond;eeg_fm_specent_precond;eeg_faa_precond;eeg_fl_theta_power_precond;eeg_tleft_lbeta_power_precond;eeg_pleft_halpha_power_precond;eeg_pleft_hbeta_power_precond"
2025-12-19 16:07:09.511978,16,"stress_label",7,8,0.0625,0.552325581395349,0.430232558139535,NA,7,"top7","eeg_fm_lbeta_power_precond;eeg_fm_specent_precond;eeg_faa_precond;eeg_fl_theta_power_precond;eeg_tleft_lbeta_power_precond;eeg_pleft_halpha_power_precond;eeg_pleft_hbeta_power_precond"
2025-12-19 16:07:09.601418,16,"stress_label",7,16,0.0625,0.558139534883721,0.488372093023256,NA,7,"top7","eeg_fm_lbeta_power_precond;eeg_fm_specent_precond;eeg_faa_precond;eeg_fl_theta_power_precond;eeg_tleft_lbeta_power_precond;eeg_pleft_halpha_power_precond;eeg_pleft_hbeta_power_precond"
2025-12-19 16:07:10.56494,16,"stress_label",7,32,0.0625,0.511627906976744,0.459302325581395,NA,7,"top7","eeg_fm_lbeta_power_precond;eeg_fm_specent_precond;eeg_faa_precond;eeg_fl_theta_power_precond;eeg_tleft_lbeta_power_precond;eeg_pleft_halpha_power_precond;eeg_pleft_hbeta_power_precond"
2025-12-19 16:07:10.672563,16,"stress_label",7,64,0.0625,0.511627906976744,0.482558139534884,NA,7,"top7","eeg_fm_lbeta_power_precond;eeg_fm_specent_precond;eeg_faa_precond;eeg_fl_theta_power_precond;eeg_tleft_lbeta_power_precond;eeg_pleft_halpha_power_precond;eeg_pleft_hbeta_power_precond"
2025-12-19 16:07:10.942189,16,"stress_label",7,128,0.0625,0.465116279069767,0.511627906976744,NA,7,"top7","eeg_fm_lbeta_power_precond;eeg_fm_specent_precond;eeg_faa_precond;eeg_fl_theta_power_precond;eeg_tleft_lbeta_power_precond;eeg_pleft_halpha_power_precond;eeg_pleft_hbeta_power_precond"
2025-12-19 16:07:11.29644,16,"stress_label",7,256,0.0625,0.441860465116279,0.436046511627907,NA,7,"top7","eeg_fm_lbeta_power_precond;eeg_fm_specent_precond;eeg_faa_precond;eeg_fl_theta_power_precond;eeg_tleft_lbeta_power_precond;eeg_pleft_halpha_power_precond;eeg_pleft_hbeta_power_precond"
2025-12-19 16:07:10.484568,16,"stress_label",7,2,0.125,0.563953488372093,0.453488372093023,NA,7,"top7","eeg_fm_lbeta_power_precond;eeg_fm_specent_precond;eeg_faa_precond;eeg_fl_theta_power_precond;eeg_tleft_lbeta_power_precond;eeg_pleft_halpha_power_precond;eeg_pleft_hbeta_power_precond"
2025-12-19 16:07:10.529971,16,"stress_label",7,4,0.125,0.569767441860465,0.36046511627907,NA,7,"top7","eeg_fm_lbeta_power_precond;eeg_fm_specent_precond;eeg_faa_precond;eeg_fl_theta_power_precond;eeg_tleft_lbeta_power_precond;eeg_pleft_halpha_power_precond;eeg_pleft_hbeta_power_precond"
2025-12-19 16:07:10.577181,16,"stress_label",7,8,0.125,0.529069767441861,0.430232558139535,NA,7,"top7","eeg_fm_lbeta_power_precond;eeg_fm_specent_precond;eeg_faa_precond;eeg_fl_theta_power_precond;eeg_tleft_lbeta_power_precond;eeg_pleft_halpha_power_precond;eeg_pleft_hbeta_power_precond"
2025-12-19 16:07:10.690687,16,"stress_label",7,16,0.125,0.517441860465116,0.517441860465116,NA,7,"top7","eeg_fm_lbeta_power_precond;eeg_fm_specent_precond;eeg_faa_precond;eeg_fl_theta_power_precond;eeg_tleft_lbeta_power_precond;eeg_pleft_halpha_power_precond;eeg_pleft_hbeta_power_precond"
2025-12-19 16:07:10.835891,16,"stress_label",7,32,0.125,0.505813953488372,0.424418604651163,NA,7,"top7","eeg_fm_lbeta_power_precond;eeg_fm_specent_precond;eeg_faa_precond;eeg_fl_theta_power_precond;eeg_tleft_lbeta_power_precond;eeg_pleft_halpha_power_precond;eeg_pleft_hbeta_power_precond"
2025-12-19 16:07:10.965246,16,"stress_label",7,64,0.125,0.482558139534884,0.418604651162791,NA,7,"top7","eeg_fm_lbeta_power_precond;eeg_fm_specent_precond;eeg_faa_precond;eeg_fl_theta_power_precond;eeg_tleft_lbeta_power_precond;eeg_pleft_halpha_power_precond;eeg_pleft_hbeta_power_precond"
2025-12-19 16:07:11.211743,16,"stress_label",7,128,0.125,0.441860465116279,0.575581395348837,NA,7,"top7","eeg_fm_lbeta_power_precond;eeg_fm_specent_precond;eeg_faa_precond;eeg_fl_theta_power_precond;eeg_tleft_lbeta_power_precond;eeg_pleft_halpha_power_precond;eeg_pleft_hbeta_power_precond"
2025-12-19 16:07:11.516926,16,"stress_label",7,256,0.125,0.436046511627907,0.465116279069767,NA,7,"top7","eeg_fm_lbeta_power_precond;eeg_fm_specent_precond;eeg_faa_precond;eeg_fl_theta_power_precond;eeg_tleft_lbeta_power_precond;eeg_pleft_halpha_power_precond;eeg_pleft_hbeta_power_precond"
2025-12-19 16:07:10.708934,16,"stress_label",7,2,0.03,0.488372093023256,0.372093023255814,0.462790697674419,7,"top7","eeg_fm_lbeta_power_precond;eeg_fm_specent_precond;eeg_faa_precond;eeg_fl_theta_power_precond;eeg_tleft_lbeta_power_precond;eeg_pleft_halpha_power_precond;eeg_pleft_hbeta_power_precond"
2025-12-19 16:07:10.972267,16,"stress_label",7,4,0.03,0.563953488372093,0.418604651162791,0.56046511627907,7,"top7","eeg_fm_lbeta_power_precond;eeg_fm_specent_precond;eeg_faa_precond;eeg_fl_theta_power_precond;eeg_tleft_lbeta_power_precond;eeg_pleft_halpha_power_precond;eeg_pleft_hbeta_power_precond"
2025-12-19 16:07:11.576472,16,"stress_label",7,8,0.03,0.529069767441861,0.377906976744186,0.497674418604651,7,"top7","eeg_fm_lbeta_power_precond;eeg_fm_specent_precond;eeg_faa_precond;eeg_fl_theta_power_precond;eeg_tleft_lbeta_power_precond;eeg_pleft_halpha_power_precond;eeg_pleft_hbeta_power_precond"
2025-12-19 16:07:11.656733,16,"stress_label",7,16,0.03,0.540697674418605,0.366279069767442,0.506201550387597,7,"top7","eeg_fm_lbeta_power_precond;eeg_fm_specent_precond;eeg_faa_precond;eeg_fl_theta_power_precond;eeg_tleft_lbeta_power_precond;eeg_pleft_halpha_power_precond;eeg_pleft_hbeta_power_precond"
2025-12-19 16:07:11.704385,16,"stress_label",7,32,0.03,0.558139534883721,0.441860465116279,0.528682170542636,7,"top7","eeg_fm_lbeta_power_precond;eeg_fm_specent_precond;eeg_faa_precond;eeg_fl_theta_power_precond;eeg_tleft_lbeta_power_precond;eeg_pleft_halpha_power_precond;eeg_pleft_hbeta_power_precond"
2025-12-19 16:07:11.826985,16,"stress_label",7,64,0.03,0.546511627906977,0.418604651162791,NA,7,"top7","eeg_fm_lbeta_power_precond;eeg_fm_specent_precond;eeg_faa_precond;eeg_fl_theta_power_precond;eeg_tleft_lbeta_power_precond;eeg_pleft_halpha_power_precond;eeg_pleft_hbeta_power_precond"
2025-12-19 16:07:12.063311,16,"stress_label",7,128,0.03,0.546511627906977,0.412790697674419,0.493023255813954,7,"top7","eeg_fm_lbeta_power_precond;eeg_fm_specent_precond;eeg_faa_precond;eeg_fl_theta_power_precond;eeg_tleft_lbeta_power_precond;eeg_pleft_halpha_power_precond;eeg_pleft_hbeta_power_precond"
2025-12-19 16:07:12.366287,16,"stress_label",7,256,0.03,0.529069767441861,0.430232558139535,NA,7,"top7","eeg_fm_lbeta_power_precond;eeg_fm_specent_precond;eeg_faa_precond;eeg_fl_theta_power_precond;eeg_tleft_lbeta_power_precond;eeg_pleft_halpha_power_precond;eeg_pleft_hbeta_power_precond"
2025-12-19 16:07:11.790519,16,"stress_label",7,2,0.06,0.546511627906977,0.488372093023256,0.512403100775194,7,"top7","eeg_fm_lbeta_power_precond;eeg_fm_specent_precond;eeg_faa_precond;eeg_fl_theta_power_precond;eeg_tleft_lbeta_power_precond;eeg_pleft_halpha_power_precond;eeg_pleft_hbeta_power_precond"
2025-12-19 16:07:11.903322,16,"stress_label",7,4,0.06,0.558139534883721,0.418604651162791,0.531782945736434,7,"top7","eeg_fm_lbeta_power_precond;eeg_fm_specent_precond;eeg_faa_precond;eeg_fl_theta_power_precond;eeg_tleft_lbeta_power_precond;eeg_pleft_halpha_power_precond;eeg_pleft_hbeta_power_precond"
2025-12-19 16:07:12.078136,16,"stress_label",7,8,0.06,0.546511627906977,0.424418604651163,NA,7,"top7","eeg_fm_lbeta_power_precond;eeg_fm_specent_precond;eeg_faa_precond;eeg_fl_theta_power_precond;eeg_tleft_lbeta_power_precond;eeg_pleft_halpha_power_precond;eeg_pleft_hbeta_power_precond"
2025-12-19 16:07:12.137325,16,"stress_label",7,16,0.06,0.558139534883721,0.459302325581395,NA,7,"top7","eeg_fm_lbeta_power_precond;eeg_fm_specent_precond;eeg_faa_precond;eeg_fl_theta_power_precond;eeg_tleft_lbeta_power_precond;eeg_pleft_halpha_power_precond;eeg_pleft_hbeta_power_precond"
2025-12-19 16:07:12.224662,16,"stress_label",7,32,0.06,0.523255813953488,0.424418604651163,NA,7,"top7","eeg_fm_lbeta_power_precond;eeg_fm_specent_precond;eeg_faa_precond;eeg_fl_theta_power_precond;eeg_tleft_lbeta_power_precond;eeg_pleft_halpha_power_precond;eeg_pleft_hbeta_power_precond"
2025-12-19 16:07:12.499037,16,"stress_label",7,64,0.06,0.529069767441861,0.47093023255814,NA,7,"top7","eeg_fm_lbeta_power_precond;eeg_fm_specent_precond;eeg_faa_precond;eeg_fl_theta_power_precond;eeg_tleft_lbeta_power_precond;eeg_pleft_halpha_power_precond;eeg_pleft_hbeta_power_precond"
2025-12-19 16:07:12.758435,16,"stress_label",7,128,0.06,0.476744186046512,0.494186046511628,NA,7,"top7","eeg_fm_lbeta_power_precond;eeg_fm_specent_precond;eeg_faa_precond;eeg_fl_theta_power_precond;eeg_tleft_lbeta_power_precond;eeg_pleft_halpha_power_precond;eeg_pleft_hbeta_power_precond"
2025-12-19 16:07:13.165924,16,"stress_label",7,256,0.06,0.447674418604651,0.505813953488372,NA,7,"top7","eeg_fm_lbeta_power_precond;eeg_fm_specent_precond;eeg_faa_precond;eeg_fl_theta_power_precond;eeg_tleft_lbeta_power_precond;eeg_pleft_halpha_power_precond;eeg_pleft_hbeta_power_precond"
2025-12-19 16:07:12.575371,16,"stress_label",7,2,0.1,0.523255813953488,0.302325581395349,0.482945736434109,7,"top7","eeg_fm_lbeta_power_precond;eeg_fm_specent_precond;eeg_faa_precond;eeg_fl_theta_power_precond;eeg_tleft_lbeta_power_precond;eeg_pleft_halpha_power_precond;eeg_pleft_hbeta_power_precond"
2025-12-19 16:07:12.667038,16,"stress_label",7,4,0.1,0.563953488372093,0.5,NA,7,"top7","eeg_fm_lbeta_power_precond;eeg_fm_specent_precond;eeg_faa_precond;eeg_fl_theta_power_precond;eeg_tleft_lbeta_power_precond;eeg_pleft_halpha_power_precond;eeg_pleft_hbeta_power_precond"
2025-12-19 16:07:12.748904,16,"stress_label",7,8,0.1,0.540697674418605,0.47093023255814,NA,7,"top7","eeg_fm_lbeta_power_precond;eeg_fm_specent_precond;eeg_faa_precond;eeg_fl_theta_power_precond;eeg_tleft_lbeta_power_precond;eeg_pleft_halpha_power_precond;eeg_pleft_hbeta_power_precond"
2025-12-19 16:07:12.845358,16,"stress_label",7,16,0.1,0.546511627906977,0.5,NA,7,"top7","eeg_fm_lbeta_power_precond;eeg_fm_specent_precond;eeg_faa_precond;eeg_fl_theta_power_precond;eeg_tleft_lbeta_power_precond;eeg_pleft_halpha_power_precond;eeg_pleft_hbeta_power_precond"
2025-12-19 16:07:12.949422,16,"stress_label",7,32,0.1,0.494186046511628,0.511627906976744,NA,7,"top7","eeg_fm_lbeta_power_precond;eeg_fm_specent_precond;eeg_faa_precond;eeg_fl_theta_power_precond;eeg_tleft_lbeta_power_precond;eeg_pleft_halpha_power_precond;eeg_pleft_hbeta_power_precond"
2025-12-19 16:07:13.054954,16,"stress_label",7,64,0.1,0.482558139534884,0.36046511627907,NA,7,"top7","eeg_fm_lbeta_power_precond;eeg_fm_specent_precond;eeg_faa_precond;eeg_fl_theta_power_precond;eeg_tleft_lbeta_power_precond;eeg_pleft_halpha_power_precond;eeg_pleft_hbeta_power_precond"
2025-12-19 16:07:13.343945,16,"stress_label",7,128,0.1,0.459302325581395,0.401162790697674,NA,7,"top7","eeg_fm_lbeta_power_precond;eeg_fm_specent_precond;eeg_faa_precond;eeg_fl_theta_power_precond;eeg_tleft_lbeta_power_precond;eeg_pleft_halpha_power_precond;eeg_pleft_hbeta_power_precond"
2025-12-19 16:07:13.483641,16,"stress_label",7,256,0.1,0.441860465116279,0.476744186046512,NA,7,"top7","eeg_fm_lbeta_power_precond;eeg_fm_specent_precond;eeg_faa_precond;eeg_fl_theta_power_precond;eeg_tleft_lbeta_power_precond;eeg_pleft_halpha_power_precond;eeg_pleft_hbeta_power_precond"
2025-12-19 16:07:14.75595,17,"stress_label",7,2,0.0078125,0.482558139534884,0.453488372093023,0.442635658914729,7,"top7","eeg_fm_lbeta_power_precond;eeg_fm_specent_precond;eeg_faa_precond;eeg_tleft_lbeta_power_precond;eeg_fl_theta_power_precond;eeg_f_hbeta_power_precond;eeg_pleft_halpha_power_precond"
2025-12-19 16:07:14.752184,17,"stress_label",7,4,0.0078125,0.488372093023256,0.395348837209302,0.42093023255814,7,"top7","eeg_fm_lbeta_power_precond;eeg_fm_specent_precond;eeg_faa_precond;eeg_tleft_lbeta_power_precond;eeg_fl_theta_power_precond;eeg_f_hbeta_power_precond;eeg_pleft_halpha_power_precond"
2025-12-19 16:07:14.758821,17,"stress_label",7,8,0.0078125,0.459302325581395,0.488372093023256,0.395348837209302,7,"top7","eeg_fm_lbeta_power_precond;eeg_fm_specent_precond;eeg_faa_precond;eeg_tleft_lbeta_power_precond;eeg_fl_theta_power_precond;eeg_f_hbeta_power_precond;eeg_pleft_halpha_power_precond"
2025-12-19 16:07:14.74451,17,"stress_label",7,16,0.0078125,0.436046511627907,0.424418604651163,0.377519379844961,7,"top7","eeg_fm_lbeta_power_precond;eeg_fm_specent_precond;eeg_faa_precond;eeg_tleft_lbeta_power_precond;eeg_fl_theta_power_precond;eeg_f_hbeta_power_precond;eeg_pleft_halpha_power_precond"
2025-12-19 16:07:14.759553,17,"stress_label",7,32,0.0078125,0.5,0.453488372093023,0.454263565891473,7,"top7","eeg_fm_lbeta_power_precond;eeg_fm_specent_precond;eeg_faa_precond;eeg_tleft_lbeta_power_precond;eeg_fl_theta_power_precond;eeg_f_hbeta_power_precond;eeg_pleft_halpha_power_precond"
2025-12-19 16:07:14.827644,17,"stress_label",7,64,0.0078125,0.494186046511628,0.354651162790698,0.454263565891473,7,"top7","eeg_fm_lbeta_power_precond;eeg_fm_specent_precond;eeg_faa_precond;eeg_tleft_lbeta_power_precond;eeg_fl_theta_power_precond;eeg_f_hbeta_power_precond;eeg_pleft_halpha_power_precond"
2025-12-19 16:07:14.843339,17,"stress_label",7,128,0.0078125,0.482558139534884,0.418604651162791,0.451162790697674,7,"top7","eeg_fm_lbeta_power_precond;eeg_fm_specent_precond;eeg_faa_precond;eeg_tleft_lbeta_power_precond;eeg_fl_theta_power_precond;eeg_f_hbeta_power_precond;eeg_pleft_halpha_power_precond"
2025-12-19 16:07:14.931344,17,"stress_label",7,256,0.0078125,0.465116279069767,0.406976744186047,NA,7,"top7","eeg_fm_lbeta_power_precond;eeg_fm_specent_precond;eeg_faa_precond;eeg_tleft_lbeta_power_precond;eeg_fl_theta_power_precond;eeg_f_hbeta_power_precond;eeg_pleft_halpha_power_precond"
2025-12-19 16:07:14.782375,17,"stress_label",7,2,0.015625,0.476744186046512,0.552325581395349,0.409302325581395,7,"top7","eeg_fm_lbeta_power_precond;eeg_fm_specent_precond;eeg_faa_precond;eeg_tleft_lbeta_power_precond;eeg_fl_theta_power_precond;eeg_f_hbeta_power_precond;eeg_pleft_halpha_power_precond"
2025-12-19 16:07:14.738862,17,"stress_label",7,4,0.015625,0.459302325581395,0.436046511627907,0.396124031007752,7,"top7","eeg_fm_lbeta_power_precond;eeg_fm_specent_precond;eeg_faa_precond;eeg_tleft_lbeta_power_precond;eeg_fl_theta_power_precond;eeg_f_hbeta_power_precond;eeg_pleft_halpha_power_precond"
2025-12-19 16:07:14.833787,17,"stress_label",7,8,0.015625,0.441860465116279,0.5,0.389922480620155,7,"top7","eeg_fm_lbeta_power_precond;eeg_fm_specent_precond;eeg_faa_precond;eeg_tleft_lbeta_power_precond;eeg_fl_theta_power_precond;eeg_f_hbeta_power_precond;eeg_pleft_halpha_power_precond"
2025-12-19 16:07:14.785063,17,"stress_label",7,16,0.015625,0.47093023255814,0.395348837209302,0.426356589147287,7,"top7","eeg_fm_lbeta_power_precond;eeg_fm_specent_precond;eeg_faa_precond;eeg_tleft_lbeta_power_precond;eeg_fl_theta_power_precond;eeg_f_hbeta_power_precond;eeg_pleft_halpha_power_precond"
2025-12-19 16:07:14.806505,17,"stress_label",7,32,0.015625,0.465116279069767,0.383720930232558,0.437984496124031,7,"top7","eeg_fm_lbeta_power_precond;eeg_fm_specent_precond;eeg_faa_precond;eeg_tleft_lbeta_power_precond;eeg_fl_theta_power_precond;eeg_f_hbeta_power_precond;eeg_pleft_halpha_power_precond"
2025-12-19 16:07:14.838452,17,"stress_label",7,64,0.015625,0.5,0.453488372093023,NA,7,"top7","eeg_fm_lbeta_power_precond;eeg_fm_specent_precond;eeg_faa_precond;eeg_tleft_lbeta_power_precond;eeg_fl_theta_power_precond;eeg_f_hbeta_power_precond;eeg_pleft_halpha_power_precond"
2025-12-19 16:07:15.992205,17,"stress_label",7,128,0.015625,0.459302325581395,0.343023255813953,0.435658914728682,7,"top7","eeg_fm_lbeta_power_precond;eeg_fm_specent_precond;eeg_faa_precond;eeg_tleft_lbeta_power_precond;eeg_fl_theta_power_precond;eeg_f_hbeta_power_precond;eeg_pleft_halpha_power_precond"
2025-12-19 16:07:16.202983,17,"stress_label",7,256,0.015625,0.459302325581395,0.354651162790698,NA,7,"top7","eeg_fm_lbeta_power_precond;eeg_fm_specent_precond;eeg_faa_precond;eeg_tleft_lbeta_power_precond;eeg_fl_theta_power_precond;eeg_f_hbeta_power_precond;eeg_pleft_halpha_power_precond"
2025-12-19 16:07:15.834546,17,"stress_label",7,2,0.03125,0.441860465116279,0.476744186046512,0.378294573643411,7,"top7","eeg_fm_lbeta_power_precond;eeg_fm_specent_precond;eeg_faa_precond;eeg_tleft_lbeta_power_precond;eeg_fl_theta_power_precond;eeg_f_hbeta_power_precond;eeg_pleft_halpha_power_precond"
2025-12-19 16:07:15.879709,17,"stress_label",7,4,0.03125,0.459302325581395,0.47093023255814,0.415503875968992,7,"top7","eeg_fm_lbeta_power_precond;eeg_fm_specent_precond;eeg_faa_precond;eeg_tleft_lbeta_power_precond;eeg_fl_theta_power_precond;eeg_f_hbeta_power_precond;eeg_pleft_halpha_power_precond"
2025-12-19 16:07:15.848101,17,"stress_label",7,8,0.03125,0.447674418604651,0.424418604651163,0.39922480620155,7,"top7","eeg_fm_lbeta_power_precond;eeg_fm_specent_precond;eeg_faa_precond;eeg_tleft_lbeta_power_precond;eeg_fl_theta_power_precond;eeg_f_hbeta_power_precond;eeg_pleft_halpha_power_precond"
2025-12-19 16:07:15.933375,17,"stress_label",7,16,0.03125,0.511627906976744,0.406976744186047,NA,7,"top7","eeg_fm_lbeta_power_precond;eeg_fm_specent_precond;eeg_faa_precond;eeg_tleft_lbeta_power_precond;eeg_fl_theta_power_precond;eeg_f_hbeta_power_precond;eeg_pleft_halpha_power_precond"
2025-12-19 16:07:15.946976,17,"stress_label",7,32,0.03125,0.482558139534884,0.383720930232558,NA,7,"top7","eeg_fm_lbeta_power_precond;eeg_fm_specent_precond;eeg_faa_precond;eeg_tleft_lbeta_power_precond;eeg_fl_theta_power_precond;eeg_f_hbeta_power_precond;eeg_pleft_halpha_power_precond"
2025-12-19 16:07:16.061853,17,"stress_label",7,64,0.03125,0.459302325581395,0.424418604651163,NA,7,"top7","eeg_fm_lbeta_power_precond;eeg_fm_specent_precond;eeg_faa_precond;eeg_tleft_lbeta_power_precond;eeg_fl_theta_power_precond;eeg_f_hbeta_power_precond;eeg_pleft_halpha_power_precond"
2025-12-19 16:07:16.290894,17,"stress_label",7,128,0.03125,0.523255813953488,0.47093023255814,NA,7,"top7","eeg_fm_lbeta_power_precond;eeg_fm_specent_precond;eeg_faa_precond;eeg_tleft_lbeta_power_precond;eeg_fl_theta_power_precond;eeg_f_hbeta_power_precond;eeg_pleft_halpha_power_precond"
2025-12-19 16:07:16.559548,17,"stress_label",7,256,0.03125,0.563953488372093,0.47093023255814,NA,7,"top7","eeg_fm_lbeta_power_precond;eeg_fm_specent_precond;eeg_faa_precond;eeg_tleft_lbeta_power_precond;eeg_fl_theta_power_precond;eeg_f_hbeta_power_precond;eeg_pleft_halpha_power_precond"
2025-12-19 16:07:15.927503,17,"stress_label",7,2,0.0625,0.47093023255814,0.430232558139535,0.427131782945736,7,"top7","eeg_fm_lbeta_power_precond;eeg_fm_specent_precond;eeg_faa_precond;eeg_tleft_lbeta_power_precond;eeg_fl_theta_power_precond;eeg_f_hbeta_power_precond;eeg_pleft_halpha_power_precond"
2025-12-19 16:07:15.945136,17,"stress_label",7,4,0.0625,0.459302325581395,0.383720930232558,NA,7,"top7","eeg_fm_lbeta_power_precond;eeg_fm_specent_precond;eeg_faa_precond;eeg_tleft_lbeta_power_precond;eeg_fl_theta_power_precond;eeg_f_hbeta_power_precond;eeg_pleft_halpha_power_precond"
2025-12-19 16:07:15.993482,17,"stress_label",7,8,0.0625,0.482558139534884,0.453488372093023,NA,7,"top7","eeg_fm_lbeta_power_precond;eeg_fm_specent_precond;eeg_faa_precond;eeg_tleft_lbeta_power_precond;eeg_fl_theta_power_precond;eeg_f_hbeta_power_precond;eeg_pleft_halpha_power_precond"
2025-12-19 16:07:16.09176,17,"stress_label",7,16,0.0625,0.476744186046512,0.343023255813953,NA,7,"top7","eeg_fm_lbeta_power_precond;eeg_fm_specent_precond;eeg_faa_precond;eeg_tleft_lbeta_power_precond;eeg_fl_theta_power_precond;eeg_f_hbeta_power_precond;eeg_pleft_halpha_power_precond"
2025-12-19 16:07:17.078048,17,"stress_label",7,32,0.0625,0.569767441860465,0.5,NA,7,"top7","eeg_fm_lbeta_power_precond;eeg_fm_specent_precond;eeg_faa_precond;eeg_tleft_lbeta_power_precond;eeg_fl_theta_power_precond;eeg_f_hbeta_power_precond;eeg_pleft_halpha_power_precond"
2025-12-19 16:07:17.242935,17,"stress_label",7,64,0.0625,0.534883720930233,0.424418604651163,NA,7,"top7","eeg_fm_lbeta_power_precond;eeg_fm_specent_precond;eeg_faa_precond;eeg_tleft_lbeta_power_precond;eeg_fl_theta_power_precond;eeg_f_hbeta_power_precond;eeg_pleft_halpha_power_precond"
2025-12-19 16:07:17.492209,17,"stress_label",7,128,0.0625,0.488372093023256,0.459302325581395,NA,7,"top7","eeg_fm_lbeta_power_precond;eeg_fm_specent_precond;eeg_faa_precond;eeg_tleft_lbeta_power_precond;eeg_fl_theta_power_precond;eeg_f_hbeta_power_precond;eeg_pleft_halpha_power_precond"
2025-12-19 16:07:17.899369,17,"stress_label",7,256,0.0625,0.482558139534884,0.494186046511628,NA,7,"top7","eeg_fm_lbeta_power_precond;eeg_fm_specent_precond;eeg_faa_precond;eeg_tleft_lbeta_power_precond;eeg_fl_theta_power_precond;eeg_f_hbeta_power_precond;eeg_pleft_halpha_power_precond"
2025-12-19 16:07:17.061347,17,"stress_label",7,2,0.125,0.482558139534884,0.319767441860465,NA,7,"top7","eeg_fm_lbeta_power_precond;eeg_fm_specent_precond;eeg_faa_precond;eeg_tleft_lbeta_power_precond;eeg_fl_theta_power_precond;eeg_f_hbeta_power_precond;eeg_pleft_halpha_power_precond"
2025-12-19 16:07:17.091209,17,"stress_label",7,4,0.125,0.494186046511628,0.354651162790698,NA,7,"top7","eeg_fm_lbeta_power_precond;eeg_fm_specent_precond;eeg_faa_precond;eeg_tleft_lbeta_power_precond;eeg_fl_theta_power_precond;eeg_f_hbeta_power_precond;eeg_pleft_halpha_power_precond"
2025-12-19 16:07:17.133625,17,"stress_label",7,8,0.125,0.523255813953488,0.523255813953488,NA,7,"top7","eeg_fm_lbeta_power_precond;eeg_fm_specent_precond;eeg_faa_precond;eeg_tleft_lbeta_power_precond;eeg_fl_theta_power_precond;eeg_f_hbeta_power_precond;eeg_pleft_halpha_power_precond"
2025-12-19 16:07:17.271777,17,"stress_label",7,16,0.125,0.494186046511628,0.436046511627907,NA,7,"top7","eeg_fm_lbeta_power_precond;eeg_fm_specent_precond;eeg_faa_precond;eeg_tleft_lbeta_power_precond;eeg_fl_theta_power_precond;eeg_f_hbeta_power_precond;eeg_pleft_halpha_power_precond"
2025-12-19 16:07:17.28717,17,"stress_label",7,32,0.125,0.505813953488372,0.476744186046512,NA,7,"top7","eeg_fm_lbeta_power_precond;eeg_fm_specent_precond;eeg_faa_precond;eeg_tleft_lbeta_power_precond;eeg_fl_theta_power_precond;eeg_f_hbeta_power_precond;eeg_pleft_halpha_power_precond"
2025-12-19 16:07:17.503571,17,"stress_label",7,64,0.125,0.488372093023256,0.406976744186047,NA,7,"top7","eeg_fm_lbeta_power_precond;eeg_fm_specent_precond;eeg_faa_precond;eeg_tleft_lbeta_power_precond;eeg_fl_theta_power_precond;eeg_f_hbeta_power_precond;eeg_pleft_halpha_power_precond"
2025-12-19 16:07:17.762304,17,"stress_label",7,128,0.125,0.482558139534884,0.447674418604651,NA,7,"top7","eeg_fm_lbeta_power_precond;eeg_fm_specent_precond;eeg_faa_precond;eeg_tleft_lbeta_power_precond;eeg_fl_theta_power_precond;eeg_f_hbeta_power_precond;eeg_pleft_halpha_power_precond"
2025-12-19 16:07:18.130006,17,"stress_label",7,256,0.125,0.482558139534884,0.447674418604651,NA,7,"top7","eeg_fm_lbeta_power_precond;eeg_fm_specent_precond;eeg_faa_precond;eeg_tleft_lbeta_power_precond;eeg_fl_theta_power_precond;eeg_f_hbeta_power_precond;eeg_pleft_halpha_power_precond"
2025-12-19 16:07:17.387024,17,"stress_label",7,2,0.03,0.436046511627907,0.476744186046512,0.374418604651163,7,"top7","eeg_fm_lbeta_power_precond;eeg_fm_specent_precond;eeg_faa_precond;eeg_tleft_lbeta_power_precond;eeg_fl_theta_power_precond;eeg_f_hbeta_power_precond;eeg_pleft_halpha_power_precond"
2025-12-19 16:07:17.686795,17,"stress_label",7,4,0.03,0.447674418604651,0.494186046511628,0.396899224806202,7,"top7","eeg_fm_lbeta_power_precond;eeg_fm_specent_precond;eeg_faa_precond;eeg_tleft_lbeta_power_precond;eeg_fl_theta_power_precond;eeg_f_hbeta_power_precond;eeg_pleft_halpha_power_precond"
2025-12-19 16:07:18.138196,17,"stress_label",7,8,0.03,0.441860465116279,0.453488372093023,0.39922480620155,7,"top7","eeg_fm_lbeta_power_precond;eeg_fm_specent_precond;eeg_faa_precond;eeg_tleft_lbeta_power_precond;eeg_fl_theta_power_precond;eeg_f_hbeta_power_precond;eeg_pleft_halpha_power_precond"
2025-12-19 16:07:18.202723,17,"stress_label",7,16,0.03,0.505813953488372,0.372093023255814,NA,7,"top7","eeg_fm_lbeta_power_precond;eeg_fm_specent_precond;eeg_faa_precond;eeg_tleft_lbeta_power_precond;eeg_fl_theta_power_precond;eeg_f_hbeta_power_precond;eeg_pleft_halpha_power_precond"
2025-12-19 16:07:18.229079,17,"stress_label",7,32,0.03,0.488372093023256,0.5,NA,7,"top7","eeg_fm_lbeta_power_precond;eeg_fm_specent_precond;eeg_faa_precond;eeg_tleft_lbeta_power_precond;eeg_fl_theta_power_precond;eeg_f_hbeta_power_precond;eeg_pleft_halpha_power_precond"
2025-12-19 16:07:18.324742,17,"stress_label",7,64,0.03,0.465116279069767,0.430232558139535,NA,7,"top7","eeg_fm_lbeta_power_precond;eeg_fm_specent_precond;eeg_faa_precond;eeg_tleft_lbeta_power_precond;eeg_fl_theta_power_precond;eeg_f_hbeta_power_precond;eeg_pleft_halpha_power_precond"
2025-12-19 16:07:18.684711,17,"stress_label",7,128,0.03,0.517441860465116,0.453488372093023,NA,7,"top7","eeg_fm_lbeta_power_precond;eeg_fm_specent_precond;eeg_faa_precond;eeg_tleft_lbeta_power_precond;eeg_fl_theta_power_precond;eeg_f_hbeta_power_precond;eeg_pleft_halpha_power_precond"
2025-12-19 16:07:18.949286,17,"stress_label",7,256,0.03,0.552325581395349,0.424418604651163,NA,7,"top7","eeg_fm_lbeta_power_precond;eeg_fm_specent_precond;eeg_faa_precond;eeg_tleft_lbeta_power_precond;eeg_fl_theta_power_precond;eeg_f_hbeta_power_precond;eeg_pleft_halpha_power_precond"
2025-12-19 16:07:18.358871,17,"stress_label",7,2,0.06,0.465116279069767,0.453488372093023,0.427131782945736,7,"top7","eeg_fm_lbeta_power_precond;eeg_fm_specent_precond;eeg_faa_precond;eeg_tleft_lbeta_power_precond;eeg_fl_theta_power_precond;eeg_f_hbeta_power_precond;eeg_pleft_halpha_power_precond"
2025-12-19 16:07:18.430699,17,"stress_label",7,4,0.06,0.47093023255814,0.424418604651163,NA,7,"top7","eeg_fm_lbeta_power_precond;eeg_fm_specent_precond;eeg_faa_precond;eeg_tleft_lbeta_power_precond;eeg_fl_theta_power_precond;eeg_f_hbeta_power_precond;eeg_pleft_halpha_power_precond"
2025-12-19 16:07:18.585584,17,"stress_label",7,8,0.06,0.494186046511628,0.354651162790698,NA,7,"top7","eeg_fm_lbeta_power_precond;eeg_fm_specent_precond;eeg_faa_precond;eeg_tleft_lbeta_power_precond;eeg_fl_theta_power_precond;eeg_f_hbeta_power_precond;eeg_pleft_halpha_power_precond"
2025-12-19 16:07:18.626357,17,"stress_label",7,16,0.06,0.47093023255814,0.395348837209302,NA,7,"top7","eeg_fm_lbeta_power_precond;eeg_fm_specent_precond;eeg_faa_precond;eeg_tleft_lbeta_power_precond;eeg_fl_theta_power_precond;eeg_f_hbeta_power_precond;eeg_pleft_halpha_power_precond"
2025-12-19 16:07:18.904737,17,"stress_label",7,32,0.06,0.563953488372093,0.488372093023256,NA,7,"top7","eeg_fm_lbeta_power_precond;eeg_fm_specent_precond;eeg_faa_precond;eeg_tleft_lbeta_power_precond;eeg_fl_theta_power_precond;eeg_f_hbeta_power_precond;eeg_pleft_halpha_power_precond"
2025-12-19 16:07:19.107105,17,"stress_label",7,64,0.06,0.529069767441861,0.459302325581395,NA,7,"top7","eeg_fm_lbeta_power_precond;eeg_fm_specent_precond;eeg_faa_precond;eeg_tleft_lbeta_power_precond;eeg_fl_theta_power_precond;eeg_f_hbeta_power_precond;eeg_pleft_halpha_power_precond"
2025-12-19 16:07:19.341454,17,"stress_label",7,128,0.06,0.494186046511628,0.447674418604651,NA,7,"top7","eeg_fm_lbeta_power_precond;eeg_fm_specent_precond;eeg_faa_precond;eeg_tleft_lbeta_power_precond;eeg_fl_theta_power_precond;eeg_f_hbeta_power_precond;eeg_pleft_halpha_power_precond"
2025-12-19 16:07:19.745103,17,"stress_label",7,256,0.06,0.47093023255814,0.401162790697674,NA,7,"top7","eeg_fm_lbeta_power_precond;eeg_fm_specent_precond;eeg_faa_precond;eeg_tleft_lbeta_power_precond;eeg_fl_theta_power_precond;eeg_f_hbeta_power_precond;eeg_pleft_halpha_power_precond"
2025-12-19 16:07:19.192411,17,"stress_label",7,2,0.1,0.459302325581395,0.383720930232558,NA,7,"top7","eeg_fm_lbeta_power_precond;eeg_fm_specent_precond;eeg_faa_precond;eeg_tleft_lbeta_power_precond;eeg_fl_theta_power_precond;eeg_f_hbeta_power_precond;eeg_pleft_halpha_power_precond"
2025-12-19 16:07:19.240462,17,"stress_label",7,4,0.1,0.482558139534884,0.343023255813953,NA,7,"top7","eeg_fm_lbeta_power_precond;eeg_fm_specent_precond;eeg_faa_precond;eeg_tleft_lbeta_power_precond;eeg_fl_theta_power_precond;eeg_f_hbeta_power_precond;eeg_pleft_halpha_power_precond"
2025-12-19 16:07:19.264289,17,"stress_label",7,8,0.1,0.517441860465116,0.395348837209302,NA,7,"top7","eeg_fm_lbeta_power_precond;eeg_fm_specent_precond;eeg_faa_precond;eeg_tleft_lbeta_power_precond;eeg_fl_theta_power_precond;eeg_f_hbeta_power_precond;eeg_pleft_halpha_power_precond"
2025-12-19 16:07:19.3978,17,"stress_label",7,16,0.1,0.540697674418605,0.395348837209302,NA,7,"top7","eeg_fm_lbeta_power_precond;eeg_fm_specent_precond;eeg_faa_precond;eeg_tleft_lbeta_power_precond;eeg_fl_theta_power_precond;eeg_f_hbeta_power_precond;eeg_pleft_halpha_power_precond"
2025-12-19 16:07:19.435377,17,"stress_label",7,32,0.1,0.482558139534884,0.313953488372093,NA,7,"top7","eeg_fm_lbeta_power_precond;eeg_fm_specent_precond;eeg_faa_precond;eeg_tleft_lbeta_power_precond;eeg_fl_theta_power_precond;eeg_f_hbeta_power_precond;eeg_pleft_halpha_power_precond"
2025-12-19 16:07:19.609402,17,"stress_label",7,64,0.1,0.494186046511628,0.412790697674419,NA,7,"top7","eeg_fm_lbeta_power_precond;eeg_fm_specent_precond;eeg_faa_precond;eeg_tleft_lbeta_power_precond;eeg_fl_theta_power_precond;eeg_f_hbeta_power_precond;eeg_pleft_halpha_power_precond"
2025-12-19 16:07:19.857014,17,"stress_label",7,128,0.1,0.482558139534884,0.354651162790698,NA,7,"top7","eeg_fm_lbeta_power_precond;eeg_fm_specent_precond;eeg_faa_precond;eeg_tleft_lbeta_power_precond;eeg_fl_theta_power_precond;eeg_f_hbeta_power_precond;eeg_pleft_halpha_power_precond"
2025-12-19 16:07:20.076241,17,"stress_label",7,256,0.1,0.505813953488372,0.436046511627907,NA,7,"top7","eeg_fm_lbeta_power_precond;eeg_fm_specent_precond;eeg_faa_precond;eeg_tleft_lbeta_power_precond;eeg_fl_theta_power_precond;eeg_f_hbeta_power_precond;eeg_pleft_halpha_power_precond"
2025-12-19 16:07:21.361561,18,"stress_label",7,2,0.0078125,0.441860465116279,0.540697674418605,0.349612403100775,7,"top7","eeg_fm_specent_precond;eeg_fm_beta_power_precond;eeg_faa_precond;eeg_tleft_lbeta_power_precond;eeg_fl_theta_power_precond;eeg_tleft_lalpha_power_precond;eeg_ta_ratio_precond"
2025-12-19 16:07:21.390318,18,"stress_label",7,4,0.0078125,0.453488372093023,0.511627906976744,0.375193798449612,7,"top7","eeg_fm_specent_precond;eeg_fm_beta_power_precond;eeg_faa_precond;eeg_tleft_lbeta_power_precond;eeg_fl_theta_power_precond;eeg_tleft_lalpha_power_precond;eeg_ta_ratio_precond"
2025-12-19 16:07:21.354784,18,"stress_label",7,8,0.0078125,0.436046511627907,0.563953488372093,0.376744186046512,7,"top7","eeg_fm_specent_precond;eeg_fm_beta_power_precond;eeg_faa_precond;eeg_tleft_lbeta_power_precond;eeg_fl_theta_power_precond;eeg_tleft_lalpha_power_precond;eeg_ta_ratio_precond"
2025-12-19 16:07:21.334329,18,"stress_label",7,16,0.0078125,0.441860465116279,0.523255813953488,0.344186046511628,7,"top7","eeg_fm_specent_precond;eeg_fm_beta_power_precond;eeg_faa_precond;eeg_tleft_lbeta_power_precond;eeg_fl_theta_power_precond;eeg_tleft_lalpha_power_precond;eeg_ta_ratio_precond"
2025-12-19 16:07:21.376397,18,"stress_label",7,32,0.0078125,0.441860465116279,0.558139534883721,0.351937984496124,7,"top7","eeg_fm_specent_precond;eeg_fm_beta_power_precond;eeg_faa_precond;eeg_tleft_lbeta_power_precond;eeg_fl_theta_power_precond;eeg_tleft_lalpha_power_precond;eeg_ta_ratio_precond"
2025-12-19 16:07:21.375268,18,"stress_label",7,64,0.0078125,0.47093023255814,0.488372093023256,0.4,7,"top7","eeg_fm_specent_precond;eeg_fm_beta_power_precond;eeg_faa_precond;eeg_tleft_lbeta_power_precond;eeg_fl_theta_power_precond;eeg_tleft_lalpha_power_precond;eeg_ta_ratio_precond"
2025-12-19 16:07:21.419179,18,"stress_label",7,128,0.0078125,0.476744186046512,0.488372093023256,0.418604651162791,7,"top7","eeg_fm_specent_precond;eeg_fm_beta_power_precond;eeg_faa_precond;eeg_tleft_lbeta_power_precond;eeg_fl_theta_power_precond;eeg_tleft_lalpha_power_precond;eeg_ta_ratio_precond"
2025-12-19 16:07:21.552577,18,"stress_label",7,256,0.0078125,0.511627906976744,0.331395348837209,NA,7,"top7","eeg_fm_specent_precond;eeg_fm_beta_power_precond;eeg_faa_precond;eeg_tleft_lbeta_power_precond;eeg_fl_theta_power_precond;eeg_tleft_lalpha_power_precond;eeg_ta_ratio_precond"
2025-12-19 16:07:21.377335,18,"stress_label",7,2,0.015625,0.459302325581395,0.563953488372093,0.365891472868217,7,"top7","eeg_fm_specent_precond;eeg_fm_beta_power_precond;eeg_faa_precond;eeg_tleft_lbeta_power_precond;eeg_fl_theta_power_precond;eeg_tleft_lalpha_power_precond;eeg_ta_ratio_precond"
2025-12-19 16:07:21.37529,18,"stress_label",7,4,0.015625,0.441860465116279,0.540697674418605,0.348062015503876,7,"top7","eeg_fm_specent_precond;eeg_fm_beta_power_precond;eeg_faa_precond;eeg_tleft_lbeta_power_precond;eeg_fl_theta_power_precond;eeg_tleft_lalpha_power_precond;eeg_ta_ratio_precond"
2025-12-19 16:07:21.331227,18,"stress_label",7,8,0.015625,0.441860465116279,0.529069767441861,0.338759689922481,7,"top7","eeg_fm_specent_precond;eeg_fm_beta_power_precond;eeg_faa_precond;eeg_tleft_lbeta_power_precond;eeg_fl_theta_power_precond;eeg_tleft_lalpha_power_precond;eeg_ta_ratio_precond"
2025-12-19 16:07:21.367308,18,"stress_label",7,16,0.015625,0.482558139534884,0.5,0.40077519379845,7,"top7","eeg_fm_specent_precond;eeg_fm_beta_power_precond;eeg_faa_precond;eeg_tleft_lbeta_power_precond;eeg_fl_theta_power_precond;eeg_tleft_lalpha_power_precond;eeg_ta_ratio_precond"
2025-12-19 16:07:21.400899,18,"stress_label",7,32,0.015625,0.465116279069767,0.505813953488372,0.402325581395349,7,"top7","eeg_fm_specent_precond;eeg_fm_beta_power_precond;eeg_faa_precond;eeg_tleft_lbeta_power_precond;eeg_fl_theta_power_precond;eeg_tleft_lalpha_power_precond;eeg_ta_ratio_precond"
2025-12-19 16:07:21.46117,18,"stress_label",7,64,0.015625,0.505813953488372,0.290697674418605,NA,7,"top7","eeg_fm_specent_precond;eeg_fm_beta_power_precond;eeg_faa_precond;eeg_tleft_lbeta_power_precond;eeg_fl_theta_power_precond;eeg_tleft_lalpha_power_precond;eeg_ta_ratio_precond"
2025-12-19 16:07:22.650009,18,"stress_label",7,128,0.015625,0.552325581395349,0.459302325581395,NA,7,"top7","eeg_fm_specent_precond;eeg_fm_beta_power_precond;eeg_faa_precond;eeg_tleft_lbeta_power_precond;eeg_fl_theta_power_precond;eeg_tleft_lalpha_power_precond;eeg_ta_ratio_precond"
2025-12-19 16:07:22.803897,18,"stress_label",7,256,0.015625,0.569767441860465,0.453488372093023,NA,7,"top7","eeg_fm_specent_precond;eeg_fm_beta_power_precond;eeg_faa_precond;eeg_tleft_lbeta_power_precond;eeg_fl_theta_power_precond;eeg_tleft_lalpha_power_precond;eeg_ta_ratio_precond"
2025-12-19 16:07:22.454544,18,"stress_label",7,2,0.03125,0.441860465116279,0.511627906976744,0.333333333333333,7,"top7","eeg_fm_specent_precond;eeg_fm_beta_power_precond;eeg_faa_precond;eeg_tleft_lbeta_power_precond;eeg_fl_theta_power_precond;eeg_tleft_lalpha_power_precond;eeg_ta_ratio_precond"
2025-12-19 16:07:22.439796,18,"stress_label",7,4,0.03125,0.482558139534884,0.505813953488372,0.385271317829457,7,"top7","eeg_fm_specent_precond;eeg_fm_beta_power_precond;eeg_faa_precond;eeg_tleft_lbeta_power_precond;eeg_fl_theta_power_precond;eeg_tleft_lalpha_power_precond;eeg_ta_ratio_precond"
2025-12-19 16:07:22.4804,18,"stress_label",7,8,0.03125,0.47093023255814,0.401162790697674,0.406201550387597,7,"top7","eeg_fm_specent_precond;eeg_fm_beta_power_precond;eeg_faa_precond;eeg_tleft_lbeta_power_precond;eeg_fl_theta_power_precond;eeg_tleft_lalpha_power_precond;eeg_ta_ratio_precond"
2025-12-19 16:07:22.520006,18,"stress_label",7,16,0.03125,0.529069767441861,0.348837209302326,NA,7,"top7","eeg_fm_specent_precond;eeg_fm_beta_power_precond;eeg_faa_precond;eeg_tleft_lbeta_power_precond;eeg_fl_theta_power_precond;eeg_tleft_lalpha_power_precond;eeg_ta_ratio_precond"
2025-12-19 16:07:22.542382,18,"stress_label",7,32,0.03125,0.534883720930233,0.424418604651163,0.496899224806202,7,"top7","eeg_fm_specent_precond;eeg_fm_beta_power_precond;eeg_faa_precond;eeg_tleft_lbeta_power_precond;eeg_fl_theta_power_precond;eeg_tleft_lalpha_power_precond;eeg_ta_ratio_precond"
2025-12-19 16:07:22.656402,18,"stress_label",7,64,0.03125,0.558139534883721,0.488372093023256,NA,7,"top7","eeg_fm_specent_precond;eeg_fm_beta_power_precond;eeg_faa_precond;eeg_tleft_lbeta_power_precond;eeg_fl_theta_power_precond;eeg_tleft_lalpha_power_precond;eeg_ta_ratio_precond"
2025-12-19 16:07:22.804397,18,"stress_label",7,128,0.03125,0.569767441860465,0.476744186046512,NA,7,"top7","eeg_fm_specent_precond;eeg_fm_beta_power_precond;eeg_faa_precond;eeg_tleft_lbeta_power_precond;eeg_fl_theta_power_precond;eeg_tleft_lalpha_power_precond;eeg_ta_ratio_precond"
2025-12-19 16:07:23.086289,18,"stress_label",7,256,0.03125,0.563953488372093,0.511627906976744,NA,7,"top7","eeg_fm_specent_precond;eeg_fm_beta_power_precond;eeg_faa_precond;eeg_tleft_lbeta_power_precond;eeg_fl_theta_power_precond;eeg_tleft_lalpha_power_precond;eeg_ta_ratio_precond"
2025-12-19 16:07:22.477623,18,"stress_label",7,2,0.0625,0.5,0.47093023255814,0.437209302325581,7,"top7","eeg_fm_specent_precond;eeg_fm_beta_power_precond;eeg_faa_precond;eeg_tleft_lbeta_power_precond;eeg_fl_theta_power_precond;eeg_tleft_lalpha_power_precond;eeg_ta_ratio_precond"
2025-12-19 16:07:22.463751,18,"stress_label",7,4,0.0625,0.5,0.331395348837209,0.438759689922481,7,"top7","eeg_fm_specent_precond;eeg_fm_beta_power_precond;eeg_faa_precond;eeg_tleft_lbeta_power_precond;eeg_fl_theta_power_precond;eeg_tleft_lalpha_power_precond;eeg_ta_ratio_precond"
2025-12-19 16:07:22.586021,18,"stress_label",7,8,0.0625,0.523255813953488,0.453488372093023,0.488372093023256,7,"top7","eeg_fm_specent_precond;eeg_fm_beta_power_precond;eeg_faa_precond;eeg_tleft_lbeta_power_precond;eeg_fl_theta_power_precond;eeg_tleft_lalpha_power_precond;eeg_ta_ratio_precond"
2025-12-19 16:07:22.726233,18,"stress_label",7,16,0.0625,0.558139534883721,0.465116279069767,NA,7,"top7","eeg_fm_specent_precond;eeg_fm_beta_power_precond;eeg_faa_precond;eeg_tleft_lbeta_power_precond;eeg_fl_theta_power_precond;eeg_tleft_lalpha_power_precond;eeg_ta_ratio_precond"
2025-12-19 16:07:23.646304,18,"stress_label",7,32,0.0625,0.563953488372093,0.459302325581395,NA,7,"top7","eeg_fm_specent_precond;eeg_fm_beta_power_precond;eeg_faa_precond;eeg_tleft_lbeta_power_precond;eeg_fl_theta_power_precond;eeg_tleft_lalpha_power_precond;eeg_ta_ratio_precond"
2025-12-19 16:07:23.785999,18,"stress_label",7,64,0.0625,0.523255813953488,0.447674418604651,NA,7,"top7","eeg_fm_specent_precond;eeg_fm_beta_power_precond;eeg_faa_precond;eeg_tleft_lbeta_power_precond;eeg_fl_theta_power_precond;eeg_tleft_lalpha_power_precond;eeg_ta_ratio_precond"
2025-12-19 16:07:24.021871,18,"stress_label",7,128,0.0625,0.488372093023256,0.488372093023256,NA,7,"top7","eeg_fm_specent_precond;eeg_fm_beta_power_precond;eeg_faa_precond;eeg_tleft_lbeta_power_precond;eeg_fl_theta_power_precond;eeg_tleft_lalpha_power_precond;eeg_ta_ratio_precond"
2025-12-19 16:07:24.356973,18,"stress_label",7,256,0.0625,0.441860465116279,0.436046511627907,NA,7,"top7","eeg_fm_specent_precond;eeg_fm_beta_power_precond;eeg_faa_precond;eeg_tleft_lbeta_power_precond;eeg_fl_theta_power_precond;eeg_tleft_lalpha_power_precond;eeg_ta_ratio_precond"
2025-12-19 16:07:23.546145,18,"stress_label",7,2,0.125,0.505813953488372,0.401162790697674,0.462790697674419,7,"top7","eeg_fm_specent_precond;eeg_fm_beta_power_precond;eeg_faa_precond;eeg_tleft_lbeta_power_precond;eeg_fl_theta_power_precond;eeg_tleft_lalpha_power_precond;eeg_ta_ratio_precond"
2025-12-19 16:07:23.611367,18,"stress_label",7,4,0.125,0.540697674418605,0.482558139534884,NA,7,"top7","eeg_fm_specent_precond;eeg_fm_beta_power_precond;eeg_faa_precond;eeg_tleft_lbeta_power_precond;eeg_fl_theta_power_precond;eeg_tleft_lalpha_power_precond;eeg_ta_ratio_precond"
2025-12-19 16:07:23.648576,18,"stress_label",7,8,0.125,0.563953488372093,0.47093023255814,NA,7,"top7","eeg_fm_specent_precond;eeg_fm_beta_power_precond;eeg_faa_precond;eeg_tleft_lbeta_power_precond;eeg_fl_theta_power_precond;eeg_tleft_lalpha_power_precond;eeg_ta_ratio_precond"
2025-12-19 16:07:23.734865,18,"stress_label",7,16,0.125,0.511627906976744,0.424418604651163,NA,7,"top7","eeg_fm_specent_precond;eeg_fm_beta_power_precond;eeg_faa_precond;eeg_tleft_lbeta_power_precond;eeg_fl_theta_power_precond;eeg_tleft_lalpha_power_precond;eeg_ta_ratio_precond"
2025-12-19 16:07:23.895907,18,"stress_label",7,32,0.125,0.459302325581395,0.459302325581395,NA,7,"top7","eeg_fm_specent_precond;eeg_fm_beta_power_precond;eeg_faa_precond;eeg_tleft_lbeta_power_precond;eeg_fl_theta_power_precond;eeg_tleft_lalpha_power_precond;eeg_ta_ratio_precond"
2025-12-19 16:07:24.054193,18,"stress_label",7,64,0.125,0.441860465116279,0.482558139534884,NA,7,"top7","eeg_fm_specent_precond;eeg_fm_beta_power_precond;eeg_faa_precond;eeg_tleft_lbeta_power_precond;eeg_fl_theta_power_precond;eeg_tleft_lalpha_power_precond;eeg_ta_ratio_precond"
2025-12-19 16:07:24.387701,18,"stress_label",7,128,0.125,0.476744186046512,0.465116279069767,NA,7,"top7","eeg_fm_specent_precond;eeg_fm_beta_power_precond;eeg_faa_precond;eeg_tleft_lbeta_power_precond;eeg_fl_theta_power_precond;eeg_tleft_lalpha_power_precond;eeg_ta_ratio_precond"
2025-12-19 16:07:24.662291,18,"stress_label",7,256,0.125,0.494186046511628,0.418604651162791,NA,7,"top7","eeg_fm_specent_precond;eeg_fm_beta_power_precond;eeg_faa_precond;eeg_tleft_lbeta_power_precond;eeg_fl_theta_power_precond;eeg_tleft_lalpha_power_precond;eeg_ta_ratio_precond"
2025-12-19 16:07:23.850692,18,"stress_label",7,2,0.03,0.447674418604651,0.476744186046512,0.337209302325581,7,"top7","eeg_fm_specent_precond;eeg_fm_beta_power_precond;eeg_faa_precond;eeg_tleft_lbeta_power_precond;eeg_fl_theta_power_precond;eeg_tleft_lalpha_power_precond;eeg_ta_ratio_precond"
2025-12-19 16:07:24.13367,18,"stress_label",7,4,0.03,0.482558139534884,0.476744186046512,0.389147286821705,7,"top7","eeg_fm_specent_precond;eeg_fm_beta_power_precond;eeg_faa_precond;eeg_tleft_lbeta_power_precond;eeg_fl_theta_power_precond;eeg_tleft_lalpha_power_precond;eeg_ta_ratio_precond"
2025-12-19 16:07:24.61667,18,"stress_label",7,8,0.03,0.488372093023256,0.523255813953488,0.408527131782946,7,"top7","eeg_fm_specent_precond;eeg_fm_beta_power_precond;eeg_faa_precond;eeg_tleft_lbeta_power_precond;eeg_fl_theta_power_precond;eeg_tleft_lalpha_power_precond;eeg_ta_ratio_precond"
2025-12-19 16:07:24.689234,18,"stress_label",7,16,0.03,0.511627906976744,0.459302325581395,NA,7,"top7","eeg_fm_specent_precond;eeg_fm_beta_power_precond;eeg_faa_precond;eeg_tleft_lbeta_power_precond;eeg_fl_theta_power_precond;eeg_tleft_lalpha_power_precond;eeg_ta_ratio_precond"
2025-12-19 16:07:24.77481,18,"stress_label",7,32,0.03,0.540697674418605,0.529069767441861,0.50077519379845,7,"top7","eeg_fm_specent_precond;eeg_fm_beta_power_precond;eeg_faa_precond;eeg_tleft_lbeta_power_precond;eeg_fl_theta_power_precond;eeg_tleft_lalpha_power_precond;eeg_ta_ratio_precond"
2025-12-19 16:07:24.883384,18,"stress_label",7,64,0.03,0.552325581395349,0.430232558139535,NA,7,"top7","eeg_fm_specent_precond;eeg_fm_beta_power_precond;eeg_faa_precond;eeg_tleft_lbeta_power_precond;eeg_fl_theta_power_precond;eeg_tleft_lalpha_power_precond;eeg_ta_ratio_precond"
2025-12-19 16:07:25.121687,18,"stress_label",7,128,0.03,0.575581395348837,0.494186046511628,NA,7,"top7","eeg_fm_specent_precond;eeg_fm_beta_power_precond;eeg_faa_precond;eeg_tleft_lbeta_power_precond;eeg_fl_theta_power_precond;eeg_tleft_lalpha_power_precond;eeg_ta_ratio_precond"
2025-12-19 16:07:25.405361,18,"stress_label",7,256,0.03,0.563953488372093,0.424418604651163,NA,7,"top7","eeg_fm_specent_precond;eeg_fm_beta_power_precond;eeg_faa_precond;eeg_tleft_lbeta_power_precond;eeg_fl_theta_power_precond;eeg_tleft_lalpha_power_precond;eeg_ta_ratio_precond"
2025-12-19 16:07:24.908065,18,"stress_label",7,2,0.06,0.511627906976744,0.505813953488372,0.441860465116279,7,"top7","eeg_fm_specent_precond;eeg_fm_beta_power_precond;eeg_faa_precond;eeg_tleft_lbeta_power_precond;eeg_fl_theta_power_precond;eeg_tleft_lalpha_power_precond;eeg_ta_ratio_precond"
2025-12-19 16:07:24.947142,18,"stress_label",7,4,0.06,0.482558139534884,0.377906976744186,0.411627906976744,7,"top7","eeg_fm_specent_precond;eeg_fm_beta_power_precond;eeg_faa_precond;eeg_tleft_lbeta_power_precond;eeg_fl_theta_power_precond;eeg_tleft_lalpha_power_precond;eeg_ta_ratio_precond"
2025-12-19 16:07:25.098267,18,"stress_label",7,8,0.06,0.529069767441861,0.406976744186047,0.493798449612403,7,"top7","eeg_fm_specent_precond;eeg_fm_beta_power_precond;eeg_faa_precond;eeg_tleft_lbeta_power_precond;eeg_fl_theta_power_precond;eeg_tleft_lalpha_power_precond;eeg_ta_ratio_precond"
2025-12-19 16:07:25.205303,18,"stress_label",7,16,0.06,0.552325581395349,0.482558139534884,NA,7,"top7","eeg_fm_specent_precond;eeg_fm_beta_power_precond;eeg_faa_precond;eeg_tleft_lbeta_power_precond;eeg_fl_theta_power_precond;eeg_tleft_lalpha_power_precond;eeg_ta_ratio_precond"
2025-12-19 16:07:25.357228,18,"stress_label",7,32,0.06,0.581395348837209,0.459302325581395,NA,7,"top7","eeg_fm_specent_precond;eeg_fm_beta_power_precond;eeg_faa_precond;eeg_tleft_lbeta_power_precond;eeg_fl_theta_power_precond;eeg_tleft_lalpha_power_precond;eeg_ta_ratio_precond"
2025-12-19 16:07:25.650455,18,"stress_label",7,64,0.06,0.529069767441861,0.5,NA,7,"top7","eeg_fm_specent_precond;eeg_fm_beta_power_precond;eeg_faa_precond;eeg_tleft_lbeta_power_precond;eeg_fl_theta_power_precond;eeg_tleft_lalpha_power_precond;eeg_ta_ratio_precond"
2025-12-19 16:07:25.839705,18,"stress_label",7,128,0.06,0.505813953488372,0.430232558139535,NA,7,"top7","eeg_fm_specent_precond;eeg_fm_beta_power_precond;eeg_faa_precond;eeg_tleft_lbeta_power_precond;eeg_fl_theta_power_precond;eeg_tleft_lalpha_power_precond;eeg_ta_ratio_precond"
2025-12-19 16:07:26.226202,18,"stress_label",7,256,0.06,0.447674418604651,0.459302325581395,NA,7,"top7","eeg_fm_specent_precond;eeg_fm_beta_power_precond;eeg_faa_precond;eeg_tleft_lbeta_power_precond;eeg_fl_theta_power_precond;eeg_tleft_lalpha_power_precond;eeg_ta_ratio_precond"
2025-12-19 16:07:25.694902,18,"stress_label",7,2,0.1,0.494186046511628,0.377906976744186,0.435658914728682,7,"top7","eeg_fm_specent_precond;eeg_fm_beta_power_precond;eeg_faa_precond;eeg_tleft_lbeta_power_precond;eeg_fl_theta_power_precond;eeg_tleft_lalpha_power_precond;eeg_ta_ratio_precond"
2025-12-19 16:07:25.731573,18,"stress_label",7,4,0.1,0.529069767441861,0.441860465116279,NA,7,"top7","eeg_fm_specent_precond;eeg_fm_beta_power_precond;eeg_faa_precond;eeg_tleft_lbeta_power_precond;eeg_fl_theta_power_precond;eeg_tleft_lalpha_power_precond;eeg_ta_ratio_precond"
2025-12-19 16:07:25.825148,18,"stress_label",7,8,0.1,0.540697674418605,0.488372093023256,NA,7,"top7","eeg_fm_specent_precond;eeg_fm_beta_power_precond;eeg_faa_precond;eeg_tleft_lbeta_power_precond;eeg_fl_theta_power_precond;eeg_tleft_lalpha_power_precond;eeg_ta_ratio_precond"
2025-12-19 16:07:25.920947,18,"stress_label",7,16,0.1,0.540697674418605,0.47093023255814,NA,7,"top7","eeg_fm_specent_precond;eeg_fm_beta_power_precond;eeg_faa_precond;eeg_tleft_lbeta_power_precond;eeg_fl_theta_power_precond;eeg_tleft_lalpha_power_precond;eeg_ta_ratio_precond"
2025-12-19 16:07:25.962988,18,"stress_label",7,32,0.1,0.5,0.459302325581395,NA,7,"top7","eeg_fm_specent_precond;eeg_fm_beta_power_precond;eeg_faa_precond;eeg_tleft_lbeta_power_precond;eeg_fl_theta_power_precond;eeg_tleft_lalpha_power_precond;eeg_ta_ratio_precond"
2025-12-19 16:07:26.08401,18,"stress_label",7,64,0.1,0.459302325581395,0.465116279069767,NA,7,"top7","eeg_fm_specent_precond;eeg_fm_beta_power_precond;eeg_faa_precond;eeg_tleft_lbeta_power_precond;eeg_fl_theta_power_precond;eeg_tleft_lalpha_power_precond;eeg_ta_ratio_precond"
2025-12-19 16:07:26.383801,18,"stress_label",7,128,0.1,0.441860465116279,0.418604651162791,NA,7,"top7","eeg_fm_specent_precond;eeg_fm_beta_power_precond;eeg_faa_precond;eeg_tleft_lbeta_power_precond;eeg_fl_theta_power_precond;eeg_tleft_lalpha_power_precond;eeg_ta_ratio_precond"
2025-12-19 16:07:26.577371,18,"stress_label",7,256,0.1,0.488372093023256,0.436046511627907,NA,7,"top7","eeg_fm_specent_precond;eeg_fm_beta_power_precond;eeg_faa_precond;eeg_tleft_lbeta_power_precond;eeg_fl_theta_power_precond;eeg_tleft_lalpha_power_precond;eeg_ta_ratio_precond"
2025-12-19 16:07:27.875439,19,"stress_label",7,2,0.0078125,0.488372093023256,0.488372093023256,0.46046511627907,7,"top7","eeg_fm_lbeta_power_precond;eeg_fm_specent_precond;eeg_tleft_lbeta_power_precond;eeg_faa_precond;eeg_tleft_lalpha_power_precond;eeg_fl_theta_power_precond;eeg_tleft_alpha_power_precond"
2025-12-19 16:07:27.871947,19,"stress_label",7,4,0.0078125,0.465116279069767,0.465116279069767,0.426356589147287,7,"top7","eeg_fm_lbeta_power_precond;eeg_fm_specent_precond;eeg_tleft_lbeta_power_precond;eeg_faa_precond;eeg_tleft_lalpha_power_precond;eeg_fl_theta_power_precond;eeg_tleft_alpha_power_precond"
2025-12-19 16:07:27.88164,19,"stress_label",7,8,0.0078125,0.447674418604651,0.453488372093023,0.406201550387597,7,"top7","eeg_fm_lbeta_power_precond;eeg_fm_specent_precond;eeg_tleft_lbeta_power_precond;eeg_faa_precond;eeg_tleft_lalpha_power_precond;eeg_fl_theta_power_precond;eeg_tleft_alpha_power_precond"
2025-12-19 16:07:27.813539,19,"stress_label",7,16,0.0078125,0.436046511627907,0.494186046511628,0.373643410852713,7,"top7","eeg_fm_lbeta_power_precond;eeg_fm_specent_precond;eeg_tleft_lbeta_power_precond;eeg_faa_precond;eeg_tleft_lalpha_power_precond;eeg_fl_theta_power_precond;eeg_tleft_alpha_power_precond"
2025-12-19 16:07:27.869806,19,"stress_label",7,32,0.0078125,0.424418604651163,0.436046511627907,0.355813953488372,7,"top7","eeg_fm_lbeta_power_precond;eeg_fm_specent_precond;eeg_tleft_lbeta_power_precond;eeg_faa_precond;eeg_tleft_lalpha_power_precond;eeg_fl_theta_power_precond;eeg_tleft_alpha_power_precond"
2025-12-19 16:07:27.888159,19,"stress_label",7,64,0.0078125,0.354651162790698,0.447674418604651,0.287596899224806,7,"top7","eeg_fm_lbeta_power_precond;eeg_fm_specent_precond;eeg_tleft_lbeta_power_precond;eeg_faa_precond;eeg_tleft_lalpha_power_precond;eeg_fl_theta_power_precond;eeg_tleft_alpha_power_precond"
2025-12-19 16:07:27.933425,19,"stress_label",7,128,0.0078125,0.401162790697674,0.406976744186047,0.343410852713178,7,"top7","eeg_fm_lbeta_power_precond;eeg_fm_specent_precond;eeg_tleft_lbeta_power_precond;eeg_faa_precond;eeg_tleft_lalpha_power_precond;eeg_fl_theta_power_precond;eeg_tleft_alpha_power_precond"
2025-12-19 16:07:28.077222,19,"stress_label",7,256,0.0078125,0.476744186046512,0.401162790697674,NA,7,"top7","eeg_fm_lbeta_power_precond;eeg_fm_specent_precond;eeg_tleft_lbeta_power_precond;eeg_faa_precond;eeg_tleft_lalpha_power_precond;eeg_fl_theta_power_precond;eeg_tleft_alpha_power_precond"
2025-12-19 16:07:27.887479,19,"stress_label",7,2,0.015625,0.47093023255814,0.337209302325581,0.423255813953488,7,"top7","eeg_fm_lbeta_power_precond;eeg_fm_specent_precond;eeg_tleft_lbeta_power_precond;eeg_faa_precond;eeg_tleft_lalpha_power_precond;eeg_fl_theta_power_precond;eeg_tleft_alpha_power_precond"
2025-12-19 16:07:27.89411,19,"stress_label",7,4,0.015625,0.459302325581395,0.511627906976744,0.406201550387597,7,"top7","eeg_fm_lbeta_power_precond;eeg_fm_specent_precond;eeg_tleft_lbeta_power_precond;eeg_faa_precond;eeg_tleft_lalpha_power_precond;eeg_fl_theta_power_precond;eeg_tleft_alpha_power_precond"
2025-12-19 16:07:27.863714,19,"stress_label",7,8,0.015625,0.447674418604651,0.418604651162791,0.376744186046512,7,"top7","eeg_fm_lbeta_power_precond;eeg_fm_specent_precond;eeg_tleft_lbeta_power_precond;eeg_faa_precond;eeg_tleft_lalpha_power_precond;eeg_fl_theta_power_precond;eeg_tleft_alpha_power_precond"
2025-12-19 16:07:27.9211,19,"stress_label",7,16,0.015625,0.372093023255814,0.494186046511628,NA,7,"top7","eeg_fm_lbeta_power_precond;eeg_fm_specent_precond;eeg_tleft_lbeta_power_precond;eeg_faa_precond;eeg_tleft_lalpha_power_precond;eeg_fl_theta_power_precond;eeg_tleft_alpha_power_precond"
2025-12-19 16:07:27.912191,19,"stress_label",7,32,0.015625,0.383720930232558,0.482558139534884,0.314728682170543,7,"top7","eeg_fm_lbeta_power_precond;eeg_fm_specent_precond;eeg_tleft_lbeta_power_precond;eeg_faa_precond;eeg_tleft_lalpha_power_precond;eeg_fl_theta_power_precond;eeg_tleft_alpha_power_precond"
2025-12-19 16:07:27.980502,19,"stress_label",7,64,0.015625,0.476744186046512,0.441860465116279,NA,7,"top7","eeg_fm_lbeta_power_precond;eeg_fm_specent_precond;eeg_tleft_lbeta_power_precond;eeg_faa_precond;eeg_tleft_lalpha_power_precond;eeg_fl_theta_power_precond;eeg_tleft_alpha_power_precond"
2025-12-19 16:07:29.08932,19,"stress_label",7,128,0.015625,0.47093023255814,0.366279069767442,NA,7,"top7","eeg_fm_lbeta_power_precond;eeg_fm_specent_precond;eeg_tleft_lbeta_power_precond;eeg_faa_precond;eeg_tleft_lalpha_power_precond;eeg_fl_theta_power_precond;eeg_tleft_alpha_power_precond"
2025-12-19 16:07:29.303024,19,"stress_label",7,256,0.015625,0.494186046511628,0.395348837209302,NA,7,"top7","eeg_fm_lbeta_power_precond;eeg_fm_specent_precond;eeg_tleft_lbeta_power_precond;eeg_faa_precond;eeg_tleft_lalpha_power_precond;eeg_fl_theta_power_precond;eeg_tleft_alpha_power_precond"
2025-12-19 16:07:28.945828,19,"stress_label",7,2,0.03125,0.47093023255814,0.5,NA,7,"top7","eeg_fm_lbeta_power_precond;eeg_fm_specent_precond;eeg_tleft_lbeta_power_precond;eeg_faa_precond;eeg_tleft_lalpha_power_precond;eeg_fl_theta_power_precond;eeg_tleft_alpha_power_precond"
2025-12-19 16:07:28.995375,19,"stress_label",7,4,0.03125,0.412790697674419,0.447674418604651,NA,7,"top7","eeg_fm_lbeta_power_precond;eeg_fm_specent_precond;eeg_tleft_lbeta_power_precond;eeg_faa_precond;eeg_tleft_lalpha_power_precond;eeg_fl_theta_power_precond;eeg_tleft_alpha_power_precond"
2025-12-19 16:07:28.976287,19,"stress_label",7,8,0.03125,0.38953488372093,0.482558139534884,NA,7,"top7","eeg_fm_lbeta_power_precond;eeg_fm_specent_precond;eeg_tleft_lbeta_power_precond;eeg_faa_precond;eeg_tleft_lalpha_power_precond;eeg_fl_theta_power_precond;eeg_tleft_alpha_power_precond"
2025-12-19 16:07:28.950373,19,"stress_label",7,16,0.03125,0.447674418604651,0.401162790697674,0.389147286821705,7,"top7","eeg_fm_lbeta_power_precond;eeg_fm_specent_precond;eeg_tleft_lbeta_power_precond;eeg_faa_precond;eeg_tleft_lalpha_power_precond;eeg_fl_theta_power_precond;eeg_tleft_alpha_power_precond"
2025-12-19 16:07:29.054048,19,"stress_label",7,32,0.03125,0.488372093023256,0.482558139534884,NA,7,"top7","eeg_fm_lbeta_power_precond;eeg_fm_specent_precond;eeg_tleft_lbeta_power_precond;eeg_faa_precond;eeg_tleft_lalpha_power_precond;eeg_fl_theta_power_precond;eeg_tleft_alpha_power_precond"
2025-12-19 16:07:29.170631,19,"stress_label",7,64,0.03125,0.494186046511628,0.412790697674419,NA,7,"top7","eeg_fm_lbeta_power_precond;eeg_fm_specent_precond;eeg_tleft_lbeta_power_precond;eeg_faa_precond;eeg_tleft_lalpha_power_precond;eeg_fl_theta_power_precond;eeg_tleft_alpha_power_precond"
2025-12-19 16:07:29.304021,19,"stress_label",7,128,0.03125,0.494186046511628,0.348837209302326,NA,7,"top7","eeg_fm_lbeta_power_precond;eeg_fm_specent_precond;eeg_tleft_lbeta_power_precond;eeg_faa_precond;eeg_tleft_lalpha_power_precond;eeg_fl_theta_power_precond;eeg_tleft_alpha_power_precond"
2025-12-19 16:07:29.703392,19,"stress_label",7,256,0.03125,0.523255813953488,0.308139534883721,NA,7,"top7","eeg_fm_lbeta_power_precond;eeg_fm_specent_precond;eeg_tleft_lbeta_power_precond;eeg_faa_precond;eeg_tleft_lalpha_power_precond;eeg_fl_theta_power_precond;eeg_tleft_alpha_power_precond"
2025-12-19 16:07:29.013903,19,"stress_label",7,2,0.0625,0.441860465116279,0.482558139534884,NA,7,"top7","eeg_fm_lbeta_power_precond;eeg_fm_specent_precond;eeg_tleft_lbeta_power_precond;eeg_faa_precond;eeg_tleft_lalpha_power_precond;eeg_fl_theta_power_precond;eeg_tleft_alpha_power_precond"
2025-12-19 16:07:29.009569,19,"stress_label",7,4,0.0625,0.465116279069767,0.488372093023256,NA,7,"top7","eeg_fm_lbeta_power_precond;eeg_fm_specent_precond;eeg_tleft_lbeta_power_precond;eeg_faa_precond;eeg_tleft_lalpha_power_precond;eeg_fl_theta_power_precond;eeg_tleft_alpha_power_precond"
2025-12-19 16:07:29.096642,19,"stress_label",7,8,0.0625,0.488372093023256,0.412790697674419,NA,7,"top7","eeg_fm_lbeta_power_precond;eeg_fm_specent_precond;eeg_tleft_lbeta_power_precond;eeg_faa_precond;eeg_tleft_lalpha_power_precond;eeg_fl_theta_power_precond;eeg_tleft_alpha_power_precond"
2025-12-19 16:07:29.241094,19,"stress_label",7,16,0.0625,0.494186046511628,0.366279069767442,NA,7,"top7","eeg_fm_lbeta_power_precond;eeg_fm_specent_precond;eeg_tleft_lbeta_power_precond;eeg_faa_precond;eeg_tleft_lalpha_power_precond;eeg_fl_theta_power_precond;eeg_tleft_alpha_power_precond"
2025-12-19 16:07:30.171346,19,"stress_label",7,32,0.0625,0.459302325581395,0.406976744186047,NA,7,"top7","eeg_fm_lbeta_power_precond;eeg_fm_specent_precond;eeg_tleft_lbeta_power_precond;eeg_faa_precond;eeg_tleft_lalpha_power_precond;eeg_fl_theta_power_precond;eeg_tleft_alpha_power_precond"
2025-12-19 16:07:30.37279,19,"stress_label",7,64,0.0625,0.476744186046512,0.505813953488372,NA,7,"top7","eeg_fm_lbeta_power_precond;eeg_fm_specent_precond;eeg_tleft_lbeta_power_precond;eeg_faa_precond;eeg_tleft_lalpha_power_precond;eeg_fl_theta_power_precond;eeg_tleft_alpha_power_precond"
2025-12-19 16:07:30.687245,19,"stress_label",7,128,0.0625,0.552325581395349,0.418604651162791,NA,7,"top7","eeg_fm_lbeta_power_precond;eeg_fm_specent_precond;eeg_tleft_lbeta_power_precond;eeg_faa_precond;eeg_tleft_lalpha_power_precond;eeg_fl_theta_power_precond;eeg_tleft_alpha_power_precond"
2025-12-19 16:07:31.2039,19,"stress_label",7,256,0.0625,0.517441860465116,0.401162790697674,NA,7,"top7","eeg_fm_lbeta_power_precond;eeg_fm_specent_precond;eeg_tleft_lbeta_power_precond;eeg_faa_precond;eeg_tleft_lalpha_power_precond;eeg_fl_theta_power_precond;eeg_tleft_alpha_power_precond"
2025-12-19 16:07:30.181567,19,"stress_label",7,2,0.125,0.453488372093023,0.47093023255814,NA,7,"top7","eeg_fm_lbeta_power_precond;eeg_fm_specent_precond;eeg_tleft_lbeta_power_precond;eeg_faa_precond;eeg_tleft_lalpha_power_precond;eeg_fl_theta_power_precond;eeg_tleft_alpha_power_precond"
2025-12-19 16:07:30.163059,19,"stress_label",7,4,0.125,0.5,0.418604651162791,NA,7,"top7","eeg_fm_lbeta_power_precond;eeg_fm_specent_precond;eeg_tleft_lbeta_power_precond;eeg_faa_precond;eeg_tleft_lalpha_power_precond;eeg_fl_theta_power_precond;eeg_tleft_alpha_power_precond"
2025-12-19 16:07:30.248006,19,"stress_label",7,8,0.125,0.447674418604651,0.36046511627907,NA,7,"top7","eeg_fm_lbeta_power_precond;eeg_fm_specent_precond;eeg_tleft_lbeta_power_precond;eeg_faa_precond;eeg_tleft_lalpha_power_precond;eeg_fl_theta_power_precond;eeg_tleft_alpha_power_precond"
2025-12-19 16:07:30.362896,19,"stress_label",7,16,0.125,0.505813953488372,0.430232558139535,NA,7,"top7","eeg_fm_lbeta_power_precond;eeg_fm_specent_precond;eeg_tleft_lbeta_power_precond;eeg_faa_precond;eeg_tleft_lalpha_power_precond;eeg_fl_theta_power_precond;eeg_tleft_alpha_power_precond"
2025-12-19 16:07:30.543403,19,"stress_label",7,32,0.125,0.534883720930233,0.406976744186047,NA,7,"top7","eeg_fm_lbeta_power_precond;eeg_fm_specent_precond;eeg_tleft_lbeta_power_precond;eeg_faa_precond;eeg_tleft_lalpha_power_precond;eeg_fl_theta_power_precond;eeg_tleft_alpha_power_precond"
2025-12-19 16:07:30.740448,19,"stress_label",7,64,0.125,0.465116279069767,0.325581395348837,NA,7,"top7","eeg_fm_lbeta_power_precond;eeg_fm_specent_precond;eeg_tleft_lbeta_power_precond;eeg_faa_precond;eeg_tleft_lalpha_power_precond;eeg_fl_theta_power_precond;eeg_tleft_alpha_power_precond"
2025-12-19 16:07:30.997931,19,"stress_label",7,128,0.125,0.47093023255814,0.38953488372093,NA,7,"top7","eeg_fm_lbeta_power_precond;eeg_fm_specent_precond;eeg_tleft_lbeta_power_precond;eeg_faa_precond;eeg_tleft_lalpha_power_precond;eeg_fl_theta_power_precond;eeg_tleft_alpha_power_precond"
2025-12-19 16:07:31.23836,19,"stress_label",7,256,0.125,0.476744186046512,0.5,NA,7,"top7","eeg_fm_lbeta_power_precond;eeg_fm_specent_precond;eeg_tleft_lbeta_power_precond;eeg_faa_precond;eeg_tleft_lalpha_power_precond;eeg_fl_theta_power_precond;eeg_tleft_alpha_power_precond"
2025-12-19 16:07:30.424162,19,"stress_label",7,2,0.03,0.47093023255814,0.494186046511628,NA,7,"top7","eeg_fm_lbeta_power_precond;eeg_fm_specent_precond;eeg_tleft_lbeta_power_precond;eeg_faa_precond;eeg_tleft_lalpha_power_precond;eeg_fl_theta_power_precond;eeg_tleft_alpha_power_precond"
2025-12-19 16:07:30.775014,19,"stress_label",7,4,0.03,0.424418604651163,0.395348837209302,0.370542635658915,7,"top7","eeg_fm_lbeta_power_precond;eeg_fm_specent_precond;eeg_tleft_lbeta_power_precond;eeg_faa_precond;eeg_tleft_lalpha_power_precond;eeg_fl_theta_power_precond;eeg_tleft_alpha_power_precond"
2025-12-19 16:07:31.249734,19,"stress_label",7,8,0.03,0.38953488372093,0.47093023255814,NA,7,"top7","eeg_fm_lbeta_power_precond;eeg_fm_specent_precond;eeg_tleft_lbeta_power_precond;eeg_faa_precond;eeg_tleft_lalpha_power_precond;eeg_fl_theta_power_precond;eeg_tleft_alpha_power_precond"
2025-12-19 16:07:31.246387,19,"stress_label",7,16,0.03,0.441860465116279,0.401162790697674,0.382945736434109,7,"top7","eeg_fm_lbeta_power_precond;eeg_fm_specent_precond;eeg_tleft_lbeta_power_precond;eeg_faa_precond;eeg_tleft_lalpha_power_precond;eeg_fl_theta_power_precond;eeg_tleft_alpha_power_precond"
2025-12-19 16:07:31.311016,19,"stress_label",7,32,0.03,0.47093023255814,0.476744186046512,NA,7,"top7","eeg_fm_lbeta_power_precond;eeg_fm_specent_precond;eeg_tleft_lbeta_power_precond;eeg_faa_precond;eeg_tleft_lalpha_power_precond;eeg_fl_theta_power_precond;eeg_tleft_alpha_power_precond"
2025-12-19 16:07:31.508685,19,"stress_label",7,64,0.03,0.488372093023256,0.523255813953488,NA,7,"top7","eeg_fm_lbeta_power_precond;eeg_fm_specent_precond;eeg_tleft_lbeta_power_precond;eeg_faa_precond;eeg_tleft_lalpha_power_precond;eeg_fl_theta_power_precond;eeg_tleft_alpha_power_precond"
2025-12-19 16:07:31.752301,19,"stress_label",7,128,0.03,0.5,0.505813953488372,NA,7,"top7","eeg_fm_lbeta_power_precond;eeg_fm_specent_precond;eeg_tleft_lbeta_power_precond;eeg_faa_precond;eeg_tleft_lalpha_power_precond;eeg_fl_theta_power_precond;eeg_tleft_alpha_power_precond"
2025-12-19 16:07:32.07232,19,"stress_label",7,256,0.03,0.529069767441861,0.453488372093023,NA,7,"top7","eeg_fm_lbeta_power_precond;eeg_fm_specent_precond;eeg_tleft_lbeta_power_precond;eeg_faa_precond;eeg_tleft_lalpha_power_precond;eeg_fl_theta_power_precond;eeg_tleft_alpha_power_precond"
2025-12-19 16:07:31.492591,19,"stress_label",7,2,0.06,0.424418604651163,0.447674418604651,NA,7,"top7","eeg_fm_lbeta_power_precond;eeg_fm_specent_precond;eeg_tleft_lbeta_power_precond;eeg_faa_precond;eeg_tleft_lalpha_power_precond;eeg_fl_theta_power_precond;eeg_tleft_alpha_power_precond"
2025-12-19 16:07:31.625876,19,"stress_label",7,4,0.06,0.453488372093023,0.447674418604651,NA,7,"top7","eeg_fm_lbeta_power_precond;eeg_fm_specent_precond;eeg_tleft_lbeta_power_precond;eeg_faa_precond;eeg_tleft_lalpha_power_precond;eeg_fl_theta_power_precond;eeg_tleft_alpha_power_precond"
2025-12-19 16:07:31.834602,19,"stress_label",7,8,0.06,0.47093023255814,0.436046511627907,NA,7,"top7","eeg_fm_lbeta_power_precond;eeg_fm_specent_precond;eeg_tleft_lbeta_power_precond;eeg_faa_precond;eeg_tleft_lalpha_power_precond;eeg_fl_theta_power_precond;eeg_tleft_alpha_power_precond"
2025-12-19 16:07:31.899072,19,"stress_label",7,16,0.06,0.5,0.453488372093023,NA,7,"top7","eeg_fm_lbeta_power_precond;eeg_fm_specent_precond;eeg_tleft_lbeta_power_precond;eeg_faa_precond;eeg_tleft_lalpha_power_precond;eeg_fl_theta_power_precond;eeg_tleft_alpha_power_precond"
2025-12-19 16:07:31.992607,19,"stress_label",7,32,0.06,0.476744186046512,0.383720930232558,NA,7,"top7","eeg_fm_lbeta_power_precond;eeg_fm_specent_precond;eeg_tleft_lbeta_power_precond;eeg_faa_precond;eeg_tleft_lalpha_power_precond;eeg_fl_theta_power_precond;eeg_tleft_alpha_power_precond"
2025-12-19 16:07:32.363741,19,"stress_label",7,64,0.06,0.453488372093023,0.406976744186047,NA,7,"top7","eeg_fm_lbeta_power_precond;eeg_fm_specent_precond;eeg_tleft_lbeta_power_precond;eeg_faa_precond;eeg_tleft_lalpha_power_precond;eeg_fl_theta_power_precond;eeg_tleft_alpha_power_precond"
2025-12-19 16:07:32.650752,19,"stress_label",7,128,0.06,0.552325581395349,0.424418604651163,NA,7,"top7","eeg_fm_lbeta_power_precond;eeg_fm_specent_precond;eeg_tleft_lbeta_power_precond;eeg_faa_precond;eeg_tleft_lalpha_power_precond;eeg_fl_theta_power_precond;eeg_tleft_alpha_power_precond"
2025-12-19 16:07:32.979162,19,"stress_label",7,256,0.06,0.517441860465116,0.401162790697674,NA,7,"top7","eeg_fm_lbeta_power_precond;eeg_fm_specent_precond;eeg_tleft_lbeta_power_precond;eeg_faa_precond;eeg_tleft_lalpha_power_precond;eeg_fl_theta_power_precond;eeg_tleft_alpha_power_precond"
2025-12-19 16:07:32.296839,19,"stress_label",7,2,0.1,0.476744186046512,0.412790697674419,NA,7,"top7","eeg_fm_lbeta_power_precond;eeg_fm_specent_precond;eeg_tleft_lbeta_power_precond;eeg_faa_precond;eeg_tleft_lalpha_power_precond;eeg_fl_theta_power_precond;eeg_tleft_alpha_power_precond"
2025-12-19 16:07:32.308514,19,"stress_label",7,4,0.1,0.476744186046512,0.447674418604651,NA,7,"top7","eeg_fm_lbeta_power_precond;eeg_fm_specent_precond;eeg_tleft_lbeta_power_precond;eeg_faa_precond;eeg_tleft_lalpha_power_precond;eeg_fl_theta_power_precond;eeg_tleft_alpha_power_precond"
2025-12-19 16:07:32.352586,19,"stress_label",7,8,0.1,0.476744186046512,0.354651162790698,NA,7,"top7","eeg_fm_lbeta_power_precond;eeg_fm_specent_precond;eeg_tleft_lbeta_power_precond;eeg_faa_precond;eeg_tleft_lalpha_power_precond;eeg_fl_theta_power_precond;eeg_tleft_alpha_power_precond"
2025-12-19 16:07:32.534951,19,"stress_label",7,16,0.1,0.418604651162791,0.494186046511628,NA,7,"top7","eeg_fm_lbeta_power_precond;eeg_fm_specent_precond;eeg_tleft_lbeta_power_precond;eeg_faa_precond;eeg_tleft_lalpha_power_precond;eeg_fl_theta_power_precond;eeg_tleft_alpha_power_precond"
2025-12-19 16:07:32.658915,19,"stress_label",7,32,0.1,0.529069767441861,0.436046511627907,NA,7,"top7","eeg_fm_lbeta_power_precond;eeg_fm_specent_precond;eeg_tleft_lbeta_power_precond;eeg_faa_precond;eeg_tleft_lalpha_power_precond;eeg_fl_theta_power_precond;eeg_tleft_alpha_power_precond"
2025-12-19 16:07:32.853416,19,"stress_label",7,64,0.1,0.540697674418605,0.401162790697674,NA,7,"top7","eeg_fm_lbeta_power_precond;eeg_fm_specent_precond;eeg_tleft_lbeta_power_precond;eeg_faa_precond;eeg_tleft_lalpha_power_precond;eeg_fl_theta_power_precond;eeg_tleft_alpha_power_precond"
2025-12-19 16:07:33.081466,19,"stress_label",7,128,0.1,0.453488372093023,0.418604651162791,NA,7,"top7","eeg_fm_lbeta_power_precond;eeg_fm_specent_precond;eeg_tleft_lbeta_power_precond;eeg_faa_precond;eeg_tleft_lalpha_power_precond;eeg_fl_theta_power_precond;eeg_tleft_alpha_power_precond"
2025-12-19 16:07:33.301601,19,"stress_label",7,256,0.1,0.476744186046512,0.5,NA,7,"top7","eeg_fm_lbeta_power_precond;eeg_fm_specent_precond;eeg_tleft_lbeta_power_precond;eeg_faa_precond;eeg_tleft_lalpha_power_precond;eeg_fl_theta_power_precond;eeg_tleft_alpha_power_precond"
2025-12-19 16:07:34.634719,20,"stress_label",7,2,0.0078125,0.476744186046512,0.529069767441861,0.463565891472868,7,"top7","eeg_fm_specent_precond;eeg_fm_lbeta_power_precond;eeg_faa_precond;eeg_tleft_lbeta_power_precond;eeg_fl_theta_power_precond;eeg_tleft_lalpha_power_precond;eeg_tb_ratio_precond"
2025-12-19 16:07:34.581402,20,"stress_label",7,4,0.0078125,0.47093023255814,0.465116279069767,0.462790697674419,7,"top7","eeg_fm_specent_precond;eeg_fm_lbeta_power_precond;eeg_faa_precond;eeg_tleft_lbeta_power_precond;eeg_fl_theta_power_precond;eeg_tleft_lalpha_power_precond;eeg_tb_ratio_precond"
2025-12-19 16:07:34.579079,20,"stress_label",7,8,0.0078125,0.476744186046512,0.418604651162791,0.447286821705426,7,"top7","eeg_fm_specent_precond;eeg_fm_lbeta_power_precond;eeg_faa_precond;eeg_tleft_lbeta_power_precond;eeg_fl_theta_power_precond;eeg_tleft_lalpha_power_precond;eeg_tb_ratio_precond"
2025-12-19 16:07:34.587049,20,"stress_label",7,16,0.0078125,0.488372093023256,0.447674418604651,0.474418604651163,7,"top7","eeg_fm_specent_precond;eeg_fm_lbeta_power_precond;eeg_faa_precond;eeg_tleft_lbeta_power_precond;eeg_fl_theta_power_precond;eeg_tleft_lalpha_power_precond;eeg_tb_ratio_precond"
2025-12-19 16:07:34.597583,20,"stress_label",7,32,0.0078125,0.482558139534884,0.482558139534884,0.455038759689922,7,"top7","eeg_fm_specent_precond;eeg_fm_lbeta_power_precond;eeg_faa_precond;eeg_tleft_lbeta_power_precond;eeg_fl_theta_power_precond;eeg_tleft_lalpha_power_precond;eeg_tb_ratio_precond"
2025-12-19 16:07:34.603025,20,"stress_label",7,64,0.0078125,0.459302325581395,0.418604651162791,0.410077519379845,7,"top7","eeg_fm_specent_precond;eeg_fm_lbeta_power_precond;eeg_faa_precond;eeg_tleft_lbeta_power_precond;eeg_fl_theta_power_precond;eeg_tleft_lalpha_power_precond;eeg_tb_ratio_precond"
2025-12-19 16:07:34.632114,20,"stress_label",7,128,0.0078125,0.436046511627907,0.488372093023256,0.363565891472868,7,"top7","eeg_fm_specent_precond;eeg_fm_lbeta_power_precond;eeg_faa_precond;eeg_tleft_lbeta_power_precond;eeg_fl_theta_power_precond;eeg_tleft_lalpha_power_precond;eeg_tb_ratio_precond"
2025-12-19 16:07:34.821528,20,"stress_label",7,256,0.0078125,0.505813953488372,0.331395348837209,NA,7,"top7","eeg_fm_specent_precond;eeg_fm_lbeta_power_precond;eeg_faa_precond;eeg_tleft_lbeta_power_precond;eeg_fl_theta_power_precond;eeg_tleft_lalpha_power_precond;eeg_tb_ratio_precond"
2025-12-19 16:07:34.582283,20,"stress_label",7,2,0.015625,0.453488372093023,0.563953488372093,0.443410852713178,7,"top7","eeg_fm_specent_precond;eeg_fm_lbeta_power_precond;eeg_faa_precond;eeg_tleft_lbeta_power_precond;eeg_fl_theta_power_precond;eeg_tleft_lalpha_power_precond;eeg_tb_ratio_precond"
2025-12-19 16:07:34.568509,20,"stress_label",7,4,0.015625,0.476744186046512,0.482558139534884,0.446511627906977,7,"top7","eeg_fm_specent_precond;eeg_fm_lbeta_power_precond;eeg_faa_precond;eeg_tleft_lbeta_power_precond;eeg_fl_theta_power_precond;eeg_tleft_lalpha_power_precond;eeg_tb_ratio_precond"
2025-12-19 16:07:34.587987,20,"stress_label",7,8,0.015625,0.482558139534884,0.38953488372093,0.46046511627907,7,"top7","eeg_fm_specent_precond;eeg_fm_lbeta_power_precond;eeg_faa_precond;eeg_tleft_lbeta_power_precond;eeg_fl_theta_power_precond;eeg_tleft_lalpha_power_precond;eeg_tb_ratio_precond"
2025-12-19 16:07:34.634169,20,"stress_label",7,16,0.015625,0.459302325581395,0.38953488372093,0.398449612403101,7,"top7","eeg_fm_specent_precond;eeg_fm_lbeta_power_precond;eeg_faa_precond;eeg_tleft_lbeta_power_precond;eeg_fl_theta_power_precond;eeg_tleft_lalpha_power_precond;eeg_tb_ratio_precond"
2025-12-19 16:07:34.640793,20,"stress_label",7,32,0.015625,0.436046511627907,0.441860465116279,0.351937984496124,7,"top7","eeg_fm_specent_precond;eeg_fm_lbeta_power_precond;eeg_faa_precond;eeg_tleft_lbeta_power_precond;eeg_fl_theta_power_precond;eeg_tleft_lalpha_power_precond;eeg_tb_ratio_precond"
2025-12-19 16:07:34.697643,20,"stress_label",7,64,0.015625,0.505813953488372,0.47093023255814,NA,7,"top7","eeg_fm_specent_precond;eeg_fm_lbeta_power_precond;eeg_faa_precond;eeg_tleft_lbeta_power_precond;eeg_fl_theta_power_precond;eeg_tleft_lalpha_power_precond;eeg_tb_ratio_precond"
2025-12-19 16:07:35.91599,20,"stress_label",7,128,0.015625,0.494186046511628,0.38953488372093,NA,7,"top7","eeg_fm_specent_precond;eeg_fm_lbeta_power_precond;eeg_faa_precond;eeg_tleft_lbeta_power_precond;eeg_fl_theta_power_precond;eeg_tleft_lalpha_power_precond;eeg_tb_ratio_precond"
2025-12-19 16:07:36.006082,20,"stress_label",7,256,0.015625,0.441860465116279,0.377906976744186,NA,7,"top7","eeg_fm_specent_precond;eeg_fm_lbeta_power_precond;eeg_faa_precond;eeg_tleft_lbeta_power_precond;eeg_fl_theta_power_precond;eeg_tleft_lalpha_power_precond;eeg_tb_ratio_precond"
2025-12-19 16:07:35.681024,20,"stress_label",7,2,0.03125,0.447674418604651,0.453488372093023,0.406201550387597,7,"top7","eeg_fm_specent_precond;eeg_fm_lbeta_power_precond;eeg_faa_precond;eeg_tleft_lbeta_power_precond;eeg_fl_theta_power_precond;eeg_tleft_lalpha_power_precond;eeg_tb_ratio_precond"
2025-12-19 16:07:35.7093,20,"stress_label",7,4,0.03125,0.482558139534884,0.459302325581395,0.44031007751938,7,"top7","eeg_fm_specent_precond;eeg_fm_lbeta_power_precond;eeg_faa_precond;eeg_tleft_lbeta_power_precond;eeg_fl_theta_power_precond;eeg_tleft_lalpha_power_precond;eeg_tb_ratio_precond"
2025-12-19 16:07:35.686636,20,"stress_label",7,8,0.03125,0.47093023255814,0.38953488372093,0.413178294573643,7,"top7","eeg_fm_specent_precond;eeg_fm_lbeta_power_precond;eeg_faa_precond;eeg_tleft_lbeta_power_precond;eeg_fl_theta_power_precond;eeg_tleft_lalpha_power_precond;eeg_tb_ratio_precond"
2025-12-19 16:07:35.734187,20,"stress_label",7,16,0.03125,0.494186046511628,0.430232558139535,NA,7,"top7","eeg_fm_specent_precond;eeg_fm_lbeta_power_precond;eeg_faa_precond;eeg_tleft_lbeta_power_precond;eeg_fl_theta_power_precond;eeg_tleft_lalpha_power_precond;eeg_tb_ratio_precond"
2025-12-19 16:07:35.803485,20,"stress_label",7,32,0.03125,0.494186046511628,0.395348837209302,NA,7,"top7","eeg_fm_specent_precond;eeg_fm_lbeta_power_precond;eeg_faa_precond;eeg_tleft_lbeta_power_precond;eeg_fl_theta_power_precond;eeg_tleft_lalpha_power_precond;eeg_tb_ratio_precond"
2025-12-19 16:07:35.850507,20,"stress_label",7,64,0.03125,0.447674418604651,0.459302325581395,NA,7,"top7","eeg_fm_specent_precond;eeg_fm_lbeta_power_precond;eeg_faa_precond;eeg_tleft_lbeta_power_precond;eeg_fl_theta_power_precond;eeg_tleft_lalpha_power_precond;eeg_tb_ratio_precond"
2025-12-19 16:07:36.045533,20,"stress_label",7,128,0.03125,0.465116279069767,0.459302325581395,NA,7,"top7","eeg_fm_specent_precond;eeg_fm_lbeta_power_precond;eeg_faa_precond;eeg_tleft_lbeta_power_precond;eeg_fl_theta_power_precond;eeg_tleft_lalpha_power_precond;eeg_tb_ratio_precond"
2025-12-19 16:07:36.320438,20,"stress_label",7,256,0.03125,0.430232558139535,0.424418604651163,NA,7,"top7","eeg_fm_specent_precond;eeg_fm_lbeta_power_precond;eeg_faa_precond;eeg_tleft_lbeta_power_precond;eeg_fl_theta_power_precond;eeg_tleft_lalpha_power_precond;eeg_tb_ratio_precond"
2025-12-19 16:07:35.734879,20,"stress_label",7,2,0.0625,0.488372093023256,0.453488372093023,0.451162790697674,7,"top7","eeg_fm_specent_precond;eeg_fm_lbeta_power_precond;eeg_faa_precond;eeg_tleft_lbeta_power_precond;eeg_fl_theta_power_precond;eeg_tleft_lalpha_power_precond;eeg_tb_ratio_precond"
2025-12-19 16:07:35.780706,20,"stress_label",7,4,0.0625,0.511627906976744,0.331395348837209,NA,7,"top7","eeg_fm_specent_precond;eeg_fm_lbeta_power_precond;eeg_faa_precond;eeg_tleft_lbeta_power_precond;eeg_fl_theta_power_precond;eeg_tleft_lalpha_power_precond;eeg_tb_ratio_precond"
2025-12-19 16:07:35.837173,20,"stress_label",7,8,0.0625,0.529069767441861,0.401162790697674,NA,7,"top7","eeg_fm_specent_precond;eeg_fm_lbeta_power_precond;eeg_faa_precond;eeg_tleft_lbeta_power_precond;eeg_fl_theta_power_precond;eeg_tleft_lalpha_power_precond;eeg_tb_ratio_precond"
2025-12-19 16:07:35.9883,20,"stress_label",7,16,0.0625,0.5,0.424418604651163,NA,7,"top7","eeg_fm_specent_precond;eeg_fm_lbeta_power_precond;eeg_faa_precond;eeg_tleft_lbeta_power_precond;eeg_fl_theta_power_precond;eeg_tleft_lalpha_power_precond;eeg_tb_ratio_precond"
2025-12-19 16:07:36.891509,20,"stress_label",7,32,0.0625,0.441860465116279,0.441860465116279,NA,7,"top7","eeg_fm_specent_precond;eeg_fm_lbeta_power_precond;eeg_faa_precond;eeg_tleft_lbeta_power_precond;eeg_fl_theta_power_precond;eeg_tleft_lalpha_power_precond;eeg_tb_ratio_precond"
2025-12-19 16:07:37.02133,20,"stress_label",7,64,0.0625,0.436046511627907,0.488372093023256,NA,7,"top7","eeg_fm_specent_precond;eeg_fm_lbeta_power_precond;eeg_faa_precond;eeg_tleft_lbeta_power_precond;eeg_fl_theta_power_precond;eeg_tleft_lalpha_power_precond;eeg_tb_ratio_precond"
2025-12-19 16:07:37.295412,20,"stress_label",7,128,0.0625,0.488372093023256,0.424418604651163,NA,7,"top7","eeg_fm_specent_precond;eeg_fm_lbeta_power_precond;eeg_faa_precond;eeg_tleft_lbeta_power_precond;eeg_fl_theta_power_precond;eeg_tleft_lalpha_power_precond;eeg_tb_ratio_precond"
2025-12-19 16:07:37.782451,20,"stress_label",7,256,0.0625,0.476744186046512,0.476744186046512,NA,7,"top7","eeg_fm_specent_precond;eeg_fm_lbeta_power_precond;eeg_faa_precond;eeg_tleft_lbeta_power_precond;eeg_fl_theta_power_precond;eeg_tleft_lalpha_power_precond;eeg_tb_ratio_precond"
2025-12-19 16:07:36.776263,20,"stress_label",7,2,0.125,0.511627906976744,0.383720930232558,0.468217054263566,7,"top7","eeg_fm_specent_precond;eeg_fm_lbeta_power_precond;eeg_faa_precond;eeg_tleft_lbeta_power_precond;eeg_fl_theta_power_precond;eeg_tleft_lalpha_power_precond;eeg_tb_ratio_precond"
2025-12-19 16:07:36.860897,20,"stress_label",7,4,0.125,0.511627906976744,0.38953488372093,0.472868217054264,7,"top7","eeg_fm_specent_precond;eeg_fm_lbeta_power_precond;eeg_faa_precond;eeg_tleft_lbeta_power_precond;eeg_fl_theta_power_precond;eeg_tleft_lalpha_power_precond;eeg_tb_ratio_precond"
2025-12-19 16:07:36.930189,20,"stress_label",7,8,0.125,0.476744186046512,0.412790697674419,NA,7,"top7","eeg_fm_specent_precond;eeg_fm_lbeta_power_precond;eeg_faa_precond;eeg_tleft_lbeta_power_precond;eeg_fl_theta_power_precond;eeg_tleft_lalpha_power_precond;eeg_tb_ratio_precond"
2025-12-19 16:07:37.02348,20,"stress_label",7,16,0.125,0.482558139534884,0.465116279069767,NA,7,"top7","eeg_fm_specent_precond;eeg_fm_lbeta_power_precond;eeg_faa_precond;eeg_tleft_lbeta_power_precond;eeg_fl_theta_power_precond;eeg_tleft_lalpha_power_precond;eeg_tb_ratio_precond"
2025-12-19 16:07:37.177578,20,"stress_label",7,32,0.125,0.47093023255814,0.377906976744186,NA,7,"top7","eeg_fm_specent_precond;eeg_fm_lbeta_power_precond;eeg_faa_precond;eeg_tleft_lbeta_power_precond;eeg_fl_theta_power_precond;eeg_tleft_lalpha_power_precond;eeg_tb_ratio_precond"
2025-12-19 16:07:37.422218,20,"stress_label",7,64,0.125,0.482558139534884,0.406976744186047,NA,7,"top7","eeg_fm_specent_precond;eeg_fm_lbeta_power_precond;eeg_faa_precond;eeg_tleft_lbeta_power_precond;eeg_fl_theta_power_precond;eeg_tleft_lalpha_power_precond;eeg_tb_ratio_precond"
2025-12-19 16:07:37.724615,20,"stress_label",7,128,0.125,0.505813953488372,0.534883720930233,NA,7,"top7","eeg_fm_specent_precond;eeg_fm_lbeta_power_precond;eeg_faa_precond;eeg_tleft_lbeta_power_precond;eeg_fl_theta_power_precond;eeg_tleft_lalpha_power_precond;eeg_tb_ratio_precond"
2025-12-19 16:07:37.923799,20,"stress_label",7,256,0.125,0.488372093023256,0.517441860465116,NA,7,"top7","eeg_fm_specent_precond;eeg_fm_lbeta_power_precond;eeg_faa_precond;eeg_tleft_lbeta_power_precond;eeg_fl_theta_power_precond;eeg_tleft_lalpha_power_precond;eeg_tb_ratio_precond"
2025-12-19 16:07:37.101383,20,"stress_label",7,2,0.03,0.447674418604651,0.546511627906977,0.406201550387597,7,"top7","eeg_fm_specent_precond;eeg_fm_lbeta_power_precond;eeg_faa_precond;eeg_tleft_lbeta_power_precond;eeg_fl_theta_power_precond;eeg_tleft_lalpha_power_precond;eeg_tb_ratio_precond"
2025-12-19 16:07:37.396471,20,"stress_label",7,4,0.03,0.482558139534884,0.517441860465116,0.44031007751938,7,"top7","eeg_fm_specent_precond;eeg_fm_lbeta_power_precond;eeg_faa_precond;eeg_tleft_lbeta_power_precond;eeg_fl_theta_power_precond;eeg_tleft_lalpha_power_precond;eeg_tb_ratio_precond"
2025-12-19 16:07:37.848281,20,"stress_label",7,8,0.03,0.465116279069767,0.494186046511628,0.409302325581395,7,"top7","eeg_fm_specent_precond;eeg_fm_lbeta_power_precond;eeg_faa_precond;eeg_tleft_lbeta_power_precond;eeg_fl_theta_power_precond;eeg_tleft_lalpha_power_precond;eeg_tb_ratio_precond"
2025-12-19 16:07:37.978503,20,"stress_label",7,16,0.03,0.488372093023256,0.348837209302326,NA,7,"top7","eeg_fm_specent_precond;eeg_fm_lbeta_power_precond;eeg_faa_precond;eeg_tleft_lbeta_power_precond;eeg_fl_theta_power_precond;eeg_tleft_lalpha_power_precond;eeg_tb_ratio_precond"
2025-12-19 16:07:38.028326,20,"stress_label",7,32,0.03,0.494186046511628,0.343023255813953,NA,7,"top7","eeg_fm_specent_precond;eeg_fm_lbeta_power_precond;eeg_faa_precond;eeg_tleft_lbeta_power_precond;eeg_fl_theta_power_precond;eeg_tleft_lalpha_power_precond;eeg_tb_ratio_precond"
2025-12-19 16:07:38.133154,20,"stress_label",7,64,0.03,0.447674418604651,0.348837209302326,NA,7,"top7","eeg_fm_specent_precond;eeg_fm_lbeta_power_precond;eeg_faa_precond;eeg_tleft_lbeta_power_precond;eeg_fl_theta_power_precond;eeg_tleft_lalpha_power_precond;eeg_tb_ratio_precond"
2025-12-19 16:07:38.394541,20,"stress_label",7,128,0.03,0.459302325581395,0.412790697674419,NA,7,"top7","eeg_fm_specent_precond;eeg_fm_lbeta_power_precond;eeg_faa_precond;eeg_tleft_lbeta_power_precond;eeg_fl_theta_power_precond;eeg_tleft_lalpha_power_precond;eeg_tb_ratio_precond"
2025-12-19 16:07:38.723574,20,"stress_label",7,256,0.03,0.412790697674419,0.459302325581395,NA,7,"top7","eeg_fm_specent_precond;eeg_fm_lbeta_power_precond;eeg_faa_precond;eeg_tleft_lbeta_power_precond;eeg_fl_theta_power_precond;eeg_tleft_lalpha_power_precond;eeg_tb_ratio_precond"
2025-12-19 16:07:38.18538,20,"stress_label",7,2,0.06,0.476744186046512,0.523255813953488,0.437209302325581,7,"top7","eeg_fm_specent_precond;eeg_fm_lbeta_power_precond;eeg_faa_precond;eeg_tleft_lbeta_power_precond;eeg_fl_theta_power_precond;eeg_tleft_lalpha_power_precond;eeg_tb_ratio_precond"
2025-12-19 16:07:38.270711,20,"stress_label",7,4,0.06,0.505813953488372,0.459302325581395,NA,7,"top7","eeg_fm_specent_precond;eeg_fm_lbeta_power_precond;eeg_faa_precond;eeg_tleft_lbeta_power_precond;eeg_fl_theta_power_precond;eeg_tleft_lalpha_power_precond;eeg_tb_ratio_precond"
2025-12-19 16:07:38.385738,20,"stress_label",7,8,0.06,0.523255813953488,0.331395348837209,NA,7,"top7","eeg_fm_specent_precond;eeg_fm_lbeta_power_precond;eeg_faa_precond;eeg_tleft_lbeta_power_precond;eeg_fl_theta_power_precond;eeg_tleft_lalpha_power_precond;eeg_tb_ratio_precond"
2025-12-19 16:07:38.562358,20,"stress_label",7,16,0.06,0.505813953488372,0.436046511627907,NA,7,"top7","eeg_fm_specent_precond;eeg_fm_lbeta_power_precond;eeg_faa_precond;eeg_tleft_lbeta_power_precond;eeg_fl_theta_power_precond;eeg_tleft_lalpha_power_precond;eeg_tb_ratio_precond"
2025-12-19 16:07:38.593939,20,"stress_label",7,32,0.06,0.453488372093023,0.441860465116279,NA,7,"top7","eeg_fm_specent_precond;eeg_fm_lbeta_power_precond;eeg_faa_precond;eeg_tleft_lbeta_power_precond;eeg_fl_theta_power_precond;eeg_tleft_lalpha_power_precond;eeg_tb_ratio_precond"
2025-12-19 16:07:39.042946,20,"stress_label",7,64,0.06,0.430232558139535,0.505813953488372,NA,7,"top7","eeg_fm_specent_precond;eeg_fm_lbeta_power_precond;eeg_faa_precond;eeg_tleft_lbeta_power_precond;eeg_fl_theta_power_precond;eeg_tleft_lalpha_power_precond;eeg_tb_ratio_precond"
2025-12-19 16:07:39.242936,20,"stress_label",7,128,0.06,0.47093023255814,0.430232558139535,NA,7,"top7","eeg_fm_specent_precond;eeg_fm_lbeta_power_precond;eeg_faa_precond;eeg_tleft_lbeta_power_precond;eeg_fl_theta_power_precond;eeg_tleft_lalpha_power_precond;eeg_tb_ratio_precond"
2025-12-19 16:07:39.531853,20,"stress_label",7,256,0.06,0.482558139534884,0.540697674418605,NA,7,"top7","eeg_fm_specent_precond;eeg_fm_lbeta_power_precond;eeg_faa_precond;eeg_tleft_lbeta_power_precond;eeg_fl_theta_power_precond;eeg_tleft_lalpha_power_precond;eeg_tb_ratio_precond"
2025-12-19 16:07:38.954992,20,"stress_label",7,2,0.1,0.482558139534884,0.412790697674419,0.441860465116279,7,"top7","eeg_fm_specent_precond;eeg_fm_lbeta_power_precond;eeg_faa_precond;eeg_tleft_lbeta_power_precond;eeg_fl_theta_power_precond;eeg_tleft_lalpha_power_precond;eeg_tb_ratio_precond"
2025-12-19 16:07:39.034273,20,"stress_label",7,4,0.1,0.517441860465116,0.372093023255814,NA,7,"top7","eeg_fm_specent_precond;eeg_fm_lbeta_power_precond;eeg_faa_precond;eeg_tleft_lbeta_power_precond;eeg_fl_theta_power_precond;eeg_tleft_lalpha_power_precond;eeg_tb_ratio_precond"
2025-12-19 16:07:39.060184,20,"stress_label",7,8,0.1,0.488372093023256,0.412790697674419,NA,7,"top7","eeg_fm_specent_precond;eeg_fm_lbeta_power_precond;eeg_faa_precond;eeg_tleft_lbeta_power_precond;eeg_fl_theta_power_precond;eeg_tleft_lalpha_power_precond;eeg_tb_ratio_precond"
2025-12-19 16:07:39.186257,20,"stress_label",7,16,0.1,0.447674418604651,0.436046511627907,NA,7,"top7","eeg_fm_specent_precond;eeg_fm_lbeta_power_precond;eeg_faa_precond;eeg_tleft_lbeta_power_precond;eeg_fl_theta_power_precond;eeg_tleft_lalpha_power_precond;eeg_tb_ratio_precond"
2025-12-19 16:07:39.26805,20,"stress_label",7,32,0.1,0.482558139534884,0.505813953488372,NA,7,"top7","eeg_fm_specent_precond;eeg_fm_lbeta_power_precond;eeg_faa_precond;eeg_tleft_lbeta_power_precond;eeg_fl_theta_power_precond;eeg_tleft_lalpha_power_precond;eeg_tb_ratio_precond"
2025-12-19 16:07:39.482097,20,"stress_label",7,64,0.1,0.459302325581395,0.505813953488372,NA,7,"top7","eeg_fm_specent_precond;eeg_fm_lbeta_power_precond;eeg_faa_precond;eeg_tleft_lbeta_power_precond;eeg_fl_theta_power_precond;eeg_tleft_lalpha_power_precond;eeg_tb_ratio_precond"
2025-12-19 16:07:39.685116,20,"stress_label",7,128,0.1,0.488372093023256,0.401162790697674,NA,7,"top7","eeg_fm_specent_precond;eeg_fm_lbeta_power_precond;eeg_faa_precond;eeg_tleft_lbeta_power_precond;eeg_fl_theta_power_precond;eeg_tleft_lalpha_power_precond;eeg_tb_ratio_precond"
2025-12-19 16:07:39.892353,20,"stress_label",7,256,0.1,0.505813953488372,0.412790697674419,NA,7,"top7","eeg_fm_specent_precond;eeg_fm_lbeta_power_precond;eeg_faa_precond;eeg_tleft_lbeta_power_precond;eeg_fl_theta_power_precond;eeg_tleft_lalpha_power_precond;eeg_tb_ratio_precond"
2025-12-19 16:07:41.387058,21,"stress_label",7,2,0.0078125,0.401162790697674,0.593023255813954,0.36046511627907,7,"top7","eeg_fm_specent_precond;eeg_fl_theta_power_precond;eeg_faa_precond;eeg_fm_beta_power_precond;eeg_tleft_lbeta_power_precond;eeg_pleft_halpha_power_precond;eeg_fl_specent_precond"
2025-12-19 16:07:41.354648,21,"stress_label",7,4,0.0078125,0.401162790697674,0.558139534883721,0.362015503875969,7,"top7","eeg_fm_specent_precond;eeg_fl_theta_power_precond;eeg_faa_precond;eeg_fm_beta_power_precond;eeg_tleft_lbeta_power_precond;eeg_pleft_halpha_power_precond;eeg_fl_specent_precond"
2025-12-19 16:07:41.369506,21,"stress_label",7,8,0.0078125,0.395348837209302,0.575581395348837,0.348837209302326,7,"top7","eeg_fm_specent_precond;eeg_fl_theta_power_precond;eeg_faa_precond;eeg_fm_beta_power_precond;eeg_tleft_lbeta_power_precond;eeg_pleft_halpha_power_precond;eeg_fl_specent_precond"
2025-12-19 16:07:41.330344,21,"stress_label",7,16,0.0078125,0.401162790697674,0.546511627906977,0.347286821705426,7,"top7","eeg_fm_specent_precond;eeg_fl_theta_power_precond;eeg_faa_precond;eeg_fm_beta_power_precond;eeg_tleft_lbeta_power_precond;eeg_pleft_halpha_power_precond;eeg_fl_specent_precond"
2025-12-19 16:07:41.360322,21,"stress_label",7,32,0.0078125,0.406976744186047,0.552325581395349,NA,7,"top7","eeg_fm_specent_precond;eeg_fl_theta_power_precond;eeg_faa_precond;eeg_fm_beta_power_precond;eeg_tleft_lbeta_power_precond;eeg_pleft_halpha_power_precond;eeg_fl_specent_precond"
2025-12-19 16:07:41.419665,21,"stress_label",7,64,0.0078125,0.436046511627907,0.546511627906977,NA,7,"top7","eeg_fm_specent_precond;eeg_fl_theta_power_precond;eeg_faa_precond;eeg_fm_beta_power_precond;eeg_tleft_lbeta_power_precond;eeg_pleft_halpha_power_precond;eeg_fl_specent_precond"
2025-12-19 16:07:41.483447,21,"stress_label",7,128,0.0078125,0.488372093023256,0.552325581395349,NA,7,"top7","eeg_fm_specent_precond;eeg_fl_theta_power_precond;eeg_faa_precond;eeg_fm_beta_power_precond;eeg_tleft_lbeta_power_precond;eeg_pleft_halpha_power_precond;eeg_fl_specent_precond"
2025-12-19 16:07:41.553286,21,"stress_label",7,256,0.0078125,0.447674418604651,0.540697674418605,NA,7,"top7","eeg_fm_specent_precond;eeg_fl_theta_power_precond;eeg_faa_precond;eeg_fm_beta_power_precond;eeg_tleft_lbeta_power_precond;eeg_pleft_halpha_power_precond;eeg_fl_specent_precond"
2025-12-19 16:07:41.355402,21,"stress_label",7,2,0.015625,0.406976744186047,0.616279069767442,0.366666666666667,7,"top7","eeg_fm_specent_precond;eeg_fl_theta_power_precond;eeg_faa_precond;eeg_fm_beta_power_precond;eeg_tleft_lbeta_power_precond;eeg_pleft_halpha_power_precond;eeg_fl_specent_precond"
2025-12-19 16:07:41.345515,21,"stress_label",7,4,0.015625,0.395348837209302,0.558139534883721,0.347286821705426,7,"top7","eeg_fm_specent_precond;eeg_fl_theta_power_precond;eeg_faa_precond;eeg_fm_beta_power_precond;eeg_tleft_lbeta_power_precond;eeg_pleft_halpha_power_precond;eeg_fl_specent_precond"
2025-12-19 16:07:41.378078,21,"stress_label",7,8,0.015625,0.406976744186047,0.587209302325581,NA,7,"top7","eeg_fm_specent_precond;eeg_fl_theta_power_precond;eeg_faa_precond;eeg_fm_beta_power_precond;eeg_tleft_lbeta_power_precond;eeg_pleft_halpha_power_precond;eeg_fl_specent_precond"
2025-12-19 16:07:41.418413,21,"stress_label",7,16,0.015625,0.424418604651163,0.558139534883721,NA,7,"top7","eeg_fm_specent_precond;eeg_fl_theta_power_precond;eeg_faa_precond;eeg_fm_beta_power_precond;eeg_tleft_lbeta_power_precond;eeg_pleft_halpha_power_precond;eeg_fl_specent_precond"
2025-12-19 16:07:41.387118,21,"stress_label",7,32,0.015625,0.488372093023256,0.581395348837209,NA,7,"top7","eeg_fm_specent_precond;eeg_fl_theta_power_precond;eeg_faa_precond;eeg_fm_beta_power_precond;eeg_tleft_lbeta_power_precond;eeg_pleft_halpha_power_precond;eeg_fl_specent_precond"
2025-12-19 16:07:41.494416,21,"stress_label",7,64,0.015625,0.476744186046512,0.540697674418605,NA,7,"top7","eeg_fm_specent_precond;eeg_fl_theta_power_precond;eeg_faa_precond;eeg_fm_beta_power_precond;eeg_tleft_lbeta_power_precond;eeg_pleft_halpha_power_precond;eeg_fl_specent_precond"
2025-12-19 16:07:42.561366,21,"stress_label",7,128,0.015625,0.465116279069767,0.563953488372093,NA,7,"top7","eeg_fm_specent_precond;eeg_fl_theta_power_precond;eeg_faa_precond;eeg_fm_beta_power_precond;eeg_tleft_lbeta_power_precond;eeg_pleft_halpha_power_precond;eeg_fl_specent_precond"
2025-12-19 16:07:42.768289,21,"stress_label",7,256,0.015625,0.441860465116279,0.534883720930233,NA,7,"top7","eeg_fm_specent_precond;eeg_fl_theta_power_precond;eeg_faa_precond;eeg_fm_beta_power_precond;eeg_tleft_lbeta_power_precond;eeg_pleft_halpha_power_precond;eeg_fl_specent_precond"
2025-12-19 16:07:42.42783,21,"stress_label",7,2,0.03125,0.38953488372093,0.633720930232558,0.335658914728682,7,"top7","eeg_fm_specent_precond;eeg_fl_theta_power_precond;eeg_faa_precond;eeg_fm_beta_power_precond;eeg_tleft_lbeta_power_precond;eeg_pleft_halpha_power_precond;eeg_fl_specent_precond"
2025-12-19 16:07:42.500026,21,"stress_label",7,4,0.03125,0.418604651162791,0.575581395348837,NA,7,"top7","eeg_fm_specent_precond;eeg_fl_theta_power_precond;eeg_faa_precond;eeg_fm_beta_power_precond;eeg_tleft_lbeta_power_precond;eeg_pleft_halpha_power_precond;eeg_fl_specent_precond"
2025-12-19 16:07:42.463255,21,"stress_label",7,8,0.03125,0.453488372093023,0.540697674418605,NA,7,"top7","eeg_fm_specent_precond;eeg_fl_theta_power_precond;eeg_faa_precond;eeg_fm_beta_power_precond;eeg_tleft_lbeta_power_precond;eeg_pleft_halpha_power_precond;eeg_fl_specent_precond"
2025-12-19 16:07:42.546636,21,"stress_label",7,16,0.03125,0.488372093023256,0.517441860465116,NA,7,"top7","eeg_fm_specent_precond;eeg_fl_theta_power_precond;eeg_faa_precond;eeg_fm_beta_power_precond;eeg_tleft_lbeta_power_precond;eeg_pleft_halpha_power_precond;eeg_fl_specent_precond"
2025-12-19 16:07:42.563047,21,"stress_label",7,32,0.03125,0.488372093023256,0.529069767441861,NA,7,"top7","eeg_fm_specent_precond;eeg_fl_theta_power_precond;eeg_faa_precond;eeg_fm_beta_power_precond;eeg_tleft_lbeta_power_precond;eeg_pleft_halpha_power_precond;eeg_fl_specent_precond"
2025-12-19 16:07:42.618796,21,"stress_label",7,64,0.03125,0.482558139534884,0.436046511627907,NA,7,"top7","eeg_fm_specent_precond;eeg_fl_theta_power_precond;eeg_faa_precond;eeg_fm_beta_power_precond;eeg_tleft_lbeta_power_precond;eeg_pleft_halpha_power_precond;eeg_fl_specent_precond"
2025-12-19 16:07:42.805642,21,"stress_label",7,128,0.03125,0.459302325581395,0.5,NA,7,"top7","eeg_fm_specent_precond;eeg_fl_theta_power_precond;eeg_faa_precond;eeg_fm_beta_power_precond;eeg_tleft_lbeta_power_precond;eeg_pleft_halpha_power_precond;eeg_fl_specent_precond"
2025-12-19 16:07:43.13648,21,"stress_label",7,256,0.03125,0.47093023255814,0.5,NA,7,"top7","eeg_fm_specent_precond;eeg_fl_theta_power_precond;eeg_faa_precond;eeg_fm_beta_power_precond;eeg_tleft_lbeta_power_precond;eeg_pleft_halpha_power_precond;eeg_fl_specent_precond"
2025-12-19 16:07:42.52128,21,"stress_label",7,2,0.0625,0.441860465116279,0.593023255813954,NA,7,"top7","eeg_fm_specent_precond;eeg_fl_theta_power_precond;eeg_faa_precond;eeg_fm_beta_power_precond;eeg_tleft_lbeta_power_precond;eeg_pleft_halpha_power_precond;eeg_fl_specent_precond"
2025-12-19 16:07:42.62682,21,"stress_label",7,4,0.0625,0.465116279069767,0.587209302325581,NA,7,"top7","eeg_fm_specent_precond;eeg_fl_theta_power_precond;eeg_faa_precond;eeg_fm_beta_power_precond;eeg_tleft_lbeta_power_precond;eeg_pleft_halpha_power_precond;eeg_fl_specent_precond"
2025-12-19 16:07:42.660004,21,"stress_label",7,8,0.0625,0.488372093023256,0.505813953488372,NA,7,"top7","eeg_fm_specent_precond;eeg_fl_theta_power_precond;eeg_faa_precond;eeg_fm_beta_power_precond;eeg_tleft_lbeta_power_precond;eeg_pleft_halpha_power_precond;eeg_fl_specent_precond"
2025-12-19 16:07:42.714269,21,"stress_label",7,16,0.0625,0.465116279069767,0.505813953488372,NA,7,"top7","eeg_fm_specent_precond;eeg_fl_theta_power_precond;eeg_faa_precond;eeg_fm_beta_power_precond;eeg_tleft_lbeta_power_precond;eeg_pleft_halpha_power_precond;eeg_fl_specent_precond"
2025-12-19 16:07:43.600027,21,"stress_label",7,32,0.0625,0.459302325581395,0.494186046511628,NA,7,"top7","eeg_fm_specent_precond;eeg_fl_theta_power_precond;eeg_faa_precond;eeg_fm_beta_power_precond;eeg_tleft_lbeta_power_precond;eeg_pleft_halpha_power_precond;eeg_fl_specent_precond"
2025-12-19 16:07:43.895313,21,"stress_label",7,64,0.0625,0.476744186046512,0.36046511627907,NA,7,"top7","eeg_fm_specent_precond;eeg_fl_theta_power_precond;eeg_faa_precond;eeg_fm_beta_power_precond;eeg_tleft_lbeta_power_precond;eeg_pleft_halpha_power_precond;eeg_fl_specent_precond"
2025-12-19 16:07:44.142197,21,"stress_label",7,128,0.0625,0.465116279069767,0.488372093023256,NA,7,"top7","eeg_fm_specent_precond;eeg_fl_theta_power_precond;eeg_faa_precond;eeg_fm_beta_power_precond;eeg_tleft_lbeta_power_precond;eeg_pleft_halpha_power_precond;eeg_fl_specent_precond"
2025-12-19 16:07:44.602504,21,"stress_label",7,256,0.0625,0.47093023255814,0.406976744186047,NA,7,"top7","eeg_fm_specent_precond;eeg_fl_theta_power_precond;eeg_faa_precond;eeg_fm_beta_power_precond;eeg_tleft_lbeta_power_precond;eeg_pleft_halpha_power_precond;eeg_fl_specent_precond"
2025-12-19 16:07:43.684805,21,"stress_label",7,2,0.125,0.47093023255814,0.540697674418605,NA,7,"top7","eeg_fm_specent_precond;eeg_fl_theta_power_precond;eeg_faa_precond;eeg_fm_beta_power_precond;eeg_tleft_lbeta_power_precond;eeg_pleft_halpha_power_precond;eeg_fl_specent_precond"
2025-12-19 16:07:43.717797,21,"stress_label",7,4,0.125,0.476744186046512,0.430232558139535,NA,7,"top7","eeg_fm_specent_precond;eeg_fl_theta_power_precond;eeg_faa_precond;eeg_fm_beta_power_precond;eeg_tleft_lbeta_power_precond;eeg_pleft_halpha_power_precond;eeg_fl_specent_precond"
2025-12-19 16:07:43.715674,21,"stress_label",7,8,0.125,0.47093023255814,0.482558139534884,NA,7,"top7","eeg_fm_specent_precond;eeg_fl_theta_power_precond;eeg_faa_precond;eeg_fm_beta_power_precond;eeg_tleft_lbeta_power_precond;eeg_pleft_halpha_power_precond;eeg_fl_specent_precond"
2025-12-19 16:07:43.871506,21,"stress_label",7,16,0.125,0.488372093023256,0.482558139534884,NA,7,"top7","eeg_fm_specent_precond;eeg_fl_theta_power_precond;eeg_faa_precond;eeg_fm_beta_power_precond;eeg_tleft_lbeta_power_precond;eeg_pleft_halpha_power_precond;eeg_fl_specent_precond"
2025-12-19 16:07:43.977593,21,"stress_label",7,32,0.125,0.488372093023256,0.441860465116279,NA,7,"top7","eeg_fm_specent_precond;eeg_fl_theta_power_precond;eeg_faa_precond;eeg_fm_beta_power_precond;eeg_tleft_lbeta_power_precond;eeg_pleft_halpha_power_precond;eeg_fl_specent_precond"
2025-12-19 16:07:44.380221,21,"stress_label",7,64,0.125,0.488372093023256,0.372093023255814,NA,7,"top7","eeg_fm_specent_precond;eeg_fl_theta_power_precond;eeg_faa_precond;eeg_fm_beta_power_precond;eeg_tleft_lbeta_power_precond;eeg_pleft_halpha_power_precond;eeg_fl_specent_precond"
2025-12-19 16:07:44.401419,21,"stress_label",7,128,0.125,0.505813953488372,0.447674418604651,NA,7,"top7","eeg_fm_specent_precond;eeg_fl_theta_power_precond;eeg_faa_precond;eeg_fm_beta_power_precond;eeg_tleft_lbeta_power_precond;eeg_pleft_halpha_power_precond;eeg_fl_specent_precond"
2025-12-19 16:07:44.528177,21,"stress_label",7,256,0.125,0.529069767441861,0.366279069767442,NA,7,"top7","eeg_fm_specent_precond;eeg_fl_theta_power_precond;eeg_faa_precond;eeg_fm_beta_power_precond;eeg_tleft_lbeta_power_precond;eeg_pleft_halpha_power_precond;eeg_fl_specent_precond"
2025-12-19 16:07:43.874455,21,"stress_label",7,2,0.03,0.383720930232558,0.633720930232558,0.335658914728682,7,"top7","eeg_fm_specent_precond;eeg_fl_theta_power_precond;eeg_faa_precond;eeg_fm_beta_power_precond;eeg_tleft_lbeta_power_precond;eeg_pleft_halpha_power_precond;eeg_fl_specent_precond"
2025-12-19 16:07:44.285825,21,"stress_label",7,4,0.03,0.424418604651163,0.587209302325581,NA,7,"top7","eeg_fm_specent_precond;eeg_fl_theta_power_precond;eeg_faa_precond;eeg_fm_beta_power_precond;eeg_tleft_lbeta_power_precond;eeg_pleft_halpha_power_precond;eeg_fl_specent_precond"
2025-12-19 16:07:44.737001,21,"stress_label",7,8,0.03,0.453488372093023,0.604651162790698,NA,7,"top7","eeg_fm_specent_precond;eeg_fl_theta_power_precond;eeg_faa_precond;eeg_fm_beta_power_precond;eeg_tleft_lbeta_power_precond;eeg_pleft_halpha_power_precond;eeg_fl_specent_precond"
2025-12-19 16:07:44.8628,21,"stress_label",7,16,0.03,0.494186046511628,0.587209302325581,NA,7,"top7","eeg_fm_specent_precond;eeg_fl_theta_power_precond;eeg_faa_precond;eeg_fm_beta_power_precond;eeg_tleft_lbeta_power_precond;eeg_pleft_halpha_power_precond;eeg_fl_specent_precond"
2025-12-19 16:07:44.90975,21,"stress_label",7,32,0.03,0.5,0.593023255813954,NA,7,"top7","eeg_fm_specent_precond;eeg_fl_theta_power_precond;eeg_faa_precond;eeg_fm_beta_power_precond;eeg_tleft_lbeta_power_precond;eeg_pleft_halpha_power_precond;eeg_fl_specent_precond"
2025-12-19 16:07:44.972439,21,"stress_label",7,64,0.03,0.488372093023256,0.552325581395349,NA,7,"top7","eeg_fm_specent_precond;eeg_fl_theta_power_precond;eeg_faa_precond;eeg_fm_beta_power_precond;eeg_tleft_lbeta_power_precond;eeg_pleft_halpha_power_precond;eeg_fl_specent_precond"
2025-12-19 16:07:45.333718,21,"stress_label",7,128,0.03,0.453488372093023,0.517441860465116,NA,7,"top7","eeg_fm_specent_precond;eeg_fl_theta_power_precond;eeg_faa_precond;eeg_fm_beta_power_precond;eeg_tleft_lbeta_power_precond;eeg_pleft_halpha_power_precond;eeg_fl_specent_precond"
2025-12-19 16:07:45.649496,21,"stress_label",7,256,0.03,0.447674418604651,0.505813953488372,NA,7,"top7","eeg_fm_specent_precond;eeg_fl_theta_power_precond;eeg_faa_precond;eeg_fm_beta_power_precond;eeg_tleft_lbeta_power_precond;eeg_pleft_halpha_power_precond;eeg_fl_specent_precond"
2025-12-19 16:07:45.000952,21,"stress_label",7,2,0.06,0.436046511627907,0.61046511627907,NA,7,"top7","eeg_fm_specent_precond;eeg_fl_theta_power_precond;eeg_faa_precond;eeg_fm_beta_power_precond;eeg_tleft_lbeta_power_precond;eeg_pleft_halpha_power_precond;eeg_fl_specent_precond"
2025-12-19 16:07:45.3436,21,"stress_label",7,4,0.06,0.476744186046512,0.575581395348837,NA,7,"top7","eeg_fm_specent_precond;eeg_fl_theta_power_precond;eeg_faa_precond;eeg_fm_beta_power_precond;eeg_tleft_lbeta_power_precond;eeg_pleft_halpha_power_precond;eeg_fl_specent_precond"
2025-12-19 16:07:45.318816,21,"stress_label",7,8,0.06,0.494186046511628,0.5,NA,7,"top7","eeg_fm_specent_precond;eeg_fl_theta_power_precond;eeg_faa_precond;eeg_fm_beta_power_precond;eeg_tleft_lbeta_power_precond;eeg_pleft_halpha_power_precond;eeg_fl_specent_precond"
2025-12-19 16:07:45.465683,21,"stress_label",7,16,0.06,0.465116279069767,0.482558139534884,NA,7,"top7","eeg_fm_specent_precond;eeg_fl_theta_power_precond;eeg_faa_precond;eeg_fm_beta_power_precond;eeg_tleft_lbeta_power_precond;eeg_pleft_halpha_power_precond;eeg_fl_specent_precond"
2025-12-19 16:07:45.62245,21,"stress_label",7,32,0.06,0.465116279069767,0.453488372093023,NA,7,"top7","eeg_fm_specent_precond;eeg_fl_theta_power_precond;eeg_faa_precond;eeg_fm_beta_power_precond;eeg_tleft_lbeta_power_precond;eeg_pleft_halpha_power_precond;eeg_fl_specent_precond"
2025-12-19 16:07:45.825906,21,"stress_label",7,64,0.06,0.476744186046512,0.453488372093023,NA,7,"top7","eeg_fm_specent_precond;eeg_fl_theta_power_precond;eeg_faa_precond;eeg_fm_beta_power_precond;eeg_tleft_lbeta_power_precond;eeg_pleft_halpha_power_precond;eeg_fl_specent_precond"
2025-12-19 16:07:46.072872,21,"stress_label",7,128,0.06,0.47093023255814,0.459302325581395,NA,7,"top7","eeg_fm_specent_precond;eeg_fl_theta_power_precond;eeg_faa_precond;eeg_fm_beta_power_precond;eeg_tleft_lbeta_power_precond;eeg_pleft_halpha_power_precond;eeg_fl_specent_precond"
2025-12-19 16:07:46.427178,21,"stress_label",7,256,0.06,0.465116279069767,0.401162790697674,NA,7,"top7","eeg_fm_specent_precond;eeg_fl_theta_power_precond;eeg_faa_precond;eeg_fm_beta_power_precond;eeg_tleft_lbeta_power_precond;eeg_pleft_halpha_power_precond;eeg_fl_specent_precond"
2025-12-19 16:07:46.006943,21,"stress_label",7,2,0.1,0.465116279069767,0.604651162790698,NA,7,"top7","eeg_fm_specent_precond;eeg_fl_theta_power_precond;eeg_faa_precond;eeg_fm_beta_power_precond;eeg_tleft_lbeta_power_precond;eeg_pleft_halpha_power_precond;eeg_fl_specent_precond"
2025-12-19 16:07:45.937895,21,"stress_label",7,4,0.1,0.482558139534884,0.482558139534884,NA,7,"top7","eeg_fm_specent_precond;eeg_fl_theta_power_precond;eeg_faa_precond;eeg_fm_beta_power_precond;eeg_tleft_lbeta_power_precond;eeg_pleft_halpha_power_precond;eeg_fl_specent_precond"
2025-12-19 16:07:46.030892,21,"stress_label",7,8,0.1,0.47093023255814,0.465116279069767,NA,7,"top7","eeg_fm_specent_precond;eeg_fl_theta_power_precond;eeg_faa_precond;eeg_fm_beta_power_precond;eeg_tleft_lbeta_power_precond;eeg_pleft_halpha_power_precond;eeg_fl_specent_precond"
2025-12-19 16:07:46.081735,21,"stress_label",7,16,0.1,0.465116279069767,0.453488372093023,NA,7,"top7","eeg_fm_specent_precond;eeg_fl_theta_power_precond;eeg_faa_precond;eeg_fm_beta_power_precond;eeg_tleft_lbeta_power_precond;eeg_pleft_halpha_power_precond;eeg_fl_specent_precond"
2025-12-19 16:07:46.176321,21,"stress_label",7,32,0.1,0.482558139534884,0.383720930232558,NA,7,"top7","eeg_fm_specent_precond;eeg_fl_theta_power_precond;eeg_faa_precond;eeg_fm_beta_power_precond;eeg_tleft_lbeta_power_precond;eeg_pleft_halpha_power_precond;eeg_fl_specent_precond"
2025-12-19 16:07:46.536301,21,"stress_label",7,64,0.1,0.47093023255814,0.447674418604651,NA,7,"top7","eeg_fm_specent_precond;eeg_fl_theta_power_precond;eeg_faa_precond;eeg_fm_beta_power_precond;eeg_tleft_lbeta_power_precond;eeg_pleft_halpha_power_precond;eeg_fl_specent_precond"
2025-12-19 16:07:46.643529,21,"stress_label",7,128,0.1,0.494186046511628,0.436046511627907,NA,7,"top7","eeg_fm_specent_precond;eeg_fl_theta_power_precond;eeg_faa_precond;eeg_fm_beta_power_precond;eeg_tleft_lbeta_power_precond;eeg_pleft_halpha_power_precond;eeg_fl_specent_precond"
2025-12-19 16:07:46.769842,21,"stress_label",7,256,0.1,0.511627906976744,0.459302325581395,NA,7,"top7","eeg_fm_specent_precond;eeg_fl_theta_power_precond;eeg_faa_precond;eeg_fm_beta_power_precond;eeg_tleft_lbeta_power_precond;eeg_pleft_halpha_power_precond;eeg_fl_specent_precond"
2025-12-19 16:07:48.093305,22,"stress_label",7,2,0.0078125,0.511627906976744,0.38953488372093,0.475968992248062,7,"top7","eeg_fm_lbeta_power_precond;eeg_fm_specent_precond;eeg_faa_precond;eeg_tleft_lbeta_power_precond;eeg_fl_theta_power_precond;eeg_pleft_halpha_power_precond;eeg_ta_ratio_precond"
2025-12-19 16:07:48.079658,22,"stress_label",7,4,0.0078125,0.523255813953488,0.453488372093023,0.488372093023256,7,"top7","eeg_fm_lbeta_power_precond;eeg_fm_specent_precond;eeg_faa_precond;eeg_tleft_lbeta_power_precond;eeg_fl_theta_power_precond;eeg_pleft_halpha_power_precond;eeg_ta_ratio_precond"
2025-12-19 16:07:48.083107,22,"stress_label",7,8,0.0078125,0.540697674418605,0.343023255813953,0.50077519379845,7,"top7","eeg_fm_lbeta_power_precond;eeg_fm_specent_precond;eeg_faa_precond;eeg_tleft_lbeta_power_precond;eeg_fl_theta_power_precond;eeg_pleft_halpha_power_precond;eeg_ta_ratio_precond"
2025-12-19 16:07:48.006046,22,"stress_label",7,16,0.0078125,0.523255813953488,0.424418604651163,0.473643410852713,7,"top7","eeg_fm_lbeta_power_precond;eeg_fm_specent_precond;eeg_faa_precond;eeg_tleft_lbeta_power_precond;eeg_fl_theta_power_precond;eeg_pleft_halpha_power_precond;eeg_ta_ratio_precond"
2025-12-19 16:07:48.124299,22,"stress_label",7,32,0.0078125,0.523255813953488,0.36046511627907,0.465891472868217,7,"top7","eeg_fm_lbeta_power_precond;eeg_fm_specent_precond;eeg_faa_precond;eeg_tleft_lbeta_power_precond;eeg_fl_theta_power_precond;eeg_pleft_halpha_power_precond;eeg_ta_ratio_precond"
2025-12-19 16:07:48.050266,22,"stress_label",7,64,0.0078125,0.482558139534884,0.401162790697674,0.434108527131783,7,"top7","eeg_fm_lbeta_power_precond;eeg_fm_specent_precond;eeg_faa_precond;eeg_tleft_lbeta_power_precond;eeg_fl_theta_power_precond;eeg_pleft_halpha_power_precond;eeg_ta_ratio_precond"
2025-12-19 16:07:48.137236,22,"stress_label",7,128,0.0078125,0.523255813953488,0.436046511627907,NA,7,"top7","eeg_fm_lbeta_power_precond;eeg_fm_specent_precond;eeg_faa_precond;eeg_tleft_lbeta_power_precond;eeg_fl_theta_power_precond;eeg_pleft_halpha_power_precond;eeg_ta_ratio_precond"
2025-12-19 16:07:48.291059,22,"stress_label",7,256,0.0078125,0.558139534883721,0.441860465116279,NA,7,"top7","eeg_fm_lbeta_power_precond;eeg_fm_specent_precond;eeg_faa_precond;eeg_tleft_lbeta_power_precond;eeg_fl_theta_power_precond;eeg_pleft_halpha_power_precond;eeg_ta_ratio_precond"
2025-12-19 16:07:48.299893,22,"stress_label",7,2,0.015625,0.511627906976744,0.476744186046512,0.481395348837209,7,"top7","eeg_fm_lbeta_power_precond;eeg_fm_specent_precond;eeg_faa_precond;eeg_tleft_lbeta_power_precond;eeg_fl_theta_power_precond;eeg_pleft_halpha_power_precond;eeg_ta_ratio_precond"
2025-12-19 16:07:48.102026,22,"stress_label",7,4,0.015625,0.529069767441861,0.436046511627907,0.481395348837209,7,"top7","eeg_fm_lbeta_power_precond;eeg_fm_specent_precond;eeg_faa_precond;eeg_tleft_lbeta_power_precond;eeg_fl_theta_power_precond;eeg_pleft_halpha_power_precond;eeg_ta_ratio_precond"
2025-12-19 16:07:48.079036,22,"stress_label",7,8,0.015625,0.494186046511628,0.401162790697674,0.442635658914729,7,"top7","eeg_fm_lbeta_power_precond;eeg_fm_specent_precond;eeg_faa_precond;eeg_tleft_lbeta_power_precond;eeg_fl_theta_power_precond;eeg_pleft_halpha_power_precond;eeg_ta_ratio_precond"
2025-12-19 16:07:48.095191,22,"stress_label",7,16,0.015625,0.494186046511628,0.38953488372093,0.451162790697674,7,"top7","eeg_fm_lbeta_power_precond;eeg_fm_specent_precond;eeg_faa_precond;eeg_tleft_lbeta_power_precond;eeg_fl_theta_power_precond;eeg_pleft_halpha_power_precond;eeg_ta_ratio_precond"
2025-12-19 16:07:48.078109,22,"stress_label",7,32,0.015625,0.523255813953488,0.372093023255814,NA,7,"top7","eeg_fm_lbeta_power_precond;eeg_fm_specent_precond;eeg_faa_precond;eeg_tleft_lbeta_power_precond;eeg_fl_theta_power_precond;eeg_pleft_halpha_power_precond;eeg_ta_ratio_precond"
2025-12-19 16:07:48.158614,22,"stress_label",7,64,0.015625,0.546511627906977,0.418604651162791,0.504651162790698,7,"top7","eeg_fm_lbeta_power_precond;eeg_fm_specent_precond;eeg_faa_precond;eeg_tleft_lbeta_power_precond;eeg_fl_theta_power_precond;eeg_pleft_halpha_power_precond;eeg_ta_ratio_precond"
2025-12-19 16:07:49.282928,22,"stress_label",7,128,0.015625,0.505813953488372,0.395348837209302,NA,7,"top7","eeg_fm_lbeta_power_precond;eeg_fm_specent_precond;eeg_faa_precond;eeg_tleft_lbeta_power_precond;eeg_fl_theta_power_precond;eeg_pleft_halpha_power_precond;eeg_ta_ratio_precond"
2025-12-19 16:07:49.480699,22,"stress_label",7,256,0.015625,0.488372093023256,0.447674418604651,0.465891472868217,7,"top7","eeg_fm_lbeta_power_precond;eeg_fm_specent_precond;eeg_faa_precond;eeg_tleft_lbeta_power_precond;eeg_fl_theta_power_precond;eeg_pleft_halpha_power_precond;eeg_ta_ratio_precond"
2025-12-19 16:07:49.191363,22,"stress_label",7,2,0.03125,0.505813953488372,0.424418604651163,0.450387596899225,7,"top7","eeg_fm_lbeta_power_precond;eeg_fm_specent_precond;eeg_faa_precond;eeg_tleft_lbeta_power_precond;eeg_fl_theta_power_precond;eeg_pleft_halpha_power_precond;eeg_ta_ratio_precond"
2025-12-19 16:07:49.203897,22,"stress_label",7,4,0.03125,0.482558139534884,0.418604651162791,NA,7,"top7","eeg_fm_lbeta_power_precond;eeg_fm_specent_precond;eeg_faa_precond;eeg_tleft_lbeta_power_precond;eeg_fl_theta_power_precond;eeg_pleft_halpha_power_precond;eeg_ta_ratio_precond"
2025-12-19 16:07:49.168813,22,"stress_label",7,8,0.03125,0.511627906976744,0.354651162790698,NA,7,"top7","eeg_fm_lbeta_power_precond;eeg_fm_specent_precond;eeg_faa_precond;eeg_tleft_lbeta_power_precond;eeg_fl_theta_power_precond;eeg_pleft_halpha_power_precond;eeg_ta_ratio_precond"
2025-12-19 16:07:49.190727,22,"stress_label",7,16,0.03125,0.552325581395349,0.377906976744186,0.511627906976744,7,"top7","eeg_fm_lbeta_power_precond;eeg_fm_specent_precond;eeg_faa_precond;eeg_tleft_lbeta_power_precond;eeg_fl_theta_power_precond;eeg_pleft_halpha_power_precond;eeg_ta_ratio_precond"
2025-12-19 16:07:49.254337,22,"stress_label",7,32,0.03125,0.505813953488372,0.517441860465116,0.46046511627907,7,"top7","eeg_fm_lbeta_power_precond;eeg_fm_specent_precond;eeg_faa_precond;eeg_tleft_lbeta_power_precond;eeg_fl_theta_power_precond;eeg_pleft_halpha_power_precond;eeg_ta_ratio_precond"
2025-12-19 16:07:49.335183,22,"stress_label",7,64,0.03125,0.494186046511628,0.517441860465116,0.472093023255814,7,"top7","eeg_fm_lbeta_power_precond;eeg_fm_specent_precond;eeg_faa_precond;eeg_tleft_lbeta_power_precond;eeg_fl_theta_power_precond;eeg_pleft_halpha_power_precond;eeg_ta_ratio_precond"
2025-12-19 16:07:49.534317,22,"stress_label",7,128,0.03125,0.505813953488372,0.517441860465116,NA,7,"top7","eeg_fm_lbeta_power_precond;eeg_fm_specent_precond;eeg_faa_precond;eeg_tleft_lbeta_power_precond;eeg_fl_theta_power_precond;eeg_pleft_halpha_power_precond;eeg_ta_ratio_precond"
2025-12-19 16:07:49.785154,22,"stress_label",7,256,0.03125,0.523255813953488,0.529069767441861,NA,7,"top7","eeg_fm_lbeta_power_precond;eeg_fm_specent_precond;eeg_faa_precond;eeg_tleft_lbeta_power_precond;eeg_fl_theta_power_precond;eeg_pleft_halpha_power_precond;eeg_ta_ratio_precond"
2025-12-19 16:07:49.227806,22,"stress_label",7,2,0.0625,0.494186046511628,0.383720930232558,NA,7,"top7","eeg_fm_lbeta_power_precond;eeg_fm_specent_precond;eeg_faa_precond;eeg_tleft_lbeta_power_precond;eeg_fl_theta_power_precond;eeg_pleft_halpha_power_precond;eeg_ta_ratio_precond"
2025-12-19 16:07:49.221396,22,"stress_label",7,4,0.0625,0.511627906976744,0.366279069767442,0.473643410852713,7,"top7","eeg_fm_lbeta_power_precond;eeg_fm_specent_precond;eeg_faa_precond;eeg_tleft_lbeta_power_precond;eeg_fl_theta_power_precond;eeg_pleft_halpha_power_precond;eeg_ta_ratio_precond"
2025-12-19 16:07:49.413663,22,"stress_label",7,8,0.0625,0.546511627906977,0.465116279069767,0.506976744186047,7,"top7","eeg_fm_lbeta_power_precond;eeg_fm_specent_precond;eeg_faa_precond;eeg_tleft_lbeta_power_precond;eeg_fl_theta_power_precond;eeg_pleft_halpha_power_precond;eeg_ta_ratio_precond"
2025-12-19 16:07:49.437187,22,"stress_label",7,16,0.0625,0.517441860465116,0.523255813953488,NA,7,"top7","eeg_fm_lbeta_power_precond;eeg_fm_specent_precond;eeg_faa_precond;eeg_tleft_lbeta_power_precond;eeg_fl_theta_power_precond;eeg_pleft_halpha_power_precond;eeg_ta_ratio_precond"
2025-12-19 16:07:50.389185,22,"stress_label",7,32,0.0625,0.534883720930233,0.546511627906977,NA,7,"top7","eeg_fm_lbeta_power_precond;eeg_fm_specent_precond;eeg_faa_precond;eeg_tleft_lbeta_power_precond;eeg_fl_theta_power_precond;eeg_pleft_halpha_power_precond;eeg_ta_ratio_precond"
2025-12-19 16:07:50.787386,22,"stress_label",7,64,0.0625,0.494186046511628,0.511627906976744,NA,7,"top7","eeg_fm_lbeta_power_precond;eeg_fm_specent_precond;eeg_faa_precond;eeg_tleft_lbeta_power_precond;eeg_fl_theta_power_precond;eeg_pleft_halpha_power_precond;eeg_ta_ratio_precond"
2025-12-19 16:07:50.715673,22,"stress_label",7,128,0.0625,0.505813953488372,0.430232558139535,NA,7,"top7","eeg_fm_lbeta_power_precond;eeg_fm_specent_precond;eeg_faa_precond;eeg_tleft_lbeta_power_precond;eeg_fl_theta_power_precond;eeg_pleft_halpha_power_precond;eeg_ta_ratio_precond"
2025-12-19 16:07:51.205887,22,"stress_label",7,256,0.0625,0.482558139534884,0.505813953488372,NA,7,"top7","eeg_fm_lbeta_power_precond;eeg_fm_specent_precond;eeg_faa_precond;eeg_tleft_lbeta_power_precond;eeg_fl_theta_power_precond;eeg_pleft_halpha_power_precond;eeg_ta_ratio_precond"
2025-12-19 16:07:50.295702,22,"stress_label",7,2,0.125,0.505813953488372,0.406976744186047,0.488372093023256,7,"top7","eeg_fm_lbeta_power_precond;eeg_fm_specent_precond;eeg_faa_precond;eeg_tleft_lbeta_power_precond;eeg_fl_theta_power_precond;eeg_pleft_halpha_power_precond;eeg_ta_ratio_precond"
2025-12-19 16:07:50.285688,22,"stress_label",7,4,0.125,0.529069767441861,0.447674418604651,NA,7,"top7","eeg_fm_lbeta_power_precond;eeg_fm_specent_precond;eeg_faa_precond;eeg_tleft_lbeta_power_precond;eeg_fl_theta_power_precond;eeg_pleft_halpha_power_precond;eeg_ta_ratio_precond"
2025-12-19 16:07:50.38493,22,"stress_label",7,8,0.125,0.529069767441861,0.441860465116279,NA,7,"top7","eeg_fm_lbeta_power_precond;eeg_fm_specent_precond;eeg_faa_precond;eeg_tleft_lbeta_power_precond;eeg_fl_theta_power_precond;eeg_pleft_halpha_power_precond;eeg_ta_ratio_precond"
2025-12-19 16:07:50.512807,22,"stress_label",7,16,0.125,0.511627906976744,0.488372093023256,NA,7,"top7","eeg_fm_lbeta_power_precond;eeg_fm_specent_precond;eeg_faa_precond;eeg_tleft_lbeta_power_precond;eeg_fl_theta_power_precond;eeg_pleft_halpha_power_precond;eeg_ta_ratio_precond"
2025-12-19 16:07:50.655423,22,"stress_label",7,32,0.125,0.511627906976744,0.47093023255814,NA,7,"top7","eeg_fm_lbeta_power_precond;eeg_fm_specent_precond;eeg_faa_precond;eeg_tleft_lbeta_power_precond;eeg_fl_theta_power_precond;eeg_pleft_halpha_power_precond;eeg_ta_ratio_precond"
2025-12-19 16:07:50.886142,22,"stress_label",7,64,0.125,0.5,0.476744186046512,NA,7,"top7","eeg_fm_lbeta_power_precond;eeg_fm_specent_precond;eeg_faa_precond;eeg_tleft_lbeta_power_precond;eeg_fl_theta_power_precond;eeg_pleft_halpha_power_precond;eeg_ta_ratio_precond"
2025-12-19 16:07:51.053081,22,"stress_label",7,128,0.125,0.482558139534884,0.441860465116279,NA,7,"top7","eeg_fm_lbeta_power_precond;eeg_fm_specent_precond;eeg_faa_precond;eeg_tleft_lbeta_power_precond;eeg_fl_theta_power_precond;eeg_pleft_halpha_power_precond;eeg_ta_ratio_precond"
2025-12-19 16:07:51.538586,22,"stress_label",7,256,0.125,0.459302325581395,0.430232558139535,NA,7,"top7","eeg_fm_lbeta_power_precond;eeg_fm_specent_precond;eeg_faa_precond;eeg_tleft_lbeta_power_precond;eeg_fl_theta_power_precond;eeg_pleft_halpha_power_precond;eeg_ta_ratio_precond"
2025-12-19 16:07:50.628783,22,"stress_label",7,2,0.03,0.505813953488372,0.459302325581395,0.450387596899225,7,"top7","eeg_fm_lbeta_power_precond;eeg_fm_specent_precond;eeg_faa_precond;eeg_tleft_lbeta_power_precond;eeg_fl_theta_power_precond;eeg_pleft_halpha_power_precond;eeg_ta_ratio_precond"
2025-12-19 16:07:50.869499,22,"stress_label",7,4,0.03,0.476744186046512,0.337209302325581,NA,7,"top7","eeg_fm_lbeta_power_precond;eeg_fm_specent_precond;eeg_faa_precond;eeg_tleft_lbeta_power_precond;eeg_fl_theta_power_precond;eeg_pleft_halpha_power_precond;eeg_ta_ratio_precond"
2025-12-19 16:07:51.383761,22,"stress_label",7,8,0.03,0.505813953488372,0.383720930232558,NA,7,"top7","eeg_fm_lbeta_power_precond;eeg_fm_specent_precond;eeg_faa_precond;eeg_tleft_lbeta_power_precond;eeg_fl_theta_power_precond;eeg_pleft_halpha_power_precond;eeg_ta_ratio_precond"
2025-12-19 16:07:51.382209,22,"stress_label",7,16,0.03,0.552325581395349,0.366279069767442,0.510077519379845,7,"top7","eeg_fm_lbeta_power_precond;eeg_fm_specent_precond;eeg_faa_precond;eeg_tleft_lbeta_power_precond;eeg_fl_theta_power_precond;eeg_pleft_halpha_power_precond;eeg_ta_ratio_precond"
2025-12-19 16:07:51.509121,22,"stress_label",7,32,0.03,0.494186046511628,0.465116279069767,0.448837209302326,7,"top7","eeg_fm_lbeta_power_precond;eeg_fm_specent_precond;eeg_faa_precond;eeg_tleft_lbeta_power_precond;eeg_fl_theta_power_precond;eeg_pleft_halpha_power_precond;eeg_ta_ratio_precond"
2025-12-19 16:07:51.593631,22,"stress_label",7,64,0.03,0.488372093023256,0.465116279069767,0.46046511627907,7,"top7","eeg_fm_lbeta_power_precond;eeg_fm_specent_precond;eeg_faa_precond;eeg_tleft_lbeta_power_precond;eeg_fl_theta_power_precond;eeg_pleft_halpha_power_precond;eeg_ta_ratio_precond"
2025-12-19 16:07:52.195542,22,"stress_label",7,128,0.03,0.523255813953488,0.465116279069767,NA,7,"top7","eeg_fm_lbeta_power_precond;eeg_fm_specent_precond;eeg_faa_precond;eeg_tleft_lbeta_power_precond;eeg_fl_theta_power_precond;eeg_pleft_halpha_power_precond;eeg_ta_ratio_precond"
2025-12-19 16:07:52.316189,22,"stress_label",7,256,0.03,0.517441860465116,0.523255813953488,NA,7,"top7","eeg_fm_lbeta_power_precond;eeg_fm_specent_precond;eeg_faa_precond;eeg_tleft_lbeta_power_precond;eeg_fl_theta_power_precond;eeg_pleft_halpha_power_precond;eeg_ta_ratio_precond"
2025-12-19 16:07:51.989052,22,"stress_label",7,2,0.06,0.488372093023256,0.36046511627907,NA,7,"top7","eeg_fm_lbeta_power_precond;eeg_fm_specent_precond;eeg_faa_precond;eeg_tleft_lbeta_power_precond;eeg_fl_theta_power_precond;eeg_pleft_halpha_power_precond;eeg_ta_ratio_precond"
2025-12-19 16:07:52.024557,22,"stress_label",7,4,0.06,0.505813953488372,0.430232558139535,0.471317829457364,7,"top7","eeg_fm_lbeta_power_precond;eeg_fm_specent_precond;eeg_faa_precond;eeg_tleft_lbeta_power_precond;eeg_fl_theta_power_precond;eeg_pleft_halpha_power_precond;eeg_ta_ratio_precond"
2025-12-19 16:07:51.908112,22,"stress_label",7,8,0.06,0.546511627906977,0.441860465116279,0.506976744186047,7,"top7","eeg_fm_lbeta_power_precond;eeg_fm_specent_precond;eeg_faa_precond;eeg_tleft_lbeta_power_precond;eeg_fl_theta_power_precond;eeg_pleft_halpha_power_precond;eeg_ta_ratio_precond"
2025-12-19 16:07:52.045223,22,"stress_label",7,16,0.06,0.523255813953488,0.424418604651163,NA,7,"top7","eeg_fm_lbeta_power_precond;eeg_fm_specent_precond;eeg_faa_precond;eeg_tleft_lbeta_power_precond;eeg_fl_theta_power_precond;eeg_pleft_halpha_power_precond;eeg_ta_ratio_precond"
2025-12-19 16:07:52.156262,22,"stress_label",7,32,0.06,0.534883720930233,0.494186046511628,NA,7,"top7","eeg_fm_lbeta_power_precond;eeg_fm_specent_precond;eeg_faa_precond;eeg_tleft_lbeta_power_precond;eeg_fl_theta_power_precond;eeg_pleft_halpha_power_precond;eeg_ta_ratio_precond"
2025-12-19 16:07:52.382733,22,"stress_label",7,64,0.06,0.5,0.465116279069767,NA,7,"top7","eeg_fm_lbeta_power_precond;eeg_fm_specent_precond;eeg_faa_precond;eeg_tleft_lbeta_power_precond;eeg_fl_theta_power_precond;eeg_pleft_halpha_power_precond;eeg_ta_ratio_precond"
2025-12-19 16:07:52.818976,22,"stress_label",7,128,0.06,0.5,0.459302325581395,NA,7,"top7","eeg_fm_lbeta_power_precond;eeg_fm_specent_precond;eeg_faa_precond;eeg_tleft_lbeta_power_precond;eeg_fl_theta_power_precond;eeg_pleft_halpha_power_precond;eeg_ta_ratio_precond"
2025-12-19 16:07:53.078815,22,"stress_label",7,256,0.06,0.482558139534884,0.459302325581395,NA,7,"top7","eeg_fm_lbeta_power_precond;eeg_fm_specent_precond;eeg_faa_precond;eeg_tleft_lbeta_power_precond;eeg_fl_theta_power_precond;eeg_pleft_halpha_power_precond;eeg_ta_ratio_precond"
2025-12-19 16:07:52.441915,22,"stress_label",7,2,0.1,0.505813953488372,0.366279069767442,NA,7,"top7","eeg_fm_lbeta_power_precond;eeg_fm_specent_precond;eeg_faa_precond;eeg_tleft_lbeta_power_precond;eeg_fl_theta_power_precond;eeg_pleft_halpha_power_precond;eeg_ta_ratio_precond"
2025-12-19 16:07:52.732064,22,"stress_label",7,4,0.1,0.552325581395349,0.36046511627907,NA,7,"top7","eeg_fm_lbeta_power_precond;eeg_fm_specent_precond;eeg_faa_precond;eeg_tleft_lbeta_power_precond;eeg_fl_theta_power_precond;eeg_pleft_halpha_power_precond;eeg_ta_ratio_precond"
2025-12-19 16:07:52.58955,22,"stress_label",7,8,0.1,0.540697674418605,0.441860465116279,NA,7,"top7","eeg_fm_lbeta_power_precond;eeg_fm_specent_precond;eeg_faa_precond;eeg_tleft_lbeta_power_precond;eeg_fl_theta_power_precond;eeg_pleft_halpha_power_precond;eeg_ta_ratio_precond"
2025-12-19 16:07:52.677688,22,"stress_label",7,16,0.1,0.529069767441861,0.476744186046512,NA,7,"top7","eeg_fm_lbeta_power_precond;eeg_fm_specent_precond;eeg_faa_precond;eeg_tleft_lbeta_power_precond;eeg_fl_theta_power_precond;eeg_pleft_halpha_power_precond;eeg_ta_ratio_precond"
2025-12-19 16:07:52.940607,22,"stress_label",7,32,0.1,0.511627906976744,0.546511627906977,NA,7,"top7","eeg_fm_lbeta_power_precond;eeg_fm_specent_precond;eeg_faa_precond;eeg_tleft_lbeta_power_precond;eeg_fl_theta_power_precond;eeg_pleft_halpha_power_precond;eeg_ta_ratio_precond"
2025-12-19 16:07:53.130376,22,"stress_label",7,64,0.1,0.494186046511628,0.441860465116279,NA,7,"top7","eeg_fm_lbeta_power_precond;eeg_fm_specent_precond;eeg_faa_precond;eeg_tleft_lbeta_power_precond;eeg_fl_theta_power_precond;eeg_pleft_halpha_power_precond;eeg_ta_ratio_precond"
2025-12-19 16:07:53.264967,22,"stress_label",7,128,0.1,0.505813953488372,0.441860465116279,NA,7,"top7","eeg_fm_lbeta_power_precond;eeg_fm_specent_precond;eeg_faa_precond;eeg_tleft_lbeta_power_precond;eeg_fl_theta_power_precond;eeg_pleft_halpha_power_precond;eeg_ta_ratio_precond"
2025-12-19 16:07:53.442004,22,"stress_label",7,256,0.1,0.488372093023256,0.476744186046512,NA,7,"top7","eeg_fm_lbeta_power_precond;eeg_fm_specent_precond;eeg_faa_precond;eeg_tleft_lbeta_power_precond;eeg_fl_theta_power_precond;eeg_pleft_halpha_power_precond;eeg_ta_ratio_precond"
2025-12-19 16:07:54.716702,23,"stress_label",7,2,0.0078125,0.465116279069767,0.569767441860465,0.384496124031008,7,"top7","eeg_fm_specent_precond;eeg_faa_precond;eeg_fl_theta_power_precond;eeg_fm_beta_power_precond;eeg_tleft_lbeta_power_precond;eeg_tleft_lalpha_power_precond;eeg_tb_ratio_precond"
2025-12-19 16:07:54.699385,23,"stress_label",7,4,0.0078125,0.465116279069767,0.534883720930233,0.404651162790698,7,"top7","eeg_fm_specent_precond;eeg_faa_precond;eeg_fl_theta_power_precond;eeg_fm_beta_power_precond;eeg_tleft_lbeta_power_precond;eeg_tleft_lalpha_power_precond;eeg_tb_ratio_precond"
2025-12-19 16:07:54.702659,23,"stress_label",7,8,0.0078125,0.488372093023256,0.505813953488372,0.428682170542636,7,"top7","eeg_fm_specent_precond;eeg_faa_precond;eeg_fl_theta_power_precond;eeg_fm_beta_power_precond;eeg_tleft_lbeta_power_precond;eeg_tleft_lalpha_power_precond;eeg_tb_ratio_precond"
2025-12-19 16:07:54.716368,23,"stress_label",7,16,0.0078125,0.453488372093023,0.517441860465116,0.404651162790698,7,"top7","eeg_fm_specent_precond;eeg_faa_precond;eeg_fl_theta_power_precond;eeg_fm_beta_power_precond;eeg_tleft_lbeta_power_precond;eeg_tleft_lalpha_power_precond;eeg_tb_ratio_precond"
2025-12-19 16:07:54.69798,23,"stress_label",7,32,0.0078125,0.441860465116279,0.517441860465116,0.402325581395349,7,"top7","eeg_fm_specent_precond;eeg_faa_precond;eeg_fl_theta_power_precond;eeg_fm_beta_power_precond;eeg_tleft_lbeta_power_precond;eeg_tleft_lalpha_power_precond;eeg_tb_ratio_precond"
2025-12-19 16:07:54.734787,23,"stress_label",7,64,0.0078125,0.465116279069767,0.465116279069767,NA,7,"top7","eeg_fm_specent_precond;eeg_faa_precond;eeg_fl_theta_power_precond;eeg_fm_beta_power_precond;eeg_tleft_lbeta_power_precond;eeg_tleft_lalpha_power_precond;eeg_tb_ratio_precond"
2025-12-19 16:07:54.804733,23,"stress_label",7,128,0.0078125,0.505813953488372,0.47093023255814,NA,7,"top7","eeg_fm_specent_precond;eeg_faa_precond;eeg_fl_theta_power_precond;eeg_fm_beta_power_precond;eeg_tleft_lbeta_power_precond;eeg_tleft_lalpha_power_precond;eeg_tb_ratio_precond"
2025-12-19 16:07:54.959078,23,"stress_label",7,256,0.0078125,0.523255813953488,0.325581395348837,NA,7,"top7","eeg_fm_specent_precond;eeg_faa_precond;eeg_fl_theta_power_precond;eeg_fm_beta_power_precond;eeg_tleft_lbeta_power_precond;eeg_tleft_lalpha_power_precond;eeg_tb_ratio_precond"
2025-12-19 16:07:54.74208,23,"stress_label",7,2,0.015625,0.459302325581395,0.569767441860465,0.385271317829457,7,"top7","eeg_fm_specent_precond;eeg_faa_precond;eeg_fl_theta_power_precond;eeg_fm_beta_power_precond;eeg_tleft_lbeta_power_precond;eeg_tleft_lalpha_power_precond;eeg_tb_ratio_precond"
2025-12-19 16:07:54.739531,23,"stress_label",7,4,0.015625,0.447674418604651,0.534883720930233,0.392248062015504,7,"top7","eeg_fm_specent_precond;eeg_faa_precond;eeg_fl_theta_power_precond;eeg_fm_beta_power_precond;eeg_tleft_lbeta_power_precond;eeg_tleft_lalpha_power_precond;eeg_tb_ratio_precond"
2025-12-19 16:07:54.737519,23,"stress_label",7,8,0.015625,0.441860465116279,0.534883720930233,0.38062015503876,7,"top7","eeg_fm_specent_precond;eeg_faa_precond;eeg_fl_theta_power_precond;eeg_fm_beta_power_precond;eeg_tleft_lbeta_power_precond;eeg_tleft_lalpha_power_precond;eeg_tb_ratio_precond"
2025-12-19 16:07:54.731471,23,"stress_label",7,16,0.015625,0.459302325581395,0.494186046511628,NA,7,"top7","eeg_fm_specent_precond;eeg_faa_precond;eeg_fl_theta_power_precond;eeg_fm_beta_power_precond;eeg_tleft_lbeta_power_precond;eeg_tleft_lalpha_power_precond;eeg_tb_ratio_precond"
2025-12-19 16:07:54.752678,23,"stress_label",7,32,0.015625,0.488372093023256,0.38953488372093,NA,7,"top7","eeg_fm_specent_precond;eeg_faa_precond;eeg_fl_theta_power_precond;eeg_fm_beta_power_precond;eeg_tleft_lbeta_power_precond;eeg_tleft_lalpha_power_precond;eeg_tb_ratio_precond"
2025-12-19 16:07:54.83469,23,"stress_label",7,64,0.015625,0.540697674418605,0.372093023255814,NA,7,"top7","eeg_fm_specent_precond;eeg_faa_precond;eeg_fl_theta_power_precond;eeg_fm_beta_power_precond;eeg_tleft_lbeta_power_precond;eeg_tleft_lalpha_power_precond;eeg_tb_ratio_precond"
2025-12-19 16:07:56.152335,23,"stress_label",7,128,0.015625,0.505813953488372,0.401162790697674,NA,7,"top7","eeg_fm_specent_precond;eeg_faa_precond;eeg_fl_theta_power_precond;eeg_fm_beta_power_precond;eeg_tleft_lbeta_power_precond;eeg_tleft_lalpha_power_precond;eeg_tb_ratio_precond"
2025-12-19 16:07:56.095104,23,"stress_label",7,256,0.015625,0.476744186046512,0.38953488372093,NA,7,"top7","eeg_fm_specent_precond;eeg_faa_precond;eeg_fl_theta_power_precond;eeg_fm_beta_power_precond;eeg_tleft_lbeta_power_precond;eeg_tleft_lalpha_power_precond;eeg_tb_ratio_precond"
2025-12-19 16:07:55.770863,23,"stress_label",7,2,0.03125,0.441860465116279,0.540697674418605,0.369767441860465,7,"top7","eeg_fm_specent_precond;eeg_faa_precond;eeg_fl_theta_power_precond;eeg_fm_beta_power_precond;eeg_tleft_lbeta_power_precond;eeg_tleft_lalpha_power_precond;eeg_tb_ratio_precond"
2025-12-19 16:07:55.819405,23,"stress_label",7,4,0.03125,0.482558139534884,0.5,NA,7,"top7","eeg_fm_specent_precond;eeg_faa_precond;eeg_fl_theta_power_precond;eeg_fm_beta_power_precond;eeg_tleft_lbeta_power_precond;eeg_tleft_lalpha_power_precond;eeg_tb_ratio_precond"
2025-12-19 16:07:55.813759,23,"stress_label",7,8,0.03125,0.482558139534884,0.5,NA,7,"top7","eeg_fm_specent_precond;eeg_faa_precond;eeg_fl_theta_power_precond;eeg_fm_beta_power_precond;eeg_tleft_lbeta_power_precond;eeg_tleft_lalpha_power_precond;eeg_tb_ratio_precond"
2025-12-19 16:07:55.860868,23,"stress_label",7,16,0.03125,0.534883720930233,0.412790697674419,NA,7,"top7","eeg_fm_specent_precond;eeg_faa_precond;eeg_fl_theta_power_precond;eeg_fm_beta_power_precond;eeg_tleft_lbeta_power_precond;eeg_tleft_lalpha_power_precond;eeg_tb_ratio_precond"
2025-12-19 16:07:55.920092,23,"stress_label",7,32,0.03125,0.5,0.412790697674419,NA,7,"top7","eeg_fm_specent_precond;eeg_faa_precond;eeg_fl_theta_power_precond;eeg_fm_beta_power_precond;eeg_tleft_lbeta_power_precond;eeg_tleft_lalpha_power_precond;eeg_tb_ratio_precond"
2025-12-19 16:07:55.987273,23,"stress_label",7,64,0.03125,0.488372093023256,0.406976744186047,NA,7,"top7","eeg_fm_specent_precond;eeg_faa_precond;eeg_fl_theta_power_precond;eeg_fm_beta_power_precond;eeg_tleft_lbeta_power_precond;eeg_tleft_lalpha_power_precond;eeg_tb_ratio_precond"
2025-12-19 16:07:56.363082,23,"stress_label",7,128,0.03125,0.476744186046512,0.372093023255814,NA,7,"top7","eeg_fm_specent_precond;eeg_faa_precond;eeg_fl_theta_power_precond;eeg_fm_beta_power_precond;eeg_tleft_lbeta_power_precond;eeg_tleft_lalpha_power_precond;eeg_tb_ratio_precond"
2025-12-19 16:07:56.418534,23,"stress_label",7,256,0.03125,0.465116279069767,0.494186046511628,NA,7,"top7","eeg_fm_specent_precond;eeg_faa_precond;eeg_fl_theta_power_precond;eeg_fm_beta_power_precond;eeg_tleft_lbeta_power_precond;eeg_tleft_lalpha_power_precond;eeg_tb_ratio_precond"
2025-12-19 16:07:55.829632,23,"stress_label",7,2,0.0625,0.5,0.534883720930233,NA,7,"top7","eeg_fm_specent_precond;eeg_faa_precond;eeg_fl_theta_power_precond;eeg_fm_beta_power_precond;eeg_tleft_lbeta_power_precond;eeg_tleft_lalpha_power_precond;eeg_tb_ratio_precond"
2025-12-19 16:07:55.881086,23,"stress_label",7,4,0.0625,0.523255813953488,0.412790697674419,NA,7,"top7","eeg_fm_specent_precond;eeg_faa_precond;eeg_fl_theta_power_precond;eeg_fm_beta_power_precond;eeg_tleft_lbeta_power_precond;eeg_tleft_lalpha_power_precond;eeg_tb_ratio_precond"
2025-12-19 16:07:55.930033,23,"stress_label",7,8,0.0625,0.505813953488372,0.465116279069767,NA,7,"top7","eeg_fm_specent_precond;eeg_faa_precond;eeg_fl_theta_power_precond;eeg_fm_beta_power_precond;eeg_tleft_lbeta_power_precond;eeg_tleft_lalpha_power_precond;eeg_tb_ratio_precond"
2025-12-19 16:07:56.162731,23,"stress_label",7,16,0.0625,0.47093023255814,0.401162790697674,NA,7,"top7","eeg_fm_specent_precond;eeg_faa_precond;eeg_fl_theta_power_precond;eeg_fm_beta_power_precond;eeg_tleft_lbeta_power_precond;eeg_tleft_lalpha_power_precond;eeg_tb_ratio_precond"
2025-12-19 16:07:56.980819,23,"stress_label",7,32,0.0625,0.47093023255814,0.424418604651163,NA,7,"top7","eeg_fm_specent_precond;eeg_faa_precond;eeg_fl_theta_power_precond;eeg_fm_beta_power_precond;eeg_tleft_lbeta_power_precond;eeg_tleft_lalpha_power_precond;eeg_tb_ratio_precond"
2025-12-19 16:07:57.207666,23,"stress_label",7,64,0.0625,0.441860465116279,0.511627906976744,NA,7,"top7","eeg_fm_specent_precond;eeg_faa_precond;eeg_fl_theta_power_precond;eeg_fm_beta_power_precond;eeg_tleft_lbeta_power_precond;eeg_tleft_lalpha_power_precond;eeg_tb_ratio_precond"
2025-12-19 16:07:57.416168,23,"stress_label",7,128,0.0625,0.441860465116279,0.546511627906977,NA,7,"top7","eeg_fm_specent_precond;eeg_faa_precond;eeg_fl_theta_power_precond;eeg_fm_beta_power_precond;eeg_tleft_lbeta_power_precond;eeg_tleft_lalpha_power_precond;eeg_tb_ratio_precond"
2025-12-19 16:07:57.869639,23,"stress_label",7,256,0.0625,0.47093023255814,0.441860465116279,NA,7,"top7","eeg_fm_specent_precond;eeg_faa_precond;eeg_fl_theta_power_precond;eeg_fm_beta_power_precond;eeg_tleft_lbeta_power_precond;eeg_tleft_lalpha_power_precond;eeg_tb_ratio_precond"
2025-12-19 16:07:56.962152,23,"stress_label",7,2,0.125,0.534883720930233,0.296511627906977,NA,7,"top7","eeg_fm_specent_precond;eeg_faa_precond;eeg_fl_theta_power_precond;eeg_fm_beta_power_precond;eeg_tleft_lbeta_power_precond;eeg_tleft_lalpha_power_precond;eeg_tb_ratio_precond"
2025-12-19 16:07:56.99562,23,"stress_label",7,4,0.125,0.529069767441861,0.325581395348837,NA,7,"top7","eeg_fm_specent_precond;eeg_faa_precond;eeg_fl_theta_power_precond;eeg_fm_beta_power_precond;eeg_tleft_lbeta_power_precond;eeg_tleft_lalpha_power_precond;eeg_tb_ratio_precond"
2025-12-19 16:07:57.084585,23,"stress_label",7,8,0.125,0.488372093023256,0.453488372093023,NA,7,"top7","eeg_fm_specent_precond;eeg_faa_precond;eeg_fl_theta_power_precond;eeg_fm_beta_power_precond;eeg_tleft_lbeta_power_precond;eeg_tleft_lalpha_power_precond;eeg_tb_ratio_precond"
2025-12-19 16:07:57.176464,23,"stress_label",7,16,0.125,0.447674418604651,0.494186046511628,NA,7,"top7","eeg_fm_specent_precond;eeg_faa_precond;eeg_fl_theta_power_precond;eeg_fm_beta_power_precond;eeg_tleft_lbeta_power_precond;eeg_tleft_lalpha_power_precond;eeg_tb_ratio_precond"
2025-12-19 16:07:57.313174,23,"stress_label",7,32,0.125,0.482558139534884,0.453488372093023,NA,7,"top7","eeg_fm_specent_precond;eeg_faa_precond;eeg_fl_theta_power_precond;eeg_fm_beta_power_precond;eeg_tleft_lbeta_power_precond;eeg_tleft_lalpha_power_precond;eeg_tb_ratio_precond"
2025-12-19 16:07:57.574423,23,"stress_label",7,64,0.125,0.523255813953488,0.441860465116279,NA,7,"top7","eeg_fm_specent_precond;eeg_faa_precond;eeg_fl_theta_power_precond;eeg_fm_beta_power_precond;eeg_tleft_lbeta_power_precond;eeg_tleft_lalpha_power_precond;eeg_tb_ratio_precond"
2025-12-19 16:07:57.843631,23,"stress_label",7,128,0.125,0.523255813953488,0.529069767441861,NA,7,"top7","eeg_fm_specent_precond;eeg_faa_precond;eeg_fl_theta_power_precond;eeg_fm_beta_power_precond;eeg_tleft_lbeta_power_precond;eeg_tleft_lalpha_power_precond;eeg_tb_ratio_precond"
2025-12-19 16:07:58.085345,23,"stress_label",7,256,0.125,0.5,0.424418604651163,NA,7,"top7","eeg_fm_specent_precond;eeg_faa_precond;eeg_fl_theta_power_precond;eeg_fm_beta_power_precond;eeg_tleft_lbeta_power_precond;eeg_tleft_lalpha_power_precond;eeg_tb_ratio_precond"
2025-12-19 16:07:57.493564,23,"stress_label",7,2,0.03,0.447674418604651,0.558139534883721,0.369767441860465,7,"top7","eeg_fm_specent_precond;eeg_faa_precond;eeg_fl_theta_power_precond;eeg_fm_beta_power_precond;eeg_tleft_lbeta_power_precond;eeg_tleft_lalpha_power_precond;eeg_tb_ratio_precond"
2025-12-19 16:07:57.51834,23,"stress_label",7,4,0.03,0.465116279069767,0.447674418604651,0.394573643410853,7,"top7","eeg_fm_specent_precond;eeg_faa_precond;eeg_fl_theta_power_precond;eeg_fm_beta_power_precond;eeg_tleft_lbeta_power_precond;eeg_tleft_lalpha_power_precond;eeg_tb_ratio_precond"
2025-12-19 16:07:58.057294,23,"stress_label",7,8,0.03,0.482558139534884,0.488372093023256,NA,7,"top7","eeg_fm_specent_precond;eeg_faa_precond;eeg_fl_theta_power_precond;eeg_fm_beta_power_precond;eeg_tleft_lbeta_power_precond;eeg_tleft_lalpha_power_precond;eeg_tb_ratio_precond"
2025-12-19 16:07:58.095254,23,"stress_label",7,16,0.03,0.540697674418605,0.459302325581395,NA,7,"top7","eeg_fm_specent_precond;eeg_faa_precond;eeg_fl_theta_power_precond;eeg_fm_beta_power_precond;eeg_tleft_lbeta_power_precond;eeg_tleft_lalpha_power_precond;eeg_tb_ratio_precond"
2025-12-19 16:07:58.164049,23,"stress_label",7,32,0.03,0.511627906976744,0.372093023255814,NA,7,"top7","eeg_fm_specent_precond;eeg_faa_precond;eeg_fl_theta_power_precond;eeg_fm_beta_power_precond;eeg_tleft_lbeta_power_precond;eeg_tleft_lalpha_power_precond;eeg_tb_ratio_precond"
2025-12-19 16:07:58.31995,23,"stress_label",7,64,0.03,0.488372093023256,0.459302325581395,NA,7,"top7","eeg_fm_specent_precond;eeg_faa_precond;eeg_fl_theta_power_precond;eeg_fm_beta_power_precond;eeg_tleft_lbeta_power_precond;eeg_tleft_lalpha_power_precond;eeg_tb_ratio_precond"
2025-12-19 16:07:58.524651,23,"stress_label",7,128,0.03,0.482558139534884,0.459302325581395,NA,7,"top7","eeg_fm_specent_precond;eeg_faa_precond;eeg_fl_theta_power_precond;eeg_fm_beta_power_precond;eeg_tleft_lbeta_power_precond;eeg_tleft_lalpha_power_precond;eeg_tb_ratio_precond"
2025-12-19 16:07:58.839532,23,"stress_label",7,256,0.03,0.459302325581395,0.47093023255814,NA,7,"top7","eeg_fm_specent_precond;eeg_faa_precond;eeg_fl_theta_power_precond;eeg_fm_beta_power_precond;eeg_tleft_lbeta_power_precond;eeg_tleft_lalpha_power_precond;eeg_tb_ratio_precond"
2025-12-19 16:07:58.39767,23,"stress_label",7,2,0.06,0.5,0.476744186046512,NA,7,"top7","eeg_fm_specent_precond;eeg_faa_precond;eeg_fl_theta_power_precond;eeg_fm_beta_power_precond;eeg_tleft_lbeta_power_precond;eeg_tleft_lalpha_power_precond;eeg_tb_ratio_precond"
2025-12-19 16:07:58.490006,23,"stress_label",7,4,0.06,0.517441860465116,0.459302325581395,NA,7,"top7","eeg_fm_specent_precond;eeg_faa_precond;eeg_fl_theta_power_precond;eeg_fm_beta_power_precond;eeg_tleft_lbeta_power_precond;eeg_tleft_lalpha_power_precond;eeg_tb_ratio_precond"
2025-12-19 16:07:58.611801,23,"stress_label",7,8,0.06,0.529069767441861,0.453488372093023,NA,7,"top7","eeg_fm_specent_precond;eeg_faa_precond;eeg_fl_theta_power_precond;eeg_fm_beta_power_precond;eeg_tleft_lbeta_power_precond;eeg_tleft_lalpha_power_precond;eeg_tb_ratio_precond"
2025-12-19 16:07:58.639537,23,"stress_label",7,16,0.06,0.482558139534884,0.418604651162791,NA,7,"top7","eeg_fm_specent_precond;eeg_faa_precond;eeg_fl_theta_power_precond;eeg_fm_beta_power_precond;eeg_tleft_lbeta_power_precond;eeg_tleft_lalpha_power_precond;eeg_tb_ratio_precond"
2025-12-19 16:07:58.734917,23,"stress_label",7,32,0.06,0.465116279069767,0.482558139534884,NA,7,"top7","eeg_fm_specent_precond;eeg_faa_precond;eeg_fl_theta_power_precond;eeg_fm_beta_power_precond;eeg_tleft_lbeta_power_precond;eeg_tleft_lalpha_power_precond;eeg_tb_ratio_precond"
2025-12-19 16:07:59.166352,23,"stress_label",7,64,0.06,0.459302325581395,0.453488372093023,NA,7,"top7","eeg_fm_specent_precond;eeg_faa_precond;eeg_fl_theta_power_precond;eeg_fm_beta_power_precond;eeg_tleft_lbeta_power_precond;eeg_tleft_lalpha_power_precond;eeg_tb_ratio_precond"
2025-12-19 16:07:59.313066,23,"stress_label",7,128,0.06,0.453488372093023,0.476744186046512,NA,7,"top7","eeg_fm_specent_precond;eeg_faa_precond;eeg_fl_theta_power_precond;eeg_fm_beta_power_precond;eeg_tleft_lbeta_power_precond;eeg_tleft_lalpha_power_precond;eeg_tb_ratio_precond"
2025-12-19 16:07:59.662491,23,"stress_label",7,256,0.06,0.459302325581395,0.505813953488372,NA,7,"top7","eeg_fm_specent_precond;eeg_faa_precond;eeg_fl_theta_power_precond;eeg_fm_beta_power_precond;eeg_tleft_lbeta_power_precond;eeg_tleft_lalpha_power_precond;eeg_tb_ratio_precond"
2025-12-19 16:07:59.150053,23,"stress_label",7,2,0.1,0.540697674418605,0.430232558139535,NA,7,"top7","eeg_fm_specent_precond;eeg_faa_precond;eeg_fl_theta_power_precond;eeg_fm_beta_power_precond;eeg_tleft_lbeta_power_precond;eeg_tleft_lalpha_power_precond;eeg_tb_ratio_precond"
2025-12-19 16:07:59.135811,23,"stress_label",7,4,0.1,0.534883720930233,0.366279069767442,NA,7,"top7","eeg_fm_specent_precond;eeg_faa_precond;eeg_fl_theta_power_precond;eeg_fm_beta_power_precond;eeg_tleft_lbeta_power_precond;eeg_tleft_lalpha_power_precond;eeg_tb_ratio_precond"
2025-12-19 16:07:59.18991,23,"stress_label",7,8,0.1,0.494186046511628,0.459302325581395,NA,7,"top7","eeg_fm_specent_precond;eeg_faa_precond;eeg_fl_theta_power_precond;eeg_fm_beta_power_precond;eeg_tleft_lbeta_power_precond;eeg_tleft_lalpha_power_precond;eeg_tb_ratio_precond"
2025-12-19 16:07:59.339296,23,"stress_label",7,16,0.1,0.465116279069767,0.488372093023256,NA,7,"top7","eeg_fm_specent_precond;eeg_faa_precond;eeg_fl_theta_power_precond;eeg_fm_beta_power_precond;eeg_tleft_lbeta_power_precond;eeg_tleft_lalpha_power_precond;eeg_tb_ratio_precond"
2025-12-19 16:07:59.415697,23,"stress_label",7,32,0.1,0.453488372093023,0.517441860465116,NA,7,"top7","eeg_fm_specent_precond;eeg_faa_precond;eeg_fl_theta_power_precond;eeg_fm_beta_power_precond;eeg_tleft_lbeta_power_precond;eeg_tleft_lalpha_power_precond;eeg_tb_ratio_precond"
2025-12-19 16:07:59.645022,23,"stress_label",7,64,0.1,0.488372093023256,0.395348837209302,NA,7,"top7","eeg_fm_specent_precond;eeg_faa_precond;eeg_fl_theta_power_precond;eeg_fm_beta_power_precond;eeg_tleft_lbeta_power_precond;eeg_tleft_lalpha_power_precond;eeg_tb_ratio_precond"
2025-12-19 16:07:59.770508,23,"stress_label",7,128,0.1,0.517441860465116,0.441860465116279,0.50077519379845,7,"top7","eeg_fm_specent_precond;eeg_faa_precond;eeg_fl_theta_power_precond;eeg_fm_beta_power_precond;eeg_tleft_lbeta_power_precond;eeg_tleft_lalpha_power_precond;eeg_tb_ratio_precond"
2025-12-19 16:08:00.064044,23,"stress_label",7,256,0.1,0.5,0.476744186046512,NA,7,"top7","eeg_fm_specent_precond;eeg_faa_precond;eeg_fl_theta_power_precond;eeg_fm_beta_power_precond;eeg_tleft_lbeta_power_precond;eeg_tleft_lalpha_power_precond;eeg_tb_ratio_precond"
2025-12-19 16:08:01.321971,24,"stress_label",7,2,0.0078125,0.441860465116279,0.529069767441861,0.417054263565891,7,"top7","eeg_fm_lbeta_power_precond;eeg_fm_specent_precond;eeg_tleft_lbeta_power_precond;eeg_faa_precond;eeg_fl_theta_power_precond;eeg_tleft_lalpha_power_precond;eeg_fl_specent_precond"
2025-12-19 16:08:01.320432,24,"stress_label",7,4,0.0078125,0.430232558139535,0.447674418604651,0.374418604651163,7,"top7","eeg_fm_lbeta_power_precond;eeg_fm_specent_precond;eeg_tleft_lbeta_power_precond;eeg_faa_precond;eeg_fl_theta_power_precond;eeg_tleft_lalpha_power_precond;eeg_fl_specent_precond"
2025-12-19 16:08:01.3369,24,"stress_label",7,8,0.0078125,0.383720930232558,0.563953488372093,0.313953488372093,7,"top7","eeg_fm_lbeta_power_precond;eeg_fm_specent_precond;eeg_tleft_lbeta_power_precond;eeg_faa_precond;eeg_fl_theta_power_precond;eeg_tleft_lalpha_power_precond;eeg_fl_specent_precond"
2025-12-19 16:08:01.332221,24,"stress_label",7,16,0.0078125,0.395348837209302,0.587209302325581,0.357364341085271,7,"top7","eeg_fm_lbeta_power_precond;eeg_fm_specent_precond;eeg_tleft_lbeta_power_precond;eeg_faa_precond;eeg_fl_theta_power_precond;eeg_tleft_lalpha_power_precond;eeg_fl_specent_precond"
2025-12-19 16:08:01.365368,24,"stress_label",7,32,0.0078125,0.395348837209302,0.61046511627907,0.375193798449612,7,"top7","eeg_fm_lbeta_power_precond;eeg_fm_specent_precond;eeg_tleft_lbeta_power_precond;eeg_faa_precond;eeg_fl_theta_power_precond;eeg_tleft_lalpha_power_precond;eeg_fl_specent_precond"
2025-12-19 16:08:01.366892,24,"stress_label",7,64,0.0078125,0.383720930232558,0.529069767441861,NA,7,"top7","eeg_fm_lbeta_power_precond;eeg_fm_specent_precond;eeg_tleft_lbeta_power_precond;eeg_faa_precond;eeg_fl_theta_power_precond;eeg_tleft_lalpha_power_precond;eeg_fl_specent_precond"
2025-12-19 16:08:01.464561,24,"stress_label",7,128,0.0078125,0.36046511627907,0.505813953488372,NA,7,"top7","eeg_fm_lbeta_power_precond;eeg_fm_specent_precond;eeg_tleft_lbeta_power_precond;eeg_faa_precond;eeg_fl_theta_power_precond;eeg_tleft_lalpha_power_precond;eeg_fl_specent_precond"
2025-12-19 16:08:01.541343,24,"stress_label",7,256,0.0078125,0.372093023255814,0.569767441860465,NA,7,"top7","eeg_fm_lbeta_power_precond;eeg_fm_specent_precond;eeg_tleft_lbeta_power_precond;eeg_faa_precond;eeg_fl_theta_power_precond;eeg_tleft_lalpha_power_precond;eeg_fl_specent_precond"
2025-12-19 16:08:01.358353,24,"stress_label",7,2,0.015625,0.430232558139535,0.546511627906977,0.361240310077519,7,"top7","eeg_fm_lbeta_power_precond;eeg_fm_specent_precond;eeg_tleft_lbeta_power_precond;eeg_faa_precond;eeg_fl_theta_power_precond;eeg_tleft_lalpha_power_precond;eeg_fl_specent_precond"
2025-12-19 16:08:01.357335,24,"stress_label",7,4,0.015625,0.406976744186047,0.575581395348837,NA,7,"top7","eeg_fm_lbeta_power_precond;eeg_fm_specent_precond;eeg_tleft_lbeta_power_precond;eeg_faa_precond;eeg_fl_theta_power_precond;eeg_tleft_lalpha_power_precond;eeg_fl_specent_precond"
2025-12-19 16:08:01.411254,24,"stress_label",7,8,0.015625,0.36046511627907,0.616279069767442,NA,7,"top7","eeg_fm_lbeta_power_precond;eeg_fm_specent_precond;eeg_tleft_lbeta_power_precond;eeg_faa_precond;eeg_fl_theta_power_precond;eeg_tleft_lalpha_power_precond;eeg_fl_specent_precond"
2025-12-19 16:08:01.355487,24,"stress_label",7,16,0.015625,0.354651162790698,0.598837209302326,0.317829457364341,7,"top7","eeg_fm_lbeta_power_precond;eeg_fm_specent_precond;eeg_tleft_lbeta_power_precond;eeg_faa_precond;eeg_fl_theta_power_precond;eeg_tleft_lalpha_power_precond;eeg_fl_specent_precond"
2025-12-19 16:08:01.421286,24,"stress_label",7,32,0.015625,0.36046511627907,0.604651162790698,NA,7,"top7","eeg_fm_lbeta_power_precond;eeg_fm_specent_precond;eeg_tleft_lbeta_power_precond;eeg_faa_precond;eeg_fl_theta_power_precond;eeg_tleft_lalpha_power_precond;eeg_fl_specent_precond"
2025-12-19 16:08:01.44683,24,"stress_label",7,64,0.015625,0.377906976744186,0.494186046511628,NA,7,"top7","eeg_fm_lbeta_power_precond;eeg_fm_specent_precond;eeg_tleft_lbeta_power_precond;eeg_faa_precond;eeg_fl_theta_power_precond;eeg_tleft_lalpha_power_precond;eeg_fl_specent_precond"
2025-12-19 16:08:02.544215,24,"stress_label",7,128,0.015625,0.418604651162791,0.511627906976744,NA,7,"top7","eeg_fm_lbeta_power_precond;eeg_fm_specent_precond;eeg_tleft_lbeta_power_precond;eeg_faa_precond;eeg_fl_theta_power_precond;eeg_tleft_lalpha_power_precond;eeg_fl_specent_precond"
2025-12-19 16:08:02.753673,24,"stress_label",7,256,0.015625,0.459302325581395,0.529069767441861,NA,7,"top7","eeg_fm_lbeta_power_precond;eeg_fm_specent_precond;eeg_tleft_lbeta_power_precond;eeg_faa_precond;eeg_fl_theta_power_precond;eeg_tleft_lalpha_power_precond;eeg_fl_specent_precond"
2025-12-19 16:08:02.456922,24,"stress_label",7,2,0.03125,0.406976744186047,0.517441860465116,NA,7,"top7","eeg_fm_lbeta_power_precond;eeg_fm_specent_precond;eeg_tleft_lbeta_power_precond;eeg_faa_precond;eeg_fl_theta_power_precond;eeg_tleft_lalpha_power_precond;eeg_fl_specent_precond"
2025-12-19 16:08:02.431944,24,"stress_label",7,4,0.03125,0.395348837209302,0.616279069767442,NA,7,"top7","eeg_fm_lbeta_power_precond;eeg_fm_specent_precond;eeg_tleft_lbeta_power_precond;eeg_faa_precond;eeg_fl_theta_power_precond;eeg_tleft_lalpha_power_precond;eeg_fl_specent_precond"
2025-12-19 16:08:02.436331,24,"stress_label",7,8,0.03125,0.36046511627907,0.633720930232558,NA,7,"top7","eeg_fm_lbeta_power_precond;eeg_fm_specent_precond;eeg_tleft_lbeta_power_precond;eeg_faa_precond;eeg_fl_theta_power_precond;eeg_tleft_lalpha_power_precond;eeg_fl_specent_precond"
2025-12-19 16:08:02.464499,24,"stress_label",7,16,0.03125,0.383720930232558,0.604651162790698,NA,7,"top7","eeg_fm_lbeta_power_precond;eeg_fm_specent_precond;eeg_tleft_lbeta_power_precond;eeg_faa_precond;eeg_fl_theta_power_precond;eeg_tleft_lalpha_power_precond;eeg_fl_specent_precond"
2025-12-19 16:08:02.514699,24,"stress_label",7,32,0.03125,0.38953488372093,0.523255813953488,NA,7,"top7","eeg_fm_lbeta_power_precond;eeg_fm_specent_precond;eeg_tleft_lbeta_power_precond;eeg_faa_precond;eeg_fl_theta_power_precond;eeg_tleft_lalpha_power_precond;eeg_fl_specent_precond"
2025-12-19 16:08:02.612084,24,"stress_label",7,64,0.03125,0.447674418604651,0.569767441860465,NA,7,"top7","eeg_fm_lbeta_power_precond;eeg_fm_specent_precond;eeg_tleft_lbeta_power_precond;eeg_faa_precond;eeg_fl_theta_power_precond;eeg_tleft_lalpha_power_precond;eeg_fl_specent_precond"
2025-12-19 16:08:02.726508,24,"stress_label",7,128,0.03125,0.47093023255814,0.447674418604651,NA,7,"top7","eeg_fm_lbeta_power_precond;eeg_fm_specent_precond;eeg_tleft_lbeta_power_precond;eeg_faa_precond;eeg_fl_theta_power_precond;eeg_tleft_lalpha_power_precond;eeg_fl_specent_precond"
2025-12-19 16:08:03.101832,24,"stress_label",7,256,0.03125,0.5,0.5,NA,7,"top7","eeg_fm_lbeta_power_precond;eeg_fm_specent_precond;eeg_tleft_lbeta_power_precond;eeg_faa_precond;eeg_fl_theta_power_precond;eeg_tleft_lalpha_power_precond;eeg_fl_specent_precond"
2025-12-19 16:08:02.50282,24,"stress_label",7,2,0.0625,0.447674418604651,0.575581395348837,NA,7,"top7","eeg_fm_lbeta_power_precond;eeg_fm_specent_precond;eeg_tleft_lbeta_power_precond;eeg_faa_precond;eeg_fl_theta_power_precond;eeg_tleft_lalpha_power_precond;eeg_fl_specent_precond"
2025-12-19 16:08:02.55441,24,"stress_label",7,4,0.0625,0.412790697674419,0.569767441860465,NA,7,"top7","eeg_fm_lbeta_power_precond;eeg_fm_specent_precond;eeg_tleft_lbeta_power_precond;eeg_faa_precond;eeg_fl_theta_power_precond;eeg_tleft_lalpha_power_precond;eeg_fl_specent_precond"
2025-12-19 16:08:02.557977,24,"stress_label",7,8,0.0625,0.418604651162791,0.546511627906977,NA,7,"top7","eeg_fm_lbeta_power_precond;eeg_fm_specent_precond;eeg_tleft_lbeta_power_precond;eeg_faa_precond;eeg_fl_theta_power_precond;eeg_tleft_lalpha_power_precond;eeg_fl_specent_precond"
2025-12-19 16:08:02.702025,24,"stress_label",7,16,0.0625,0.488372093023256,0.412790697674419,NA,7,"top7","eeg_fm_lbeta_power_precond;eeg_fm_specent_precond;eeg_tleft_lbeta_power_precond;eeg_faa_precond;eeg_fl_theta_power_precond;eeg_tleft_lalpha_power_precond;eeg_fl_specent_precond"
2025-12-19 16:08:03.634137,24,"stress_label",7,32,0.0625,0.494186046511628,0.436046511627907,NA,7,"top7","eeg_fm_lbeta_power_precond;eeg_fm_specent_precond;eeg_tleft_lbeta_power_precond;eeg_faa_precond;eeg_fl_theta_power_precond;eeg_tleft_lalpha_power_precond;eeg_fl_specent_precond"
2025-12-19 16:08:03.763261,24,"stress_label",7,64,0.0625,0.540697674418605,0.494186046511628,NA,7,"top7","eeg_fm_lbeta_power_precond;eeg_fm_specent_precond;eeg_tleft_lbeta_power_precond;eeg_faa_precond;eeg_fl_theta_power_precond;eeg_tleft_lalpha_power_precond;eeg_fl_specent_precond"
2025-12-19 16:08:04.12858,24,"stress_label",7,128,0.0625,0.540697674418605,0.401162790697674,NA,7,"top7","eeg_fm_lbeta_power_precond;eeg_fm_specent_precond;eeg_tleft_lbeta_power_precond;eeg_faa_precond;eeg_fl_theta_power_precond;eeg_tleft_lalpha_power_precond;eeg_fl_specent_precond"
2025-12-19 16:08:04.54625,24,"stress_label",7,256,0.0625,0.517441860465116,0.430232558139535,NA,7,"top7","eeg_fm_lbeta_power_precond;eeg_fm_specent_precond;eeg_tleft_lbeta_power_precond;eeg_faa_precond;eeg_fl_theta_power_precond;eeg_tleft_lalpha_power_precond;eeg_fl_specent_precond"
2025-12-19 16:08:03.577123,24,"stress_label",7,2,0.125,0.488372093023256,0.406976744186047,NA,7,"top7","eeg_fm_lbeta_power_precond;eeg_fm_specent_precond;eeg_tleft_lbeta_power_precond;eeg_faa_precond;eeg_fl_theta_power_precond;eeg_tleft_lalpha_power_precond;eeg_fl_specent_precond"
2025-12-19 16:08:03.654331,24,"stress_label",7,4,0.125,0.546511627906977,0.465116279069767,NA,7,"top7","eeg_fm_lbeta_power_precond;eeg_fm_specent_precond;eeg_tleft_lbeta_power_precond;eeg_faa_precond;eeg_fl_theta_power_precond;eeg_tleft_lalpha_power_precond;eeg_fl_specent_precond"
2025-12-19 16:08:03.657659,24,"stress_label",7,8,0.125,0.511627906976744,0.377906976744186,NA,7,"top7","eeg_fm_lbeta_power_precond;eeg_fm_specent_precond;eeg_tleft_lbeta_power_precond;eeg_faa_precond;eeg_fl_theta_power_precond;eeg_tleft_lalpha_power_precond;eeg_fl_specent_precond"
2025-12-19 16:08:03.757625,24,"stress_label",7,16,0.125,0.563953488372093,0.372093023255814,NA,7,"top7","eeg_fm_lbeta_power_precond;eeg_fm_specent_precond;eeg_tleft_lbeta_power_precond;eeg_faa_precond;eeg_fl_theta_power_precond;eeg_tleft_lalpha_power_precond;eeg_fl_specent_precond"
2025-12-19 16:08:03.899848,24,"stress_label",7,32,0.125,0.540697674418605,0.412790697674419,NA,7,"top7","eeg_fm_lbeta_power_precond;eeg_fm_specent_precond;eeg_tleft_lbeta_power_precond;eeg_faa_precond;eeg_fl_theta_power_precond;eeg_tleft_lalpha_power_precond;eeg_fl_specent_precond"
2025-12-19 16:08:04.027325,24,"stress_label",7,64,0.125,0.523255813953488,0.401162790697674,NA,7,"top7","eeg_fm_lbeta_power_precond;eeg_fm_specent_precond;eeg_tleft_lbeta_power_precond;eeg_faa_precond;eeg_fl_theta_power_precond;eeg_tleft_lalpha_power_precond;eeg_fl_specent_precond"
2025-12-19 16:08:04.380584,24,"stress_label",7,128,0.125,0.482558139534884,0.459302325581395,NA,7,"top7","eeg_fm_lbeta_power_precond;eeg_fm_specent_precond;eeg_tleft_lbeta_power_precond;eeg_faa_precond;eeg_fl_theta_power_precond;eeg_tleft_lalpha_power_precond;eeg_fl_specent_precond"
2025-12-19 16:08:04.546461,24,"stress_label",7,256,0.125,0.534883720930233,0.563953488372093,NA,7,"top7","eeg_fm_lbeta_power_precond;eeg_fm_specent_precond;eeg_tleft_lbeta_power_precond;eeg_faa_precond;eeg_fl_theta_power_precond;eeg_tleft_lalpha_power_precond;eeg_fl_specent_precond"
2025-12-19 16:08:03.843595,24,"stress_label",7,2,0.03,0.406976744186047,0.540697674418605,NA,7,"top7","eeg_fm_lbeta_power_precond;eeg_fm_specent_precond;eeg_tleft_lbeta_power_precond;eeg_faa_precond;eeg_fl_theta_power_precond;eeg_tleft_lalpha_power_precond;eeg_fl_specent_precond"
2025-12-19 16:08:04.161692,24,"stress_label",7,4,0.03,0.395348837209302,0.633720930232558,NA,7,"top7","eeg_fm_lbeta_power_precond;eeg_fm_specent_precond;eeg_tleft_lbeta_power_precond;eeg_faa_precond;eeg_fl_theta_power_precond;eeg_tleft_lalpha_power_precond;eeg_fl_specent_precond"
2025-12-19 16:08:04.65601,24,"stress_label",7,8,0.03,0.348837209302326,0.622093023255814,NA,7,"top7","eeg_fm_lbeta_power_precond;eeg_fm_specent_precond;eeg_tleft_lbeta_power_precond;eeg_faa_precond;eeg_fl_theta_power_precond;eeg_tleft_lalpha_power_precond;eeg_fl_specent_precond"
2025-12-19 16:08:04.739627,24,"stress_label",7,16,0.03,0.383720930232558,0.61046511627907,NA,7,"top7","eeg_fm_lbeta_power_precond;eeg_fm_specent_precond;eeg_tleft_lbeta_power_precond;eeg_faa_precond;eeg_fl_theta_power_precond;eeg_tleft_lalpha_power_precond;eeg_fl_specent_precond"
2025-12-19 16:08:04.775084,24,"stress_label",7,32,0.03,0.38953488372093,0.552325581395349,NA,7,"top7","eeg_fm_lbeta_power_precond;eeg_fm_specent_precond;eeg_tleft_lbeta_power_precond;eeg_faa_precond;eeg_fl_theta_power_precond;eeg_tleft_lalpha_power_precond;eeg_fl_specent_precond"
2025-12-19 16:08:04.888124,24,"stress_label",7,64,0.03,0.436046511627907,0.581395348837209,NA,7,"top7","eeg_fm_lbeta_power_precond;eeg_fm_specent_precond;eeg_tleft_lbeta_power_precond;eeg_faa_precond;eeg_fl_theta_power_precond;eeg_tleft_lalpha_power_precond;eeg_fl_specent_precond"
2025-12-19 16:08:05.146971,24,"stress_label",7,128,0.03,0.47093023255814,0.401162790697674,NA,7,"top7","eeg_fm_lbeta_power_precond;eeg_fm_specent_precond;eeg_tleft_lbeta_power_precond;eeg_faa_precond;eeg_fl_theta_power_precond;eeg_tleft_lalpha_power_precond;eeg_fl_specent_precond"
2025-12-19 16:08:05.439339,24,"stress_label",7,256,0.03,0.488372093023256,0.453488372093023,NA,7,"top7","eeg_fm_lbeta_power_precond;eeg_fm_specent_precond;eeg_tleft_lbeta_power_precond;eeg_faa_precond;eeg_fl_theta_power_precond;eeg_tleft_lalpha_power_precond;eeg_fl_specent_precond"
2025-12-19 16:08:04.907808,24,"stress_label",7,2,0.06,0.424418604651163,0.563953488372093,NA,7,"top7","eeg_fm_lbeta_power_precond;eeg_fm_specent_precond;eeg_tleft_lbeta_power_precond;eeg_faa_precond;eeg_fl_theta_power_precond;eeg_tleft_lalpha_power_precond;eeg_fl_specent_precond"
2025-12-19 16:08:04.985096,24,"stress_label",7,4,0.06,0.401162790697674,0.563953488372093,NA,7,"top7","eeg_fm_lbeta_power_precond;eeg_fm_specent_precond;eeg_tleft_lbeta_power_precond;eeg_faa_precond;eeg_fl_theta_power_precond;eeg_tleft_lalpha_power_precond;eeg_fl_specent_precond"
2025-12-19 16:08:05.118839,24,"stress_label",7,8,0.06,0.424418604651163,0.546511627906977,NA,7,"top7","eeg_fm_lbeta_power_precond;eeg_fm_specent_precond;eeg_tleft_lbeta_power_precond;eeg_faa_precond;eeg_fl_theta_power_precond;eeg_tleft_lalpha_power_precond;eeg_fl_specent_precond"
2025-12-19 16:08:05.230694,24,"stress_label",7,16,0.06,0.482558139534884,0.430232558139535,NA,7,"top7","eeg_fm_lbeta_power_precond;eeg_fm_specent_precond;eeg_tleft_lbeta_power_precond;eeg_faa_precond;eeg_fl_theta_power_precond;eeg_tleft_lalpha_power_precond;eeg_fl_specent_precond"
2025-12-19 16:08:05.356704,24,"stress_label",7,32,0.06,0.482558139534884,0.459302325581395,NA,7,"top7","eeg_fm_lbeta_power_precond;eeg_fm_specent_precond;eeg_tleft_lbeta_power_precond;eeg_faa_precond;eeg_fl_theta_power_precond;eeg_tleft_lalpha_power_precond;eeg_fl_specent_precond"
2025-12-19 16:08:05.88777,24,"stress_label",7,64,0.06,0.546511627906977,0.406976744186047,NA,7,"top7","eeg_fm_lbeta_power_precond;eeg_fm_specent_precond;eeg_tleft_lbeta_power_precond;eeg_faa_precond;eeg_fl_theta_power_precond;eeg_tleft_lalpha_power_precond;eeg_fl_specent_precond"
2025-12-19 16:08:05.96617,24,"stress_label",7,128,0.06,0.540697674418605,0.406976744186047,NA,7,"top7","eeg_fm_lbeta_power_precond;eeg_fm_specent_precond;eeg_tleft_lbeta_power_precond;eeg_faa_precond;eeg_fl_theta_power_precond;eeg_tleft_lalpha_power_precond;eeg_fl_specent_precond"
2025-12-19 16:08:06.307885,24,"stress_label",7,256,0.06,0.511627906976744,0.465116279069767,NA,7,"top7","eeg_fm_lbeta_power_precond;eeg_fm_specent_precond;eeg_tleft_lbeta_power_precond;eeg_faa_precond;eeg_fl_theta_power_precond;eeg_tleft_lalpha_power_precond;eeg_fl_specent_precond"
2025-12-19 16:08:05.691864,24,"stress_label",7,2,0.1,0.447674418604651,0.581395348837209,NA,7,"top7","eeg_fm_lbeta_power_precond;eeg_fm_specent_precond;eeg_tleft_lbeta_power_precond;eeg_faa_precond;eeg_fl_theta_power_precond;eeg_tleft_lalpha_power_precond;eeg_fl_specent_precond"
2025-12-19 16:08:05.800422,24,"stress_label",7,4,0.1,0.494186046511628,0.482558139534884,NA,7,"top7","eeg_fm_lbeta_power_precond;eeg_fm_specent_precond;eeg_tleft_lbeta_power_precond;eeg_faa_precond;eeg_fl_theta_power_precond;eeg_tleft_lalpha_power_precond;eeg_fl_specent_precond"
2025-12-19 16:08:05.820755,24,"stress_label",7,8,0.1,0.505813953488372,0.552325581395349,NA,7,"top7","eeg_fm_lbeta_power_precond;eeg_fm_specent_precond;eeg_tleft_lbeta_power_precond;eeg_faa_precond;eeg_fl_theta_power_precond;eeg_tleft_lalpha_power_precond;eeg_fl_specent_precond"
2025-12-19 16:08:05.944174,24,"stress_label",7,16,0.1,0.534883720930233,0.406976744186047,NA,7,"top7","eeg_fm_lbeta_power_precond;eeg_fm_specent_precond;eeg_tleft_lbeta_power_precond;eeg_faa_precond;eeg_fl_theta_power_precond;eeg_tleft_lalpha_power_precond;eeg_fl_specent_precond"
2025-12-19 16:08:06.056064,24,"stress_label",7,32,0.1,0.552325581395349,0.424418604651163,NA,7,"top7","eeg_fm_lbeta_power_precond;eeg_fm_specent_precond;eeg_tleft_lbeta_power_precond;eeg_faa_precond;eeg_fl_theta_power_precond;eeg_tleft_lalpha_power_precond;eeg_fl_specent_precond"
2025-12-19 16:08:06.210948,24,"stress_label",7,64,0.1,0.534883720930233,0.453488372093023,NA,7,"top7","eeg_fm_lbeta_power_precond;eeg_fm_specent_precond;eeg_tleft_lbeta_power_precond;eeg_faa_precond;eeg_fl_theta_power_precond;eeg_tleft_lalpha_power_precond;eeg_fl_specent_precond"
2025-12-19 16:08:06.415635,24,"stress_label",7,128,0.1,0.511627906976744,0.441860465116279,NA,7,"top7","eeg_fm_lbeta_power_precond;eeg_fm_specent_precond;eeg_tleft_lbeta_power_precond;eeg_faa_precond;eeg_fl_theta_power_precond;eeg_tleft_lalpha_power_precond;eeg_fl_specent_precond"
2025-12-19 16:08:06.625783,24,"stress_label",7,256,0.1,0.5,0.517441860465116,NA,7,"top7","eeg_fm_lbeta_power_precond;eeg_fm_specent_precond;eeg_tleft_lbeta_power_precond;eeg_faa_precond;eeg_fl_theta_power_precond;eeg_tleft_lalpha_power_precond;eeg_fl_specent_precond"
2025-12-19 16:08:07.936735,25,"stress_label",7,2,0.0078125,0.447674418604651,0.523255813953488,NA,7,"top7","eeg_fm_specent_precond;eeg_fm_beta_power_precond;eeg_faa_precond;eeg_tleft_lbeta_power_precond;eeg_tleft_lalpha_power_precond;eeg_ta_ratio_precond;eeg_pleft_halpha_power_precond"
2025-12-19 16:08:07.916496,25,"stress_label",7,4,0.0078125,0.436046511627907,0.534883720930233,0.348062015503876,7,"top7","eeg_fm_specent_precond;eeg_fm_beta_power_precond;eeg_faa_precond;eeg_tleft_lbeta_power_precond;eeg_tleft_lalpha_power_precond;eeg_ta_ratio_precond;eeg_pleft_halpha_power_precond"
2025-12-19 16:08:07.941308,25,"stress_label",7,8,0.0078125,0.412790697674419,0.505813953488372,0.322480620155039,7,"top7","eeg_fm_specent_precond;eeg_fm_beta_power_precond;eeg_faa_precond;eeg_tleft_lbeta_power_precond;eeg_tleft_lalpha_power_precond;eeg_ta_ratio_precond;eeg_pleft_halpha_power_precond"
2025-12-19 16:08:07.951449,25,"stress_label",7,16,0.0078125,0.424418604651163,0.523255813953488,0.336434108527132,7,"top7","eeg_fm_specent_precond;eeg_fm_beta_power_precond;eeg_faa_precond;eeg_tleft_lbeta_power_precond;eeg_tleft_lalpha_power_precond;eeg_ta_ratio_precond;eeg_pleft_halpha_power_precond"
2025-12-19 16:08:07.908823,25,"stress_label",7,32,0.0078125,0.424418604651163,0.575581395348837,0.324806201550388,7,"top7","eeg_fm_specent_precond;eeg_fm_beta_power_precond;eeg_faa_precond;eeg_tleft_lbeta_power_precond;eeg_tleft_lalpha_power_precond;eeg_ta_ratio_precond;eeg_pleft_halpha_power_precond"
2025-12-19 16:08:08.016101,25,"stress_label",7,64,0.0078125,0.436046511627907,0.61046511627907,NA,7,"top7","eeg_fm_specent_precond;eeg_fm_beta_power_precond;eeg_faa_precond;eeg_tleft_lbeta_power_precond;eeg_tleft_lalpha_power_precond;eeg_ta_ratio_precond;eeg_pleft_halpha_power_precond"
2025-12-19 16:08:08.048935,25,"stress_label",7,128,0.0078125,0.447674418604651,0.447674418604651,NA,7,"top7","eeg_fm_specent_precond;eeg_fm_beta_power_precond;eeg_faa_precond;eeg_tleft_lbeta_power_precond;eeg_tleft_lalpha_power_precond;eeg_ta_ratio_precond;eeg_pleft_halpha_power_precond"
2025-12-19 16:08:08.130863,25,"stress_label",7,256,0.0078125,0.540697674418605,0.308139534883721,NA,7,"top7","eeg_fm_specent_precond;eeg_fm_beta_power_precond;eeg_faa_precond;eeg_tleft_lbeta_power_precond;eeg_tleft_lalpha_power_precond;eeg_ta_ratio_precond;eeg_pleft_halpha_power_precond"
2025-12-19 16:08:07.934936,25,"stress_label",7,2,0.015625,0.424418604651163,0.563953488372093,0.329457364341085,7,"top7","eeg_fm_specent_precond;eeg_fm_beta_power_precond;eeg_faa_precond;eeg_tleft_lbeta_power_precond;eeg_tleft_lalpha_power_precond;eeg_ta_ratio_precond;eeg_pleft_halpha_power_precond"
2025-12-19 16:08:07.929936,25,"stress_label",7,4,0.015625,0.406976744186047,0.63953488372093,0.307751937984496,7,"top7","eeg_fm_specent_precond;eeg_fm_beta_power_precond;eeg_faa_precond;eeg_tleft_lbeta_power_precond;eeg_tleft_lalpha_power_precond;eeg_ta_ratio_precond;eeg_pleft_halpha_power_precond"
2025-12-19 16:08:07.981342,25,"stress_label",7,8,0.015625,0.418604651162791,0.581395348837209,0.31937984496124,7,"top7","eeg_fm_specent_precond;eeg_fm_beta_power_precond;eeg_faa_precond;eeg_tleft_lbeta_power_precond;eeg_tleft_lalpha_power_precond;eeg_ta_ratio_precond;eeg_pleft_halpha_power_precond"
2025-12-19 16:08:07.96862,25,"stress_label",7,16,0.015625,0.424418604651163,0.523255813953488,NA,7,"top7","eeg_fm_specent_precond;eeg_fm_beta_power_precond;eeg_faa_precond;eeg_tleft_lbeta_power_precond;eeg_tleft_lalpha_power_precond;eeg_ta_ratio_precond;eeg_pleft_halpha_power_precond"
2025-12-19 16:08:08.017395,25,"stress_label",7,32,0.015625,0.459302325581395,0.430232558139535,NA,7,"top7","eeg_fm_specent_precond;eeg_fm_beta_power_precond;eeg_faa_precond;eeg_tleft_lbeta_power_precond;eeg_tleft_lalpha_power_precond;eeg_ta_ratio_precond;eeg_pleft_halpha_power_precond"
2025-12-19 16:08:08.053597,25,"stress_label",7,64,0.015625,0.552325581395349,0.441860465116279,NA,7,"top7","eeg_fm_specent_precond;eeg_fm_beta_power_precond;eeg_faa_precond;eeg_tleft_lbeta_power_precond;eeg_tleft_lalpha_power_precond;eeg_ta_ratio_precond;eeg_pleft_halpha_power_precond"
2025-12-19 16:08:09.159821,25,"stress_label",7,128,0.015625,0.563953488372093,0.5,NA,7,"top7","eeg_fm_specent_precond;eeg_fm_beta_power_precond;eeg_faa_precond;eeg_tleft_lbeta_power_precond;eeg_tleft_lalpha_power_precond;eeg_ta_ratio_precond;eeg_pleft_halpha_power_precond"
2025-12-19 16:08:09.352157,25,"stress_label",7,256,0.015625,0.540697674418605,0.534883720930233,NA,7,"top7","eeg_fm_specent_precond;eeg_fm_beta_power_precond;eeg_faa_precond;eeg_tleft_lbeta_power_precond;eeg_tleft_lalpha_power_precond;eeg_ta_ratio_precond;eeg_pleft_halpha_power_precond"
2025-12-19 16:08:09.026424,25,"stress_label",7,2,0.03125,0.436046511627907,0.558139534883721,NA,7,"top7","eeg_fm_specent_precond;eeg_fm_beta_power_precond;eeg_faa_precond;eeg_tleft_lbeta_power_precond;eeg_tleft_lalpha_power_precond;eeg_ta_ratio_precond;eeg_pleft_halpha_power_precond"
2025-12-19 16:08:09.014929,25,"stress_label",7,4,0.03125,0.436046511627907,0.546511627906977,NA,7,"top7","eeg_fm_specent_precond;eeg_fm_beta_power_precond;eeg_faa_precond;eeg_tleft_lbeta_power_precond;eeg_tleft_lalpha_power_precond;eeg_ta_ratio_precond;eeg_pleft_halpha_power_precond"
2025-12-19 16:08:09.040739,25,"stress_label",7,8,0.03125,0.459302325581395,0.395348837209302,NA,7,"top7","eeg_fm_specent_precond;eeg_fm_beta_power_precond;eeg_faa_precond;eeg_tleft_lbeta_power_precond;eeg_tleft_lalpha_power_precond;eeg_ta_ratio_precond;eeg_pleft_halpha_power_precond"
2025-12-19 16:08:09.061235,25,"stress_label",7,16,0.03125,0.517441860465116,0.354651162790698,NA,7,"top7","eeg_fm_specent_precond;eeg_fm_beta_power_precond;eeg_faa_precond;eeg_tleft_lbeta_power_precond;eeg_tleft_lalpha_power_precond;eeg_ta_ratio_precond;eeg_pleft_halpha_power_precond"
2025-12-19 16:08:09.098851,25,"stress_label",7,32,0.03125,0.534883720930233,0.377906976744186,NA,7,"top7","eeg_fm_specent_precond;eeg_fm_beta_power_precond;eeg_faa_precond;eeg_tleft_lbeta_power_precond;eeg_tleft_lalpha_power_precond;eeg_ta_ratio_precond;eeg_pleft_halpha_power_precond"
2025-12-19 16:08:09.244982,25,"stress_label",7,64,0.03125,0.587209302325581,0.511627906976744,NA,7,"top7","eeg_fm_specent_precond;eeg_fm_beta_power_precond;eeg_faa_precond;eeg_tleft_lbeta_power_precond;eeg_tleft_lalpha_power_precond;eeg_ta_ratio_precond;eeg_pleft_halpha_power_precond"
2025-12-19 16:08:09.449115,25,"stress_label",7,128,0.03125,0.61046511627907,0.558139534883721,NA,7,"top7","eeg_fm_specent_precond;eeg_fm_beta_power_precond;eeg_faa_precond;eeg_tleft_lbeta_power_precond;eeg_tleft_lalpha_power_precond;eeg_ta_ratio_precond;eeg_pleft_halpha_power_precond"
2025-12-19 16:08:09.677713,25,"stress_label",7,256,0.03125,0.529069767441861,0.540697674418605,NA,7,"top7","eeg_fm_specent_precond;eeg_fm_beta_power_precond;eeg_faa_precond;eeg_tleft_lbeta_power_precond;eeg_tleft_lalpha_power_precond;eeg_ta_ratio_precond;eeg_pleft_halpha_power_precond"
2025-12-19 16:08:09.138971,25,"stress_label",7,2,0.0625,0.465116279069767,0.511627906976744,NA,7,"top7","eeg_fm_specent_precond;eeg_fm_beta_power_precond;eeg_faa_precond;eeg_tleft_lbeta_power_precond;eeg_tleft_lalpha_power_precond;eeg_ta_ratio_precond;eeg_pleft_halpha_power_precond"
2025-12-19 16:08:09.155026,25,"stress_label",7,4,0.0625,0.494186046511628,0.38953488372093,NA,7,"top7","eeg_fm_specent_precond;eeg_fm_beta_power_precond;eeg_faa_precond;eeg_tleft_lbeta_power_precond;eeg_tleft_lalpha_power_precond;eeg_ta_ratio_precond;eeg_pleft_halpha_power_precond"
2025-12-19 16:08:09.202121,25,"stress_label",7,8,0.0625,0.517441860465116,0.436046511627907,NA,7,"top7","eeg_fm_specent_precond;eeg_fm_beta_power_precond;eeg_faa_precond;eeg_tleft_lbeta_power_precond;eeg_tleft_lalpha_power_precond;eeg_ta_ratio_precond;eeg_pleft_halpha_power_precond"
2025-12-19 16:08:09.313567,25,"stress_label",7,16,0.0625,0.616279069767442,0.552325581395349,NA,7,"top7","eeg_fm_specent_precond;eeg_fm_beta_power_precond;eeg_faa_precond;eeg_tleft_lbeta_power_precond;eeg_tleft_lalpha_power_precond;eeg_ta_ratio_precond;eeg_pleft_halpha_power_precond"
2025-12-19 16:08:10.261507,25,"stress_label",7,32,0.0625,0.593023255813954,0.563953488372093,NA,7,"top7","eeg_fm_specent_precond;eeg_fm_beta_power_precond;eeg_faa_precond;eeg_tleft_lbeta_power_precond;eeg_tleft_lalpha_power_precond;eeg_ta_ratio_precond;eeg_pleft_halpha_power_precond"
2025-12-19 16:08:10.345062,25,"stress_label",7,64,0.0625,0.447674418604651,0.529069767441861,NA,7,"top7","eeg_fm_specent_precond;eeg_fm_beta_power_precond;eeg_faa_precond;eeg_tleft_lbeta_power_precond;eeg_tleft_lalpha_power_precond;eeg_ta_ratio_precond;eeg_pleft_halpha_power_precond"
2025-12-19 16:08:10.587147,25,"stress_label",7,128,0.0625,0.476744186046512,0.505813953488372,NA,7,"top7","eeg_fm_specent_precond;eeg_fm_beta_power_precond;eeg_faa_precond;eeg_tleft_lbeta_power_precond;eeg_tleft_lalpha_power_precond;eeg_ta_ratio_precond;eeg_pleft_halpha_power_precond"
2025-12-19 16:08:10.951777,25,"stress_label",7,256,0.0625,0.523255813953488,0.383720930232558,NA,7,"top7","eeg_fm_specent_precond;eeg_fm_beta_power_precond;eeg_faa_precond;eeg_tleft_lbeta_power_precond;eeg_tleft_lalpha_power_precond;eeg_ta_ratio_precond;eeg_pleft_halpha_power_precond"
2025-12-19 16:08:10.199918,25,"stress_label",7,2,0.125,0.488372093023256,0.459302325581395,NA,7,"top7","eeg_fm_specent_precond;eeg_fm_beta_power_precond;eeg_faa_precond;eeg_tleft_lbeta_power_precond;eeg_tleft_lalpha_power_precond;eeg_ta_ratio_precond;eeg_pleft_halpha_power_precond"
2025-12-19 16:08:10.252191,25,"stress_label",7,4,0.125,0.534883720930233,0.436046511627907,NA,7,"top7","eeg_fm_specent_precond;eeg_fm_beta_power_precond;eeg_faa_precond;eeg_tleft_lbeta_power_precond;eeg_tleft_lalpha_power_precond;eeg_ta_ratio_precond;eeg_pleft_halpha_power_precond"
2025-12-19 16:08:10.26962,25,"stress_label",7,8,0.125,0.529069767441861,0.38953488372093,NA,7,"top7","eeg_fm_specent_precond;eeg_fm_beta_power_precond;eeg_faa_precond;eeg_tleft_lbeta_power_precond;eeg_tleft_lalpha_power_precond;eeg_ta_ratio_precond;eeg_pleft_halpha_power_precond"
2025-12-19 16:08:10.386514,25,"stress_label",7,16,0.125,0.488372093023256,0.453488372093023,NA,7,"top7","eeg_fm_specent_precond;eeg_fm_beta_power_precond;eeg_faa_precond;eeg_tleft_lbeta_power_precond;eeg_tleft_lalpha_power_precond;eeg_ta_ratio_precond;eeg_pleft_halpha_power_precond"
2025-12-19 16:08:10.458713,25,"stress_label",7,32,0.125,0.465116279069767,0.47093023255814,NA,7,"top7","eeg_fm_specent_precond;eeg_fm_beta_power_precond;eeg_faa_precond;eeg_tleft_lbeta_power_precond;eeg_tleft_lalpha_power_precond;eeg_ta_ratio_precond;eeg_pleft_halpha_power_precond"
2025-12-19 16:08:10.702364,25,"stress_label",7,64,0.125,0.465116279069767,0.395348837209302,NA,7,"top7","eeg_fm_specent_precond;eeg_fm_beta_power_precond;eeg_faa_precond;eeg_tleft_lbeta_power_precond;eeg_tleft_lalpha_power_precond;eeg_ta_ratio_precond;eeg_pleft_halpha_power_precond"
2025-12-19 16:08:10.950035,25,"stress_label",7,128,0.125,0.488372093023256,0.511627906976744,NA,7,"top7","eeg_fm_specent_precond;eeg_fm_beta_power_precond;eeg_faa_precond;eeg_tleft_lbeta_power_precond;eeg_tleft_lalpha_power_precond;eeg_ta_ratio_precond;eeg_pleft_halpha_power_precond"
2025-12-19 16:08:11.227336,25,"stress_label",7,256,0.125,0.494186046511628,0.436046511627907,NA,7,"top7","eeg_fm_specent_precond;eeg_fm_beta_power_precond;eeg_faa_precond;eeg_tleft_lbeta_power_precond;eeg_tleft_lalpha_power_precond;eeg_ta_ratio_precond;eeg_pleft_halpha_power_precond"
2025-12-19 16:08:10.530949,25,"stress_label",7,2,0.03,0.424418604651163,0.598837209302326,0.327131782945736,7,"top7","eeg_fm_specent_precond;eeg_fm_beta_power_precond;eeg_faa_precond;eeg_tleft_lbeta_power_precond;eeg_tleft_lalpha_power_precond;eeg_ta_ratio_precond;eeg_pleft_halpha_power_precond"
2025-12-19 16:08:10.746362,25,"stress_label",7,4,0.03,0.424418604651163,0.534883720930233,NA,7,"top7","eeg_fm_specent_precond;eeg_fm_beta_power_precond;eeg_faa_precond;eeg_tleft_lbeta_power_precond;eeg_tleft_lalpha_power_precond;eeg_ta_ratio_precond;eeg_pleft_halpha_power_precond"
2025-12-19 16:08:11.30517,25,"stress_label",7,8,0.03,0.465116279069767,0.430232558139535,NA,7,"top7","eeg_fm_specent_precond;eeg_fm_beta_power_precond;eeg_faa_precond;eeg_tleft_lbeta_power_precond;eeg_tleft_lalpha_power_precond;eeg_ta_ratio_precond;eeg_pleft_halpha_power_precond"
2025-12-19 16:08:11.370848,25,"stress_label",7,16,0.03,0.529069767441861,0.412790697674419,NA,7,"top7","eeg_fm_specent_precond;eeg_fm_beta_power_precond;eeg_faa_precond;eeg_tleft_lbeta_power_precond;eeg_tleft_lalpha_power_precond;eeg_ta_ratio_precond;eeg_pleft_halpha_power_precond"
2025-12-19 16:08:11.41954,25,"stress_label",7,32,0.03,0.546511627906977,0.465116279069767,NA,7,"top7","eeg_fm_specent_precond;eeg_fm_beta_power_precond;eeg_faa_precond;eeg_tleft_lbeta_power_precond;eeg_tleft_lalpha_power_precond;eeg_ta_ratio_precond;eeg_pleft_halpha_power_precond"
2025-12-19 16:08:11.49767,25,"stress_label",7,64,0.03,0.569767441860465,0.517441860465116,NA,7,"top7","eeg_fm_specent_precond;eeg_fm_beta_power_precond;eeg_faa_precond;eeg_tleft_lbeta_power_precond;eeg_tleft_lalpha_power_precond;eeg_ta_ratio_precond;eeg_pleft_halpha_power_precond"
2025-12-19 16:08:11.71238,25,"stress_label",7,128,0.03,0.61046511627907,0.616279069767442,NA,7,"top7","eeg_fm_specent_precond;eeg_fm_beta_power_precond;eeg_faa_precond;eeg_tleft_lbeta_power_precond;eeg_tleft_lalpha_power_precond;eeg_ta_ratio_precond;eeg_pleft_halpha_power_precond"
2025-12-19 16:08:12.023656,25,"stress_label",7,256,0.03,0.558139534883721,0.546511627906977,NA,7,"top7","eeg_fm_specent_precond;eeg_fm_beta_power_precond;eeg_faa_precond;eeg_tleft_lbeta_power_precond;eeg_tleft_lalpha_power_precond;eeg_ta_ratio_precond;eeg_pleft_halpha_power_precond"
2025-12-19 16:08:11.560402,25,"stress_label",7,2,0.06,0.459302325581395,0.459302325581395,NA,7,"top7","eeg_fm_specent_precond;eeg_fm_beta_power_precond;eeg_faa_precond;eeg_tleft_lbeta_power_precond;eeg_tleft_lalpha_power_precond;eeg_ta_ratio_precond;eeg_pleft_halpha_power_precond"
2025-12-19 16:08:11.620601,25,"stress_label",7,4,0.06,0.488372093023256,0.459302325581395,NA,7,"top7","eeg_fm_specent_precond;eeg_fm_beta_power_precond;eeg_faa_precond;eeg_tleft_lbeta_power_precond;eeg_tleft_lalpha_power_precond;eeg_ta_ratio_precond;eeg_pleft_halpha_power_precond"
2025-12-19 16:08:11.718949,25,"stress_label",7,8,0.06,0.511627906976744,0.447674418604651,NA,7,"top7","eeg_fm_specent_precond;eeg_fm_beta_power_precond;eeg_faa_precond;eeg_tleft_lbeta_power_precond;eeg_tleft_lalpha_power_precond;eeg_ta_ratio_precond;eeg_pleft_halpha_power_precond"
2025-12-19 16:08:11.834581,25,"stress_label",7,16,0.06,0.604651162790698,0.558139534883721,NA,7,"top7","eeg_fm_specent_precond;eeg_fm_beta_power_precond;eeg_faa_precond;eeg_tleft_lbeta_power_precond;eeg_tleft_lalpha_power_precond;eeg_ta_ratio_precond;eeg_pleft_halpha_power_precond"
2025-12-19 16:08:11.913151,25,"stress_label",7,32,0.06,0.587209302325581,0.575581395348837,NA,7,"top7","eeg_fm_specent_precond;eeg_fm_beta_power_precond;eeg_faa_precond;eeg_tleft_lbeta_power_precond;eeg_tleft_lalpha_power_precond;eeg_ta_ratio_precond;eeg_pleft_halpha_power_precond"
2025-12-19 16:08:12.268425,25,"stress_label",7,64,0.06,0.465116279069767,0.441860465116279,NA,7,"top7","eeg_fm_specent_precond;eeg_fm_beta_power_precond;eeg_faa_precond;eeg_tleft_lbeta_power_precond;eeg_tleft_lalpha_power_precond;eeg_ta_ratio_precond;eeg_pleft_halpha_power_precond"
2025-12-19 16:08:12.440737,25,"stress_label",7,128,0.06,0.47093023255814,0.418604651162791,NA,7,"top7","eeg_fm_specent_precond;eeg_fm_beta_power_precond;eeg_faa_precond;eeg_tleft_lbeta_power_precond;eeg_tleft_lalpha_power_precond;eeg_ta_ratio_precond;eeg_pleft_halpha_power_precond"
2025-12-19 16:08:12.809833,25,"stress_label",7,256,0.06,0.505813953488372,0.412790697674419,NA,7,"top7","eeg_fm_specent_precond;eeg_fm_beta_power_precond;eeg_faa_precond;eeg_tleft_lbeta_power_precond;eeg_tleft_lalpha_power_precond;eeg_ta_ratio_precond;eeg_pleft_halpha_power_precond"
2025-12-19 16:08:12.379544,25,"stress_label",7,2,0.1,0.5,0.372093023255814,NA,7,"top7","eeg_fm_specent_precond;eeg_fm_beta_power_precond;eeg_faa_precond;eeg_tleft_lbeta_power_precond;eeg_tleft_lalpha_power_precond;eeg_ta_ratio_precond;eeg_pleft_halpha_power_precond"
2025-12-19 16:08:12.449148,25,"stress_label",7,4,0.1,0.511627906976744,0.488372093023256,NA,7,"top7","eeg_fm_specent_precond;eeg_fm_beta_power_precond;eeg_faa_precond;eeg_tleft_lbeta_power_precond;eeg_tleft_lalpha_power_precond;eeg_ta_ratio_precond;eeg_pleft_halpha_power_precond"
2025-12-19 16:08:12.447763,25,"stress_label",7,8,0.1,0.593023255813954,0.459302325581395,NA,7,"top7","eeg_fm_specent_precond;eeg_fm_beta_power_precond;eeg_faa_precond;eeg_tleft_lbeta_power_precond;eeg_tleft_lalpha_power_precond;eeg_ta_ratio_precond;eeg_pleft_halpha_power_precond"
2025-12-19 16:08:12.567953,25,"stress_label",7,16,0.1,0.511627906976744,0.482558139534884,NA,7,"top7","eeg_fm_specent_precond;eeg_fm_beta_power_precond;eeg_faa_precond;eeg_tleft_lbeta_power_precond;eeg_tleft_lalpha_power_precond;eeg_ta_ratio_precond;eeg_pleft_halpha_power_precond"
2025-12-19 16:08:12.662311,25,"stress_label",7,32,0.1,0.47093023255814,0.38953488372093,NA,7,"top7","eeg_fm_specent_precond;eeg_fm_beta_power_precond;eeg_faa_precond;eeg_tleft_lbeta_power_precond;eeg_tleft_lalpha_power_precond;eeg_ta_ratio_precond;eeg_pleft_halpha_power_precond"
2025-12-19 16:08:12.795404,25,"stress_label",7,64,0.1,0.505813953488372,0.436046511627907,NA,7,"top7","eeg_fm_specent_precond;eeg_fm_beta_power_precond;eeg_faa_precond;eeg_tleft_lbeta_power_precond;eeg_tleft_lalpha_power_precond;eeg_ta_ratio_precond;eeg_pleft_halpha_power_precond"
2025-12-19 16:08:12.982971,25,"stress_label",7,128,0.1,0.505813953488372,0.523255813953488,NA,7,"top7","eeg_fm_specent_precond;eeg_fm_beta_power_precond;eeg_faa_precond;eeg_tleft_lbeta_power_precond;eeg_tleft_lalpha_power_precond;eeg_ta_ratio_precond;eeg_pleft_halpha_power_precond"
2025-12-19 16:08:13.175874,25,"stress_label",7,256,0.1,0.47093023255814,0.412790697674419,NA,7,"top7","eeg_fm_specent_precond;eeg_fm_beta_power_precond;eeg_faa_precond;eeg_tleft_lbeta_power_precond;eeg_tleft_lalpha_power_precond;eeg_ta_ratio_precond;eeg_pleft_halpha_power_precond"
2025-12-19 16:08:14.504301,26,"stress_label",7,2,0.0078125,0.441860465116279,0.581395348837209,0.367441860465116,7,"top7","eeg_fm_specent_precond;eeg_faa_precond;eeg_tleft_lbeta_power_precond;eeg_tleft_lalpha_power_precond;eeg_fl_theta_power_precond;eeg_tb_ratio_precond;eeg_ta_ratio_precond"
2025-12-19 16:08:14.486713,26,"stress_label",7,4,0.0078125,0.447674418604651,0.575581395348837,0.37984496124031,7,"top7","eeg_fm_specent_precond;eeg_faa_precond;eeg_tleft_lbeta_power_precond;eeg_tleft_lalpha_power_precond;eeg_fl_theta_power_precond;eeg_tb_ratio_precond;eeg_ta_ratio_precond"
2025-12-19 16:08:14.529462,26,"stress_label",7,8,0.0078125,0.441860465116279,0.529069767441861,0.4,7,"top7","eeg_fm_specent_precond;eeg_faa_precond;eeg_tleft_lbeta_power_precond;eeg_tleft_lalpha_power_precond;eeg_fl_theta_power_precond;eeg_tb_ratio_precond;eeg_ta_ratio_precond"
2025-12-19 16:08:14.745194,26,"stress_label",7,16,0.0078125,0.453488372093023,0.552325581395349,0.384496124031008,7,"top7","eeg_fm_specent_precond;eeg_faa_precond;eeg_tleft_lbeta_power_precond;eeg_tleft_lalpha_power_precond;eeg_fl_theta_power_precond;eeg_tb_ratio_precond;eeg_ta_ratio_precond"
2025-12-19 16:08:14.491371,26,"stress_label",7,32,0.0078125,0.482558139534884,0.529069767441861,0.434108527131783,7,"top7","eeg_fm_specent_precond;eeg_faa_precond;eeg_tleft_lbeta_power_precond;eeg_tleft_lalpha_power_precond;eeg_fl_theta_power_precond;eeg_tb_ratio_precond;eeg_ta_ratio_precond"
2025-12-19 16:08:14.76032,26,"stress_label",7,64,0.0078125,0.5,0.447674418604651,0.456589147286822,7,"top7","eeg_fm_specent_precond;eeg_faa_precond;eeg_tleft_lbeta_power_precond;eeg_tleft_lalpha_power_precond;eeg_fl_theta_power_precond;eeg_tb_ratio_precond;eeg_ta_ratio_precond"
2025-12-19 16:08:14.573744,26,"stress_label",7,128,0.0078125,0.459302325581395,0.465116279069767,NA,7,"top7","eeg_fm_specent_precond;eeg_faa_precond;eeg_tleft_lbeta_power_precond;eeg_tleft_lalpha_power_precond;eeg_fl_theta_power_precond;eeg_tb_ratio_precond;eeg_ta_ratio_precond"
2025-12-19 16:08:14.619374,26,"stress_label",7,256,0.0078125,0.505813953488372,0.459302325581395,0.48062015503876,7,"top7","eeg_fm_specent_precond;eeg_faa_precond;eeg_tleft_lbeta_power_precond;eeg_tleft_lalpha_power_precond;eeg_fl_theta_power_precond;eeg_tb_ratio_precond;eeg_ta_ratio_precond"
2025-12-19 16:08:14.540628,26,"stress_label",7,2,0.015625,0.441860465116279,0.593023255813954,0.35968992248062,7,"top7","eeg_fm_specent_precond;eeg_faa_precond;eeg_tleft_lbeta_power_precond;eeg_tleft_lalpha_power_precond;eeg_fl_theta_power_precond;eeg_tb_ratio_precond;eeg_ta_ratio_precond"
2025-12-19 16:08:14.511861,26,"stress_label",7,4,0.015625,0.441860465116279,0.587209302325581,0.375968992248062,7,"top7","eeg_fm_specent_precond;eeg_faa_precond;eeg_tleft_lbeta_power_precond;eeg_tleft_lalpha_power_precond;eeg_fl_theta_power_precond;eeg_tb_ratio_precond;eeg_ta_ratio_precond"
2025-12-19 16:08:14.501794,26,"stress_label",7,8,0.015625,0.459302325581395,0.569767441860465,0.382170542635659,7,"top7","eeg_fm_specent_precond;eeg_faa_precond;eeg_tleft_lbeta_power_precond;eeg_tleft_lalpha_power_precond;eeg_fl_theta_power_precond;eeg_tb_ratio_precond;eeg_ta_ratio_precond"
2025-12-19 16:08:14.477608,26,"stress_label",7,16,0.015625,0.494186046511628,0.459302325581395,0.448837209302326,7,"top7","eeg_fm_specent_precond;eeg_faa_precond;eeg_tleft_lbeta_power_precond;eeg_tleft_lalpha_power_precond;eeg_fl_theta_power_precond;eeg_tb_ratio_precond;eeg_ta_ratio_precond"
2025-12-19 16:08:14.538815,26,"stress_label",7,32,0.015625,0.459302325581395,0.412790697674419,NA,7,"top7","eeg_fm_specent_precond;eeg_faa_precond;eeg_tleft_lbeta_power_precond;eeg_tleft_lalpha_power_precond;eeg_fl_theta_power_precond;eeg_tb_ratio_precond;eeg_ta_ratio_precond"
2025-12-19 16:08:14.561884,26,"stress_label",7,64,0.015625,0.47093023255814,0.517441860465116,0.455813953488372,7,"top7","eeg_fm_specent_precond;eeg_faa_precond;eeg_tleft_lbeta_power_precond;eeg_tleft_lalpha_power_precond;eeg_fl_theta_power_precond;eeg_tb_ratio_precond;eeg_ta_ratio_precond"
2025-12-19 16:08:15.754307,26,"stress_label",7,128,0.015625,0.529069767441861,0.38953488372093,0.518604651162791,7,"top7","eeg_fm_specent_precond;eeg_faa_precond;eeg_tleft_lbeta_power_precond;eeg_tleft_lalpha_power_precond;eeg_fl_theta_power_precond;eeg_tb_ratio_precond;eeg_ta_ratio_precond"
2025-12-19 16:08:15.959898,26,"stress_label",7,256,0.015625,0.511627906976744,0.465116279069767,0.503100775193798,7,"top7","eeg_fm_specent_precond;eeg_faa_precond;eeg_tleft_lbeta_power_precond;eeg_tleft_lalpha_power_precond;eeg_fl_theta_power_precond;eeg_tb_ratio_precond;eeg_ta_ratio_precond"
2025-12-19 16:08:15.614083,26,"stress_label",7,2,0.03125,0.430232558139535,0.540697674418605,0.354263565891473,7,"top7","eeg_fm_specent_precond;eeg_faa_precond;eeg_tleft_lbeta_power_precond;eeg_tleft_lalpha_power_precond;eeg_fl_theta_power_precond;eeg_tb_ratio_precond;eeg_ta_ratio_precond"
2025-12-19 16:08:15.669974,26,"stress_label",7,4,0.03125,0.459302325581395,0.447674418604651,NA,7,"top7","eeg_fm_specent_precond;eeg_faa_precond;eeg_tleft_lbeta_power_precond;eeg_tleft_lalpha_power_precond;eeg_fl_theta_power_precond;eeg_tb_ratio_precond;eeg_ta_ratio_precond"
2025-12-19 16:08:15.65054,26,"stress_label",7,8,0.03125,0.47093023255814,0.465116279069767,0.424806201550388,7,"top7","eeg_fm_specent_precond;eeg_faa_precond;eeg_tleft_lbeta_power_precond;eeg_tleft_lalpha_power_precond;eeg_fl_theta_power_precond;eeg_tb_ratio_precond;eeg_ta_ratio_precond"
2025-12-19 16:08:15.673734,26,"stress_label",7,16,0.03125,0.453488372093023,0.465116279069767,0.426356589147287,7,"top7","eeg_fm_specent_precond;eeg_faa_precond;eeg_tleft_lbeta_power_precond;eeg_tleft_lalpha_power_precond;eeg_fl_theta_power_precond;eeg_tb_ratio_precond;eeg_ta_ratio_precond"
2025-12-19 16:08:15.697007,26,"stress_label",7,32,0.03125,0.511627906976744,0.343023255813953,0.510077519379845,7,"top7","eeg_fm_specent_precond;eeg_faa_precond;eeg_tleft_lbeta_power_precond;eeg_tleft_lalpha_power_precond;eeg_fl_theta_power_precond;eeg_tb_ratio_precond;eeg_ta_ratio_precond"
2025-12-19 16:08:15.799559,26,"stress_label",7,64,0.03125,0.523255813953488,0.523255813953488,0.526356589147287,7,"top7","eeg_fm_specent_precond;eeg_faa_precond;eeg_tleft_lbeta_power_precond;eeg_tleft_lalpha_power_precond;eeg_fl_theta_power_precond;eeg_tb_ratio_precond;eeg_ta_ratio_precond"
2025-12-19 16:08:15.989203,26,"stress_label",7,128,0.03125,0.517441860465116,0.383720930232558,NA,7,"top7","eeg_fm_specent_precond;eeg_faa_precond;eeg_tleft_lbeta_power_precond;eeg_tleft_lalpha_power_precond;eeg_fl_theta_power_precond;eeg_tb_ratio_precond;eeg_ta_ratio_precond"
2025-12-19 16:08:16.295957,26,"stress_label",7,256,0.03125,0.505813953488372,0.459302325581395,NA,7,"top7","eeg_fm_specent_precond;eeg_faa_precond;eeg_tleft_lbeta_power_precond;eeg_tleft_lalpha_power_precond;eeg_fl_theta_power_precond;eeg_tb_ratio_precond;eeg_ta_ratio_precond"
2025-12-19 16:08:15.711285,26,"stress_label",7,2,0.0625,0.465116279069767,0.5,0.422480620155039,7,"top7","eeg_fm_specent_precond;eeg_faa_precond;eeg_tleft_lbeta_power_precond;eeg_tleft_lalpha_power_precond;eeg_fl_theta_power_precond;eeg_tb_ratio_precond;eeg_ta_ratio_precond"
2025-12-19 16:08:15.753268,26,"stress_label",7,4,0.0625,0.453488372093023,0.453488372093023,NA,7,"top7","eeg_fm_specent_precond;eeg_faa_precond;eeg_tleft_lbeta_power_precond;eeg_tleft_lalpha_power_precond;eeg_fl_theta_power_precond;eeg_tb_ratio_precond;eeg_ta_ratio_precond"
2025-12-19 16:08:15.883156,26,"stress_label",7,8,0.0625,0.476744186046512,0.401162790697674,NA,7,"top7","eeg_fm_specent_precond;eeg_faa_precond;eeg_tleft_lbeta_power_precond;eeg_tleft_lalpha_power_precond;eeg_fl_theta_power_precond;eeg_tb_ratio_precond;eeg_ta_ratio_precond"
2025-12-19 16:08:15.949529,26,"stress_label",7,16,0.0625,0.523255813953488,0.337209302325581,NA,7,"top7","eeg_fm_specent_precond;eeg_faa_precond;eeg_tleft_lbeta_power_precond;eeg_tleft_lalpha_power_precond;eeg_fl_theta_power_precond;eeg_tb_ratio_precond;eeg_ta_ratio_precond"
2025-12-19 16:08:16.855895,26,"stress_label",7,32,0.0625,0.552325581395349,0.436046511627907,NA,7,"top7","eeg_fm_specent_precond;eeg_faa_precond;eeg_tleft_lbeta_power_precond;eeg_tleft_lalpha_power_precond;eeg_fl_theta_power_precond;eeg_tb_ratio_precond;eeg_ta_ratio_precond"
2025-12-19 16:08:17.056023,26,"stress_label",7,64,0.0625,0.505813953488372,0.482558139534884,NA,7,"top7","eeg_fm_specent_precond;eeg_faa_precond;eeg_tleft_lbeta_power_precond;eeg_tleft_lalpha_power_precond;eeg_fl_theta_power_precond;eeg_tb_ratio_precond;eeg_ta_ratio_precond"
2025-12-19 16:08:17.333714,26,"stress_label",7,128,0.0625,0.488372093023256,0.47093023255814,NA,7,"top7","eeg_fm_specent_precond;eeg_faa_precond;eeg_tleft_lbeta_power_precond;eeg_tleft_lalpha_power_precond;eeg_fl_theta_power_precond;eeg_tb_ratio_precond;eeg_ta_ratio_precond"
2025-12-19 16:08:17.787134,26,"stress_label",7,256,0.0625,0.488372093023256,0.436046511627907,NA,7,"top7","eeg_fm_specent_precond;eeg_faa_precond;eeg_tleft_lbeta_power_precond;eeg_tleft_lalpha_power_precond;eeg_fl_theta_power_precond;eeg_tb_ratio_precond;eeg_ta_ratio_precond"
2025-12-19 16:08:16.820675,26,"stress_label",7,2,0.125,0.47093023255814,0.517441860465116,NA,7,"top7","eeg_fm_specent_precond;eeg_faa_precond;eeg_tleft_lbeta_power_precond;eeg_tleft_lalpha_power_precond;eeg_fl_theta_power_precond;eeg_tb_ratio_precond;eeg_ta_ratio_precond"
2025-12-19 16:08:16.814006,26,"stress_label",7,4,0.125,0.482558139534884,0.47093023255814,NA,7,"top7","eeg_fm_specent_precond;eeg_faa_precond;eeg_tleft_lbeta_power_precond;eeg_tleft_lalpha_power_precond;eeg_fl_theta_power_precond;eeg_tb_ratio_precond;eeg_ta_ratio_precond"
2025-12-19 16:08:16.913351,26,"stress_label",7,8,0.125,0.534883720930233,0.494186046511628,NA,7,"top7","eeg_fm_specent_precond;eeg_faa_precond;eeg_tleft_lbeta_power_precond;eeg_tleft_lalpha_power_precond;eeg_fl_theta_power_precond;eeg_tb_ratio_precond;eeg_ta_ratio_precond"
2025-12-19 16:08:16.96392,26,"stress_label",7,16,0.125,0.517441860465116,0.529069767441861,NA,7,"top7","eeg_fm_specent_precond;eeg_faa_precond;eeg_tleft_lbeta_power_precond;eeg_tleft_lalpha_power_precond;eeg_fl_theta_power_precond;eeg_tb_ratio_precond;eeg_ta_ratio_precond"
2025-12-19 16:08:17.200648,26,"stress_label",7,32,0.125,0.511627906976744,0.436046511627907,NA,7,"top7","eeg_fm_specent_precond;eeg_faa_precond;eeg_tleft_lbeta_power_precond;eeg_tleft_lalpha_power_precond;eeg_fl_theta_power_precond;eeg_tb_ratio_precond;eeg_ta_ratio_precond"
2025-12-19 16:08:17.383132,26,"stress_label",7,64,0.125,0.5,0.476744186046512,NA,7,"top7","eeg_fm_specent_precond;eeg_faa_precond;eeg_tleft_lbeta_power_precond;eeg_tleft_lalpha_power_precond;eeg_fl_theta_power_precond;eeg_tb_ratio_precond;eeg_ta_ratio_precond"
2025-12-19 16:08:17.594419,26,"stress_label",7,128,0.125,0.505813953488372,0.441860465116279,NA,7,"top7","eeg_fm_specent_precond;eeg_faa_precond;eeg_tleft_lbeta_power_precond;eeg_tleft_lalpha_power_precond;eeg_fl_theta_power_precond;eeg_tb_ratio_precond;eeg_ta_ratio_precond"
2025-12-19 16:08:17.798058,26,"stress_label",7,256,0.125,0.505813953488372,0.482558139534884,NA,7,"top7","eeg_fm_specent_precond;eeg_faa_precond;eeg_tleft_lbeta_power_precond;eeg_tleft_lalpha_power_precond;eeg_fl_theta_power_precond;eeg_tb_ratio_precond;eeg_ta_ratio_precond"
2025-12-19 16:08:17.106514,26,"stress_label",7,2,0.03,0.436046511627907,0.569767441860465,0.349612403100775,7,"top7","eeg_fm_specent_precond;eeg_faa_precond;eeg_tleft_lbeta_power_precond;eeg_tleft_lalpha_power_precond;eeg_fl_theta_power_precond;eeg_tb_ratio_precond;eeg_ta_ratio_precond"
2025-12-19 16:08:17.440706,26,"stress_label",7,4,0.03,0.459302325581395,0.534883720930233,NA,7,"top7","eeg_fm_specent_precond;eeg_faa_precond;eeg_tleft_lbeta_power_precond;eeg_tleft_lalpha_power_precond;eeg_fl_theta_power_precond;eeg_tb_ratio_precond;eeg_ta_ratio_precond"
2025-12-19 16:08:17.988377,26,"stress_label",7,8,0.03,0.47093023255814,0.476744186046512,0.424806201550388,7,"top7","eeg_fm_specent_precond;eeg_faa_precond;eeg_tleft_lbeta_power_precond;eeg_tleft_lalpha_power_precond;eeg_fl_theta_power_precond;eeg_tb_ratio_precond;eeg_ta_ratio_precond"
2025-12-19 16:08:18.042713,26,"stress_label",7,16,0.03,0.453488372093023,0.505813953488372,0.426356589147287,7,"top7","eeg_fm_specent_precond;eeg_faa_precond;eeg_tleft_lbeta_power_precond;eeg_tleft_lalpha_power_precond;eeg_fl_theta_power_precond;eeg_tb_ratio_precond;eeg_ta_ratio_precond"
2025-12-19 16:08:18.072373,26,"stress_label",7,32,0.03,0.5,0.372093023255814,0.496124031007752,7,"top7","eeg_fm_specent_precond;eeg_faa_precond;eeg_tleft_lbeta_power_precond;eeg_tleft_lalpha_power_precond;eeg_fl_theta_power_precond;eeg_tb_ratio_precond;eeg_ta_ratio_precond"
2025-12-19 16:08:18.21163,26,"stress_label",7,64,0.03,0.529069767441861,0.395348837209302,0.517054263565891,7,"top7","eeg_fm_specent_precond;eeg_faa_precond;eeg_tleft_lbeta_power_precond;eeg_tleft_lalpha_power_precond;eeg_fl_theta_power_precond;eeg_tb_ratio_precond;eeg_ta_ratio_precond"
2025-12-19 16:08:18.454945,26,"stress_label",7,128,0.03,0.523255813953488,0.395348837209302,NA,7,"top7","eeg_fm_specent_precond;eeg_faa_precond;eeg_tleft_lbeta_power_precond;eeg_tleft_lalpha_power_precond;eeg_fl_theta_power_precond;eeg_tb_ratio_precond;eeg_ta_ratio_precond"
2025-12-19 16:08:18.816705,26,"stress_label",7,256,0.03,0.494186046511628,0.418604651162791,NA,7,"top7","eeg_fm_specent_precond;eeg_faa_precond;eeg_tleft_lbeta_power_precond;eeg_tleft_lalpha_power_precond;eeg_fl_theta_power_precond;eeg_tb_ratio_precond;eeg_ta_ratio_precond"
2025-12-19 16:08:18.290272,26,"stress_label",7,2,0.06,0.453488372093023,0.511627906976744,0.403100775193798,7,"top7","eeg_fm_specent_precond;eeg_faa_precond;eeg_tleft_lbeta_power_precond;eeg_tleft_lalpha_power_precond;eeg_fl_theta_power_precond;eeg_tb_ratio_precond;eeg_ta_ratio_precond"
2025-12-19 16:08:18.37284,26,"stress_label",7,4,0.06,0.453488372093023,0.377906976744186,NA,7,"top7","eeg_fm_specent_precond;eeg_faa_precond;eeg_tleft_lbeta_power_precond;eeg_tleft_lalpha_power_precond;eeg_fl_theta_power_precond;eeg_tb_ratio_precond;eeg_ta_ratio_precond"
2025-12-19 16:08:18.533816,26,"stress_label",7,8,0.06,0.47093023255814,0.482558139534884,NA,7,"top7","eeg_fm_specent_precond;eeg_faa_precond;eeg_tleft_lbeta_power_precond;eeg_tleft_lalpha_power_precond;eeg_fl_theta_power_precond;eeg_tb_ratio_precond;eeg_ta_ratio_precond"
2025-12-19 16:08:18.619854,26,"stress_label",7,16,0.06,0.523255813953488,0.401162790697674,NA,7,"top7","eeg_fm_specent_precond;eeg_faa_precond;eeg_tleft_lbeta_power_precond;eeg_tleft_lalpha_power_precond;eeg_fl_theta_power_precond;eeg_tb_ratio_precond;eeg_ta_ratio_precond"
2025-12-19 16:08:18.735978,26,"stress_label",7,32,0.06,0.558139534883721,0.424418604651163,NA,7,"top7","eeg_fm_specent_precond;eeg_faa_precond;eeg_tleft_lbeta_power_precond;eeg_tleft_lalpha_power_precond;eeg_fl_theta_power_precond;eeg_tb_ratio_precond;eeg_ta_ratio_precond"
2025-12-19 16:08:18.977006,26,"stress_label",7,64,0.06,0.5,0.331395348837209,NA,7,"top7","eeg_fm_specent_precond;eeg_faa_precond;eeg_tleft_lbeta_power_precond;eeg_tleft_lalpha_power_precond;eeg_fl_theta_power_precond;eeg_tb_ratio_precond;eeg_ta_ratio_precond"
2025-12-19 16:08:19.264763,26,"stress_label",7,128,0.06,0.494186046511628,0.505813953488372,NA,7,"top7","eeg_fm_specent_precond;eeg_faa_precond;eeg_tleft_lbeta_power_precond;eeg_tleft_lalpha_power_precond;eeg_fl_theta_power_precond;eeg_tb_ratio_precond;eeg_ta_ratio_precond"
2025-12-19 16:08:19.478992,26,"stress_label",7,256,0.06,0.5,0.430232558139535,NA,7,"top7","eeg_fm_specent_precond;eeg_faa_precond;eeg_tleft_lbeta_power_precond;eeg_tleft_lalpha_power_precond;eeg_fl_theta_power_precond;eeg_tb_ratio_precond;eeg_ta_ratio_precond"
2025-12-19 16:08:19.030153,26,"stress_label",7,2,0.1,0.447674418604651,0.401162790697674,0.427906976744186,7,"top7","eeg_fm_specent_precond;eeg_faa_precond;eeg_tleft_lbeta_power_precond;eeg_tleft_lalpha_power_precond;eeg_fl_theta_power_precond;eeg_tb_ratio_precond;eeg_ta_ratio_precond"
2025-12-19 16:08:19.070298,26,"stress_label",7,4,0.1,0.47093023255814,0.366279069767442,NA,7,"top7","eeg_fm_specent_precond;eeg_faa_precond;eeg_tleft_lbeta_power_precond;eeg_tleft_lalpha_power_precond;eeg_fl_theta_power_precond;eeg_tb_ratio_precond;eeg_ta_ratio_precond"
2025-12-19 16:08:19.1215,26,"stress_label",7,8,0.1,0.540697674418605,0.395348837209302,NA,7,"top7","eeg_fm_specent_precond;eeg_faa_precond;eeg_tleft_lbeta_power_precond;eeg_tleft_lalpha_power_precond;eeg_fl_theta_power_precond;eeg_tb_ratio_precond;eeg_ta_ratio_precond"
2025-12-19 16:08:19.221452,26,"stress_label",7,16,0.1,0.534883720930233,0.465116279069767,NA,7,"top7","eeg_fm_specent_precond;eeg_faa_precond;eeg_tleft_lbeta_power_precond;eeg_tleft_lalpha_power_precond;eeg_fl_theta_power_precond;eeg_tb_ratio_precond;eeg_ta_ratio_precond"
2025-12-19 16:08:19.36991,26,"stress_label",7,32,0.1,0.494186046511628,0.465116279069767,NA,7,"top7","eeg_fm_specent_precond;eeg_faa_precond;eeg_tleft_lbeta_power_precond;eeg_tleft_lalpha_power_precond;eeg_fl_theta_power_precond;eeg_tb_ratio_precond;eeg_ta_ratio_precond"
2025-12-19 16:08:19.509445,26,"stress_label",7,64,0.1,0.494186046511628,0.441860465116279,NA,7,"top7","eeg_fm_specent_precond;eeg_faa_precond;eeg_tleft_lbeta_power_precond;eeg_tleft_lalpha_power_precond;eeg_fl_theta_power_precond;eeg_tb_ratio_precond;eeg_ta_ratio_precond"
2025-12-19 16:08:19.703963,26,"stress_label",7,128,0.1,0.482558139534884,0.465116279069767,NA,7,"top7","eeg_fm_specent_precond;eeg_faa_precond;eeg_tleft_lbeta_power_precond;eeg_tleft_lalpha_power_precond;eeg_fl_theta_power_precond;eeg_tb_ratio_precond;eeg_ta_ratio_precond"
2025-12-19 16:08:19.871511,26,"stress_label",7,256,0.1,0.511627906976744,0.418604651162791,NA,7,"top7","eeg_fm_specent_precond;eeg_faa_precond;eeg_tleft_lbeta_power_precond;eeg_tleft_lalpha_power_precond;eeg_fl_theta_power_precond;eeg_tb_ratio_precond;eeg_ta_ratio_precond"
2025-12-19 16:08:21.191636,27,"stress_label",7,2,0.0078125,0.476744186046512,0.412790697674419,0.446511627906977,7,"top7","eeg_fm_lbeta_power_precond;eeg_fm_specent_precond;eeg_tleft_lbeta_power_precond;eeg_faa_precond;eeg_tleft_lalpha_power_precond;eeg_fl_theta_power_precond;eeg_tleft_alpha_power_precond"
2025-12-19 16:08:21.159593,27,"stress_label",7,4,0.0078125,0.447674418604651,0.395348837209302,0.411627906976744,7,"top7","eeg_fm_lbeta_power_precond;eeg_fm_specent_precond;eeg_tleft_lbeta_power_precond;eeg_faa_precond;eeg_tleft_lalpha_power_precond;eeg_fl_theta_power_precond;eeg_tleft_alpha_power_precond"
2025-12-19 16:08:21.177101,27,"stress_label",7,8,0.0078125,0.465116279069767,0.395348837209302,0.431782945736434,7,"top7","eeg_fm_lbeta_power_precond;eeg_fm_specent_precond;eeg_tleft_lbeta_power_precond;eeg_faa_precond;eeg_tleft_lalpha_power_precond;eeg_fl_theta_power_precond;eeg_tleft_alpha_power_precond"
2025-12-19 16:08:21.177708,27,"stress_label",7,16,0.0078125,0.459302325581395,0.36046511627907,NA,7,"top7","eeg_fm_lbeta_power_precond;eeg_fm_specent_precond;eeg_tleft_lbeta_power_precond;eeg_faa_precond;eeg_tleft_lalpha_power_precond;eeg_fl_theta_power_precond;eeg_tleft_alpha_power_precond"
2025-12-19 16:08:21.203426,27,"stress_label",7,32,0.0078125,0.441860465116279,0.412790697674419,NA,7,"top7","eeg_fm_lbeta_power_precond;eeg_fm_specent_precond;eeg_tleft_lbeta_power_precond;eeg_faa_precond;eeg_tleft_lalpha_power_precond;eeg_fl_theta_power_precond;eeg_tleft_alpha_power_precond"
2025-12-19 16:08:21.168597,27,"stress_label",7,64,0.0078125,0.412790697674419,0.47093023255814,NA,7,"top7","eeg_fm_lbeta_power_precond;eeg_fm_specent_precond;eeg_tleft_lbeta_power_precond;eeg_faa_precond;eeg_tleft_lalpha_power_precond;eeg_fl_theta_power_precond;eeg_tleft_alpha_power_precond"
2025-12-19 16:08:21.200969,27,"stress_label",7,128,0.0078125,0.418604651162791,0.459302325581395,NA,7,"top7","eeg_fm_lbeta_power_precond;eeg_fm_specent_precond;eeg_tleft_lbeta_power_precond;eeg_faa_precond;eeg_tleft_lalpha_power_precond;eeg_fl_theta_power_precond;eeg_tleft_alpha_power_precond"
2025-12-19 16:08:21.329998,27,"stress_label",7,256,0.0078125,0.459302325581395,0.372093023255814,NA,7,"top7","eeg_fm_lbeta_power_precond;eeg_fm_specent_precond;eeg_tleft_lbeta_power_precond;eeg_faa_precond;eeg_tleft_lalpha_power_precond;eeg_fl_theta_power_precond;eeg_tleft_alpha_power_precond"
2025-12-19 16:08:21.151642,27,"stress_label",7,2,0.015625,0.441860465116279,0.377906976744186,0.390697674418605,7,"top7","eeg_fm_lbeta_power_precond;eeg_fm_specent_precond;eeg_tleft_lbeta_power_precond;eeg_faa_precond;eeg_tleft_lalpha_power_precond;eeg_fl_theta_power_precond;eeg_tleft_alpha_power_precond"
2025-12-19 16:08:21.189336,27,"stress_label",7,4,0.015625,0.441860465116279,0.424418604651163,NA,7,"top7","eeg_fm_lbeta_power_precond;eeg_fm_specent_precond;eeg_tleft_lbeta_power_precond;eeg_faa_precond;eeg_tleft_lalpha_power_precond;eeg_fl_theta_power_precond;eeg_tleft_alpha_power_precond"
2025-12-19 16:08:21.161728,27,"stress_label",7,8,0.015625,0.465116279069767,0.482558139534884,NA,7,"top7","eeg_fm_lbeta_power_precond;eeg_fm_specent_precond;eeg_tleft_lbeta_power_precond;eeg_faa_precond;eeg_tleft_lalpha_power_precond;eeg_fl_theta_power_precond;eeg_tleft_alpha_power_precond"
2025-12-19 16:08:21.175013,27,"stress_label",7,16,0.015625,0.401162790697674,0.453488372093023,NA,7,"top7","eeg_fm_lbeta_power_precond;eeg_fm_specent_precond;eeg_tleft_lbeta_power_precond;eeg_faa_precond;eeg_tleft_lalpha_power_precond;eeg_fl_theta_power_precond;eeg_tleft_alpha_power_precond"
2025-12-19 16:08:21.228117,27,"stress_label",7,32,0.015625,0.418604651162791,0.418604651162791,NA,7,"top7","eeg_fm_lbeta_power_precond;eeg_fm_specent_precond;eeg_tleft_lbeta_power_precond;eeg_faa_precond;eeg_tleft_lalpha_power_precond;eeg_fl_theta_power_precond;eeg_tleft_alpha_power_precond"
2025-12-19 16:08:21.225468,27,"stress_label",7,64,0.015625,0.459302325581395,0.302325581395349,NA,7,"top7","eeg_fm_lbeta_power_precond;eeg_fm_specent_precond;eeg_tleft_lbeta_power_precond;eeg_faa_precond;eeg_tleft_lalpha_power_precond;eeg_fl_theta_power_precond;eeg_tleft_alpha_power_precond"
2025-12-19 16:08:22.532123,27,"stress_label",7,128,0.015625,0.465116279069767,0.395348837209302,NA,7,"top7","eeg_fm_lbeta_power_precond;eeg_fm_specent_precond;eeg_tleft_lbeta_power_precond;eeg_faa_precond;eeg_tleft_lalpha_power_precond;eeg_fl_theta_power_precond;eeg_tleft_alpha_power_precond"
2025-12-19 16:08:22.688928,27,"stress_label",7,256,0.015625,0.523255813953488,0.47093023255814,NA,7,"top7","eeg_fm_lbeta_power_precond;eeg_fm_specent_precond;eeg_tleft_lbeta_power_precond;eeg_faa_precond;eeg_tleft_lalpha_power_precond;eeg_fl_theta_power_precond;eeg_tleft_alpha_power_precond"
2025-12-19 16:08:22.328237,27,"stress_label",7,2,0.03125,0.459302325581395,0.552325581395349,NA,7,"top7","eeg_fm_lbeta_power_precond;eeg_fm_specent_precond;eeg_tleft_lbeta_power_precond;eeg_faa_precond;eeg_tleft_lalpha_power_precond;eeg_fl_theta_power_precond;eeg_tleft_alpha_power_precond"
2025-12-19 16:08:22.342209,27,"stress_label",7,4,0.03125,0.447674418604651,0.505813953488372,NA,7,"top7","eeg_fm_lbeta_power_precond;eeg_fm_specent_precond;eeg_tleft_lbeta_power_precond;eeg_faa_precond;eeg_tleft_lalpha_power_precond;eeg_fl_theta_power_precond;eeg_tleft_alpha_power_precond"
2025-12-19 16:08:22.321691,27,"stress_label",7,8,0.03125,0.406976744186047,0.47093023255814,NA,7,"top7","eeg_fm_lbeta_power_precond;eeg_fm_specent_precond;eeg_tleft_lbeta_power_precond;eeg_faa_precond;eeg_tleft_lalpha_power_precond;eeg_fl_theta_power_precond;eeg_tleft_alpha_power_precond"
2025-12-19 16:08:22.355422,27,"stress_label",7,16,0.03125,0.459302325581395,0.488372093023256,NA,7,"top7","eeg_fm_lbeta_power_precond;eeg_fm_specent_precond;eeg_tleft_lbeta_power_precond;eeg_faa_precond;eeg_tleft_lalpha_power_precond;eeg_fl_theta_power_precond;eeg_tleft_alpha_power_precond"
2025-12-19 16:08:22.435112,27,"stress_label",7,32,0.03125,0.505813953488372,0.337209302325581,NA,7,"top7","eeg_fm_lbeta_power_precond;eeg_fm_specent_precond;eeg_tleft_lbeta_power_precond;eeg_faa_precond;eeg_tleft_lalpha_power_precond;eeg_fl_theta_power_precond;eeg_tleft_alpha_power_precond"
2025-12-19 16:08:22.526195,27,"stress_label",7,64,0.03125,0.488372093023256,0.453488372093023,NA,7,"top7","eeg_fm_lbeta_power_precond;eeg_fm_specent_precond;eeg_tleft_lbeta_power_precond;eeg_faa_precond;eeg_tleft_lalpha_power_precond;eeg_fl_theta_power_precond;eeg_tleft_alpha_power_precond"
2025-12-19 16:08:22.635644,27,"stress_label",7,128,0.03125,0.5,0.383720930232558,NA,7,"top7","eeg_fm_lbeta_power_precond;eeg_fm_specent_precond;eeg_tleft_lbeta_power_precond;eeg_faa_precond;eeg_tleft_lalpha_power_precond;eeg_fl_theta_power_precond;eeg_tleft_alpha_power_precond"
2025-12-19 16:08:22.957772,27,"stress_label",7,256,0.03125,0.488372093023256,0.529069767441861,NA,7,"top7","eeg_fm_lbeta_power_precond;eeg_fm_specent_precond;eeg_tleft_lbeta_power_precond;eeg_faa_precond;eeg_tleft_lalpha_power_precond;eeg_fl_theta_power_precond;eeg_tleft_alpha_power_precond"
2025-12-19 16:08:22.384949,27,"stress_label",7,2,0.0625,0.436046511627907,0.511627906976744,NA,7,"top7","eeg_fm_lbeta_power_precond;eeg_fm_specent_precond;eeg_tleft_lbeta_power_precond;eeg_faa_precond;eeg_tleft_lalpha_power_precond;eeg_fl_theta_power_precond;eeg_tleft_alpha_power_precond"
2025-12-19 16:08:22.434839,27,"stress_label",7,4,0.0625,0.441860465116279,0.436046511627907,NA,7,"top7","eeg_fm_lbeta_power_precond;eeg_fm_specent_precond;eeg_tleft_lbeta_power_precond;eeg_faa_precond;eeg_tleft_lalpha_power_precond;eeg_fl_theta_power_precond;eeg_tleft_alpha_power_precond"
2025-12-19 16:08:22.45744,27,"stress_label",7,8,0.0625,0.482558139534884,0.424418604651163,NA,7,"top7","eeg_fm_lbeta_power_precond;eeg_fm_specent_precond;eeg_tleft_lbeta_power_precond;eeg_faa_precond;eeg_tleft_lalpha_power_precond;eeg_fl_theta_power_precond;eeg_tleft_alpha_power_precond"
2025-12-19 16:08:22.560037,27,"stress_label",7,16,0.0625,0.47093023255814,0.372093023255814,NA,7,"top7","eeg_fm_lbeta_power_precond;eeg_fm_specent_precond;eeg_tleft_lbeta_power_precond;eeg_faa_precond;eeg_tleft_lalpha_power_precond;eeg_fl_theta_power_precond;eeg_tleft_alpha_power_precond"
2025-12-19 16:08:23.573203,27,"stress_label",7,32,0.0625,0.465116279069767,0.372093023255814,NA,7,"top7","eeg_fm_lbeta_power_precond;eeg_fm_specent_precond;eeg_tleft_lbeta_power_precond;eeg_faa_precond;eeg_tleft_lalpha_power_precond;eeg_fl_theta_power_precond;eeg_tleft_alpha_power_precond"
2025-12-19 16:08:23.645363,27,"stress_label",7,64,0.0625,0.459302325581395,0.459302325581395,NA,7,"top7","eeg_fm_lbeta_power_precond;eeg_fm_specent_precond;eeg_tleft_lbeta_power_precond;eeg_faa_precond;eeg_tleft_lalpha_power_precond;eeg_fl_theta_power_precond;eeg_tleft_alpha_power_precond"
2025-12-19 16:08:23.978775,27,"stress_label",7,128,0.0625,0.5,0.488372093023256,NA,7,"top7","eeg_fm_lbeta_power_precond;eeg_fm_specent_precond;eeg_tleft_lbeta_power_precond;eeg_faa_precond;eeg_tleft_lalpha_power_precond;eeg_fl_theta_power_precond;eeg_tleft_alpha_power_precond"
2025-12-19 16:08:24.424781,27,"stress_label",7,256,0.0625,0.482558139534884,0.395348837209302,NA,7,"top7","eeg_fm_lbeta_power_precond;eeg_fm_specent_precond;eeg_tleft_lbeta_power_precond;eeg_faa_precond;eeg_tleft_lalpha_power_precond;eeg_fl_theta_power_precond;eeg_tleft_alpha_power_precond"
2025-12-19 16:08:23.511209,27,"stress_label",7,2,0.125,0.494186046511628,0.401162790697674,NA,7,"top7","eeg_fm_lbeta_power_precond;eeg_fm_specent_precond;eeg_tleft_lbeta_power_precond;eeg_faa_precond;eeg_tleft_lalpha_power_precond;eeg_fl_theta_power_precond;eeg_tleft_alpha_power_precond"
2025-12-19 16:08:23.577001,27,"stress_label",7,4,0.125,0.488372093023256,0.412790697674419,NA,7,"top7","eeg_fm_lbeta_power_precond;eeg_fm_specent_precond;eeg_tleft_lbeta_power_precond;eeg_faa_precond;eeg_tleft_lalpha_power_precond;eeg_fl_theta_power_precond;eeg_tleft_alpha_power_precond"
2025-12-19 16:08:23.601366,27,"stress_label",7,8,0.125,0.47093023255814,0.406976744186047,NA,7,"top7","eeg_fm_lbeta_power_precond;eeg_fm_specent_precond;eeg_tleft_lbeta_power_precond;eeg_faa_precond;eeg_tleft_lalpha_power_precond;eeg_fl_theta_power_precond;eeg_tleft_alpha_power_precond"
2025-12-19 16:08:23.702449,27,"stress_label",7,16,0.125,0.482558139534884,0.418604651162791,NA,7,"top7","eeg_fm_lbeta_power_precond;eeg_fm_specent_precond;eeg_tleft_lbeta_power_precond;eeg_faa_precond;eeg_tleft_lalpha_power_precond;eeg_fl_theta_power_precond;eeg_tleft_alpha_power_precond"
2025-12-19 16:08:23.889144,27,"stress_label",7,32,0.125,0.494186046511628,0.465116279069767,NA,7,"top7","eeg_fm_lbeta_power_precond;eeg_fm_specent_precond;eeg_tleft_lbeta_power_precond;eeg_faa_precond;eeg_tleft_lalpha_power_precond;eeg_fl_theta_power_precond;eeg_tleft_alpha_power_precond"
2025-12-19 16:08:24.070605,27,"stress_label",7,64,0.125,0.459302325581395,0.453488372093023,NA,7,"top7","eeg_fm_lbeta_power_precond;eeg_fm_specent_precond;eeg_tleft_lbeta_power_precond;eeg_faa_precond;eeg_tleft_lalpha_power_precond;eeg_fl_theta_power_precond;eeg_tleft_alpha_power_precond"
2025-12-19 16:08:24.268028,27,"stress_label",7,128,0.125,0.494186046511628,0.476744186046512,NA,7,"top7","eeg_fm_lbeta_power_precond;eeg_fm_specent_precond;eeg_tleft_lbeta_power_precond;eeg_faa_precond;eeg_tleft_lalpha_power_precond;eeg_fl_theta_power_precond;eeg_tleft_alpha_power_precond"
2025-12-19 16:08:24.576514,27,"stress_label",7,256,0.125,0.476744186046512,0.517441860465116,NA,7,"top7","eeg_fm_lbeta_power_precond;eeg_fm_specent_precond;eeg_tleft_lbeta_power_precond;eeg_faa_precond;eeg_tleft_lalpha_power_precond;eeg_fl_theta_power_precond;eeg_tleft_alpha_power_precond"
2025-12-19 16:08:23.784549,27,"stress_label",7,2,0.03,0.465116279069767,0.5,NA,7,"top7","eeg_fm_lbeta_power_precond;eeg_fm_specent_precond;eeg_tleft_lbeta_power_precond;eeg_faa_precond;eeg_tleft_lalpha_power_precond;eeg_fl_theta_power_precond;eeg_tleft_alpha_power_precond"
2025-12-19 16:08:24.047762,27,"stress_label",7,4,0.03,0.447674418604651,0.430232558139535,NA,7,"top7","eeg_fm_lbeta_power_precond;eeg_fm_specent_precond;eeg_tleft_lbeta_power_precond;eeg_faa_precond;eeg_tleft_lalpha_power_precond;eeg_fl_theta_power_precond;eeg_tleft_alpha_power_precond"
2025-12-19 16:08:24.607035,27,"stress_label",7,8,0.03,0.406976744186047,0.488372093023256,NA,7,"top7","eeg_fm_lbeta_power_precond;eeg_fm_specent_precond;eeg_tleft_lbeta_power_precond;eeg_faa_precond;eeg_tleft_lalpha_power_precond;eeg_fl_theta_power_precond;eeg_tleft_alpha_power_precond"
2025-12-19 16:08:24.677706,27,"stress_label",7,16,0.03,0.447674418604651,0.534883720930233,NA,7,"top7","eeg_fm_lbeta_power_precond;eeg_fm_specent_precond;eeg_tleft_lbeta_power_precond;eeg_faa_precond;eeg_tleft_lalpha_power_precond;eeg_fl_theta_power_precond;eeg_tleft_alpha_power_precond"
2025-12-19 16:08:24.77872,27,"stress_label",7,32,0.03,0.5,0.441860465116279,NA,7,"top7","eeg_fm_lbeta_power_precond;eeg_fm_specent_precond;eeg_tleft_lbeta_power_precond;eeg_faa_precond;eeg_tleft_lalpha_power_precond;eeg_fl_theta_power_precond;eeg_tleft_alpha_power_precond"
2025-12-19 16:08:24.887897,27,"stress_label",7,64,0.03,0.482558139534884,0.523255813953488,NA,7,"top7","eeg_fm_lbeta_power_precond;eeg_fm_specent_precond;eeg_tleft_lbeta_power_precond;eeg_faa_precond;eeg_tleft_lalpha_power_precond;eeg_fl_theta_power_precond;eeg_tleft_alpha_power_precond"
2025-12-19 16:08:25.017847,27,"stress_label",7,128,0.03,0.5,0.395348837209302,NA,7,"top7","eeg_fm_lbeta_power_precond;eeg_fm_specent_precond;eeg_tleft_lbeta_power_precond;eeg_faa_precond;eeg_tleft_lalpha_power_precond;eeg_fl_theta_power_precond;eeg_tleft_alpha_power_precond"
2025-12-19 16:08:25.378777,27,"stress_label",7,256,0.03,0.488372093023256,0.5,NA,7,"top7","eeg_fm_lbeta_power_precond;eeg_fm_specent_precond;eeg_tleft_lbeta_power_precond;eeg_faa_precond;eeg_tleft_lalpha_power_precond;eeg_fl_theta_power_precond;eeg_tleft_alpha_power_precond"
2025-12-19 16:08:24.884423,27,"stress_label",7,2,0.06,0.441860465116279,0.459302325581395,NA,7,"top7","eeg_fm_lbeta_power_precond;eeg_fm_specent_precond;eeg_tleft_lbeta_power_precond;eeg_faa_precond;eeg_tleft_lalpha_power_precond;eeg_fl_theta_power_precond;eeg_tleft_alpha_power_precond"
2025-12-19 16:08:25.004403,27,"stress_label",7,4,0.06,0.447674418604651,0.511627906976744,NA,7,"top7","eeg_fm_lbeta_power_precond;eeg_fm_specent_precond;eeg_tleft_lbeta_power_precond;eeg_faa_precond;eeg_tleft_lalpha_power_precond;eeg_fl_theta_power_precond;eeg_tleft_alpha_power_precond"
2025-12-19 16:08:25.140876,27,"stress_label",7,8,0.06,0.482558139534884,0.424418604651163,NA,7,"top7","eeg_fm_lbeta_power_precond;eeg_fm_specent_precond;eeg_tleft_lbeta_power_precond;eeg_faa_precond;eeg_tleft_lalpha_power_precond;eeg_fl_theta_power_precond;eeg_tleft_alpha_power_precond"
2025-12-19 16:08:25.210608,27,"stress_label",7,16,0.06,0.482558139534884,0.424418604651163,NA,7,"top7","eeg_fm_lbeta_power_precond;eeg_fm_specent_precond;eeg_tleft_lbeta_power_precond;eeg_faa_precond;eeg_tleft_lalpha_power_precond;eeg_fl_theta_power_precond;eeg_tleft_alpha_power_precond"
2025-12-19 16:08:25.336682,27,"stress_label",7,32,0.06,0.476744186046512,0.494186046511628,NA,7,"top7","eeg_fm_lbeta_power_precond;eeg_fm_specent_precond;eeg_tleft_lbeta_power_precond;eeg_faa_precond;eeg_tleft_lalpha_power_precond;eeg_fl_theta_power_precond;eeg_tleft_alpha_power_precond"
2025-12-19 16:08:25.561193,27,"stress_label",7,64,0.06,0.441860465116279,0.430232558139535,NA,7,"top7","eeg_fm_lbeta_power_precond;eeg_fm_specent_precond;eeg_tleft_lbeta_power_precond;eeg_faa_precond;eeg_tleft_lalpha_power_precond;eeg_fl_theta_power_precond;eeg_tleft_alpha_power_precond"
2025-12-19 16:08:25.958305,27,"stress_label",7,128,0.06,0.505813953488372,0.383720930232558,NA,7,"top7","eeg_fm_lbeta_power_precond;eeg_fm_specent_precond;eeg_tleft_lbeta_power_precond;eeg_faa_precond;eeg_tleft_lalpha_power_precond;eeg_fl_theta_power_precond;eeg_tleft_alpha_power_precond"
2025-12-19 16:08:26.306215,27,"stress_label",7,256,0.06,0.494186046511628,0.482558139534884,NA,7,"top7","eeg_fm_lbeta_power_precond;eeg_fm_specent_precond;eeg_tleft_lbeta_power_precond;eeg_faa_precond;eeg_tleft_lalpha_power_precond;eeg_fl_theta_power_precond;eeg_tleft_alpha_power_precond"
2025-12-19 16:08:25.683692,27,"stress_label",7,2,0.1,0.482558139534884,0.418604651162791,NA,7,"top7","eeg_fm_lbeta_power_precond;eeg_fm_specent_precond;eeg_tleft_lbeta_power_precond;eeg_faa_precond;eeg_tleft_lalpha_power_precond;eeg_fl_theta_power_precond;eeg_tleft_alpha_power_precond"
2025-12-19 16:08:25.720814,27,"stress_label",7,4,0.1,0.47093023255814,0.366279069767442,NA,7,"top7","eeg_fm_lbeta_power_precond;eeg_fm_specent_precond;eeg_tleft_lbeta_power_precond;eeg_faa_precond;eeg_tleft_lalpha_power_precond;eeg_fl_theta_power_precond;eeg_tleft_alpha_power_precond"
2025-12-19 16:08:25.861174,27,"stress_label",7,8,0.1,0.482558139534884,0.331395348837209,NA,7,"top7","eeg_fm_lbeta_power_precond;eeg_fm_specent_precond;eeg_tleft_lbeta_power_precond;eeg_faa_precond;eeg_tleft_lalpha_power_precond;eeg_fl_theta_power_precond;eeg_tleft_alpha_power_precond"
2025-12-19 16:08:25.900459,27,"stress_label",7,16,0.1,0.453488372093023,0.38953488372093,NA,7,"top7","eeg_fm_lbeta_power_precond;eeg_fm_specent_precond;eeg_tleft_lbeta_power_precond;eeg_faa_precond;eeg_tleft_lalpha_power_precond;eeg_fl_theta_power_precond;eeg_tleft_alpha_power_precond"
2025-12-19 16:08:26.034056,27,"stress_label",7,32,0.1,0.488372093023256,0.430232558139535,NA,7,"top7","eeg_fm_lbeta_power_precond;eeg_fm_specent_precond;eeg_tleft_lbeta_power_precond;eeg_faa_precond;eeg_tleft_lalpha_power_precond;eeg_fl_theta_power_precond;eeg_tleft_alpha_power_precond"
2025-12-19 16:08:26.203381,27,"stress_label",7,64,0.1,0.494186046511628,0.424418604651163,NA,7,"top7","eeg_fm_lbeta_power_precond;eeg_fm_specent_precond;eeg_tleft_lbeta_power_precond;eeg_faa_precond;eeg_tleft_lalpha_power_precond;eeg_fl_theta_power_precond;eeg_tleft_alpha_power_precond"
2025-12-19 16:08:26.378665,27,"stress_label",7,128,0.1,0.441860465116279,0.534883720930233,NA,7,"top7","eeg_fm_lbeta_power_precond;eeg_fm_specent_precond;eeg_tleft_lbeta_power_precond;eeg_faa_precond;eeg_tleft_lalpha_power_precond;eeg_fl_theta_power_precond;eeg_tleft_alpha_power_precond"
2025-12-19 16:08:26.648108,27,"stress_label",7,256,0.1,0.488372093023256,0.494186046511628,NA,7,"top7","eeg_fm_lbeta_power_precond;eeg_fm_specent_precond;eeg_tleft_lbeta_power_precond;eeg_faa_precond;eeg_tleft_lalpha_power_precond;eeg_fl_theta_power_precond;eeg_tleft_alpha_power_precond"
2025-12-19 16:08:27.957069,28,"stress_label",7,2,0.0078125,0.47093023255814,0.534883720930233,0.376744186046512,7,"top7","eeg_fm_specent_precond;eeg_faa_precond;eeg_fm_beta_power_precond;eeg_tleft_lbeta_power_precond;eeg_tleft_lalpha_power_precond;eeg_ta_ratio_precond;eeg_fl_theta_power_precond"
2025-12-19 16:08:27.929762,28,"stress_label",7,4,0.0078125,0.476744186046512,0.511627906976744,0.415503875968992,7,"top7","eeg_fm_specent_precond;eeg_faa_precond;eeg_fm_beta_power_precond;eeg_tleft_lbeta_power_precond;eeg_tleft_lalpha_power_precond;eeg_ta_ratio_precond;eeg_fl_theta_power_precond"
2025-12-19 16:08:27.949916,28,"stress_label",7,8,0.0078125,0.47093023255814,0.436046511627907,0.392248062015504,7,"top7","eeg_fm_specent_precond;eeg_faa_precond;eeg_fm_beta_power_precond;eeg_tleft_lbeta_power_precond;eeg_tleft_lalpha_power_precond;eeg_ta_ratio_precond;eeg_fl_theta_power_precond"
2025-12-19 16:08:27.94136,28,"stress_label",7,16,0.0078125,0.494186046511628,0.430232558139535,0.423255813953488,7,"top7","eeg_fm_specent_precond;eeg_faa_precond;eeg_fm_beta_power_precond;eeg_tleft_lbeta_power_precond;eeg_tleft_lalpha_power_precond;eeg_ta_ratio_precond;eeg_fl_theta_power_precond"
2025-12-19 16:08:27.957676,28,"stress_label",7,32,0.0078125,0.494186046511628,0.436046511627907,0.44031007751938,7,"top7","eeg_fm_specent_precond;eeg_faa_precond;eeg_fm_beta_power_precond;eeg_tleft_lbeta_power_precond;eeg_tleft_lalpha_power_precond;eeg_ta_ratio_precond;eeg_fl_theta_power_precond"
2025-12-19 16:08:27.958397,28,"stress_label",7,64,0.0078125,0.534883720930233,0.412790697674419,0.472868217054264,7,"top7","eeg_fm_specent_precond;eeg_faa_precond;eeg_fm_beta_power_precond;eeg_tleft_lbeta_power_precond;eeg_tleft_lalpha_power_precond;eeg_ta_ratio_precond;eeg_fl_theta_power_precond"
2025-12-19 16:08:28.057966,28,"stress_label",7,128,0.0078125,0.488372093023256,0.401162790697674,NA,7,"top7","eeg_fm_specent_precond;eeg_faa_precond;eeg_fm_beta_power_precond;eeg_tleft_lbeta_power_precond;eeg_tleft_lalpha_power_precond;eeg_ta_ratio_precond;eeg_fl_theta_power_precond"
2025-12-19 16:08:28.112464,28,"stress_label",7,256,0.0078125,0.517441860465116,0.337209302325581,NA,7,"top7","eeg_fm_specent_precond;eeg_faa_precond;eeg_fm_beta_power_precond;eeg_tleft_lbeta_power_precond;eeg_tleft_lalpha_power_precond;eeg_ta_ratio_precond;eeg_fl_theta_power_precond"
2025-12-19 16:08:27.942159,28,"stress_label",7,2,0.015625,0.505813953488372,0.563953488372093,0.42015503875969,7,"top7","eeg_fm_specent_precond;eeg_faa_precond;eeg_fm_beta_power_precond;eeg_tleft_lbeta_power_precond;eeg_tleft_lalpha_power_precond;eeg_ta_ratio_precond;eeg_fl_theta_power_precond"
2025-12-19 16:08:27.964083,28,"stress_label",7,4,0.015625,0.47093023255814,0.38953488372093,0.388372093023256,7,"top7","eeg_fm_specent_precond;eeg_faa_precond;eeg_fm_beta_power_precond;eeg_tleft_lbeta_power_precond;eeg_tleft_lalpha_power_precond;eeg_ta_ratio_precond;eeg_fl_theta_power_precond"
2025-12-19 16:08:27.948227,28,"stress_label",7,8,0.015625,0.5,0.47093023255814,0.431007751937984,7,"top7","eeg_fm_specent_precond;eeg_faa_precond;eeg_fm_beta_power_precond;eeg_tleft_lbeta_power_precond;eeg_tleft_lalpha_power_precond;eeg_ta_ratio_precond;eeg_fl_theta_power_precond"
2025-12-19 16:08:27.921391,28,"stress_label",7,16,0.015625,0.529069767441861,0.36046511627907,0.463565891472868,7,"top7","eeg_fm_specent_precond;eeg_faa_precond;eeg_fm_beta_power_precond;eeg_tleft_lbeta_power_precond;eeg_tleft_lalpha_power_precond;eeg_ta_ratio_precond;eeg_fl_theta_power_precond"
2025-12-19 16:08:27.980661,28,"stress_label",7,32,0.015625,0.511627906976744,0.441860465116279,0.465891472868217,7,"top7","eeg_fm_specent_precond;eeg_faa_precond;eeg_fm_beta_power_precond;eeg_tleft_lbeta_power_precond;eeg_tleft_lalpha_power_precond;eeg_ta_ratio_precond;eeg_fl_theta_power_precond"
2025-12-19 16:08:28.042474,28,"stress_label",7,64,0.015625,0.523255813953488,0.343023255813953,NA,7,"top7","eeg_fm_specent_precond;eeg_faa_precond;eeg_fm_beta_power_precond;eeg_tleft_lbeta_power_precond;eeg_tleft_lalpha_power_precond;eeg_ta_ratio_precond;eeg_fl_theta_power_precond"
2025-12-19 16:08:29.15875,28,"stress_label",7,128,0.015625,0.529069767441861,0.424418604651163,NA,7,"top7","eeg_fm_specent_precond;eeg_faa_precond;eeg_fm_beta_power_precond;eeg_tleft_lbeta_power_precond;eeg_tleft_lalpha_power_precond;eeg_ta_ratio_precond;eeg_fl_theta_power_precond"
2025-12-19 16:08:29.354372,28,"stress_label",7,256,0.015625,0.523255813953488,0.511627906976744,NA,7,"top7","eeg_fm_specent_precond;eeg_faa_precond;eeg_fm_beta_power_precond;eeg_tleft_lbeta_power_precond;eeg_tleft_lalpha_power_precond;eeg_ta_ratio_precond;eeg_fl_theta_power_precond"
2025-12-19 16:08:29.041624,28,"stress_label",7,2,0.03125,0.476744186046512,0.412790697674419,0.382945736434109,7,"top7","eeg_fm_specent_precond;eeg_faa_precond;eeg_fm_beta_power_precond;eeg_tleft_lbeta_power_precond;eeg_tleft_lalpha_power_precond;eeg_ta_ratio_precond;eeg_fl_theta_power_precond"
2025-12-19 16:08:29.030958,28,"stress_label",7,4,0.03125,0.505813953488372,0.441860465116279,NA,7,"top7","eeg_fm_specent_precond;eeg_faa_precond;eeg_fm_beta_power_precond;eeg_tleft_lbeta_power_precond;eeg_tleft_lalpha_power_precond;eeg_ta_ratio_precond;eeg_fl_theta_power_precond"
2025-12-19 16:08:29.055114,28,"stress_label",7,8,0.03125,0.511627906976744,0.401162790697674,0.462015503875969,7,"top7","eeg_fm_specent_precond;eeg_faa_precond;eeg_fm_beta_power_precond;eeg_tleft_lbeta_power_precond;eeg_tleft_lalpha_power_precond;eeg_ta_ratio_precond;eeg_fl_theta_power_precond"
2025-12-19 16:08:29.063545,28,"stress_label",7,16,0.03125,0.523255813953488,0.383720930232558,NA,7,"top7","eeg_fm_specent_precond;eeg_faa_precond;eeg_fm_beta_power_precond;eeg_tleft_lbeta_power_precond;eeg_tleft_lalpha_power_precond;eeg_ta_ratio_precond;eeg_fl_theta_power_precond"
2025-12-19 16:08:29.114909,28,"stress_label",7,32,0.03125,0.511627906976744,0.453488372093023,NA,7,"top7","eeg_fm_specent_precond;eeg_faa_precond;eeg_fm_beta_power_precond;eeg_tleft_lbeta_power_precond;eeg_tleft_lalpha_power_precond;eeg_ta_ratio_precond;eeg_fl_theta_power_precond"
2025-12-19 16:08:29.169688,28,"stress_label",7,64,0.03125,0.505813953488372,0.529069767441861,NA,7,"top7","eeg_fm_specent_precond;eeg_faa_precond;eeg_fm_beta_power_precond;eeg_tleft_lbeta_power_precond;eeg_tleft_lalpha_power_precond;eeg_ta_ratio_precond;eeg_fl_theta_power_precond"
2025-12-19 16:08:29.326748,28,"stress_label",7,128,0.03125,0.5,0.343023255813953,0.472868217054264,7,"top7","eeg_fm_specent_precond;eeg_faa_precond;eeg_fm_beta_power_precond;eeg_tleft_lbeta_power_precond;eeg_tleft_lalpha_power_precond;eeg_ta_ratio_precond;eeg_fl_theta_power_precond"
2025-12-19 16:08:29.671576,28,"stress_label",7,256,0.03125,0.511627906976744,0.366279069767442,0.468217054263566,7,"top7","eeg_fm_specent_precond;eeg_faa_precond;eeg_fm_beta_power_precond;eeg_tleft_lbeta_power_precond;eeg_tleft_lalpha_power_precond;eeg_ta_ratio_precond;eeg_fl_theta_power_precond"
2025-12-19 16:08:29.078731,28,"stress_label",7,2,0.0625,0.511627906976744,0.337209302325581,NA,7,"top7","eeg_fm_specent_precond;eeg_faa_precond;eeg_fm_beta_power_precond;eeg_tleft_lbeta_power_precond;eeg_tleft_lalpha_power_precond;eeg_ta_ratio_precond;eeg_fl_theta_power_precond"
2025-12-19 16:08:29.14199,28,"stress_label",7,4,0.0625,0.511627906976744,0.412790697674419,0.474418604651163,7,"top7","eeg_fm_specent_precond;eeg_faa_precond;eeg_fm_beta_power_precond;eeg_tleft_lbeta_power_precond;eeg_tleft_lalpha_power_precond;eeg_ta_ratio_precond;eeg_fl_theta_power_precond"
2025-12-19 16:08:29.144226,28,"stress_label",7,8,0.0625,0.523255813953488,0.36046511627907,0.5,7,"top7","eeg_fm_specent_precond;eeg_faa_precond;eeg_fm_beta_power_precond;eeg_tleft_lbeta_power_precond;eeg_tleft_lalpha_power_precond;eeg_ta_ratio_precond;eeg_fl_theta_power_precond"
2025-12-19 16:08:29.225803,28,"stress_label",7,16,0.0625,0.5,0.383720930232558,0.47984496124031,7,"top7","eeg_fm_specent_precond;eeg_faa_precond;eeg_fm_beta_power_precond;eeg_tleft_lbeta_power_precond;eeg_tleft_lalpha_power_precond;eeg_ta_ratio_precond;eeg_fl_theta_power_precond"
2025-12-19 16:08:30.226962,28,"stress_label",7,32,0.0625,0.540697674418605,0.406976744186047,0.510077519379845,7,"top7","eeg_fm_specent_precond;eeg_faa_precond;eeg_fm_beta_power_precond;eeg_tleft_lbeta_power_precond;eeg_tleft_lalpha_power_precond;eeg_ta_ratio_precond;eeg_fl_theta_power_precond"
2025-12-19 16:08:30.341871,28,"stress_label",7,64,0.0625,0.488372093023256,0.430232558139535,0.455038759689922,7,"top7","eeg_fm_specent_precond;eeg_faa_precond;eeg_fm_beta_power_precond;eeg_tleft_lbeta_power_precond;eeg_tleft_lalpha_power_precond;eeg_ta_ratio_precond;eeg_fl_theta_power_precond"
2025-12-19 16:08:30.606981,28,"stress_label",7,128,0.0625,0.47093023255814,0.441860465116279,NA,7,"top7","eeg_fm_specent_precond;eeg_faa_precond;eeg_fm_beta_power_precond;eeg_tleft_lbeta_power_precond;eeg_tleft_lalpha_power_precond;eeg_ta_ratio_precond;eeg_fl_theta_power_precond"
2025-12-19 16:08:31.005629,28,"stress_label",7,256,0.0625,0.494186046511628,0.447674418604651,NA,7,"top7","eeg_fm_specent_precond;eeg_faa_precond;eeg_fm_beta_power_precond;eeg_tleft_lbeta_power_precond;eeg_tleft_lalpha_power_precond;eeg_ta_ratio_precond;eeg_fl_theta_power_precond"
2025-12-19 16:08:30.136958,28,"stress_label",7,2,0.125,0.511627906976744,0.348837209302326,0.472093023255814,7,"top7","eeg_fm_specent_precond;eeg_faa_precond;eeg_fm_beta_power_precond;eeg_tleft_lbeta_power_precond;eeg_tleft_lalpha_power_precond;eeg_ta_ratio_precond;eeg_fl_theta_power_precond"
2025-12-19 16:08:30.236725,28,"stress_label",7,4,0.125,0.517441860465116,0.465116279069767,0.493798449612403,7,"top7","eeg_fm_specent_precond;eeg_faa_precond;eeg_fm_beta_power_precond;eeg_tleft_lbeta_power_precond;eeg_tleft_lalpha_power_precond;eeg_ta_ratio_precond;eeg_fl_theta_power_precond"
2025-12-19 16:08:30.231789,28,"stress_label",7,8,0.125,0.523255813953488,0.453488372093023,0.487596899224806,7,"top7","eeg_fm_specent_precond;eeg_faa_precond;eeg_fm_beta_power_precond;eeg_tleft_lbeta_power_precond;eeg_tleft_lalpha_power_precond;eeg_ta_ratio_precond;eeg_fl_theta_power_precond"
2025-12-19 16:08:30.287556,28,"stress_label",7,16,0.125,0.488372093023256,0.436046511627907,0.457364341085271,7,"top7","eeg_fm_specent_precond;eeg_faa_precond;eeg_fm_beta_power_precond;eeg_tleft_lbeta_power_precond;eeg_tleft_lalpha_power_precond;eeg_ta_ratio_precond;eeg_fl_theta_power_precond"
2025-12-19 16:08:30.415349,28,"stress_label",7,32,0.125,0.459302325581395,0.372093023255814,NA,7,"top7","eeg_fm_specent_precond;eeg_faa_precond;eeg_fm_beta_power_precond;eeg_tleft_lbeta_power_precond;eeg_tleft_lalpha_power_precond;eeg_ta_ratio_precond;eeg_fl_theta_power_precond"
2025-12-19 16:08:30.641233,28,"stress_label",7,64,0.125,0.47093023255814,0.424418604651163,NA,7,"top7","eeg_fm_specent_precond;eeg_faa_precond;eeg_fm_beta_power_precond;eeg_tleft_lbeta_power_precond;eeg_tleft_lalpha_power_precond;eeg_ta_ratio_precond;eeg_fl_theta_power_precond"
2025-12-19 16:08:30.895543,28,"stress_label",7,128,0.125,0.494186046511628,0.436046511627907,NA,7,"top7","eeg_fm_specent_precond;eeg_faa_precond;eeg_fm_beta_power_precond;eeg_tleft_lbeta_power_precond;eeg_tleft_lalpha_power_precond;eeg_ta_ratio_precond;eeg_fl_theta_power_precond"
2025-12-19 16:08:31.184645,28,"stress_label",7,256,0.125,0.488372093023256,0.38953488372093,NA,7,"top7","eeg_fm_specent_precond;eeg_faa_precond;eeg_fm_beta_power_precond;eeg_tleft_lbeta_power_precond;eeg_tleft_lalpha_power_precond;eeg_ta_ratio_precond;eeg_fl_theta_power_precond"
2025-12-19 16:08:30.437753,28,"stress_label",7,2,0.03,0.476744186046512,0.476744186046512,0.382945736434109,7,"top7","eeg_fm_specent_precond;eeg_faa_precond;eeg_fm_beta_power_precond;eeg_tleft_lbeta_power_precond;eeg_tleft_lalpha_power_precond;eeg_ta_ratio_precond;eeg_fl_theta_power_precond"
2025-12-19 16:08:30.734957,28,"stress_label",7,4,0.03,0.5,0.418604651162791,NA,7,"top7","eeg_fm_specent_precond;eeg_faa_precond;eeg_fm_beta_power_precond;eeg_tleft_lbeta_power_precond;eeg_tleft_lalpha_power_precond;eeg_ta_ratio_precond;eeg_fl_theta_power_precond"
2025-12-19 16:08:31.216795,28,"stress_label",7,8,0.03,0.529069767441861,0.447674418604651,0.481395348837209,7,"top7","eeg_fm_specent_precond;eeg_faa_precond;eeg_fm_beta_power_precond;eeg_tleft_lbeta_power_precond;eeg_tleft_lalpha_power_precond;eeg_ta_ratio_precond;eeg_fl_theta_power_precond"
2025-12-19 16:08:31.326238,28,"stress_label",7,16,0.03,0.523255813953488,0.337209302325581,NA,7,"top7","eeg_fm_specent_precond;eeg_faa_precond;eeg_fm_beta_power_precond;eeg_tleft_lbeta_power_precond;eeg_tleft_lalpha_power_precond;eeg_ta_ratio_precond;eeg_fl_theta_power_precond"
2025-12-19 16:08:31.409999,28,"stress_label",7,32,0.03,0.511627906976744,0.401162790697674,NA,7,"top7","eeg_fm_specent_precond;eeg_faa_precond;eeg_fm_beta_power_precond;eeg_tleft_lbeta_power_precond;eeg_tleft_lalpha_power_precond;eeg_ta_ratio_precond;eeg_fl_theta_power_precond"
2025-12-19 16:08:31.491473,28,"stress_label",7,64,0.03,0.505813953488372,0.424418604651163,NA,7,"top7","eeg_fm_specent_precond;eeg_faa_precond;eeg_fm_beta_power_precond;eeg_tleft_lbeta_power_precond;eeg_tleft_lalpha_power_precond;eeg_ta_ratio_precond;eeg_fl_theta_power_precond"
2025-12-19 16:08:31.638355,28,"stress_label",7,128,0.03,0.5,0.441860465116279,0.472868217054264,7,"top7","eeg_fm_specent_precond;eeg_faa_precond;eeg_fm_beta_power_precond;eeg_tleft_lbeta_power_precond;eeg_tleft_lalpha_power_precond;eeg_ta_ratio_precond;eeg_fl_theta_power_precond"
2025-12-19 16:08:31.963454,28,"stress_label",7,256,0.03,0.511627906976744,0.424418604651163,0.468217054263566,7,"top7","eeg_fm_specent_precond;eeg_faa_precond;eeg_fm_beta_power_precond;eeg_tleft_lbeta_power_precond;eeg_tleft_lalpha_power_precond;eeg_ta_ratio_precond;eeg_fl_theta_power_precond"
2025-12-19 16:08:31.520014,28,"stress_label",7,2,0.06,0.505813953488372,0.36046511627907,NA,7,"top7","eeg_fm_specent_precond;eeg_faa_precond;eeg_fm_beta_power_precond;eeg_tleft_lbeta_power_precond;eeg_tleft_lalpha_power_precond;eeg_ta_ratio_precond;eeg_fl_theta_power_precond"
2025-12-19 16:08:31.51307,28,"stress_label",7,4,0.06,0.505813953488372,0.354651162790698,0.462790697674419,7,"top7","eeg_fm_specent_precond;eeg_faa_precond;eeg_fm_beta_power_precond;eeg_tleft_lbeta_power_precond;eeg_tleft_lalpha_power_precond;eeg_ta_ratio_precond;eeg_fl_theta_power_precond"
2025-12-19 16:08:31.664979,28,"stress_label",7,8,0.06,0.517441860465116,0.406976744186047,0.497674418604651,7,"top7","eeg_fm_specent_precond;eeg_faa_precond;eeg_fm_beta_power_precond;eeg_tleft_lbeta_power_precond;eeg_tleft_lalpha_power_precond;eeg_ta_ratio_precond;eeg_fl_theta_power_precond"
2025-12-19 16:08:31.772606,28,"stress_label",7,16,0.06,0.505813953488372,0.354651162790698,0.486821705426357,7,"top7","eeg_fm_specent_precond;eeg_faa_precond;eeg_fm_beta_power_precond;eeg_tleft_lbeta_power_precond;eeg_tleft_lalpha_power_precond;eeg_ta_ratio_precond;eeg_fl_theta_power_precond"
2025-12-19 16:08:31.8578,28,"stress_label",7,32,0.06,0.529069767441861,0.447674418604651,0.495348837209302,7,"top7","eeg_fm_specent_precond;eeg_faa_precond;eeg_fm_beta_power_precond;eeg_tleft_lbeta_power_precond;eeg_tleft_lalpha_power_precond;eeg_ta_ratio_precond;eeg_fl_theta_power_precond"
2025-12-19 16:08:32.148236,28,"stress_label",7,64,0.06,0.488372093023256,0.459302325581395,0.445736434108527,7,"top7","eeg_fm_specent_precond;eeg_faa_precond;eeg_fm_beta_power_precond;eeg_tleft_lbeta_power_precond;eeg_tleft_lalpha_power_precond;eeg_ta_ratio_precond;eeg_fl_theta_power_precond"
2025-12-19 16:08:32.435492,28,"stress_label",7,128,0.06,0.47093023255814,0.459302325581395,NA,7,"top7","eeg_fm_specent_precond;eeg_faa_precond;eeg_fm_beta_power_precond;eeg_tleft_lbeta_power_precond;eeg_tleft_lalpha_power_precond;eeg_ta_ratio_precond;eeg_fl_theta_power_precond"
2025-12-19 16:08:32.760973,28,"stress_label",7,256,0.06,0.47093023255814,0.488372093023256,NA,7,"top7","eeg_fm_specent_precond;eeg_faa_precond;eeg_fm_beta_power_precond;eeg_tleft_lbeta_power_precond;eeg_tleft_lalpha_power_precond;eeg_ta_ratio_precond;eeg_fl_theta_power_precond"
2025-12-19 16:08:32.218194,28,"stress_label",7,2,0.1,0.511627906976744,0.395348837209302,NA,7,"top7","eeg_fm_specent_precond;eeg_faa_precond;eeg_fm_beta_power_precond;eeg_tleft_lbeta_power_precond;eeg_tleft_lalpha_power_precond;eeg_ta_ratio_precond;eeg_fl_theta_power_precond"
2025-12-19 16:08:32.302532,28,"stress_label",7,4,0.1,0.511627906976744,0.401162790697674,0.489147286821705,7,"top7","eeg_fm_specent_precond;eeg_faa_precond;eeg_fm_beta_power_precond;eeg_tleft_lbeta_power_precond;eeg_tleft_lalpha_power_precond;eeg_ta_ratio_precond;eeg_fl_theta_power_precond"
2025-12-19 16:08:32.379914,28,"stress_label",7,8,0.1,0.505813953488372,0.383720930232558,0.471317829457364,7,"top7","eeg_fm_specent_precond;eeg_faa_precond;eeg_fm_beta_power_precond;eeg_tleft_lbeta_power_precond;eeg_tleft_lalpha_power_precond;eeg_ta_ratio_precond;eeg_fl_theta_power_precond"
2025-12-19 16:08:32.46457,28,"stress_label",7,16,0.1,0.517441860465116,0.459302325581395,0.483720930232558,7,"top7","eeg_fm_specent_precond;eeg_faa_precond;eeg_fm_beta_power_precond;eeg_tleft_lbeta_power_precond;eeg_tleft_lalpha_power_precond;eeg_ta_ratio_precond;eeg_fl_theta_power_precond"
2025-12-19 16:08:32.553135,28,"stress_label",7,32,0.1,0.488372093023256,0.38953488372093,0.457364341085271,7,"top7","eeg_fm_specent_precond;eeg_faa_precond;eeg_fm_beta_power_precond;eeg_tleft_lbeta_power_precond;eeg_tleft_lalpha_power_precond;eeg_ta_ratio_precond;eeg_fl_theta_power_precond"
2025-12-19 16:08:32.665818,28,"stress_label",7,64,0.1,0.453488372093023,0.447674418604651,NA,7,"top7","eeg_fm_specent_precond;eeg_faa_precond;eeg_fm_beta_power_precond;eeg_tleft_lbeta_power_precond;eeg_tleft_lalpha_power_precond;eeg_ta_ratio_precond;eeg_fl_theta_power_precond"
2025-12-19 16:08:32.895065,28,"stress_label",7,128,0.1,0.488372093023256,0.436046511627907,NA,7,"top7","eeg_fm_specent_precond;eeg_faa_precond;eeg_fm_beta_power_precond;eeg_tleft_lbeta_power_precond;eeg_tleft_lalpha_power_precond;eeg_ta_ratio_precond;eeg_fl_theta_power_precond"
2025-12-19 16:08:33.068137,28,"stress_label",7,256,0.1,0.482558139534884,0.343023255813953,NA,7,"top7","eeg_fm_specent_precond;eeg_faa_precond;eeg_fm_beta_power_precond;eeg_tleft_lbeta_power_precond;eeg_tleft_lalpha_power_precond;eeg_ta_ratio_precond;eeg_fl_theta_power_precond"
2025-12-19 16:08:34.308647,29,"stress_label",7,2,0.0078125,0.441860465116279,0.587209302325581,0.394573643410853,7,"top7","eeg_fm_specent_precond;eeg_fm_beta_power_precond;eeg_faa_precond;eeg_tleft_lbeta_power_precond;eeg_tleft_lalpha_power_precond;eeg_ta_ratio_precond;eeg_tb_ratio_precond"
2025-12-19 16:08:34.364426,29,"stress_label",7,4,0.0078125,0.395348837209302,0.587209302325581,0.3,7,"top7","eeg_fm_specent_precond;eeg_fm_beta_power_precond;eeg_faa_precond;eeg_tleft_lbeta_power_precond;eeg_tleft_lalpha_power_precond;eeg_ta_ratio_precond;eeg_tb_ratio_precond"
2025-12-19 16:08:34.3642,29,"stress_label",7,8,0.0078125,0.453488372093023,0.604651162790698,0.364341085271318,7,"top7","eeg_fm_specent_precond;eeg_fm_beta_power_precond;eeg_faa_precond;eeg_tleft_lbeta_power_precond;eeg_tleft_lalpha_power_precond;eeg_ta_ratio_precond;eeg_tb_ratio_precond"
2025-12-19 16:08:34.381739,29,"stress_label",7,16,0.0078125,0.447674418604651,0.540697674418605,0.352713178294574,7,"top7","eeg_fm_specent_precond;eeg_fm_beta_power_precond;eeg_faa_precond;eeg_tleft_lbeta_power_precond;eeg_tleft_lalpha_power_precond;eeg_ta_ratio_precond;eeg_tb_ratio_precond"
2025-12-19 16:08:34.408591,29,"stress_label",7,32,0.0078125,0.441860465116279,0.61046511627907,NA,7,"top7","eeg_fm_specent_precond;eeg_fm_beta_power_precond;eeg_faa_precond;eeg_tleft_lbeta_power_precond;eeg_tleft_lalpha_power_precond;eeg_ta_ratio_precond;eeg_tb_ratio_precond"
2025-12-19 16:08:34.396742,29,"stress_label",7,64,0.0078125,0.441860465116279,0.558139534883721,NA,7,"top7","eeg_fm_specent_precond;eeg_fm_beta_power_precond;eeg_faa_precond;eeg_tleft_lbeta_power_precond;eeg_tleft_lalpha_power_precond;eeg_ta_ratio_precond;eeg_tb_ratio_precond"
2025-12-19 16:08:34.491112,29,"stress_label",7,128,0.0078125,0.459302325581395,0.587209302325581,NA,7,"top7","eeg_fm_specent_precond;eeg_fm_beta_power_precond;eeg_faa_precond;eeg_tleft_lbeta_power_precond;eeg_tleft_lalpha_power_precond;eeg_ta_ratio_precond;eeg_tb_ratio_precond"
2025-12-19 16:08:34.527899,29,"stress_label",7,256,0.0078125,0.453488372093023,0.569767441860465,NA,7,"top7","eeg_fm_specent_precond;eeg_fm_beta_power_precond;eeg_faa_precond;eeg_tleft_lbeta_power_precond;eeg_tleft_lalpha_power_precond;eeg_ta_ratio_precond;eeg_tb_ratio_precond"
2025-12-19 16:08:34.329105,29,"stress_label",7,2,0.015625,0.412790697674419,0.569767441860465,0.323255813953488,7,"top7","eeg_fm_specent_precond;eeg_fm_beta_power_precond;eeg_faa_precond;eeg_tleft_lbeta_power_precond;eeg_tleft_lalpha_power_precond;eeg_ta_ratio_precond;eeg_tb_ratio_precond"
2025-12-19 16:08:34.342255,29,"stress_label",7,4,0.015625,0.441860465116279,0.61046511627907,0.352713178294574,7,"top7","eeg_fm_specent_precond;eeg_fm_beta_power_precond;eeg_faa_precond;eeg_tleft_lbeta_power_precond;eeg_tleft_lalpha_power_precond;eeg_ta_ratio_precond;eeg_tb_ratio_precond"
2025-12-19 16:08:34.378352,29,"stress_label",7,8,0.015625,0.436046511627907,0.622093023255814,0.341085271317829,7,"top7","eeg_fm_specent_precond;eeg_fm_beta_power_precond;eeg_faa_precond;eeg_tleft_lbeta_power_precond;eeg_tleft_lalpha_power_precond;eeg_ta_ratio_precond;eeg_tb_ratio_precond"
2025-12-19 16:08:34.365068,29,"stress_label",7,16,0.015625,0.441860465116279,0.575581395348837,NA,7,"top7","eeg_fm_specent_precond;eeg_fm_beta_power_precond;eeg_faa_precond;eeg_tleft_lbeta_power_precond;eeg_tleft_lalpha_power_precond;eeg_ta_ratio_precond;eeg_tb_ratio_precond"
2025-12-19 16:08:34.443091,29,"stress_label",7,32,0.015625,0.459302325581395,0.593023255813954,NA,7,"top7","eeg_fm_specent_precond;eeg_fm_beta_power_precond;eeg_faa_precond;eeg_tleft_lbeta_power_precond;eeg_tleft_lalpha_power_precond;eeg_ta_ratio_precond;eeg_tb_ratio_precond"
2025-12-19 16:08:34.456925,29,"stress_label",7,64,0.015625,0.447674418604651,0.494186046511628,NA,7,"top7","eeg_fm_specent_precond;eeg_fm_beta_power_precond;eeg_faa_precond;eeg_tleft_lbeta_power_precond;eeg_tleft_lalpha_power_precond;eeg_ta_ratio_precond;eeg_tb_ratio_precond"
2025-12-19 16:08:35.543504,29,"stress_label",7,128,0.015625,0.529069767441861,0.430232558139535,NA,7,"top7","eeg_fm_specent_precond;eeg_fm_beta_power_precond;eeg_faa_precond;eeg_tleft_lbeta_power_precond;eeg_tleft_lalpha_power_precond;eeg_ta_ratio_precond;eeg_tb_ratio_precond"
2025-12-19 16:08:35.75491,29,"stress_label",7,256,0.015625,0.523255813953488,0.331395348837209,NA,7,"top7","eeg_fm_specent_precond;eeg_fm_beta_power_precond;eeg_faa_precond;eeg_tleft_lbeta_power_precond;eeg_tleft_lalpha_power_precond;eeg_ta_ratio_precond;eeg_tb_ratio_precond"
2025-12-19 16:08:35.402372,29,"stress_label",7,2,0.03125,0.418604651162791,0.633720930232558,0.317829457364341,7,"top7","eeg_fm_specent_precond;eeg_fm_beta_power_precond;eeg_faa_precond;eeg_tleft_lbeta_power_precond;eeg_tleft_lalpha_power_precond;eeg_ta_ratio_precond;eeg_tb_ratio_precond"
2025-12-19 16:08:35.426112,29,"stress_label",7,4,0.03125,0.447674418604651,0.63953488372093,NA,7,"top7","eeg_fm_specent_precond;eeg_fm_beta_power_precond;eeg_faa_precond;eeg_tleft_lbeta_power_precond;eeg_tleft_lalpha_power_precond;eeg_ta_ratio_precond;eeg_tb_ratio_precond"
2025-12-19 16:08:35.478904,29,"stress_label",7,8,0.03125,0.436046511627907,0.569767441860465,NA,7,"top7","eeg_fm_specent_precond;eeg_fm_beta_power_precond;eeg_faa_precond;eeg_tleft_lbeta_power_precond;eeg_tleft_lalpha_power_precond;eeg_ta_ratio_precond;eeg_tb_ratio_precond"
2025-12-19 16:08:35.494724,29,"stress_label",7,16,0.03125,0.430232558139535,0.529069767441861,NA,7,"top7","eeg_fm_specent_precond;eeg_fm_beta_power_precond;eeg_faa_precond;eeg_tleft_lbeta_power_precond;eeg_tleft_lalpha_power_precond;eeg_ta_ratio_precond;eeg_tb_ratio_precond"
2025-12-19 16:08:35.541452,29,"stress_label",7,32,0.03125,0.529069767441861,0.47093023255814,NA,7,"top7","eeg_fm_specent_precond;eeg_fm_beta_power_precond;eeg_faa_precond;eeg_tleft_lbeta_power_precond;eeg_tleft_lalpha_power_precond;eeg_ta_ratio_precond;eeg_tb_ratio_precond"
2025-12-19 16:08:35.620327,29,"stress_label",7,64,0.03125,0.546511627906977,0.453488372093023,NA,7,"top7","eeg_fm_specent_precond;eeg_fm_beta_power_precond;eeg_faa_precond;eeg_tleft_lbeta_power_precond;eeg_tleft_lalpha_power_precond;eeg_ta_ratio_precond;eeg_tb_ratio_precond"
2025-12-19 16:08:35.838989,29,"stress_label",7,128,0.03125,0.546511627906977,0.424418604651163,NA,7,"top7","eeg_fm_specent_precond;eeg_fm_beta_power_precond;eeg_faa_precond;eeg_tleft_lbeta_power_precond;eeg_tleft_lalpha_power_precond;eeg_ta_ratio_precond;eeg_tb_ratio_precond"
2025-12-19 16:08:36.199934,29,"stress_label",7,256,0.03125,0.534883720930233,0.319767441860465,NA,7,"top7","eeg_fm_specent_precond;eeg_fm_beta_power_precond;eeg_faa_precond;eeg_tleft_lbeta_power_precond;eeg_tleft_lalpha_power_precond;eeg_ta_ratio_precond;eeg_tb_ratio_precond"
2025-12-19 16:08:35.533864,29,"stress_label",7,2,0.0625,0.436046511627907,0.604651162790698,NA,7,"top7","eeg_fm_specent_precond;eeg_fm_beta_power_precond;eeg_faa_precond;eeg_tleft_lbeta_power_precond;eeg_tleft_lalpha_power_precond;eeg_ta_ratio_precond;eeg_tb_ratio_precond"
2025-12-19 16:08:35.597874,29,"stress_label",7,4,0.0625,0.418604651162791,0.61046511627907,NA,7,"top7","eeg_fm_specent_precond;eeg_fm_beta_power_precond;eeg_faa_precond;eeg_tleft_lbeta_power_precond;eeg_tleft_lalpha_power_precond;eeg_ta_ratio_precond;eeg_tb_ratio_precond"
2025-12-19 16:08:35.608411,29,"stress_label",7,8,0.0625,0.511627906976744,0.465116279069767,NA,7,"top7","eeg_fm_specent_precond;eeg_fm_beta_power_precond;eeg_faa_precond;eeg_tleft_lbeta_power_precond;eeg_tleft_lalpha_power_precond;eeg_ta_ratio_precond;eeg_tb_ratio_precond"
2025-12-19 16:08:35.650801,29,"stress_label",7,16,0.0625,0.540697674418605,0.325581395348837,NA,7,"top7","eeg_fm_specent_precond;eeg_fm_beta_power_precond;eeg_faa_precond;eeg_tleft_lbeta_power_precond;eeg_tleft_lalpha_power_precond;eeg_ta_ratio_precond;eeg_tb_ratio_precond"
2025-12-19 16:08:36.691541,29,"stress_label",7,32,0.0625,0.563953488372093,0.465116279069767,NA,7,"top7","eeg_fm_specent_precond;eeg_fm_beta_power_precond;eeg_faa_precond;eeg_tleft_lbeta_power_precond;eeg_tleft_lalpha_power_precond;eeg_ta_ratio_precond;eeg_tb_ratio_precond"
2025-12-19 16:08:36.837167,29,"stress_label",7,64,0.0625,0.5,0.418604651162791,NA,7,"top7","eeg_fm_specent_precond;eeg_fm_beta_power_precond;eeg_faa_precond;eeg_tleft_lbeta_power_precond;eeg_tleft_lalpha_power_precond;eeg_ta_ratio_precond;eeg_tb_ratio_precond"
2025-12-19 16:08:37.055885,29,"stress_label",7,128,0.0625,0.482558139534884,0.401162790697674,NA,7,"top7","eeg_fm_specent_precond;eeg_fm_beta_power_precond;eeg_faa_precond;eeg_tleft_lbeta_power_precond;eeg_tleft_lalpha_power_precond;eeg_ta_ratio_precond;eeg_tb_ratio_precond"
2025-12-19 16:08:37.486433,29,"stress_label",7,256,0.0625,0.47093023255814,0.372093023255814,NA,7,"top7","eeg_fm_specent_precond;eeg_fm_beta_power_precond;eeg_faa_precond;eeg_tleft_lbeta_power_precond;eeg_tleft_lalpha_power_precond;eeg_ta_ratio_precond;eeg_tb_ratio_precond"
2025-12-19 16:08:36.66634,29,"stress_label",7,2,0.125,0.47093023255814,0.587209302325581,NA,7,"top7","eeg_fm_specent_precond;eeg_fm_beta_power_precond;eeg_faa_precond;eeg_tleft_lbeta_power_precond;eeg_tleft_lalpha_power_precond;eeg_ta_ratio_precond;eeg_tb_ratio_precond"
2025-12-19 16:08:36.695071,29,"stress_label",7,4,0.125,0.529069767441861,0.459302325581395,NA,7,"top7","eeg_fm_specent_precond;eeg_fm_beta_power_precond;eeg_faa_precond;eeg_tleft_lbeta_power_precond;eeg_tleft_lalpha_power_precond;eeg_ta_ratio_precond;eeg_tb_ratio_precond"
2025-12-19 16:08:36.703989,29,"stress_label",7,8,0.125,0.563953488372093,0.38953488372093,NA,7,"top7","eeg_fm_specent_precond;eeg_fm_beta_power_precond;eeg_faa_precond;eeg_tleft_lbeta_power_precond;eeg_tleft_lalpha_power_precond;eeg_ta_ratio_precond;eeg_tb_ratio_precond"
2025-12-19 16:08:36.819443,29,"stress_label",7,16,0.125,0.517441860465116,0.447674418604651,NA,7,"top7","eeg_fm_specent_precond;eeg_fm_beta_power_precond;eeg_faa_precond;eeg_tleft_lbeta_power_precond;eeg_tleft_lalpha_power_precond;eeg_ta_ratio_precond;eeg_tb_ratio_precond"
2025-12-19 16:08:36.947715,29,"stress_label",7,32,0.125,0.494186046511628,0.377906976744186,NA,7,"top7","eeg_fm_specent_precond;eeg_fm_beta_power_precond;eeg_faa_precond;eeg_tleft_lbeta_power_precond;eeg_tleft_lalpha_power_precond;eeg_ta_ratio_precond;eeg_tb_ratio_precond"
2025-12-19 16:08:37.157494,29,"stress_label",7,64,0.125,0.465116279069767,0.465116279069767,NA,7,"top7","eeg_fm_specent_precond;eeg_fm_beta_power_precond;eeg_faa_precond;eeg_tleft_lbeta_power_precond;eeg_tleft_lalpha_power_precond;eeg_ta_ratio_precond;eeg_tb_ratio_precond"
2025-12-19 16:08:37.328129,29,"stress_label",7,128,0.125,0.534883720930233,0.436046511627907,NA,7,"top7","eeg_fm_specent_precond;eeg_fm_beta_power_precond;eeg_faa_precond;eeg_tleft_lbeta_power_precond;eeg_tleft_lalpha_power_precond;eeg_ta_ratio_precond;eeg_tb_ratio_precond"
2025-12-19 16:08:37.55715,29,"stress_label",7,256,0.125,0.511627906976744,0.476744186046512,NA,7,"top7","eeg_fm_specent_precond;eeg_fm_beta_power_precond;eeg_faa_precond;eeg_tleft_lbeta_power_precond;eeg_tleft_lalpha_power_precond;eeg_ta_ratio_precond;eeg_tb_ratio_precond"
2025-12-19 16:08:36.93622,29,"stress_label",7,2,0.03,0.418604651162791,0.633720930232558,0.317829457364341,7,"top7","eeg_fm_specent_precond;eeg_fm_beta_power_precond;eeg_faa_precond;eeg_tleft_lbeta_power_precond;eeg_tleft_lalpha_power_precond;eeg_ta_ratio_precond;eeg_tb_ratio_precond"
2025-12-19 16:08:37.283006,29,"stress_label",7,4,0.03,0.453488372093023,0.61046511627907,NA,7,"top7","eeg_fm_specent_precond;eeg_fm_beta_power_precond;eeg_faa_precond;eeg_tleft_lbeta_power_precond;eeg_tleft_lalpha_power_precond;eeg_ta_ratio_precond;eeg_tb_ratio_precond"
2025-12-19 16:08:37.747029,29,"stress_label",7,8,0.03,0.453488372093023,0.61046511627907,NA,7,"top7","eeg_fm_specent_precond;eeg_fm_beta_power_precond;eeg_faa_precond;eeg_tleft_lbeta_power_precond;eeg_tleft_lalpha_power_precond;eeg_ta_ratio_precond;eeg_tb_ratio_precond"
2025-12-19 16:08:37.80209,29,"stress_label",7,16,0.03,0.424418604651163,0.552325581395349,NA,7,"top7","eeg_fm_specent_precond;eeg_fm_beta_power_precond;eeg_faa_precond;eeg_tleft_lbeta_power_precond;eeg_tleft_lalpha_power_precond;eeg_ta_ratio_precond;eeg_tb_ratio_precond"
2025-12-19 16:08:37.839304,29,"stress_label",7,32,0.03,0.517441860465116,0.465116279069767,NA,7,"top7","eeg_fm_specent_precond;eeg_fm_beta_power_precond;eeg_faa_precond;eeg_tleft_lbeta_power_precond;eeg_tleft_lalpha_power_precond;eeg_ta_ratio_precond;eeg_tb_ratio_precond"
2025-12-19 16:08:37.943496,29,"stress_label",7,64,0.03,0.534883720930233,0.465116279069767,NA,7,"top7","eeg_fm_specent_precond;eeg_fm_beta_power_precond;eeg_faa_precond;eeg_tleft_lbeta_power_precond;eeg_tleft_lalpha_power_precond;eeg_ta_ratio_precond;eeg_tb_ratio_precond"
2025-12-19 16:08:38.203544,29,"stress_label",7,128,0.03,0.546511627906977,0.38953488372093,NA,7,"top7","eeg_fm_specent_precond;eeg_fm_beta_power_precond;eeg_faa_precond;eeg_tleft_lbeta_power_precond;eeg_tleft_lalpha_power_precond;eeg_ta_ratio_precond;eeg_tb_ratio_precond"
2025-12-19 16:08:38.559819,29,"stress_label",7,256,0.03,0.523255813953488,0.412790697674419,NA,7,"top7","eeg_fm_specent_precond;eeg_fm_beta_power_precond;eeg_faa_precond;eeg_tleft_lbeta_power_precond;eeg_tleft_lalpha_power_precond;eeg_ta_ratio_precond;eeg_tb_ratio_precond"
2025-12-19 16:08:37.990781,29,"stress_label",7,2,0.06,0.447674418604651,0.598837209302326,NA,7,"top7","eeg_fm_specent_precond;eeg_fm_beta_power_precond;eeg_faa_precond;eeg_tleft_lbeta_power_precond;eeg_tleft_lalpha_power_precond;eeg_ta_ratio_precond;eeg_tb_ratio_precond"
2025-12-19 16:08:38.045997,29,"stress_label",7,4,0.06,0.424418604651163,0.587209302325581,NA,7,"top7","eeg_fm_specent_precond;eeg_fm_beta_power_precond;eeg_faa_precond;eeg_tleft_lbeta_power_precond;eeg_tleft_lalpha_power_precond;eeg_ta_ratio_precond;eeg_tb_ratio_precond"
2025-12-19 16:08:38.176947,29,"stress_label",7,8,0.06,0.5,0.476744186046512,NA,7,"top7","eeg_fm_specent_precond;eeg_fm_beta_power_precond;eeg_faa_precond;eeg_tleft_lbeta_power_precond;eeg_tleft_lalpha_power_precond;eeg_ta_ratio_precond;eeg_tb_ratio_precond"
2025-12-19 16:08:38.29414,29,"stress_label",7,16,0.06,0.546511627906977,0.366279069767442,NA,7,"top7","eeg_fm_specent_precond;eeg_fm_beta_power_precond;eeg_faa_precond;eeg_tleft_lbeta_power_precond;eeg_tleft_lalpha_power_precond;eeg_ta_ratio_precond;eeg_tb_ratio_precond"
2025-12-19 16:08:38.47617,29,"stress_label",7,32,0.06,0.552325581395349,0.424418604651163,NA,7,"top7","eeg_fm_specent_precond;eeg_fm_beta_power_precond;eeg_faa_precond;eeg_tleft_lbeta_power_precond;eeg_tleft_lalpha_power_precond;eeg_ta_ratio_precond;eeg_tb_ratio_precond"
2025-12-19 16:08:38.637386,29,"stress_label",7,64,0.06,0.511627906976744,0.482558139534884,NA,7,"top7","eeg_fm_specent_precond;eeg_fm_beta_power_precond;eeg_faa_precond;eeg_tleft_lbeta_power_precond;eeg_tleft_lalpha_power_precond;eeg_ta_ratio_precond;eeg_tb_ratio_precond"
2025-12-19 16:08:38.952437,29,"stress_label",7,128,0.06,0.47093023255814,0.430232558139535,NA,7,"top7","eeg_fm_specent_precond;eeg_fm_beta_power_precond;eeg_faa_precond;eeg_tleft_lbeta_power_precond;eeg_tleft_lalpha_power_precond;eeg_ta_ratio_precond;eeg_tb_ratio_precond"
2025-12-19 16:08:39.234934,29,"stress_label",7,256,0.06,0.465116279069767,0.494186046511628,NA,7,"top7","eeg_fm_specent_precond;eeg_fm_beta_power_precond;eeg_faa_precond;eeg_tleft_lbeta_power_precond;eeg_tleft_lalpha_power_precond;eeg_ta_ratio_precond;eeg_tb_ratio_precond"
2025-12-19 16:08:38.791225,29,"stress_label",7,2,0.1,0.447674418604651,0.581395348837209,NA,7,"top7","eeg_fm_specent_precond;eeg_fm_beta_power_precond;eeg_faa_precond;eeg_tleft_lbeta_power_precond;eeg_tleft_lalpha_power_precond;eeg_ta_ratio_precond;eeg_tb_ratio_precond"
2025-12-19 16:08:38.837241,29,"stress_label",7,4,0.1,0.511627906976744,0.5,NA,7,"top7","eeg_fm_specent_precond;eeg_fm_beta_power_precond;eeg_faa_precond;eeg_tleft_lbeta_power_precond;eeg_tleft_lalpha_power_precond;eeg_ta_ratio_precond;eeg_tb_ratio_precond"
2025-12-19 16:08:38.889308,29,"stress_label",7,8,0.1,0.552325581395349,0.412790697674419,NA,7,"top7","eeg_fm_specent_precond;eeg_fm_beta_power_precond;eeg_faa_precond;eeg_tleft_lbeta_power_precond;eeg_tleft_lalpha_power_precond;eeg_ta_ratio_precond;eeg_tb_ratio_precond"
2025-12-19 16:08:39.000429,29,"stress_label",7,16,0.1,0.563953488372093,0.38953488372093,NA,7,"top7","eeg_fm_specent_precond;eeg_fm_beta_power_precond;eeg_faa_precond;eeg_tleft_lbeta_power_precond;eeg_tleft_lalpha_power_precond;eeg_ta_ratio_precond;eeg_tb_ratio_precond"
2025-12-19 16:08:39.064142,29,"stress_label",7,32,0.1,0.494186046511628,0.459302325581395,NA,7,"top7","eeg_fm_specent_precond;eeg_fm_beta_power_precond;eeg_faa_precond;eeg_tleft_lbeta_power_precond;eeg_tleft_lalpha_power_precond;eeg_ta_ratio_precond;eeg_tb_ratio_precond"
2025-12-19 16:08:39.229546,29,"stress_label",7,64,0.1,0.482558139534884,0.447674418604651,NA,7,"top7","eeg_fm_specent_precond;eeg_fm_beta_power_precond;eeg_faa_precond;eeg_tleft_lbeta_power_precond;eeg_tleft_lalpha_power_precond;eeg_ta_ratio_precond;eeg_tb_ratio_precond"
2025-12-19 16:08:39.519255,29,"stress_label",7,128,0.1,0.47093023255814,0.482558139534884,NA,7,"top7","eeg_fm_specent_precond;eeg_fm_beta_power_precond;eeg_faa_precond;eeg_tleft_lbeta_power_precond;eeg_tleft_lalpha_power_precond;eeg_ta_ratio_precond;eeg_tb_ratio_precond"
2025-12-19 16:08:39.644836,29,"stress_label",7,256,0.1,0.534883720930233,0.505813953488372,NA,7,"top7","eeg_fm_specent_precond;eeg_fm_beta_power_precond;eeg_faa_precond;eeg_tleft_lbeta_power_precond;eeg_tleft_lalpha_power_precond;eeg_ta_ratio_precond;eeg_tb_ratio_precond"
2025-12-19 16:08:40.896367,30,"stress_label",7,2,0.0078125,0.453488372093023,0.546511627906977,0.424031007751938,7,"top7","eeg_fm_lbeta_power_precond;eeg_tleft_lbeta_power_precond;eeg_faa_precond;eeg_fl_theta_power_precond;eeg_tleft_lalpha_power_precond;eeg_pleft_hbeta_power_precond;eeg_tb_ratio_precond"
2025-12-19 16:08:40.941541,30,"stress_label",7,4,0.0078125,0.459302325581395,0.540697674418605,0.445736434108527,7,"top7","eeg_fm_lbeta_power_precond;eeg_tleft_lbeta_power_precond;eeg_faa_precond;eeg_fl_theta_power_precond;eeg_tleft_lalpha_power_precond;eeg_pleft_hbeta_power_precond;eeg_tb_ratio_precond"
2025-12-19 16:08:40.919106,30,"stress_label",7,8,0.0078125,0.441860465116279,0.587209302325581,0.457364341085271,7,"top7","eeg_fm_lbeta_power_precond;eeg_tleft_lbeta_power_precond;eeg_faa_precond;eeg_fl_theta_power_precond;eeg_tleft_lalpha_power_precond;eeg_pleft_hbeta_power_precond;eeg_tb_ratio_precond"
2025-12-19 16:08:40.928548,30,"stress_label",7,16,0.0078125,0.441860465116279,0.546511627906977,0.451162790697674,7,"top7","eeg_fm_lbeta_power_precond;eeg_tleft_lbeta_power_precond;eeg_faa_precond;eeg_fl_theta_power_precond;eeg_tleft_lalpha_power_precond;eeg_pleft_hbeta_power_precond;eeg_tb_ratio_precond"
2025-12-19 16:08:40.948603,30,"stress_label",7,32,0.0078125,0.441860465116279,0.523255813953488,0.431782945736434,7,"top7","eeg_fm_lbeta_power_precond;eeg_tleft_lbeta_power_precond;eeg_faa_precond;eeg_fl_theta_power_precond;eeg_tleft_lalpha_power_precond;eeg_pleft_hbeta_power_precond;eeg_tb_ratio_precond"
2025-12-19 16:08:40.988135,30,"stress_label",7,64,0.0078125,0.453488372093023,0.488372093023256,NA,7,"top7","eeg_fm_lbeta_power_precond;eeg_tleft_lbeta_power_precond;eeg_faa_precond;eeg_fl_theta_power_precond;eeg_tleft_lalpha_power_precond;eeg_pleft_hbeta_power_precond;eeg_tb_ratio_precond"
2025-12-19 16:08:41.035445,30,"stress_label",7,128,0.0078125,0.395348837209302,0.575581395348837,0.372868217054264,7,"top7","eeg_fm_lbeta_power_precond;eeg_tleft_lbeta_power_precond;eeg_faa_precond;eeg_fl_theta_power_precond;eeg_tleft_lalpha_power_precond;eeg_pleft_hbeta_power_precond;eeg_tb_ratio_precond"
2025-12-19 16:08:41.129272,30,"stress_label",7,256,0.0078125,0.38953488372093,0.47093023255814,NA,7,"top7","eeg_fm_lbeta_power_precond;eeg_tleft_lbeta_power_precond;eeg_faa_precond;eeg_fl_theta_power_precond;eeg_tleft_lalpha_power_precond;eeg_pleft_hbeta_power_precond;eeg_tb_ratio_precond"
2025-12-19 16:08:40.916009,30,"stress_label",7,2,0.015625,0.436046511627907,0.546511627906977,0.413953488372093,7,"top7","eeg_fm_lbeta_power_precond;eeg_tleft_lbeta_power_precond;eeg_faa_precond;eeg_fl_theta_power_precond;eeg_tleft_lalpha_power_precond;eeg_pleft_hbeta_power_precond;eeg_tb_ratio_precond"
2025-12-19 16:08:40.890843,30,"stress_label",7,4,0.015625,0.412790697674419,0.558139534883721,0.423255813953488,7,"top7","eeg_fm_lbeta_power_precond;eeg_tleft_lbeta_power_precond;eeg_faa_precond;eeg_fl_theta_power_precond;eeg_tleft_lalpha_power_precond;eeg_pleft_hbeta_power_precond;eeg_tb_ratio_precond"
2025-12-19 16:08:40.935422,30,"stress_label",7,8,0.015625,0.424418604651163,0.563953488372093,0.434883720930233,7,"top7","eeg_fm_lbeta_power_precond;eeg_tleft_lbeta_power_precond;eeg_faa_precond;eeg_fl_theta_power_precond;eeg_tleft_lalpha_power_precond;eeg_pleft_hbeta_power_precond;eeg_tb_ratio_precond"
2025-12-19 16:08:40.950628,30,"stress_label",7,16,0.015625,0.436046511627907,0.494186046511628,0.405426356589147,7,"top7","eeg_fm_lbeta_power_precond;eeg_tleft_lbeta_power_precond;eeg_faa_precond;eeg_fl_theta_power_precond;eeg_tleft_lalpha_power_precond;eeg_pleft_hbeta_power_precond;eeg_tb_ratio_precond"
2025-12-19 16:08:40.961408,30,"stress_label",7,32,0.015625,0.401162790697674,0.488372093023256,0.375193798449612,7,"top7","eeg_fm_lbeta_power_precond;eeg_tleft_lbeta_power_precond;eeg_faa_precond;eeg_fl_theta_power_precond;eeg_tleft_lalpha_power_precond;eeg_pleft_hbeta_power_precond;eeg_tb_ratio_precond"
2025-12-19 16:08:40.985605,30,"stress_label",7,64,0.015625,0.38953488372093,0.441860465116279,NA,7,"top7","eeg_fm_lbeta_power_precond;eeg_tleft_lbeta_power_precond;eeg_faa_precond;eeg_fl_theta_power_precond;eeg_tleft_lalpha_power_precond;eeg_pleft_hbeta_power_precond;eeg_tb_ratio_precond"
2025-12-19 16:08:42.129977,30,"stress_label",7,128,0.015625,0.418604651162791,0.5,NA,7,"top7","eeg_fm_lbeta_power_precond;eeg_tleft_lbeta_power_precond;eeg_faa_precond;eeg_fl_theta_power_precond;eeg_tleft_lalpha_power_precond;eeg_pleft_hbeta_power_precond;eeg_tb_ratio_precond"
2025-12-19 16:08:42.313363,30,"stress_label",7,256,0.015625,0.447674418604651,0.476744186046512,NA,7,"top7","eeg_fm_lbeta_power_precond;eeg_tleft_lbeta_power_precond;eeg_faa_precond;eeg_fl_theta_power_precond;eeg_tleft_lalpha_power_precond;eeg_pleft_hbeta_power_precond;eeg_tb_ratio_precond"
2025-12-19 16:08:42.017969,30,"stress_label",7,2,0.03125,0.418604651162791,0.569767441860465,0.430232558139535,7,"top7","eeg_fm_lbeta_power_precond;eeg_tleft_lbeta_power_precond;eeg_faa_precond;eeg_fl_theta_power_precond;eeg_tleft_lalpha_power_precond;eeg_pleft_hbeta_power_precond;eeg_tb_ratio_precond"
2025-12-19 16:08:41.998453,30,"stress_label",7,4,0.03125,0.418604651162791,0.575581395348837,0.408527131782946,7,"top7","eeg_fm_lbeta_power_precond;eeg_tleft_lbeta_power_precond;eeg_faa_precond;eeg_fl_theta_power_precond;eeg_tleft_lalpha_power_precond;eeg_pleft_hbeta_power_precond;eeg_tb_ratio_precond"
2025-12-19 16:08:42.026093,30,"stress_label",7,8,0.03125,0.418604651162791,0.540697674418605,0.414728682170543,7,"top7","eeg_fm_lbeta_power_precond;eeg_tleft_lbeta_power_precond;eeg_faa_precond;eeg_fl_theta_power_precond;eeg_tleft_lalpha_power_precond;eeg_pleft_hbeta_power_precond;eeg_tb_ratio_precond"
2025-12-19 16:08:42.043042,30,"stress_label",7,16,0.03125,0.406976744186047,0.569767441860465,NA,7,"top7","eeg_fm_lbeta_power_precond;eeg_tleft_lbeta_power_precond;eeg_faa_precond;eeg_fl_theta_power_precond;eeg_tleft_lalpha_power_precond;eeg_pleft_hbeta_power_precond;eeg_tb_ratio_precond"
2025-12-19 16:08:42.131403,30,"stress_label",7,32,0.03125,0.424418604651163,0.5,NA,7,"top7","eeg_fm_lbeta_power_precond;eeg_tleft_lbeta_power_precond;eeg_faa_precond;eeg_fl_theta_power_precond;eeg_tleft_lalpha_power_precond;eeg_pleft_hbeta_power_precond;eeg_tb_ratio_precond"
2025-12-19 16:08:42.206606,30,"stress_label",7,64,0.03125,0.436046511627907,0.441860465116279,NA,7,"top7","eeg_fm_lbeta_power_precond;eeg_tleft_lbeta_power_precond;eeg_faa_precond;eeg_fl_theta_power_precond;eeg_tleft_lalpha_power_precond;eeg_pleft_hbeta_power_precond;eeg_tb_ratio_precond"
2025-12-19 16:08:42.317738,30,"stress_label",7,128,0.03125,0.418604651162791,0.511627906976744,NA,7,"top7","eeg_fm_lbeta_power_precond;eeg_tleft_lbeta_power_precond;eeg_faa_precond;eeg_fl_theta_power_precond;eeg_tleft_lalpha_power_precond;eeg_pleft_hbeta_power_precond;eeg_tb_ratio_precond"
2025-12-19 16:08:42.505956,30,"stress_label",7,256,0.03125,0.395348837209302,0.540697674418605,NA,7,"top7","eeg_fm_lbeta_power_precond;eeg_tleft_lbeta_power_precond;eeg_faa_precond;eeg_fl_theta_power_precond;eeg_tleft_lalpha_power_precond;eeg_pleft_hbeta_power_precond;eeg_tb_ratio_precond"
2025-12-19 16:08:42.050294,30,"stress_label",7,2,0.0625,0.406976744186047,0.534883720930233,0.39922480620155,7,"top7","eeg_fm_lbeta_power_precond;eeg_tleft_lbeta_power_precond;eeg_faa_precond;eeg_fl_theta_power_precond;eeg_tleft_lalpha_power_precond;eeg_pleft_hbeta_power_precond;eeg_tb_ratio_precond"
2025-12-19 16:08:42.06782,30,"stress_label",7,4,0.0625,0.406976744186047,0.558139534883721,NA,7,"top7","eeg_fm_lbeta_power_precond;eeg_tleft_lbeta_power_precond;eeg_faa_precond;eeg_fl_theta_power_precond;eeg_tleft_lalpha_power_precond;eeg_pleft_hbeta_power_precond;eeg_tb_ratio_precond"
2025-12-19 16:08:42.122447,30,"stress_label",7,8,0.0625,0.47093023255814,0.430232558139535,NA,7,"top7","eeg_fm_lbeta_power_precond;eeg_tleft_lbeta_power_precond;eeg_faa_precond;eeg_fl_theta_power_precond;eeg_tleft_lalpha_power_precond;eeg_pleft_hbeta_power_precond;eeg_tb_ratio_precond"
2025-12-19 16:08:42.311263,30,"stress_label",7,16,0.0625,0.436046511627907,0.430232558139535,NA,7,"top7","eeg_fm_lbeta_power_precond;eeg_tleft_lbeta_power_precond;eeg_faa_precond;eeg_fl_theta_power_precond;eeg_tleft_lalpha_power_precond;eeg_pleft_hbeta_power_precond;eeg_tb_ratio_precond"
2025-12-19 16:08:43.217225,30,"stress_label",7,32,0.0625,0.418604651162791,0.488372093023256,NA,7,"top7","eeg_fm_lbeta_power_precond;eeg_tleft_lbeta_power_precond;eeg_faa_precond;eeg_fl_theta_power_precond;eeg_tleft_lalpha_power_precond;eeg_pleft_hbeta_power_precond;eeg_tb_ratio_precond"
2025-12-19 16:08:43.303623,30,"stress_label",7,64,0.0625,0.412790697674419,0.598837209302326,NA,7,"top7","eeg_fm_lbeta_power_precond;eeg_tleft_lbeta_power_precond;eeg_faa_precond;eeg_fl_theta_power_precond;eeg_tleft_lalpha_power_precond;eeg_pleft_hbeta_power_precond;eeg_tb_ratio_precond"
2025-12-19 16:08:43.533696,30,"stress_label",7,128,0.0625,0.453488372093023,0.558139534883721,NA,7,"top7","eeg_fm_lbeta_power_precond;eeg_tleft_lbeta_power_precond;eeg_faa_precond;eeg_fl_theta_power_precond;eeg_tleft_lalpha_power_precond;eeg_pleft_hbeta_power_precond;eeg_tb_ratio_precond"
2025-12-19 16:08:43.981864,30,"stress_label",7,256,0.0625,0.424418604651163,0.616279069767442,NA,7,"top7","eeg_fm_lbeta_power_precond;eeg_tleft_lbeta_power_precond;eeg_faa_precond;eeg_fl_theta_power_precond;eeg_tleft_lalpha_power_precond;eeg_pleft_hbeta_power_precond;eeg_tb_ratio_precond"
2025-12-19 16:08:43.116076,30,"stress_label",7,2,0.125,0.482558139534884,0.418604651162791,NA,7,"top7","eeg_fm_lbeta_power_precond;eeg_tleft_lbeta_power_precond;eeg_faa_precond;eeg_fl_theta_power_precond;eeg_tleft_lalpha_power_precond;eeg_pleft_hbeta_power_precond;eeg_tb_ratio_precond"
2025-12-19 16:08:43.196046,30,"stress_label",7,4,0.125,0.459302325581395,0.488372093023256,NA,7,"top7","eeg_fm_lbeta_power_precond;eeg_tleft_lbeta_power_precond;eeg_faa_precond;eeg_fl_theta_power_precond;eeg_tleft_lalpha_power_precond;eeg_pleft_hbeta_power_precond;eeg_tb_ratio_precond"
2025-12-19 16:08:43.228941,30,"stress_label",7,8,0.125,0.453488372093023,0.453488372093023,NA,7,"top7","eeg_fm_lbeta_power_precond;eeg_tleft_lbeta_power_precond;eeg_faa_precond;eeg_fl_theta_power_precond;eeg_tleft_lalpha_power_precond;eeg_pleft_hbeta_power_precond;eeg_tb_ratio_precond"
2025-12-19 16:08:43.279647,30,"stress_label",7,16,0.125,0.465116279069767,0.465116279069767,NA,7,"top7","eeg_fm_lbeta_power_precond;eeg_tleft_lbeta_power_precond;eeg_faa_precond;eeg_fl_theta_power_precond;eeg_tleft_lalpha_power_precond;eeg_pleft_hbeta_power_precond;eeg_tb_ratio_precond"
2025-12-19 16:08:43.40819,30,"stress_label",7,32,0.125,0.412790697674419,0.587209302325581,NA,7,"top7","eeg_fm_lbeta_power_precond;eeg_tleft_lbeta_power_precond;eeg_faa_precond;eeg_fl_theta_power_precond;eeg_tleft_lalpha_power_precond;eeg_pleft_hbeta_power_precond;eeg_tb_ratio_precond"
2025-12-19 16:08:43.655629,30,"stress_label",7,64,0.125,0.441860465116279,0.604651162790698,NA,7,"top7","eeg_fm_lbeta_power_precond;eeg_tleft_lbeta_power_precond;eeg_faa_precond;eeg_fl_theta_power_precond;eeg_tleft_lalpha_power_precond;eeg_pleft_hbeta_power_precond;eeg_tb_ratio_precond"
2025-12-19 16:08:43.974213,30,"stress_label",7,128,0.125,0.430232558139535,0.517441860465116,NA,7,"top7","eeg_fm_lbeta_power_precond;eeg_tleft_lbeta_power_precond;eeg_faa_precond;eeg_fl_theta_power_precond;eeg_tleft_lalpha_power_precond;eeg_pleft_hbeta_power_precond;eeg_tb_ratio_precond"
2025-12-19 16:08:44.253381,30,"stress_label",7,256,0.125,0.465116279069767,0.488372093023256,NA,7,"top7","eeg_fm_lbeta_power_precond;eeg_tleft_lbeta_power_precond;eeg_faa_precond;eeg_fl_theta_power_precond;eeg_tleft_lalpha_power_precond;eeg_pleft_hbeta_power_precond;eeg_tb_ratio_precond"
2025-12-19 16:08:43.398751,30,"stress_label",7,2,0.03,0.418604651162791,0.575581395348837,0.427131782945736,7,"top7","eeg_fm_lbeta_power_precond;eeg_tleft_lbeta_power_precond;eeg_faa_precond;eeg_fl_theta_power_precond;eeg_tleft_lalpha_power_precond;eeg_pleft_hbeta_power_precond;eeg_tb_ratio_precond"
2025-12-19 16:08:43.564162,30,"stress_label",7,4,0.03,0.412790697674419,0.552325581395349,0.408527131782946,7,"top7","eeg_fm_lbeta_power_precond;eeg_tleft_lbeta_power_precond;eeg_faa_precond;eeg_fl_theta_power_precond;eeg_tleft_lalpha_power_precond;eeg_pleft_hbeta_power_precond;eeg_tb_ratio_precond"
2025-12-19 16:08:44.151406,30,"stress_label",7,8,0.03,0.424418604651163,0.540697674418605,0.414728682170543,7,"top7","eeg_fm_lbeta_power_precond;eeg_tleft_lbeta_power_precond;eeg_faa_precond;eeg_fl_theta_power_precond;eeg_tleft_lalpha_power_precond;eeg_pleft_hbeta_power_precond;eeg_tb_ratio_precond"
2025-12-19 16:08:44.296312,30,"stress_label",7,16,0.03,0.406976744186047,0.552325581395349,NA,7,"top7","eeg_fm_lbeta_power_precond;eeg_tleft_lbeta_power_precond;eeg_faa_precond;eeg_fl_theta_power_precond;eeg_tleft_lalpha_power_precond;eeg_pleft_hbeta_power_precond;eeg_tb_ratio_precond"
2025-12-19 16:08:44.355104,30,"stress_label",7,32,0.03,0.418604651162791,0.47093023255814,NA,7,"top7","eeg_fm_lbeta_power_precond;eeg_tleft_lbeta_power_precond;eeg_faa_precond;eeg_fl_theta_power_precond;eeg_tleft_lalpha_power_precond;eeg_pleft_hbeta_power_precond;eeg_tb_ratio_precond"
2025-12-19 16:08:44.446513,30,"stress_label",7,64,0.03,0.436046511627907,0.482558139534884,NA,7,"top7","eeg_fm_lbeta_power_precond;eeg_tleft_lbeta_power_precond;eeg_faa_precond;eeg_fl_theta_power_precond;eeg_tleft_lalpha_power_precond;eeg_pleft_hbeta_power_precond;eeg_tb_ratio_precond"
2025-12-19 16:08:44.638782,30,"stress_label",7,128,0.03,0.430232558139535,0.540697674418605,NA,7,"top7","eeg_fm_lbeta_power_precond;eeg_tleft_lbeta_power_precond;eeg_faa_precond;eeg_fl_theta_power_precond;eeg_tleft_lalpha_power_precond;eeg_pleft_hbeta_power_precond;eeg_tb_ratio_precond"
2025-12-19 16:08:44.842717,30,"stress_label",7,256,0.03,0.401162790697674,0.558139534883721,NA,7,"top7","eeg_fm_lbeta_power_precond;eeg_tleft_lbeta_power_precond;eeg_faa_precond;eeg_fl_theta_power_precond;eeg_tleft_lalpha_power_precond;eeg_pleft_hbeta_power_precond;eeg_tb_ratio_precond"
2025-12-19 16:08:44.479713,30,"stress_label",7,2,0.06,0.401162790697674,0.563953488372093,0.396124031007752,7,"top7","eeg_fm_lbeta_power_precond;eeg_tleft_lbeta_power_precond;eeg_faa_precond;eeg_fl_theta_power_precond;eeg_tleft_lalpha_power_precond;eeg_pleft_hbeta_power_precond;eeg_tb_ratio_precond"
2025-12-19 16:08:44.482075,30,"stress_label",7,4,0.06,0.395348837209302,0.436046511627907,NA,7,"top7","eeg_fm_lbeta_power_precond;eeg_tleft_lbeta_power_precond;eeg_faa_precond;eeg_fl_theta_power_precond;eeg_tleft_lalpha_power_precond;eeg_pleft_hbeta_power_precond;eeg_tb_ratio_precond"
2025-12-19 16:08:44.648117,30,"stress_label",7,8,0.06,0.459302325581395,0.482558139534884,NA,7,"top7","eeg_fm_lbeta_power_precond;eeg_tleft_lbeta_power_precond;eeg_faa_precond;eeg_fl_theta_power_precond;eeg_tleft_lalpha_power_precond;eeg_pleft_hbeta_power_precond;eeg_tb_ratio_precond"
2025-12-19 16:08:44.737152,30,"stress_label",7,16,0.06,0.436046511627907,0.482558139534884,NA,7,"top7","eeg_fm_lbeta_power_precond;eeg_tleft_lbeta_power_precond;eeg_faa_precond;eeg_fl_theta_power_precond;eeg_tleft_lalpha_power_precond;eeg_pleft_hbeta_power_precond;eeg_tb_ratio_precond"
2025-12-19 16:08:44.853113,30,"stress_label",7,32,0.06,0.430232558139535,0.505813953488372,NA,7,"top7","eeg_fm_lbeta_power_precond;eeg_tleft_lbeta_power_precond;eeg_faa_precond;eeg_fl_theta_power_precond;eeg_tleft_lalpha_power_precond;eeg_pleft_hbeta_power_precond;eeg_tb_ratio_precond"
2025-12-19 16:08:45.246735,30,"stress_label",7,64,0.06,0.406976744186047,0.517441860465116,NA,7,"top7","eeg_fm_lbeta_power_precond;eeg_tleft_lbeta_power_precond;eeg_faa_precond;eeg_fl_theta_power_precond;eeg_tleft_lalpha_power_precond;eeg_pleft_hbeta_power_precond;eeg_tb_ratio_precond"
2025-12-19 16:08:45.358633,30,"stress_label",7,128,0.06,0.453488372093023,0.523255813953488,NA,7,"top7","eeg_fm_lbeta_power_precond;eeg_tleft_lbeta_power_precond;eeg_faa_precond;eeg_fl_theta_power_precond;eeg_tleft_lalpha_power_precond;eeg_pleft_hbeta_power_precond;eeg_tb_ratio_precond"
2025-12-19 16:08:45.765444,30,"stress_label",7,256,0.06,0.418604651162791,0.61046511627907,NA,7,"top7","eeg_fm_lbeta_power_precond;eeg_tleft_lbeta_power_precond;eeg_faa_precond;eeg_fl_theta_power_precond;eeg_tleft_lalpha_power_precond;eeg_pleft_hbeta_power_precond;eeg_tb_ratio_precond"
2025-12-19 16:08:45.292626,30,"stress_label",7,2,0.1,0.436046511627907,0.482558139534884,NA,7,"top7","eeg_fm_lbeta_power_precond;eeg_tleft_lbeta_power_precond;eeg_faa_precond;eeg_fl_theta_power_precond;eeg_tleft_lalpha_power_precond;eeg_pleft_hbeta_power_precond;eeg_tb_ratio_precond"
2025-12-19 16:08:45.329593,30,"stress_label",7,4,0.1,0.465116279069767,0.476744186046512,NA,7,"top7","eeg_fm_lbeta_power_precond;eeg_tleft_lbeta_power_precond;eeg_faa_precond;eeg_fl_theta_power_precond;eeg_tleft_lalpha_power_precond;eeg_pleft_hbeta_power_precond;eeg_tb_ratio_precond"
2025-12-19 16:08:45.385371,30,"stress_label",7,8,0.1,0.441860465116279,0.482558139534884,NA,7,"top7","eeg_fm_lbeta_power_precond;eeg_tleft_lbeta_power_precond;eeg_faa_precond;eeg_fl_theta_power_precond;eeg_tleft_lalpha_power_precond;eeg_pleft_hbeta_power_precond;eeg_tb_ratio_precond"
2025-12-19 16:08:45.43714,30,"stress_label",7,16,0.1,0.447674418604651,0.459302325581395,NA,7,"top7","eeg_fm_lbeta_power_precond;eeg_tleft_lbeta_power_precond;eeg_faa_precond;eeg_fl_theta_power_precond;eeg_tleft_lalpha_power_precond;eeg_pleft_hbeta_power_precond;eeg_tb_ratio_precond"
2025-12-19 16:08:45.505911,30,"stress_label",7,32,0.1,0.447674418604651,0.569767441860465,NA,7,"top7","eeg_fm_lbeta_power_precond;eeg_tleft_lbeta_power_precond;eeg_faa_precond;eeg_fl_theta_power_precond;eeg_tleft_lalpha_power_precond;eeg_pleft_hbeta_power_precond;eeg_tb_ratio_precond"
2025-12-19 16:08:45.640403,30,"stress_label",7,64,0.1,0.401162790697674,0.552325581395349,NA,7,"top7","eeg_fm_lbeta_power_precond;eeg_tleft_lbeta_power_precond;eeg_faa_precond;eeg_fl_theta_power_precond;eeg_tleft_lalpha_power_precond;eeg_pleft_hbeta_power_precond;eeg_tb_ratio_precond"
2025-12-19 16:08:45.893933,30,"stress_label",7,128,0.1,0.441860465116279,0.581395348837209,NA,7,"top7","eeg_fm_lbeta_power_precond;eeg_tleft_lbeta_power_precond;eeg_faa_precond;eeg_fl_theta_power_precond;eeg_tleft_lalpha_power_precond;eeg_pleft_hbeta_power_precond;eeg_tb_ratio_precond"
2025-12-19 16:08:46.092639,30,"stress_label",7,256,0.1,0.453488372093023,0.563953488372093,NA,7,"top7","eeg_fm_lbeta_power_precond;eeg_tleft_lbeta_power_precond;eeg_faa_precond;eeg_fl_theta_power_precond;eeg_tleft_lalpha_power_precond;eeg_pleft_hbeta_power_precond;eeg_tb_ratio_precond"
2025-12-19 16:08:47.404251,31,"stress_label",7,2,0.0078125,0.505813953488372,0.348837209302326,0.492248062015504,7,"top7","eeg_fm_lbeta_power_precond;eeg_tleft_lbeta_power_precond;eeg_fl_theta_power_precond;eeg_faa_precond;eeg_tleft_lalpha_power_precond;eeg_fl_specent_precond;eeg_ta_ratio_precond"
2025-12-19 16:08:47.377865,31,"stress_label",7,4,0.0078125,0.505813953488372,0.337209302325581,0.511627906976744,7,"top7","eeg_fm_lbeta_power_precond;eeg_tleft_lbeta_power_precond;eeg_fl_theta_power_precond;eeg_faa_precond;eeg_tleft_lalpha_power_precond;eeg_fl_specent_precond;eeg_ta_ratio_precond"
2025-12-19 16:08:47.394353,31,"stress_label",7,8,0.0078125,0.505813953488372,0.38953488372093,0.527131782945736,7,"top7","eeg_fm_lbeta_power_precond;eeg_tleft_lbeta_power_precond;eeg_fl_theta_power_precond;eeg_faa_precond;eeg_tleft_lalpha_power_precond;eeg_fl_specent_precond;eeg_ta_ratio_precond"
2025-12-19 16:08:47.342839,31,"stress_label",7,16,0.0078125,0.459302325581395,0.430232558139535,0.477519379844961,7,"top7","eeg_fm_lbeta_power_precond;eeg_tleft_lbeta_power_precond;eeg_fl_theta_power_precond;eeg_faa_precond;eeg_tleft_lalpha_power_precond;eeg_fl_specent_precond;eeg_ta_ratio_precond"
2025-12-19 16:08:47.406613,31,"stress_label",7,32,0.0078125,0.459302325581395,0.401162790697674,0.454263565891473,7,"top7","eeg_fm_lbeta_power_precond;eeg_tleft_lbeta_power_precond;eeg_fl_theta_power_precond;eeg_faa_precond;eeg_tleft_lalpha_power_precond;eeg_fl_specent_precond;eeg_ta_ratio_precond"
2025-12-19 16:08:47.455101,31,"stress_label",7,64,0.0078125,0.505813953488372,0.36046511627907,0.515503875968992,7,"top7","eeg_fm_lbeta_power_precond;eeg_tleft_lbeta_power_precond;eeg_fl_theta_power_precond;eeg_faa_precond;eeg_tleft_lalpha_power_precond;eeg_fl_specent_precond;eeg_ta_ratio_precond"
2025-12-19 16:08:47.506819,31,"stress_label",7,128,0.0078125,0.534883720930233,0.343023255813953,NA,7,"top7","eeg_fm_lbeta_power_precond;eeg_tleft_lbeta_power_precond;eeg_fl_theta_power_precond;eeg_faa_precond;eeg_tleft_lalpha_power_precond;eeg_fl_specent_precond;eeg_ta_ratio_precond"
2025-12-19 16:08:47.577702,31,"stress_label",7,256,0.0078125,0.529069767441861,0.511627906976744,NA,7,"top7","eeg_fm_lbeta_power_precond;eeg_tleft_lbeta_power_precond;eeg_fl_theta_power_precond;eeg_faa_precond;eeg_tleft_lalpha_power_precond;eeg_fl_specent_precond;eeg_ta_ratio_precond"
2025-12-19 16:08:47.431848,31,"stress_label",7,2,0.015625,0.494186046511628,0.436046511627907,0.488372093023256,7,"top7","eeg_fm_lbeta_power_precond;eeg_tleft_lbeta_power_precond;eeg_fl_theta_power_precond;eeg_faa_precond;eeg_tleft_lalpha_power_precond;eeg_fl_specent_precond;eeg_ta_ratio_precond"
2025-12-19 16:08:47.3555,31,"stress_label",7,4,0.015625,0.5,0.418604651162791,0.514728682170543,7,"top7","eeg_fm_lbeta_power_precond;eeg_tleft_lbeta_power_precond;eeg_fl_theta_power_precond;eeg_faa_precond;eeg_tleft_lalpha_power_precond;eeg_fl_specent_precond;eeg_ta_ratio_precond"
2025-12-19 16:08:47.392628,31,"stress_label",7,8,0.015625,0.459302325581395,0.418604651162791,0.454263565891473,7,"top7","eeg_fm_lbeta_power_precond;eeg_tleft_lbeta_power_precond;eeg_fl_theta_power_precond;eeg_faa_precond;eeg_tleft_lalpha_power_precond;eeg_fl_specent_precond;eeg_ta_ratio_precond"
2025-12-19 16:08:47.381064,31,"stress_label",7,16,0.015625,0.482558139534884,0.447674418604651,0.482170542635659,7,"top7","eeg_fm_lbeta_power_precond;eeg_tleft_lbeta_power_precond;eeg_fl_theta_power_precond;eeg_faa_precond;eeg_tleft_lalpha_power_precond;eeg_fl_specent_precond;eeg_ta_ratio_precond"
2025-12-19 16:08:47.45088,31,"stress_label",7,32,0.015625,0.529069767441861,0.348837209302326,NA,7,"top7","eeg_fm_lbeta_power_precond;eeg_tleft_lbeta_power_precond;eeg_fl_theta_power_precond;eeg_faa_precond;eeg_tleft_lalpha_power_precond;eeg_fl_specent_precond;eeg_ta_ratio_precond"
2025-12-19 16:08:47.506718,31,"stress_label",7,64,0.015625,0.529069767441861,0.366279069767442,NA,7,"top7","eeg_fm_lbeta_power_precond;eeg_tleft_lbeta_power_precond;eeg_fl_theta_power_precond;eeg_faa_precond;eeg_tleft_lalpha_power_precond;eeg_fl_specent_precond;eeg_ta_ratio_precond"
2025-12-19 16:08:48.586891,31,"stress_label",7,128,0.015625,0.534883720930233,0.377906976744186,NA,7,"top7","eeg_fm_lbeta_power_precond;eeg_tleft_lbeta_power_precond;eeg_fl_theta_power_precond;eeg_faa_precond;eeg_tleft_lalpha_power_precond;eeg_fl_specent_precond;eeg_ta_ratio_precond"
2025-12-19 16:08:48.764268,31,"stress_label",7,256,0.015625,0.517441860465116,0.377906976744186,NA,7,"top7","eeg_fm_lbeta_power_precond;eeg_tleft_lbeta_power_precond;eeg_fl_theta_power_precond;eeg_faa_precond;eeg_tleft_lalpha_power_precond;eeg_fl_specent_precond;eeg_ta_ratio_precond"
2025-12-19 16:08:48.474132,31,"stress_label",7,2,0.03125,0.476744186046512,0.447674418604651,0.493798449612403,7,"top7","eeg_fm_lbeta_power_precond;eeg_tleft_lbeta_power_precond;eeg_fl_theta_power_precond;eeg_faa_precond;eeg_tleft_lalpha_power_precond;eeg_fl_specent_precond;eeg_ta_ratio_precond"
2025-12-19 16:08:48.485167,31,"stress_label",7,4,0.03125,0.476744186046512,0.430232558139535,0.483720930232558,7,"top7","eeg_fm_lbeta_power_precond;eeg_tleft_lbeta_power_precond;eeg_fl_theta_power_precond;eeg_faa_precond;eeg_tleft_lalpha_power_precond;eeg_fl_specent_precond;eeg_ta_ratio_precond"
2025-12-19 16:08:48.52914,31,"stress_label",7,8,0.03125,0.517441860465116,0.406976744186047,NA,7,"top7","eeg_fm_lbeta_power_precond;eeg_tleft_lbeta_power_precond;eeg_fl_theta_power_precond;eeg_faa_precond;eeg_tleft_lalpha_power_precond;eeg_fl_specent_precond;eeg_ta_ratio_precond"
2025-12-19 16:08:48.515317,31,"stress_label",7,16,0.03125,0.534883720930233,0.401162790697674,NA,7,"top7","eeg_fm_lbeta_power_precond;eeg_tleft_lbeta_power_precond;eeg_fl_theta_power_precond;eeg_faa_precond;eeg_tleft_lalpha_power_precond;eeg_fl_specent_precond;eeg_ta_ratio_precond"
2025-12-19 16:08:48.568252,31,"stress_label",7,32,0.03125,0.534883720930233,0.447674418604651,NA,7,"top7","eeg_fm_lbeta_power_precond;eeg_tleft_lbeta_power_precond;eeg_fl_theta_power_precond;eeg_faa_precond;eeg_tleft_lalpha_power_precond;eeg_fl_specent_precond;eeg_ta_ratio_precond"
2025-12-19 16:08:48.654533,31,"stress_label",7,64,0.03125,0.488372093023256,0.465116279069767,NA,7,"top7","eeg_fm_lbeta_power_precond;eeg_tleft_lbeta_power_precond;eeg_fl_theta_power_precond;eeg_faa_precond;eeg_tleft_lalpha_power_precond;eeg_fl_specent_precond;eeg_ta_ratio_precond"
2025-12-19 16:08:48.802777,31,"stress_label",7,128,0.03125,0.523255813953488,0.424418604651163,NA,7,"top7","eeg_fm_lbeta_power_precond;eeg_tleft_lbeta_power_precond;eeg_fl_theta_power_precond;eeg_faa_precond;eeg_tleft_lalpha_power_precond;eeg_fl_specent_precond;eeg_ta_ratio_precond"
2025-12-19 16:08:49.188946,31,"stress_label",7,256,0.03125,0.476744186046512,0.38953488372093,NA,7,"top7","eeg_fm_lbeta_power_precond;eeg_tleft_lbeta_power_precond;eeg_fl_theta_power_precond;eeg_faa_precond;eeg_tleft_lalpha_power_precond;eeg_fl_specent_precond;eeg_ta_ratio_precond"
2025-12-19 16:08:48.557578,31,"stress_label",7,2,0.0625,0.482558139534884,0.447674418604651,NA,7,"top7","eeg_fm_lbeta_power_precond;eeg_tleft_lbeta_power_precond;eeg_fl_theta_power_precond;eeg_faa_precond;eeg_tleft_lalpha_power_precond;eeg_fl_specent_precond;eeg_ta_ratio_precond"
2025-12-19 16:08:48.598869,31,"stress_label",7,4,0.0625,0.523255813953488,0.447674418604651,NA,7,"top7","eeg_fm_lbeta_power_precond;eeg_tleft_lbeta_power_precond;eeg_fl_theta_power_precond;eeg_faa_precond;eeg_tleft_lalpha_power_precond;eeg_fl_specent_precond;eeg_ta_ratio_precond"
2025-12-19 16:08:48.577529,31,"stress_label",7,8,0.0625,0.540697674418605,0.412790697674419,NA,7,"top7","eeg_fm_lbeta_power_precond;eeg_tleft_lbeta_power_precond;eeg_fl_theta_power_precond;eeg_faa_precond;eeg_tleft_lalpha_power_precond;eeg_fl_specent_precond;eeg_ta_ratio_precond"
2025-12-19 16:08:48.719035,31,"stress_label",7,16,0.0625,0.511627906976744,0.482558139534884,NA,7,"top7","eeg_fm_lbeta_power_precond;eeg_tleft_lbeta_power_precond;eeg_fl_theta_power_precond;eeg_faa_precond;eeg_tleft_lalpha_power_precond;eeg_fl_specent_precond;eeg_ta_ratio_precond"
2025-12-19 16:08:49.683575,31,"stress_label",7,32,0.0625,0.505813953488372,0.354651162790698,NA,7,"top7","eeg_fm_lbeta_power_precond;eeg_tleft_lbeta_power_precond;eeg_fl_theta_power_precond;eeg_faa_precond;eeg_tleft_lalpha_power_precond;eeg_fl_specent_precond;eeg_ta_ratio_precond"
2025-12-19 16:08:49.862822,31,"stress_label",7,64,0.0625,0.511627906976744,0.418604651162791,NA,7,"top7","eeg_fm_lbeta_power_precond;eeg_tleft_lbeta_power_precond;eeg_fl_theta_power_precond;eeg_faa_precond;eeg_tleft_lalpha_power_precond;eeg_fl_specent_precond;eeg_ta_ratio_precond"
2025-12-19 16:08:50.113288,31,"stress_label",7,128,0.0625,0.517441860465116,0.401162790697674,NA,7,"top7","eeg_fm_lbeta_power_precond;eeg_tleft_lbeta_power_precond;eeg_fl_theta_power_precond;eeg_faa_precond;eeg_tleft_lalpha_power_precond;eeg_fl_specent_precond;eeg_ta_ratio_precond"
2025-12-19 16:08:50.519108,31,"stress_label",7,256,0.0625,0.529069767441861,0.447674418604651,0.502325581395349,7,"top7","eeg_fm_lbeta_power_precond;eeg_tleft_lbeta_power_precond;eeg_fl_theta_power_precond;eeg_faa_precond;eeg_tleft_lalpha_power_precond;eeg_fl_specent_precond;eeg_ta_ratio_precond"
2025-12-19 16:08:49.632321,31,"stress_label",7,2,0.125,0.494186046511628,0.401162790697674,NA,7,"top7","eeg_fm_lbeta_power_precond;eeg_tleft_lbeta_power_precond;eeg_fl_theta_power_precond;eeg_faa_precond;eeg_tleft_lalpha_power_precond;eeg_fl_specent_precond;eeg_ta_ratio_precond"
2025-12-19 16:08:49.650697,31,"stress_label",7,4,0.125,0.465116279069767,0.38953488372093,NA,7,"top7","eeg_fm_lbeta_power_precond;eeg_tleft_lbeta_power_precond;eeg_fl_theta_power_precond;eeg_faa_precond;eeg_tleft_lalpha_power_precond;eeg_fl_specent_precond;eeg_ta_ratio_precond"
2025-12-19 16:08:49.704576,31,"stress_label",7,8,0.125,0.5,0.5,NA,7,"top7","eeg_fm_lbeta_power_precond;eeg_tleft_lbeta_power_precond;eeg_fl_theta_power_precond;eeg_faa_precond;eeg_tleft_lalpha_power_precond;eeg_fl_specent_precond;eeg_ta_ratio_precond"
2025-12-19 16:08:49.739571,31,"stress_label",7,16,0.125,0.529069767441861,0.476744186046512,NA,7,"top7","eeg_fm_lbeta_power_precond;eeg_tleft_lbeta_power_precond;eeg_fl_theta_power_precond;eeg_faa_precond;eeg_tleft_lalpha_power_precond;eeg_fl_specent_precond;eeg_ta_ratio_precond"
2025-12-19 16:08:49.892755,31,"stress_label",7,32,0.125,0.517441860465116,0.430232558139535,NA,7,"top7","eeg_fm_lbeta_power_precond;eeg_tleft_lbeta_power_precond;eeg_fl_theta_power_precond;eeg_faa_precond;eeg_tleft_lalpha_power_precond;eeg_fl_specent_precond;eeg_ta_ratio_precond"
2025-12-19 16:08:50.120854,31,"stress_label",7,64,0.125,0.517441860465116,0.505813953488372,NA,7,"top7","eeg_fm_lbeta_power_precond;eeg_tleft_lbeta_power_precond;eeg_fl_theta_power_precond;eeg_faa_precond;eeg_tleft_lalpha_power_precond;eeg_fl_specent_precond;eeg_ta_ratio_precond"
2025-12-19 16:08:50.333638,31,"stress_label",7,128,0.125,0.540697674418605,0.459302325581395,NA,7,"top7","eeg_fm_lbeta_power_precond;eeg_tleft_lbeta_power_precond;eeg_fl_theta_power_precond;eeg_faa_precond;eeg_tleft_lalpha_power_precond;eeg_fl_specent_precond;eeg_ta_ratio_precond"
2025-12-19 16:08:50.443225,31,"stress_label",7,256,0.125,0.534883720930233,0.494186046511628,NA,7,"top7","eeg_fm_lbeta_power_precond;eeg_tleft_lbeta_power_precond;eeg_fl_theta_power_precond;eeg_faa_precond;eeg_tleft_lalpha_power_precond;eeg_fl_specent_precond;eeg_ta_ratio_precond"
2025-12-19 16:08:49.844304,31,"stress_label",7,2,0.03,0.488372093023256,0.377906976744186,0.512403100775194,7,"top7","eeg_fm_lbeta_power_precond;eeg_tleft_lbeta_power_precond;eeg_fl_theta_power_precond;eeg_faa_precond;eeg_tleft_lalpha_power_precond;eeg_fl_specent_precond;eeg_ta_ratio_precond"
2025-12-19 16:08:50.20718,31,"stress_label",7,4,0.03,0.47093023255814,0.348837209302326,0.477519379844961,7,"top7","eeg_fm_lbeta_power_precond;eeg_tleft_lbeta_power_precond;eeg_fl_theta_power_precond;eeg_faa_precond;eeg_tleft_lalpha_power_precond;eeg_fl_specent_precond;eeg_ta_ratio_precond"
2025-12-19 16:08:50.702527,31,"stress_label",7,8,0.03,0.517441860465116,0.47093023255814,NA,7,"top7","eeg_fm_lbeta_power_precond;eeg_tleft_lbeta_power_precond;eeg_fl_theta_power_precond;eeg_faa_precond;eeg_tleft_lalpha_power_precond;eeg_fl_specent_precond;eeg_ta_ratio_precond"
2025-12-19 16:08:50.746493,31,"stress_label",7,16,0.03,0.523255813953488,0.325581395348837,NA,7,"top7","eeg_fm_lbeta_power_precond;eeg_tleft_lbeta_power_precond;eeg_fl_theta_power_precond;eeg_faa_precond;eeg_tleft_lalpha_power_precond;eeg_fl_specent_precond;eeg_ta_ratio_precond"
2025-12-19 16:08:50.821665,31,"stress_label",7,32,0.03,0.534883720930233,0.36046511627907,NA,7,"top7","eeg_fm_lbeta_power_precond;eeg_tleft_lbeta_power_precond;eeg_fl_theta_power_precond;eeg_faa_precond;eeg_tleft_lalpha_power_precond;eeg_fl_specent_precond;eeg_ta_ratio_precond"
2025-12-19 16:08:50.940755,31,"stress_label",7,64,0.03,0.5,0.424418604651163,NA,7,"top7","eeg_fm_lbeta_power_precond;eeg_tleft_lbeta_power_precond;eeg_fl_theta_power_precond;eeg_faa_precond;eeg_tleft_lalpha_power_precond;eeg_fl_specent_precond;eeg_ta_ratio_precond"
2025-12-19 16:08:51.097793,31,"stress_label",7,128,0.03,0.505813953488372,0.383720930232558,NA,7,"top7","eeg_fm_lbeta_power_precond;eeg_tleft_lbeta_power_precond;eeg_fl_theta_power_precond;eeg_faa_precond;eeg_tleft_lalpha_power_precond;eeg_fl_specent_precond;eeg_ta_ratio_precond"
2025-12-19 16:08:51.520264,31,"stress_label",7,256,0.03,0.47093023255814,0.406976744186047,NA,7,"top7","eeg_fm_lbeta_power_precond;eeg_tleft_lbeta_power_precond;eeg_fl_theta_power_precond;eeg_faa_precond;eeg_tleft_lalpha_power_precond;eeg_fl_specent_precond;eeg_ta_ratio_precond"
2025-12-19 16:08:50.966323,31,"stress_label",7,2,0.06,0.482558139534884,0.401162790697674,NA,7,"top7","eeg_fm_lbeta_power_precond;eeg_tleft_lbeta_power_precond;eeg_fl_theta_power_precond;eeg_faa_precond;eeg_tleft_lalpha_power_precond;eeg_fl_specent_precond;eeg_ta_ratio_precond"
2025-12-19 16:08:50.971671,31,"stress_label",7,4,0.06,0.529069767441861,0.406976744186047,NA,7,"top7","eeg_fm_lbeta_power_precond;eeg_tleft_lbeta_power_precond;eeg_fl_theta_power_precond;eeg_faa_precond;eeg_tleft_lalpha_power_precond;eeg_fl_specent_precond;eeg_ta_ratio_precond"
2025-12-19 16:08:51.227442,31,"stress_label",7,8,0.06,0.540697674418605,0.383720930232558,NA,7,"top7","eeg_fm_lbeta_power_precond;eeg_tleft_lbeta_power_precond;eeg_fl_theta_power_precond;eeg_faa_precond;eeg_tleft_lalpha_power_precond;eeg_fl_specent_precond;eeg_ta_ratio_precond"
2025-12-19 16:08:51.27014,31,"stress_label",7,16,0.06,0.511627906976744,0.377906976744186,NA,7,"top7","eeg_fm_lbeta_power_precond;eeg_tleft_lbeta_power_precond;eeg_fl_theta_power_precond;eeg_faa_precond;eeg_tleft_lalpha_power_precond;eeg_fl_specent_precond;eeg_ta_ratio_precond"
2025-12-19 16:08:51.419381,31,"stress_label",7,32,0.06,0.511627906976744,0.406976744186047,NA,7,"top7","eeg_fm_lbeta_power_precond;eeg_tleft_lbeta_power_precond;eeg_fl_theta_power_precond;eeg_faa_precond;eeg_tleft_lalpha_power_precond;eeg_fl_specent_precond;eeg_ta_ratio_precond"
2025-12-19 16:08:51.694515,31,"stress_label",7,64,0.06,0.511627906976744,0.488372093023256,NA,7,"top7","eeg_fm_lbeta_power_precond;eeg_tleft_lbeta_power_precond;eeg_fl_theta_power_precond;eeg_faa_precond;eeg_tleft_lalpha_power_precond;eeg_fl_specent_precond;eeg_ta_ratio_precond"
2025-12-19 16:08:51.910833,31,"stress_label",7,128,0.06,0.523255813953488,0.453488372093023,NA,7,"top7","eeg_fm_lbeta_power_precond;eeg_tleft_lbeta_power_precond;eeg_fl_theta_power_precond;eeg_faa_precond;eeg_tleft_lalpha_power_precond;eeg_fl_specent_precond;eeg_ta_ratio_precond"
2025-12-19 16:08:52.26236,31,"stress_label",7,256,0.06,0.540697674418605,0.395348837209302,0.512403100775194,7,"top7","eeg_fm_lbeta_power_precond;eeg_tleft_lbeta_power_precond;eeg_fl_theta_power_precond;eeg_faa_precond;eeg_tleft_lalpha_power_precond;eeg_fl_specent_precond;eeg_ta_ratio_precond"
2025-12-19 16:08:51.765214,31,"stress_label",7,2,0.1,0.505813953488372,0.412790697674419,NA,7,"top7","eeg_fm_lbeta_power_precond;eeg_tleft_lbeta_power_precond;eeg_fl_theta_power_precond;eeg_faa_precond;eeg_tleft_lalpha_power_precond;eeg_fl_specent_precond;eeg_ta_ratio_precond"
2025-12-19 16:08:51.779173,31,"stress_label",7,4,0.1,0.488372093023256,0.465116279069767,NA,7,"top7","eeg_fm_lbeta_power_precond;eeg_tleft_lbeta_power_precond;eeg_fl_theta_power_precond;eeg_faa_precond;eeg_tleft_lalpha_power_precond;eeg_fl_specent_precond;eeg_ta_ratio_precond"
2025-12-19 16:08:51.838666,31,"stress_label",7,8,0.1,0.482558139534884,0.337209302325581,NA,7,"top7","eeg_fm_lbeta_power_precond;eeg_tleft_lbeta_power_precond;eeg_fl_theta_power_precond;eeg_faa_precond;eeg_tleft_lalpha_power_precond;eeg_fl_specent_precond;eeg_ta_ratio_precond"
2025-12-19 16:08:51.998246,31,"stress_label",7,16,0.1,0.517441860465116,0.383720930232558,NA,7,"top7","eeg_fm_lbeta_power_precond;eeg_tleft_lbeta_power_precond;eeg_fl_theta_power_precond;eeg_faa_precond;eeg_tleft_lalpha_power_precond;eeg_fl_specent_precond;eeg_ta_ratio_precond"
2025-12-19 16:08:52.029055,31,"stress_label",7,32,0.1,0.529069767441861,0.406976744186047,NA,7,"top7","eeg_fm_lbeta_power_precond;eeg_tleft_lbeta_power_precond;eeg_fl_theta_power_precond;eeg_faa_precond;eeg_tleft_lalpha_power_precond;eeg_fl_specent_precond;eeg_ta_ratio_precond"
2025-12-19 16:08:52.143096,31,"stress_label",7,64,0.1,0.517441860465116,0.441860465116279,NA,7,"top7","eeg_fm_lbeta_power_precond;eeg_tleft_lbeta_power_precond;eeg_fl_theta_power_precond;eeg_faa_precond;eeg_tleft_lalpha_power_precond;eeg_fl_specent_precond;eeg_ta_ratio_precond"
2025-12-19 16:08:52.391562,31,"stress_label",7,128,0.1,0.540697674418605,0.476744186046512,0.521705426356589,7,"top7","eeg_fm_lbeta_power_precond;eeg_tleft_lbeta_power_precond;eeg_fl_theta_power_precond;eeg_faa_precond;eeg_tleft_lalpha_power_precond;eeg_fl_specent_precond;eeg_ta_ratio_precond"
2025-12-19 16:08:52.649952,31,"stress_label",7,256,0.1,0.523255813953488,0.505813953488372,NA,7,"top7","eeg_fm_lbeta_power_precond;eeg_tleft_lbeta_power_precond;eeg_fl_theta_power_precond;eeg_faa_precond;eeg_tleft_lalpha_power_precond;eeg_fl_specent_precond;eeg_ta_ratio_precond"
2025-12-19 16:08:53.92822,32,"stress_label",7,2,0.0078125,0.447674418604651,0.546511627906977,0.4,7,"top7","eeg_fm_lbeta_power_precond;eeg_fm_specent_precond;eeg_faa_precond;eeg_fr_theta_power_precond;eeg_tleft_lalpha_power_precond;eeg_tright_lbeta_power_precond;eeg_pleft_halpha_power_precond"
2025-12-19 16:08:53.932102,32,"stress_label",7,4,0.0078125,0.488372093023256,0.488372093023256,0.491472868217054,7,"top7","eeg_fm_lbeta_power_precond;eeg_fm_specent_precond;eeg_faa_precond;eeg_fr_theta_power_precond;eeg_tleft_lalpha_power_precond;eeg_tright_lbeta_power_precond;eeg_pleft_halpha_power_precond"
2025-12-19 16:08:53.939587,32,"stress_label",7,8,0.0078125,0.488372093023256,0.383720930232558,0.485271317829457,7,"top7","eeg_fm_lbeta_power_precond;eeg_fm_specent_precond;eeg_faa_precond;eeg_fr_theta_power_precond;eeg_tleft_lalpha_power_precond;eeg_tright_lbeta_power_precond;eeg_pleft_halpha_power_precond"
2025-12-19 16:08:53.91699,32,"stress_label",7,16,0.0078125,0.476744186046512,0.354651162790698,0.48062015503876,7,"top7","eeg_fm_lbeta_power_precond;eeg_fm_specent_precond;eeg_faa_precond;eeg_fr_theta_power_precond;eeg_tleft_lalpha_power_precond;eeg_tright_lbeta_power_precond;eeg_pleft_halpha_power_precond"
2025-12-19 16:08:53.954903,32,"stress_label",7,32,0.0078125,0.453488372093023,0.488372093023256,0.445736434108527,7,"top7","eeg_fm_lbeta_power_precond;eeg_fm_specent_precond;eeg_faa_precond;eeg_fr_theta_power_precond;eeg_tleft_lalpha_power_precond;eeg_tright_lbeta_power_precond;eeg_pleft_halpha_power_precond"
2025-12-19 16:08:53.948411,32,"stress_label",7,64,0.0078125,0.47093023255814,0.38953488372093,0.451937984496124,7,"top7","eeg_fm_lbeta_power_precond;eeg_fm_specent_precond;eeg_faa_precond;eeg_fr_theta_power_precond;eeg_tleft_lalpha_power_precond;eeg_tright_lbeta_power_precond;eeg_pleft_halpha_power_precond"
2025-12-19 16:08:54.016557,32,"stress_label",7,128,0.0078125,0.47093023255814,0.401162790697674,0.414728682170543,7,"top7","eeg_fm_lbeta_power_precond;eeg_fm_specent_precond;eeg_faa_precond;eeg_fr_theta_power_precond;eeg_tleft_lalpha_power_precond;eeg_tright_lbeta_power_precond;eeg_pleft_halpha_power_precond"
2025-12-19 16:08:54.076541,32,"stress_label",7,256,0.0078125,0.494186046511628,0.418604651162791,0.436434108527132,7,"top7","eeg_fm_lbeta_power_precond;eeg_fm_specent_precond;eeg_faa_precond;eeg_fr_theta_power_precond;eeg_tleft_lalpha_power_precond;eeg_tright_lbeta_power_precond;eeg_pleft_halpha_power_precond"
2025-12-19 16:08:53.938662,32,"stress_label",7,2,0.015625,0.465116279069767,0.488372093023256,0.451162790697674,7,"top7","eeg_fm_lbeta_power_precond;eeg_fm_specent_precond;eeg_faa_precond;eeg_fr_theta_power_precond;eeg_tleft_lalpha_power_precond;eeg_tright_lbeta_power_precond;eeg_pleft_halpha_power_precond"
2025-12-19 16:08:53.90932,32,"stress_label",7,4,0.015625,0.476744186046512,0.418604651162791,0.490697674418605,7,"top7","eeg_fm_lbeta_power_precond;eeg_fm_specent_precond;eeg_faa_precond;eeg_fr_theta_power_precond;eeg_tleft_lalpha_power_precond;eeg_tright_lbeta_power_precond;eeg_pleft_halpha_power_precond"
2025-12-19 16:08:53.915599,32,"stress_label",7,8,0.015625,0.505813953488372,0.412790697674419,0.517054263565891,7,"top7","eeg_fm_lbeta_power_precond;eeg_fm_specent_precond;eeg_faa_precond;eeg_fr_theta_power_precond;eeg_tleft_lalpha_power_precond;eeg_tright_lbeta_power_precond;eeg_pleft_halpha_power_precond"
2025-12-19 16:08:53.900201,32,"stress_label",7,16,0.015625,0.47093023255814,0.476744186046512,0.458139534883721,7,"top7","eeg_fm_lbeta_power_precond;eeg_fm_specent_precond;eeg_faa_precond;eeg_fr_theta_power_precond;eeg_tleft_lalpha_power_precond;eeg_tright_lbeta_power_precond;eeg_pleft_halpha_power_precond"
2025-12-19 16:08:53.960012,32,"stress_label",7,32,0.015625,0.482558139534884,0.465116279069767,0.432558139534884,7,"top7","eeg_fm_lbeta_power_precond;eeg_fm_specent_precond;eeg_faa_precond;eeg_fr_theta_power_precond;eeg_tleft_lalpha_power_precond;eeg_tright_lbeta_power_precond;eeg_pleft_halpha_power_precond"
2025-12-19 16:08:54.025556,32,"stress_label",7,64,0.015625,0.5,0.372093023255814,0.442635658914729,7,"top7","eeg_fm_lbeta_power_precond;eeg_fm_specent_precond;eeg_faa_precond;eeg_fr_theta_power_precond;eeg_tleft_lalpha_power_precond;eeg_tright_lbeta_power_precond;eeg_pleft_halpha_power_precond"
2025-12-19 16:08:55.14643,32,"stress_label",7,128,0.015625,0.529069767441861,0.36046511627907,NA,7,"top7","eeg_fm_lbeta_power_precond;eeg_fm_specent_precond;eeg_faa_precond;eeg_fr_theta_power_precond;eeg_tleft_lalpha_power_precond;eeg_tright_lbeta_power_precond;eeg_pleft_halpha_power_precond"
2025-12-19 16:08:55.280457,32,"stress_label",7,256,0.015625,0.511627906976744,0.343023255813953,NA,7,"top7","eeg_fm_lbeta_power_precond;eeg_fm_specent_precond;eeg_faa_precond;eeg_fr_theta_power_precond;eeg_tleft_lalpha_power_precond;eeg_tright_lbeta_power_precond;eeg_pleft_halpha_power_precond"
2025-12-19 16:08:54.984667,32,"stress_label",7,2,0.03125,0.476744186046512,0.476744186046512,0.494573643410853,7,"top7","eeg_fm_lbeta_power_precond;eeg_fm_specent_precond;eeg_faa_precond;eeg_fr_theta_power_precond;eeg_tleft_lalpha_power_precond;eeg_tright_lbeta_power_precond;eeg_pleft_halpha_power_precond"
2025-12-19 16:08:55.005543,32,"stress_label",7,4,0.03125,0.453488372093023,0.354651162790698,0.451937984496124,7,"top7","eeg_fm_lbeta_power_precond;eeg_fm_specent_precond;eeg_faa_precond;eeg_fr_theta_power_precond;eeg_tleft_lalpha_power_precond;eeg_tright_lbeta_power_precond;eeg_pleft_halpha_power_precond"
2025-12-19 16:08:55.026796,32,"stress_label",7,8,0.03125,0.476744186046512,0.424418604651163,0.437984496124031,7,"top7","eeg_fm_lbeta_power_precond;eeg_fm_specent_precond;eeg_faa_precond;eeg_fr_theta_power_precond;eeg_tleft_lalpha_power_precond;eeg_tright_lbeta_power_precond;eeg_pleft_halpha_power_precond"
2025-12-19 16:08:55.014653,32,"stress_label",7,16,0.03125,0.505813953488372,0.406976744186047,0.466666666666667,7,"top7","eeg_fm_lbeta_power_precond;eeg_fm_specent_precond;eeg_faa_precond;eeg_fr_theta_power_precond;eeg_tleft_lalpha_power_precond;eeg_tright_lbeta_power_precond;eeg_pleft_halpha_power_precond"
2025-12-19 16:08:55.107501,32,"stress_label",7,32,0.03125,0.529069767441861,0.38953488372093,NA,7,"top7","eeg_fm_lbeta_power_precond;eeg_fm_specent_precond;eeg_faa_precond;eeg_fr_theta_power_precond;eeg_tleft_lalpha_power_precond;eeg_tright_lbeta_power_precond;eeg_pleft_halpha_power_precond"
2025-12-19 16:08:55.229598,32,"stress_label",7,64,0.03125,0.523255813953488,0.424418604651163,NA,7,"top7","eeg_fm_lbeta_power_precond;eeg_fm_specent_precond;eeg_faa_precond;eeg_fr_theta_power_precond;eeg_tleft_lalpha_power_precond;eeg_tright_lbeta_power_precond;eeg_pleft_halpha_power_precond"
2025-12-19 16:08:55.375053,32,"stress_label",7,128,0.03125,0.523255813953488,0.418604651162791,NA,7,"top7","eeg_fm_lbeta_power_precond;eeg_fm_specent_precond;eeg_faa_precond;eeg_fr_theta_power_precond;eeg_tleft_lalpha_power_precond;eeg_tright_lbeta_power_precond;eeg_pleft_halpha_power_precond"
2025-12-19 16:08:55.687072,32,"stress_label",7,256,0.03125,0.511627906976744,0.453488372093023,NA,7,"top7","eeg_fm_lbeta_power_precond;eeg_fm_specent_precond;eeg_faa_precond;eeg_fr_theta_power_precond;eeg_tleft_lalpha_power_precond;eeg_tright_lbeta_power_precond;eeg_pleft_halpha_power_precond"
2025-12-19 16:08:55.024769,32,"stress_label",7,2,0.0625,0.465116279069767,0.453488372093023,0.444961240310077,7,"top7","eeg_fm_lbeta_power_precond;eeg_fm_specent_precond;eeg_faa_precond;eeg_fr_theta_power_precond;eeg_tleft_lalpha_power_precond;eeg_tright_lbeta_power_precond;eeg_pleft_halpha_power_precond"
2025-12-19 16:08:55.070026,32,"stress_label",7,4,0.0625,0.511627906976744,0.372093023255814,0.475968992248062,7,"top7","eeg_fm_lbeta_power_precond;eeg_fm_specent_precond;eeg_faa_precond;eeg_fr_theta_power_precond;eeg_tleft_lalpha_power_precond;eeg_tright_lbeta_power_precond;eeg_pleft_halpha_power_precond"
2025-12-19 16:08:55.135981,32,"stress_label",7,8,0.0625,0.505813953488372,0.366279069767442,NA,7,"top7","eeg_fm_lbeta_power_precond;eeg_fm_specent_precond;eeg_faa_precond;eeg_fr_theta_power_precond;eeg_tleft_lalpha_power_precond;eeg_tright_lbeta_power_precond;eeg_pleft_halpha_power_precond"
2025-12-19 16:08:55.221563,32,"stress_label",7,16,0.0625,0.494186046511628,0.436046511627907,NA,7,"top7","eeg_fm_lbeta_power_precond;eeg_fm_specent_precond;eeg_faa_precond;eeg_fr_theta_power_precond;eeg_tleft_lalpha_power_precond;eeg_tright_lbeta_power_precond;eeg_pleft_halpha_power_precond"
2025-12-19 16:08:56.202177,32,"stress_label",7,32,0.0625,0.511627906976744,0.482558139534884,NA,7,"top7","eeg_fm_lbeta_power_precond;eeg_fm_specent_precond;eeg_faa_precond;eeg_fr_theta_power_precond;eeg_tleft_lalpha_power_precond;eeg_tright_lbeta_power_precond;eeg_pleft_halpha_power_precond"
2025-12-19 16:08:56.405948,32,"stress_label",7,64,0.0625,0.534883720930233,0.523255813953488,NA,7,"top7","eeg_fm_lbeta_power_precond;eeg_fm_specent_precond;eeg_faa_precond;eeg_fr_theta_power_precond;eeg_tleft_lalpha_power_precond;eeg_tright_lbeta_power_precond;eeg_pleft_halpha_power_precond"
2025-12-19 16:08:56.623966,32,"stress_label",7,128,0.0625,0.523255813953488,0.593023255813954,NA,7,"top7","eeg_fm_lbeta_power_precond;eeg_fm_specent_precond;eeg_faa_precond;eeg_fr_theta_power_precond;eeg_tleft_lalpha_power_precond;eeg_tright_lbeta_power_precond;eeg_pleft_halpha_power_precond"
2025-12-19 16:08:56.929575,32,"stress_label",7,256,0.0625,0.558139534883721,0.604651162790698,NA,7,"top7","eeg_fm_lbeta_power_precond;eeg_fm_specent_precond;eeg_faa_precond;eeg_fr_theta_power_precond;eeg_tleft_lalpha_power_precond;eeg_tright_lbeta_power_precond;eeg_pleft_halpha_power_precond"
2025-12-19 16:08:56.092414,32,"stress_label",7,2,0.125,0.523255813953488,0.401162790697674,NA,7,"top7","eeg_fm_lbeta_power_precond;eeg_fm_specent_precond;eeg_faa_precond;eeg_fr_theta_power_precond;eeg_tleft_lalpha_power_precond;eeg_tright_lbeta_power_precond;eeg_pleft_halpha_power_precond"
2025-12-19 16:08:56.204356,32,"stress_label",7,4,0.125,0.517441860465116,0.5,NA,7,"top7","eeg_fm_lbeta_power_precond;eeg_fm_specent_precond;eeg_faa_precond;eeg_fr_theta_power_precond;eeg_tleft_lalpha_power_precond;eeg_tright_lbeta_power_precond;eeg_pleft_halpha_power_precond"
2025-12-19 16:08:56.235604,32,"stress_label",7,8,0.125,0.5,0.453488372093023,NA,7,"top7","eeg_fm_lbeta_power_precond;eeg_fm_specent_precond;eeg_faa_precond;eeg_fr_theta_power_precond;eeg_tleft_lalpha_power_precond;eeg_tright_lbeta_power_precond;eeg_pleft_halpha_power_precond"
2025-12-19 16:08:56.300592,32,"stress_label",7,16,0.125,0.505813953488372,0.546511627906977,NA,7,"top7","eeg_fm_lbeta_power_precond;eeg_fm_specent_precond;eeg_faa_precond;eeg_fr_theta_power_precond;eeg_tleft_lalpha_power_precond;eeg_tright_lbeta_power_precond;eeg_pleft_halpha_power_precond"
2025-12-19 16:08:56.431108,32,"stress_label",7,32,0.125,0.511627906976744,0.558139534883721,NA,7,"top7","eeg_fm_lbeta_power_precond;eeg_fm_specent_precond;eeg_faa_precond;eeg_fr_theta_power_precond;eeg_tleft_lalpha_power_precond;eeg_tright_lbeta_power_precond;eeg_pleft_halpha_power_precond"
2025-12-19 16:08:56.61919,32,"stress_label",7,64,0.125,0.482558139534884,0.488372093023256,NA,7,"top7","eeg_fm_lbeta_power_precond;eeg_fm_specent_precond;eeg_faa_precond;eeg_fr_theta_power_precond;eeg_tleft_lalpha_power_precond;eeg_tright_lbeta_power_precond;eeg_pleft_halpha_power_precond"
2025-12-19 16:08:56.781765,32,"stress_label",7,128,0.125,0.517441860465116,0.534883720930233,NA,7,"top7","eeg_fm_lbeta_power_precond;eeg_fm_specent_precond;eeg_faa_precond;eeg_fr_theta_power_precond;eeg_tleft_lalpha_power_precond;eeg_tright_lbeta_power_precond;eeg_pleft_halpha_power_precond"
2025-12-19 16:08:56.969727,32,"stress_label",7,256,0.125,0.511627906976744,0.447674418604651,NA,7,"top7","eeg_fm_lbeta_power_precond;eeg_fm_specent_precond;eeg_faa_precond;eeg_fr_theta_power_precond;eeg_tleft_lalpha_power_precond;eeg_tright_lbeta_power_precond;eeg_pleft_halpha_power_precond"
2025-12-19 16:08:56.44963,32,"stress_label",7,2,0.03,0.482558139534884,0.494186046511628,0.496899224806202,7,"top7","eeg_fm_lbeta_power_precond;eeg_fm_specent_precond;eeg_faa_precond;eeg_fr_theta_power_precond;eeg_tleft_lalpha_power_precond;eeg_tright_lbeta_power_precond;eeg_pleft_halpha_power_precond"
2025-12-19 16:08:56.7634,32,"stress_label",7,4,0.03,0.465116279069767,0.441860465116279,0.475193798449612,7,"top7","eeg_fm_lbeta_power_precond;eeg_fm_specent_precond;eeg_faa_precond;eeg_fr_theta_power_precond;eeg_tleft_lalpha_power_precond;eeg_tright_lbeta_power_precond;eeg_pleft_halpha_power_precond"
2025-12-19 16:08:57.145717,32,"stress_label",7,8,0.03,0.47093023255814,0.366279069767442,0.434108527131783,7,"top7","eeg_fm_lbeta_power_precond;eeg_fm_specent_precond;eeg_faa_precond;eeg_fr_theta_power_precond;eeg_tleft_lalpha_power_precond;eeg_tright_lbeta_power_precond;eeg_pleft_halpha_power_precond"
2025-12-19 16:08:57.281928,32,"stress_label",7,16,0.03,0.517441860465116,0.395348837209302,0.472868217054264,7,"top7","eeg_fm_lbeta_power_precond;eeg_fm_specent_precond;eeg_faa_precond;eeg_fr_theta_power_precond;eeg_tleft_lalpha_power_precond;eeg_tright_lbeta_power_precond;eeg_pleft_halpha_power_precond"
2025-12-19 16:08:57.327274,32,"stress_label",7,32,0.03,0.540697674418605,0.412790697674419,NA,7,"top7","eeg_fm_lbeta_power_precond;eeg_fm_specent_precond;eeg_faa_precond;eeg_fr_theta_power_precond;eeg_tleft_lalpha_power_precond;eeg_tright_lbeta_power_precond;eeg_pleft_halpha_power_precond"
2025-12-19 16:08:57.501157,32,"stress_label",7,64,0.03,0.517441860465116,0.488372093023256,NA,7,"top7","eeg_fm_lbeta_power_precond;eeg_fm_specent_precond;eeg_faa_precond;eeg_fr_theta_power_precond;eeg_tleft_lalpha_power_precond;eeg_tright_lbeta_power_precond;eeg_pleft_halpha_power_precond"
2025-12-19 16:08:57.733562,32,"stress_label",7,128,0.03,0.505813953488372,0.430232558139535,NA,7,"top7","eeg_fm_lbeta_power_precond;eeg_fm_specent_precond;eeg_faa_precond;eeg_fr_theta_power_precond;eeg_tleft_lalpha_power_precond;eeg_tright_lbeta_power_precond;eeg_pleft_halpha_power_precond"
2025-12-19 16:08:58.12788,32,"stress_label",7,256,0.03,0.523255813953488,0.459302325581395,NA,7,"top7","eeg_fm_lbeta_power_precond;eeg_fm_specent_precond;eeg_faa_precond;eeg_fr_theta_power_precond;eeg_tleft_lalpha_power_precond;eeg_tright_lbeta_power_precond;eeg_pleft_halpha_power_precond"
2025-12-19 16:08:57.52864,32,"stress_label",7,2,0.06,0.47093023255814,0.511627906976744,0.463565891472868,7,"top7","eeg_fm_lbeta_power_precond;eeg_fm_specent_precond;eeg_faa_precond;eeg_fr_theta_power_precond;eeg_tleft_lalpha_power_precond;eeg_tright_lbeta_power_precond;eeg_pleft_halpha_power_precond"
2025-12-19 16:08:57.560707,32,"stress_label",7,4,0.06,0.511627906976744,0.366279069767442,0.481395348837209,7,"top7","eeg_fm_lbeta_power_precond;eeg_fm_specent_precond;eeg_faa_precond;eeg_fr_theta_power_precond;eeg_tleft_lalpha_power_precond;eeg_tright_lbeta_power_precond;eeg_pleft_halpha_power_precond"
2025-12-19 16:08:57.771714,32,"stress_label",7,8,0.06,0.511627906976744,0.418604651162791,NA,7,"top7","eeg_fm_lbeta_power_precond;eeg_fm_specent_precond;eeg_faa_precond;eeg_fr_theta_power_precond;eeg_tleft_lalpha_power_precond;eeg_tright_lbeta_power_precond;eeg_pleft_halpha_power_precond"
2025-12-19 16:08:57.786199,32,"stress_label",7,16,0.06,0.5,0.325581395348837,NA,7,"top7","eeg_fm_lbeta_power_precond;eeg_fm_specent_precond;eeg_faa_precond;eeg_fr_theta_power_precond;eeg_tleft_lalpha_power_precond;eeg_tright_lbeta_power_precond;eeg_pleft_halpha_power_precond"
2025-12-19 16:08:57.99797,32,"stress_label",7,32,0.06,0.505813953488372,0.406976744186047,NA,7,"top7","eeg_fm_lbeta_power_precond;eeg_fm_specent_precond;eeg_faa_precond;eeg_fr_theta_power_precond;eeg_tleft_lalpha_power_precond;eeg_tright_lbeta_power_precond;eeg_pleft_halpha_power_precond"
2025-12-19 16:08:58.191671,32,"stress_label",7,64,0.06,0.529069767441861,0.546511627906977,NA,7,"top7","eeg_fm_lbeta_power_precond;eeg_fm_specent_precond;eeg_faa_precond;eeg_fr_theta_power_precond;eeg_tleft_lalpha_power_precond;eeg_tright_lbeta_power_precond;eeg_pleft_halpha_power_precond"
2025-12-19 16:08:58.425775,32,"stress_label",7,128,0.06,0.523255813953488,0.587209302325581,NA,7,"top7","eeg_fm_lbeta_power_precond;eeg_fm_specent_precond;eeg_faa_precond;eeg_fr_theta_power_precond;eeg_tleft_lalpha_power_precond;eeg_tright_lbeta_power_precond;eeg_pleft_halpha_power_precond"
2025-12-19 16:08:58.712659,32,"stress_label",7,256,0.06,0.563953488372093,0.622093023255814,NA,7,"top7","eeg_fm_lbeta_power_precond;eeg_fm_specent_precond;eeg_faa_precond;eeg_fr_theta_power_precond;eeg_tleft_lalpha_power_precond;eeg_tright_lbeta_power_precond;eeg_pleft_halpha_power_precond"
2025-12-19 16:08:58.217713,32,"stress_label",7,2,0.1,0.517441860465116,0.36046511627907,NA,7,"top7","eeg_fm_lbeta_power_precond;eeg_fm_specent_precond;eeg_faa_precond;eeg_fr_theta_power_precond;eeg_tleft_lalpha_power_precond;eeg_tright_lbeta_power_precond;eeg_pleft_halpha_power_precond"
2025-12-19 16:08:58.344973,32,"stress_label",7,4,0.1,0.534883720930233,0.36046511627907,NA,7,"top7","eeg_fm_lbeta_power_precond;eeg_fm_specent_precond;eeg_faa_precond;eeg_fr_theta_power_precond;eeg_tleft_lalpha_power_precond;eeg_tright_lbeta_power_precond;eeg_pleft_halpha_power_precond"
2025-12-19 16:08:58.393061,32,"stress_label",7,8,0.1,0.488372093023256,0.331395348837209,NA,7,"top7","eeg_fm_lbeta_power_precond;eeg_fm_specent_precond;eeg_faa_precond;eeg_fr_theta_power_precond;eeg_tleft_lalpha_power_precond;eeg_tright_lbeta_power_precond;eeg_pleft_halpha_power_precond"
2025-12-19 16:08:58.561311,32,"stress_label",7,16,0.1,0.505813953488372,0.476744186046512,NA,7,"top7","eeg_fm_lbeta_power_precond;eeg_fm_specent_precond;eeg_faa_precond;eeg_fr_theta_power_precond;eeg_tleft_lalpha_power_precond;eeg_tright_lbeta_power_precond;eeg_pleft_halpha_power_precond"
2025-12-19 16:08:58.591335,32,"stress_label",7,32,0.1,0.505813953488372,0.546511627906977,NA,7,"top7","eeg_fm_lbeta_power_precond;eeg_fm_specent_precond;eeg_faa_precond;eeg_fr_theta_power_precond;eeg_tleft_lalpha_power_precond;eeg_tright_lbeta_power_precond;eeg_pleft_halpha_power_precond"
2025-12-19 16:08:58.678845,32,"stress_label",7,64,0.1,0.529069767441861,0.581395348837209,NA,7,"top7","eeg_fm_lbeta_power_precond;eeg_fm_specent_precond;eeg_faa_precond;eeg_fr_theta_power_precond;eeg_tleft_lalpha_power_precond;eeg_tright_lbeta_power_precond;eeg_pleft_halpha_power_precond"
2025-12-19 16:08:58.931609,32,"stress_label",7,128,0.1,0.505813953488372,0.511627906976744,NA,7,"top7","eeg_fm_lbeta_power_precond;eeg_fm_specent_precond;eeg_faa_precond;eeg_fr_theta_power_precond;eeg_tleft_lalpha_power_precond;eeg_tright_lbeta_power_precond;eeg_pleft_halpha_power_precond"
2025-12-19 16:08:59.112551,32,"stress_label",7,256,0.1,0.511627906976744,0.517441860465116,NA,7,"top7","eeg_fm_lbeta_power_precond;eeg_fm_specent_precond;eeg_faa_precond;eeg_fr_theta_power_precond;eeg_tleft_lalpha_power_precond;eeg_tright_lbeta_power_precond;eeg_pleft_halpha_power_precond"
2025-12-19 16:09:00.421612,33,"stress_label",7,2,0.0078125,0.488372093023256,0.534883720930233,0.377519379844961,7,"top7","eeg_fm_specent_precond;eeg_faa_precond;eeg_fm_beta_power_precond;eeg_tleft_lalpha_power_precond;eeg_tleft_lbeta_power_precond;eeg_pleft_halpha_power_precond;eeg_fl_theta_power_precond"
2025-12-19 16:09:00.477589,33,"stress_label",7,4,0.0078125,0.482558139534884,0.465116279069767,0.377519379844961,7,"top7","eeg_fm_specent_precond;eeg_faa_precond;eeg_fm_beta_power_precond;eeg_tleft_lalpha_power_precond;eeg_tleft_lbeta_power_precond;eeg_pleft_halpha_power_precond;eeg_fl_theta_power_precond"
2025-12-19 16:09:00.476854,33,"stress_label",7,8,0.0078125,0.505813953488372,0.494186046511628,NA,7,"top7","eeg_fm_specent_precond;eeg_faa_precond;eeg_fm_beta_power_precond;eeg_tleft_lalpha_power_precond;eeg_tleft_lbeta_power_precond;eeg_pleft_halpha_power_precond;eeg_fl_theta_power_precond"
2025-12-19 16:09:00.477209,33,"stress_label",7,16,0.0078125,0.482558139534884,0.430232558139535,NA,7,"top7","eeg_fm_specent_precond;eeg_faa_precond;eeg_fm_beta_power_precond;eeg_tleft_lalpha_power_precond;eeg_tleft_lbeta_power_precond;eeg_pleft_halpha_power_precond;eeg_fl_theta_power_precond"
2025-12-19 16:09:00.485538,33,"stress_label",7,32,0.0078125,0.47093023255814,0.430232558139535,NA,7,"top7","eeg_fm_specent_precond;eeg_faa_precond;eeg_fm_beta_power_precond;eeg_tleft_lalpha_power_precond;eeg_tleft_lbeta_power_precond;eeg_pleft_halpha_power_precond;eeg_fl_theta_power_precond"
2025-12-19 16:09:00.514631,33,"stress_label",7,64,0.0078125,0.459302325581395,0.436046511627907,NA,7,"top7","eeg_fm_specent_precond;eeg_faa_precond;eeg_fm_beta_power_precond;eeg_tleft_lalpha_power_precond;eeg_tleft_lbeta_power_precond;eeg_pleft_halpha_power_precond;eeg_fl_theta_power_precond"
2025-12-19 16:09:00.535981,33,"stress_label",7,128,0.0078125,0.482558139534884,0.36046511627907,NA,7,"top7","eeg_fm_specent_precond;eeg_faa_precond;eeg_fm_beta_power_precond;eeg_tleft_lalpha_power_precond;eeg_tleft_lbeta_power_precond;eeg_pleft_halpha_power_precond;eeg_fl_theta_power_precond"
2025-12-19 16:09:00.621866,33,"stress_label",7,256,0.0078125,0.488372093023256,0.383720930232558,NA,7,"top7","eeg_fm_specent_precond;eeg_faa_precond;eeg_fm_beta_power_precond;eeg_tleft_lalpha_power_precond;eeg_tleft_lbeta_power_precond;eeg_pleft_halpha_power_precond;eeg_fl_theta_power_precond"
2025-12-19 16:09:00.478028,33,"stress_label",7,2,0.015625,0.488372093023256,0.430232558139535,0.381395348837209,7,"top7","eeg_fm_specent_precond;eeg_faa_precond;eeg_fm_beta_power_precond;eeg_tleft_lalpha_power_precond;eeg_tleft_lbeta_power_precond;eeg_pleft_halpha_power_precond;eeg_fl_theta_power_precond"
2025-12-19 16:09:00.453997,33,"stress_label",7,4,0.015625,0.465116279069767,0.465116279069767,NA,7,"top7","eeg_fm_specent_precond;eeg_faa_precond;eeg_fm_beta_power_precond;eeg_tleft_lalpha_power_precond;eeg_tleft_lbeta_power_precond;eeg_pleft_halpha_power_precond;eeg_fl_theta_power_precond"
2025-12-19 16:09:00.479882,33,"stress_label",7,8,0.015625,0.453488372093023,0.459302325581395,NA,7,"top7","eeg_fm_specent_precond;eeg_faa_precond;eeg_fm_beta_power_precond;eeg_tleft_lalpha_power_precond;eeg_tleft_lbeta_power_precond;eeg_pleft_halpha_power_precond;eeg_fl_theta_power_precond"
2025-12-19 16:09:00.504035,33,"stress_label",7,16,0.015625,0.430232558139535,0.441860465116279,NA,7,"top7","eeg_fm_specent_precond;eeg_faa_precond;eeg_fm_beta_power_precond;eeg_tleft_lalpha_power_precond;eeg_tleft_lbeta_power_precond;eeg_pleft_halpha_power_precond;eeg_fl_theta_power_precond"
2025-12-19 16:09:00.499708,33,"stress_label",7,32,0.015625,0.482558139534884,0.372093023255814,NA,7,"top7","eeg_fm_specent_precond;eeg_faa_precond;eeg_fm_beta_power_precond;eeg_tleft_lalpha_power_precond;eeg_tleft_lbeta_power_precond;eeg_pleft_halpha_power_precond;eeg_fl_theta_power_precond"
2025-12-19 16:09:00.548022,33,"stress_label",7,64,0.015625,0.482558139534884,0.47093023255814,NA,7,"top7","eeg_fm_specent_precond;eeg_faa_precond;eeg_fm_beta_power_precond;eeg_tleft_lalpha_power_precond;eeg_tleft_lbeta_power_precond;eeg_pleft_halpha_power_precond;eeg_fl_theta_power_precond"
2025-12-19 16:09:01.720384,33,"stress_label",7,128,0.015625,0.523255813953488,0.418604651162791,NA,7,"top7","eeg_fm_specent_precond;eeg_faa_precond;eeg_fm_beta_power_precond;eeg_tleft_lalpha_power_precond;eeg_tleft_lbeta_power_precond;eeg_pleft_halpha_power_precond;eeg_fl_theta_power_precond"
2025-12-19 16:09:01.87782,33,"stress_label",7,256,0.015625,0.540697674418605,0.395348837209302,NA,7,"top7","eeg_fm_specent_precond;eeg_faa_precond;eeg_fm_beta_power_precond;eeg_tleft_lalpha_power_precond;eeg_tleft_lbeta_power_precond;eeg_pleft_halpha_power_precond;eeg_fl_theta_power_precond"
2025-12-19 16:09:01.567999,33,"stress_label",7,2,0.03125,0.465116279069767,0.505813953488372,NA,7,"top7","eeg_fm_specent_precond;eeg_faa_precond;eeg_fm_beta_power_precond;eeg_tleft_lalpha_power_precond;eeg_tleft_lbeta_power_precond;eeg_pleft_halpha_power_precond;eeg_fl_theta_power_precond"
2025-12-19 16:09:01.57553,33,"stress_label",7,4,0.03125,0.418604651162791,0.459302325581395,NA,7,"top7","eeg_fm_specent_precond;eeg_faa_precond;eeg_fm_beta_power_precond;eeg_tleft_lalpha_power_precond;eeg_tleft_lbeta_power_precond;eeg_pleft_halpha_power_precond;eeg_fl_theta_power_precond"
2025-12-19 16:09:01.6165,33,"stress_label",7,8,0.03125,0.453488372093023,0.540697674418605,NA,7,"top7","eeg_fm_specent_precond;eeg_faa_precond;eeg_fm_beta_power_precond;eeg_tleft_lalpha_power_precond;eeg_tleft_lbeta_power_precond;eeg_pleft_halpha_power_precond;eeg_fl_theta_power_precond"
2025-12-19 16:09:01.592027,33,"stress_label",7,16,0.03125,0.488372093023256,0.47093023255814,NA,7,"top7","eeg_fm_specent_precond;eeg_faa_precond;eeg_fm_beta_power_precond;eeg_tleft_lalpha_power_precond;eeg_tleft_lbeta_power_precond;eeg_pleft_halpha_power_precond;eeg_fl_theta_power_precond"
2025-12-19 16:09:01.663514,33,"stress_label",7,32,0.03125,0.494186046511628,0.377906976744186,NA,7,"top7","eeg_fm_specent_precond;eeg_faa_precond;eeg_fm_beta_power_precond;eeg_tleft_lalpha_power_precond;eeg_tleft_lbeta_power_precond;eeg_pleft_halpha_power_precond;eeg_fl_theta_power_precond"
2025-12-19 16:09:01.725956,33,"stress_label",7,64,0.03125,0.529069767441861,0.430232558139535,NA,7,"top7","eeg_fm_specent_precond;eeg_faa_precond;eeg_fm_beta_power_precond;eeg_tleft_lalpha_power_precond;eeg_tleft_lbeta_power_precond;eeg_pleft_halpha_power_precond;eeg_fl_theta_power_precond"
2025-12-19 16:09:01.870163,33,"stress_label",7,128,0.03125,0.511627906976744,0.343023255813953,NA,7,"top7","eeg_fm_specent_precond;eeg_faa_precond;eeg_fm_beta_power_precond;eeg_tleft_lalpha_power_precond;eeg_tleft_lbeta_power_precond;eeg_pleft_halpha_power_precond;eeg_fl_theta_power_precond"
2025-12-19 16:09:02.188268,33,"stress_label",7,256,0.03125,0.476744186046512,0.436046511627907,NA,7,"top7","eeg_fm_specent_precond;eeg_faa_precond;eeg_fm_beta_power_precond;eeg_tleft_lalpha_power_precond;eeg_tleft_lbeta_power_precond;eeg_pleft_halpha_power_precond;eeg_fl_theta_power_precond"
2025-12-19 16:09:01.629691,33,"stress_label",7,2,0.0625,0.436046511627907,0.488372093023256,NA,7,"top7","eeg_fm_specent_precond;eeg_faa_precond;eeg_fm_beta_power_precond;eeg_tleft_lalpha_power_precond;eeg_tleft_lbeta_power_precond;eeg_pleft_halpha_power_precond;eeg_fl_theta_power_precond"
2025-12-19 16:09:01.650157,33,"stress_label",7,4,0.0625,0.488372093023256,0.453488372093023,NA,7,"top7","eeg_fm_specent_precond;eeg_faa_precond;eeg_fm_beta_power_precond;eeg_tleft_lalpha_power_precond;eeg_tleft_lbeta_power_precond;eeg_pleft_halpha_power_precond;eeg_fl_theta_power_precond"
2025-12-19 16:09:01.674262,33,"stress_label",7,8,0.0625,0.5,0.383720930232558,NA,7,"top7","eeg_fm_specent_precond;eeg_faa_precond;eeg_fm_beta_power_precond;eeg_tleft_lalpha_power_precond;eeg_tleft_lbeta_power_precond;eeg_pleft_halpha_power_precond;eeg_fl_theta_power_precond"
2025-12-19 16:09:01.779876,33,"stress_label",7,16,0.0625,0.517441860465116,0.412790697674419,NA,7,"top7","eeg_fm_specent_precond;eeg_faa_precond;eeg_fm_beta_power_precond;eeg_tleft_lalpha_power_precond;eeg_tleft_lbeta_power_precond;eeg_pleft_halpha_power_precond;eeg_fl_theta_power_precond"
2025-12-19 16:09:02.750094,33,"stress_label",7,32,0.0625,0.476744186046512,0.558139534883721,NA,7,"top7","eeg_fm_specent_precond;eeg_faa_precond;eeg_fm_beta_power_precond;eeg_tleft_lalpha_power_precond;eeg_tleft_lbeta_power_precond;eeg_pleft_halpha_power_precond;eeg_fl_theta_power_precond"
2025-12-19 16:09:02.912724,33,"stress_label",7,64,0.0625,0.476744186046512,0.383720930232558,NA,7,"top7","eeg_fm_specent_precond;eeg_faa_precond;eeg_fm_beta_power_precond;eeg_tleft_lalpha_power_precond;eeg_tleft_lbeta_power_precond;eeg_pleft_halpha_power_precond;eeg_fl_theta_power_precond"
2025-12-19 16:09:03.188097,33,"stress_label",7,128,0.0625,0.476744186046512,0.418604651162791,NA,7,"top7","eeg_fm_specent_precond;eeg_faa_precond;eeg_fm_beta_power_precond;eeg_tleft_lalpha_power_precond;eeg_tleft_lbeta_power_precond;eeg_pleft_halpha_power_precond;eeg_fl_theta_power_precond"
2025-12-19 16:09:03.520405,33,"stress_label",7,256,0.0625,0.430232558139535,0.383720930232558,NA,7,"top7","eeg_fm_specent_precond;eeg_faa_precond;eeg_fm_beta_power_precond;eeg_tleft_lalpha_power_precond;eeg_tleft_lbeta_power_precond;eeg_pleft_halpha_power_precond;eeg_fl_theta_power_precond"
2025-12-19 16:09:02.759853,33,"stress_label",7,2,0.125,0.476744186046512,0.424418604651163,NA,7,"top7","eeg_fm_specent_precond;eeg_faa_precond;eeg_fm_beta_power_precond;eeg_tleft_lalpha_power_precond;eeg_tleft_lbeta_power_precond;eeg_pleft_halpha_power_precond;eeg_fl_theta_power_precond"
2025-12-19 16:09:02.762632,33,"stress_label",7,4,0.125,0.505813953488372,0.38953488372093,NA,7,"top7","eeg_fm_specent_precond;eeg_faa_precond;eeg_fm_beta_power_precond;eeg_tleft_lalpha_power_precond;eeg_tleft_lbeta_power_precond;eeg_pleft_halpha_power_precond;eeg_fl_theta_power_precond"
2025-12-19 16:09:02.775743,33,"stress_label",7,8,0.125,0.465116279069767,0.47093023255814,NA,7,"top7","eeg_fm_specent_precond;eeg_faa_precond;eeg_fm_beta_power_precond;eeg_tleft_lalpha_power_precond;eeg_tleft_lbeta_power_precond;eeg_pleft_halpha_power_precond;eeg_fl_theta_power_precond"
2025-12-19 16:09:02.899212,33,"stress_label",7,16,0.125,0.494186046511628,0.453488372093023,NA,7,"top7","eeg_fm_specent_precond;eeg_faa_precond;eeg_fm_beta_power_precond;eeg_tleft_lalpha_power_precond;eeg_tleft_lbeta_power_precond;eeg_pleft_halpha_power_precond;eeg_fl_theta_power_precond"
2025-12-19 16:09:03.028081,33,"stress_label",7,32,0.125,0.482558139534884,0.453488372093023,NA,7,"top7","eeg_fm_specent_precond;eeg_faa_precond;eeg_fm_beta_power_precond;eeg_tleft_lalpha_power_precond;eeg_tleft_lbeta_power_precond;eeg_pleft_halpha_power_precond;eeg_fl_theta_power_precond"
2025-12-19 16:09:03.243032,33,"stress_label",7,64,0.125,0.459302325581395,0.430232558139535,NA,7,"top7","eeg_fm_specent_precond;eeg_faa_precond;eeg_fm_beta_power_precond;eeg_tleft_lalpha_power_precond;eeg_tleft_lbeta_power_precond;eeg_pleft_halpha_power_precond;eeg_fl_theta_power_precond"
2025-12-19 16:09:03.382127,33,"stress_label",7,128,0.125,0.488372093023256,0.418604651162791,NA,7,"top7","eeg_fm_specent_precond;eeg_faa_precond;eeg_fm_beta_power_precond;eeg_tleft_lalpha_power_precond;eeg_tleft_lbeta_power_precond;eeg_pleft_halpha_power_precond;eeg_fl_theta_power_precond"
2025-12-19 16:09:03.706436,33,"stress_label",7,256,0.125,0.453488372093023,0.465116279069767,NA,7,"top7","eeg_fm_specent_precond;eeg_faa_precond;eeg_fm_beta_power_precond;eeg_tleft_lalpha_power_precond;eeg_tleft_lbeta_power_precond;eeg_pleft_halpha_power_precond;eeg_fl_theta_power_precond"
2025-12-19 16:09:02.952116,33,"stress_label",7,2,0.03,0.47093023255814,0.5,NA,7,"top7","eeg_fm_specent_precond;eeg_faa_precond;eeg_fm_beta_power_precond;eeg_tleft_lalpha_power_precond;eeg_tleft_lbeta_power_precond;eeg_pleft_halpha_power_precond;eeg_fl_theta_power_precond"
2025-12-19 16:09:03.286714,33,"stress_label",7,4,0.03,0.418604651162791,0.47093023255814,NA,7,"top7","eeg_fm_specent_precond;eeg_faa_precond;eeg_fm_beta_power_precond;eeg_tleft_lalpha_power_precond;eeg_tleft_lbeta_power_precond;eeg_pleft_halpha_power_precond;eeg_fl_theta_power_precond"
2025-12-19 16:09:03.880691,33,"stress_label",7,8,0.03,0.441860465116279,0.465116279069767,NA,7,"top7","eeg_fm_specent_precond;eeg_faa_precond;eeg_fm_beta_power_precond;eeg_tleft_lalpha_power_precond;eeg_tleft_lbeta_power_precond;eeg_pleft_halpha_power_precond;eeg_fl_theta_power_precond"
2025-12-19 16:09:03.84876,33,"stress_label",7,16,0.03,0.482558139534884,0.377906976744186,NA,7,"top7","eeg_fm_specent_precond;eeg_faa_precond;eeg_fm_beta_power_precond;eeg_tleft_lalpha_power_precond;eeg_tleft_lbeta_power_precond;eeg_pleft_halpha_power_precond;eeg_fl_theta_power_precond"
2025-12-19 16:09:03.884445,33,"stress_label",7,32,0.03,0.494186046511628,0.313953488372093,NA,7,"top7","eeg_fm_specent_precond;eeg_faa_precond;eeg_fm_beta_power_precond;eeg_tleft_lalpha_power_precond;eeg_tleft_lbeta_power_precond;eeg_pleft_halpha_power_precond;eeg_fl_theta_power_precond"
2025-12-19 16:09:04.030568,33,"stress_label",7,64,0.03,0.523255813953488,0.406976744186047,NA,7,"top7","eeg_fm_specent_precond;eeg_faa_precond;eeg_fm_beta_power_precond;eeg_tleft_lalpha_power_precond;eeg_tleft_lbeta_power_precond;eeg_pleft_halpha_power_precond;eeg_fl_theta_power_precond"
2025-12-19 16:09:04.258053,33,"stress_label",7,128,0.03,0.517441860465116,0.517441860465116,NA,7,"top7","eeg_fm_specent_precond;eeg_faa_precond;eeg_fm_beta_power_precond;eeg_tleft_lalpha_power_precond;eeg_tleft_lbeta_power_precond;eeg_pleft_halpha_power_precond;eeg_fl_theta_power_precond"
2025-12-19 16:09:04.548601,33,"stress_label",7,256,0.03,0.476744186046512,0.377906976744186,NA,7,"top7","eeg_fm_specent_precond;eeg_faa_precond;eeg_fm_beta_power_precond;eeg_tleft_lalpha_power_precond;eeg_tleft_lbeta_power_precond;eeg_pleft_halpha_power_precond;eeg_fl_theta_power_precond"
2025-12-19 16:09:04.020646,33,"stress_label",7,2,0.06,0.430232558139535,0.517441860465116,NA,7,"top7","eeg_fm_specent_precond;eeg_faa_precond;eeg_fm_beta_power_precond;eeg_tleft_lalpha_power_precond;eeg_tleft_lbeta_power_precond;eeg_pleft_halpha_power_precond;eeg_fl_theta_power_precond"
2025-12-19 16:09:04.148702,33,"stress_label",7,4,0.06,0.488372093023256,0.459302325581395,NA,7,"top7","eeg_fm_specent_precond;eeg_faa_precond;eeg_fm_beta_power_precond;eeg_tleft_lalpha_power_precond;eeg_tleft_lbeta_power_precond;eeg_pleft_halpha_power_precond;eeg_fl_theta_power_precond"
2025-12-19 16:09:04.331715,33,"stress_label",7,8,0.06,0.505813953488372,0.406976744186047,NA,7,"top7","eeg_fm_specent_precond;eeg_faa_precond;eeg_fm_beta_power_precond;eeg_tleft_lalpha_power_precond;eeg_tleft_lbeta_power_precond;eeg_pleft_halpha_power_precond;eeg_fl_theta_power_precond"
2025-12-19 16:09:04.395978,33,"stress_label",7,16,0.06,0.534883720930233,0.377906976744186,NA,7,"top7","eeg_fm_specent_precond;eeg_faa_precond;eeg_fm_beta_power_precond;eeg_tleft_lalpha_power_precond;eeg_tleft_lbeta_power_precond;eeg_pleft_halpha_power_precond;eeg_fl_theta_power_precond"
2025-12-19 16:09:04.47548,33,"stress_label",7,32,0.06,0.5,0.447674418604651,NA,7,"top7","eeg_fm_specent_precond;eeg_faa_precond;eeg_fm_beta_power_precond;eeg_tleft_lalpha_power_precond;eeg_tleft_lbeta_power_precond;eeg_pleft_halpha_power_precond;eeg_fl_theta_power_precond"
2025-12-19 16:09:04.681215,33,"stress_label",7,64,0.06,0.465116279069767,0.436046511627907,NA,7,"top7","eeg_fm_specent_precond;eeg_faa_precond;eeg_fm_beta_power_precond;eeg_tleft_lalpha_power_precond;eeg_tleft_lbeta_power_precond;eeg_pleft_halpha_power_precond;eeg_fl_theta_power_precond"
2025-12-19 16:09:04.988504,33,"stress_label",7,128,0.06,0.465116279069767,0.476744186046512,NA,7,"top7","eeg_fm_specent_precond;eeg_faa_precond;eeg_fm_beta_power_precond;eeg_tleft_lalpha_power_precond;eeg_tleft_lbeta_power_precond;eeg_pleft_halpha_power_precond;eeg_fl_theta_power_precond"
2025-12-19 16:09:05.311271,33,"stress_label",7,256,0.06,0.424418604651163,0.401162790697674,NA,7,"top7","eeg_fm_specent_precond;eeg_faa_precond;eeg_fm_beta_power_precond;eeg_tleft_lalpha_power_precond;eeg_tleft_lbeta_power_precond;eeg_pleft_halpha_power_precond;eeg_fl_theta_power_precond"
2025-12-19 16:09:04.874838,33,"stress_label",7,2,0.1,0.505813953488372,0.482558139534884,NA,7,"top7","eeg_fm_specent_precond;eeg_faa_precond;eeg_fm_beta_power_precond;eeg_tleft_lalpha_power_precond;eeg_tleft_lbeta_power_precond;eeg_pleft_halpha_power_precond;eeg_fl_theta_power_precond"
2025-12-19 16:09:04.937209,33,"stress_label",7,4,0.1,0.5,0.418604651162791,NA,7,"top7","eeg_fm_specent_precond;eeg_faa_precond;eeg_fm_beta_power_precond;eeg_tleft_lalpha_power_precond;eeg_tleft_lbeta_power_precond;eeg_pleft_halpha_power_precond;eeg_fl_theta_power_precond"
2025-12-19 16:09:04.918832,33,"stress_label",7,8,0.1,0.5,0.343023255813953,NA,7,"top7","eeg_fm_specent_precond;eeg_faa_precond;eeg_fm_beta_power_precond;eeg_tleft_lalpha_power_precond;eeg_tleft_lbeta_power_precond;eeg_pleft_halpha_power_precond;eeg_fl_theta_power_precond"
2025-12-19 16:09:05.073232,33,"stress_label",7,16,0.1,0.459302325581395,0.494186046511628,NA,7,"top7","eeg_fm_specent_precond;eeg_faa_precond;eeg_fm_beta_power_precond;eeg_tleft_lalpha_power_precond;eeg_tleft_lbeta_power_precond;eeg_pleft_halpha_power_precond;eeg_fl_theta_power_precond"
2025-12-19 16:09:05.139774,33,"stress_label",7,32,0.1,0.476744186046512,0.453488372093023,NA,7,"top7","eeg_fm_specent_precond;eeg_faa_precond;eeg_fm_beta_power_precond;eeg_tleft_lalpha_power_precond;eeg_tleft_lbeta_power_precond;eeg_pleft_halpha_power_precond;eeg_fl_theta_power_precond"
2025-12-19 16:09:05.296861,33,"stress_label",7,64,0.1,0.459302325581395,0.488372093023256,NA,7,"top7","eeg_fm_specent_precond;eeg_faa_precond;eeg_fm_beta_power_precond;eeg_tleft_lalpha_power_precond;eeg_tleft_lbeta_power_precond;eeg_pleft_halpha_power_precond;eeg_fl_theta_power_precond"
2025-12-19 16:09:05.502675,33,"stress_label",7,128,0.1,0.47093023255814,0.447674418604651,NA,7,"top7","eeg_fm_specent_precond;eeg_faa_precond;eeg_fm_beta_power_precond;eeg_tleft_lalpha_power_precond;eeg_tleft_lbeta_power_precond;eeg_pleft_halpha_power_precond;eeg_fl_theta_power_precond"
2025-12-19 16:09:05.719491,33,"stress_label",7,256,0.1,0.488372093023256,0.540697674418605,NA,7,"top7","eeg_fm_specent_precond;eeg_faa_precond;eeg_fm_beta_power_precond;eeg_tleft_lalpha_power_precond;eeg_tleft_lbeta_power_precond;eeg_pleft_halpha_power_precond;eeg_fl_theta_power_precond"
2025-12-19 16:09:07.206101,34,"stress_label",7,2,0.0078125,0.482558139534884,0.476744186046512,0.47906976744186,7,"top7","eeg_fm_specent_precond;eeg_fm_lbeta_power_precond;eeg_faa_precond;eeg_tleft_lbeta_power_precond;eeg_fl_theta_power_precond;eeg_ta_ratio_precond;eeg_tb_ratio_precond"
2025-12-19 16:09:07.173782,34,"stress_label",7,4,0.0078125,0.505813953488372,0.476744186046512,0.496899224806202,7,"top7","eeg_fm_specent_precond;eeg_fm_lbeta_power_precond;eeg_faa_precond;eeg_tleft_lbeta_power_precond;eeg_fl_theta_power_precond;eeg_ta_ratio_precond;eeg_tb_ratio_precond"
2025-12-19 16:09:07.130848,34,"stress_label",7,8,0.0078125,0.482558139534884,0.436046511627907,0.475968992248062,7,"top7","eeg_fm_specent_precond;eeg_fm_lbeta_power_precond;eeg_faa_precond;eeg_tleft_lbeta_power_precond;eeg_fl_theta_power_precond;eeg_ta_ratio_precond;eeg_tb_ratio_precond"
2025-12-19 16:09:07.192814,34,"stress_label",7,16,0.0078125,0.47093023255814,0.366279069767442,0.462015503875969,7,"top7","eeg_fm_specent_precond;eeg_fm_lbeta_power_precond;eeg_faa_precond;eeg_tleft_lbeta_power_precond;eeg_fl_theta_power_precond;eeg_ta_ratio_precond;eeg_tb_ratio_precond"
2025-12-19 16:09:07.14376,34,"stress_label",7,32,0.0078125,0.476744186046512,0.383720930232558,0.466666666666667,7,"top7","eeg_fm_specent_precond;eeg_fm_lbeta_power_precond;eeg_faa_precond;eeg_tleft_lbeta_power_precond;eeg_fl_theta_power_precond;eeg_ta_ratio_precond;eeg_tb_ratio_precond"
2025-12-19 16:09:07.20452,34,"stress_label",7,64,0.0078125,0.476744186046512,0.424418604651163,NA,7,"top7","eeg_fm_specent_precond;eeg_fm_lbeta_power_precond;eeg_faa_precond;eeg_tleft_lbeta_power_precond;eeg_fl_theta_power_precond;eeg_ta_ratio_precond;eeg_tb_ratio_precond"
2025-12-19 16:09:07.260942,34,"stress_label",7,128,0.0078125,0.494186046511628,0.465116279069767,0.504651162790698,7,"top7","eeg_fm_specent_precond;eeg_fm_lbeta_power_precond;eeg_faa_precond;eeg_tleft_lbeta_power_precond;eeg_fl_theta_power_precond;eeg_ta_ratio_precond;eeg_tb_ratio_precond"
2025-12-19 16:09:07.319841,34,"stress_label",7,256,0.0078125,0.505813953488372,0.372093023255814,0.492248062015504,7,"top7","eeg_fm_specent_precond;eeg_fm_lbeta_power_precond;eeg_faa_precond;eeg_tleft_lbeta_power_precond;eeg_fl_theta_power_precond;eeg_ta_ratio_precond;eeg_tb_ratio_precond"
2025-12-19 16:09:07.143882,34,"stress_label",7,2,0.015625,0.5,0.406976744186047,0.496899224806202,7,"top7","eeg_fm_specent_precond;eeg_fm_lbeta_power_precond;eeg_faa_precond;eeg_tleft_lbeta_power_precond;eeg_fl_theta_power_precond;eeg_ta_ratio_precond;eeg_tb_ratio_precond"
2025-12-19 16:09:07.157792,34,"stress_label",7,4,0.015625,0.482558139534884,0.540697674418605,0.475193798449612,7,"top7","eeg_fm_specent_precond;eeg_fm_lbeta_power_precond;eeg_faa_precond;eeg_tleft_lbeta_power_precond;eeg_fl_theta_power_precond;eeg_ta_ratio_precond;eeg_tb_ratio_precond"
2025-12-19 16:09:07.171868,34,"stress_label",7,8,0.015625,0.47093023255814,0.476744186046512,0.466666666666667,7,"top7","eeg_fm_specent_precond;eeg_fm_lbeta_power_precond;eeg_faa_precond;eeg_tleft_lbeta_power_precond;eeg_fl_theta_power_precond;eeg_ta_ratio_precond;eeg_tb_ratio_precond"
2025-12-19 16:09:07.162845,34,"stress_label",7,16,0.015625,0.47093023255814,0.534883720930233,NA,7,"top7","eeg_fm_specent_precond;eeg_fm_lbeta_power_precond;eeg_faa_precond;eeg_tleft_lbeta_power_precond;eeg_fl_theta_power_precond;eeg_ta_ratio_precond;eeg_tb_ratio_precond"
2025-12-19 16:09:07.205653,34,"stress_label",7,32,0.015625,0.494186046511628,0.482558139534884,0.504651162790698,7,"top7","eeg_fm_specent_precond;eeg_fm_lbeta_power_precond;eeg_faa_precond;eeg_tleft_lbeta_power_precond;eeg_fl_theta_power_precond;eeg_ta_ratio_precond;eeg_tb_ratio_precond"
2025-12-19 16:09:07.246738,34,"stress_label",7,64,0.015625,0.511627906976744,0.482558139534884,0.503875968992248,7,"top7","eeg_fm_specent_precond;eeg_fm_lbeta_power_precond;eeg_faa_precond;eeg_tleft_lbeta_power_precond;eeg_fl_theta_power_precond;eeg_ta_ratio_precond;eeg_tb_ratio_precond"
2025-12-19 16:09:08.334171,34,"stress_label",7,128,0.015625,0.488372093023256,0.383720930232558,0.47984496124031,7,"top7","eeg_fm_specent_precond;eeg_fm_lbeta_power_precond;eeg_faa_precond;eeg_tleft_lbeta_power_precond;eeg_fl_theta_power_precond;eeg_ta_ratio_precond;eeg_tb_ratio_precond"
2025-12-19 16:09:08.600479,34,"stress_label",7,256,0.015625,0.511627906976744,0.447674418604651,0.503875968992248,7,"top7","eeg_fm_specent_precond;eeg_fm_lbeta_power_precond;eeg_faa_precond;eeg_tleft_lbeta_power_precond;eeg_fl_theta_power_precond;eeg_ta_ratio_precond;eeg_tb_ratio_precond"
2025-12-19 16:09:08.222749,34,"stress_label",7,2,0.03125,0.465116279069767,0.523255813953488,0.454263565891473,7,"top7","eeg_fm_specent_precond;eeg_fm_lbeta_power_precond;eeg_faa_precond;eeg_tleft_lbeta_power_precond;eeg_fl_theta_power_precond;eeg_ta_ratio_precond;eeg_tb_ratio_precond"
2025-12-19 16:09:08.22635,34,"stress_label",7,4,0.03125,0.482558139534884,0.476744186046512,NA,7,"top7","eeg_fm_specent_precond;eeg_fm_lbeta_power_precond;eeg_faa_precond;eeg_tleft_lbeta_power_precond;eeg_fl_theta_power_precond;eeg_ta_ratio_precond;eeg_tb_ratio_precond"
2025-12-19 16:09:08.253874,34,"stress_label",7,8,0.03125,0.5,0.47093023255814,0.506976744186047,7,"top7","eeg_fm_specent_precond;eeg_fm_lbeta_power_precond;eeg_faa_precond;eeg_tleft_lbeta_power_precond;eeg_fl_theta_power_precond;eeg_ta_ratio_precond;eeg_tb_ratio_precond"
2025-12-19 16:09:08.277536,34,"stress_label",7,16,0.03125,0.494186046511628,0.395348837209302,0.495348837209302,7,"top7","eeg_fm_specent_precond;eeg_fm_lbeta_power_precond;eeg_faa_precond;eeg_tleft_lbeta_power_precond;eeg_fl_theta_power_precond;eeg_ta_ratio_precond;eeg_tb_ratio_precond"
2025-12-19 16:09:08.31618,34,"stress_label",7,32,0.03125,0.494186046511628,0.401162790697674,0.491472868217054,7,"top7","eeg_fm_specent_precond;eeg_fm_lbeta_power_precond;eeg_faa_precond;eeg_tleft_lbeta_power_precond;eeg_fl_theta_power_precond;eeg_ta_ratio_precond;eeg_tb_ratio_precond"
2025-12-19 16:09:08.388581,34,"stress_label",7,64,0.03125,0.505813953488372,0.412790697674419,0.494573643410853,7,"top7","eeg_fm_specent_precond;eeg_fm_lbeta_power_precond;eeg_faa_precond;eeg_tleft_lbeta_power_precond;eeg_fl_theta_power_precond;eeg_ta_ratio_precond;eeg_tb_ratio_precond"
2025-12-19 16:09:08.587696,34,"stress_label",7,128,0.03125,0.488372093023256,0.430232558139535,NA,7,"top7","eeg_fm_specent_precond;eeg_fm_lbeta_power_precond;eeg_faa_precond;eeg_tleft_lbeta_power_precond;eeg_fl_theta_power_precond;eeg_ta_ratio_precond;eeg_tb_ratio_precond"
2025-12-19 16:09:08.910555,34,"stress_label",7,256,0.03125,0.511627906976744,0.401162790697674,NA,7,"top7","eeg_fm_specent_precond;eeg_fm_lbeta_power_precond;eeg_faa_precond;eeg_tleft_lbeta_power_precond;eeg_fl_theta_power_precond;eeg_ta_ratio_precond;eeg_tb_ratio_precond"
2025-12-19 16:09:08.243706,34,"stress_label",7,2,0.0625,0.488372093023256,0.436046511627907,0.497674418604651,7,"top7","eeg_fm_specent_precond;eeg_fm_lbeta_power_precond;eeg_faa_precond;eeg_tleft_lbeta_power_precond;eeg_fl_theta_power_precond;eeg_ta_ratio_precond;eeg_tb_ratio_precond"
2025-12-19 16:09:08.304793,34,"stress_label",7,4,0.0625,0.482558139534884,0.412790697674419,0.488372093023256,7,"top7","eeg_fm_specent_precond;eeg_fm_lbeta_power_precond;eeg_faa_precond;eeg_tleft_lbeta_power_precond;eeg_fl_theta_power_precond;eeg_ta_ratio_precond;eeg_tb_ratio_precond"
2025-12-19 16:09:08.343006,34,"stress_label",7,8,0.0625,0.5,0.436046511627907,0.493798449612403,7,"top7","eeg_fm_specent_precond;eeg_fm_lbeta_power_precond;eeg_faa_precond;eeg_tleft_lbeta_power_precond;eeg_fl_theta_power_precond;eeg_ta_ratio_precond;eeg_tb_ratio_precond"
2025-12-19 16:09:08.480493,34,"stress_label",7,16,0.0625,0.523255813953488,0.418604651162791,NA,7,"top7","eeg_fm_specent_precond;eeg_fm_lbeta_power_precond;eeg_faa_precond;eeg_tleft_lbeta_power_precond;eeg_fl_theta_power_precond;eeg_ta_ratio_precond;eeg_tb_ratio_precond"
2025-12-19 16:09:09.416875,34,"stress_label",7,32,0.0625,0.488372093023256,0.476744186046512,NA,7,"top7","eeg_fm_specent_precond;eeg_fm_lbeta_power_precond;eeg_faa_precond;eeg_tleft_lbeta_power_precond;eeg_fl_theta_power_precond;eeg_ta_ratio_precond;eeg_tb_ratio_precond"
2025-12-19 16:09:09.570485,34,"stress_label",7,64,0.0625,0.505813953488372,0.406976744186047,NA,7,"top7","eeg_fm_specent_precond;eeg_fm_lbeta_power_precond;eeg_faa_precond;eeg_tleft_lbeta_power_precond;eeg_fl_theta_power_precond;eeg_ta_ratio_precond;eeg_tb_ratio_precond"
2025-12-19 16:09:09.777736,34,"stress_label",7,128,0.0625,0.534883720930233,0.488372093023256,NA,7,"top7","eeg_fm_specent_precond;eeg_fm_lbeta_power_precond;eeg_faa_precond;eeg_tleft_lbeta_power_precond;eeg_fl_theta_power_precond;eeg_ta_ratio_precond;eeg_tb_ratio_precond"
2025-12-19 16:09:10.197458,34,"stress_label",7,256,0.0625,0.523255813953488,0.424418604651163,NA,7,"top7","eeg_fm_specent_precond;eeg_fm_lbeta_power_precond;eeg_faa_precond;eeg_tleft_lbeta_power_precond;eeg_fl_theta_power_precond;eeg_ta_ratio_precond;eeg_tb_ratio_precond"
2025-12-19 16:09:09.335723,34,"stress_label",7,2,0.125,0.5,0.38953488372093,0.50077519379845,7,"top7","eeg_fm_specent_precond;eeg_fm_lbeta_power_precond;eeg_faa_precond;eeg_tleft_lbeta_power_precond;eeg_fl_theta_power_precond;eeg_ta_ratio_precond;eeg_tb_ratio_precond"
2025-12-19 16:09:09.418497,34,"stress_label",7,4,0.125,0.529069767441861,0.418604651162791,NA,7,"top7","eeg_fm_specent_precond;eeg_fm_lbeta_power_precond;eeg_faa_precond;eeg_tleft_lbeta_power_precond;eeg_fl_theta_power_precond;eeg_ta_ratio_precond;eeg_tb_ratio_precond"
2025-12-19 16:09:09.467107,34,"stress_label",7,8,0.125,0.517441860465116,0.412790697674419,NA,7,"top7","eeg_fm_specent_precond;eeg_fm_lbeta_power_precond;eeg_faa_precond;eeg_tleft_lbeta_power_precond;eeg_fl_theta_power_precond;eeg_ta_ratio_precond;eeg_tb_ratio_precond"
2025-12-19 16:09:09.474837,34,"stress_label",7,16,0.125,0.523255813953488,0.325581395348837,NA,7,"top7","eeg_fm_specent_precond;eeg_fm_lbeta_power_precond;eeg_faa_precond;eeg_tleft_lbeta_power_precond;eeg_fl_theta_power_precond;eeg_ta_ratio_precond;eeg_tb_ratio_precond"
2025-12-19 16:09:09.608019,34,"stress_label",7,32,0.125,0.5,0.534883720930233,0.496899224806202,7,"top7","eeg_fm_specent_precond;eeg_fm_lbeta_power_precond;eeg_faa_precond;eeg_tleft_lbeta_power_precond;eeg_fl_theta_power_precond;eeg_ta_ratio_precond;eeg_tb_ratio_precond"
2025-12-19 16:09:09.826143,34,"stress_label",7,64,0.125,0.459302325581395,0.5,NA,7,"top7","eeg_fm_specent_precond;eeg_fm_lbeta_power_precond;eeg_faa_precond;eeg_tleft_lbeta_power_precond;eeg_fl_theta_power_precond;eeg_ta_ratio_precond;eeg_tb_ratio_precond"
2025-12-19 16:09:10.100036,34,"stress_label",7,128,0.125,0.447674418604651,0.459302325581395,NA,7,"top7","eeg_fm_specent_precond;eeg_fm_lbeta_power_precond;eeg_faa_precond;eeg_tleft_lbeta_power_precond;eeg_fl_theta_power_precond;eeg_ta_ratio_precond;eeg_tb_ratio_precond"
2025-12-19 16:09:10.510302,34,"stress_label",7,256,0.125,0.494186046511628,0.441860465116279,NA,7,"top7","eeg_fm_specent_precond;eeg_fm_lbeta_power_precond;eeg_faa_precond;eeg_tleft_lbeta_power_precond;eeg_fl_theta_power_precond;eeg_ta_ratio_precond;eeg_tb_ratio_precond"
2025-12-19 16:09:09.65927,34,"stress_label",7,2,0.03,0.459302325581395,0.476744186046512,0.450387596899225,7,"top7","eeg_fm_specent_precond;eeg_fm_lbeta_power_precond;eeg_faa_precond;eeg_tleft_lbeta_power_precond;eeg_fl_theta_power_precond;eeg_ta_ratio_precond;eeg_tb_ratio_precond"
2025-12-19 16:09:10.009051,34,"stress_label",7,4,0.03,0.482558139534884,0.459302325581395,NA,7,"top7","eeg_fm_specent_precond;eeg_fm_lbeta_power_precond;eeg_faa_precond;eeg_tleft_lbeta_power_precond;eeg_fl_theta_power_precond;eeg_ta_ratio_precond;eeg_tb_ratio_precond"
2025-12-19 16:09:10.403085,34,"stress_label",7,8,0.03,0.5,0.412790697674419,0.506976744186047,7,"top7","eeg_fm_specent_precond;eeg_fm_lbeta_power_precond;eeg_faa_precond;eeg_tleft_lbeta_power_precond;eeg_fl_theta_power_precond;eeg_ta_ratio_precond;eeg_tb_ratio_precond"
2025-12-19 16:09:10.499665,34,"stress_label",7,16,0.03,0.494186046511628,0.441860465116279,0.50077519379845,7,"top7","eeg_fm_specent_precond;eeg_fm_lbeta_power_precond;eeg_faa_precond;eeg_tleft_lbeta_power_precond;eeg_fl_theta_power_precond;eeg_ta_ratio_precond;eeg_tb_ratio_precond"
2025-12-19 16:09:10.520477,34,"stress_label",7,32,0.03,0.488372093023256,0.441860465116279,0.47984496124031,7,"top7","eeg_fm_specent_precond;eeg_fm_lbeta_power_precond;eeg_faa_precond;eeg_tleft_lbeta_power_precond;eeg_fl_theta_power_precond;eeg_ta_ratio_precond;eeg_tb_ratio_precond"
2025-12-19 16:09:10.64113,34,"stress_label",7,64,0.03,0.517441860465116,0.436046511627907,0.511627906976744,7,"top7","eeg_fm_specent_precond;eeg_fm_lbeta_power_precond;eeg_faa_precond;eeg_tleft_lbeta_power_precond;eeg_fl_theta_power_precond;eeg_ta_ratio_precond;eeg_tb_ratio_precond"
2025-12-19 16:09:10.810382,34,"stress_label",7,128,0.03,0.494186046511628,0.401162790697674,NA,7,"top7","eeg_fm_specent_precond;eeg_fm_lbeta_power_precond;eeg_faa_precond;eeg_tleft_lbeta_power_precond;eeg_fl_theta_power_precond;eeg_ta_ratio_precond;eeg_tb_ratio_precond"
2025-12-19 16:09:11.249638,34,"stress_label",7,256,0.03,0.511627906976744,0.418604651162791,NA,7,"top7","eeg_fm_specent_precond;eeg_fm_lbeta_power_precond;eeg_faa_precond;eeg_tleft_lbeta_power_precond;eeg_fl_theta_power_precond;eeg_ta_ratio_precond;eeg_tb_ratio_precond"
2025-12-19 16:09:10.593272,34,"stress_label",7,2,0.06,0.482558139534884,0.47093023255814,0.493798449612403,7,"top7","eeg_fm_specent_precond;eeg_fm_lbeta_power_precond;eeg_faa_precond;eeg_tleft_lbeta_power_precond;eeg_fl_theta_power_precond;eeg_ta_ratio_precond;eeg_tb_ratio_precond"
2025-12-19 16:09:10.714873,34,"stress_label",7,4,0.06,0.482558139534884,0.459302325581395,0.488372093023256,7,"top7","eeg_fm_specent_precond;eeg_fm_lbeta_power_precond;eeg_faa_precond;eeg_tleft_lbeta_power_precond;eeg_fl_theta_power_precond;eeg_ta_ratio_precond;eeg_tb_ratio_precond"
2025-12-19 16:09:10.837192,34,"stress_label",7,8,0.06,0.505813953488372,0.38953488372093,0.496124031007752,7,"top7","eeg_fm_specent_precond;eeg_fm_lbeta_power_precond;eeg_faa_precond;eeg_tleft_lbeta_power_precond;eeg_fl_theta_power_precond;eeg_ta_ratio_precond;eeg_tb_ratio_precond"
2025-12-19 16:09:10.950483,34,"stress_label",7,16,0.06,0.517441860465116,0.418604651162791,NA,7,"top7","eeg_fm_specent_precond;eeg_fm_lbeta_power_precond;eeg_faa_precond;eeg_tleft_lbeta_power_precond;eeg_fl_theta_power_precond;eeg_ta_ratio_precond;eeg_tb_ratio_precond"
2025-12-19 16:09:11.184028,34,"stress_label",7,32,0.06,0.505813953488372,0.453488372093023,NA,7,"top7","eeg_fm_specent_precond;eeg_fm_lbeta_power_precond;eeg_faa_precond;eeg_tleft_lbeta_power_precond;eeg_fl_theta_power_precond;eeg_ta_ratio_precond;eeg_tb_ratio_precond"
2025-12-19 16:09:11.419061,34,"stress_label",7,64,0.06,0.488372093023256,0.313953488372093,NA,7,"top7","eeg_fm_specent_precond;eeg_fm_lbeta_power_precond;eeg_faa_precond;eeg_tleft_lbeta_power_precond;eeg_fl_theta_power_precond;eeg_ta_ratio_precond;eeg_tb_ratio_precond"
2025-12-19 16:09:11.687388,34,"stress_label",7,128,0.06,0.517441860465116,0.447674418604651,NA,7,"top7","eeg_fm_specent_precond;eeg_fm_lbeta_power_precond;eeg_faa_precond;eeg_tleft_lbeta_power_precond;eeg_fl_theta_power_precond;eeg_ta_ratio_precond;eeg_tb_ratio_precond"
2025-12-19 16:09:11.998498,34,"stress_label",7,256,0.06,0.523255813953488,0.453488372093023,NA,7,"top7","eeg_fm_specent_precond;eeg_fm_lbeta_power_precond;eeg_faa_precond;eeg_tleft_lbeta_power_precond;eeg_fl_theta_power_precond;eeg_ta_ratio_precond;eeg_tb_ratio_precond"
2025-12-19 16:09:11.504461,34,"stress_label",7,2,0.1,0.523255813953488,0.366279069767442,0.53953488372093,7,"top7","eeg_fm_specent_precond;eeg_fm_lbeta_power_precond;eeg_faa_precond;eeg_tleft_lbeta_power_precond;eeg_fl_theta_power_precond;eeg_ta_ratio_precond;eeg_tb_ratio_precond"
2025-12-19 16:09:11.508125,34,"stress_label",7,4,0.1,0.511627906976744,0.418604651162791,0.51937984496124,7,"top7","eeg_fm_specent_precond;eeg_fm_lbeta_power_precond;eeg_faa_precond;eeg_tleft_lbeta_power_precond;eeg_fl_theta_power_precond;eeg_ta_ratio_precond;eeg_tb_ratio_precond"
2025-12-19 16:09:11.55983,34,"stress_label",7,8,0.1,0.523255813953488,0.383720930232558,NA,7,"top7","eeg_fm_specent_precond;eeg_fm_lbeta_power_precond;eeg_faa_precond;eeg_tleft_lbeta_power_precond;eeg_fl_theta_power_precond;eeg_ta_ratio_precond;eeg_tb_ratio_precond"
2025-12-19 16:09:11.649856,34,"stress_label",7,16,0.1,0.505813953488372,0.395348837209302,NA,7,"top7","eeg_fm_specent_precond;eeg_fm_lbeta_power_precond;eeg_faa_precond;eeg_tleft_lbeta_power_precond;eeg_fl_theta_power_precond;eeg_ta_ratio_precond;eeg_tb_ratio_precond"
2025-12-19 16:09:11.714271,34,"stress_label",7,32,0.1,0.517441860465116,0.418604651162791,NA,7,"top7","eeg_fm_specent_precond;eeg_fm_lbeta_power_precond;eeg_faa_precond;eeg_tleft_lbeta_power_precond;eeg_fl_theta_power_precond;eeg_ta_ratio_precond;eeg_tb_ratio_precond"
2025-12-19 16:09:11.867072,34,"stress_label",7,64,0.1,0.511627906976744,0.436046511627907,0.503875968992248,7,"top7","eeg_fm_specent_precond;eeg_fm_lbeta_power_precond;eeg_faa_precond;eeg_tleft_lbeta_power_precond;eeg_fl_theta_power_precond;eeg_ta_ratio_precond;eeg_tb_ratio_precond"
2025-12-19 16:09:12.054058,34,"stress_label",7,128,0.1,0.459302325581395,0.47093023255814,NA,7,"top7","eeg_fm_specent_precond;eeg_fm_lbeta_power_precond;eeg_faa_precond;eeg_tleft_lbeta_power_precond;eeg_fl_theta_power_precond;eeg_ta_ratio_precond;eeg_tb_ratio_precond"
2025-12-19 16:09:12.331798,34,"stress_label",7,256,0.1,0.441860465116279,0.482558139534884,NA,7,"top7","eeg_fm_specent_precond;eeg_fm_lbeta_power_precond;eeg_faa_precond;eeg_tleft_lbeta_power_precond;eeg_fl_theta_power_precond;eeg_ta_ratio_precond;eeg_tb_ratio_precond"
2025-12-19 16:09:13.650691,35,"stress_label",7,2,0.0078125,0.441860465116279,0.563953488372093,0.421705426356589,7,"top7","eeg_fm_lbeta_power_precond;eeg_fl_theta_power_precond;eeg_faa_precond;eeg_tleft_lbeta_power_precond;eeg_pleft_halpha_power_precond;eeg_ta_ratio_precond;eeg_tleft_lalpha_power_precond"
2025-12-19 16:09:13.603399,35,"stress_label",7,4,0.0078125,0.430232558139535,0.546511627906977,0.432558139534884,7,"top7","eeg_fm_lbeta_power_precond;eeg_fl_theta_power_precond;eeg_faa_precond;eeg_tleft_lbeta_power_precond;eeg_pleft_halpha_power_precond;eeg_ta_ratio_precond;eeg_tleft_lalpha_power_precond"
2025-12-19 16:09:13.555028,35,"stress_label",7,8,0.0078125,0.424418604651163,0.523255813953488,0.432558139534884,7,"top7","eeg_fm_lbeta_power_precond;eeg_fl_theta_power_precond;eeg_faa_precond;eeg_tleft_lbeta_power_precond;eeg_pleft_halpha_power_precond;eeg_ta_ratio_precond;eeg_tleft_lalpha_power_precond"
2025-12-19 16:09:13.592305,35,"stress_label",7,16,0.0078125,0.38953488372093,0.563953488372093,0.363565891472868,7,"top7","eeg_fm_lbeta_power_precond;eeg_fl_theta_power_precond;eeg_faa_precond;eeg_tleft_lbeta_power_precond;eeg_pleft_halpha_power_precond;eeg_ta_ratio_precond;eeg_tleft_lalpha_power_precond"
2025-12-19 16:09:13.611881,35,"stress_label",7,32,0.0078125,0.406976744186047,0.494186046511628,0.389147286821705,7,"top7","eeg_fm_lbeta_power_precond;eeg_fl_theta_power_precond;eeg_faa_precond;eeg_tleft_lbeta_power_precond;eeg_pleft_halpha_power_precond;eeg_ta_ratio_precond;eeg_tleft_lalpha_power_precond"
2025-12-19 16:09:13.642765,35,"stress_label",7,64,0.0078125,0.424418604651163,0.575581395348837,NA,7,"top7","eeg_fm_lbeta_power_precond;eeg_fl_theta_power_precond;eeg_faa_precond;eeg_tleft_lbeta_power_precond;eeg_pleft_halpha_power_precond;eeg_ta_ratio_precond;eeg_tleft_lalpha_power_precond"
2025-12-19 16:09:13.71363,35,"stress_label",7,128,0.0078125,0.494186046511628,0.447674418604651,NA,7,"top7","eeg_fm_lbeta_power_precond;eeg_fl_theta_power_precond;eeg_faa_precond;eeg_tleft_lbeta_power_precond;eeg_pleft_halpha_power_precond;eeg_ta_ratio_precond;eeg_tleft_lalpha_power_precond"
2025-12-19 16:09:13.766122,35,"stress_label",7,256,0.0078125,0.494186046511628,0.395348837209302,NA,7,"top7","eeg_fm_lbeta_power_precond;eeg_fl_theta_power_precond;eeg_faa_precond;eeg_tleft_lbeta_power_precond;eeg_pleft_halpha_power_precond;eeg_ta_ratio_precond;eeg_tleft_lalpha_power_precond"
2025-12-19 16:09:13.608007,35,"stress_label",7,2,0.015625,0.424418604651163,0.5,0.428682170542636,7,"top7","eeg_fm_lbeta_power_precond;eeg_fl_theta_power_precond;eeg_faa_precond;eeg_tleft_lbeta_power_precond;eeg_pleft_halpha_power_precond;eeg_ta_ratio_precond;eeg_tleft_lalpha_power_precond"
2025-12-19 16:09:13.623199,35,"stress_label",7,4,0.015625,0.412790697674419,0.5,0.418604651162791,7,"top7","eeg_fm_lbeta_power_precond;eeg_fl_theta_power_precond;eeg_faa_precond;eeg_tleft_lbeta_power_precond;eeg_pleft_halpha_power_precond;eeg_ta_ratio_precond;eeg_tleft_lalpha_power_precond"
2025-12-19 16:09:13.605559,35,"stress_label",7,8,0.015625,0.36046511627907,0.558139534883721,NA,7,"top7","eeg_fm_lbeta_power_precond;eeg_fl_theta_power_precond;eeg_faa_precond;eeg_tleft_lbeta_power_precond;eeg_pleft_halpha_power_precond;eeg_ta_ratio_precond;eeg_tleft_lalpha_power_precond"
2025-12-19 16:09:13.585495,35,"stress_label",7,16,0.015625,0.401162790697674,0.569767441860465,0.388372093023256,7,"top7","eeg_fm_lbeta_power_precond;eeg_fl_theta_power_precond;eeg_faa_precond;eeg_tleft_lbeta_power_precond;eeg_pleft_halpha_power_precond;eeg_ta_ratio_precond;eeg_tleft_lalpha_power_precond"
2025-12-19 16:09:13.627993,35,"stress_label",7,32,0.015625,0.482558139534884,0.430232558139535,NA,7,"top7","eeg_fm_lbeta_power_precond;eeg_fl_theta_power_precond;eeg_faa_precond;eeg_tleft_lbeta_power_precond;eeg_pleft_halpha_power_precond;eeg_ta_ratio_precond;eeg_tleft_lalpha_power_precond"
2025-12-19 16:09:13.707348,35,"stress_label",7,64,0.015625,0.488372093023256,0.534883720930233,NA,7,"top7","eeg_fm_lbeta_power_precond;eeg_fl_theta_power_precond;eeg_faa_precond;eeg_tleft_lbeta_power_precond;eeg_pleft_halpha_power_precond;eeg_ta_ratio_precond;eeg_tleft_lalpha_power_precond"
2025-12-19 16:09:14.828835,35,"stress_label",7,128,0.015625,0.488372093023256,0.313953488372093,NA,7,"top7","eeg_fm_lbeta_power_precond;eeg_fl_theta_power_precond;eeg_faa_precond;eeg_tleft_lbeta_power_precond;eeg_pleft_halpha_power_precond;eeg_ta_ratio_precond;eeg_tleft_lalpha_power_precond"
2025-12-19 16:09:14.968862,35,"stress_label",7,256,0.015625,0.488372093023256,0.406976744186047,0.47984496124031,7,"top7","eeg_fm_lbeta_power_precond;eeg_fl_theta_power_precond;eeg_faa_precond;eeg_tleft_lbeta_power_precond;eeg_pleft_halpha_power_precond;eeg_ta_ratio_precond;eeg_tleft_lalpha_power_precond"
2025-12-19 16:09:14.716363,35,"stress_label",7,2,0.03125,0.418604651162791,0.523255813953488,NA,7,"top7","eeg_fm_lbeta_power_precond;eeg_fl_theta_power_precond;eeg_faa_precond;eeg_tleft_lbeta_power_precond;eeg_pleft_halpha_power_precond;eeg_ta_ratio_precond;eeg_tleft_lalpha_power_precond"
2025-12-19 16:09:14.685851,35,"stress_label",7,4,0.03125,0.401162790697674,0.558139534883721,0.393023255813953,7,"top7","eeg_fm_lbeta_power_precond;eeg_fl_theta_power_precond;eeg_faa_precond;eeg_tleft_lbeta_power_precond;eeg_pleft_halpha_power_precond;eeg_ta_ratio_precond;eeg_tleft_lalpha_power_precond"
2025-12-19 16:09:14.704118,35,"stress_label",7,8,0.03125,0.476744186046512,0.488372093023256,NA,7,"top7","eeg_fm_lbeta_power_precond;eeg_fl_theta_power_precond;eeg_faa_precond;eeg_tleft_lbeta_power_precond;eeg_pleft_halpha_power_precond;eeg_ta_ratio_precond;eeg_tleft_lalpha_power_precond"
2025-12-19 16:09:14.748865,35,"stress_label",7,16,0.03125,0.482558139534884,0.430232558139535,0.481395348837209,7,"top7","eeg_fm_lbeta_power_precond;eeg_fl_theta_power_precond;eeg_faa_precond;eeg_tleft_lbeta_power_precond;eeg_pleft_halpha_power_precond;eeg_ta_ratio_precond;eeg_tleft_lalpha_power_precond"
2025-12-19 16:09:14.721333,35,"stress_label",7,32,0.03125,0.505813953488372,0.424418604651163,0.496899224806202,7,"top7","eeg_fm_lbeta_power_precond;eeg_fl_theta_power_precond;eeg_faa_precond;eeg_tleft_lbeta_power_precond;eeg_pleft_halpha_power_precond;eeg_ta_ratio_precond;eeg_tleft_lalpha_power_precond"
2025-12-19 16:09:14.835963,35,"stress_label",7,64,0.03125,0.494186046511628,0.406976744186047,0.47984496124031,7,"top7","eeg_fm_lbeta_power_precond;eeg_fl_theta_power_precond;eeg_faa_precond;eeg_tleft_lbeta_power_precond;eeg_pleft_halpha_power_precond;eeg_ta_ratio_precond;eeg_tleft_lalpha_power_precond"
2025-12-19 16:09:15.006819,35,"stress_label",7,128,0.03125,0.47093023255814,0.383720930232558,NA,7,"top7","eeg_fm_lbeta_power_precond;eeg_fl_theta_power_precond;eeg_faa_precond;eeg_tleft_lbeta_power_precond;eeg_pleft_halpha_power_precond;eeg_ta_ratio_precond;eeg_tleft_lalpha_power_precond"
2025-12-19 16:09:15.293369,35,"stress_label",7,256,0.03125,0.494186046511628,0.383720930232558,NA,7,"top7","eeg_fm_lbeta_power_precond;eeg_fl_theta_power_precond;eeg_faa_precond;eeg_tleft_lbeta_power_precond;eeg_pleft_halpha_power_precond;eeg_ta_ratio_precond;eeg_tleft_lalpha_power_precond"
2025-12-19 16:09:14.73374,35,"stress_label",7,2,0.0625,0.465116279069767,0.447674418604651,NA,7,"top7","eeg_fm_lbeta_power_precond;eeg_fl_theta_power_precond;eeg_faa_precond;eeg_tleft_lbeta_power_precond;eeg_pleft_halpha_power_precond;eeg_ta_ratio_precond;eeg_tleft_lalpha_power_precond"
2025-12-19 16:09:14.789941,35,"stress_label",7,4,0.0625,0.488372093023256,0.436046511627907,0.483720930232558,7,"top7","eeg_fm_lbeta_power_precond;eeg_fl_theta_power_precond;eeg_faa_precond;eeg_tleft_lbeta_power_precond;eeg_pleft_halpha_power_precond;eeg_ta_ratio_precond;eeg_tleft_lalpha_power_precond"
2025-12-19 16:09:14.813963,35,"stress_label",7,8,0.0625,0.517441860465116,0.348837209302326,0.511627906976744,7,"top7","eeg_fm_lbeta_power_precond;eeg_fl_theta_power_precond;eeg_faa_precond;eeg_tleft_lbeta_power_precond;eeg_pleft_halpha_power_precond;eeg_ta_ratio_precond;eeg_tleft_lalpha_power_precond"
2025-12-19 16:09:14.902272,35,"stress_label",7,16,0.0625,0.488372093023256,0.465116279069767,NA,7,"top7","eeg_fm_lbeta_power_precond;eeg_fl_theta_power_precond;eeg_faa_precond;eeg_tleft_lbeta_power_precond;eeg_pleft_halpha_power_precond;eeg_ta_ratio_precond;eeg_tleft_lalpha_power_precond"
2025-12-19 16:09:15.889197,35,"stress_label",7,32,0.0625,0.459302325581395,0.430232558139535,NA,7,"top7","eeg_fm_lbeta_power_precond;eeg_fl_theta_power_precond;eeg_faa_precond;eeg_tleft_lbeta_power_precond;eeg_pleft_halpha_power_precond;eeg_ta_ratio_precond;eeg_tleft_lalpha_power_precond"
2025-12-19 16:09:15.970026,35,"stress_label",7,64,0.0625,0.5,0.505813953488372,NA,7,"top7","eeg_fm_lbeta_power_precond;eeg_fl_theta_power_precond;eeg_faa_precond;eeg_tleft_lbeta_power_precond;eeg_pleft_halpha_power_precond;eeg_ta_ratio_precond;eeg_tleft_lalpha_power_precond"
2025-12-19 16:09:16.237478,35,"stress_label",7,128,0.0625,0.505813953488372,0.540697674418605,NA,7,"top7","eeg_fm_lbeta_power_precond;eeg_fl_theta_power_precond;eeg_faa_precond;eeg_tleft_lbeta_power_precond;eeg_pleft_halpha_power_precond;eeg_ta_ratio_precond;eeg_tleft_lalpha_power_precond"
2025-12-19 16:09:16.637747,35,"stress_label",7,256,0.0625,0.505813953488372,0.505813953488372,NA,7,"top7","eeg_fm_lbeta_power_precond;eeg_fl_theta_power_precond;eeg_faa_precond;eeg_tleft_lbeta_power_precond;eeg_pleft_halpha_power_precond;eeg_ta_ratio_precond;eeg_tleft_lalpha_power_precond"
2025-12-19 16:09:15.804742,35,"stress_label",7,2,0.125,0.511627906976744,0.441860465116279,0.522480620155039,7,"top7","eeg_fm_lbeta_power_precond;eeg_fl_theta_power_precond;eeg_faa_precond;eeg_tleft_lbeta_power_precond;eeg_pleft_halpha_power_precond;eeg_ta_ratio_precond;eeg_tleft_lalpha_power_precond"
2025-12-19 16:09:15.804131,35,"stress_label",7,4,0.125,0.494186046511628,0.441860465116279,NA,7,"top7","eeg_fm_lbeta_power_precond;eeg_fl_theta_power_precond;eeg_faa_precond;eeg_tleft_lbeta_power_precond;eeg_pleft_halpha_power_precond;eeg_ta_ratio_precond;eeg_tleft_lalpha_power_precond"
2025-12-19 16:09:15.92562,35,"stress_label",7,8,0.125,0.447674418604651,0.436046511627907,NA,7,"top7","eeg_fm_lbeta_power_precond;eeg_fl_theta_power_precond;eeg_faa_precond;eeg_tleft_lbeta_power_precond;eeg_pleft_halpha_power_precond;eeg_ta_ratio_precond;eeg_tleft_lalpha_power_precond"
2025-12-19 16:09:15.955178,35,"stress_label",7,16,0.125,0.523255813953488,0.505813953488372,0.528682170542636,7,"top7","eeg_fm_lbeta_power_precond;eeg_fl_theta_power_precond;eeg_faa_precond;eeg_tleft_lbeta_power_precond;eeg_pleft_halpha_power_precond;eeg_ta_ratio_precond;eeg_tleft_lalpha_power_precond"
2025-12-19 16:09:16.044491,35,"stress_label",7,32,0.125,0.517441860465116,0.47093023255814,0.532558139534884,7,"top7","eeg_fm_lbeta_power_precond;eeg_fl_theta_power_precond;eeg_faa_precond;eeg_tleft_lbeta_power_precond;eeg_pleft_halpha_power_precond;eeg_ta_ratio_precond;eeg_tleft_lalpha_power_precond"
2025-12-19 16:09:16.193805,35,"stress_label",7,64,0.125,0.540697674418605,0.534883720930233,0.533333333333333,7,"top7","eeg_fm_lbeta_power_precond;eeg_fl_theta_power_precond;eeg_faa_precond;eeg_tleft_lbeta_power_precond;eeg_pleft_halpha_power_precond;eeg_ta_ratio_precond;eeg_tleft_lalpha_power_precond"
2025-12-19 16:09:16.440307,35,"stress_label",7,128,0.125,0.488372093023256,0.540697674418605,NA,7,"top7","eeg_fm_lbeta_power_precond;eeg_fl_theta_power_precond;eeg_faa_precond;eeg_tleft_lbeta_power_precond;eeg_pleft_halpha_power_precond;eeg_ta_ratio_precond;eeg_tleft_lalpha_power_precond"
2025-12-19 16:09:16.679222,35,"stress_label",7,256,0.125,0.5,0.505813953488372,NA,7,"top7","eeg_fm_lbeta_power_precond;eeg_fl_theta_power_precond;eeg_faa_precond;eeg_tleft_lbeta_power_precond;eeg_pleft_halpha_power_precond;eeg_ta_ratio_precond;eeg_tleft_lalpha_power_precond"
2025-12-19 16:09:16.069564,35,"stress_label",7,2,0.03,0.406976744186047,0.505813953488372,0.404651162790698,7,"top7","eeg_fm_lbeta_power_precond;eeg_fl_theta_power_precond;eeg_faa_precond;eeg_tleft_lbeta_power_precond;eeg_pleft_halpha_power_precond;eeg_ta_ratio_precond;eeg_tleft_lalpha_power_precond"
2025-12-19 16:09:16.325538,35,"stress_label",7,4,0.03,0.406976744186047,0.581395348837209,0.402325581395349,7,"top7","eeg_fm_lbeta_power_precond;eeg_fl_theta_power_precond;eeg_faa_precond;eeg_tleft_lbeta_power_precond;eeg_pleft_halpha_power_precond;eeg_ta_ratio_precond;eeg_tleft_lalpha_power_precond"
2025-12-19 16:09:16.899248,35,"stress_label",7,8,0.03,0.482558139534884,0.441860465116279,NA,7,"top7","eeg_fm_lbeta_power_precond;eeg_fl_theta_power_precond;eeg_faa_precond;eeg_tleft_lbeta_power_precond;eeg_pleft_halpha_power_precond;eeg_ta_ratio_precond;eeg_tleft_lalpha_power_precond"
2025-12-19 16:09:16.887235,35,"stress_label",7,16,0.03,0.482558139534884,0.325581395348837,0.481395348837209,7,"top7","eeg_fm_lbeta_power_precond;eeg_fl_theta_power_precond;eeg_faa_precond;eeg_tleft_lbeta_power_precond;eeg_pleft_halpha_power_precond;eeg_ta_ratio_precond;eeg_tleft_lalpha_power_precond"
2025-12-19 16:09:17.005932,35,"stress_label",7,32,0.03,0.505813953488372,0.348837209302326,0.496899224806202,7,"top7","eeg_fm_lbeta_power_precond;eeg_fl_theta_power_precond;eeg_faa_precond;eeg_tleft_lbeta_power_precond;eeg_pleft_halpha_power_precond;eeg_ta_ratio_precond;eeg_tleft_lalpha_power_precond"
2025-12-19 16:09:17.136192,35,"stress_label",7,64,0.03,0.482558139534884,0.488372093023256,0.468217054263566,7,"top7","eeg_fm_lbeta_power_precond;eeg_fl_theta_power_precond;eeg_faa_precond;eeg_tleft_lbeta_power_precond;eeg_pleft_halpha_power_precond;eeg_ta_ratio_precond;eeg_tleft_lalpha_power_precond"
2025-12-19 16:09:17.311547,35,"stress_label",7,128,0.03,0.482558139534884,0.38953488372093,NA,7,"top7","eeg_fm_lbeta_power_precond;eeg_fl_theta_power_precond;eeg_faa_precond;eeg_tleft_lbeta_power_precond;eeg_pleft_halpha_power_precond;eeg_ta_ratio_precond;eeg_tleft_lalpha_power_precond"
2025-12-19 16:09:17.538833,35,"stress_label",7,256,0.03,0.5,0.395348837209302,NA,7,"top7","eeg_fm_lbeta_power_precond;eeg_fl_theta_power_precond;eeg_faa_precond;eeg_tleft_lbeta_power_precond;eeg_pleft_halpha_power_precond;eeg_ta_ratio_precond;eeg_tleft_lalpha_power_precond"
2025-12-19 16:09:17.12536,35,"stress_label",7,2,0.06,0.453488372093023,0.488372093023256,NA,7,"top7","eeg_fm_lbeta_power_precond;eeg_fl_theta_power_precond;eeg_faa_precond;eeg_tleft_lbeta_power_precond;eeg_pleft_halpha_power_precond;eeg_ta_ratio_precond;eeg_tleft_lalpha_power_precond"
2025-12-19 16:09:17.083741,35,"stress_label",7,4,0.06,0.5,0.424418604651163,0.490697674418605,7,"top7","eeg_fm_lbeta_power_precond;eeg_fl_theta_power_precond;eeg_faa_precond;eeg_tleft_lbeta_power_precond;eeg_pleft_halpha_power_precond;eeg_ta_ratio_precond;eeg_tleft_lalpha_power_precond"
2025-12-19 16:09:17.273034,35,"stress_label",7,8,0.06,0.511627906976744,0.308139534883721,0.507751937984496,7,"top7","eeg_fm_lbeta_power_precond;eeg_fl_theta_power_precond;eeg_faa_precond;eeg_tleft_lbeta_power_precond;eeg_pleft_halpha_power_precond;eeg_ta_ratio_precond;eeg_tleft_lalpha_power_precond"
2025-12-19 16:09:17.373351,35,"stress_label",7,16,0.06,0.511627906976744,0.459302325581395,NA,7,"top7","eeg_fm_lbeta_power_precond;eeg_fl_theta_power_precond;eeg_faa_precond;eeg_tleft_lbeta_power_precond;eeg_pleft_halpha_power_precond;eeg_ta_ratio_precond;eeg_tleft_lalpha_power_precond"
2025-12-19 16:09:17.507231,35,"stress_label",7,32,0.06,0.459302325581395,0.383720930232558,NA,7,"top7","eeg_fm_lbeta_power_precond;eeg_fl_theta_power_precond;eeg_faa_precond;eeg_tleft_lbeta_power_precond;eeg_pleft_halpha_power_precond;eeg_ta_ratio_precond;eeg_tleft_lalpha_power_precond"
2025-12-19 16:09:17.749906,35,"stress_label",7,64,0.06,0.488372093023256,0.453488372093023,NA,7,"top7","eeg_fm_lbeta_power_precond;eeg_fl_theta_power_precond;eeg_faa_precond;eeg_tleft_lbeta_power_precond;eeg_pleft_halpha_power_precond;eeg_ta_ratio_precond;eeg_tleft_lalpha_power_precond"
2025-12-19 16:09:18.038583,35,"stress_label",7,128,0.06,0.511627906976744,0.494186046511628,NA,7,"top7","eeg_fm_lbeta_power_precond;eeg_fl_theta_power_precond;eeg_faa_precond;eeg_tleft_lbeta_power_precond;eeg_pleft_halpha_power_precond;eeg_ta_ratio_precond;eeg_tleft_lalpha_power_precond"
2025-12-19 16:09:18.373753,35,"stress_label",7,256,0.06,0.511627906976744,0.563953488372093,NA,7,"top7","eeg_fm_lbeta_power_precond;eeg_fl_theta_power_precond;eeg_faa_precond;eeg_tleft_lbeta_power_precond;eeg_pleft_halpha_power_precond;eeg_ta_ratio_precond;eeg_tleft_lalpha_power_precond"
2025-12-19 16:09:17.89504,35,"stress_label",7,2,0.1,0.523255813953488,0.424418604651163,0.532558139534884,7,"top7","eeg_fm_lbeta_power_precond;eeg_fl_theta_power_precond;eeg_faa_precond;eeg_tleft_lbeta_power_precond;eeg_pleft_halpha_power_precond;eeg_ta_ratio_precond;eeg_tleft_lalpha_power_precond"
2025-12-19 16:09:17.888739,35,"stress_label",7,4,0.1,0.5,0.401162790697674,0.492248062015504,7,"top7","eeg_fm_lbeta_power_precond;eeg_fl_theta_power_precond;eeg_faa_precond;eeg_tleft_lbeta_power_precond;eeg_pleft_halpha_power_precond;eeg_ta_ratio_precond;eeg_tleft_lalpha_power_precond"
2025-12-19 16:09:18.029715,35,"stress_label",7,8,0.1,0.476744186046512,0.488372093023256,NA,7,"top7","eeg_fm_lbeta_power_precond;eeg_fl_theta_power_precond;eeg_faa_precond;eeg_tleft_lbeta_power_precond;eeg_pleft_halpha_power_precond;eeg_ta_ratio_precond;eeg_tleft_lalpha_power_precond"
2025-12-19 16:09:18.085751,35,"stress_label",7,16,0.1,0.476744186046512,0.459302325581395,NA,7,"top7","eeg_fm_lbeta_power_precond;eeg_fl_theta_power_precond;eeg_faa_precond;eeg_tleft_lbeta_power_precond;eeg_pleft_halpha_power_precond;eeg_ta_ratio_precond;eeg_tleft_lalpha_power_precond"
2025-12-19 16:09:18.164746,35,"stress_label",7,32,0.1,0.517441860465116,0.523255813953488,NA,7,"top7","eeg_fm_lbeta_power_precond;eeg_fl_theta_power_precond;eeg_faa_precond;eeg_tleft_lbeta_power_precond;eeg_pleft_halpha_power_precond;eeg_ta_ratio_precond;eeg_tleft_lalpha_power_precond"
2025-12-19 16:09:18.249802,35,"stress_label",7,64,0.1,0.517441860465116,0.517441860465116,NA,7,"top7","eeg_fm_lbeta_power_precond;eeg_fl_theta_power_precond;eeg_faa_precond;eeg_tleft_lbeta_power_precond;eeg_pleft_halpha_power_precond;eeg_ta_ratio_precond;eeg_tleft_lalpha_power_precond"
2025-12-19 16:09:18.470583,35,"stress_label",7,128,0.1,0.517441860465116,0.529069767441861,0.502325581395349,7,"top7","eeg_fm_lbeta_power_precond;eeg_fl_theta_power_precond;eeg_faa_precond;eeg_tleft_lbeta_power_precond;eeg_pleft_halpha_power_precond;eeg_ta_ratio_precond;eeg_tleft_lalpha_power_precond"
2025-12-19 16:09:18.66671,35,"stress_label",7,256,0.1,0.47093023255814,0.511627906976744,NA,7,"top7","eeg_fm_lbeta_power_precond;eeg_fl_theta_power_precond;eeg_faa_precond;eeg_tleft_lbeta_power_precond;eeg_pleft_halpha_power_precond;eeg_ta_ratio_precond;eeg_tleft_lalpha_power_precond"
2025-12-19 16:09:19.928778,36,"stress_label",7,2,0.0078125,0.447674418604651,0.465116279069767,0.42015503875969,7,"top7","eeg_fm_lbeta_power_precond;eeg_fm_specent_precond;eeg_faa_precond;eeg_tleft_lbeta_power_precond;eeg_fl_theta_power_precond;eeg_fl_specent_precond;eeg_tleft_lalpha_power_precond"
2025-12-19 16:09:19.907391,36,"stress_label",7,4,0.0078125,0.38953488372093,0.511627906976744,0.331782945736434,7,"top7","eeg_fm_lbeta_power_precond;eeg_fm_specent_precond;eeg_faa_precond;eeg_tleft_lbeta_power_precond;eeg_fl_theta_power_precond;eeg_fl_specent_precond;eeg_tleft_lalpha_power_precond"
2025-12-19 16:09:19.985449,36,"stress_label",7,8,0.0078125,0.406976744186047,0.534883720930233,NA,7,"top7","eeg_fm_lbeta_power_precond;eeg_fm_specent_precond;eeg_faa_precond;eeg_tleft_lbeta_power_precond;eeg_fl_theta_power_precond;eeg_fl_specent_precond;eeg_tleft_lalpha_power_precond"
2025-12-19 16:09:19.940578,36,"stress_label",7,16,0.0078125,0.447674418604651,0.38953488372093,0.450387596899225,7,"top7","eeg_fm_lbeta_power_precond;eeg_fm_specent_precond;eeg_faa_precond;eeg_tleft_lbeta_power_precond;eeg_fl_theta_power_precond;eeg_fl_specent_precond;eeg_tleft_lalpha_power_precond"
2025-12-19 16:09:19.943509,36,"stress_label",7,32,0.0078125,0.459302325581395,0.38953488372093,0.446511627906977,7,"top7","eeg_fm_lbeta_power_precond;eeg_fm_specent_precond;eeg_faa_precond;eeg_tleft_lbeta_power_precond;eeg_fl_theta_power_precond;eeg_fl_specent_precond;eeg_tleft_lalpha_power_precond"
2025-12-19 16:09:20.000375,36,"stress_label",7,64,0.0078125,0.430232558139535,0.354651162790698,NA,7,"top7","eeg_fm_lbeta_power_precond;eeg_fm_specent_precond;eeg_faa_precond;eeg_tleft_lbeta_power_precond;eeg_fl_theta_power_precond;eeg_fl_specent_precond;eeg_tleft_lalpha_power_precond"
2025-12-19 16:09:20.035775,36,"stress_label",7,128,0.0078125,0.430232558139535,0.436046511627907,NA,7,"top7","eeg_fm_lbeta_power_precond;eeg_fm_specent_precond;eeg_faa_precond;eeg_tleft_lbeta_power_precond;eeg_fl_theta_power_precond;eeg_fl_specent_precond;eeg_tleft_lalpha_power_precond"
2025-12-19 16:09:20.086306,36,"stress_label",7,256,0.0078125,0.441860465116279,0.465116279069767,NA,7,"top7","eeg_fm_lbeta_power_precond;eeg_fm_specent_precond;eeg_faa_precond;eeg_tleft_lbeta_power_precond;eeg_fl_theta_power_precond;eeg_fl_specent_precond;eeg_tleft_lalpha_power_precond"
2025-12-19 16:09:19.954183,36,"stress_label",7,2,0.015625,0.418604651162791,0.563953488372093,NA,7,"top7","eeg_fm_lbeta_power_precond;eeg_fm_specent_precond;eeg_faa_precond;eeg_tleft_lbeta_power_precond;eeg_fl_theta_power_precond;eeg_fl_specent_precond;eeg_tleft_lalpha_power_precond"
2025-12-19 16:09:19.958928,36,"stress_label",7,4,0.015625,0.418604651162791,0.453488372093023,NA,7,"top7","eeg_fm_lbeta_power_precond;eeg_fm_specent_precond;eeg_faa_precond;eeg_tleft_lbeta_power_precond;eeg_fl_theta_power_precond;eeg_fl_specent_precond;eeg_tleft_lalpha_power_precond"
2025-12-19 16:09:20.020156,36,"stress_label",7,8,0.015625,0.447674418604651,0.476744186046512,NA,7,"top7","eeg_fm_lbeta_power_precond;eeg_fm_specent_precond;eeg_faa_precond;eeg_tleft_lbeta_power_precond;eeg_fl_theta_power_precond;eeg_fl_specent_precond;eeg_tleft_lalpha_power_precond"
2025-12-19 16:09:19.947023,36,"stress_label",7,16,0.015625,0.430232558139535,0.546511627906977,NA,7,"top7","eeg_fm_lbeta_power_precond;eeg_fm_specent_precond;eeg_faa_precond;eeg_tleft_lbeta_power_precond;eeg_fl_theta_power_precond;eeg_fl_specent_precond;eeg_tleft_lalpha_power_precond"
2025-12-19 16:09:19.993751,36,"stress_label",7,32,0.015625,0.430232558139535,0.401162790697674,NA,7,"top7","eeg_fm_lbeta_power_precond;eeg_fm_specent_precond;eeg_faa_precond;eeg_tleft_lbeta_power_precond;eeg_fl_theta_power_precond;eeg_fl_specent_precond;eeg_tleft_lalpha_power_precond"
2025-12-19 16:09:20.023814,36,"stress_label",7,64,0.015625,0.430232558139535,0.366279069767442,NA,7,"top7","eeg_fm_lbeta_power_precond;eeg_fm_specent_precond;eeg_faa_precond;eeg_tleft_lbeta_power_precond;eeg_fl_theta_power_precond;eeg_fl_specent_precond;eeg_tleft_lalpha_power_precond"
2025-12-19 16:09:21.151025,36,"stress_label",7,128,0.015625,0.459302325581395,0.424418604651163,NA,7,"top7","eeg_fm_lbeta_power_precond;eeg_fm_specent_precond;eeg_faa_precond;eeg_tleft_lbeta_power_precond;eeg_fl_theta_power_precond;eeg_fl_specent_precond;eeg_tleft_lalpha_power_precond"
2025-12-19 16:09:21.42085,36,"stress_label",7,256,0.015625,0.488372093023256,0.447674418604651,NA,7,"top7","eeg_fm_lbeta_power_precond;eeg_fm_specent_precond;eeg_faa_precond;eeg_tleft_lbeta_power_precond;eeg_fl_theta_power_precond;eeg_fl_specent_precond;eeg_tleft_lalpha_power_precond"
2025-12-19 16:09:21.014624,36,"stress_label",7,2,0.03125,0.424418604651163,0.523255813953488,NA,7,"top7","eeg_fm_lbeta_power_precond;eeg_fm_specent_precond;eeg_faa_precond;eeg_tleft_lbeta_power_precond;eeg_fl_theta_power_precond;eeg_fl_specent_precond;eeg_tleft_lalpha_power_precond"
2025-12-19 16:09:21.00724,36,"stress_label",7,4,0.03125,0.424418604651163,0.529069767441861,NA,7,"top7","eeg_fm_lbeta_power_precond;eeg_fm_specent_precond;eeg_faa_precond;eeg_tleft_lbeta_power_precond;eeg_fl_theta_power_precond;eeg_fl_specent_precond;eeg_tleft_lalpha_power_precond"
2025-12-19 16:09:21.069975,36,"stress_label",7,8,0.03125,0.424418604651163,0.412790697674419,NA,7,"top7","eeg_fm_lbeta_power_precond;eeg_fm_specent_precond;eeg_faa_precond;eeg_tleft_lbeta_power_precond;eeg_fl_theta_power_precond;eeg_fl_specent_precond;eeg_tleft_lalpha_power_precond"
2025-12-19 16:09:21.068117,36,"stress_label",7,16,0.03125,0.441860465116279,0.38953488372093,NA,7,"top7","eeg_fm_lbeta_power_precond;eeg_fm_specent_precond;eeg_faa_precond;eeg_tleft_lbeta_power_precond;eeg_fl_theta_power_precond;eeg_fl_specent_precond;eeg_tleft_lalpha_power_precond"
2025-12-19 16:09:21.122117,36,"stress_label",7,32,0.03125,0.447674418604651,0.418604651162791,NA,7,"top7","eeg_fm_lbeta_power_precond;eeg_fm_specent_precond;eeg_faa_precond;eeg_tleft_lbeta_power_precond;eeg_fl_theta_power_precond;eeg_fl_specent_precond;eeg_tleft_lalpha_power_precond"
2025-12-19 16:09:21.248542,36,"stress_label",7,64,0.03125,0.482558139534884,0.348837209302326,NA,7,"top7","eeg_fm_lbeta_power_precond;eeg_fm_specent_precond;eeg_faa_precond;eeg_tleft_lbeta_power_precond;eeg_fl_theta_power_precond;eeg_fl_specent_precond;eeg_tleft_lalpha_power_precond"
2025-12-19 16:09:21.440943,36,"stress_label",7,128,0.03125,0.5,0.343023255813953,NA,7,"top7","eeg_fm_lbeta_power_precond;eeg_fm_specent_precond;eeg_faa_precond;eeg_tleft_lbeta_power_precond;eeg_fl_theta_power_precond;eeg_fl_specent_precond;eeg_tleft_lalpha_power_precond"
2025-12-19 16:09:21.746586,36,"stress_label",7,256,0.03125,0.505813953488372,0.38953488372093,NA,7,"top7","eeg_fm_lbeta_power_precond;eeg_fm_specent_precond;eeg_faa_precond;eeg_tleft_lbeta_power_precond;eeg_fl_theta_power_precond;eeg_fl_specent_precond;eeg_tleft_lalpha_power_precond"
2025-12-19 16:09:21.113648,36,"stress_label",7,2,0.0625,0.424418604651163,0.569767441860465,NA,7,"top7","eeg_fm_lbeta_power_precond;eeg_fm_specent_precond;eeg_faa_precond;eeg_tleft_lbeta_power_precond;eeg_fl_theta_power_precond;eeg_fl_specent_precond;eeg_tleft_lalpha_power_precond"
2025-12-19 16:09:21.099664,36,"stress_label",7,4,0.0625,0.430232558139535,0.412790697674419,NA,7,"top7","eeg_fm_lbeta_power_precond;eeg_fm_specent_precond;eeg_faa_precond;eeg_tleft_lbeta_power_precond;eeg_fl_theta_power_precond;eeg_fl_specent_precond;eeg_tleft_lalpha_power_precond"
2025-12-19 16:09:21.134148,36,"stress_label",7,8,0.0625,0.465116279069767,0.453488372093023,NA,7,"top7","eeg_fm_lbeta_power_precond;eeg_fm_specent_precond;eeg_faa_precond;eeg_tleft_lbeta_power_precond;eeg_fl_theta_power_precond;eeg_fl_specent_precond;eeg_tleft_lalpha_power_precond"
2025-12-19 16:09:21.224361,36,"stress_label",7,16,0.0625,0.488372093023256,0.412790697674419,NA,7,"top7","eeg_fm_lbeta_power_precond;eeg_fm_specent_precond;eeg_faa_precond;eeg_tleft_lbeta_power_precond;eeg_fl_theta_power_precond;eeg_fl_specent_precond;eeg_tleft_lalpha_power_precond"
2025-12-19 16:09:22.254432,36,"stress_label",7,32,0.0625,0.5,0.395348837209302,NA,7,"top7","eeg_fm_lbeta_power_precond;eeg_fm_specent_precond;eeg_faa_precond;eeg_tleft_lbeta_power_precond;eeg_fl_theta_power_precond;eeg_fl_specent_precond;eeg_tleft_lalpha_power_precond"
2025-12-19 16:09:22.400341,36,"stress_label",7,64,0.0625,0.587209302325581,0.430232558139535,NA,7,"top7","eeg_fm_lbeta_power_precond;eeg_fm_specent_precond;eeg_faa_precond;eeg_tleft_lbeta_power_precond;eeg_fl_theta_power_precond;eeg_fl_specent_precond;eeg_tleft_lalpha_power_precond"
2025-12-19 16:09:22.726853,36,"stress_label",7,128,0.0625,0.563953488372093,0.38953488372093,NA,7,"top7","eeg_fm_lbeta_power_precond;eeg_fm_specent_precond;eeg_faa_precond;eeg_tleft_lbeta_power_precond;eeg_fl_theta_power_precond;eeg_fl_specent_precond;eeg_tleft_lalpha_power_precond"
2025-12-19 16:09:23.125602,36,"stress_label",7,256,0.0625,0.534883720930233,0.453488372093023,NA,7,"top7","eeg_fm_lbeta_power_precond;eeg_fm_specent_precond;eeg_faa_precond;eeg_tleft_lbeta_power_precond;eeg_fl_theta_power_precond;eeg_fl_specent_precond;eeg_tleft_lalpha_power_precond"
2025-12-19 16:09:22.202734,36,"stress_label",7,2,0.125,0.511627906976744,0.36046511627907,NA,7,"top7","eeg_fm_lbeta_power_precond;eeg_fm_specent_precond;eeg_faa_precond;eeg_tleft_lbeta_power_precond;eeg_fl_theta_power_precond;eeg_fl_specent_precond;eeg_tleft_lalpha_power_precond"
2025-12-19 16:09:22.222974,36,"stress_label",7,4,0.125,0.529069767441861,0.395348837209302,NA,7,"top7","eeg_fm_lbeta_power_precond;eeg_fm_specent_precond;eeg_faa_precond;eeg_tleft_lbeta_power_precond;eeg_fl_theta_power_precond;eeg_fl_specent_precond;eeg_tleft_lalpha_power_precond"
2025-12-19 16:09:22.255891,36,"stress_label",7,8,0.125,0.546511627906977,0.36046511627907,NA,7,"top7","eeg_fm_lbeta_power_precond;eeg_fm_specent_precond;eeg_faa_precond;eeg_tleft_lbeta_power_precond;eeg_fl_theta_power_precond;eeg_fl_specent_precond;eeg_tleft_lalpha_power_precond"
2025-12-19 16:09:22.3799,36,"stress_label",7,16,0.125,0.552325581395349,0.412790697674419,NA,7,"top7","eeg_fm_lbeta_power_precond;eeg_fm_specent_precond;eeg_faa_precond;eeg_tleft_lbeta_power_precond;eeg_fl_theta_power_precond;eeg_fl_specent_precond;eeg_tleft_lalpha_power_precond"
2025-12-19 16:09:22.53246,36,"stress_label",7,32,0.125,0.558139534883721,0.436046511627907,NA,7,"top7","eeg_fm_lbeta_power_precond;eeg_fm_specent_precond;eeg_faa_precond;eeg_tleft_lbeta_power_precond;eeg_fl_theta_power_precond;eeg_fl_specent_precond;eeg_tleft_lalpha_power_precond"
2025-12-19 16:09:22.701805,36,"stress_label",7,64,0.125,0.529069767441861,0.418604651162791,NA,7,"top7","eeg_fm_lbeta_power_precond;eeg_fm_specent_precond;eeg_faa_precond;eeg_tleft_lbeta_power_precond;eeg_fl_theta_power_precond;eeg_fl_specent_precond;eeg_tleft_lalpha_power_precond"
2025-12-19 16:09:22.921426,36,"stress_label",7,128,0.125,0.494186046511628,0.348837209302326,NA,7,"top7","eeg_fm_lbeta_power_precond;eeg_fm_specent_precond;eeg_faa_precond;eeg_tleft_lbeta_power_precond;eeg_fl_theta_power_precond;eeg_fl_specent_precond;eeg_tleft_lalpha_power_precond"
2025-12-19 16:09:23.232311,36,"stress_label",7,256,0.125,0.505813953488372,0.447674418604651,NA,7,"top7","eeg_fm_lbeta_power_precond;eeg_fm_specent_precond;eeg_faa_precond;eeg_tleft_lbeta_power_precond;eeg_fl_theta_power_precond;eeg_fl_specent_precond;eeg_tleft_lalpha_power_precond"
2025-12-19 16:09:22.518734,36,"stress_label",7,2,0.03,0.430232558139535,0.540697674418605,NA,7,"top7","eeg_fm_lbeta_power_precond;eeg_fm_specent_precond;eeg_faa_precond;eeg_tleft_lbeta_power_precond;eeg_fl_theta_power_precond;eeg_fl_specent_precond;eeg_tleft_lalpha_power_precond"
2025-12-19 16:09:22.833578,36,"stress_label",7,4,0.03,0.436046511627907,0.540697674418605,NA,7,"top7","eeg_fm_lbeta_power_precond;eeg_fm_specent_precond;eeg_faa_precond;eeg_tleft_lbeta_power_precond;eeg_fl_theta_power_precond;eeg_fl_specent_precond;eeg_tleft_lalpha_power_precond"
2025-12-19 16:09:23.314925,36,"stress_label",7,8,0.03,0.424418604651163,0.511627906976744,NA,7,"top7","eeg_fm_lbeta_power_precond;eeg_fm_specent_precond;eeg_faa_precond;eeg_tleft_lbeta_power_precond;eeg_fl_theta_power_precond;eeg_fl_specent_precond;eeg_tleft_lalpha_power_precond"
2025-12-19 16:09:23.308798,36,"stress_label",7,16,0.03,0.436046511627907,0.366279069767442,NA,7,"top7","eeg_fm_lbeta_power_precond;eeg_fm_specent_precond;eeg_faa_precond;eeg_tleft_lbeta_power_precond;eeg_fl_theta_power_precond;eeg_fl_specent_precond;eeg_tleft_lalpha_power_precond"
2025-12-19 16:09:23.392457,36,"stress_label",7,32,0.03,0.441860465116279,0.366279069767442,NA,7,"top7","eeg_fm_lbeta_power_precond;eeg_fm_specent_precond;eeg_faa_precond;eeg_tleft_lbeta_power_precond;eeg_fl_theta_power_precond;eeg_fl_specent_precond;eeg_tleft_lalpha_power_precond"
2025-12-19 16:09:23.480575,36,"stress_label",7,64,0.03,0.482558139534884,0.383720930232558,NA,7,"top7","eeg_fm_lbeta_power_precond;eeg_fm_specent_precond;eeg_faa_precond;eeg_tleft_lbeta_power_precond;eeg_fl_theta_power_precond;eeg_fl_specent_precond;eeg_tleft_lalpha_power_precond"
2025-12-19 16:09:23.710734,36,"stress_label",7,128,0.03,0.5,0.401162790697674,NA,7,"top7","eeg_fm_lbeta_power_precond;eeg_fm_specent_precond;eeg_faa_precond;eeg_tleft_lbeta_power_precond;eeg_fl_theta_power_precond;eeg_fl_specent_precond;eeg_tleft_lalpha_power_precond"
2025-12-19 16:09:24.13171,36,"stress_label",7,256,0.03,0.5,0.38953488372093,NA,7,"top7","eeg_fm_lbeta_power_precond;eeg_fm_specent_precond;eeg_faa_precond;eeg_tleft_lbeta_power_precond;eeg_fl_theta_power_precond;eeg_fl_specent_precond;eeg_tleft_lalpha_power_precond"
2025-12-19 16:09:23.619327,36,"stress_label",7,2,0.06,0.436046511627907,0.587209302325581,NA,7,"top7","eeg_fm_lbeta_power_precond;eeg_fm_specent_precond;eeg_faa_precond;eeg_tleft_lbeta_power_precond;eeg_fl_theta_power_precond;eeg_fl_specent_precond;eeg_tleft_lalpha_power_precond"
2025-12-19 16:09:23.607616,36,"stress_label",7,4,0.06,0.430232558139535,0.465116279069767,NA,7,"top7","eeg_fm_lbeta_power_precond;eeg_fm_specent_precond;eeg_faa_precond;eeg_tleft_lbeta_power_precond;eeg_fl_theta_power_precond;eeg_fl_specent_precond;eeg_tleft_lalpha_power_precond"
2025-12-19 16:09:23.787179,36,"stress_label",7,8,0.06,0.47093023255814,0.418604651162791,NA,7,"top7","eeg_fm_lbeta_power_precond;eeg_fm_specent_precond;eeg_faa_precond;eeg_tleft_lbeta_power_precond;eeg_fl_theta_power_precond;eeg_fl_specent_precond;eeg_tleft_lalpha_power_precond"
2025-12-19 16:09:23.834419,36,"stress_label",7,16,0.06,0.476744186046512,0.418604651162791,NA,7,"top7","eeg_fm_lbeta_power_precond;eeg_fm_specent_precond;eeg_faa_precond;eeg_tleft_lbeta_power_precond;eeg_fl_theta_power_precond;eeg_fl_specent_precond;eeg_tleft_lalpha_power_precond"
2025-12-19 16:09:24.086532,36,"stress_label",7,32,0.06,0.494186046511628,0.412790697674419,NA,7,"top7","eeg_fm_lbeta_power_precond;eeg_fm_specent_precond;eeg_faa_precond;eeg_tleft_lbeta_power_precond;eeg_fl_theta_power_precond;eeg_fl_specent_precond;eeg_tleft_lalpha_power_precond"
2025-12-19 16:09:24.27715,36,"stress_label",7,64,0.06,0.593023255813954,0.401162790697674,NA,7,"top7","eeg_fm_lbeta_power_precond;eeg_fm_specent_precond;eeg_faa_precond;eeg_tleft_lbeta_power_precond;eeg_fl_theta_power_precond;eeg_fl_specent_precond;eeg_tleft_lalpha_power_precond"
2025-12-19 16:09:24.627701,36,"stress_label",7,128,0.06,0.563953488372093,0.377906976744186,NA,7,"top7","eeg_fm_lbeta_power_precond;eeg_fm_specent_precond;eeg_faa_precond;eeg_tleft_lbeta_power_precond;eeg_fl_theta_power_precond;eeg_fl_specent_precond;eeg_tleft_lalpha_power_precond"
2025-12-19 16:09:24.936741,36,"stress_label",7,256,0.06,0.529069767441861,0.424418604651163,NA,7,"top7","eeg_fm_lbeta_power_precond;eeg_fm_specent_precond;eeg_faa_precond;eeg_tleft_lbeta_power_precond;eeg_fl_theta_power_precond;eeg_fl_specent_precond;eeg_tleft_lalpha_power_precond"
2025-12-19 16:09:24.328417,36,"stress_label",7,2,0.1,0.465116279069767,0.430232558139535,NA,7,"top7","eeg_fm_lbeta_power_precond;eeg_fm_specent_precond;eeg_faa_precond;eeg_tleft_lbeta_power_precond;eeg_fl_theta_power_precond;eeg_fl_specent_precond;eeg_tleft_lalpha_power_precond"
2025-12-19 16:09:24.346946,36,"stress_label",7,4,0.1,0.517441860465116,0.348837209302326,NA,7,"top7","eeg_fm_lbeta_power_precond;eeg_fm_specent_precond;eeg_faa_precond;eeg_tleft_lbeta_power_precond;eeg_fl_theta_power_precond;eeg_fl_specent_precond;eeg_tleft_lalpha_power_precond"
2025-12-19 16:09:24.430723,36,"stress_label",7,8,0.1,0.529069767441861,0.418604651162791,NA,7,"top7","eeg_fm_lbeta_power_precond;eeg_fm_specent_precond;eeg_faa_precond;eeg_tleft_lbeta_power_precond;eeg_fl_theta_power_precond;eeg_fl_specent_precond;eeg_tleft_lalpha_power_precond"
2025-12-19 16:09:24.550044,36,"stress_label",7,16,0.1,0.563953488372093,0.436046511627907,NA,7,"top7","eeg_fm_lbeta_power_precond;eeg_fm_specent_precond;eeg_faa_precond;eeg_tleft_lbeta_power_precond;eeg_fl_theta_power_precond;eeg_fl_specent_precond;eeg_tleft_lalpha_power_precond"
2025-12-19 16:09:24.71587,36,"stress_label",7,32,0.1,0.575581395348837,0.465116279069767,NA,7,"top7","eeg_fm_lbeta_power_precond;eeg_fm_specent_precond;eeg_faa_precond;eeg_tleft_lbeta_power_precond;eeg_fl_theta_power_precond;eeg_fl_specent_precond;eeg_tleft_lalpha_power_precond"
2025-12-19 16:09:24.808485,36,"stress_label",7,64,0.1,0.546511627906977,0.441860465116279,NA,7,"top7","eeg_fm_lbeta_power_precond;eeg_fm_specent_precond;eeg_faa_precond;eeg_tleft_lbeta_power_precond;eeg_fl_theta_power_precond;eeg_fl_specent_precond;eeg_tleft_lalpha_power_precond"
2025-12-19 16:09:25.02785,36,"stress_label",7,128,0.1,0.517441860465116,0.453488372093023,NA,7,"top7","eeg_fm_lbeta_power_precond;eeg_fm_specent_precond;eeg_faa_precond;eeg_tleft_lbeta_power_precond;eeg_fl_theta_power_precond;eeg_fl_specent_precond;eeg_tleft_lalpha_power_precond"
2025-12-19 16:09:25.253501,36,"stress_label",7,256,0.1,0.482558139534884,0.482558139534884,NA,7,"top7","eeg_fm_lbeta_power_precond;eeg_fm_specent_precond;eeg_faa_precond;eeg_tleft_lbeta_power_precond;eeg_fl_theta_power_precond;eeg_fl_specent_precond;eeg_tleft_lalpha_power_precond"
2025-12-19 16:09:26.559892,37,"stress_label",7,2,0.0078125,0.482558139534884,0.436046511627907,0.46046511627907,7,"top7","eeg_fm_lbeta_power_precond;eeg_fm_specent_precond;eeg_tleft_lbeta_power_precond;eeg_faa_precond;eeg_tleft_lalpha_power_precond;eeg_fr_theta_power_precond;eeg_ta_ratio_precond"
2025-12-19 16:09:26.606808,37,"stress_label",7,4,0.0078125,0.482558139534884,0.569767441860465,0.455038759689922,7,"top7","eeg_fm_lbeta_power_precond;eeg_fm_specent_precond;eeg_tleft_lbeta_power_precond;eeg_faa_precond;eeg_tleft_lalpha_power_precond;eeg_fr_theta_power_precond;eeg_ta_ratio_precond"
2025-12-19 16:09:26.598238,37,"stress_label",7,8,0.0078125,0.453488372093023,0.401162790697674,0.427906976744186,7,"top7","eeg_fm_lbeta_power_precond;eeg_fm_specent_precond;eeg_tleft_lbeta_power_precond;eeg_faa_precond;eeg_tleft_lalpha_power_precond;eeg_fr_theta_power_precond;eeg_ta_ratio_precond"
2025-12-19 16:09:26.572529,37,"stress_label",7,16,0.0078125,0.441860465116279,0.406976744186047,0.42093023255814,7,"top7","eeg_fm_lbeta_power_precond;eeg_fm_specent_precond;eeg_tleft_lbeta_power_precond;eeg_faa_precond;eeg_tleft_lalpha_power_precond;eeg_fr_theta_power_precond;eeg_ta_ratio_precond"
2025-12-19 16:09:26.606808,37,"stress_label",7,32,0.0078125,0.447674418604651,0.406976744186047,0.425581395348837,7,"top7","eeg_fm_lbeta_power_precond;eeg_fm_specent_precond;eeg_tleft_lbeta_power_precond;eeg_faa_precond;eeg_tleft_lalpha_power_precond;eeg_fr_theta_power_precond;eeg_ta_ratio_precond"
2025-12-19 16:09:26.587247,37,"stress_label",7,64,0.0078125,0.412790697674419,0.465116279069767,0.401550387596899,7,"top7","eeg_fm_lbeta_power_precond;eeg_fm_specent_precond;eeg_tleft_lbeta_power_precond;eeg_faa_precond;eeg_tleft_lalpha_power_precond;eeg_fr_theta_power_precond;eeg_ta_ratio_precond"
2025-12-19 16:09:26.93621,37,"stress_label",7,128,0.0078125,0.482558139534884,0.47093023255814,NA,7,"top7","eeg_fm_lbeta_power_precond;eeg_fm_specent_precond;eeg_tleft_lbeta_power_precond;eeg_faa_precond;eeg_tleft_lalpha_power_precond;eeg_fr_theta_power_precond;eeg_ta_ratio_precond"
2025-12-19 16:09:26.79858,37,"stress_label",7,256,0.0078125,0.511627906976744,0.372093023255814,NA,7,"top7","eeg_fm_lbeta_power_precond;eeg_fm_specent_precond;eeg_tleft_lbeta_power_precond;eeg_faa_precond;eeg_tleft_lalpha_power_precond;eeg_fr_theta_power_precond;eeg_ta_ratio_precond"
2025-12-19 16:09:26.573506,37,"stress_label",7,2,0.015625,0.476744186046512,0.406976744186047,0.451162790697674,7,"top7","eeg_fm_lbeta_power_precond;eeg_fm_specent_precond;eeg_tleft_lbeta_power_precond;eeg_faa_precond;eeg_tleft_lalpha_power_precond;eeg_fr_theta_power_precond;eeg_ta_ratio_precond"
2025-12-19 16:09:26.591714,37,"stress_label",7,4,0.015625,0.447674418604651,0.412790697674419,0.416279069767442,7,"top7","eeg_fm_lbeta_power_precond;eeg_fm_specent_precond;eeg_tleft_lbeta_power_precond;eeg_faa_precond;eeg_tleft_lalpha_power_precond;eeg_fr_theta_power_precond;eeg_ta_ratio_precond"
2025-12-19 16:09:26.627578,37,"stress_label",7,8,0.015625,0.459302325581395,0.494186046511628,0.436434108527132,7,"top7","eeg_fm_lbeta_power_precond;eeg_fm_specent_precond;eeg_tleft_lbeta_power_precond;eeg_faa_precond;eeg_tleft_lalpha_power_precond;eeg_fr_theta_power_precond;eeg_ta_ratio_precond"
2025-12-19 16:09:26.589338,37,"stress_label",7,16,0.015625,0.430232558139535,0.447674418604651,0.418604651162791,7,"top7","eeg_fm_lbeta_power_precond;eeg_fm_specent_precond;eeg_tleft_lbeta_power_precond;eeg_faa_precond;eeg_tleft_lalpha_power_precond;eeg_fr_theta_power_precond;eeg_ta_ratio_precond"
2025-12-19 16:09:26.655023,37,"stress_label",7,32,0.015625,0.482558139534884,0.47093023255814,NA,7,"top7","eeg_fm_lbeta_power_precond;eeg_fm_specent_precond;eeg_tleft_lbeta_power_precond;eeg_faa_precond;eeg_tleft_lalpha_power_precond;eeg_fr_theta_power_precond;eeg_ta_ratio_precond"
2025-12-19 16:09:27.011636,37,"stress_label",7,64,0.015625,0.517441860465116,0.395348837209302,NA,7,"top7","eeg_fm_lbeta_power_precond;eeg_fm_specent_precond;eeg_tleft_lbeta_power_precond;eeg_faa_precond;eeg_tleft_lalpha_power_precond;eeg_fr_theta_power_precond;eeg_ta_ratio_precond"
2025-12-19 16:09:27.852743,37,"stress_label",7,128,0.015625,0.529069767441861,0.465116279069767,NA,7,"top7","eeg_fm_lbeta_power_precond;eeg_fm_specent_precond;eeg_tleft_lbeta_power_precond;eeg_faa_precond;eeg_tleft_lalpha_power_precond;eeg_fr_theta_power_precond;eeg_ta_ratio_precond"
2025-12-19 16:09:28.007553,37,"stress_label",7,256,0.015625,0.529069767441861,0.511627906976744,0.517054263565891,7,"top7","eeg_fm_lbeta_power_precond;eeg_fm_specent_precond;eeg_tleft_lbeta_power_precond;eeg_faa_precond;eeg_tleft_lalpha_power_precond;eeg_fr_theta_power_precond;eeg_ta_ratio_precond"
2025-12-19 16:09:27.683953,37,"stress_label",7,2,0.03125,0.47093023255814,0.436046511627907,0.462790697674419,7,"top7","eeg_fm_lbeta_power_precond;eeg_fm_specent_precond;eeg_tleft_lbeta_power_precond;eeg_faa_precond;eeg_tleft_lalpha_power_precond;eeg_fr_theta_power_precond;eeg_ta_ratio_precond"
2025-12-19 16:09:27.715736,37,"stress_label",7,4,0.03125,0.441860465116279,0.505813953488372,0.424031007751938,7,"top7","eeg_fm_lbeta_power_precond;eeg_fm_specent_precond;eeg_tleft_lbeta_power_precond;eeg_faa_precond;eeg_tleft_lalpha_power_precond;eeg_fr_theta_power_precond;eeg_ta_ratio_precond"
2025-12-19 16:09:27.73317,37,"stress_label",7,8,0.03125,0.459302325581395,0.5,NA,7,"top7","eeg_fm_lbeta_power_precond;eeg_fm_specent_precond;eeg_tleft_lbeta_power_precond;eeg_faa_precond;eeg_tleft_lalpha_power_precond;eeg_fr_theta_power_precond;eeg_ta_ratio_precond"
2025-12-19 16:09:27.776435,37,"stress_label",7,16,0.03125,0.517441860465116,0.441860465116279,NA,7,"top7","eeg_fm_lbeta_power_precond;eeg_fm_specent_precond;eeg_tleft_lbeta_power_precond;eeg_faa_precond;eeg_tleft_lalpha_power_precond;eeg_fr_theta_power_precond;eeg_ta_ratio_precond"
2025-12-19 16:09:27.800852,37,"stress_label",7,32,0.03125,0.529069767441861,0.517441860465116,NA,7,"top7","eeg_fm_lbeta_power_precond;eeg_fm_specent_precond;eeg_tleft_lbeta_power_precond;eeg_faa_precond;eeg_tleft_lalpha_power_precond;eeg_fr_theta_power_precond;eeg_ta_ratio_precond"
2025-12-19 16:09:27.86996,37,"stress_label",7,64,0.03125,0.523255813953488,0.441860465116279,NA,7,"top7","eeg_fm_lbeta_power_precond;eeg_fm_specent_precond;eeg_tleft_lbeta_power_precond;eeg_faa_precond;eeg_tleft_lalpha_power_precond;eeg_fr_theta_power_precond;eeg_ta_ratio_precond"
2025-12-19 16:09:28.028889,37,"stress_label",7,128,0.03125,0.5,0.36046511627907,NA,7,"top7","eeg_fm_lbeta_power_precond;eeg_fm_specent_precond;eeg_tleft_lbeta_power_precond;eeg_faa_precond;eeg_tleft_lalpha_power_precond;eeg_fr_theta_power_precond;eeg_ta_ratio_precond"
2025-12-19 16:09:28.321802,37,"stress_label",7,256,0.03125,0.505813953488372,0.383720930232558,NA,7,"top7","eeg_fm_lbeta_power_precond;eeg_fm_specent_precond;eeg_tleft_lbeta_power_precond;eeg_faa_precond;eeg_tleft_lalpha_power_precond;eeg_fr_theta_power_precond;eeg_ta_ratio_precond"
2025-12-19 16:09:27.747242,37,"stress_label",7,2,0.0625,0.447674418604651,0.465116279069767,0.429457364341085,7,"top7","eeg_fm_lbeta_power_precond;eeg_fm_specent_precond;eeg_tleft_lbeta_power_precond;eeg_faa_precond;eeg_tleft_lalpha_power_precond;eeg_fr_theta_power_precond;eeg_ta_ratio_precond"
2025-12-19 16:09:27.938268,37,"stress_label",7,4,0.0625,0.5,0.418604651162791,NA,7,"top7","eeg_fm_lbeta_power_precond;eeg_fm_specent_precond;eeg_tleft_lbeta_power_precond;eeg_faa_precond;eeg_tleft_lalpha_power_precond;eeg_fr_theta_power_precond;eeg_ta_ratio_precond"
2025-12-19 16:09:28.039422,37,"stress_label",7,8,0.0625,0.517441860465116,0.38953488372093,NA,7,"top7","eeg_fm_lbeta_power_precond;eeg_fm_specent_precond;eeg_tleft_lbeta_power_precond;eeg_faa_precond;eeg_tleft_lalpha_power_precond;eeg_fr_theta_power_precond;eeg_ta_ratio_precond"
2025-12-19 16:09:28.161057,37,"stress_label",7,16,0.0625,0.534883720930233,0.372093023255814,NA,7,"top7","eeg_fm_lbeta_power_precond;eeg_fm_specent_precond;eeg_tleft_lbeta_power_precond;eeg_faa_precond;eeg_tleft_lalpha_power_precond;eeg_fr_theta_power_precond;eeg_ta_ratio_precond"
2025-12-19 16:09:28.911392,37,"stress_label",7,32,0.0625,0.505813953488372,0.401162790697674,NA,7,"top7","eeg_fm_lbeta_power_precond;eeg_fm_specent_precond;eeg_tleft_lbeta_power_precond;eeg_faa_precond;eeg_tleft_lalpha_power_precond;eeg_fr_theta_power_precond;eeg_ta_ratio_precond"
2025-12-19 16:09:29.133412,37,"stress_label",7,64,0.0625,0.523255813953488,0.430232558139535,NA,7,"top7","eeg_fm_lbeta_power_precond;eeg_fm_specent_precond;eeg_tleft_lbeta_power_precond;eeg_faa_precond;eeg_tleft_lalpha_power_precond;eeg_fr_theta_power_precond;eeg_ta_ratio_precond"
2025-12-19 16:09:29.381229,37,"stress_label",7,128,0.0625,0.517441860465116,0.494186046511628,NA,7,"top7","eeg_fm_lbeta_power_precond;eeg_fm_specent_precond;eeg_tleft_lbeta_power_precond;eeg_faa_precond;eeg_tleft_lalpha_power_precond;eeg_fr_theta_power_precond;eeg_ta_ratio_precond"
2025-12-19 16:09:29.738474,37,"stress_label",7,256,0.0625,0.465116279069767,0.441860465116279,NA,7,"top7","eeg_fm_lbeta_power_precond;eeg_fm_specent_precond;eeg_tleft_lbeta_power_precond;eeg_faa_precond;eeg_tleft_lalpha_power_precond;eeg_fr_theta_power_precond;eeg_ta_ratio_precond"
2025-12-19 16:09:28.871021,37,"stress_label",7,2,0.125,0.488372093023256,0.494186046511628,NA,7,"top7","eeg_fm_lbeta_power_precond;eeg_fm_specent_precond;eeg_tleft_lbeta_power_precond;eeg_faa_precond;eeg_tleft_lalpha_power_precond;eeg_fr_theta_power_precond;eeg_ta_ratio_precond"
2025-12-19 16:09:28.877896,37,"stress_label",7,4,0.125,0.494186046511628,0.459302325581395,NA,7,"top7","eeg_fm_lbeta_power_precond;eeg_fm_specent_precond;eeg_tleft_lbeta_power_precond;eeg_faa_precond;eeg_tleft_lalpha_power_precond;eeg_fr_theta_power_precond;eeg_ta_ratio_precond"
2025-12-19 16:09:28.984418,37,"stress_label",7,8,0.125,0.5,0.383720930232558,NA,7,"top7","eeg_fm_lbeta_power_precond;eeg_fm_specent_precond;eeg_tleft_lbeta_power_precond;eeg_faa_precond;eeg_tleft_lalpha_power_precond;eeg_fr_theta_power_precond;eeg_ta_ratio_precond"
2025-12-19 16:09:29.082885,37,"stress_label",7,16,0.125,0.494186046511628,0.36046511627907,NA,7,"top7","eeg_fm_lbeta_power_precond;eeg_fm_specent_precond;eeg_tleft_lbeta_power_precond;eeg_faa_precond;eeg_tleft_lalpha_power_precond;eeg_fr_theta_power_precond;eeg_ta_ratio_precond"
2025-12-19 16:09:29.25448,37,"stress_label",7,32,0.125,0.488372093023256,0.412790697674419,NA,7,"top7","eeg_fm_lbeta_power_precond;eeg_fm_specent_precond;eeg_tleft_lbeta_power_precond;eeg_faa_precond;eeg_tleft_lalpha_power_precond;eeg_fr_theta_power_precond;eeg_ta_ratio_precond"
2025-12-19 16:09:29.469954,37,"stress_label",7,64,0.125,0.459302325581395,0.38953488372093,NA,7,"top7","eeg_fm_lbeta_power_precond;eeg_fm_specent_precond;eeg_tleft_lbeta_power_precond;eeg_faa_precond;eeg_tleft_lalpha_power_precond;eeg_fr_theta_power_precond;eeg_ta_ratio_precond"
2025-12-19 16:09:29.644296,37,"stress_label",7,128,0.125,0.453488372093023,0.459302325581395,NA,7,"top7","eeg_fm_lbeta_power_precond;eeg_fm_specent_precond;eeg_tleft_lbeta_power_precond;eeg_faa_precond;eeg_tleft_lalpha_power_precond;eeg_fr_theta_power_precond;eeg_ta_ratio_precond"
2025-12-19 16:09:29.84458,37,"stress_label",7,256,0.125,0.476744186046512,0.459302325581395,NA,7,"top7","eeg_fm_lbeta_power_precond;eeg_fm_specent_precond;eeg_tleft_lbeta_power_precond;eeg_faa_precond;eeg_tleft_lalpha_power_precond;eeg_fr_theta_power_precond;eeg_ta_ratio_precond"
2025-12-19 16:09:29.188928,37,"stress_label",7,2,0.03,0.47093023255814,0.447674418604651,0.462790697674419,7,"top7","eeg_fm_lbeta_power_precond;eeg_fm_specent_precond;eeg_tleft_lbeta_power_precond;eeg_faa_precond;eeg_tleft_lalpha_power_precond;eeg_fr_theta_power_precond;eeg_ta_ratio_precond"
2025-12-19 16:09:29.372685,37,"stress_label",7,4,0.03,0.441860465116279,0.441860465116279,0.424031007751938,7,"top7","eeg_fm_lbeta_power_precond;eeg_fm_specent_precond;eeg_tleft_lbeta_power_precond;eeg_faa_precond;eeg_tleft_lalpha_power_precond;eeg_fr_theta_power_precond;eeg_ta_ratio_precond"
2025-12-19 16:09:29.948739,37,"stress_label",7,8,0.03,0.453488372093023,0.436046511627907,NA,7,"top7","eeg_fm_lbeta_power_precond;eeg_fm_specent_precond;eeg_tleft_lbeta_power_precond;eeg_faa_precond;eeg_tleft_lalpha_power_precond;eeg_fr_theta_power_precond;eeg_ta_ratio_precond"
2025-12-19 16:09:29.995899,37,"stress_label",7,16,0.03,0.5,0.395348837209302,NA,7,"top7","eeg_fm_lbeta_power_precond;eeg_fm_specent_precond;eeg_tleft_lbeta_power_precond;eeg_faa_precond;eeg_tleft_lalpha_power_precond;eeg_fr_theta_power_precond;eeg_ta_ratio_precond"
2025-12-19 16:09:30.049215,37,"stress_label",7,32,0.03,0.529069767441861,0.447674418604651,NA,7,"top7","eeg_fm_lbeta_power_precond;eeg_fm_specent_precond;eeg_tleft_lbeta_power_precond;eeg_faa_precond;eeg_tleft_lalpha_power_precond;eeg_fr_theta_power_precond;eeg_ta_ratio_precond"
2025-12-19 16:09:30.218403,37,"stress_label",7,64,0.03,0.523255813953488,0.430232558139535,NA,7,"top7","eeg_fm_lbeta_power_precond;eeg_fm_specent_precond;eeg_tleft_lbeta_power_precond;eeg_faa_precond;eeg_tleft_lalpha_power_precond;eeg_fr_theta_power_precond;eeg_ta_ratio_precond"
2025-12-19 16:09:30.487595,37,"stress_label",7,128,0.03,0.505813953488372,0.412790697674419,NA,7,"top7","eeg_fm_lbeta_power_precond;eeg_fm_specent_precond;eeg_tleft_lbeta_power_precond;eeg_faa_precond;eeg_tleft_lalpha_power_precond;eeg_fr_theta_power_precond;eeg_ta_ratio_precond"
2025-12-19 16:09:30.785745,37,"stress_label",7,256,0.03,0.511627906976744,0.395348837209302,NA,7,"top7","eeg_fm_lbeta_power_precond;eeg_fm_specent_precond;eeg_tleft_lbeta_power_precond;eeg_faa_precond;eeg_tleft_lalpha_power_precond;eeg_fr_theta_power_precond;eeg_ta_ratio_precond"
2025-12-19 16:09:30.240044,37,"stress_label",7,2,0.06,0.447674418604651,0.5,0.429457364341085,7,"top7","eeg_fm_lbeta_power_precond;eeg_fm_specent_precond;eeg_tleft_lbeta_power_precond;eeg_faa_precond;eeg_tleft_lalpha_power_precond;eeg_fr_theta_power_precond;eeg_ta_ratio_precond"
2025-12-19 16:09:30.347538,37,"stress_label",7,4,0.06,0.5,0.36046511627907,NA,7,"top7","eeg_fm_lbeta_power_precond;eeg_fm_specent_precond;eeg_tleft_lbeta_power_precond;eeg_faa_precond;eeg_tleft_lalpha_power_precond;eeg_fr_theta_power_precond;eeg_ta_ratio_precond"
2025-12-19 16:09:30.45971,37,"stress_label",7,8,0.06,0.511627906976744,0.395348837209302,NA,7,"top7","eeg_fm_lbeta_power_precond;eeg_fm_specent_precond;eeg_tleft_lbeta_power_precond;eeg_faa_precond;eeg_tleft_lalpha_power_precond;eeg_fr_theta_power_precond;eeg_ta_ratio_precond"
2025-12-19 16:09:30.529648,37,"stress_label",7,16,0.06,0.540697674418605,0.406976744186047,NA,7,"top7","eeg_fm_lbeta_power_precond;eeg_fm_specent_precond;eeg_tleft_lbeta_power_precond;eeg_faa_precond;eeg_tleft_lalpha_power_precond;eeg_fr_theta_power_precond;eeg_ta_ratio_precond"
2025-12-19 16:09:30.672171,37,"stress_label",7,32,0.06,0.505813953488372,0.424418604651163,NA,7,"top7","eeg_fm_lbeta_power_precond;eeg_fm_specent_precond;eeg_tleft_lbeta_power_precond;eeg_faa_precond;eeg_tleft_lalpha_power_precond;eeg_fr_theta_power_precond;eeg_ta_ratio_precond"
2025-12-19 16:09:30.995815,37,"stress_label",7,64,0.06,0.511627906976744,0.465116279069767,NA,7,"top7","eeg_fm_lbeta_power_precond;eeg_fm_specent_precond;eeg_tleft_lbeta_power_precond;eeg_faa_precond;eeg_tleft_lalpha_power_precond;eeg_fr_theta_power_precond;eeg_ta_ratio_precond"
2025-12-19 16:09:31.238198,37,"stress_label",7,128,0.06,0.529069767441861,0.348837209302326,NA,7,"top7","eeg_fm_lbeta_power_precond;eeg_fm_specent_precond;eeg_tleft_lbeta_power_precond;eeg_faa_precond;eeg_tleft_lalpha_power_precond;eeg_fr_theta_power_precond;eeg_ta_ratio_precond"
2025-12-19 16:09:31.521096,37,"stress_label",7,256,0.06,0.488372093023256,0.447674418604651,NA,7,"top7","eeg_fm_lbeta_power_precond;eeg_fm_specent_precond;eeg_tleft_lbeta_power_precond;eeg_faa_precond;eeg_tleft_lalpha_power_precond;eeg_fr_theta_power_precond;eeg_ta_ratio_precond"
2025-12-19 16:09:30.953183,37,"stress_label",7,2,0.1,0.5,0.436046511627907,NA,7,"top7","eeg_fm_lbeta_power_precond;eeg_fm_specent_precond;eeg_tleft_lbeta_power_precond;eeg_faa_precond;eeg_tleft_lalpha_power_precond;eeg_fr_theta_power_precond;eeg_ta_ratio_precond"
2025-12-19 16:09:31.012194,37,"stress_label",7,4,0.1,0.494186046511628,0.488372093023256,NA,7,"top7","eeg_fm_lbeta_power_precond;eeg_fm_specent_precond;eeg_tleft_lbeta_power_precond;eeg_faa_precond;eeg_tleft_lalpha_power_precond;eeg_fr_theta_power_precond;eeg_ta_ratio_precond"
2025-12-19 16:09:31.071677,37,"stress_label",7,8,0.1,0.482558139534884,0.366279069767442,NA,7,"top7","eeg_fm_lbeta_power_precond;eeg_fm_specent_precond;eeg_tleft_lbeta_power_precond;eeg_faa_precond;eeg_tleft_lalpha_power_precond;eeg_fr_theta_power_precond;eeg_ta_ratio_precond"
2025-12-19 16:09:31.237142,37,"stress_label",7,16,0.1,0.517441860465116,0.36046511627907,NA,7,"top7","eeg_fm_lbeta_power_precond;eeg_fm_specent_precond;eeg_tleft_lbeta_power_precond;eeg_faa_precond;eeg_tleft_lalpha_power_precond;eeg_fr_theta_power_precond;eeg_ta_ratio_precond"
2025-12-19 16:09:31.344655,37,"stress_label",7,32,0.1,0.5,0.395348837209302,NA,7,"top7","eeg_fm_lbeta_power_precond;eeg_fm_specent_precond;eeg_tleft_lbeta_power_precond;eeg_faa_precond;eeg_tleft_lalpha_power_precond;eeg_fr_theta_power_precond;eeg_ta_ratio_precond"
2025-12-19 16:09:31.490516,37,"stress_label",7,64,0.1,0.47093023255814,0.412790697674419,NA,7,"top7","eeg_fm_lbeta_power_precond;eeg_fm_specent_precond;eeg_tleft_lbeta_power_precond;eeg_faa_precond;eeg_tleft_lalpha_power_precond;eeg_fr_theta_power_precond;eeg_ta_ratio_precond"
2025-12-19 16:09:31.721818,37,"stress_label",7,128,0.1,0.453488372093023,0.412790697674419,NA,7,"top7","eeg_fm_lbeta_power_precond;eeg_fm_specent_precond;eeg_tleft_lbeta_power_precond;eeg_faa_precond;eeg_tleft_lalpha_power_precond;eeg_fr_theta_power_precond;eeg_ta_ratio_precond"
2025-12-19 16:09:31.861384,37,"stress_label",7,256,0.1,0.453488372093023,0.453488372093023,NA,7,"top7","eeg_fm_lbeta_power_precond;eeg_fm_specent_precond;eeg_tleft_lbeta_power_precond;eeg_faa_precond;eeg_tleft_lalpha_power_precond;eeg_fr_theta_power_precond;eeg_ta_ratio_precond"
2025-12-19 16:09:33.171322,38,"stress_label",7,2,0.0078125,0.38953488372093,0.587209302325581,0.37906976744186,7,"top7","eeg_fm_beta_power_precond;eeg_tleft_lbeta_power_precond;eeg_faa_precond;eeg_fl_theta_power_precond;eeg_tleft_lalpha_power_precond;eeg_pleft_halpha_power_precond;eeg_ta_ratio_precond"
2025-12-19 16:09:33.150048,38,"stress_label",7,4,0.0078125,0.401162790697674,0.604651162790698,0.382945736434109,7,"top7","eeg_fm_beta_power_precond;eeg_tleft_lbeta_power_precond;eeg_faa_precond;eeg_fl_theta_power_precond;eeg_tleft_lalpha_power_precond;eeg_pleft_halpha_power_precond;eeg_ta_ratio_precond"
2025-12-19 16:09:33.133404,38,"stress_label",7,8,0.0078125,0.366279069767442,0.633720930232558,0.362790697674419,7,"top7","eeg_fm_beta_power_precond;eeg_tleft_lbeta_power_precond;eeg_faa_precond;eeg_fl_theta_power_precond;eeg_tleft_lalpha_power_precond;eeg_pleft_halpha_power_precond;eeg_ta_ratio_precond"
2025-12-19 16:09:33.125909,38,"stress_label",7,16,0.0078125,0.372093023255814,0.633720930232558,0.386046511627907,7,"top7","eeg_fm_beta_power_precond;eeg_tleft_lbeta_power_precond;eeg_faa_precond;eeg_fl_theta_power_precond;eeg_tleft_lalpha_power_precond;eeg_pleft_halpha_power_precond;eeg_ta_ratio_precond"
2025-12-19 16:09:33.162791,38,"stress_label",7,32,0.0078125,0.401162790697674,0.622093023255814,NA,7,"top7","eeg_fm_beta_power_precond;eeg_tleft_lbeta_power_precond;eeg_faa_precond;eeg_fl_theta_power_precond;eeg_tleft_lalpha_power_precond;eeg_pleft_halpha_power_precond;eeg_ta_ratio_precond"
2025-12-19 16:09:33.168593,38,"stress_label",7,64,0.0078125,0.38953488372093,0.61046511627907,NA,7,"top7","eeg_fm_beta_power_precond;eeg_tleft_lbeta_power_precond;eeg_faa_precond;eeg_fl_theta_power_precond;eeg_tleft_lalpha_power_precond;eeg_pleft_halpha_power_precond;eeg_ta_ratio_precond"
2025-12-19 16:09:33.256433,38,"stress_label",7,128,0.0078125,0.436046511627907,0.5,NA,7,"top7","eeg_fm_beta_power_precond;eeg_tleft_lbeta_power_precond;eeg_faa_precond;eeg_fl_theta_power_precond;eeg_tleft_lalpha_power_precond;eeg_pleft_halpha_power_precond;eeg_ta_ratio_precond"
2025-12-19 16:09:33.305623,38,"stress_label",7,256,0.0078125,0.459302325581395,0.453488372093023,0.450387596899225,7,"top7","eeg_fm_beta_power_precond;eeg_tleft_lbeta_power_precond;eeg_faa_precond;eeg_fl_theta_power_precond;eeg_tleft_lalpha_power_precond;eeg_pleft_halpha_power_precond;eeg_ta_ratio_precond"
2025-12-19 16:09:33.151906,38,"stress_label",7,2,0.015625,0.38953488372093,0.593023255813954,0.367441860465116,7,"top7","eeg_fm_beta_power_precond;eeg_tleft_lbeta_power_precond;eeg_faa_precond;eeg_fl_theta_power_precond;eeg_tleft_lalpha_power_precond;eeg_pleft_halpha_power_precond;eeg_ta_ratio_precond"
2025-12-19 16:09:33.15992,38,"stress_label",7,4,0.015625,0.372093023255814,0.627906976744186,0.362790697674419,7,"top7","eeg_fm_beta_power_precond;eeg_tleft_lbeta_power_precond;eeg_faa_precond;eeg_fl_theta_power_precond;eeg_tleft_lalpha_power_precond;eeg_pleft_halpha_power_precond;eeg_ta_ratio_precond"
2025-12-19 16:09:33.144527,38,"stress_label",7,8,0.015625,0.395348837209302,0.616279069767442,0.391472868217054,7,"top7","eeg_fm_beta_power_precond;eeg_tleft_lbeta_power_precond;eeg_faa_precond;eeg_fl_theta_power_precond;eeg_tleft_lalpha_power_precond;eeg_pleft_halpha_power_precond;eeg_ta_ratio_precond"
2025-12-19 16:09:33.177123,38,"stress_label",7,16,0.015625,0.383720930232558,0.593023255813954,NA,7,"top7","eeg_fm_beta_power_precond;eeg_tleft_lbeta_power_precond;eeg_faa_precond;eeg_fl_theta_power_precond;eeg_tleft_lalpha_power_precond;eeg_pleft_halpha_power_precond;eeg_ta_ratio_precond"
2025-12-19 16:09:33.205592,38,"stress_label",7,32,0.015625,0.424418604651163,0.523255813953488,NA,7,"top7","eeg_fm_beta_power_precond;eeg_tleft_lbeta_power_precond;eeg_faa_precond;eeg_fl_theta_power_precond;eeg_tleft_lalpha_power_precond;eeg_pleft_halpha_power_precond;eeg_ta_ratio_precond"
2025-12-19 16:09:33.216627,38,"stress_label",7,64,0.015625,0.441860465116279,0.482558139534884,0.417829457364341,7,"top7","eeg_fm_beta_power_precond;eeg_tleft_lbeta_power_precond;eeg_faa_precond;eeg_fl_theta_power_precond;eeg_tleft_lalpha_power_precond;eeg_pleft_halpha_power_precond;eeg_ta_ratio_precond"
2025-12-19 16:09:34.438035,38,"stress_label",7,128,0.015625,0.505813953488372,0.453488372093023,0.478294573643411,7,"top7","eeg_fm_beta_power_precond;eeg_tleft_lbeta_power_precond;eeg_faa_precond;eeg_fl_theta_power_precond;eeg_tleft_lalpha_power_precond;eeg_pleft_halpha_power_precond;eeg_ta_ratio_precond"
2025-12-19 16:09:34.614105,38,"stress_label",7,256,0.015625,0.505813953488372,0.459302325581395,0.486821705426357,7,"top7","eeg_fm_beta_power_precond;eeg_tleft_lbeta_power_precond;eeg_faa_precond;eeg_fl_theta_power_precond;eeg_tleft_lalpha_power_precond;eeg_pleft_halpha_power_precond;eeg_ta_ratio_precond"
2025-12-19 16:09:34.280328,38,"stress_label",7,2,0.03125,0.383720930232558,0.633720930232558,0.378294573643411,7,"top7","eeg_fm_beta_power_precond;eeg_tleft_lbeta_power_precond;eeg_faa_precond;eeg_fl_theta_power_precond;eeg_tleft_lalpha_power_precond;eeg_pleft_halpha_power_precond;eeg_ta_ratio_precond"
2025-12-19 16:09:34.271743,38,"stress_label",7,4,0.03125,0.395348837209302,0.598837209302326,NA,7,"top7","eeg_fm_beta_power_precond;eeg_tleft_lbeta_power_precond;eeg_faa_precond;eeg_fl_theta_power_precond;eeg_tleft_lalpha_power_precond;eeg_pleft_halpha_power_precond;eeg_ta_ratio_precond"
2025-12-19 16:09:34.293699,38,"stress_label",7,8,0.03125,0.412790697674419,0.569767441860465,NA,7,"top7","eeg_fm_beta_power_precond;eeg_tleft_lbeta_power_precond;eeg_faa_precond;eeg_fl_theta_power_precond;eeg_tleft_lalpha_power_precond;eeg_pleft_halpha_power_precond;eeg_ta_ratio_precond"
2025-12-19 16:09:34.300143,38,"stress_label",7,16,0.03125,0.465116279069767,0.447674418604651,0.427906976744186,7,"top7","eeg_fm_beta_power_precond;eeg_tleft_lbeta_power_precond;eeg_faa_precond;eeg_fl_theta_power_precond;eeg_tleft_lalpha_power_precond;eeg_pleft_halpha_power_precond;eeg_ta_ratio_precond"
2025-12-19 16:09:34.361527,38,"stress_label",7,32,0.03125,0.482558139534884,0.430232558139535,0.449612403100775,7,"top7","eeg_fm_beta_power_precond;eeg_tleft_lbeta_power_precond;eeg_faa_precond;eeg_fl_theta_power_precond;eeg_tleft_lalpha_power_precond;eeg_pleft_halpha_power_precond;eeg_ta_ratio_precond"
2025-12-19 16:09:34.425378,38,"stress_label",7,64,0.03125,0.505813953488372,0.418604651162791,0.485271317829457,7,"top7","eeg_fm_beta_power_precond;eeg_tleft_lbeta_power_precond;eeg_faa_precond;eeg_fl_theta_power_precond;eeg_tleft_lalpha_power_precond;eeg_pleft_halpha_power_precond;eeg_ta_ratio_precond"
2025-12-19 16:09:34.619287,38,"stress_label",7,128,0.03125,0.494186046511628,0.517441860465116,NA,7,"top7","eeg_fm_beta_power_precond;eeg_tleft_lbeta_power_precond;eeg_faa_precond;eeg_fl_theta_power_precond;eeg_tleft_lalpha_power_precond;eeg_pleft_halpha_power_precond;eeg_ta_ratio_precond"
2025-12-19 16:09:34.856588,38,"stress_label",7,256,0.03125,0.488372093023256,0.412790697674419,NA,7,"top7","eeg_fm_beta_power_precond;eeg_tleft_lbeta_power_precond;eeg_faa_precond;eeg_fl_theta_power_precond;eeg_tleft_lalpha_power_precond;eeg_pleft_halpha_power_precond;eeg_ta_ratio_precond"
2025-12-19 16:09:34.30823,38,"stress_label",7,2,0.0625,0.383720930232558,0.593023255813954,NA,7,"top7","eeg_fm_beta_power_precond;eeg_tleft_lbeta_power_precond;eeg_faa_precond;eeg_fl_theta_power_precond;eeg_tleft_lalpha_power_precond;eeg_pleft_halpha_power_precond;eeg_ta_ratio_precond"
2025-12-19 16:09:34.326032,38,"stress_label",7,4,0.0625,0.447674418604651,0.459302325581395,0.430232558139535,7,"top7","eeg_fm_beta_power_precond;eeg_tleft_lbeta_power_precond;eeg_faa_precond;eeg_fl_theta_power_precond;eeg_tleft_lalpha_power_precond;eeg_pleft_halpha_power_precond;eeg_ta_ratio_precond"
2025-12-19 16:09:34.369484,38,"stress_label",7,8,0.0625,0.47093023255814,0.38953488372093,0.458139534883721,7,"top7","eeg_fm_beta_power_precond;eeg_tleft_lbeta_power_precond;eeg_faa_precond;eeg_fl_theta_power_precond;eeg_tleft_lalpha_power_precond;eeg_pleft_halpha_power_precond;eeg_ta_ratio_precond"
2025-12-19 16:09:34.507679,38,"stress_label",7,16,0.0625,0.465116279069767,0.38953488372093,NA,7,"top7","eeg_fm_beta_power_precond;eeg_tleft_lbeta_power_precond;eeg_faa_precond;eeg_fl_theta_power_precond;eeg_tleft_lalpha_power_precond;eeg_pleft_halpha_power_precond;eeg_ta_ratio_precond"
2025-12-19 16:09:35.671306,38,"stress_label",7,32,0.0625,0.459302325581395,0.366279069767442,NA,7,"top7","eeg_fm_beta_power_precond;eeg_tleft_lbeta_power_precond;eeg_faa_precond;eeg_fl_theta_power_precond;eeg_tleft_lalpha_power_precond;eeg_pleft_halpha_power_precond;eeg_ta_ratio_precond"
2025-12-19 16:09:35.575304,38,"stress_label",7,64,0.0625,0.476744186046512,0.453488372093023,NA,7,"top7","eeg_fm_beta_power_precond;eeg_tleft_lbeta_power_precond;eeg_faa_precond;eeg_fl_theta_power_precond;eeg_tleft_lalpha_power_precond;eeg_pleft_halpha_power_precond;eeg_ta_ratio_precond"
2025-12-19 16:09:35.83929,38,"stress_label",7,128,0.0625,0.511627906976744,0.529069767441861,NA,7,"top7","eeg_fm_beta_power_precond;eeg_tleft_lbeta_power_precond;eeg_faa_precond;eeg_fl_theta_power_precond;eeg_tleft_lalpha_power_precond;eeg_pleft_halpha_power_precond;eeg_ta_ratio_precond"
2025-12-19 16:09:36.190313,38,"stress_label",7,256,0.0625,0.494186046511628,0.441860465116279,NA,7,"top7","eeg_fm_beta_power_precond;eeg_tleft_lbeta_power_precond;eeg_faa_precond;eeg_fl_theta_power_precond;eeg_tleft_lalpha_power_precond;eeg_pleft_halpha_power_precond;eeg_ta_ratio_precond"
2025-12-19 16:09:35.384597,38,"stress_label",7,2,0.125,0.459302325581395,0.5,0.444186046511628,7,"top7","eeg_fm_beta_power_precond;eeg_tleft_lbeta_power_precond;eeg_faa_precond;eeg_fl_theta_power_precond;eeg_tleft_lalpha_power_precond;eeg_pleft_halpha_power_precond;eeg_ta_ratio_precond"
2025-12-19 16:09:35.417474,38,"stress_label",7,4,0.125,0.476744186046512,0.47093023255814,NA,7,"top7","eeg_fm_beta_power_precond;eeg_tleft_lbeta_power_precond;eeg_faa_precond;eeg_fl_theta_power_precond;eeg_tleft_lalpha_power_precond;eeg_pleft_halpha_power_precond;eeg_ta_ratio_precond"
2025-12-19 16:09:35.45523,38,"stress_label",7,8,0.125,0.430232558139535,0.366279069767442,NA,7,"top7","eeg_fm_beta_power_precond;eeg_tleft_lbeta_power_precond;eeg_faa_precond;eeg_fl_theta_power_precond;eeg_tleft_lalpha_power_precond;eeg_pleft_halpha_power_precond;eeg_ta_ratio_precond"
2025-12-19 16:09:35.558256,38,"stress_label",7,16,0.125,0.482558139534884,0.424418604651163,NA,7,"top7","eeg_fm_beta_power_precond;eeg_tleft_lbeta_power_precond;eeg_faa_precond;eeg_fl_theta_power_precond;eeg_tleft_lalpha_power_precond;eeg_pleft_halpha_power_precond;eeg_ta_ratio_precond"
2025-12-19 16:09:35.674936,38,"stress_label",7,32,0.125,0.523255813953488,0.447674418604651,NA,7,"top7","eeg_fm_beta_power_precond;eeg_tleft_lbeta_power_precond;eeg_faa_precond;eeg_fl_theta_power_precond;eeg_tleft_lalpha_power_precond;eeg_pleft_halpha_power_precond;eeg_ta_ratio_precond"
2025-12-19 16:09:35.865179,38,"stress_label",7,64,0.125,0.517441860465116,0.5,NA,7,"top7","eeg_fm_beta_power_precond;eeg_tleft_lbeta_power_precond;eeg_faa_precond;eeg_fl_theta_power_precond;eeg_tleft_lalpha_power_precond;eeg_pleft_halpha_power_precond;eeg_ta_ratio_precond"
2025-12-19 16:09:36.136556,38,"stress_label",7,128,0.125,0.517441860465116,0.447674418604651,NA,7,"top7","eeg_fm_beta_power_precond;eeg_tleft_lbeta_power_precond;eeg_faa_precond;eeg_fl_theta_power_precond;eeg_tleft_lalpha_power_precond;eeg_pleft_halpha_power_precond;eeg_ta_ratio_precond"
2025-12-19 16:09:36.398563,38,"stress_label",7,256,0.125,0.511627906976744,0.401162790697674,NA,7,"top7","eeg_fm_beta_power_precond;eeg_tleft_lbeta_power_precond;eeg_faa_precond;eeg_fl_theta_power_precond;eeg_tleft_lalpha_power_precond;eeg_pleft_halpha_power_precond;eeg_ta_ratio_precond"
2025-12-19 16:09:35.649383,38,"stress_label",7,2,0.03,0.383720930232558,0.633720930232558,0.378294573643411,7,"top7","eeg_fm_beta_power_precond;eeg_tleft_lbeta_power_precond;eeg_faa_precond;eeg_fl_theta_power_precond;eeg_tleft_lalpha_power_precond;eeg_pleft_halpha_power_precond;eeg_ta_ratio_precond"
2025-12-19 16:09:35.957689,38,"stress_label",7,4,0.03,0.401162790697674,0.604651162790698,NA,7,"top7","eeg_fm_beta_power_precond;eeg_tleft_lbeta_power_precond;eeg_faa_precond;eeg_fl_theta_power_precond;eeg_tleft_lalpha_power_precond;eeg_pleft_halpha_power_precond;eeg_ta_ratio_precond"
2025-12-19 16:09:36.439347,38,"stress_label",7,8,0.03,0.406976744186047,0.587209302325581,NA,7,"top7","eeg_fm_beta_power_precond;eeg_tleft_lbeta_power_precond;eeg_faa_precond;eeg_fl_theta_power_precond;eeg_tleft_lalpha_power_precond;eeg_pleft_halpha_power_precond;eeg_ta_ratio_precond"
2025-12-19 16:09:36.485838,38,"stress_label",7,16,0.03,0.447674418604651,0.5,0.413178294573643,7,"top7","eeg_fm_beta_power_precond;eeg_tleft_lbeta_power_precond;eeg_faa_precond;eeg_fl_theta_power_precond;eeg_tleft_lalpha_power_precond;eeg_pleft_halpha_power_precond;eeg_ta_ratio_precond"
2025-12-19 16:09:36.604558,38,"stress_label",7,32,0.03,0.482558139534884,0.406976744186047,0.453488372093023,7,"top7","eeg_fm_beta_power_precond;eeg_tleft_lbeta_power_precond;eeg_faa_precond;eeg_fl_theta_power_precond;eeg_tleft_lalpha_power_precond;eeg_pleft_halpha_power_precond;eeg_ta_ratio_precond"
2025-12-19 16:09:36.733541,38,"stress_label",7,64,0.03,0.5,0.377906976744186,0.475968992248062,7,"top7","eeg_fm_beta_power_precond;eeg_tleft_lbeta_power_precond;eeg_faa_precond;eeg_fl_theta_power_precond;eeg_tleft_lalpha_power_precond;eeg_pleft_halpha_power_precond;eeg_ta_ratio_precond"
2025-12-19 16:09:36.937594,38,"stress_label",7,128,0.03,0.488372093023256,0.424418604651163,NA,7,"top7","eeg_fm_beta_power_precond;eeg_tleft_lbeta_power_precond;eeg_faa_precond;eeg_fl_theta_power_precond;eeg_tleft_lalpha_power_precond;eeg_pleft_halpha_power_precond;eeg_ta_ratio_precond"
2025-12-19 16:09:37.278943,38,"stress_label",7,256,0.03,0.488372093023256,0.453488372093023,NA,7,"top7","eeg_fm_beta_power_precond;eeg_tleft_lbeta_power_precond;eeg_faa_precond;eeg_fl_theta_power_precond;eeg_tleft_lalpha_power_precond;eeg_pleft_halpha_power_precond;eeg_ta_ratio_precond"
2025-12-19 16:09:36.737587,38,"stress_label",7,2,0.06,0.377906976744186,0.593023255813954,NA,7,"top7","eeg_fm_beta_power_precond;eeg_tleft_lbeta_power_precond;eeg_faa_precond;eeg_fl_theta_power_precond;eeg_tleft_lalpha_power_precond;eeg_pleft_halpha_power_precond;eeg_ta_ratio_precond"
2025-12-19 16:09:36.748671,38,"stress_label",7,4,0.06,0.447674418604651,0.517441860465116,0.432558139534884,7,"top7","eeg_fm_beta_power_precond;eeg_tleft_lbeta_power_precond;eeg_faa_precond;eeg_fl_theta_power_precond;eeg_tleft_lalpha_power_precond;eeg_pleft_halpha_power_precond;eeg_ta_ratio_precond"
2025-12-19 16:09:37.128186,38,"stress_label",7,8,0.06,0.465116279069767,0.436046511627907,0.446511627906977,7,"top7","eeg_fm_beta_power_precond;eeg_tleft_lbeta_power_precond;eeg_faa_precond;eeg_fl_theta_power_precond;eeg_tleft_lalpha_power_precond;eeg_pleft_halpha_power_precond;eeg_ta_ratio_precond"
2025-12-19 16:09:36.974952,38,"stress_label",7,16,0.06,0.47093023255814,0.430232558139535,NA,7,"top7","eeg_fm_beta_power_precond;eeg_tleft_lbeta_power_precond;eeg_faa_precond;eeg_fl_theta_power_precond;eeg_tleft_lalpha_power_precond;eeg_pleft_halpha_power_precond;eeg_ta_ratio_precond"
2025-12-19 16:09:37.16643,38,"stress_label",7,32,0.06,0.476744186046512,0.436046511627907,NA,7,"top7","eeg_fm_beta_power_precond;eeg_tleft_lbeta_power_precond;eeg_faa_precond;eeg_fl_theta_power_precond;eeg_tleft_lalpha_power_precond;eeg_pleft_halpha_power_precond;eeg_ta_ratio_precond"
2025-12-19 16:09:37.426322,38,"stress_label",7,64,0.06,0.476744186046512,0.401162790697674,NA,7,"top7","eeg_fm_beta_power_precond;eeg_tleft_lbeta_power_precond;eeg_faa_precond;eeg_fl_theta_power_precond;eeg_tleft_lalpha_power_precond;eeg_pleft_halpha_power_precond;eeg_ta_ratio_precond"
2025-12-19 16:09:37.645488,38,"stress_label",7,128,0.06,0.511627906976744,0.482558139534884,NA,7,"top7","eeg_fm_beta_power_precond;eeg_tleft_lbeta_power_precond;eeg_faa_precond;eeg_fl_theta_power_precond;eeg_tleft_lalpha_power_precond;eeg_pleft_halpha_power_precond;eeg_ta_ratio_precond"
2025-12-19 16:09:37.981122,38,"stress_label",7,256,0.06,0.505813953488372,0.534883720930233,NA,7,"top7","eeg_fm_beta_power_precond;eeg_tleft_lbeta_power_precond;eeg_faa_precond;eeg_fl_theta_power_precond;eeg_tleft_lalpha_power_precond;eeg_pleft_halpha_power_precond;eeg_ta_ratio_precond"
2025-12-19 16:09:37.485255,38,"stress_label",7,2,0.1,0.441860465116279,0.505813953488372,NA,7,"top7","eeg_fm_beta_power_precond;eeg_tleft_lbeta_power_precond;eeg_faa_precond;eeg_fl_theta_power_precond;eeg_tleft_lalpha_power_precond;eeg_pleft_halpha_power_precond;eeg_ta_ratio_precond"
2025-12-19 16:09:37.485999,38,"stress_label",7,4,0.1,0.476744186046512,0.424418604651163,0.475968992248062,7,"top7","eeg_fm_beta_power_precond;eeg_tleft_lbeta_power_precond;eeg_faa_precond;eeg_fl_theta_power_precond;eeg_tleft_lalpha_power_precond;eeg_pleft_halpha_power_precond;eeg_ta_ratio_precond"
2025-12-19 16:09:37.629738,38,"stress_label",7,8,0.1,0.453488372093023,0.465116279069767,NA,7,"top7","eeg_fm_beta_power_precond;eeg_tleft_lbeta_power_precond;eeg_faa_precond;eeg_fl_theta_power_precond;eeg_tleft_lalpha_power_precond;eeg_pleft_halpha_power_precond;eeg_ta_ratio_precond"
2025-12-19 16:09:37.753689,38,"stress_label",7,16,0.1,0.447674418604651,0.38953488372093,NA,7,"top7","eeg_fm_beta_power_precond;eeg_tleft_lbeta_power_precond;eeg_faa_precond;eeg_fl_theta_power_precond;eeg_tleft_lalpha_power_precond;eeg_pleft_halpha_power_precond;eeg_ta_ratio_precond"
2025-12-19 16:09:37.801343,38,"stress_label",7,32,0.1,0.517441860465116,0.38953488372093,NA,7,"top7","eeg_fm_beta_power_precond;eeg_tleft_lbeta_power_precond;eeg_faa_precond;eeg_fl_theta_power_precond;eeg_tleft_lalpha_power_precond;eeg_pleft_halpha_power_precond;eeg_ta_ratio_precond"
2025-12-19 16:09:37.893307,38,"stress_label",7,64,0.1,0.517441860465116,0.436046511627907,NA,7,"top7","eeg_fm_beta_power_precond;eeg_tleft_lbeta_power_precond;eeg_faa_precond;eeg_fl_theta_power_precond;eeg_tleft_lalpha_power_precond;eeg_pleft_halpha_power_precond;eeg_ta_ratio_precond"
2025-12-19 16:09:38.170045,38,"stress_label",7,128,0.1,0.511627906976744,0.511627906976744,NA,7,"top7","eeg_fm_beta_power_precond;eeg_tleft_lbeta_power_precond;eeg_faa_precond;eeg_fl_theta_power_precond;eeg_tleft_lalpha_power_precond;eeg_pleft_halpha_power_precond;eeg_ta_ratio_precond"
2025-12-19 16:09:38.339335,38,"stress_label",7,256,0.1,0.529069767441861,0.465116279069767,NA,7,"top7","eeg_fm_beta_power_precond;eeg_tleft_lbeta_power_precond;eeg_faa_precond;eeg_fl_theta_power_precond;eeg_tleft_lalpha_power_precond;eeg_pleft_halpha_power_precond;eeg_ta_ratio_precond"
2025-12-19 16:09:39.671377,39,"stress_label",7,2,0.0078125,0.436046511627907,0.517441860465116,0.406201550387597,7,"top7","eeg_fm_lbeta_power_precond;eeg_fm_specent_precond;eeg_tleft_lbeta_power_precond;eeg_faa_precond;eeg_pleft_halpha_power_precond;eeg_ta_ratio_precond;eeg_tb_ratio_precond"
2025-12-19 16:09:39.615808,39,"stress_label",7,4,0.0078125,0.430232558139535,0.546511627906977,0.378294573643411,7,"top7","eeg_fm_lbeta_power_precond;eeg_fm_specent_precond;eeg_tleft_lbeta_power_precond;eeg_faa_precond;eeg_pleft_halpha_power_precond;eeg_ta_ratio_precond;eeg_tb_ratio_precond"
2025-12-19 16:09:39.647848,39,"stress_label",7,8,0.0078125,0.424418604651163,0.505813953488372,0.386821705426357,7,"top7","eeg_fm_lbeta_power_precond;eeg_fm_specent_precond;eeg_tleft_lbeta_power_precond;eeg_faa_precond;eeg_pleft_halpha_power_precond;eeg_ta_ratio_precond;eeg_tb_ratio_precond"
2025-12-19 16:09:39.675751,39,"stress_label",7,16,0.0078125,0.418604651162791,0.587209302325581,0.377519379844961,7,"top7","eeg_fm_lbeta_power_precond;eeg_fm_specent_precond;eeg_tleft_lbeta_power_precond;eeg_faa_precond;eeg_pleft_halpha_power_precond;eeg_ta_ratio_precond;eeg_tb_ratio_precond"
2025-12-19 16:09:39.650176,39,"stress_label",7,32,0.0078125,0.441860465116279,0.581395348837209,0.406976744186047,7,"top7","eeg_fm_lbeta_power_precond;eeg_fm_specent_precond;eeg_tleft_lbeta_power_precond;eeg_faa_precond;eeg_pleft_halpha_power_precond;eeg_ta_ratio_precond;eeg_tb_ratio_precond"
2025-12-19 16:09:39.695386,39,"stress_label",7,64,0.0078125,0.459302325581395,0.552325581395349,0.438759689922481,7,"top7","eeg_fm_lbeta_power_precond;eeg_fm_specent_precond;eeg_tleft_lbeta_power_precond;eeg_faa_precond;eeg_pleft_halpha_power_precond;eeg_ta_ratio_precond;eeg_tb_ratio_precond"
2025-12-19 16:09:39.696653,39,"stress_label",7,128,0.0078125,0.488372093023256,0.47093023255814,NA,7,"top7","eeg_fm_lbeta_power_precond;eeg_fm_specent_precond;eeg_tleft_lbeta_power_precond;eeg_faa_precond;eeg_pleft_halpha_power_precond;eeg_ta_ratio_precond;eeg_tb_ratio_precond"
2025-12-19 16:09:39.829597,39,"stress_label",7,256,0.0078125,0.488372093023256,0.465116279069767,0.465891472868217,7,"top7","eeg_fm_lbeta_power_precond;eeg_fm_specent_precond;eeg_tleft_lbeta_power_precond;eeg_faa_precond;eeg_pleft_halpha_power_precond;eeg_ta_ratio_precond;eeg_tb_ratio_precond"
2025-12-19 16:09:39.657379,39,"stress_label",7,2,0.015625,0.430232558139535,0.511627906976744,0.392248062015504,7,"top7","eeg_fm_lbeta_power_precond;eeg_fm_specent_precond;eeg_tleft_lbeta_power_precond;eeg_faa_precond;eeg_pleft_halpha_power_precond;eeg_ta_ratio_precond;eeg_tb_ratio_precond"
2025-12-19 16:09:39.670288,39,"stress_label",7,4,0.015625,0.412790697674419,0.598837209302326,0.366666666666667,7,"top7","eeg_fm_lbeta_power_precond;eeg_fm_specent_precond;eeg_tleft_lbeta_power_precond;eeg_faa_precond;eeg_pleft_halpha_power_precond;eeg_ta_ratio_precond;eeg_tb_ratio_precond"
2025-12-19 16:09:39.832989,39,"stress_label",7,8,0.015625,0.418604651162791,0.593023255813954,0.382945736434109,7,"top7","eeg_fm_lbeta_power_precond;eeg_fm_specent_precond;eeg_tleft_lbeta_power_precond;eeg_faa_precond;eeg_pleft_halpha_power_precond;eeg_ta_ratio_precond;eeg_tb_ratio_precond"
2025-12-19 16:09:39.669871,39,"stress_label",7,16,0.015625,0.453488372093023,0.558139534883721,0.414728682170543,7,"top7","eeg_fm_lbeta_power_precond;eeg_fm_specent_precond;eeg_tleft_lbeta_power_precond;eeg_faa_precond;eeg_pleft_halpha_power_precond;eeg_ta_ratio_precond;eeg_tb_ratio_precond"
2025-12-19 16:09:39.696373,39,"stress_label",7,32,0.015625,0.488372093023256,0.476744186046512,NA,7,"top7","eeg_fm_lbeta_power_precond;eeg_fm_specent_precond;eeg_tleft_lbeta_power_precond;eeg_faa_precond;eeg_pleft_halpha_power_precond;eeg_ta_ratio_precond;eeg_tb_ratio_precond"
2025-12-19 16:09:39.698172,39,"stress_label",7,64,0.015625,0.488372093023256,0.38953488372093,0.461240310077519,7,"top7","eeg_fm_lbeta_power_precond;eeg_fm_specent_precond;eeg_tleft_lbeta_power_precond;eeg_faa_precond;eeg_pleft_halpha_power_precond;eeg_ta_ratio_precond;eeg_tb_ratio_precond"
2025-12-19 16:09:40.865269,39,"stress_label",7,128,0.015625,0.517441860465116,0.412790697674419,0.492248062015504,7,"top7","eeg_fm_lbeta_power_precond;eeg_fm_specent_precond;eeg_tleft_lbeta_power_precond;eeg_faa_precond;eeg_pleft_halpha_power_precond;eeg_ta_ratio_precond;eeg_tb_ratio_precond"
2025-12-19 16:09:41.096646,39,"stress_label",7,256,0.015625,0.517441860465116,0.377906976744186,NA,7,"top7","eeg_fm_lbeta_power_precond;eeg_fm_specent_precond;eeg_tleft_lbeta_power_precond;eeg_faa_precond;eeg_pleft_halpha_power_precond;eeg_ta_ratio_precond;eeg_tb_ratio_precond"
2025-12-19 16:09:40.755449,39,"stress_label",7,2,0.03125,0.412790697674419,0.587209302325581,0.370542635658915,7,"top7","eeg_fm_lbeta_power_precond;eeg_fm_specent_precond;eeg_tleft_lbeta_power_precond;eeg_faa_precond;eeg_pleft_halpha_power_precond;eeg_ta_ratio_precond;eeg_tb_ratio_precond"
2025-12-19 16:09:40.74502,39,"stress_label",7,4,0.03125,0.424418604651163,0.593023255813954,0.392248062015504,7,"top7","eeg_fm_lbeta_power_precond;eeg_fm_specent_precond;eeg_tleft_lbeta_power_precond;eeg_faa_precond;eeg_pleft_halpha_power_precond;eeg_ta_ratio_precond;eeg_tb_ratio_precond"
2025-12-19 16:09:40.776852,39,"stress_label",7,8,0.03125,0.488372093023256,0.488372093023256,0.465116279069767,7,"top7","eeg_fm_lbeta_power_precond;eeg_fm_specent_precond;eeg_tleft_lbeta_power_precond;eeg_faa_precond;eeg_pleft_halpha_power_precond;eeg_ta_ratio_precond;eeg_tb_ratio_precond"
2025-12-19 16:09:40.778834,39,"stress_label",7,16,0.03125,0.494186046511628,0.447674418604651,0.471317829457364,7,"top7","eeg_fm_lbeta_power_precond;eeg_fm_specent_precond;eeg_tleft_lbeta_power_precond;eeg_faa_precond;eeg_pleft_halpha_power_precond;eeg_ta_ratio_precond;eeg_tb_ratio_precond"
2025-12-19 16:09:41.037834,39,"stress_label",7,32,0.03125,0.523255813953488,0.308139534883721,NA,7,"top7","eeg_fm_lbeta_power_precond;eeg_fm_specent_precond;eeg_tleft_lbeta_power_precond;eeg_faa_precond;eeg_pleft_halpha_power_precond;eeg_ta_ratio_precond;eeg_tb_ratio_precond"
2025-12-19 16:09:40.962949,39,"stress_label",7,64,0.03125,0.534883720930233,0.488372093023256,NA,7,"top7","eeg_fm_lbeta_power_precond;eeg_fm_specent_precond;eeg_tleft_lbeta_power_precond;eeg_faa_precond;eeg_pleft_halpha_power_precond;eeg_ta_ratio_precond;eeg_tb_ratio_precond"
2025-12-19 16:09:41.191597,39,"stress_label",7,128,0.03125,0.540697674418605,0.430232558139535,NA,7,"top7","eeg_fm_lbeta_power_precond;eeg_fm_specent_precond;eeg_tleft_lbeta_power_precond;eeg_faa_precond;eeg_pleft_halpha_power_precond;eeg_ta_ratio_precond;eeg_tb_ratio_precond"
2025-12-19 16:09:41.404673,39,"stress_label",7,256,0.03125,0.534883720930233,0.38953488372093,NA,7,"top7","eeg_fm_lbeta_power_precond;eeg_fm_specent_precond;eeg_tleft_lbeta_power_precond;eeg_faa_precond;eeg_pleft_halpha_power_precond;eeg_ta_ratio_precond;eeg_tb_ratio_precond"
2025-12-19 16:09:40.782002,39,"stress_label",7,2,0.0625,0.447674418604651,0.558139534883721,0.425581395348837,7,"top7","eeg_fm_lbeta_power_precond;eeg_fm_specent_precond;eeg_tleft_lbeta_power_precond;eeg_faa_precond;eeg_pleft_halpha_power_precond;eeg_ta_ratio_precond;eeg_tb_ratio_precond"
2025-12-19 16:09:40.815538,39,"stress_label",7,4,0.0625,0.511627906976744,0.476744186046512,0.513178294573643,7,"top7","eeg_fm_lbeta_power_precond;eeg_fm_specent_precond;eeg_tleft_lbeta_power_precond;eeg_faa_precond;eeg_pleft_halpha_power_precond;eeg_ta_ratio_precond;eeg_tb_ratio_precond"
2025-12-19 16:09:40.932317,39,"stress_label",7,8,0.0625,0.511627906976744,0.377906976744186,NA,7,"top7","eeg_fm_lbeta_power_precond;eeg_fm_specent_precond;eeg_tleft_lbeta_power_precond;eeg_faa_precond;eeg_pleft_halpha_power_precond;eeg_ta_ratio_precond;eeg_tb_ratio_precond"
2025-12-19 16:09:41.000776,39,"stress_label",7,16,0.0625,0.517441860465116,0.5,NA,7,"top7","eeg_fm_lbeta_power_precond;eeg_fm_specent_precond;eeg_tleft_lbeta_power_precond;eeg_faa_precond;eeg_pleft_halpha_power_precond;eeg_ta_ratio_precond;eeg_tb_ratio_precond"
2025-12-19 16:09:41.961683,39,"stress_label",7,32,0.0625,0.540697674418605,0.424418604651163,NA,7,"top7","eeg_fm_lbeta_power_precond;eeg_fm_specent_precond;eeg_tleft_lbeta_power_precond;eeg_faa_precond;eeg_pleft_halpha_power_precond;eeg_ta_ratio_precond;eeg_tb_ratio_precond"
2025-12-19 16:09:42.156064,39,"stress_label",7,64,0.0625,0.5,0.424418604651163,NA,7,"top7","eeg_fm_lbeta_power_precond;eeg_fm_specent_precond;eeg_tleft_lbeta_power_precond;eeg_faa_precond;eeg_pleft_halpha_power_precond;eeg_ta_ratio_precond;eeg_tb_ratio_precond"
2025-12-19 16:09:42.427899,39,"stress_label",7,128,0.0625,0.511627906976744,0.343023255813953,NA,7,"top7","eeg_fm_lbeta_power_precond;eeg_fm_specent_precond;eeg_tleft_lbeta_power_precond;eeg_faa_precond;eeg_pleft_halpha_power_precond;eeg_ta_ratio_precond;eeg_tb_ratio_precond"
2025-12-19 16:09:42.826132,39,"stress_label",7,256,0.0625,0.488372093023256,0.534883720930233,NA,7,"top7","eeg_fm_lbeta_power_precond;eeg_fm_specent_precond;eeg_tleft_lbeta_power_precond;eeg_faa_precond;eeg_pleft_halpha_power_precond;eeg_ta_ratio_precond;eeg_tb_ratio_precond"
2025-12-19 16:09:41.844416,39,"stress_label",7,2,0.125,0.523255813953488,0.529069767441861,NA,7,"top7","eeg_fm_lbeta_power_precond;eeg_fm_specent_precond;eeg_tleft_lbeta_power_precond;eeg_faa_precond;eeg_pleft_halpha_power_precond;eeg_ta_ratio_precond;eeg_tb_ratio_precond"
2025-12-19 16:09:41.896667,39,"stress_label",7,4,0.125,0.534883720930233,0.395348837209302,NA,7,"top7","eeg_fm_lbeta_power_precond;eeg_fm_specent_precond;eeg_tleft_lbeta_power_precond;eeg_faa_precond;eeg_pleft_halpha_power_precond;eeg_ta_ratio_precond;eeg_tb_ratio_precond"
2025-12-19 16:09:42.021738,39,"stress_label",7,8,0.125,0.529069767441861,0.395348837209302,NA,7,"top7","eeg_fm_lbeta_power_precond;eeg_fm_specent_precond;eeg_tleft_lbeta_power_precond;eeg_faa_precond;eeg_pleft_halpha_power_precond;eeg_ta_ratio_precond;eeg_tb_ratio_precond"
2025-12-19 16:09:42.182664,39,"stress_label",7,16,0.125,0.517441860465116,0.436046511627907,NA,7,"top7","eeg_fm_lbeta_power_precond;eeg_fm_specent_precond;eeg_tleft_lbeta_power_precond;eeg_faa_precond;eeg_pleft_halpha_power_precond;eeg_ta_ratio_precond;eeg_tb_ratio_precond"
2025-12-19 16:09:42.324882,39,"stress_label",7,32,0.125,0.476744186046512,0.534883720930233,NA,7,"top7","eeg_fm_lbeta_power_precond;eeg_fm_specent_precond;eeg_tleft_lbeta_power_precond;eeg_faa_precond;eeg_pleft_halpha_power_precond;eeg_ta_ratio_precond;eeg_tb_ratio_precond"
2025-12-19 16:09:42.459506,39,"stress_label",7,64,0.125,0.459302325581395,0.534883720930233,NA,7,"top7","eeg_fm_lbeta_power_precond;eeg_fm_specent_precond;eeg_tleft_lbeta_power_precond;eeg_faa_precond;eeg_pleft_halpha_power_precond;eeg_ta_ratio_precond;eeg_tb_ratio_precond"
2025-12-19 16:09:42.697636,39,"stress_label",7,128,0.125,0.441860465116279,0.552325581395349,NA,7,"top7","eeg_fm_lbeta_power_precond;eeg_fm_specent_precond;eeg_tleft_lbeta_power_precond;eeg_faa_precond;eeg_pleft_halpha_power_precond;eeg_ta_ratio_precond;eeg_tb_ratio_precond"
2025-12-19 16:09:43.250231,39,"stress_label",7,256,0.125,0.424418604651163,0.604651162790698,NA,7,"top7","eeg_fm_lbeta_power_precond;eeg_fm_specent_precond;eeg_tleft_lbeta_power_precond;eeg_faa_precond;eeg_pleft_halpha_power_precond;eeg_ta_ratio_precond;eeg_tb_ratio_precond"
2025-12-19 16:09:42.218411,39,"stress_label",7,2,0.03,0.412790697674419,0.563953488372093,0.370542635658915,7,"top7","eeg_fm_lbeta_power_precond;eeg_fm_specent_precond;eeg_tleft_lbeta_power_precond;eeg_faa_precond;eeg_pleft_halpha_power_precond;eeg_ta_ratio_precond;eeg_tb_ratio_precond"
2025-12-19 16:09:42.723239,39,"stress_label",7,4,0.03,0.424418604651163,0.552325581395349,0.392248062015504,7,"top7","eeg_fm_lbeta_power_precond;eeg_fm_specent_precond;eeg_tleft_lbeta_power_precond;eeg_faa_precond;eeg_pleft_halpha_power_precond;eeg_ta_ratio_precond;eeg_tb_ratio_precond"
2025-12-19 16:09:42.929621,39,"stress_label",7,8,0.03,0.476744186046512,0.523255813953488,0.448062015503876,7,"top7","eeg_fm_lbeta_power_precond;eeg_fm_specent_precond;eeg_tleft_lbeta_power_precond;eeg_faa_precond;eeg_pleft_halpha_power_precond;eeg_ta_ratio_precond;eeg_tb_ratio_precond"
2025-12-19 16:09:43.009218,39,"stress_label",7,16,0.03,0.494186046511628,0.395348837209302,NA,7,"top7","eeg_fm_lbeta_power_precond;eeg_fm_specent_precond;eeg_tleft_lbeta_power_precond;eeg_faa_precond;eeg_pleft_halpha_power_precond;eeg_ta_ratio_precond;eeg_tb_ratio_precond"
2025-12-19 16:09:43.162179,39,"stress_label",7,32,0.03,0.523255813953488,0.348837209302326,NA,7,"top7","eeg_fm_lbeta_power_precond;eeg_fm_specent_precond;eeg_tleft_lbeta_power_precond;eeg_faa_precond;eeg_pleft_halpha_power_precond;eeg_ta_ratio_precond;eeg_tb_ratio_precond"
2025-12-19 16:09:43.297542,39,"stress_label",7,64,0.03,0.523255813953488,0.377906976744186,NA,7,"top7","eeg_fm_lbeta_power_precond;eeg_fm_specent_precond;eeg_tleft_lbeta_power_precond;eeg_faa_precond;eeg_pleft_halpha_power_precond;eeg_ta_ratio_precond;eeg_tb_ratio_precond"
2025-12-19 16:09:43.63734,39,"stress_label",7,128,0.03,0.540697674418605,0.337209302325581,NA,7,"top7","eeg_fm_lbeta_power_precond;eeg_fm_specent_precond;eeg_tleft_lbeta_power_precond;eeg_faa_precond;eeg_pleft_halpha_power_precond;eeg_ta_ratio_precond;eeg_tb_ratio_precond"
2025-12-19 16:09:43.943526,39,"stress_label",7,256,0.03,0.517441860465116,0.488372093023256,NA,7,"top7","eeg_fm_lbeta_power_precond;eeg_fm_specent_precond;eeg_tleft_lbeta_power_precond;eeg_faa_precond;eeg_pleft_halpha_power_precond;eeg_ta_ratio_precond;eeg_tb_ratio_precond"
2025-12-19 16:09:43.540136,39,"stress_label",7,2,0.06,0.453488372093023,0.546511627906977,0.429457364341085,7,"top7","eeg_fm_lbeta_power_precond;eeg_fm_specent_precond;eeg_tleft_lbeta_power_precond;eeg_faa_precond;eeg_pleft_halpha_power_precond;eeg_ta_ratio_precond;eeg_tb_ratio_precond"
2025-12-19 16:09:43.41906,39,"stress_label",7,4,0.06,0.511627906976744,0.401162790697674,0.513178294573643,7,"top7","eeg_fm_lbeta_power_precond;eeg_fm_specent_precond;eeg_tleft_lbeta_power_precond;eeg_faa_precond;eeg_pleft_halpha_power_precond;eeg_ta_ratio_precond;eeg_tb_ratio_precond"
2025-12-19 16:09:43.793509,39,"stress_label",7,8,0.06,0.511627906976744,0.447674418604651,NA,7,"top7","eeg_fm_lbeta_power_precond;eeg_fm_specent_precond;eeg_tleft_lbeta_power_precond;eeg_faa_precond;eeg_pleft_halpha_power_precond;eeg_ta_ratio_precond;eeg_tb_ratio_precond"
2025-12-19 16:09:43.636762,39,"stress_label",7,16,0.06,0.529069767441861,0.459302325581395,NA,7,"top7","eeg_fm_lbeta_power_precond;eeg_fm_specent_precond;eeg_tleft_lbeta_power_precond;eeg_faa_precond;eeg_pleft_halpha_power_precond;eeg_ta_ratio_precond;eeg_tb_ratio_precond"
2025-12-19 16:09:43.92481,39,"stress_label",7,32,0.06,0.534883720930233,0.406976744186047,NA,7,"top7","eeg_fm_lbeta_power_precond;eeg_fm_specent_precond;eeg_tleft_lbeta_power_precond;eeg_faa_precond;eeg_pleft_halpha_power_precond;eeg_ta_ratio_precond;eeg_tb_ratio_precond"
2025-12-19 16:09:44.062319,39,"stress_label",7,64,0.06,0.511627906976744,0.430232558139535,NA,7,"top7","eeg_fm_lbeta_power_precond;eeg_fm_specent_precond;eeg_tleft_lbeta_power_precond;eeg_faa_precond;eeg_pleft_halpha_power_precond;eeg_ta_ratio_precond;eeg_tb_ratio_precond"
2025-12-19 16:09:44.359501,39,"stress_label",7,128,0.06,0.511627906976744,0.377906976744186,NA,7,"top7","eeg_fm_lbeta_power_precond;eeg_fm_specent_precond;eeg_tleft_lbeta_power_precond;eeg_faa_precond;eeg_pleft_halpha_power_precond;eeg_ta_ratio_precond;eeg_tb_ratio_precond"
2025-12-19 16:09:44.608711,39,"stress_label",7,256,0.06,0.47093023255814,0.505813953488372,NA,7,"top7","eeg_fm_lbeta_power_precond;eeg_fm_specent_precond;eeg_tleft_lbeta_power_precond;eeg_faa_precond;eeg_pleft_halpha_power_precond;eeg_ta_ratio_precond;eeg_tb_ratio_precond"
2025-12-19 16:09:44.071831,39,"stress_label",7,2,0.1,0.511627906976744,0.38953488372093,0.513178294573643,7,"top7","eeg_fm_lbeta_power_precond;eeg_fm_specent_precond;eeg_tleft_lbeta_power_precond;eeg_faa_precond;eeg_pleft_halpha_power_precond;eeg_ta_ratio_precond;eeg_tb_ratio_precond"
2025-12-19 16:09:44.191284,39,"stress_label",7,4,0.1,0.517441860465116,0.412790697674419,0.512403100775194,7,"top7","eeg_fm_lbeta_power_precond;eeg_fm_specent_precond;eeg_tleft_lbeta_power_precond;eeg_faa_precond;eeg_pleft_halpha_power_precond;eeg_ta_ratio_precond;eeg_tb_ratio_precond"
2025-12-19 16:09:44.306543,39,"stress_label",7,8,0.1,0.529069767441861,0.406976744186047,NA,7,"top7","eeg_fm_lbeta_power_precond;eeg_fm_specent_precond;eeg_tleft_lbeta_power_precond;eeg_faa_precond;eeg_pleft_halpha_power_precond;eeg_ta_ratio_precond;eeg_tb_ratio_precond"
2025-12-19 16:09:44.3792,39,"stress_label",7,16,0.1,0.529069767441861,0.441860465116279,NA,7,"top7","eeg_fm_lbeta_power_precond;eeg_fm_specent_precond;eeg_tleft_lbeta_power_precond;eeg_faa_precond;eeg_pleft_halpha_power_precond;eeg_ta_ratio_precond;eeg_tb_ratio_precond"
2025-12-19 16:09:44.701961,39,"stress_label",7,32,0.1,0.505813953488372,0.459302325581395,NA,7,"top7","eeg_fm_lbeta_power_precond;eeg_fm_specent_precond;eeg_tleft_lbeta_power_precond;eeg_faa_precond;eeg_pleft_halpha_power_precond;eeg_ta_ratio_precond;eeg_tb_ratio_precond"
2025-12-19 16:09:44.695272,39,"stress_label",7,64,0.1,0.482558139534884,0.459302325581395,NA,7,"top7","eeg_fm_lbeta_power_precond;eeg_fm_specent_precond;eeg_tleft_lbeta_power_precond;eeg_faa_precond;eeg_pleft_halpha_power_precond;eeg_ta_ratio_precond;eeg_tb_ratio_precond"
2025-12-19 16:09:44.919118,39,"stress_label",7,128,0.1,0.453488372093023,0.488372093023256,NA,7,"top7","eeg_fm_lbeta_power_precond;eeg_fm_specent_precond;eeg_tleft_lbeta_power_precond;eeg_faa_precond;eeg_pleft_halpha_power_precond;eeg_ta_ratio_precond;eeg_tb_ratio_precond"
2025-12-19 16:09:45.087631,39,"stress_label",7,256,0.1,0.447674418604651,0.5,NA,7,"top7","eeg_fm_lbeta_power_precond;eeg_fm_specent_precond;eeg_tleft_lbeta_power_precond;eeg_faa_precond;eeg_pleft_halpha_power_precond;eeg_ta_ratio_precond;eeg_tb_ratio_precond"
2025-12-19 16:09:46.359345,40,"stress_label",7,2,0.0078125,0.465116279069767,0.563953488372093,0.381395348837209,7,"top7","eeg_fm_specent_precond;eeg_faa_precond;eeg_fm_beta_power_precond;eeg_fl_theta_power_precond;eeg_tleft_lbeta_power_precond;eeg_fr_specent_precond;eeg_ab_ratio_precond"
2025-12-19 16:09:46.369964,40,"stress_label",7,4,0.0078125,0.47093023255814,0.476744186046512,0.421705426356589,7,"top7","eeg_fm_specent_precond;eeg_faa_precond;eeg_fm_beta_power_precond;eeg_fl_theta_power_precond;eeg_tleft_lbeta_power_precond;eeg_fr_specent_precond;eeg_ab_ratio_precond"
2025-12-19 16:09:46.361164,40,"stress_label",7,8,0.0078125,0.47093023255814,0.406976744186047,0.415503875968992,7,"top7","eeg_fm_specent_precond;eeg_faa_precond;eeg_fm_beta_power_precond;eeg_fl_theta_power_precond;eeg_tleft_lbeta_power_precond;eeg_fr_specent_precond;eeg_ab_ratio_precond"
2025-12-19 16:09:46.359003,40,"stress_label",7,16,0.0078125,0.47093023255814,0.511627906976744,0.410077519379845,7,"top7","eeg_fm_specent_precond;eeg_faa_precond;eeg_fm_beta_power_precond;eeg_fl_theta_power_precond;eeg_tleft_lbeta_power_precond;eeg_fr_specent_precond;eeg_ab_ratio_precond"
2025-12-19 16:09:46.395659,40,"stress_label",7,32,0.0078125,0.459302325581395,0.459302325581395,0.396899224806202,7,"top7","eeg_fm_specent_precond;eeg_faa_precond;eeg_fm_beta_power_precond;eeg_fl_theta_power_precond;eeg_tleft_lbeta_power_precond;eeg_fr_specent_precond;eeg_ab_ratio_precond"
2025-12-19 16:09:46.388418,40,"stress_label",7,64,0.0078125,0.482558139534884,0.441860465116279,0.421705426356589,7,"top7","eeg_fm_specent_precond;eeg_faa_precond;eeg_fm_beta_power_precond;eeg_fl_theta_power_precond;eeg_tleft_lbeta_power_precond;eeg_fr_specent_precond;eeg_ab_ratio_precond"
2025-12-19 16:09:46.458045,40,"stress_label",7,128,0.0078125,0.488372093023256,0.383720930232558,0.42015503875969,7,"top7","eeg_fm_specent_precond;eeg_faa_precond;eeg_fm_beta_power_precond;eeg_fl_theta_power_precond;eeg_tleft_lbeta_power_precond;eeg_fr_specent_precond;eeg_ab_ratio_precond"
2025-12-19 16:09:46.603061,40,"stress_label",7,256,0.0078125,0.494186046511628,0.488372093023256,NA,7,"top7","eeg_fm_specent_precond;eeg_faa_precond;eeg_fm_beta_power_precond;eeg_fl_theta_power_precond;eeg_tleft_lbeta_power_precond;eeg_fr_specent_precond;eeg_ab_ratio_precond"
2025-12-19 16:09:46.346151,40,"stress_label",7,2,0.015625,0.465116279069767,0.47093023255814,0.410077519379845,7,"top7","eeg_fm_specent_precond;eeg_faa_precond;eeg_fm_beta_power_precond;eeg_fl_theta_power_precond;eeg_tleft_lbeta_power_precond;eeg_fr_specent_precond;eeg_ab_ratio_precond"
2025-12-19 16:09:46.403198,40,"stress_label",7,4,0.015625,0.465116279069767,0.546511627906977,0.393023255813953,7,"top7","eeg_fm_specent_precond;eeg_faa_precond;eeg_fm_beta_power_precond;eeg_fl_theta_power_precond;eeg_tleft_lbeta_power_precond;eeg_fr_specent_precond;eeg_ab_ratio_precond"
2025-12-19 16:09:46.354738,40,"stress_label",7,8,0.015625,0.47093023255814,0.482558139534884,0.396899224806202,7,"top7","eeg_fm_specent_precond;eeg_faa_precond;eeg_fm_beta_power_precond;eeg_fl_theta_power_precond;eeg_tleft_lbeta_power_precond;eeg_fr_specent_precond;eeg_ab_ratio_precond"
2025-12-19 16:09:46.384222,40,"stress_label",7,16,0.015625,0.476744186046512,0.511627906976744,0.410077519379845,7,"top7","eeg_fm_specent_precond;eeg_faa_precond;eeg_fm_beta_power_precond;eeg_fl_theta_power_precond;eeg_tleft_lbeta_power_precond;eeg_fr_specent_precond;eeg_ab_ratio_precond"
2025-12-19 16:09:46.397804,40,"stress_label",7,32,0.015625,0.476744186046512,0.459302325581395,0.403100775193798,7,"top7","eeg_fm_specent_precond;eeg_faa_precond;eeg_fm_beta_power_precond;eeg_fl_theta_power_precond;eeg_tleft_lbeta_power_precond;eeg_fr_specent_precond;eeg_ab_ratio_precond"
2025-12-19 16:09:46.501181,40,"stress_label",7,64,0.015625,0.5,0.383720930232558,NA,7,"top7","eeg_fm_specent_precond;eeg_faa_precond;eeg_fm_beta_power_precond;eeg_fl_theta_power_precond;eeg_tleft_lbeta_power_precond;eeg_fr_specent_precond;eeg_ab_ratio_precond"
2025-12-19 16:09:47.729863,40,"stress_label",7,128,0.015625,0.529069767441861,0.395348837209302,NA,7,"top7","eeg_fm_specent_precond;eeg_faa_precond;eeg_fm_beta_power_precond;eeg_fl_theta_power_precond;eeg_tleft_lbeta_power_precond;eeg_fr_specent_precond;eeg_ab_ratio_precond"
2025-12-19 16:09:47.883549,40,"stress_label",7,256,0.015625,0.534883720930233,0.354651162790698,NA,7,"top7","eeg_fm_specent_precond;eeg_faa_precond;eeg_fm_beta_power_precond;eeg_fl_theta_power_precond;eeg_tleft_lbeta_power_precond;eeg_fr_specent_precond;eeg_ab_ratio_precond"
2025-12-19 16:09:47.486051,40,"stress_label",7,2,0.03125,0.482558139534884,0.523255813953488,0.404651162790698,7,"top7","eeg_fm_specent_precond;eeg_faa_precond;eeg_fm_beta_power_precond;eeg_fl_theta_power_precond;eeg_tleft_lbeta_power_precond;eeg_fr_specent_precond;eeg_ab_ratio_precond"
2025-12-19 16:09:47.482051,40,"stress_label",7,4,0.03125,0.465116279069767,0.476744186046512,0.402325581395349,7,"top7","eeg_fm_specent_precond;eeg_faa_precond;eeg_fm_beta_power_precond;eeg_fl_theta_power_precond;eeg_tleft_lbeta_power_precond;eeg_fr_specent_precond;eeg_ab_ratio_precond"
2025-12-19 16:09:47.50612,40,"stress_label",7,8,0.03125,0.465116279069767,0.494186046511628,0.40077519379845,7,"top7","eeg_fm_specent_precond;eeg_faa_precond;eeg_fm_beta_power_precond;eeg_fl_theta_power_precond;eeg_tleft_lbeta_power_precond;eeg_fr_specent_precond;eeg_ab_ratio_precond"
2025-12-19 16:09:47.536394,40,"stress_label",7,16,0.03125,0.488372093023256,0.453488372093023,NA,7,"top7","eeg_fm_specent_precond;eeg_faa_precond;eeg_fm_beta_power_precond;eeg_fl_theta_power_precond;eeg_tleft_lbeta_power_precond;eeg_fr_specent_precond;eeg_ab_ratio_precond"
2025-12-19 16:09:47.649859,40,"stress_label",7,32,0.03125,0.529069767441861,0.424418604651163,NA,7,"top7","eeg_fm_specent_precond;eeg_faa_precond;eeg_fm_beta_power_precond;eeg_fl_theta_power_precond;eeg_tleft_lbeta_power_precond;eeg_fr_specent_precond;eeg_ab_ratio_precond"
2025-12-19 16:09:47.715112,40,"stress_label",7,64,0.03125,0.540697674418605,0.459302325581395,NA,7,"top7","eeg_fm_specent_precond;eeg_faa_precond;eeg_fm_beta_power_precond;eeg_fl_theta_power_precond;eeg_tleft_lbeta_power_precond;eeg_fr_specent_precond;eeg_ab_ratio_precond"
2025-12-19 16:09:48.166408,40,"stress_label",7,128,0.03125,0.534883720930233,0.412790697674419,NA,7,"top7","eeg_fm_specent_precond;eeg_faa_precond;eeg_fm_beta_power_precond;eeg_fl_theta_power_precond;eeg_tleft_lbeta_power_precond;eeg_fr_specent_precond;eeg_ab_ratio_precond"
2025-12-19 16:09:48.287907,40,"stress_label",7,256,0.03125,0.534883720930233,0.424418604651163,NA,7,"top7","eeg_fm_specent_precond;eeg_faa_precond;eeg_fm_beta_power_precond;eeg_fl_theta_power_precond;eeg_tleft_lbeta_power_precond;eeg_fr_specent_precond;eeg_ab_ratio_precond"
2025-12-19 16:09:47.731353,40,"stress_label",7,2,0.0625,0.465116279069767,0.540697674418605,0.406976744186047,7,"top7","eeg_fm_specent_precond;eeg_faa_precond;eeg_fm_beta_power_precond;eeg_fl_theta_power_precond;eeg_tleft_lbeta_power_precond;eeg_fr_specent_precond;eeg_ab_ratio_precond"
2025-12-19 16:09:47.640346,40,"stress_label",7,4,0.0625,0.47093023255814,0.488372093023256,NA,7,"top7","eeg_fm_specent_precond;eeg_faa_precond;eeg_fm_beta_power_precond;eeg_fl_theta_power_precond;eeg_tleft_lbeta_power_precond;eeg_fr_specent_precond;eeg_ab_ratio_precond"
2025-12-19 16:09:47.664946,40,"stress_label",7,8,0.0625,0.529069767441861,0.488372093023256,NA,7,"top7","eeg_fm_specent_precond;eeg_faa_precond;eeg_fm_beta_power_precond;eeg_fl_theta_power_precond;eeg_tleft_lbeta_power_precond;eeg_fr_specent_precond;eeg_ab_ratio_precond"
2025-12-19 16:09:47.824079,40,"stress_label",7,16,0.0625,0.563953488372093,0.372093023255814,NA,7,"top7","eeg_fm_specent_precond;eeg_faa_precond;eeg_fm_beta_power_precond;eeg_fl_theta_power_precond;eeg_tleft_lbeta_power_precond;eeg_fr_specent_precond;eeg_ab_ratio_precond"
2025-12-19 16:09:48.711246,40,"stress_label",7,32,0.0625,0.552325581395349,0.273255813953488,NA,7,"top7","eeg_fm_specent_precond;eeg_faa_precond;eeg_fm_beta_power_precond;eeg_fl_theta_power_precond;eeg_tleft_lbeta_power_precond;eeg_fr_specent_precond;eeg_ab_ratio_precond"
2025-12-19 16:09:48.876274,40,"stress_label",7,64,0.0625,0.534883720930233,0.348837209302326,NA,7,"top7","eeg_fm_specent_precond;eeg_faa_precond;eeg_fm_beta_power_precond;eeg_fl_theta_power_precond;eeg_tleft_lbeta_power_precond;eeg_fr_specent_precond;eeg_ab_ratio_precond"
2025-12-19 16:09:49.188285,40,"stress_label",7,128,0.0625,0.529069767441861,0.418604651162791,NA,7,"top7","eeg_fm_specent_precond;eeg_faa_precond;eeg_fm_beta_power_precond;eeg_fl_theta_power_precond;eeg_tleft_lbeta_power_precond;eeg_fr_specent_precond;eeg_ab_ratio_precond"
2025-12-19 16:09:49.667689,40,"stress_label",7,256,0.0625,0.511627906976744,0.412790697674419,NA,7,"top7","eeg_fm_specent_precond;eeg_faa_precond;eeg_fm_beta_power_precond;eeg_fl_theta_power_precond;eeg_tleft_lbeta_power_precond;eeg_fr_specent_precond;eeg_ab_ratio_precond"
2025-12-19 16:09:48.71355,40,"stress_label",7,2,0.125,0.517441860465116,0.488372093023256,0.475193798449612,7,"top7","eeg_fm_specent_precond;eeg_faa_precond;eeg_fm_beta_power_precond;eeg_fl_theta_power_precond;eeg_tleft_lbeta_power_precond;eeg_fr_specent_precond;eeg_ab_ratio_precond"
2025-12-19 16:09:48.754786,40,"stress_label",7,4,0.125,0.558139534883721,0.38953488372093,NA,7,"top7","eeg_fm_specent_precond;eeg_faa_precond;eeg_fm_beta_power_precond;eeg_fl_theta_power_precond;eeg_tleft_lbeta_power_precond;eeg_fr_specent_precond;eeg_ab_ratio_precond"
2025-12-19 16:09:48.826255,40,"stress_label",7,8,0.125,0.523255813953488,0.424418604651163,NA,7,"top7","eeg_fm_specent_precond;eeg_faa_precond;eeg_fm_beta_power_precond;eeg_fl_theta_power_precond;eeg_tleft_lbeta_power_precond;eeg_fr_specent_precond;eeg_ab_ratio_precond"
2025-12-19 16:09:48.941385,40,"stress_label",7,16,0.125,0.534883720930233,0.383720930232558,NA,7,"top7","eeg_fm_specent_precond;eeg_faa_precond;eeg_fm_beta_power_precond;eeg_fl_theta_power_precond;eeg_tleft_lbeta_power_precond;eeg_fr_specent_precond;eeg_ab_ratio_precond"
2025-12-19 16:09:49.094358,40,"stress_label",7,32,0.125,0.534883720930233,0.401162790697674,NA,7,"top7","eeg_fm_specent_precond;eeg_faa_precond;eeg_fm_beta_power_precond;eeg_fl_theta_power_precond;eeg_tleft_lbeta_power_precond;eeg_fr_specent_precond;eeg_ab_ratio_precond"
2025-12-19 16:09:49.154321,40,"stress_label",7,64,0.125,0.505813953488372,0.372093023255814,NA,7,"top7","eeg_fm_specent_precond;eeg_faa_precond;eeg_fm_beta_power_precond;eeg_fl_theta_power_precond;eeg_tleft_lbeta_power_precond;eeg_fr_specent_precond;eeg_ab_ratio_precond"
2025-12-19 16:09:49.475249,40,"stress_label",7,128,0.125,0.505813953488372,0.488372093023256,NA,7,"top7","eeg_fm_specent_precond;eeg_faa_precond;eeg_fm_beta_power_precond;eeg_fl_theta_power_precond;eeg_tleft_lbeta_power_precond;eeg_fr_specent_precond;eeg_ab_ratio_precond"
2025-12-19 16:09:49.730532,40,"stress_label",7,256,0.125,0.488372093023256,0.465116279069767,NA,7,"top7","eeg_fm_specent_precond;eeg_faa_precond;eeg_fm_beta_power_precond;eeg_fl_theta_power_precond;eeg_tleft_lbeta_power_precond;eeg_fr_specent_precond;eeg_ab_ratio_precond"
2025-12-19 16:09:49.216275,40,"stress_label",7,2,0.03,0.482558139534884,0.558139534883721,0.404651162790698,7,"top7","eeg_fm_specent_precond;eeg_faa_precond;eeg_fm_beta_power_precond;eeg_fl_theta_power_precond;eeg_tleft_lbeta_power_precond;eeg_fr_specent_precond;eeg_ab_ratio_precond"
2025-12-19 16:09:49.329555,40,"stress_label",7,4,0.03,0.459302325581395,0.523255813953488,0.394573643410853,7,"top7","eeg_fm_specent_precond;eeg_faa_precond;eeg_fm_beta_power_precond;eeg_fl_theta_power_precond;eeg_tleft_lbeta_power_precond;eeg_fr_specent_precond;eeg_ab_ratio_precond"
2025-12-19 16:09:49.737921,40,"stress_label",7,8,0.03,0.47093023255814,0.511627906976744,0.404651162790698,7,"top7","eeg_fm_specent_precond;eeg_faa_precond;eeg_fm_beta_power_precond;eeg_fl_theta_power_precond;eeg_tleft_lbeta_power_precond;eeg_fr_specent_precond;eeg_ab_ratio_precond"
2025-12-19 16:09:49.828936,40,"stress_label",7,16,0.03,0.476744186046512,0.406976744186047,NA,7,"top7","eeg_fm_specent_precond;eeg_faa_precond;eeg_fm_beta_power_precond;eeg_fl_theta_power_precond;eeg_tleft_lbeta_power_precond;eeg_fr_specent_precond;eeg_ab_ratio_precond"
2025-12-19 16:09:49.853278,40,"stress_label",7,32,0.03,0.523255813953488,0.47093023255814,NA,7,"top7","eeg_fm_specent_precond;eeg_faa_precond;eeg_fm_beta_power_precond;eeg_fl_theta_power_precond;eeg_tleft_lbeta_power_precond;eeg_fr_specent_precond;eeg_ab_ratio_precond"
2025-12-19 16:09:50.067279,40,"stress_label",7,64,0.03,0.534883720930233,0.412790697674419,NA,7,"top7","eeg_fm_specent_precond;eeg_faa_precond;eeg_fm_beta_power_precond;eeg_fl_theta_power_precond;eeg_tleft_lbeta_power_precond;eeg_fr_specent_precond;eeg_ab_ratio_precond"
2025-12-19 16:09:50.347601,40,"stress_label",7,128,0.03,0.523255813953488,0.395348837209302,NA,7,"top7","eeg_fm_specent_precond;eeg_faa_precond;eeg_fm_beta_power_precond;eeg_fl_theta_power_precond;eeg_tleft_lbeta_power_precond;eeg_fr_specent_precond;eeg_ab_ratio_precond"
2025-12-19 16:09:50.737913,40,"stress_label",7,256,0.03,0.529069767441861,0.372093023255814,NA,7,"top7","eeg_fm_specent_precond;eeg_faa_precond;eeg_fm_beta_power_precond;eeg_fl_theta_power_precond;eeg_tleft_lbeta_power_precond;eeg_fr_specent_precond;eeg_ab_ratio_precond"
2025-12-19 16:09:50.147513,40,"stress_label",7,2,0.06,0.459302325581395,0.511627906976744,0.403100775193798,7,"top7","eeg_fm_specent_precond;eeg_faa_precond;eeg_fm_beta_power_precond;eeg_fl_theta_power_precond;eeg_tleft_lbeta_power_precond;eeg_fr_specent_precond;eeg_ab_ratio_precond"
2025-12-19 16:09:50.212456,40,"stress_label",7,4,0.06,0.482558139534884,0.447674418604651,NA,7,"top7","eeg_fm_specent_precond;eeg_faa_precond;eeg_fm_beta_power_precond;eeg_fl_theta_power_precond;eeg_tleft_lbeta_power_precond;eeg_fr_specent_precond;eeg_ab_ratio_precond"
2025-12-19 16:09:50.303906,40,"stress_label",7,8,0.06,0.523255813953488,0.447674418604651,NA,7,"top7","eeg_fm_specent_precond;eeg_faa_precond;eeg_fm_beta_power_precond;eeg_fl_theta_power_precond;eeg_tleft_lbeta_power_precond;eeg_fr_specent_precond;eeg_ab_ratio_precond"
2025-12-19 16:09:50.326822,40,"stress_label",7,16,0.06,0.558139534883721,0.343023255813953,NA,7,"top7","eeg_fm_specent_precond;eeg_faa_precond;eeg_fm_beta_power_precond;eeg_fl_theta_power_precond;eeg_tleft_lbeta_power_precond;eeg_fr_specent_precond;eeg_ab_ratio_precond"
2025-12-19 16:09:50.552375,40,"stress_label",7,32,0.06,0.563953488372093,0.372093023255814,NA,7,"top7","eeg_fm_specent_precond;eeg_faa_precond;eeg_fm_beta_power_precond;eeg_fl_theta_power_precond;eeg_tleft_lbeta_power_precond;eeg_fr_specent_precond;eeg_ab_ratio_precond"
2025-12-19 16:09:50.825829,40,"stress_label",7,64,0.06,0.523255813953488,0.366279069767442,NA,7,"top7","eeg_fm_specent_precond;eeg_faa_precond;eeg_fm_beta_power_precond;eeg_fl_theta_power_precond;eeg_tleft_lbeta_power_precond;eeg_fr_specent_precond;eeg_ab_ratio_precond"
2025-12-19 16:09:51.200575,40,"stress_label",7,128,0.06,0.517441860465116,0.436046511627907,NA,7,"top7","eeg_fm_specent_precond;eeg_faa_precond;eeg_fm_beta_power_precond;eeg_fl_theta_power_precond;eeg_tleft_lbeta_power_precond;eeg_fr_specent_precond;eeg_ab_ratio_precond"
2025-12-19 16:09:51.488254,40,"stress_label",7,256,0.06,0.517441860465116,0.401162790697674,NA,7,"top7","eeg_fm_specent_precond;eeg_faa_precond;eeg_fm_beta_power_precond;eeg_fl_theta_power_precond;eeg_tleft_lbeta_power_precond;eeg_fr_specent_precond;eeg_ab_ratio_precond"
2025-12-19 16:09:50.774331,40,"stress_label",7,2,0.1,0.482558139534884,0.540697674418605,NA,7,"top7","eeg_fm_specent_precond;eeg_faa_precond;eeg_fm_beta_power_precond;eeg_fl_theta_power_precond;eeg_tleft_lbeta_power_precond;eeg_fr_specent_precond;eeg_ab_ratio_precond"
2025-12-19 16:09:50.872989,40,"stress_label",7,4,0.1,0.529069767441861,0.482558139534884,NA,7,"top7","eeg_fm_specent_precond;eeg_faa_precond;eeg_fm_beta_power_precond;eeg_fl_theta_power_precond;eeg_tleft_lbeta_power_precond;eeg_fr_specent_precond;eeg_ab_ratio_precond"
2025-12-19 16:09:50.926071,40,"stress_label",7,8,0.1,0.558139534883721,0.383720930232558,NA,7,"top7","eeg_fm_specent_precond;eeg_faa_precond;eeg_fm_beta_power_precond;eeg_fl_theta_power_precond;eeg_tleft_lbeta_power_precond;eeg_fr_specent_precond;eeg_ab_ratio_precond"
2025-12-19 16:09:51.145661,40,"stress_label",7,16,0.1,0.534883720930233,0.395348837209302,NA,7,"top7","eeg_fm_specent_precond;eeg_faa_precond;eeg_fm_beta_power_precond;eeg_fl_theta_power_precond;eeg_tleft_lbeta_power_precond;eeg_fr_specent_precond;eeg_ab_ratio_precond"
2025-12-19 16:09:51.240697,40,"stress_label",7,32,0.1,0.529069767441861,0.36046511627907,NA,7,"top7","eeg_fm_specent_precond;eeg_faa_precond;eeg_fm_beta_power_precond;eeg_fl_theta_power_precond;eeg_tleft_lbeta_power_precond;eeg_fr_specent_precond;eeg_ab_ratio_precond"
2025-12-19 16:09:51.461842,40,"stress_label",7,64,0.1,0.523255813953488,0.377906976744186,NA,7,"top7","eeg_fm_specent_precond;eeg_faa_precond;eeg_fm_beta_power_precond;eeg_fl_theta_power_precond;eeg_tleft_lbeta_power_precond;eeg_fr_specent_precond;eeg_ab_ratio_precond"
2025-12-19 16:09:51.598635,40,"stress_label",7,128,0.1,0.494186046511628,0.453488372093023,NA,7,"top7","eeg_fm_specent_precond;eeg_faa_precond;eeg_fm_beta_power_precond;eeg_fl_theta_power_precond;eeg_tleft_lbeta_power_precond;eeg_fr_specent_precond;eeg_ab_ratio_precond"
2025-12-19 16:09:51.729164,40,"stress_label",7,256,0.1,0.488372093023256,0.424418604651163,NA,7,"top7","eeg_fm_specent_precond;eeg_faa_precond;eeg_fm_beta_power_precond;eeg_fl_theta_power_precond;eeg_tleft_lbeta_power_precond;eeg_fr_specent_precond;eeg_ab_ratio_precond"
2025-12-19 16:09:52.999066,41,"stress_label",7,2,0.0078125,0.424418604651163,0.587209302325581,0.341085271317829,7,"top7","eeg_fm_specent_precond;eeg_tleft_lbeta_power_precond;eeg_fm_beta_power_precond;eeg_faa_precond;eeg_fl_theta_power_precond;eeg_tleft_lalpha_power_precond;eeg_pleft_halpha_power_precond"
2025-12-19 16:09:52.996938,41,"stress_label",7,4,0.0078125,0.459302325581395,0.593023255813954,NA,7,"top7","eeg_fm_specent_precond;eeg_tleft_lbeta_power_precond;eeg_fm_beta_power_precond;eeg_faa_precond;eeg_fl_theta_power_precond;eeg_tleft_lalpha_power_precond;eeg_pleft_halpha_power_precond"
2025-12-19 16:09:53.002738,41,"stress_label",7,8,0.0078125,0.465116279069767,0.552325581395349,0.39922480620155,7,"top7","eeg_fm_specent_precond;eeg_tleft_lbeta_power_precond;eeg_fm_beta_power_precond;eeg_faa_precond;eeg_fl_theta_power_precond;eeg_tleft_lalpha_power_precond;eeg_pleft_halpha_power_precond"
2025-12-19 16:09:52.99756,41,"stress_label",7,16,0.0078125,0.418604651162791,0.575581395348837,0.373643410852713,7,"top7","eeg_fm_specent_precond;eeg_tleft_lbeta_power_precond;eeg_fm_beta_power_precond;eeg_faa_precond;eeg_fl_theta_power_precond;eeg_tleft_lalpha_power_precond;eeg_pleft_halpha_power_precond"
2025-12-19 16:09:52.988565,41,"stress_label",7,32,0.0078125,0.406976744186047,0.569767441860465,NA,7,"top7","eeg_fm_specent_precond;eeg_tleft_lbeta_power_precond;eeg_fm_beta_power_precond;eeg_faa_precond;eeg_fl_theta_power_precond;eeg_tleft_lalpha_power_precond;eeg_pleft_halpha_power_precond"
2025-12-19 16:09:53.025768,41,"stress_label",7,64,0.0078125,0.395348837209302,0.63953488372093,0.331007751937984,7,"top7","eeg_fm_specent_precond;eeg_tleft_lbeta_power_precond;eeg_fm_beta_power_precond;eeg_faa_precond;eeg_fl_theta_power_precond;eeg_tleft_lalpha_power_precond;eeg_pleft_halpha_power_precond"
2025-12-19 16:09:53.132422,41,"stress_label",7,128,0.0078125,0.441860465116279,0.546511627906977,NA,7,"top7","eeg_fm_specent_precond;eeg_tleft_lbeta_power_precond;eeg_fm_beta_power_precond;eeg_faa_precond;eeg_fl_theta_power_precond;eeg_tleft_lalpha_power_precond;eeg_pleft_halpha_power_precond"
2025-12-19 16:09:53.260692,41,"stress_label",7,256,0.0078125,0.476744186046512,0.453488372093023,NA,7,"top7","eeg_fm_specent_precond;eeg_tleft_lbeta_power_precond;eeg_fm_beta_power_precond;eeg_faa_precond;eeg_fl_theta_power_precond;eeg_tleft_lalpha_power_precond;eeg_pleft_halpha_power_precond"
2025-12-19 16:09:53.0304,41,"stress_label",7,2,0.015625,0.447674418604651,0.575581395348837,NA,7,"top7","eeg_fm_specent_precond;eeg_tleft_lbeta_power_precond;eeg_fm_beta_power_precond;eeg_faa_precond;eeg_fl_theta_power_precond;eeg_tleft_lalpha_power_precond;eeg_pleft_halpha_power_precond"
2025-12-19 16:09:53.01953,41,"stress_label",7,4,0.015625,0.441860465116279,0.587209302325581,NA,7,"top7","eeg_fm_specent_precond;eeg_tleft_lbeta_power_precond;eeg_fm_beta_power_precond;eeg_faa_precond;eeg_fl_theta_power_precond;eeg_tleft_lalpha_power_precond;eeg_pleft_halpha_power_precond"
2025-12-19 16:09:53.011654,41,"stress_label",7,8,0.015625,0.430232558139535,0.587209302325581,NA,7,"top7","eeg_fm_specent_precond;eeg_tleft_lbeta_power_precond;eeg_fm_beta_power_precond;eeg_faa_precond;eeg_fl_theta_power_precond;eeg_tleft_lalpha_power_precond;eeg_pleft_halpha_power_precond"
2025-12-19 16:09:52.995062,41,"stress_label",7,16,0.015625,0.38953488372093,0.645348837209302,0.324806201550388,7,"top7","eeg_fm_specent_precond;eeg_tleft_lbeta_power_precond;eeg_fm_beta_power_precond;eeg_faa_precond;eeg_fl_theta_power_precond;eeg_tleft_lalpha_power_precond;eeg_pleft_halpha_power_precond"
2025-12-19 16:09:53.075059,41,"stress_label",7,32,0.015625,0.430232558139535,0.511627906976744,NA,7,"top7","eeg_fm_specent_precond;eeg_tleft_lbeta_power_precond;eeg_fm_beta_power_precond;eeg_faa_precond;eeg_fl_theta_power_precond;eeg_tleft_lalpha_power_precond;eeg_pleft_halpha_power_precond"
2025-12-19 16:09:53.155782,41,"stress_label",7,64,0.015625,0.459302325581395,0.441860465116279,NA,7,"top7","eeg_fm_specent_precond;eeg_tleft_lbeta_power_precond;eeg_fm_beta_power_precond;eeg_faa_precond;eeg_fl_theta_power_precond;eeg_tleft_lalpha_power_precond;eeg_pleft_halpha_power_precond"
2025-12-19 16:09:54.29364,41,"stress_label",7,128,0.015625,0.5,0.377906976744186,NA,7,"top7","eeg_fm_specent_precond;eeg_tleft_lbeta_power_precond;eeg_fm_beta_power_precond;eeg_faa_precond;eeg_fl_theta_power_precond;eeg_tleft_lalpha_power_precond;eeg_pleft_halpha_power_precond"
2025-12-19 16:09:54.43692,41,"stress_label",7,256,0.015625,0.494186046511628,0.5,NA,7,"top7","eeg_fm_specent_precond;eeg_tleft_lbeta_power_precond;eeg_fm_beta_power_precond;eeg_faa_precond;eeg_fl_theta_power_precond;eeg_tleft_lalpha_power_precond;eeg_pleft_halpha_power_precond"
2025-12-19 16:09:54.096307,41,"stress_label",7,2,0.03125,0.441860465116279,0.598837209302326,NA,7,"top7","eeg_fm_specent_precond;eeg_tleft_lbeta_power_precond;eeg_fm_beta_power_precond;eeg_faa_precond;eeg_fl_theta_power_precond;eeg_tleft_lalpha_power_precond;eeg_pleft_halpha_power_precond"
2025-12-19 16:09:54.077474,41,"stress_label",7,4,0.03125,0.401162790697674,0.622093023255814,0.347286821705426,7,"top7","eeg_fm_specent_precond;eeg_tleft_lbeta_power_precond;eeg_fm_beta_power_precond;eeg_faa_precond;eeg_fl_theta_power_precond;eeg_tleft_lalpha_power_precond;eeg_pleft_halpha_power_precond"
2025-12-19 16:09:54.122562,41,"stress_label",7,8,0.03125,0.430232558139535,0.587209302325581,NA,7,"top7","eeg_fm_specent_precond;eeg_tleft_lbeta_power_precond;eeg_fm_beta_power_precond;eeg_faa_precond;eeg_fl_theta_power_precond;eeg_tleft_lalpha_power_precond;eeg_pleft_halpha_power_precond"
2025-12-19 16:09:54.141401,41,"stress_label",7,16,0.03125,0.441860465116279,0.418604651162791,NA,7,"top7","eeg_fm_specent_precond;eeg_tleft_lbeta_power_precond;eeg_fm_beta_power_precond;eeg_faa_precond;eeg_fl_theta_power_precond;eeg_tleft_lalpha_power_precond;eeg_pleft_halpha_power_precond"
2025-12-19 16:09:54.173143,41,"stress_label",7,32,0.03125,0.488372093023256,0.372093023255814,NA,7,"top7","eeg_fm_specent_precond;eeg_tleft_lbeta_power_precond;eeg_fm_beta_power_precond;eeg_faa_precond;eeg_fl_theta_power_precond;eeg_tleft_lalpha_power_precond;eeg_pleft_halpha_power_precond"
2025-12-19 16:09:54.244981,41,"stress_label",7,64,0.03125,0.534883720930233,0.38953488372093,NA,7,"top7","eeg_fm_specent_precond;eeg_tleft_lbeta_power_precond;eeg_fm_beta_power_precond;eeg_faa_precond;eeg_fl_theta_power_precond;eeg_tleft_lalpha_power_precond;eeg_pleft_halpha_power_precond"
2025-12-19 16:09:54.484026,41,"stress_label",7,128,0.03125,0.494186046511628,0.406976744186047,NA,7,"top7","eeg_fm_specent_precond;eeg_tleft_lbeta_power_precond;eeg_fm_beta_power_precond;eeg_faa_precond;eeg_fl_theta_power_precond;eeg_tleft_lalpha_power_precond;eeg_pleft_halpha_power_precond"
2025-12-19 16:09:54.762602,41,"stress_label",7,256,0.03125,0.47093023255814,0.436046511627907,NA,7,"top7","eeg_fm_specent_precond;eeg_tleft_lbeta_power_precond;eeg_fm_beta_power_precond;eeg_faa_precond;eeg_fl_theta_power_precond;eeg_tleft_lalpha_power_precond;eeg_pleft_halpha_power_precond"
2025-12-19 16:09:54.135818,41,"stress_label",7,2,0.0625,0.412790697674419,0.604651162790698,0.351937984496124,7,"top7","eeg_fm_specent_precond;eeg_tleft_lbeta_power_precond;eeg_fm_beta_power_precond;eeg_faa_precond;eeg_fl_theta_power_precond;eeg_tleft_lalpha_power_precond;eeg_pleft_halpha_power_precond"
2025-12-19 16:09:54.240725,41,"stress_label",7,4,0.0625,0.453488372093023,0.5,NA,7,"top7","eeg_fm_specent_precond;eeg_tleft_lbeta_power_precond;eeg_fm_beta_power_precond;eeg_faa_precond;eeg_fl_theta_power_precond;eeg_tleft_lalpha_power_precond;eeg_pleft_halpha_power_precond"
2025-12-19 16:09:54.300458,41,"stress_label",7,8,0.0625,0.47093023255814,0.412790697674419,NA,7,"top7","eeg_fm_specent_precond;eeg_tleft_lbeta_power_precond;eeg_fm_beta_power_precond;eeg_faa_precond;eeg_fl_theta_power_precond;eeg_tleft_lalpha_power_precond;eeg_pleft_halpha_power_precond"
2025-12-19 16:09:54.419792,41,"stress_label",7,16,0.0625,0.505813953488372,0.430232558139535,NA,7,"top7","eeg_fm_specent_precond;eeg_tleft_lbeta_power_precond;eeg_fm_beta_power_precond;eeg_faa_precond;eeg_fl_theta_power_precond;eeg_tleft_lalpha_power_precond;eeg_pleft_halpha_power_precond"
2025-12-19 16:09:55.273567,41,"stress_label",7,32,0.0625,0.453488372093023,0.47093023255814,NA,7,"top7","eeg_fm_specent_precond;eeg_tleft_lbeta_power_precond;eeg_fm_beta_power_precond;eeg_faa_precond;eeg_fl_theta_power_precond;eeg_tleft_lalpha_power_precond;eeg_pleft_halpha_power_precond"
2025-12-19 16:09:55.456369,41,"stress_label",7,64,0.0625,0.459302325581395,0.482558139534884,NA,7,"top7","eeg_fm_specent_precond;eeg_tleft_lbeta_power_precond;eeg_fm_beta_power_precond;eeg_faa_precond;eeg_fl_theta_power_precond;eeg_tleft_lalpha_power_precond;eeg_pleft_halpha_power_precond"
2025-12-19 16:09:55.721508,41,"stress_label",7,128,0.0625,0.488372093023256,0.465116279069767,NA,7,"top7","eeg_fm_specent_precond;eeg_tleft_lbeta_power_precond;eeg_fm_beta_power_precond;eeg_faa_precond;eeg_fl_theta_power_precond;eeg_tleft_lalpha_power_precond;eeg_pleft_halpha_power_precond"
2025-12-19 16:09:56.07857,41,"stress_label",7,256,0.0625,0.436046511627907,0.441860465116279,NA,7,"top7","eeg_fm_specent_precond;eeg_tleft_lbeta_power_precond;eeg_fm_beta_power_precond;eeg_faa_precond;eeg_fl_theta_power_precond;eeg_tleft_lalpha_power_precond;eeg_pleft_halpha_power_precond"
2025-12-19 16:09:55.240381,41,"stress_label",7,2,0.125,0.517441860465116,0.436046511627907,NA,7,"top7","eeg_fm_specent_precond;eeg_tleft_lbeta_power_precond;eeg_fm_beta_power_precond;eeg_faa_precond;eeg_fl_theta_power_precond;eeg_tleft_lalpha_power_precond;eeg_pleft_halpha_power_precond"
2025-12-19 16:09:55.268142,41,"stress_label",7,4,0.125,0.47093023255814,0.401162790697674,NA,7,"top7","eeg_fm_specent_precond;eeg_tleft_lbeta_power_precond;eeg_fm_beta_power_precond;eeg_faa_precond;eeg_fl_theta_power_precond;eeg_tleft_lalpha_power_precond;eeg_pleft_halpha_power_precond"
2025-12-19 16:09:55.348493,41,"stress_label",7,8,0.125,0.459302325581395,0.447674418604651,NA,7,"top7","eeg_fm_specent_precond;eeg_tleft_lbeta_power_precond;eeg_fm_beta_power_precond;eeg_faa_precond;eeg_fl_theta_power_precond;eeg_tleft_lalpha_power_precond;eeg_pleft_halpha_power_precond"
2025-12-19 16:09:55.448974,41,"stress_label",7,16,0.125,0.488372093023256,0.436046511627907,NA,7,"top7","eeg_fm_specent_precond;eeg_tleft_lbeta_power_precond;eeg_fm_beta_power_precond;eeg_faa_precond;eeg_fl_theta_power_precond;eeg_tleft_lalpha_power_precond;eeg_pleft_halpha_power_precond"
2025-12-19 16:09:55.591787,41,"stress_label",7,32,0.125,0.482558139534884,0.47093023255814,NA,7,"top7","eeg_fm_specent_precond;eeg_tleft_lbeta_power_precond;eeg_fm_beta_power_precond;eeg_faa_precond;eeg_fl_theta_power_precond;eeg_tleft_lalpha_power_precond;eeg_pleft_halpha_power_precond"
2025-12-19 16:09:55.728265,41,"stress_label",7,64,0.125,0.459302325581395,0.453488372093023,NA,7,"top7","eeg_fm_specent_precond;eeg_tleft_lbeta_power_precond;eeg_fm_beta_power_precond;eeg_faa_precond;eeg_fl_theta_power_precond;eeg_tleft_lalpha_power_precond;eeg_pleft_halpha_power_precond"
2025-12-19 16:09:56.079618,41,"stress_label",7,128,0.125,0.476744186046512,0.459302325581395,NA,7,"top7","eeg_fm_specent_precond;eeg_tleft_lbeta_power_precond;eeg_fm_beta_power_precond;eeg_faa_precond;eeg_fl_theta_power_precond;eeg_tleft_lalpha_power_precond;eeg_pleft_halpha_power_precond"
2025-12-19 16:09:56.267814,41,"stress_label",7,256,0.125,0.459302325581395,0.430232558139535,NA,7,"top7","eeg_fm_specent_precond;eeg_tleft_lbeta_power_precond;eeg_fm_beta_power_precond;eeg_faa_precond;eeg_fl_theta_power_precond;eeg_tleft_lalpha_power_precond;eeg_pleft_halpha_power_precond"
2025-12-19 16:09:55.551008,41,"stress_label",7,2,0.03,0.436046511627907,0.581395348837209,NA,7,"top7","eeg_fm_specent_precond;eeg_tleft_lbeta_power_precond;eeg_fm_beta_power_precond;eeg_faa_precond;eeg_fl_theta_power_precond;eeg_tleft_lalpha_power_precond;eeg_pleft_halpha_power_precond"
2025-12-19 16:09:55.844099,41,"stress_label",7,4,0.03,0.401162790697674,0.598837209302326,0.347286821705426,7,"top7","eeg_fm_specent_precond;eeg_tleft_lbeta_power_precond;eeg_fm_beta_power_precond;eeg_faa_precond;eeg_fl_theta_power_precond;eeg_tleft_lalpha_power_precond;eeg_pleft_halpha_power_precond"
2025-12-19 16:09:56.333806,41,"stress_label",7,8,0.03,0.430232558139535,0.593023255813954,NA,7,"top7","eeg_fm_specent_precond;eeg_tleft_lbeta_power_precond;eeg_fm_beta_power_precond;eeg_faa_precond;eeg_fl_theta_power_precond;eeg_tleft_lalpha_power_precond;eeg_pleft_halpha_power_precond"
2025-12-19 16:09:56.408278,41,"stress_label",7,16,0.03,0.447674418604651,0.453488372093023,NA,7,"top7","eeg_fm_specent_precond;eeg_tleft_lbeta_power_precond;eeg_fm_beta_power_precond;eeg_faa_precond;eeg_fl_theta_power_precond;eeg_tleft_lalpha_power_precond;eeg_pleft_halpha_power_precond"
2025-12-19 16:09:56.455237,41,"stress_label",7,32,0.03,0.482558139534884,0.47093023255814,NA,7,"top7","eeg_fm_specent_precond;eeg_tleft_lbeta_power_precond;eeg_fm_beta_power_precond;eeg_faa_precond;eeg_fl_theta_power_precond;eeg_tleft_lalpha_power_precond;eeg_pleft_halpha_power_precond"
2025-12-19 16:09:56.582125,41,"stress_label",7,64,0.03,0.534883720930233,0.412790697674419,NA,7,"top7","eeg_fm_specent_precond;eeg_tleft_lbeta_power_precond;eeg_fm_beta_power_precond;eeg_faa_precond;eeg_fl_theta_power_precond;eeg_tleft_lalpha_power_precond;eeg_pleft_halpha_power_precond"
2025-12-19 16:09:56.806244,41,"stress_label",7,128,0.03,0.5,0.465116279069767,NA,7,"top7","eeg_fm_specent_precond;eeg_tleft_lbeta_power_precond;eeg_fm_beta_power_precond;eeg_faa_precond;eeg_fl_theta_power_precond;eeg_tleft_lalpha_power_precond;eeg_pleft_halpha_power_precond"
2025-12-19 16:09:57.119566,41,"stress_label",7,256,0.03,0.465116279069767,0.453488372093023,NA,7,"top7","eeg_fm_specent_precond;eeg_tleft_lbeta_power_precond;eeg_fm_beta_power_precond;eeg_faa_precond;eeg_fl_theta_power_precond;eeg_tleft_lalpha_power_precond;eeg_pleft_halpha_power_precond"
2025-12-19 16:09:56.606805,41,"stress_label",7,2,0.06,0.406976744186047,0.598837209302326,0.351937984496124,7,"top7","eeg_fm_specent_precond;eeg_tleft_lbeta_power_precond;eeg_fm_beta_power_precond;eeg_faa_precond;eeg_fl_theta_power_precond;eeg_tleft_lalpha_power_precond;eeg_pleft_halpha_power_precond"
2025-12-19 16:09:56.655559,41,"stress_label",7,4,0.06,0.447674418604651,0.593023255813954,NA,7,"top7","eeg_fm_specent_precond;eeg_tleft_lbeta_power_precond;eeg_fm_beta_power_precond;eeg_faa_precond;eeg_fl_theta_power_precond;eeg_tleft_lalpha_power_precond;eeg_pleft_halpha_power_precond"
2025-12-19 16:09:56.82597,41,"stress_label",7,8,0.06,0.465116279069767,0.424418604651163,NA,7,"top7","eeg_fm_specent_precond;eeg_tleft_lbeta_power_precond;eeg_fm_beta_power_precond;eeg_faa_precond;eeg_fl_theta_power_precond;eeg_tleft_lalpha_power_precond;eeg_pleft_halpha_power_precond"
2025-12-19 16:09:56.845548,41,"stress_label",7,16,0.06,0.494186046511628,0.383720930232558,NA,7,"top7","eeg_fm_specent_precond;eeg_tleft_lbeta_power_precond;eeg_fm_beta_power_precond;eeg_faa_precond;eeg_fl_theta_power_precond;eeg_tleft_lalpha_power_precond;eeg_pleft_halpha_power_precond"
2025-12-19 16:09:57.030299,41,"stress_label",7,32,0.06,0.488372093023256,0.488372093023256,NA,7,"top7","eeg_fm_specent_precond;eeg_tleft_lbeta_power_precond;eeg_fm_beta_power_precond;eeg_faa_precond;eeg_fl_theta_power_precond;eeg_tleft_lalpha_power_precond;eeg_pleft_halpha_power_precond"
2025-12-19 16:09:57.401137,41,"stress_label",7,64,0.06,0.459302325581395,0.465116279069767,NA,7,"top7","eeg_fm_specent_precond;eeg_tleft_lbeta_power_precond;eeg_fm_beta_power_precond;eeg_faa_precond;eeg_fl_theta_power_precond;eeg_tleft_lalpha_power_precond;eeg_pleft_halpha_power_precond"
2025-12-19 16:09:57.589337,41,"stress_label",7,128,0.06,0.488372093023256,0.412790697674419,NA,7,"top7","eeg_fm_specent_precond;eeg_tleft_lbeta_power_precond;eeg_fm_beta_power_precond;eeg_faa_precond;eeg_fl_theta_power_precond;eeg_tleft_lalpha_power_precond;eeg_pleft_halpha_power_precond"
2025-12-19 16:09:57.919485,41,"stress_label",7,256,0.06,0.436046511627907,0.377906976744186,NA,7,"top7","eeg_fm_specent_precond;eeg_tleft_lbeta_power_precond;eeg_fm_beta_power_precond;eeg_faa_precond;eeg_fl_theta_power_precond;eeg_tleft_lalpha_power_precond;eeg_pleft_halpha_power_precond"
2025-12-19 16:09:57.371301,41,"stress_label",7,2,0.1,0.494186046511628,0.488372093023256,NA,7,"top7","eeg_fm_specent_precond;eeg_tleft_lbeta_power_precond;eeg_fm_beta_power_precond;eeg_faa_precond;eeg_fl_theta_power_precond;eeg_tleft_lalpha_power_precond;eeg_pleft_halpha_power_precond"
2025-12-19 16:09:57.470215,41,"stress_label",7,4,0.1,0.505813953488372,0.494186046511628,NA,7,"top7","eeg_fm_specent_precond;eeg_tleft_lbeta_power_precond;eeg_fm_beta_power_precond;eeg_faa_precond;eeg_fl_theta_power_precond;eeg_tleft_lalpha_power_precond;eeg_pleft_halpha_power_precond"
2025-12-19 16:09:57.506451,41,"stress_label",7,8,0.1,0.482558139534884,0.505813953488372,NA,7,"top7","eeg_fm_specent_precond;eeg_tleft_lbeta_power_precond;eeg_fm_beta_power_precond;eeg_faa_precond;eeg_fl_theta_power_precond;eeg_tleft_lalpha_power_precond;eeg_pleft_halpha_power_precond"
2025-12-19 16:09:57.601016,41,"stress_label",7,16,0.1,0.430232558139535,0.441860465116279,NA,7,"top7","eeg_fm_specent_precond;eeg_tleft_lbeta_power_precond;eeg_fm_beta_power_precond;eeg_faa_precond;eeg_fl_theta_power_precond;eeg_tleft_lalpha_power_precond;eeg_pleft_halpha_power_precond"
2025-12-19 16:09:57.712004,41,"stress_label",7,32,0.1,0.5,0.430232558139535,NA,7,"top7","eeg_fm_specent_precond;eeg_tleft_lbeta_power_precond;eeg_fm_beta_power_precond;eeg_faa_precond;eeg_fl_theta_power_precond;eeg_tleft_lalpha_power_precond;eeg_pleft_halpha_power_precond"
2025-12-19 16:09:57.836506,41,"stress_label",7,64,0.1,0.482558139534884,0.436046511627907,NA,7,"top7","eeg_fm_specent_precond;eeg_tleft_lbeta_power_precond;eeg_fm_beta_power_precond;eeg_faa_precond;eeg_fl_theta_power_precond;eeg_tleft_lalpha_power_precond;eeg_pleft_halpha_power_precond"
2025-12-19 16:09:58.078512,41,"stress_label",7,128,0.1,0.447674418604651,0.401162790697674,NA,7,"top7","eeg_fm_specent_precond;eeg_tleft_lbeta_power_precond;eeg_fm_beta_power_precond;eeg_faa_precond;eeg_fl_theta_power_precond;eeg_tleft_lalpha_power_precond;eeg_pleft_halpha_power_precond"
2025-12-19 16:09:58.25864,41,"stress_label",7,256,0.1,0.47093023255814,0.482558139534884,NA,7,"top7","eeg_fm_specent_precond;eeg_tleft_lbeta_power_precond;eeg_fm_beta_power_precond;eeg_faa_precond;eeg_fl_theta_power_precond;eeg_tleft_lalpha_power_precond;eeg_pleft_halpha_power_precond"
2025-12-19 16:09:59.544263,42,"stress_label",7,2,0.0078125,0.441860465116279,0.517441860465116,0.485271317829457,7,"top7","eeg_fm_lbeta_power_precond;eeg_faa_precond;eeg_fr_hbeta_power_precond;eeg_fl_theta_power_precond;eeg_tleft_lbeta_power_precond;eeg_pleft_halpha_power_precond;eeg_tleft_lalpha_power_precond"
2025-12-19 16:09:59.522598,42,"stress_label",7,4,0.0078125,0.441860465116279,0.505813953488372,0.493798449612403,7,"top7","eeg_fm_lbeta_power_precond;eeg_faa_precond;eeg_fr_hbeta_power_precond;eeg_fl_theta_power_precond;eeg_tleft_lbeta_power_precond;eeg_pleft_halpha_power_precond;eeg_tleft_lalpha_power_precond"
2025-12-19 16:09:59.523528,42,"stress_label",7,8,0.0078125,0.436046511627907,0.540697674418605,0.468217054263566,7,"top7","eeg_fm_lbeta_power_precond;eeg_faa_precond;eeg_fr_hbeta_power_precond;eeg_fl_theta_power_precond;eeg_tleft_lbeta_power_precond;eeg_pleft_halpha_power_precond;eeg_tleft_lalpha_power_precond"
2025-12-19 16:09:59.571545,42,"stress_label",7,16,0.0078125,0.424418604651163,0.47093023255814,0.407751937984496,7,"top7","eeg_fm_lbeta_power_precond;eeg_faa_precond;eeg_fr_hbeta_power_precond;eeg_fl_theta_power_precond;eeg_tleft_lbeta_power_precond;eeg_pleft_halpha_power_precond;eeg_tleft_lalpha_power_precond"
2025-12-19 16:09:59.53945,42,"stress_label",7,32,0.0078125,0.412790697674419,0.430232558139535,0.364341085271318,7,"top7","eeg_fm_lbeta_power_precond;eeg_faa_precond;eeg_fr_hbeta_power_precond;eeg_fl_theta_power_precond;eeg_tleft_lbeta_power_precond;eeg_pleft_halpha_power_precond;eeg_tleft_lalpha_power_precond"
2025-12-19 16:09:59.544364,42,"stress_label",7,64,0.0078125,0.436046511627907,0.383720930232558,0.364341085271318,7,"top7","eeg_fm_lbeta_power_precond;eeg_faa_precond;eeg_fr_hbeta_power_precond;eeg_fl_theta_power_precond;eeg_tleft_lbeta_power_precond;eeg_pleft_halpha_power_precond;eeg_tleft_lalpha_power_precond"
2025-12-19 16:09:59.592859,42,"stress_label",7,128,0.0078125,0.494186046511628,0.383720930232558,NA,7,"top7","eeg_fm_lbeta_power_precond;eeg_faa_precond;eeg_fr_hbeta_power_precond;eeg_fl_theta_power_precond;eeg_tleft_lbeta_power_precond;eeg_pleft_halpha_power_precond;eeg_tleft_lalpha_power_precond"
2025-12-19 16:09:59.759144,42,"stress_label",7,256,0.0078125,0.505813953488372,0.412790697674419,NA,7,"top7","eeg_fm_lbeta_power_precond;eeg_faa_precond;eeg_fr_hbeta_power_precond;eeg_fl_theta_power_precond;eeg_tleft_lbeta_power_precond;eeg_pleft_halpha_power_precond;eeg_tleft_lalpha_power_precond"
2025-12-19 16:09:59.507643,42,"stress_label",7,2,0.015625,0.418604651162791,0.563953488372093,0.478294573643411,7,"top7","eeg_fm_lbeta_power_precond;eeg_faa_precond;eeg_fr_hbeta_power_precond;eeg_fl_theta_power_precond;eeg_tleft_lbeta_power_precond;eeg_pleft_halpha_power_precond;eeg_tleft_lalpha_power_precond"
2025-12-19 16:09:59.520932,42,"stress_label",7,4,0.015625,0.412790697674419,0.523255813953488,0.442635658914729,7,"top7","eeg_fm_lbeta_power_precond;eeg_faa_precond;eeg_fr_hbeta_power_precond;eeg_fl_theta_power_precond;eeg_tleft_lbeta_power_precond;eeg_pleft_halpha_power_precond;eeg_tleft_lalpha_power_precond"
2025-12-19 16:09:59.547274,42,"stress_label",7,8,0.015625,0.412790697674419,0.523255813953488,0.403100775193798,7,"top7","eeg_fm_lbeta_power_precond;eeg_faa_precond;eeg_fr_hbeta_power_precond;eeg_fl_theta_power_precond;eeg_tleft_lbeta_power_precond;eeg_pleft_halpha_power_precond;eeg_tleft_lalpha_power_precond"
2025-12-19 16:09:59.534738,42,"stress_label",7,16,0.015625,0.441860465116279,0.546511627906977,0.37906976744186,7,"top7","eeg_fm_lbeta_power_precond;eeg_faa_precond;eeg_fr_hbeta_power_precond;eeg_fl_theta_power_precond;eeg_tleft_lbeta_power_precond;eeg_pleft_halpha_power_precond;eeg_tleft_lalpha_power_precond"
2025-12-19 16:09:59.587082,42,"stress_label",7,32,0.015625,0.5,0.441860465116279,NA,7,"top7","eeg_fm_lbeta_power_precond;eeg_faa_precond;eeg_fr_hbeta_power_precond;eeg_fl_theta_power_precond;eeg_tleft_lbeta_power_precond;eeg_pleft_halpha_power_precond;eeg_tleft_lalpha_power_precond"
2025-12-19 16:09:59.629367,42,"stress_label",7,64,0.015625,0.505813953488372,0.401162790697674,NA,7,"top7","eeg_fm_lbeta_power_precond;eeg_faa_precond;eeg_fr_hbeta_power_precond;eeg_fl_theta_power_precond;eeg_tleft_lbeta_power_precond;eeg_pleft_halpha_power_precond;eeg_tleft_lalpha_power_precond"
2025-12-19 16:10:00.784046,42,"stress_label",7,128,0.015625,0.517441860465116,0.465116279069767,NA,7,"top7","eeg_fm_lbeta_power_precond;eeg_faa_precond;eeg_fr_hbeta_power_precond;eeg_fl_theta_power_precond;eeg_tleft_lbeta_power_precond;eeg_pleft_halpha_power_precond;eeg_tleft_lalpha_power_precond"
2025-12-19 16:10:00.926045,42,"stress_label",7,256,0.015625,0.558139534883721,0.406976744186047,NA,7,"top7","eeg_fm_lbeta_power_precond;eeg_faa_precond;eeg_fr_hbeta_power_precond;eeg_fl_theta_power_precond;eeg_tleft_lbeta_power_precond;eeg_pleft_halpha_power_precond;eeg_tleft_lalpha_power_precond"
2025-12-19 16:10:00.607825,42,"stress_label",7,2,0.03125,0.418604651162791,0.593023255813954,0.441085271317829,7,"top7","eeg_fm_lbeta_power_precond;eeg_faa_precond;eeg_fr_hbeta_power_precond;eeg_fl_theta_power_precond;eeg_tleft_lbeta_power_precond;eeg_pleft_halpha_power_precond;eeg_tleft_lalpha_power_precond"
2025-12-19 16:10:00.643855,42,"stress_label",7,4,0.03125,0.418604651162791,0.505813953488372,0.371317829457364,7,"top7","eeg_fm_lbeta_power_precond;eeg_faa_precond;eeg_fr_hbeta_power_precond;eeg_fl_theta_power_precond;eeg_tleft_lbeta_power_precond;eeg_pleft_halpha_power_precond;eeg_tleft_lalpha_power_precond"
2025-12-19 16:10:00.630197,42,"stress_label",7,8,0.03125,0.505813953488372,0.523255813953488,NA,7,"top7","eeg_fm_lbeta_power_precond;eeg_faa_precond;eeg_fr_hbeta_power_precond;eeg_fl_theta_power_precond;eeg_tleft_lbeta_power_precond;eeg_pleft_halpha_power_precond;eeg_tleft_lalpha_power_precond"
2025-12-19 16:10:00.67175,42,"stress_label",7,16,0.03125,0.517441860465116,0.401162790697674,NA,7,"top7","eeg_fm_lbeta_power_precond;eeg_faa_precond;eeg_fr_hbeta_power_precond;eeg_fl_theta_power_precond;eeg_tleft_lbeta_power_precond;eeg_pleft_halpha_power_precond;eeg_tleft_lalpha_power_precond"
2025-12-19 16:10:00.75863,42,"stress_label",7,32,0.03125,0.529069767441861,0.377906976744186,NA,7,"top7","eeg_fm_lbeta_power_precond;eeg_faa_precond;eeg_fr_hbeta_power_precond;eeg_fl_theta_power_precond;eeg_tleft_lbeta_power_precond;eeg_pleft_halpha_power_precond;eeg_tleft_lalpha_power_precond"
2025-12-19 16:10:00.821793,42,"stress_label",7,64,0.03125,0.558139534883721,0.441860465116279,NA,7,"top7","eeg_fm_lbeta_power_precond;eeg_faa_precond;eeg_fr_hbeta_power_precond;eeg_fl_theta_power_precond;eeg_tleft_lbeta_power_precond;eeg_pleft_halpha_power_precond;eeg_tleft_lalpha_power_precond"
2025-12-19 16:10:00.930543,42,"stress_label",7,128,0.03125,0.552325581395349,0.476744186046512,NA,7,"top7","eeg_fm_lbeta_power_precond;eeg_faa_precond;eeg_fr_hbeta_power_precond;eeg_fl_theta_power_precond;eeg_tleft_lbeta_power_precond;eeg_pleft_halpha_power_precond;eeg_tleft_lalpha_power_precond"
2025-12-19 16:10:01.264909,42,"stress_label",7,256,0.03125,0.529069767441861,0.5,NA,7,"top7","eeg_fm_lbeta_power_precond;eeg_faa_precond;eeg_fr_hbeta_power_precond;eeg_fl_theta_power_precond;eeg_tleft_lbeta_power_precond;eeg_pleft_halpha_power_precond;eeg_tleft_lalpha_power_precond"
2025-12-19 16:10:00.694767,42,"stress_label",7,2,0.0625,0.47093023255814,0.453488372093023,NA,7,"top7","eeg_fm_lbeta_power_precond;eeg_faa_precond;eeg_fr_hbeta_power_precond;eeg_fl_theta_power_precond;eeg_tleft_lbeta_power_precond;eeg_pleft_halpha_power_precond;eeg_tleft_lalpha_power_precond"
2025-12-19 16:10:00.688789,42,"stress_label",7,4,0.0625,0.505813953488372,0.383720930232558,NA,7,"top7","eeg_fm_lbeta_power_precond;eeg_faa_precond;eeg_fr_hbeta_power_precond;eeg_fl_theta_power_precond;eeg_tleft_lbeta_power_precond;eeg_pleft_halpha_power_precond;eeg_tleft_lalpha_power_precond"
2025-12-19 16:10:00.76038,42,"stress_label",7,8,0.0625,0.529069767441861,0.401162790697674,NA,7,"top7","eeg_fm_lbeta_power_precond;eeg_faa_precond;eeg_fr_hbeta_power_precond;eeg_fl_theta_power_precond;eeg_tleft_lbeta_power_precond;eeg_pleft_halpha_power_precond;eeg_tleft_lalpha_power_precond"
2025-12-19 16:10:00.926419,42,"stress_label",7,16,0.0625,0.558139534883721,0.47093023255814,NA,7,"top7","eeg_fm_lbeta_power_precond;eeg_faa_precond;eeg_fr_hbeta_power_precond;eeg_fl_theta_power_precond;eeg_tleft_lbeta_power_precond;eeg_pleft_halpha_power_precond;eeg_tleft_lalpha_power_precond"
2025-12-19 16:10:01.829515,42,"stress_label",7,32,0.0625,0.593023255813954,0.546511627906977,NA,7,"top7","eeg_fm_lbeta_power_precond;eeg_faa_precond;eeg_fr_hbeta_power_precond;eeg_fl_theta_power_precond;eeg_tleft_lbeta_power_precond;eeg_pleft_halpha_power_precond;eeg_tleft_lalpha_power_precond"
2025-12-19 16:10:01.965117,42,"stress_label",7,64,0.0625,0.511627906976744,0.47093023255814,NA,7,"top7","eeg_fm_lbeta_power_precond;eeg_faa_precond;eeg_fr_hbeta_power_precond;eeg_fl_theta_power_precond;eeg_tleft_lbeta_power_precond;eeg_pleft_halpha_power_precond;eeg_tleft_lalpha_power_precond"
2025-12-19 16:10:02.231121,42,"stress_label",7,128,0.0625,0.529069767441861,0.575581395348837,NA,7,"top7","eeg_fm_lbeta_power_precond;eeg_faa_precond;eeg_fr_hbeta_power_precond;eeg_fl_theta_power_precond;eeg_tleft_lbeta_power_precond;eeg_pleft_halpha_power_precond;eeg_tleft_lalpha_power_precond"
2025-12-19 16:10:02.536296,42,"stress_label",7,256,0.0625,0.523255813953488,0.447674418604651,NA,7,"top7","eeg_fm_lbeta_power_precond;eeg_faa_precond;eeg_fr_hbeta_power_precond;eeg_fl_theta_power_precond;eeg_tleft_lbeta_power_precond;eeg_pleft_halpha_power_precond;eeg_tleft_lalpha_power_precond"
2025-12-19 16:10:01.760418,42,"stress_label",7,2,0.125,0.534883720930233,0.459302325581395,NA,7,"top7","eeg_fm_lbeta_power_precond;eeg_faa_precond;eeg_fr_hbeta_power_precond;eeg_fl_theta_power_precond;eeg_tleft_lbeta_power_precond;eeg_pleft_halpha_power_precond;eeg_tleft_lalpha_power_precond"
2025-12-19 16:10:01.781044,42,"stress_label",7,4,0.125,0.552325581395349,0.494186046511628,NA,7,"top7","eeg_fm_lbeta_power_precond;eeg_faa_precond;eeg_fr_hbeta_power_precond;eeg_fl_theta_power_precond;eeg_tleft_lbeta_power_precond;eeg_pleft_halpha_power_precond;eeg_tleft_lalpha_power_precond"
2025-12-19 16:10:01.872924,42,"stress_label",7,8,0.125,0.546511627906977,0.47093023255814,0.526356589147287,7,"top7","eeg_fm_lbeta_power_precond;eeg_faa_precond;eeg_fr_hbeta_power_precond;eeg_fl_theta_power_precond;eeg_tleft_lbeta_power_precond;eeg_pleft_halpha_power_precond;eeg_tleft_lalpha_power_precond"
2025-12-19 16:10:01.975615,42,"stress_label",7,16,0.125,0.534883720930233,0.529069767441861,NA,7,"top7","eeg_fm_lbeta_power_precond;eeg_faa_precond;eeg_fr_hbeta_power_precond;eeg_fl_theta_power_precond;eeg_tleft_lbeta_power_precond;eeg_pleft_halpha_power_precond;eeg_tleft_lalpha_power_precond"
2025-12-19 16:10:02.105539,42,"stress_label",7,32,0.125,0.523255813953488,0.494186046511628,NA,7,"top7","eeg_fm_lbeta_power_precond;eeg_faa_precond;eeg_fr_hbeta_power_precond;eeg_fl_theta_power_precond;eeg_tleft_lbeta_power_precond;eeg_pleft_halpha_power_precond;eeg_tleft_lalpha_power_precond"
2025-12-19 16:10:02.209266,42,"stress_label",7,64,0.125,0.523255813953488,0.436046511627907,NA,7,"top7","eeg_fm_lbeta_power_precond;eeg_faa_precond;eeg_fr_hbeta_power_precond;eeg_fl_theta_power_precond;eeg_tleft_lbeta_power_precond;eeg_pleft_halpha_power_precond;eeg_tleft_lalpha_power_precond"
2025-12-19 16:10:02.527812,42,"stress_label",7,128,0.125,0.47093023255814,0.377906976744186,NA,7,"top7","eeg_fm_lbeta_power_precond;eeg_faa_precond;eeg_fr_hbeta_power_precond;eeg_fl_theta_power_precond;eeg_tleft_lbeta_power_precond;eeg_pleft_halpha_power_precond;eeg_tleft_lalpha_power_precond"
2025-12-19 16:10:02.760889,42,"stress_label",7,256,0.125,0.47093023255814,0.401162790697674,NA,7,"top7","eeg_fm_lbeta_power_precond;eeg_faa_precond;eeg_fr_hbeta_power_precond;eeg_fl_theta_power_precond;eeg_tleft_lbeta_power_precond;eeg_pleft_halpha_power_precond;eeg_tleft_lalpha_power_precond"
2025-12-19 16:10:02.018822,42,"stress_label",7,2,0.03,0.406976744186047,0.61046511627907,0.437984496124031,7,"top7","eeg_fm_lbeta_power_precond;eeg_faa_precond;eeg_fr_hbeta_power_precond;eeg_fl_theta_power_precond;eeg_tleft_lbeta_power_precond;eeg_pleft_halpha_power_precond;eeg_tleft_lalpha_power_precond"
2025-12-19 16:10:02.337361,42,"stress_label",7,4,0.03,0.401162790697674,0.546511627906977,0.35968992248062,7,"top7","eeg_fm_lbeta_power_precond;eeg_faa_precond;eeg_fr_hbeta_power_precond;eeg_fl_theta_power_precond;eeg_tleft_lbeta_power_precond;eeg_pleft_halpha_power_precond;eeg_tleft_lalpha_power_precond"
2025-12-19 16:10:02.84221,42,"stress_label",7,8,0.03,0.494186046511628,0.441860465116279,NA,7,"top7","eeg_fm_lbeta_power_precond;eeg_faa_precond;eeg_fr_hbeta_power_precond;eeg_fl_theta_power_precond;eeg_tleft_lbeta_power_precond;eeg_pleft_halpha_power_precond;eeg_tleft_lalpha_power_precond"
2025-12-19 16:10:02.902943,42,"stress_label",7,16,0.03,0.523255813953488,0.325581395348837,NA,7,"top7","eeg_fm_lbeta_power_precond;eeg_faa_precond;eeg_fr_hbeta_power_precond;eeg_fl_theta_power_precond;eeg_tleft_lbeta_power_precond;eeg_pleft_halpha_power_precond;eeg_tleft_lalpha_power_precond"
2025-12-19 16:10:02.973958,42,"stress_label",7,32,0.03,0.540697674418605,0.366279069767442,NA,7,"top7","eeg_fm_lbeta_power_precond;eeg_faa_precond;eeg_fr_hbeta_power_precond;eeg_fl_theta_power_precond;eeg_tleft_lbeta_power_precond;eeg_pleft_halpha_power_precond;eeg_tleft_lalpha_power_precond"
2025-12-19 16:10:03.101643,42,"stress_label",7,64,0.03,0.552325581395349,0.494186046511628,NA,7,"top7","eeg_fm_lbeta_power_precond;eeg_faa_precond;eeg_fr_hbeta_power_precond;eeg_fl_theta_power_precond;eeg_tleft_lbeta_power_precond;eeg_pleft_halpha_power_precond;eeg_tleft_lalpha_power_precond"
2025-12-19 16:10:03.338224,42,"stress_label",7,128,0.03,0.563953488372093,0.453488372093023,NA,7,"top7","eeg_fm_lbeta_power_precond;eeg_faa_precond;eeg_fr_hbeta_power_precond;eeg_fl_theta_power_precond;eeg_tleft_lbeta_power_precond;eeg_pleft_halpha_power_precond;eeg_tleft_lalpha_power_precond"
2025-12-19 16:10:03.679872,42,"stress_label",7,256,0.03,0.529069767441861,0.569767441860465,NA,7,"top7","eeg_fm_lbeta_power_precond;eeg_faa_precond;eeg_fr_hbeta_power_precond;eeg_fl_theta_power_precond;eeg_tleft_lbeta_power_precond;eeg_pleft_halpha_power_precond;eeg_tleft_lalpha_power_precond"
2025-12-19 16:10:03.061788,42,"stress_label",7,2,0.06,0.441860465116279,0.453488372093023,NA,7,"top7","eeg_fm_lbeta_power_precond;eeg_faa_precond;eeg_fr_hbeta_power_precond;eeg_fl_theta_power_precond;eeg_tleft_lbeta_power_precond;eeg_pleft_halpha_power_precond;eeg_tleft_lalpha_power_precond"
2025-12-19 16:10:03.199629,42,"stress_label",7,4,0.06,0.511627906976744,0.366279069767442,NA,7,"top7","eeg_fm_lbeta_power_precond;eeg_faa_precond;eeg_fr_hbeta_power_precond;eeg_fl_theta_power_precond;eeg_tleft_lbeta_power_precond;eeg_pleft_halpha_power_precond;eeg_tleft_lalpha_power_precond"
2025-12-19 16:10:03.305718,42,"stress_label",7,8,0.06,0.529069767441861,0.424418604651163,NA,7,"top7","eeg_fm_lbeta_power_precond;eeg_faa_precond;eeg_fr_hbeta_power_precond;eeg_fl_theta_power_precond;eeg_tleft_lbeta_power_precond;eeg_pleft_halpha_power_precond;eeg_tleft_lalpha_power_precond"
2025-12-19 16:10:03.355382,42,"stress_label",7,16,0.06,0.558139534883721,0.494186046511628,NA,7,"top7","eeg_fm_lbeta_power_precond;eeg_faa_precond;eeg_fr_hbeta_power_precond;eeg_fl_theta_power_precond;eeg_tleft_lbeta_power_precond;eeg_pleft_halpha_power_precond;eeg_tleft_lalpha_power_precond"
2025-12-19 16:10:03.535172,42,"stress_label",7,32,0.06,0.581395348837209,0.517441860465116,NA,7,"top7","eeg_fm_lbeta_power_precond;eeg_faa_precond;eeg_fr_hbeta_power_precond;eeg_fl_theta_power_precond;eeg_tleft_lbeta_power_precond;eeg_pleft_halpha_power_precond;eeg_tleft_lalpha_power_precond"
2025-12-19 16:10:03.813748,42,"stress_label",7,64,0.06,0.534883720930233,0.5,NA,7,"top7","eeg_fm_lbeta_power_precond;eeg_faa_precond;eeg_fr_hbeta_power_precond;eeg_fl_theta_power_precond;eeg_tleft_lbeta_power_precond;eeg_pleft_halpha_power_precond;eeg_tleft_lalpha_power_precond"
2025-12-19 16:10:03.9818,42,"stress_label",7,128,0.06,0.534883720930233,0.534883720930233,NA,7,"top7","eeg_fm_lbeta_power_precond;eeg_faa_precond;eeg_fr_hbeta_power_precond;eeg_fl_theta_power_precond;eeg_tleft_lbeta_power_precond;eeg_pleft_halpha_power_precond;eeg_tleft_lalpha_power_precond"
2025-12-19 16:10:04.508858,42,"stress_label",7,256,0.06,0.517441860465116,0.47093023255814,NA,7,"top7","eeg_fm_lbeta_power_precond;eeg_faa_precond;eeg_fr_hbeta_power_precond;eeg_fl_theta_power_precond;eeg_tleft_lbeta_power_precond;eeg_pleft_halpha_power_precond;eeg_tleft_lalpha_power_precond"
2025-12-19 16:10:03.875489,42,"stress_label",7,2,0.1,0.488372093023256,0.406976744186047,NA,7,"top7","eeg_fm_lbeta_power_precond;eeg_faa_precond;eeg_fr_hbeta_power_precond;eeg_fl_theta_power_precond;eeg_tleft_lbeta_power_precond;eeg_pleft_halpha_power_precond;eeg_tleft_lalpha_power_precond"
2025-12-19 16:10:03.913033,42,"stress_label",7,4,0.1,0.540697674418605,0.302325581395349,NA,7,"top7","eeg_fm_lbeta_power_precond;eeg_faa_precond;eeg_fr_hbeta_power_precond;eeg_fl_theta_power_precond;eeg_tleft_lbeta_power_precond;eeg_pleft_halpha_power_precond;eeg_tleft_lalpha_power_precond"
2025-12-19 16:10:03.997462,42,"stress_label",7,8,0.1,0.552325581395349,0.459302325581395,NA,7,"top7","eeg_fm_lbeta_power_precond;eeg_faa_precond;eeg_fr_hbeta_power_precond;eeg_fl_theta_power_precond;eeg_tleft_lbeta_power_precond;eeg_pleft_halpha_power_precond;eeg_tleft_lalpha_power_precond"
2025-12-19 16:10:04.099872,42,"stress_label",7,16,0.1,0.546511627906977,0.523255813953488,NA,7,"top7","eeg_fm_lbeta_power_precond;eeg_faa_precond;eeg_fr_hbeta_power_precond;eeg_fl_theta_power_precond;eeg_tleft_lbeta_power_precond;eeg_pleft_halpha_power_precond;eeg_tleft_lalpha_power_precond"
2025-12-19 16:10:04.179809,42,"stress_label",7,32,0.1,0.517441860465116,0.529069767441861,NA,7,"top7","eeg_fm_lbeta_power_precond;eeg_faa_precond;eeg_fr_hbeta_power_precond;eeg_fl_theta_power_precond;eeg_tleft_lbeta_power_precond;eeg_pleft_halpha_power_precond;eeg_tleft_lalpha_power_precond"
2025-12-19 16:10:04.330055,42,"stress_label",7,64,0.1,0.534883720930233,0.47093023255814,NA,7,"top7","eeg_fm_lbeta_power_precond;eeg_faa_precond;eeg_fr_hbeta_power_precond;eeg_fl_theta_power_precond;eeg_tleft_lbeta_power_precond;eeg_pleft_halpha_power_precond;eeg_tleft_lalpha_power_precond"
2025-12-19 16:10:04.507586,42,"stress_label",7,128,0.1,0.523255813953488,0.459302325581395,NA,7,"top7","eeg_fm_lbeta_power_precond;eeg_faa_precond;eeg_fr_hbeta_power_precond;eeg_fl_theta_power_precond;eeg_tleft_lbeta_power_precond;eeg_pleft_halpha_power_precond;eeg_tleft_lalpha_power_precond"
2025-12-19 16:10:04.700855,42,"stress_label",7,256,0.1,0.465116279069767,0.505813953488372,NA,7,"top7","eeg_fm_lbeta_power_precond;eeg_faa_precond;eeg_fr_hbeta_power_precond;eeg_fl_theta_power_precond;eeg_tleft_lbeta_power_precond;eeg_pleft_halpha_power_precond;eeg_tleft_lalpha_power_precond"
2025-12-19 16:10:05.970811,43,"stress_label",7,2,0.0078125,0.447674418604651,0.523255813953488,0.45968992248062,7,"top7","eeg_fm_lbeta_power_precond;eeg_faa_precond;eeg_fl_theta_power_precond;eeg_tleft_lbeta_power_precond;eeg_pleft_halpha_power_precond;eeg_pleft_hbeta_power_precond;eeg_tleft_lalpha_power_precond"
2025-12-19 16:10:06.009834,43,"stress_label",7,4,0.0078125,0.430232558139535,0.546511627906977,0.43953488372093,7,"top7","eeg_fm_lbeta_power_precond;eeg_faa_precond;eeg_fl_theta_power_precond;eeg_tleft_lbeta_power_precond;eeg_pleft_halpha_power_precond;eeg_pleft_hbeta_power_precond;eeg_tleft_lalpha_power_precond"
2025-12-19 16:10:05.976372,43,"stress_label",7,8,0.0078125,0.441860465116279,0.372093023255814,0.446511627906977,7,"top7","eeg_fm_lbeta_power_precond;eeg_faa_precond;eeg_fl_theta_power_precond;eeg_tleft_lbeta_power_precond;eeg_pleft_halpha_power_precond;eeg_pleft_hbeta_power_precond;eeg_tleft_lalpha_power_precond"
2025-12-19 16:10:05.988145,43,"stress_label",7,16,0.0078125,0.494186046511628,0.453488372093023,0.484496124031008,7,"top7","eeg_fm_lbeta_power_precond;eeg_faa_precond;eeg_fl_theta_power_precond;eeg_tleft_lbeta_power_precond;eeg_pleft_halpha_power_precond;eeg_pleft_hbeta_power_precond;eeg_tleft_lalpha_power_precond"
2025-12-19 16:10:06.010316,43,"stress_label",7,32,0.0078125,0.505813953488372,0.377906976744186,0.5,7,"top7","eeg_fm_lbeta_power_precond;eeg_faa_precond;eeg_fl_theta_power_precond;eeg_tleft_lbeta_power_precond;eeg_pleft_halpha_power_precond;eeg_pleft_hbeta_power_precond;eeg_tleft_lalpha_power_precond"
2025-12-19 16:10:06.010443,43,"stress_label",7,64,0.0078125,0.505813953488372,0.424418604651163,0.496124031007752,7,"top7","eeg_fm_lbeta_power_precond;eeg_faa_precond;eeg_fl_theta_power_precond;eeg_tleft_lbeta_power_precond;eeg_pleft_halpha_power_precond;eeg_pleft_hbeta_power_precond;eeg_tleft_lalpha_power_precond"
2025-12-19 16:10:06.043237,43,"stress_label",7,128,0.0078125,0.517441860465116,0.36046511627907,0.493798449612403,7,"top7","eeg_fm_lbeta_power_precond;eeg_faa_precond;eeg_fl_theta_power_precond;eeg_tleft_lbeta_power_precond;eeg_pleft_halpha_power_precond;eeg_pleft_hbeta_power_precond;eeg_tleft_lalpha_power_precond"
2025-12-19 16:10:06.143092,43,"stress_label",7,256,0.0078125,0.575581395348837,0.47093023255814,0.528682170542636,7,"top7","eeg_fm_lbeta_power_precond;eeg_faa_precond;eeg_fl_theta_power_precond;eeg_tleft_lbeta_power_precond;eeg_pleft_halpha_power_precond;eeg_pleft_hbeta_power_precond;eeg_tleft_lalpha_power_precond"
2025-12-19 16:10:06.018589,43,"stress_label",7,2,0.015625,0.430232558139535,0.511627906976744,0.430232558139535,7,"top7","eeg_fm_lbeta_power_precond;eeg_faa_precond;eeg_fl_theta_power_precond;eeg_tleft_lbeta_power_precond;eeg_pleft_halpha_power_precond;eeg_pleft_hbeta_power_precond;eeg_tleft_lalpha_power_precond"
2025-12-19 16:10:05.993063,43,"stress_label",7,4,0.015625,0.441860465116279,0.505813953488372,0.458139534883721,7,"top7","eeg_fm_lbeta_power_precond;eeg_faa_precond;eeg_fl_theta_power_precond;eeg_tleft_lbeta_power_precond;eeg_pleft_halpha_power_precond;eeg_pleft_hbeta_power_precond;eeg_tleft_lalpha_power_precond"
2025-12-19 16:10:05.983012,43,"stress_label",7,8,0.015625,0.476744186046512,0.447674418604651,0.461240310077519,7,"top7","eeg_fm_lbeta_power_precond;eeg_faa_precond;eeg_fl_theta_power_precond;eeg_tleft_lbeta_power_precond;eeg_pleft_halpha_power_precond;eeg_pleft_hbeta_power_precond;eeg_tleft_lalpha_power_precond"
2025-12-19 16:10:05.971337,43,"stress_label",7,16,0.015625,0.5,0.290697674418605,0.489147286821705,7,"top7","eeg_fm_lbeta_power_precond;eeg_faa_precond;eeg_fl_theta_power_precond;eeg_tleft_lbeta_power_precond;eeg_pleft_halpha_power_precond;eeg_pleft_hbeta_power_precond;eeg_tleft_lalpha_power_precond"
2025-12-19 16:10:06.019768,43,"stress_label",7,32,0.015625,0.517441860465116,0.325581395348837,0.493798449612403,7,"top7","eeg_fm_lbeta_power_precond;eeg_faa_precond;eeg_fl_theta_power_precond;eeg_tleft_lbeta_power_precond;eeg_pleft_halpha_power_precond;eeg_pleft_hbeta_power_precond;eeg_tleft_lalpha_power_precond"
2025-12-19 16:10:06.06326,43,"stress_label",7,64,0.015625,0.581395348837209,0.430232558139535,NA,7,"top7","eeg_fm_lbeta_power_precond;eeg_faa_precond;eeg_fl_theta_power_precond;eeg_tleft_lbeta_power_precond;eeg_pleft_halpha_power_precond;eeg_pleft_hbeta_power_precond;eeg_tleft_lalpha_power_precond"
2025-12-19 16:10:07.185457,43,"stress_label",7,128,0.015625,0.575581395348837,0.459302325581395,0.548062015503876,7,"top7","eeg_fm_lbeta_power_precond;eeg_faa_precond;eeg_fl_theta_power_precond;eeg_tleft_lbeta_power_precond;eeg_pleft_halpha_power_precond;eeg_pleft_hbeta_power_precond;eeg_tleft_lalpha_power_precond"
2025-12-19 16:10:07.393924,43,"stress_label",7,256,0.015625,0.581395348837209,0.517441860465116,NA,7,"top7","eeg_fm_lbeta_power_precond;eeg_faa_precond;eeg_fl_theta_power_precond;eeg_tleft_lbeta_power_precond;eeg_pleft_halpha_power_precond;eeg_pleft_hbeta_power_precond;eeg_tleft_lalpha_power_precond"
2025-12-19 16:10:07.059783,43,"stress_label",7,2,0.03125,0.412790697674419,0.517441860465116,0.415503875968992,7,"top7","eeg_fm_lbeta_power_precond;eeg_faa_precond;eeg_fl_theta_power_precond;eeg_tleft_lbeta_power_precond;eeg_pleft_halpha_power_precond;eeg_pleft_hbeta_power_precond;eeg_tleft_lalpha_power_precond"
2025-12-19 16:10:07.054182,43,"stress_label",7,4,0.03125,0.459302325581395,0.488372093023256,0.443410852713178,7,"top7","eeg_fm_lbeta_power_precond;eeg_faa_precond;eeg_fl_theta_power_precond;eeg_tleft_lbeta_power_precond;eeg_pleft_halpha_power_precond;eeg_pleft_hbeta_power_precond;eeg_tleft_lalpha_power_precond"
2025-12-19 16:10:07.083206,43,"stress_label",7,8,0.03125,0.482558139534884,0.302325581395349,0.461240310077519,7,"top7","eeg_fm_lbeta_power_precond;eeg_faa_precond;eeg_fl_theta_power_precond;eeg_tleft_lbeta_power_precond;eeg_pleft_halpha_power_precond;eeg_pleft_hbeta_power_precond;eeg_tleft_lalpha_power_precond"
2025-12-19 16:10:07.11086,43,"stress_label",7,16,0.03125,0.558139534883721,0.441860465116279,NA,7,"top7","eeg_fm_lbeta_power_precond;eeg_faa_precond;eeg_fl_theta_power_precond;eeg_tleft_lbeta_power_precond;eeg_pleft_halpha_power_precond;eeg_pleft_hbeta_power_precond;eeg_tleft_lalpha_power_precond"
2025-12-19 16:10:07.125512,43,"stress_label",7,32,0.03125,0.575581395348837,0.517441860465116,0.56046511627907,7,"top7","eeg_fm_lbeta_power_precond;eeg_faa_precond;eeg_fl_theta_power_precond;eeg_tleft_lbeta_power_precond;eeg_pleft_halpha_power_precond;eeg_pleft_hbeta_power_precond;eeg_tleft_lalpha_power_precond"
2025-12-19 16:10:07.277495,43,"stress_label",7,64,0.03125,0.569767441860465,0.546511627906977,NA,7,"top7","eeg_fm_lbeta_power_precond;eeg_faa_precond;eeg_fl_theta_power_precond;eeg_tleft_lbeta_power_precond;eeg_pleft_halpha_power_precond;eeg_pleft_hbeta_power_precond;eeg_tleft_lalpha_power_precond"
2025-12-19 16:10:07.366634,43,"stress_label",7,128,0.03125,0.534883720930233,0.476744186046512,NA,7,"top7","eeg_fm_lbeta_power_precond;eeg_faa_precond;eeg_fl_theta_power_precond;eeg_tleft_lbeta_power_precond;eeg_pleft_halpha_power_precond;eeg_pleft_hbeta_power_precond;eeg_tleft_lalpha_power_precond"
2025-12-19 16:10:07.610896,43,"stress_label",7,256,0.03125,0.494186046511628,0.459302325581395,NA,7,"top7","eeg_fm_lbeta_power_precond;eeg_faa_precond;eeg_fl_theta_power_precond;eeg_tleft_lbeta_power_precond;eeg_pleft_halpha_power_precond;eeg_pleft_hbeta_power_precond;eeg_tleft_lalpha_power_precond"
2025-12-19 16:10:07.121947,43,"stress_label",7,2,0.0625,0.453488372093023,0.424418604651163,NA,7,"top7","eeg_fm_lbeta_power_precond;eeg_faa_precond;eeg_fl_theta_power_precond;eeg_tleft_lbeta_power_precond;eeg_pleft_halpha_power_precond;eeg_pleft_hbeta_power_precond;eeg_tleft_lalpha_power_precond"
2025-12-19 16:10:07.141487,43,"stress_label",7,4,0.0625,0.540697674418605,0.436046511627907,NA,7,"top7","eeg_fm_lbeta_power_precond;eeg_faa_precond;eeg_fl_theta_power_precond;eeg_tleft_lbeta_power_precond;eeg_pleft_halpha_power_precond;eeg_pleft_hbeta_power_precond;eeg_tleft_lalpha_power_precond"
2025-12-19 16:10:07.167391,43,"stress_label",7,8,0.0625,0.546511627906977,0.517441860465116,NA,7,"top7","eeg_fm_lbeta_power_precond;eeg_faa_precond;eeg_fl_theta_power_precond;eeg_tleft_lbeta_power_precond;eeg_pleft_halpha_power_precond;eeg_pleft_hbeta_power_precond;eeg_tleft_lalpha_power_precond"
2025-12-19 16:10:07.292046,43,"stress_label",7,16,0.0625,0.563953488372093,0.529069767441861,NA,7,"top7","eeg_fm_lbeta_power_precond;eeg_faa_precond;eeg_fl_theta_power_precond;eeg_tleft_lbeta_power_precond;eeg_pleft_halpha_power_precond;eeg_pleft_hbeta_power_precond;eeg_tleft_lalpha_power_precond"
2025-12-19 16:10:08.279968,43,"stress_label",7,32,0.0625,0.5,0.47093023255814,NA,7,"top7","eeg_fm_lbeta_power_precond;eeg_faa_precond;eeg_fl_theta_power_precond;eeg_tleft_lbeta_power_precond;eeg_pleft_halpha_power_precond;eeg_pleft_hbeta_power_precond;eeg_tleft_lalpha_power_precond"
2025-12-19 16:10:08.350573,43,"stress_label",7,64,0.0625,0.488372093023256,0.441860465116279,NA,7,"top7","eeg_fm_lbeta_power_precond;eeg_faa_precond;eeg_fl_theta_power_precond;eeg_tleft_lbeta_power_precond;eeg_pleft_halpha_power_precond;eeg_pleft_hbeta_power_precond;eeg_tleft_lalpha_power_precond"
2025-12-19 16:10:08.541506,43,"stress_label",7,128,0.0625,0.540697674418605,0.534883720930233,NA,7,"top7","eeg_fm_lbeta_power_precond;eeg_faa_precond;eeg_fl_theta_power_precond;eeg_tleft_lbeta_power_precond;eeg_pleft_halpha_power_precond;eeg_pleft_hbeta_power_precond;eeg_tleft_lalpha_power_precond"
2025-12-19 16:10:09.000985,43,"stress_label",7,256,0.0625,0.523255813953488,0.5,NA,7,"top7","eeg_fm_lbeta_power_precond;eeg_faa_precond;eeg_fl_theta_power_precond;eeg_tleft_lbeta_power_precond;eeg_pleft_halpha_power_precond;eeg_pleft_hbeta_power_precond;eeg_tleft_lalpha_power_precond"
2025-12-19 16:10:08.256363,43,"stress_label",7,2,0.125,0.534883720930233,0.488372093023256,NA,7,"top7","eeg_fm_lbeta_power_precond;eeg_faa_precond;eeg_fl_theta_power_precond;eeg_tleft_lbeta_power_precond;eeg_pleft_halpha_power_precond;eeg_pleft_hbeta_power_precond;eeg_tleft_lalpha_power_precond"
2025-12-19 16:10:08.245828,43,"stress_label",7,4,0.125,0.523255813953488,0.575581395348837,NA,7,"top7","eeg_fm_lbeta_power_precond;eeg_faa_precond;eeg_fl_theta_power_precond;eeg_tleft_lbeta_power_precond;eeg_pleft_halpha_power_precond;eeg_pleft_hbeta_power_precond;eeg_tleft_lalpha_power_precond"
2025-12-19 16:10:08.300719,43,"stress_label",7,8,0.125,0.517441860465116,0.47093023255814,NA,7,"top7","eeg_fm_lbeta_power_precond;eeg_faa_precond;eeg_fl_theta_power_precond;eeg_tleft_lbeta_power_precond;eeg_pleft_halpha_power_precond;eeg_pleft_hbeta_power_precond;eeg_tleft_lalpha_power_precond"
2025-12-19 16:10:08.340616,43,"stress_label",7,16,0.125,0.523255813953488,0.482558139534884,NA,7,"top7","eeg_fm_lbeta_power_precond;eeg_faa_precond;eeg_fl_theta_power_precond;eeg_tleft_lbeta_power_precond;eeg_pleft_halpha_power_precond;eeg_pleft_hbeta_power_precond;eeg_tleft_lalpha_power_precond"
2025-12-19 16:10:08.481505,43,"stress_label",7,32,0.125,0.523255813953488,0.581395348837209,NA,7,"top7","eeg_fm_lbeta_power_precond;eeg_faa_precond;eeg_fl_theta_power_precond;eeg_tleft_lbeta_power_precond;eeg_pleft_halpha_power_precond;eeg_pleft_hbeta_power_precond;eeg_tleft_lalpha_power_precond"
2025-12-19 16:10:08.643213,43,"stress_label",7,64,0.125,0.5,0.505813953488372,NA,7,"top7","eeg_fm_lbeta_power_precond;eeg_faa_precond;eeg_fl_theta_power_precond;eeg_tleft_lbeta_power_precond;eeg_pleft_halpha_power_precond;eeg_pleft_hbeta_power_precond;eeg_tleft_lalpha_power_precond"
2025-12-19 16:10:08.875401,43,"stress_label",7,128,0.125,0.511627906976744,0.5,NA,7,"top7","eeg_fm_lbeta_power_precond;eeg_faa_precond;eeg_fl_theta_power_precond;eeg_tleft_lbeta_power_precond;eeg_pleft_halpha_power_precond;eeg_pleft_hbeta_power_precond;eeg_tleft_lalpha_power_precond"
2025-12-19 16:10:09.136463,43,"stress_label",7,256,0.125,0.476744186046512,0.517441860465116,NA,7,"top7","eeg_fm_lbeta_power_precond;eeg_faa_precond;eeg_fl_theta_power_precond;eeg_tleft_lbeta_power_precond;eeg_pleft_halpha_power_precond;eeg_pleft_hbeta_power_precond;eeg_tleft_lalpha_power_precond"
2025-12-19 16:10:08.465702,43,"stress_label",7,2,0.03,0.418604651162791,0.563953488372093,0.427131782945736,7,"top7","eeg_fm_lbeta_power_precond;eeg_faa_precond;eeg_fl_theta_power_precond;eeg_tleft_lbeta_power_precond;eeg_pleft_halpha_power_precond;eeg_pleft_hbeta_power_precond;eeg_tleft_lalpha_power_precond"
2025-12-19 16:10:08.654803,43,"stress_label",7,4,0.03,0.459302325581395,0.465116279069767,0.443410852713178,7,"top7","eeg_fm_lbeta_power_precond;eeg_faa_precond;eeg_fl_theta_power_precond;eeg_tleft_lbeta_power_precond;eeg_pleft_halpha_power_precond;eeg_pleft_hbeta_power_precond;eeg_tleft_lalpha_power_precond"
2025-12-19 16:10:09.317009,43,"stress_label",7,8,0.03,0.488372093023256,0.383720930232558,0.472093023255814,7,"top7","eeg_fm_lbeta_power_precond;eeg_faa_precond;eeg_fl_theta_power_precond;eeg_tleft_lbeta_power_precond;eeg_pleft_halpha_power_precond;eeg_pleft_hbeta_power_precond;eeg_tleft_lalpha_power_precond"
2025-12-19 16:10:09.355697,43,"stress_label",7,16,0.03,0.558139534883721,0.447674418604651,NA,7,"top7","eeg_fm_lbeta_power_precond;eeg_faa_precond;eeg_fl_theta_power_precond;eeg_tleft_lbeta_power_precond;eeg_pleft_halpha_power_precond;eeg_pleft_hbeta_power_precond;eeg_tleft_lalpha_power_precond"
2025-12-19 16:10:09.418378,43,"stress_label",7,32,0.03,0.558139534883721,0.5,NA,7,"top7","eeg_fm_lbeta_power_precond;eeg_faa_precond;eeg_fl_theta_power_precond;eeg_tleft_lbeta_power_precond;eeg_pleft_halpha_power_precond;eeg_pleft_hbeta_power_precond;eeg_tleft_lalpha_power_precond"
2025-12-19 16:10:09.498818,43,"stress_label",7,64,0.03,0.569767441860465,0.552325581395349,NA,7,"top7","eeg_fm_lbeta_power_precond;eeg_faa_precond;eeg_fl_theta_power_precond;eeg_tleft_lbeta_power_precond;eeg_pleft_halpha_power_precond;eeg_pleft_hbeta_power_precond;eeg_tleft_lalpha_power_precond"
2025-12-19 16:10:09.679538,43,"stress_label",7,128,0.03,0.534883720930233,0.540697674418605,NA,7,"top7","eeg_fm_lbeta_power_precond;eeg_faa_precond;eeg_fl_theta_power_precond;eeg_tleft_lbeta_power_precond;eeg_pleft_halpha_power_precond;eeg_pleft_hbeta_power_precond;eeg_tleft_lalpha_power_precond"
2025-12-19 16:10:09.912473,43,"stress_label",7,256,0.03,0.482558139534884,0.505813953488372,NA,7,"top7","eeg_fm_lbeta_power_precond;eeg_faa_precond;eeg_fl_theta_power_precond;eeg_tleft_lbeta_power_precond;eeg_pleft_halpha_power_precond;eeg_pleft_hbeta_power_precond;eeg_tleft_lalpha_power_precond"
2025-12-19 16:10:09.575998,43,"stress_label",7,2,0.06,0.447674418604651,0.494186046511628,NA,7,"top7","eeg_fm_lbeta_power_precond;eeg_faa_precond;eeg_fl_theta_power_precond;eeg_tleft_lbeta_power_precond;eeg_pleft_halpha_power_precond;eeg_pleft_hbeta_power_precond;eeg_tleft_lalpha_power_precond"
2025-12-19 16:10:09.569852,43,"stress_label",7,4,0.06,0.534883720930233,0.424418604651163,NA,7,"top7","eeg_fm_lbeta_power_precond;eeg_faa_precond;eeg_fl_theta_power_precond;eeg_tleft_lbeta_power_precond;eeg_pleft_halpha_power_precond;eeg_pleft_hbeta_power_precond;eeg_tleft_lalpha_power_precond"
2025-12-19 16:10:09.691799,43,"stress_label",7,8,0.06,0.552325581395349,0.406976744186047,NA,7,"top7","eeg_fm_lbeta_power_precond;eeg_faa_precond;eeg_fl_theta_power_precond;eeg_tleft_lbeta_power_precond;eeg_pleft_halpha_power_precond;eeg_pleft_hbeta_power_precond;eeg_tleft_lalpha_power_precond"
2025-12-19 16:10:09.816374,43,"stress_label",7,16,0.06,0.563953488372093,0.563953488372093,NA,7,"top7","eeg_fm_lbeta_power_precond;eeg_faa_precond;eeg_fl_theta_power_precond;eeg_tleft_lbeta_power_precond;eeg_pleft_halpha_power_precond;eeg_pleft_hbeta_power_precond;eeg_tleft_lalpha_power_precond"
2025-12-19 16:10:09.82697,43,"stress_label",7,32,0.06,0.505813953488372,0.488372093023256,NA,7,"top7","eeg_fm_lbeta_power_precond;eeg_faa_precond;eeg_fl_theta_power_precond;eeg_tleft_lbeta_power_precond;eeg_pleft_halpha_power_precond;eeg_pleft_hbeta_power_precond;eeg_tleft_lalpha_power_precond"
2025-12-19 16:10:10.140647,43,"stress_label",7,64,0.06,0.488372093023256,0.529069767441861,NA,7,"top7","eeg_fm_lbeta_power_precond;eeg_faa_precond;eeg_fl_theta_power_precond;eeg_tleft_lbeta_power_precond;eeg_pleft_halpha_power_precond;eeg_pleft_hbeta_power_precond;eeg_tleft_lalpha_power_precond"
2025-12-19 16:10:10.427742,43,"stress_label",7,128,0.06,0.540697674418605,0.523255813953488,NA,7,"top7","eeg_fm_lbeta_power_precond;eeg_faa_precond;eeg_fl_theta_power_precond;eeg_tleft_lbeta_power_precond;eeg_pleft_halpha_power_precond;eeg_pleft_hbeta_power_precond;eeg_tleft_lalpha_power_precond"
2025-12-19 16:10:10.746904,43,"stress_label",7,256,0.06,0.511627906976744,0.529069767441861,NA,7,"top7","eeg_fm_lbeta_power_precond;eeg_faa_precond;eeg_fl_theta_power_precond;eeg_tleft_lbeta_power_precond;eeg_pleft_halpha_power_precond;eeg_pleft_hbeta_power_precond;eeg_tleft_lalpha_power_precond"
2025-12-19 16:10:10.308761,43,"stress_label",7,2,0.1,0.523255813953488,0.517441860465116,NA,7,"top7","eeg_fm_lbeta_power_precond;eeg_faa_precond;eeg_fl_theta_power_precond;eeg_tleft_lbeta_power_precond;eeg_pleft_halpha_power_precond;eeg_pleft_hbeta_power_precond;eeg_tleft_lalpha_power_precond"
2025-12-19 16:10:10.362947,43,"stress_label",7,4,0.1,0.563953488372093,0.459302325581395,NA,7,"top7","eeg_fm_lbeta_power_precond;eeg_faa_precond;eeg_fl_theta_power_precond;eeg_tleft_lbeta_power_precond;eeg_pleft_halpha_power_precond;eeg_pleft_hbeta_power_precond;eeg_tleft_lalpha_power_precond"
2025-12-19 16:10:10.440011,43,"stress_label",7,8,0.1,0.517441860465116,0.517441860465116,NA,7,"top7","eeg_fm_lbeta_power_precond;eeg_faa_precond;eeg_fl_theta_power_precond;eeg_tleft_lbeta_power_precond;eeg_pleft_halpha_power_precond;eeg_pleft_hbeta_power_precond;eeg_tleft_lalpha_power_precond"
2025-12-19 16:10:10.521049,43,"stress_label",7,16,0.1,0.5,0.453488372093023,NA,7,"top7","eeg_fm_lbeta_power_precond;eeg_faa_precond;eeg_fl_theta_power_precond;eeg_tleft_lbeta_power_precond;eeg_pleft_halpha_power_precond;eeg_pleft_hbeta_power_precond;eeg_tleft_lalpha_power_precond"
2025-12-19 16:10:10.636028,43,"stress_label",7,32,0.1,0.540697674418605,0.517441860465116,NA,7,"top7","eeg_fm_lbeta_power_precond;eeg_faa_precond;eeg_fl_theta_power_precond;eeg_tleft_lbeta_power_precond;eeg_pleft_halpha_power_precond;eeg_pleft_hbeta_power_precond;eeg_tleft_lalpha_power_precond"
2025-12-19 16:10:10.70633,43,"stress_label",7,64,0.1,0.529069767441861,0.546511627906977,NA,7,"top7","eeg_fm_lbeta_power_precond;eeg_faa_precond;eeg_fl_theta_power_precond;eeg_tleft_lbeta_power_precond;eeg_pleft_halpha_power_precond;eeg_pleft_hbeta_power_precond;eeg_tleft_lalpha_power_precond"
2025-12-19 16:10:10.925352,43,"stress_label",7,128,0.1,0.482558139534884,0.529069767441861,NA,7,"top7","eeg_fm_lbeta_power_precond;eeg_faa_precond;eeg_fl_theta_power_precond;eeg_tleft_lbeta_power_precond;eeg_pleft_halpha_power_precond;eeg_pleft_hbeta_power_precond;eeg_tleft_lalpha_power_precond"
2025-12-19 16:10:11.063422,43,"stress_label",7,256,0.1,0.505813953488372,0.540697674418605,NA,7,"top7","eeg_fm_lbeta_power_precond;eeg_faa_precond;eeg_fl_theta_power_precond;eeg_tleft_lbeta_power_precond;eeg_pleft_halpha_power_precond;eeg_pleft_hbeta_power_precond;eeg_tleft_lalpha_power_precond"
2025-12-19 16:10:12.325168,44,"stress_label",7,2,0.0078125,0.476744186046512,0.418604651162791,0.437984496124031,7,"top7","eeg_fm_lbeta_power_precond;eeg_fm_specent_precond;eeg_faa_precond;eeg_tleft_lbeta_power_precond;eeg_tleft_lalpha_power_precond;eeg_fl_theta_power_precond;eeg_tleft_alpha_power_precond"
2025-12-19 16:10:12.336967,44,"stress_label",7,4,0.0078125,0.447674418604651,0.401162790697674,0.389147286821705,7,"top7","eeg_fm_lbeta_power_precond;eeg_fm_specent_precond;eeg_faa_precond;eeg_tleft_lbeta_power_precond;eeg_tleft_lalpha_power_precond;eeg_fl_theta_power_precond;eeg_tleft_alpha_power_precond"
2025-12-19 16:10:12.333216,44,"stress_label",7,8,0.0078125,0.447674418604651,0.424418604651163,NA,7,"top7","eeg_fm_lbeta_power_precond;eeg_fm_specent_precond;eeg_faa_precond;eeg_tleft_lbeta_power_precond;eeg_tleft_lalpha_power_precond;eeg_fl_theta_power_precond;eeg_tleft_alpha_power_precond"
2025-12-19 16:10:12.345236,44,"stress_label",7,16,0.0078125,0.453488372093023,0.418604651162791,0.403100775193798,7,"top7","eeg_fm_lbeta_power_precond;eeg_fm_specent_precond;eeg_faa_precond;eeg_tleft_lbeta_power_precond;eeg_tleft_lalpha_power_precond;eeg_fl_theta_power_precond;eeg_tleft_alpha_power_precond"
2025-12-19 16:10:12.340953,44,"stress_label",7,32,0.0078125,0.459302325581395,0.36046511627907,0.423255813953488,7,"top7","eeg_fm_lbeta_power_precond;eeg_fm_specent_precond;eeg_faa_precond;eeg_tleft_lbeta_power_precond;eeg_tleft_lalpha_power_precond;eeg_fl_theta_power_precond;eeg_tleft_alpha_power_precond"
2025-12-19 16:10:12.352106,44,"stress_label",7,64,0.0078125,0.430232558139535,0.290697674418605,0.397674418604651,7,"top7","eeg_fm_lbeta_power_precond;eeg_fm_specent_precond;eeg_faa_precond;eeg_tleft_lbeta_power_precond;eeg_tleft_lalpha_power_precond;eeg_fl_theta_power_precond;eeg_tleft_alpha_power_precond"
2025-12-19 16:10:12.4534,44,"stress_label",7,128,0.0078125,0.5,0.436046511627907,NA,7,"top7","eeg_fm_lbeta_power_precond;eeg_fm_specent_precond;eeg_faa_precond;eeg_tleft_lbeta_power_precond;eeg_tleft_lalpha_power_precond;eeg_fl_theta_power_precond;eeg_tleft_alpha_power_precond"
2025-12-19 16:10:12.478314,44,"stress_label",7,256,0.0078125,0.540697674418605,0.372093023255814,NA,7,"top7","eeg_fm_lbeta_power_precond;eeg_fm_specent_precond;eeg_faa_precond;eeg_tleft_lbeta_power_precond;eeg_tleft_lalpha_power_precond;eeg_fl_theta_power_precond;eeg_tleft_alpha_power_precond"
2025-12-19 16:10:12.338996,44,"stress_label",7,2,0.015625,0.447674418604651,0.430232558139535,NA,7,"top7","eeg_fm_lbeta_power_precond;eeg_fm_specent_precond;eeg_faa_precond;eeg_tleft_lbeta_power_precond;eeg_tleft_lalpha_power_precond;eeg_fl_theta_power_precond;eeg_tleft_alpha_power_precond"
2025-12-19 16:10:12.330713,44,"stress_label",7,4,0.015625,0.441860465116279,0.436046511627907,0.375193798449612,7,"top7","eeg_fm_lbeta_power_precond;eeg_fm_specent_precond;eeg_faa_precond;eeg_tleft_lbeta_power_precond;eeg_tleft_lalpha_power_precond;eeg_fl_theta_power_precond;eeg_tleft_alpha_power_precond"
2025-12-19 16:10:12.35506,44,"stress_label",7,8,0.015625,0.453488372093023,0.372093023255814,0.406976744186047,7,"top7","eeg_fm_lbeta_power_precond;eeg_fm_specent_precond;eeg_faa_precond;eeg_tleft_lbeta_power_precond;eeg_tleft_lalpha_power_precond;eeg_fl_theta_power_precond;eeg_tleft_alpha_power_precond"
2025-12-19 16:10:12.350644,44,"stress_label",7,16,0.015625,0.418604651162791,0.38953488372093,0.378294573643411,7,"top7","eeg_fm_lbeta_power_precond;eeg_fm_specent_precond;eeg_faa_precond;eeg_tleft_lbeta_power_precond;eeg_tleft_lalpha_power_precond;eeg_fl_theta_power_precond;eeg_tleft_alpha_power_precond"
2025-12-19 16:10:12.358301,44,"stress_label",7,32,0.015625,0.476744186046512,0.372093023255814,NA,7,"top7","eeg_fm_lbeta_power_precond;eeg_fm_specent_precond;eeg_faa_precond;eeg_tleft_lbeta_power_precond;eeg_tleft_lalpha_power_precond;eeg_fl_theta_power_precond;eeg_tleft_alpha_power_precond"
2025-12-19 16:10:12.430694,44,"stress_label",7,64,0.015625,0.523255813953488,0.430232558139535,NA,7,"top7","eeg_fm_lbeta_power_precond;eeg_fm_specent_precond;eeg_faa_precond;eeg_tleft_lbeta_power_precond;eeg_tleft_lalpha_power_precond;eeg_fl_theta_power_precond;eeg_tleft_alpha_power_precond"
2025-12-19 16:10:13.586524,44,"stress_label",7,128,0.015625,0.523255813953488,0.453488372093023,NA,7,"top7","eeg_fm_lbeta_power_precond;eeg_fm_specent_precond;eeg_faa_precond;eeg_tleft_lbeta_power_precond;eeg_tleft_lalpha_power_precond;eeg_fl_theta_power_precond;eeg_tleft_alpha_power_precond"
2025-12-19 16:10:13.770086,44,"stress_label",7,256,0.015625,0.540697674418605,0.348837209302326,NA,7,"top7","eeg_fm_lbeta_power_precond;eeg_fm_specent_precond;eeg_faa_precond;eeg_tleft_lbeta_power_precond;eeg_tleft_lalpha_power_precond;eeg_fl_theta_power_precond;eeg_tleft_alpha_power_precond"
2025-12-19 16:10:13.427488,44,"stress_label",7,2,0.03125,0.453488372093023,0.430232558139535,NA,7,"top7","eeg_fm_lbeta_power_precond;eeg_fm_specent_precond;eeg_faa_precond;eeg_tleft_lbeta_power_precond;eeg_tleft_lalpha_power_precond;eeg_fl_theta_power_precond;eeg_tleft_alpha_power_precond"
2025-12-19 16:10:13.427887,44,"stress_label",7,4,0.03125,0.430232558139535,0.453488372093023,0.382170542635659,7,"top7","eeg_fm_lbeta_power_precond;eeg_fm_specent_precond;eeg_faa_precond;eeg_tleft_lbeta_power_precond;eeg_tleft_lalpha_power_precond;eeg_fl_theta_power_precond;eeg_tleft_alpha_power_precond"
2025-12-19 16:10:13.471327,44,"stress_label",7,8,0.03125,0.447674418604651,0.517441860465116,NA,7,"top7","eeg_fm_lbeta_power_precond;eeg_fm_specent_precond;eeg_faa_precond;eeg_tleft_lbeta_power_precond;eeg_tleft_lalpha_power_precond;eeg_fl_theta_power_precond;eeg_tleft_alpha_power_precond"
2025-12-19 16:10:13.473276,44,"stress_label",7,16,0.03125,0.505813953488372,0.377906976744186,NA,7,"top7","eeg_fm_lbeta_power_precond;eeg_fm_specent_precond;eeg_faa_precond;eeg_tleft_lbeta_power_precond;eeg_tleft_lalpha_power_precond;eeg_fl_theta_power_precond;eeg_tleft_alpha_power_precond"
2025-12-19 16:10:13.502794,44,"stress_label",7,32,0.03125,0.505813953488372,0.296511627906977,NA,7,"top7","eeg_fm_lbeta_power_precond;eeg_fm_specent_precond;eeg_faa_precond;eeg_tleft_lbeta_power_precond;eeg_tleft_lalpha_power_precond;eeg_fl_theta_power_precond;eeg_tleft_alpha_power_precond"
2025-12-19 16:10:13.611817,44,"stress_label",7,64,0.03125,0.511627906976744,0.406976744186047,NA,7,"top7","eeg_fm_lbeta_power_precond;eeg_fm_specent_precond;eeg_faa_precond;eeg_tleft_lbeta_power_precond;eeg_tleft_lalpha_power_precond;eeg_fl_theta_power_precond;eeg_tleft_alpha_power_precond"
2025-12-19 16:10:13.765639,44,"stress_label",7,128,0.03125,0.540697674418605,0.47093023255814,NA,7,"top7","eeg_fm_lbeta_power_precond;eeg_fm_specent_precond;eeg_faa_precond;eeg_tleft_lbeta_power_precond;eeg_tleft_lalpha_power_precond;eeg_fl_theta_power_precond;eeg_tleft_alpha_power_precond"
2025-12-19 16:10:14.150453,44,"stress_label",7,256,0.03125,0.534883720930233,0.424418604651163,NA,7,"top7","eeg_fm_lbeta_power_precond;eeg_fm_specent_precond;eeg_faa_precond;eeg_tleft_lbeta_power_precond;eeg_tleft_lalpha_power_precond;eeg_fl_theta_power_precond;eeg_tleft_alpha_power_precond"
2025-12-19 16:10:13.45098,44,"stress_label",7,2,0.0625,0.441860465116279,0.453488372093023,0.405426356589147,7,"top7","eeg_fm_lbeta_power_precond;eeg_fm_specent_precond;eeg_faa_precond;eeg_tleft_lbeta_power_precond;eeg_tleft_lalpha_power_precond;eeg_fl_theta_power_precond;eeg_tleft_alpha_power_precond"
2025-12-19 16:10:13.527766,44,"stress_label",7,4,0.0625,0.476744186046512,0.459302325581395,NA,7,"top7","eeg_fm_lbeta_power_precond;eeg_fm_specent_precond;eeg_faa_precond;eeg_tleft_lbeta_power_precond;eeg_tleft_lalpha_power_precond;eeg_fl_theta_power_precond;eeg_tleft_alpha_power_precond"
2025-12-19 16:10:13.621095,44,"stress_label",7,8,0.0625,0.505813953488372,0.337209302325581,NA,7,"top7","eeg_fm_lbeta_power_precond;eeg_fm_specent_precond;eeg_faa_precond;eeg_tleft_lbeta_power_precond;eeg_tleft_lalpha_power_precond;eeg_fl_theta_power_precond;eeg_tleft_alpha_power_precond"
2025-12-19 16:10:13.612298,44,"stress_label",7,16,0.0625,0.476744186046512,0.406976744186047,NA,7,"top7","eeg_fm_lbeta_power_precond;eeg_fm_specent_precond;eeg_faa_precond;eeg_tleft_lbeta_power_precond;eeg_tleft_lalpha_power_precond;eeg_fl_theta_power_precond;eeg_tleft_alpha_power_precond"
2025-12-19 16:10:14.629987,44,"stress_label",7,32,0.0625,0.534883720930233,0.377906976744186,NA,7,"top7","eeg_fm_lbeta_power_precond;eeg_fm_specent_precond;eeg_faa_precond;eeg_tleft_lbeta_power_precond;eeg_tleft_lalpha_power_precond;eeg_fl_theta_power_precond;eeg_tleft_alpha_power_precond"
2025-12-19 16:10:14.79128,44,"stress_label",7,64,0.0625,0.488372093023256,0.424418604651163,NA,7,"top7","eeg_fm_lbeta_power_precond;eeg_fm_specent_precond;eeg_faa_precond;eeg_tleft_lbeta_power_precond;eeg_tleft_lalpha_power_precond;eeg_fl_theta_power_precond;eeg_tleft_alpha_power_precond"
2025-12-19 16:10:15.181933,44,"stress_label",7,128,0.0625,0.546511627906977,0.465116279069767,NA,7,"top7","eeg_fm_lbeta_power_precond;eeg_fm_specent_precond;eeg_faa_precond;eeg_tleft_lbeta_power_precond;eeg_tleft_lalpha_power_precond;eeg_fl_theta_power_precond;eeg_tleft_alpha_power_precond"
2025-12-19 16:10:15.612699,44,"stress_label",7,256,0.0625,0.534883720930233,0.476744186046512,NA,7,"top7","eeg_fm_lbeta_power_precond;eeg_fm_specent_precond;eeg_faa_precond;eeg_tleft_lbeta_power_precond;eeg_tleft_lalpha_power_precond;eeg_fl_theta_power_precond;eeg_tleft_alpha_power_precond"
2025-12-19 16:10:14.59289,44,"stress_label",7,2,0.125,0.482558139534884,0.395348837209302,NA,7,"top7","eeg_fm_lbeta_power_precond;eeg_fm_specent_precond;eeg_faa_precond;eeg_tleft_lbeta_power_precond;eeg_tleft_lalpha_power_precond;eeg_fl_theta_power_precond;eeg_tleft_alpha_power_precond"
2025-12-19 16:10:14.626885,44,"stress_label",7,4,0.125,0.505813953488372,0.430232558139535,NA,7,"top7","eeg_fm_lbeta_power_precond;eeg_fm_specent_precond;eeg_faa_precond;eeg_tleft_lbeta_power_precond;eeg_tleft_lalpha_power_precond;eeg_fl_theta_power_precond;eeg_tleft_alpha_power_precond"
2025-12-19 16:10:14.669921,44,"stress_label",7,8,0.125,0.488372093023256,0.465116279069767,NA,7,"top7","eeg_fm_lbeta_power_precond;eeg_fm_specent_precond;eeg_faa_precond;eeg_tleft_lbeta_power_precond;eeg_tleft_lalpha_power_precond;eeg_fl_theta_power_precond;eeg_tleft_alpha_power_precond"
2025-12-19 16:10:14.827208,44,"stress_label",7,16,0.125,0.511627906976744,0.441860465116279,NA,7,"top7","eeg_fm_lbeta_power_precond;eeg_fm_specent_precond;eeg_faa_precond;eeg_tleft_lbeta_power_precond;eeg_tleft_lalpha_power_precond;eeg_fl_theta_power_precond;eeg_tleft_alpha_power_precond"
2025-12-19 16:10:14.963817,44,"stress_label",7,32,0.125,0.540697674418605,0.401162790697674,NA,7,"top7","eeg_fm_lbeta_power_precond;eeg_fm_specent_precond;eeg_faa_precond;eeg_tleft_lbeta_power_precond;eeg_tleft_lalpha_power_precond;eeg_fl_theta_power_precond;eeg_tleft_alpha_power_precond"
2025-12-19 16:10:15.086997,44,"stress_label",7,64,0.125,0.494186046511628,0.459302325581395,NA,7,"top7","eeg_fm_lbeta_power_precond;eeg_fm_specent_precond;eeg_faa_precond;eeg_tleft_lbeta_power_precond;eeg_tleft_lalpha_power_precond;eeg_fl_theta_power_precond;eeg_tleft_alpha_power_precond"
2025-12-19 16:10:15.303611,44,"stress_label",7,128,0.125,0.488372093023256,0.412790697674419,NA,7,"top7","eeg_fm_lbeta_power_precond;eeg_fm_specent_precond;eeg_faa_precond;eeg_tleft_lbeta_power_precond;eeg_tleft_lalpha_power_precond;eeg_fl_theta_power_precond;eeg_tleft_alpha_power_precond"
2025-12-19 16:10:15.671794,44,"stress_label",7,256,0.125,0.517441860465116,0.436046511627907,NA,7,"top7","eeg_fm_lbeta_power_precond;eeg_fm_specent_precond;eeg_faa_precond;eeg_tleft_lbeta_power_precond;eeg_tleft_lalpha_power_precond;eeg_fl_theta_power_precond;eeg_tleft_alpha_power_precond"
2025-12-19 16:10:14.778409,44,"stress_label",7,2,0.03,0.453488372093023,0.529069767441861,NA,7,"top7","eeg_fm_lbeta_power_precond;eeg_fm_specent_precond;eeg_faa_precond;eeg_tleft_lbeta_power_precond;eeg_tleft_lalpha_power_precond;eeg_fl_theta_power_precond;eeg_tleft_alpha_power_precond"
2025-12-19 16:10:15.218601,44,"stress_label",7,4,0.03,0.436046511627907,0.36046511627907,0.389922480620155,7,"top7","eeg_fm_lbeta_power_precond;eeg_fm_specent_precond;eeg_faa_precond;eeg_tleft_lbeta_power_precond;eeg_tleft_lalpha_power_precond;eeg_fl_theta_power_precond;eeg_tleft_alpha_power_precond"
2025-12-19 16:10:15.646207,44,"stress_label",7,8,0.03,0.447674418604651,0.424418604651163,NA,7,"top7","eeg_fm_lbeta_power_precond;eeg_fm_specent_precond;eeg_faa_precond;eeg_tleft_lbeta_power_precond;eeg_tleft_lalpha_power_precond;eeg_fl_theta_power_precond;eeg_tleft_alpha_power_precond"
2025-12-19 16:10:15.739486,44,"stress_label",7,16,0.03,0.511627906976744,0.436046511627907,NA,7,"top7","eeg_fm_lbeta_power_precond;eeg_fm_specent_precond;eeg_faa_precond;eeg_tleft_lbeta_power_precond;eeg_tleft_lalpha_power_precond;eeg_fl_theta_power_precond;eeg_tleft_alpha_power_precond"
2025-12-19 16:10:15.792954,44,"stress_label",7,32,0.03,0.511627906976744,0.395348837209302,NA,7,"top7","eeg_fm_lbeta_power_precond;eeg_fm_specent_precond;eeg_faa_precond;eeg_tleft_lbeta_power_precond;eeg_tleft_lalpha_power_precond;eeg_fl_theta_power_precond;eeg_tleft_alpha_power_precond"
2025-12-19 16:10:15.885286,44,"stress_label",7,64,0.03,0.511627906976744,0.441860465116279,NA,7,"top7","eeg_fm_lbeta_power_precond;eeg_fm_specent_precond;eeg_faa_precond;eeg_tleft_lbeta_power_precond;eeg_tleft_lalpha_power_precond;eeg_fl_theta_power_precond;eeg_tleft_alpha_power_precond"
2025-12-19 16:10:16.148157,44,"stress_label",7,128,0.03,0.529069767441861,0.38953488372093,NA,7,"top7","eeg_fm_lbeta_power_precond;eeg_fm_specent_precond;eeg_faa_precond;eeg_tleft_lbeta_power_precond;eeg_tleft_lalpha_power_precond;eeg_fl_theta_power_precond;eeg_tleft_alpha_power_precond"
2025-12-19 16:10:16.507706,44,"stress_label",7,256,0.03,0.534883720930233,0.343023255813953,NA,7,"top7","eeg_fm_lbeta_power_precond;eeg_fm_specent_precond;eeg_faa_precond;eeg_tleft_lbeta_power_precond;eeg_tleft_lalpha_power_precond;eeg_fl_theta_power_precond;eeg_tleft_alpha_power_precond"
2025-12-19 16:10:15.879528,44,"stress_label",7,2,0.06,0.436046511627907,0.540697674418605,0.392248062015504,7,"top7","eeg_fm_lbeta_power_precond;eeg_fm_specent_precond;eeg_faa_precond;eeg_tleft_lbeta_power_precond;eeg_tleft_lalpha_power_precond;eeg_fl_theta_power_precond;eeg_tleft_alpha_power_precond"
2025-12-19 16:10:16.028396,44,"stress_label",7,4,0.06,0.476744186046512,0.354651162790698,NA,7,"top7","eeg_fm_lbeta_power_precond;eeg_fm_specent_precond;eeg_faa_precond;eeg_tleft_lbeta_power_precond;eeg_tleft_lalpha_power_precond;eeg_fl_theta_power_precond;eeg_tleft_alpha_power_precond"
2025-12-19 16:10:16.260477,44,"stress_label",7,8,0.06,0.5,0.319767441860465,NA,7,"top7","eeg_fm_lbeta_power_precond;eeg_fm_specent_precond;eeg_faa_precond;eeg_tleft_lbeta_power_precond;eeg_tleft_lalpha_power_precond;eeg_fl_theta_power_precond;eeg_tleft_alpha_power_precond"
2025-12-19 16:10:16.332765,44,"stress_label",7,16,0.06,0.482558139534884,0.418604651162791,NA,7,"top7","eeg_fm_lbeta_power_precond;eeg_fm_specent_precond;eeg_faa_precond;eeg_tleft_lbeta_power_precond;eeg_tleft_lalpha_power_precond;eeg_fl_theta_power_precond;eeg_tleft_alpha_power_precond"
2025-12-19 16:10:16.381194,44,"stress_label",7,32,0.06,0.529069767441861,0.372093023255814,NA,7,"top7","eeg_fm_lbeta_power_precond;eeg_fm_specent_precond;eeg_faa_precond;eeg_tleft_lbeta_power_precond;eeg_tleft_lalpha_power_precond;eeg_fl_theta_power_precond;eeg_tleft_alpha_power_precond"
2025-12-19 16:10:16.588228,44,"stress_label",7,64,0.06,0.5,0.453488372093023,NA,7,"top7","eeg_fm_lbeta_power_precond;eeg_fm_specent_precond;eeg_faa_precond;eeg_tleft_lbeta_power_precond;eeg_tleft_lalpha_power_precond;eeg_fl_theta_power_precond;eeg_tleft_alpha_power_precond"
2025-12-19 16:10:17.065384,44,"stress_label",7,128,0.06,0.552325581395349,0.494186046511628,NA,7,"top7","eeg_fm_lbeta_power_precond;eeg_fm_specent_precond;eeg_faa_precond;eeg_tleft_lbeta_power_precond;eeg_tleft_lalpha_power_precond;eeg_fl_theta_power_precond;eeg_tleft_alpha_power_precond"
2025-12-19 16:10:17.327348,44,"stress_label",7,256,0.06,0.563953488372093,0.476744186046512,NA,7,"top7","eeg_fm_lbeta_power_precond;eeg_fm_specent_precond;eeg_faa_precond;eeg_tleft_lbeta_power_precond;eeg_tleft_lalpha_power_precond;eeg_fl_theta_power_precond;eeg_tleft_alpha_power_precond"
2025-12-19 16:10:16.723827,44,"stress_label",7,2,0.1,0.47093023255814,0.377906976744186,NA,7,"top7","eeg_fm_lbeta_power_precond;eeg_fm_specent_precond;eeg_faa_precond;eeg_tleft_lbeta_power_precond;eeg_tleft_lalpha_power_precond;eeg_fl_theta_power_precond;eeg_tleft_alpha_power_precond"
2025-12-19 16:10:16.779768,44,"stress_label",7,4,0.1,0.482558139534884,0.343023255813953,NA,7,"top7","eeg_fm_lbeta_power_precond;eeg_fm_specent_precond;eeg_faa_precond;eeg_tleft_lbeta_power_precond;eeg_tleft_lalpha_power_precond;eeg_fl_theta_power_precond;eeg_tleft_alpha_power_precond"
2025-12-19 16:10:16.846388,44,"stress_label",7,8,0.1,0.488372093023256,0.36046511627907,NA,7,"top7","eeg_fm_lbeta_power_precond;eeg_fm_specent_precond;eeg_faa_precond;eeg_tleft_lbeta_power_precond;eeg_tleft_lalpha_power_precond;eeg_fl_theta_power_precond;eeg_tleft_alpha_power_precond"
2025-12-19 16:10:16.925598,44,"stress_label",7,16,0.1,0.482558139534884,0.406976744186047,NA,7,"top7","eeg_fm_lbeta_power_precond;eeg_fm_specent_precond;eeg_faa_precond;eeg_tleft_lbeta_power_precond;eeg_tleft_lalpha_power_precond;eeg_fl_theta_power_precond;eeg_tleft_alpha_power_precond"
2025-12-19 16:10:17.041078,44,"stress_label",7,32,0.1,0.540697674418605,0.447674418604651,NA,7,"top7","eeg_fm_lbeta_power_precond;eeg_fm_specent_precond;eeg_faa_precond;eeg_tleft_lbeta_power_precond;eeg_tleft_lalpha_power_precond;eeg_fl_theta_power_precond;eeg_tleft_alpha_power_precond"
2025-12-19 16:10:17.253491,44,"stress_label",7,64,0.1,0.540697674418605,0.447674418604651,NA,7,"top7","eeg_fm_lbeta_power_precond;eeg_fm_specent_precond;eeg_faa_precond;eeg_tleft_lbeta_power_precond;eeg_tleft_lalpha_power_precond;eeg_fl_theta_power_precond;eeg_tleft_alpha_power_precond"
2025-12-19 16:10:17.448864,44,"stress_label",7,128,0.1,0.5,0.412790697674419,NA,7,"top7","eeg_fm_lbeta_power_precond;eeg_fm_specent_precond;eeg_faa_precond;eeg_tleft_lbeta_power_precond;eeg_tleft_lalpha_power_precond;eeg_fl_theta_power_precond;eeg_tleft_alpha_power_precond"
2025-12-19 16:10:17.704882,44,"stress_label",7,256,0.1,0.482558139534884,0.453488372093023,NA,7,"top7","eeg_fm_lbeta_power_precond;eeg_fm_specent_precond;eeg_faa_precond;eeg_tleft_lbeta_power_precond;eeg_tleft_lalpha_power_precond;eeg_fl_theta_power_precond;eeg_tleft_alpha_power_precond"
2025-12-19 16:10:18.974833,45,"stress_label",7,2,0.0078125,0.488372093023256,0.523255813953488,0.487596899224806,7,"top7","eeg_fm_lbeta_power_precond;eeg_fm_specent_precond;eeg_faa_precond;eeg_tleft_lbeta_power_precond;eeg_fl_theta_power_precond;eeg_tleft_lalpha_power_precond;eeg_tb_ratio_precond"
2025-12-19 16:10:19.002751,45,"stress_label",7,4,0.0078125,0.476744186046512,0.366279069767442,0.47984496124031,7,"top7","eeg_fm_lbeta_power_precond;eeg_fm_specent_precond;eeg_faa_precond;eeg_tleft_lbeta_power_precond;eeg_fl_theta_power_precond;eeg_tleft_lalpha_power_precond;eeg_tb_ratio_precond"
2025-12-19 16:10:18.989525,45,"stress_label",7,8,0.0078125,0.540697674418605,0.331395348837209,0.556589147286822,7,"top7","eeg_fm_lbeta_power_precond;eeg_fm_specent_precond;eeg_faa_precond;eeg_tleft_lbeta_power_precond;eeg_fl_theta_power_precond;eeg_tleft_lalpha_power_precond;eeg_tb_ratio_precond"
2025-12-19 16:10:18.981451,45,"stress_label",7,16,0.0078125,0.505813953488372,0.343023255813953,0.501550387596899,7,"top7","eeg_fm_lbeta_power_precond;eeg_fm_specent_precond;eeg_faa_precond;eeg_tleft_lbeta_power_precond;eeg_fl_theta_power_precond;eeg_tleft_lalpha_power_precond;eeg_tb_ratio_precond"
2025-12-19 16:10:18.958513,45,"stress_label",7,32,0.0078125,0.482558139534884,0.331395348837209,0.455813953488372,7,"top7","eeg_fm_lbeta_power_precond;eeg_fm_specent_precond;eeg_faa_precond;eeg_tleft_lbeta_power_precond;eeg_fl_theta_power_precond;eeg_tleft_lalpha_power_precond;eeg_tb_ratio_precond"
2025-12-19 16:10:19.017612,45,"stress_label",7,64,0.0078125,0.47093023255814,0.302325581395349,NA,7,"top7","eeg_fm_lbeta_power_precond;eeg_fm_specent_precond;eeg_faa_precond;eeg_tleft_lbeta_power_precond;eeg_fl_theta_power_precond;eeg_tleft_lalpha_power_precond;eeg_tb_ratio_precond"
2025-12-19 16:10:19.079791,45,"stress_label",7,128,0.0078125,0.482558139534884,0.348837209302326,NA,7,"top7","eeg_fm_lbeta_power_precond;eeg_fm_specent_precond;eeg_faa_precond;eeg_tleft_lbeta_power_precond;eeg_fl_theta_power_precond;eeg_tleft_lalpha_power_precond;eeg_tb_ratio_precond"
2025-12-19 16:10:19.176606,45,"stress_label",7,256,0.0078125,0.540697674418605,0.401162790697674,NA,7,"top7","eeg_fm_lbeta_power_precond;eeg_fm_specent_precond;eeg_faa_precond;eeg_tleft_lbeta_power_precond;eeg_fl_theta_power_precond;eeg_tleft_lalpha_power_precond;eeg_tb_ratio_precond"
2025-12-19 16:10:18.965599,45,"stress_label",7,2,0.015625,0.476744186046512,0.47093023255814,0.484496124031008,7,"top7","eeg_fm_lbeta_power_precond;eeg_fm_specent_precond;eeg_faa_precond;eeg_tleft_lbeta_power_precond;eeg_fl_theta_power_precond;eeg_tleft_lalpha_power_precond;eeg_tb_ratio_precond"
2025-12-19 16:10:18.978689,45,"stress_label",7,4,0.015625,0.529069767441861,0.343023255813953,0.527906976744186,7,"top7","eeg_fm_lbeta_power_precond;eeg_fm_specent_precond;eeg_faa_precond;eeg_tleft_lbeta_power_precond;eeg_fl_theta_power_precond;eeg_tleft_lalpha_power_precond;eeg_tb_ratio_precond"
2025-12-19 16:10:18.964082,45,"stress_label",7,8,0.015625,0.482558139534884,0.412790697674419,0.467441860465116,7,"top7","eeg_fm_lbeta_power_precond;eeg_fm_specent_precond;eeg_faa_precond;eeg_tleft_lbeta_power_precond;eeg_fl_theta_power_precond;eeg_tleft_lalpha_power_precond;eeg_tb_ratio_precond"
2025-12-19 16:10:18.984061,45,"stress_label",7,16,0.015625,0.488372093023256,0.36046511627907,NA,7,"top7","eeg_fm_lbeta_power_precond;eeg_fm_specent_precond;eeg_faa_precond;eeg_tleft_lbeta_power_precond;eeg_fl_theta_power_precond;eeg_tleft_lalpha_power_precond;eeg_tb_ratio_precond"
2025-12-19 16:10:18.998627,45,"stress_label",7,32,0.015625,0.5,0.38953488372093,NA,7,"top7","eeg_fm_lbeta_power_precond;eeg_fm_specent_precond;eeg_faa_precond;eeg_tleft_lbeta_power_precond;eeg_fl_theta_power_precond;eeg_tleft_lalpha_power_precond;eeg_tb_ratio_precond"
2025-12-19 16:10:19.072231,45,"stress_label",7,64,0.015625,0.517441860465116,0.36046511627907,NA,7,"top7","eeg_fm_lbeta_power_precond;eeg_fm_specent_precond;eeg_faa_precond;eeg_tleft_lbeta_power_precond;eeg_fl_theta_power_precond;eeg_tleft_lalpha_power_precond;eeg_tb_ratio_precond"
2025-12-19 16:10:20.249173,45,"stress_label",7,128,0.015625,0.540697674418605,0.424418604651163,NA,7,"top7","eeg_fm_lbeta_power_precond;eeg_fm_specent_precond;eeg_faa_precond;eeg_tleft_lbeta_power_precond;eeg_fl_theta_power_precond;eeg_tleft_lalpha_power_precond;eeg_tb_ratio_precond"
2025-12-19 16:10:20.393018,45,"stress_label",7,256,0.015625,0.523255813953488,0.377906976744186,NA,7,"top7","eeg_fm_lbeta_power_precond;eeg_fm_specent_precond;eeg_faa_precond;eeg_tleft_lbeta_power_precond;eeg_fl_theta_power_precond;eeg_tleft_lalpha_power_precond;eeg_tb_ratio_precond"
2025-12-19 16:10:20.03959,45,"stress_label",7,2,0.03125,0.5,0.424418604651163,0.490697674418605,7,"top7","eeg_fm_lbeta_power_precond;eeg_fm_specent_precond;eeg_faa_precond;eeg_tleft_lbeta_power_precond;eeg_fl_theta_power_precond;eeg_tleft_lalpha_power_precond;eeg_tb_ratio_precond"
2025-12-19 16:10:20.057003,45,"stress_label",7,4,0.03125,0.465116279069767,0.296511627906977,0.437209302325581,7,"top7","eeg_fm_lbeta_power_precond;eeg_fm_specent_precond;eeg_faa_precond;eeg_tleft_lbeta_power_precond;eeg_fl_theta_power_precond;eeg_tleft_lalpha_power_precond;eeg_tb_ratio_precond"
2025-12-19 16:10:20.10665,45,"stress_label",7,8,0.03125,0.494186046511628,0.313953488372093,NA,7,"top7","eeg_fm_lbeta_power_precond;eeg_fm_specent_precond;eeg_faa_precond;eeg_tleft_lbeta_power_precond;eeg_fl_theta_power_precond;eeg_tleft_lalpha_power_precond;eeg_tb_ratio_precond"
2025-12-19 16:10:20.113136,45,"stress_label",7,16,0.03125,0.529069767441861,0.372093023255814,NA,7,"top7","eeg_fm_lbeta_power_precond;eeg_fm_specent_precond;eeg_faa_precond;eeg_tleft_lbeta_power_precond;eeg_fl_theta_power_precond;eeg_tleft_lalpha_power_precond;eeg_tb_ratio_precond"
2025-12-19 16:10:20.148429,45,"stress_label",7,32,0.03125,0.534883720930233,0.430232558139535,NA,7,"top7","eeg_fm_lbeta_power_precond;eeg_fm_specent_precond;eeg_faa_precond;eeg_tleft_lbeta_power_precond;eeg_fl_theta_power_precond;eeg_tleft_lalpha_power_precond;eeg_tb_ratio_precond"
2025-12-19 16:10:20.26576,45,"stress_label",7,64,0.03125,0.505813953488372,0.354651162790698,NA,7,"top7","eeg_fm_lbeta_power_precond;eeg_fm_specent_precond;eeg_faa_precond;eeg_tleft_lbeta_power_precond;eeg_fl_theta_power_precond;eeg_tleft_lalpha_power_precond;eeg_tb_ratio_precond"
2025-12-19 16:10:20.411561,45,"stress_label",7,128,0.03125,0.488372093023256,0.441860465116279,NA,7,"top7","eeg_fm_lbeta_power_precond;eeg_fm_specent_precond;eeg_faa_precond;eeg_tleft_lbeta_power_precond;eeg_fl_theta_power_precond;eeg_tleft_lalpha_power_precond;eeg_tb_ratio_precond"
2025-12-19 16:10:20.711682,45,"stress_label",7,256,0.03125,0.47093023255814,0.447674418604651,NA,7,"top7","eeg_fm_lbeta_power_precond;eeg_fm_specent_precond;eeg_faa_precond;eeg_tleft_lbeta_power_precond;eeg_fl_theta_power_precond;eeg_tleft_lalpha_power_precond;eeg_tb_ratio_precond"
2025-12-19 16:10:20.143348,45,"stress_label",7,2,0.0625,0.511627906976744,0.372093023255814,NA,7,"top7","eeg_fm_lbeta_power_precond;eeg_fm_specent_precond;eeg_faa_precond;eeg_tleft_lbeta_power_precond;eeg_fl_theta_power_precond;eeg_tleft_lalpha_power_precond;eeg_tb_ratio_precond"
2025-12-19 16:10:20.172678,45,"stress_label",7,4,0.0625,0.5,0.354651162790698,NA,7,"top7","eeg_fm_lbeta_power_precond;eeg_fm_specent_precond;eeg_faa_precond;eeg_tleft_lbeta_power_precond;eeg_fl_theta_power_precond;eeg_tleft_lalpha_power_precond;eeg_tb_ratio_precond"
2025-12-19 16:10:20.187624,45,"stress_label",7,8,0.0625,0.540697674418605,0.412790697674419,NA,7,"top7","eeg_fm_lbeta_power_precond;eeg_fm_specent_precond;eeg_faa_precond;eeg_tleft_lbeta_power_precond;eeg_fl_theta_power_precond;eeg_tleft_lalpha_power_precond;eeg_tb_ratio_precond"
2025-12-19 16:10:20.335717,45,"stress_label",7,16,0.0625,0.546511627906977,0.372093023255814,NA,7,"top7","eeg_fm_lbeta_power_precond;eeg_fm_specent_precond;eeg_faa_precond;eeg_tleft_lbeta_power_precond;eeg_fl_theta_power_precond;eeg_tleft_lalpha_power_precond;eeg_tb_ratio_precond"
2025-12-19 16:10:21.242948,45,"stress_label",7,32,0.0625,0.459302325581395,0.424418604651163,NA,7,"top7","eeg_fm_lbeta_power_precond;eeg_fm_specent_precond;eeg_faa_precond;eeg_tleft_lbeta_power_precond;eeg_fl_theta_power_precond;eeg_tleft_lalpha_power_precond;eeg_tb_ratio_precond"
2025-12-19 16:10:21.383844,45,"stress_label",7,64,0.0625,0.436046511627907,0.494186046511628,NA,7,"top7","eeg_fm_lbeta_power_precond;eeg_fm_specent_precond;eeg_faa_precond;eeg_tleft_lbeta_power_precond;eeg_fl_theta_power_precond;eeg_tleft_lalpha_power_precond;eeg_tb_ratio_precond"
2025-12-19 16:10:21.629965,45,"stress_label",7,128,0.0625,0.436046511627907,0.511627906976744,NA,7,"top7","eeg_fm_lbeta_power_precond;eeg_fm_specent_precond;eeg_faa_precond;eeg_tleft_lbeta_power_precond;eeg_fl_theta_power_precond;eeg_tleft_lalpha_power_precond;eeg_tb_ratio_precond"
2025-12-19 16:10:22.16032,45,"stress_label",7,256,0.0625,0.436046511627907,0.529069767441861,NA,7,"top7","eeg_fm_lbeta_power_precond;eeg_fm_specent_precond;eeg_faa_precond;eeg_tleft_lbeta_power_precond;eeg_fl_theta_power_precond;eeg_tleft_lalpha_power_precond;eeg_tb_ratio_precond"
2025-12-19 16:10:21.217193,45,"stress_label",7,2,0.125,0.517441860465116,0.482558139534884,NA,7,"top7","eeg_fm_lbeta_power_precond;eeg_fm_specent_precond;eeg_faa_precond;eeg_tleft_lbeta_power_precond;eeg_fl_theta_power_precond;eeg_tleft_lalpha_power_precond;eeg_tb_ratio_precond"
2025-12-19 16:10:21.234605,45,"stress_label",7,4,0.125,0.546511627906977,0.372093023255814,NA,7,"top7","eeg_fm_lbeta_power_precond;eeg_fm_specent_precond;eeg_faa_precond;eeg_tleft_lbeta_power_precond;eeg_fl_theta_power_precond;eeg_tleft_lalpha_power_precond;eeg_tb_ratio_precond"
2025-12-19 16:10:21.314695,45,"stress_label",7,8,0.125,0.488372093023256,0.366279069767442,NA,7,"top7","eeg_fm_lbeta_power_precond;eeg_fm_specent_precond;eeg_faa_precond;eeg_tleft_lbeta_power_precond;eeg_fl_theta_power_precond;eeg_tleft_lalpha_power_precond;eeg_tb_ratio_precond"
2025-12-19 16:10:21.404544,45,"stress_label",7,16,0.125,0.441860465116279,0.482558139534884,NA,7,"top7","eeg_fm_lbeta_power_precond;eeg_fm_specent_precond;eeg_faa_precond;eeg_tleft_lbeta_power_precond;eeg_fl_theta_power_precond;eeg_tleft_lalpha_power_precond;eeg_tb_ratio_precond"
2025-12-19 16:10:21.533419,45,"stress_label",7,32,0.125,0.430232558139535,0.453488372093023,NA,7,"top7","eeg_fm_lbeta_power_precond;eeg_fm_specent_precond;eeg_faa_precond;eeg_tleft_lbeta_power_precond;eeg_fl_theta_power_precond;eeg_tleft_lalpha_power_precond;eeg_tb_ratio_precond"
2025-12-19 16:10:21.792839,45,"stress_label",7,64,0.125,0.482558139534884,0.534883720930233,NA,7,"top7","eeg_fm_lbeta_power_precond;eeg_fm_specent_precond;eeg_faa_precond;eeg_tleft_lbeta_power_precond;eeg_fl_theta_power_precond;eeg_tleft_lalpha_power_precond;eeg_tb_ratio_precond"
2025-12-19 16:10:22.116553,45,"stress_label",7,128,0.125,0.453488372093023,0.441860465116279,NA,7,"top7","eeg_fm_lbeta_power_precond;eeg_fm_specent_precond;eeg_faa_precond;eeg_tleft_lbeta_power_precond;eeg_fl_theta_power_precond;eeg_tleft_lalpha_power_precond;eeg_tb_ratio_precond"
2025-12-19 16:10:22.385714,45,"stress_label",7,256,0.125,0.482558139534884,0.47093023255814,NA,7,"top7","eeg_fm_lbeta_power_precond;eeg_fm_specent_precond;eeg_faa_precond;eeg_tleft_lbeta_power_precond;eeg_fl_theta_power_precond;eeg_tleft_lalpha_power_precond;eeg_tb_ratio_precond"
2025-12-19 16:10:21.486578,45,"stress_label",7,2,0.03,0.494186046511628,0.38953488372093,0.490697674418605,7,"top7","eeg_fm_lbeta_power_precond;eeg_fm_specent_precond;eeg_faa_precond;eeg_tleft_lbeta_power_precond;eeg_fl_theta_power_precond;eeg_tleft_lalpha_power_precond;eeg_tb_ratio_precond"
2025-12-19 16:10:21.792406,45,"stress_label",7,4,0.03,0.459302325581395,0.366279069767442,0.430232558139535,7,"top7","eeg_fm_lbeta_power_precond;eeg_fm_specent_precond;eeg_faa_precond;eeg_tleft_lbeta_power_precond;eeg_fl_theta_power_precond;eeg_tleft_lalpha_power_precond;eeg_tb_ratio_precond"
2025-12-19 16:10:22.329208,45,"stress_label",7,8,0.03,0.5,0.372093023255814,NA,7,"top7","eeg_fm_lbeta_power_precond;eeg_fm_specent_precond;eeg_faa_precond;eeg_tleft_lbeta_power_precond;eeg_fl_theta_power_precond;eeg_tleft_lalpha_power_precond;eeg_tb_ratio_precond"
2025-12-19 16:10:22.360455,45,"stress_label",7,16,0.03,0.523255813953488,0.348837209302326,NA,7,"top7","eeg_fm_lbeta_power_precond;eeg_fm_specent_precond;eeg_faa_precond;eeg_tleft_lbeta_power_precond;eeg_fl_theta_power_precond;eeg_tleft_lalpha_power_precond;eeg_tb_ratio_precond"
2025-12-19 16:10:22.445982,45,"stress_label",7,32,0.03,0.540697674418605,0.372093023255814,NA,7,"top7","eeg_fm_lbeta_power_precond;eeg_fm_specent_precond;eeg_faa_precond;eeg_tleft_lbeta_power_precond;eeg_fl_theta_power_precond;eeg_tleft_lalpha_power_precond;eeg_tb_ratio_precond"
2025-12-19 16:10:22.585262,45,"stress_label",7,64,0.03,0.540697674418605,0.430232558139535,NA,7,"top7","eeg_fm_lbeta_power_precond;eeg_fm_specent_precond;eeg_faa_precond;eeg_tleft_lbeta_power_precond;eeg_fl_theta_power_precond;eeg_tleft_lalpha_power_precond;eeg_tb_ratio_precond"
2025-12-19 16:10:22.801634,45,"stress_label",7,128,0.03,0.482558139534884,0.372093023255814,NA,7,"top7","eeg_fm_lbeta_power_precond;eeg_fm_specent_precond;eeg_faa_precond;eeg_tleft_lbeta_power_precond;eeg_fl_theta_power_precond;eeg_tleft_lalpha_power_precond;eeg_tb_ratio_precond"
2025-12-19 16:10:23.101429,45,"stress_label",7,256,0.03,0.476744186046512,0.418604651162791,NA,7,"top7","eeg_fm_lbeta_power_precond;eeg_fm_specent_precond;eeg_faa_precond;eeg_tleft_lbeta_power_precond;eeg_fl_theta_power_precond;eeg_tleft_lalpha_power_precond;eeg_tb_ratio_precond"
2025-12-19 16:10:22.582167,45,"stress_label",7,2,0.06,0.505813953488372,0.383720930232558,NA,7,"top7","eeg_fm_lbeta_power_precond;eeg_fm_specent_precond;eeg_faa_precond;eeg_tleft_lbeta_power_precond;eeg_fl_theta_power_precond;eeg_tleft_lalpha_power_precond;eeg_tb_ratio_precond"
2025-12-19 16:10:22.682121,45,"stress_label",7,4,0.06,0.5,0.383720930232558,NA,7,"top7","eeg_fm_lbeta_power_precond;eeg_fm_specent_precond;eeg_faa_precond;eeg_tleft_lbeta_power_precond;eeg_fl_theta_power_precond;eeg_tleft_lalpha_power_precond;eeg_tb_ratio_precond"
2025-12-19 16:10:22.801911,45,"stress_label",7,8,0.06,0.540697674418605,0.383720930232558,NA,7,"top7","eeg_fm_lbeta_power_precond;eeg_fm_specent_precond;eeg_faa_precond;eeg_tleft_lbeta_power_precond;eeg_fl_theta_power_precond;eeg_tleft_lalpha_power_precond;eeg_tb_ratio_precond"
2025-12-19 16:10:22.94527,45,"stress_label",7,16,0.06,0.534883720930233,0.38953488372093,NA,7,"top7","eeg_fm_lbeta_power_precond;eeg_fm_specent_precond;eeg_faa_precond;eeg_tleft_lbeta_power_precond;eeg_fl_theta_power_precond;eeg_tleft_lalpha_power_precond;eeg_tb_ratio_precond"
2025-12-19 16:10:23.05187,45,"stress_label",7,32,0.06,0.459302325581395,0.47093023255814,NA,7,"top7","eeg_fm_lbeta_power_precond;eeg_fm_specent_precond;eeg_faa_precond;eeg_tleft_lbeta_power_precond;eeg_fl_theta_power_precond;eeg_tleft_lalpha_power_precond;eeg_tb_ratio_precond"
2025-12-19 16:10:23.397186,45,"stress_label",7,64,0.06,0.430232558139535,0.436046511627907,NA,7,"top7","eeg_fm_lbeta_power_precond;eeg_fm_specent_precond;eeg_faa_precond;eeg_tleft_lbeta_power_precond;eeg_fl_theta_power_precond;eeg_tleft_lalpha_power_precond;eeg_tb_ratio_precond"
2025-12-19 16:10:23.610298,45,"stress_label",7,128,0.06,0.441860465116279,0.5,NA,7,"top7","eeg_fm_lbeta_power_precond;eeg_fm_specent_precond;eeg_faa_precond;eeg_tleft_lbeta_power_precond;eeg_fl_theta_power_precond;eeg_tleft_lalpha_power_precond;eeg_tb_ratio_precond"
2025-12-19 16:10:23.928796,45,"stress_label",7,256,0.06,0.441860465116279,0.563953488372093,NA,7,"top7","eeg_fm_lbeta_power_precond;eeg_fm_specent_precond;eeg_faa_precond;eeg_tleft_lbeta_power_precond;eeg_fl_theta_power_precond;eeg_tleft_lalpha_power_precond;eeg_tb_ratio_precond"
2025-12-19 16:10:23.414143,45,"stress_label",7,2,0.1,0.511627906976744,0.337209302325581,NA,7,"top7","eeg_fm_lbeta_power_precond;eeg_fm_specent_precond;eeg_faa_precond;eeg_tleft_lbeta_power_precond;eeg_fl_theta_power_precond;eeg_tleft_lalpha_power_precond;eeg_tb_ratio_precond"
2025-12-19 16:10:23.407109,45,"stress_label",7,4,0.1,0.552325581395349,0.441860465116279,NA,7,"top7","eeg_fm_lbeta_power_precond;eeg_fm_specent_precond;eeg_faa_precond;eeg_tleft_lbeta_power_precond;eeg_fl_theta_power_precond;eeg_tleft_lalpha_power_precond;eeg_tb_ratio_precond"
2025-12-19 16:10:23.456566,45,"stress_label",7,8,0.1,0.546511627906977,0.412790697674419,NA,7,"top7","eeg_fm_lbeta_power_precond;eeg_fm_specent_precond;eeg_faa_precond;eeg_tleft_lbeta_power_precond;eeg_fl_theta_power_precond;eeg_tleft_lalpha_power_precond;eeg_tb_ratio_precond"
2025-12-19 16:10:23.633177,45,"stress_label",7,16,0.1,0.459302325581395,0.412790697674419,NA,7,"top7","eeg_fm_lbeta_power_precond;eeg_fm_specent_precond;eeg_faa_precond;eeg_tleft_lbeta_power_precond;eeg_fl_theta_power_precond;eeg_tleft_lalpha_power_precond;eeg_tb_ratio_precond"
2025-12-19 16:10:23.671004,45,"stress_label",7,32,0.1,0.447674418604651,0.401162790697674,NA,7,"top7","eeg_fm_lbeta_power_precond;eeg_fm_specent_precond;eeg_faa_precond;eeg_tleft_lbeta_power_precond;eeg_fl_theta_power_precond;eeg_tleft_lalpha_power_precond;eeg_tb_ratio_precond"
2025-12-19 16:10:23.86583,45,"stress_label",7,64,0.1,0.441860465116279,0.534883720930233,NA,7,"top7","eeg_fm_lbeta_power_precond;eeg_fm_specent_precond;eeg_faa_precond;eeg_tleft_lbeta_power_precond;eeg_fl_theta_power_precond;eeg_tleft_lalpha_power_precond;eeg_tb_ratio_precond"
2025-12-19 16:10:24.143236,45,"stress_label",7,128,0.1,0.482558139534884,0.47093023255814,NA,7,"top7","eeg_fm_lbeta_power_precond;eeg_fm_specent_precond;eeg_faa_precond;eeg_tleft_lbeta_power_precond;eeg_fl_theta_power_precond;eeg_tleft_lalpha_power_precond;eeg_tb_ratio_precond"
2025-12-19 16:10:24.338105,45,"stress_label",7,256,0.1,0.482558139534884,0.494186046511628,NA,7,"top7","eeg_fm_lbeta_power_precond;eeg_fm_specent_precond;eeg_faa_precond;eeg_tleft_lbeta_power_precond;eeg_fl_theta_power_precond;eeg_tleft_lalpha_power_precond;eeg_tb_ratio_precond"
2025-12-19 16:10:25.644307,47,"stress_label",7,2,0.0078125,0.465116279069767,0.465116279069767,0.446511627906977,7,"top7","eeg_fm_lbeta_power_precond;eeg_fm_specent_precond;eeg_tleft_lbeta_power_precond;eeg_faa_precond;eeg_tleft_lalpha_power_precond;eeg_fl_theta_power_precond;eeg_tleft_alpha_power_precond"
2025-12-19 16:10:25.616103,47,"stress_label",7,4,0.0078125,0.453488372093023,0.488372093023256,0.408527131782946,7,"top7","eeg_fm_lbeta_power_precond;eeg_fm_specent_precond;eeg_tleft_lbeta_power_precond;eeg_faa_precond;eeg_tleft_lalpha_power_precond;eeg_fl_theta_power_precond;eeg_tleft_alpha_power_precond"
2025-12-19 16:10:25.593966,47,"stress_label",7,8,0.0078125,0.424418604651163,0.552325581395349,0.38062015503876,7,"top7","eeg_fm_lbeta_power_precond;eeg_fm_specent_precond;eeg_tleft_lbeta_power_precond;eeg_faa_precond;eeg_tleft_lalpha_power_precond;eeg_fl_theta_power_precond;eeg_tleft_alpha_power_precond"
2025-12-19 16:10:25.604847,47,"stress_label",7,16,0.0078125,0.418604651162791,0.581395348837209,0.358139534883721,7,"top7","eeg_fm_lbeta_power_precond;eeg_fm_specent_precond;eeg_tleft_lbeta_power_precond;eeg_faa_precond;eeg_tleft_lalpha_power_precond;eeg_fl_theta_power_precond;eeg_tleft_alpha_power_precond"
2025-12-19 16:10:25.666391,47,"stress_label",7,32,0.0078125,0.372093023255814,0.575581395348837,0.308527131782946,7,"top7","eeg_fm_lbeta_power_precond;eeg_fm_specent_precond;eeg_tleft_lbeta_power_precond;eeg_faa_precond;eeg_tleft_lalpha_power_precond;eeg_fl_theta_power_precond;eeg_tleft_alpha_power_precond"
2025-12-19 16:10:25.593897,47,"stress_label",7,64,0.0078125,0.354651162790698,0.581395348837209,0.286821705426357,7,"top7","eeg_fm_lbeta_power_precond;eeg_fm_specent_precond;eeg_tleft_lbeta_power_precond;eeg_faa_precond;eeg_tleft_lalpha_power_precond;eeg_fl_theta_power_precond;eeg_tleft_alpha_power_precond"
2025-12-19 16:10:25.738352,47,"stress_label",7,128,0.0078125,0.424418604651163,0.47093023255814,NA,7,"top7","eeg_fm_lbeta_power_precond;eeg_fm_specent_precond;eeg_tleft_lbeta_power_precond;eeg_faa_precond;eeg_tleft_lalpha_power_precond;eeg_fl_theta_power_precond;eeg_tleft_alpha_power_precond"
2025-12-19 16:10:25.863329,47,"stress_label",7,256,0.0078125,0.453488372093023,0.401162790697674,NA,7,"top7","eeg_fm_lbeta_power_precond;eeg_fm_specent_precond;eeg_tleft_lbeta_power_precond;eeg_faa_precond;eeg_tleft_lalpha_power_precond;eeg_fl_theta_power_precond;eeg_tleft_alpha_power_precond"
2025-12-19 16:10:25.637029,47,"stress_label",7,2,0.015625,0.47093023255814,0.424418604651163,0.42015503875969,7,"top7","eeg_fm_lbeta_power_precond;eeg_fm_specent_precond;eeg_tleft_lbeta_power_precond;eeg_faa_precond;eeg_tleft_lalpha_power_precond;eeg_fl_theta_power_precond;eeg_tleft_alpha_power_precond"
2025-12-19 16:10:25.660342,47,"stress_label",7,4,0.015625,0.436046511627907,0.494186046511628,0.377519379844961,7,"top7","eeg_fm_lbeta_power_precond;eeg_fm_specent_precond;eeg_tleft_lbeta_power_precond;eeg_faa_precond;eeg_tleft_lalpha_power_precond;eeg_fl_theta_power_precond;eeg_tleft_alpha_power_precond"
2025-12-19 16:10:25.641176,47,"stress_label",7,8,0.015625,0.395348837209302,0.505813953488372,0.322480620155039,7,"top7","eeg_fm_lbeta_power_precond;eeg_fm_specent_precond;eeg_tleft_lbeta_power_precond;eeg_faa_precond;eeg_tleft_lalpha_power_precond;eeg_fl_theta_power_precond;eeg_tleft_alpha_power_precond"
2025-12-19 16:10:25.635365,47,"stress_label",7,16,0.015625,0.377906976744186,0.552325581395349,NA,7,"top7","eeg_fm_lbeta_power_precond;eeg_fm_specent_precond;eeg_tleft_lbeta_power_precond;eeg_faa_precond;eeg_tleft_lalpha_power_precond;eeg_fl_theta_power_precond;eeg_tleft_alpha_power_precond"
2025-12-19 16:10:25.690884,47,"stress_label",7,32,0.015625,0.430232558139535,0.511627906976744,NA,7,"top7","eeg_fm_lbeta_power_precond;eeg_fm_specent_precond;eeg_tleft_lbeta_power_precond;eeg_faa_precond;eeg_tleft_lalpha_power_precond;eeg_fl_theta_power_precond;eeg_tleft_alpha_power_precond"
2025-12-19 16:10:25.7565,47,"stress_label",7,64,0.015625,0.447674418604651,0.47093023255814,NA,7,"top7","eeg_fm_lbeta_power_precond;eeg_fm_specent_precond;eeg_tleft_lbeta_power_precond;eeg_faa_precond;eeg_tleft_lalpha_power_precond;eeg_fl_theta_power_precond;eeg_tleft_alpha_power_precond"
2025-12-19 16:10:26.940788,47,"stress_label",7,128,0.015625,0.488372093023256,0.511627906976744,NA,7,"top7","eeg_fm_lbeta_power_precond;eeg_fm_specent_precond;eeg_tleft_lbeta_power_precond;eeg_faa_precond;eeg_tleft_lalpha_power_precond;eeg_fl_theta_power_precond;eeg_tleft_alpha_power_precond"
2025-12-19 16:10:27.053646,47,"stress_label",7,256,0.015625,0.529069767441861,0.465116279069767,NA,7,"top7","eeg_fm_lbeta_power_precond;eeg_fm_specent_precond;eeg_tleft_lbeta_power_precond;eeg_faa_precond;eeg_tleft_lalpha_power_precond;eeg_fl_theta_power_precond;eeg_tleft_alpha_power_precond"
2025-12-19 16:10:26.725464,47,"stress_label",7,2,0.03125,0.453488372093023,0.529069767441861,NA,7,"top7","eeg_fm_lbeta_power_precond;eeg_fm_specent_precond;eeg_tleft_lbeta_power_precond;eeg_faa_precond;eeg_tleft_lalpha_power_precond;eeg_fl_theta_power_precond;eeg_tleft_alpha_power_precond"
2025-12-19 16:10:26.808989,47,"stress_label",7,4,0.03125,0.424418604651163,0.5,NA,7,"top7","eeg_fm_lbeta_power_precond;eeg_fm_specent_precond;eeg_tleft_lbeta_power_precond;eeg_faa_precond;eeg_tleft_lalpha_power_precond;eeg_fl_theta_power_precond;eeg_tleft_alpha_power_precond"
2025-12-19 16:10:26.832141,47,"stress_label",7,8,0.03125,0.430232558139535,0.494186046511628,NA,7,"top7","eeg_fm_lbeta_power_precond;eeg_fm_specent_precond;eeg_tleft_lbeta_power_precond;eeg_faa_precond;eeg_tleft_lalpha_power_precond;eeg_fl_theta_power_precond;eeg_tleft_alpha_power_precond"
2025-12-19 16:10:26.832755,47,"stress_label",7,16,0.03125,0.441860465116279,0.453488372093023,NA,7,"top7","eeg_fm_lbeta_power_precond;eeg_fm_specent_precond;eeg_tleft_lbeta_power_precond;eeg_faa_precond;eeg_tleft_lalpha_power_precond;eeg_fl_theta_power_precond;eeg_tleft_alpha_power_precond"
2025-12-19 16:10:26.915174,47,"stress_label",7,32,0.03125,0.476744186046512,0.383720930232558,NA,7,"top7","eeg_fm_lbeta_power_precond;eeg_fm_specent_precond;eeg_tleft_lbeta_power_precond;eeg_faa_precond;eeg_tleft_lalpha_power_precond;eeg_fl_theta_power_precond;eeg_tleft_alpha_power_precond"
2025-12-19 16:10:26.965073,47,"stress_label",7,64,0.03125,0.534883720930233,0.38953488372093,NA,7,"top7","eeg_fm_lbeta_power_precond;eeg_fm_specent_precond;eeg_tleft_lbeta_power_precond;eeg_faa_precond;eeg_tleft_lalpha_power_precond;eeg_fl_theta_power_precond;eeg_tleft_alpha_power_precond"
2025-12-19 16:10:27.05617,47,"stress_label",7,128,0.03125,0.488372093023256,0.406976744186047,NA,7,"top7","eeg_fm_lbeta_power_precond;eeg_fm_specent_precond;eeg_tleft_lbeta_power_precond;eeg_faa_precond;eeg_tleft_lalpha_power_precond;eeg_fl_theta_power_precond;eeg_tleft_alpha_power_precond"
2025-12-19 16:10:27.409704,47,"stress_label",7,256,0.03125,0.511627906976744,0.430232558139535,NA,7,"top7","eeg_fm_lbeta_power_precond;eeg_fm_specent_precond;eeg_tleft_lbeta_power_precond;eeg_faa_precond;eeg_tleft_lalpha_power_precond;eeg_fl_theta_power_precond;eeg_tleft_alpha_power_precond"
2025-12-19 16:10:26.830832,47,"stress_label",7,2,0.0625,0.441860465116279,0.558139534883721,NA,7,"top7","eeg_fm_lbeta_power_precond;eeg_fm_specent_precond;eeg_tleft_lbeta_power_precond;eeg_faa_precond;eeg_tleft_lalpha_power_precond;eeg_fl_theta_power_precond;eeg_tleft_alpha_power_precond"
2025-12-19 16:10:26.920428,47,"stress_label",7,4,0.0625,0.453488372093023,0.517441860465116,NA,7,"top7","eeg_fm_lbeta_power_precond;eeg_fm_specent_precond;eeg_tleft_lbeta_power_precond;eeg_faa_precond;eeg_tleft_lalpha_power_precond;eeg_fl_theta_power_precond;eeg_tleft_alpha_power_precond"
2025-12-19 16:10:26.964238,47,"stress_label",7,8,0.0625,0.465116279069767,0.424418604651163,NA,7,"top7","eeg_fm_lbeta_power_precond;eeg_fm_specent_precond;eeg_tleft_lbeta_power_precond;eeg_faa_precond;eeg_tleft_lalpha_power_precond;eeg_fl_theta_power_precond;eeg_tleft_alpha_power_precond"
2025-12-19 16:10:27.038808,47,"stress_label",7,16,0.0625,0.505813953488372,0.418604651162791,NA,7,"top7","eeg_fm_lbeta_power_precond;eeg_fm_specent_precond;eeg_tleft_lbeta_power_precond;eeg_faa_precond;eeg_tleft_lalpha_power_precond;eeg_fl_theta_power_precond;eeg_tleft_alpha_power_precond"
2025-12-19 16:10:27.956272,47,"stress_label",7,32,0.0625,0.476744186046512,0.436046511627907,NA,7,"top7","eeg_fm_lbeta_power_precond;eeg_fm_specent_precond;eeg_tleft_lbeta_power_precond;eeg_faa_precond;eeg_tleft_lalpha_power_precond;eeg_fl_theta_power_precond;eeg_tleft_alpha_power_precond"
2025-12-19 16:10:28.220108,47,"stress_label",7,64,0.0625,0.488372093023256,0.383720930232558,NA,7,"top7","eeg_fm_lbeta_power_precond;eeg_fm_specent_precond;eeg_tleft_lbeta_power_precond;eeg_faa_precond;eeg_tleft_lalpha_power_precond;eeg_fl_theta_power_precond;eeg_tleft_alpha_power_precond"
2025-12-19 16:10:28.517455,47,"stress_label",7,128,0.0625,0.534883720930233,0.430232558139535,NA,7,"top7","eeg_fm_lbeta_power_precond;eeg_fm_specent_precond;eeg_tleft_lbeta_power_precond;eeg_faa_precond;eeg_tleft_lalpha_power_precond;eeg_fl_theta_power_precond;eeg_tleft_alpha_power_precond"
2025-12-19 16:10:29.009269,47,"stress_label",7,256,0.0625,0.488372093023256,0.401162790697674,NA,7,"top7","eeg_fm_lbeta_power_precond;eeg_fm_specent_precond;eeg_tleft_lbeta_power_precond;eeg_faa_precond;eeg_tleft_lalpha_power_precond;eeg_fl_theta_power_precond;eeg_tleft_alpha_power_precond"
2025-12-19 16:10:27.936785,47,"stress_label",7,2,0.125,0.476744186046512,0.366279069767442,NA,7,"top7","eeg_fm_lbeta_power_precond;eeg_fm_specent_precond;eeg_tleft_lbeta_power_precond;eeg_faa_precond;eeg_tleft_lalpha_power_precond;eeg_fl_theta_power_precond;eeg_tleft_alpha_power_precond"
2025-12-19 16:10:28.069761,47,"stress_label",7,4,0.125,0.523255813953488,0.395348837209302,NA,7,"top7","eeg_fm_lbeta_power_precond;eeg_fm_specent_precond;eeg_tleft_lbeta_power_precond;eeg_faa_precond;eeg_tleft_lalpha_power_precond;eeg_fl_theta_power_precond;eeg_tleft_alpha_power_precond"
2025-12-19 16:10:28.05827,47,"stress_label",7,8,0.125,0.465116279069767,0.401162790697674,NA,7,"top7","eeg_fm_lbeta_power_precond;eeg_fm_specent_precond;eeg_tleft_lbeta_power_precond;eeg_faa_precond;eeg_tleft_lalpha_power_precond;eeg_fl_theta_power_precond;eeg_tleft_alpha_power_precond"
2025-12-19 16:10:28.164781,47,"stress_label",7,16,0.125,0.5,0.377906976744186,NA,7,"top7","eeg_fm_lbeta_power_precond;eeg_fm_specent_precond;eeg_tleft_lbeta_power_precond;eeg_faa_precond;eeg_tleft_lalpha_power_precond;eeg_fl_theta_power_precond;eeg_tleft_alpha_power_precond"
2025-12-19 16:10:28.334165,47,"stress_label",7,32,0.125,0.5,0.447674418604651,NA,7,"top7","eeg_fm_lbeta_power_precond;eeg_fm_specent_precond;eeg_tleft_lbeta_power_precond;eeg_faa_precond;eeg_tleft_lalpha_power_precond;eeg_fl_theta_power_precond;eeg_tleft_alpha_power_precond"
2025-12-19 16:10:28.508507,47,"stress_label",7,64,0.125,0.459302325581395,0.465116279069767,NA,7,"top7","eeg_fm_lbeta_power_precond;eeg_fm_specent_precond;eeg_tleft_lbeta_power_precond;eeg_faa_precond;eeg_tleft_lalpha_power_precond;eeg_fl_theta_power_precond;eeg_tleft_alpha_power_precond"
2025-12-19 16:10:28.777657,47,"stress_label",7,128,0.125,0.47093023255814,0.430232558139535,NA,7,"top7","eeg_fm_lbeta_power_precond;eeg_fm_specent_precond;eeg_tleft_lbeta_power_precond;eeg_faa_precond;eeg_tleft_lalpha_power_precond;eeg_fl_theta_power_precond;eeg_tleft_alpha_power_precond"
2025-12-19 16:10:29.003536,47,"stress_label",7,256,0.125,0.494186046511628,0.5,NA,7,"top7","eeg_fm_lbeta_power_precond;eeg_fm_specent_precond;eeg_tleft_lbeta_power_precond;eeg_faa_precond;eeg_tleft_lalpha_power_precond;eeg_fl_theta_power_precond;eeg_tleft_alpha_power_precond"
2025-12-19 16:10:28.117274,47,"stress_label",7,2,0.03,0.453488372093023,0.517441860465116,NA,7,"top7","eeg_fm_lbeta_power_precond;eeg_fm_specent_precond;eeg_tleft_lbeta_power_precond;eeg_faa_precond;eeg_tleft_lalpha_power_precond;eeg_fl_theta_power_precond;eeg_tleft_alpha_power_precond"
2025-12-19 16:10:28.535997,47,"stress_label",7,4,0.03,0.418604651162791,0.540697674418605,NA,7,"top7","eeg_fm_lbeta_power_precond;eeg_fm_specent_precond;eeg_tleft_lbeta_power_precond;eeg_faa_precond;eeg_tleft_lalpha_power_precond;eeg_fl_theta_power_precond;eeg_tleft_alpha_power_precond"
2025-12-19 16:10:29.081738,47,"stress_label",7,8,0.03,0.418604651162791,0.523255813953488,NA,7,"top7","eeg_fm_lbeta_power_precond;eeg_fm_specent_precond;eeg_tleft_lbeta_power_precond;eeg_faa_precond;eeg_tleft_lalpha_power_precond;eeg_fl_theta_power_precond;eeg_tleft_alpha_power_precond"
2025-12-19 16:10:29.113322,47,"stress_label",7,16,0.03,0.441860465116279,0.453488372093023,NA,7,"top7","eeg_fm_lbeta_power_precond;eeg_fm_specent_precond;eeg_tleft_lbeta_power_precond;eeg_faa_precond;eeg_tleft_lalpha_power_precond;eeg_fl_theta_power_precond;eeg_tleft_alpha_power_precond"
2025-12-19 16:10:29.301244,47,"stress_label",7,32,0.03,0.488372093023256,0.482558139534884,NA,7,"top7","eeg_fm_lbeta_power_precond;eeg_fm_specent_precond;eeg_tleft_lbeta_power_precond;eeg_faa_precond;eeg_tleft_lalpha_power_precond;eeg_fl_theta_power_precond;eeg_tleft_alpha_power_precond"
2025-12-19 16:10:29.352922,47,"stress_label",7,64,0.03,0.517441860465116,0.476744186046512,NA,7,"top7","eeg_fm_lbeta_power_precond;eeg_fm_specent_precond;eeg_tleft_lbeta_power_precond;eeg_faa_precond;eeg_tleft_lalpha_power_precond;eeg_fl_theta_power_precond;eeg_tleft_alpha_power_precond"
2025-12-19 16:10:29.517436,47,"stress_label",7,128,0.03,0.5,0.476744186046512,NA,7,"top7","eeg_fm_lbeta_power_precond;eeg_fm_specent_precond;eeg_tleft_lbeta_power_precond;eeg_faa_precond;eeg_tleft_lalpha_power_precond;eeg_fl_theta_power_precond;eeg_tleft_alpha_power_precond"
2025-12-19 16:10:29.938859,47,"stress_label",7,256,0.03,0.5,0.424418604651163,NA,7,"top7","eeg_fm_lbeta_power_precond;eeg_fm_specent_precond;eeg_tleft_lbeta_power_precond;eeg_faa_precond;eeg_tleft_lalpha_power_precond;eeg_fl_theta_power_precond;eeg_tleft_alpha_power_precond"
2025-12-19 16:10:29.372572,47,"stress_label",7,2,0.06,0.459302325581395,0.511627906976744,NA,7,"top7","eeg_fm_lbeta_power_precond;eeg_fm_specent_precond;eeg_tleft_lbeta_power_precond;eeg_faa_precond;eeg_tleft_lalpha_power_precond;eeg_fl_theta_power_precond;eeg_tleft_alpha_power_precond"
2025-12-19 16:10:29.482013,47,"stress_label",7,4,0.06,0.465116279069767,0.465116279069767,NA,7,"top7","eeg_fm_lbeta_power_precond;eeg_fm_specent_precond;eeg_tleft_lbeta_power_precond;eeg_faa_precond;eeg_tleft_lalpha_power_precond;eeg_fl_theta_power_precond;eeg_tleft_alpha_power_precond"
2025-12-19 16:10:29.616971,47,"stress_label",7,8,0.06,0.476744186046512,0.459302325581395,NA,7,"top7","eeg_fm_lbeta_power_precond;eeg_fm_specent_precond;eeg_tleft_lbeta_power_precond;eeg_faa_precond;eeg_tleft_lalpha_power_precond;eeg_fl_theta_power_precond;eeg_tleft_alpha_power_precond"
2025-12-19 16:10:29.714745,47,"stress_label",7,16,0.06,0.511627906976744,0.348837209302326,NA,7,"top7","eeg_fm_lbeta_power_precond;eeg_fm_specent_precond;eeg_tleft_lbeta_power_precond;eeg_faa_precond;eeg_tleft_lalpha_power_precond;eeg_fl_theta_power_precond;eeg_tleft_alpha_power_precond"
2025-12-19 16:10:29.805654,47,"stress_label",7,32,0.06,0.482558139534884,0.36046511627907,NA,7,"top7","eeg_fm_lbeta_power_precond;eeg_fm_specent_precond;eeg_tleft_lbeta_power_precond;eeg_faa_precond;eeg_tleft_lalpha_power_precond;eeg_fl_theta_power_precond;eeg_tleft_alpha_power_precond"
2025-12-19 16:10:30.144766,47,"stress_label",7,64,0.06,0.476744186046512,0.38953488372093,NA,7,"top7","eeg_fm_lbeta_power_precond;eeg_fm_specent_precond;eeg_tleft_lbeta_power_precond;eeg_faa_precond;eeg_tleft_lalpha_power_precond;eeg_fl_theta_power_precond;eeg_tleft_alpha_power_precond"
2025-12-19 16:10:30.537302,47,"stress_label",7,128,0.06,0.540697674418605,0.430232558139535,NA,7,"top7","eeg_fm_lbeta_power_precond;eeg_fm_specent_precond;eeg_tleft_lbeta_power_precond;eeg_faa_precond;eeg_tleft_lalpha_power_precond;eeg_fl_theta_power_precond;eeg_tleft_alpha_power_precond"
2025-12-19 16:10:30.840965,47,"stress_label",7,256,0.06,0.5,0.418604651162791,NA,7,"top7","eeg_fm_lbeta_power_precond;eeg_fm_specent_precond;eeg_tleft_lbeta_power_precond;eeg_faa_precond;eeg_tleft_lalpha_power_precond;eeg_fl_theta_power_precond;eeg_tleft_alpha_power_precond"
2025-12-19 16:10:30.247628,47,"stress_label",7,2,0.1,0.482558139534884,0.38953488372093,NA,7,"top7","eeg_fm_lbeta_power_precond;eeg_fm_specent_precond;eeg_tleft_lbeta_power_precond;eeg_faa_precond;eeg_tleft_lalpha_power_precond;eeg_fl_theta_power_precond;eeg_tleft_alpha_power_precond"
2025-12-19 16:10:30.267778,47,"stress_label",7,4,0.1,0.47093023255814,0.482558139534884,NA,7,"top7","eeg_fm_lbeta_power_precond;eeg_fm_specent_precond;eeg_tleft_lbeta_power_precond;eeg_faa_precond;eeg_tleft_lalpha_power_precond;eeg_fl_theta_power_precond;eeg_tleft_alpha_power_precond"
2025-12-19 16:10:30.411486,47,"stress_label",7,8,0.1,0.505813953488372,0.395348837209302,NA,7,"top7","eeg_fm_lbeta_power_precond;eeg_fm_specent_precond;eeg_tleft_lbeta_power_precond;eeg_faa_precond;eeg_tleft_lalpha_power_precond;eeg_fl_theta_power_precond;eeg_tleft_alpha_power_precond"
2025-12-19 16:10:30.509677,47,"stress_label",7,16,0.1,0.465116279069767,0.412790697674419,NA,7,"top7","eeg_fm_lbeta_power_precond;eeg_fm_specent_precond;eeg_tleft_lbeta_power_precond;eeg_faa_precond;eeg_tleft_lalpha_power_precond;eeg_fl_theta_power_precond;eeg_tleft_alpha_power_precond"
2025-12-19 16:10:30.622438,47,"stress_label",7,32,0.1,0.529069767441861,0.395348837209302,NA,7,"top7","eeg_fm_lbeta_power_precond;eeg_fm_specent_precond;eeg_tleft_lbeta_power_precond;eeg_faa_precond;eeg_tleft_lalpha_power_precond;eeg_fl_theta_power_precond;eeg_tleft_alpha_power_precond"
2025-12-19 16:10:30.810809,47,"stress_label",7,64,0.1,0.488372093023256,0.401162790697674,NA,7,"top7","eeg_fm_lbeta_power_precond;eeg_fm_specent_precond;eeg_tleft_lbeta_power_precond;eeg_faa_precond;eeg_tleft_lalpha_power_precond;eeg_fl_theta_power_precond;eeg_tleft_alpha_power_precond"
2025-12-19 16:10:30.973518,47,"stress_label",7,128,0.1,0.47093023255814,0.406976744186047,NA,7,"top7","eeg_fm_lbeta_power_precond;eeg_fm_specent_precond;eeg_tleft_lbeta_power_precond;eeg_faa_precond;eeg_tleft_lalpha_power_precond;eeg_fl_theta_power_precond;eeg_tleft_alpha_power_precond"
2025-12-19 16:10:31.217436,47,"stress_label",7,256,0.1,0.465116279069767,0.453488372093023,NA,7,"top7","eeg_fm_lbeta_power_precond;eeg_fm_specent_precond;eeg_tleft_lbeta_power_precond;eeg_faa_precond;eeg_tleft_lalpha_power_precond;eeg_fl_theta_power_precond;eeg_tleft_alpha_power_precond"
2025-12-19 16:10:32.513449,48,"stress_label",7,2,0.0078125,0.523255813953488,0.383720930232558,0.489922480620155,7,"top7","eeg_fm_lbeta_power_precond;eeg_tleft_lbeta_power_precond;eeg_faa_precond;eeg_tleft_lalpha_power_precond;eeg_f_hbeta_power_precond;eeg_fl_theta_power_precond;eeg_tleft_alpha_power_precond"
2025-12-19 16:10:32.501743,48,"stress_label",7,4,0.0078125,0.523255813953488,0.418604651162791,0.504651162790698,7,"top7","eeg_fm_lbeta_power_precond;eeg_tleft_lbeta_power_precond;eeg_faa_precond;eeg_tleft_lalpha_power_precond;eeg_f_hbeta_power_precond;eeg_fl_theta_power_precond;eeg_tleft_alpha_power_precond"
2025-12-19 16:10:32.489499,48,"stress_label",7,8,0.0078125,0.534883720930233,0.441860465116279,0.508527131782946,7,"top7","eeg_fm_lbeta_power_precond;eeg_tleft_lbeta_power_precond;eeg_faa_precond;eeg_tleft_lalpha_power_precond;eeg_f_hbeta_power_precond;eeg_fl_theta_power_precond;eeg_tleft_alpha_power_precond"
2025-12-19 16:10:32.481881,48,"stress_label",7,16,0.0078125,0.523255813953488,0.377906976744186,0.503875968992248,7,"top7","eeg_fm_lbeta_power_precond;eeg_tleft_lbeta_power_precond;eeg_faa_precond;eeg_tleft_lalpha_power_precond;eeg_f_hbeta_power_precond;eeg_fl_theta_power_precond;eeg_tleft_alpha_power_precond"
2025-12-19 16:10:32.508099,48,"stress_label",7,32,0.0078125,0.482558139534884,0.465116279069767,0.464341085271318,7,"top7","eeg_fm_lbeta_power_precond;eeg_tleft_lbeta_power_precond;eeg_faa_precond;eeg_tleft_lalpha_power_precond;eeg_f_hbeta_power_precond;eeg_fl_theta_power_precond;eeg_tleft_alpha_power_precond"
2025-12-19 16:10:32.545922,48,"stress_label",7,64,0.0078125,0.476744186046512,0.482558139534884,0.463565891472868,7,"top7","eeg_fm_lbeta_power_precond;eeg_tleft_lbeta_power_precond;eeg_faa_precond;eeg_tleft_lalpha_power_precond;eeg_f_hbeta_power_precond;eeg_fl_theta_power_precond;eeg_tleft_alpha_power_precond"
2025-12-19 16:10:32.565615,48,"stress_label",7,128,0.0078125,0.529069767441861,0.395348837209302,0.509302325581395,7,"top7","eeg_fm_lbeta_power_precond;eeg_tleft_lbeta_power_precond;eeg_faa_precond;eeg_tleft_lalpha_power_precond;eeg_f_hbeta_power_precond;eeg_fl_theta_power_precond;eeg_tleft_alpha_power_precond"
2025-12-19 16:10:32.685283,48,"stress_label",7,256,0.0078125,0.534883720930233,0.401162790697674,NA,7,"top7","eeg_fm_lbeta_power_precond;eeg_tleft_lbeta_power_precond;eeg_faa_precond;eeg_tleft_lalpha_power_precond;eeg_f_hbeta_power_precond;eeg_fl_theta_power_precond;eeg_tleft_alpha_power_precond"
2025-12-19 16:10:32.484383,48,"stress_label",7,2,0.015625,0.529069767441861,0.38953488372093,0.49922480620155,7,"top7","eeg_fm_lbeta_power_precond;eeg_tleft_lbeta_power_precond;eeg_faa_precond;eeg_tleft_lalpha_power_precond;eeg_f_hbeta_power_precond;eeg_fl_theta_power_precond;eeg_tleft_alpha_power_precond"
2025-12-19 16:10:32.479267,48,"stress_label",7,4,0.015625,0.529069767441861,0.406976744186047,NA,7,"top7","eeg_fm_lbeta_power_precond;eeg_tleft_lbeta_power_precond;eeg_faa_precond;eeg_tleft_lalpha_power_precond;eeg_f_hbeta_power_precond;eeg_fl_theta_power_precond;eeg_tleft_alpha_power_precond"
2025-12-19 16:10:32.535958,48,"stress_label",7,8,0.015625,0.511627906976744,0.418604651162791,0.488372093023256,7,"top7","eeg_fm_lbeta_power_precond;eeg_tleft_lbeta_power_precond;eeg_faa_precond;eeg_tleft_lalpha_power_precond;eeg_f_hbeta_power_precond;eeg_fl_theta_power_precond;eeg_tleft_alpha_power_precond"
2025-12-19 16:10:32.500023,48,"stress_label",7,16,0.015625,0.482558139534884,0.38953488372093,0.488372093023256,7,"top7","eeg_fm_lbeta_power_precond;eeg_tleft_lbeta_power_precond;eeg_faa_precond;eeg_tleft_lalpha_power_precond;eeg_f_hbeta_power_precond;eeg_fl_theta_power_precond;eeg_tleft_alpha_power_precond"
2025-12-19 16:10:32.499469,48,"stress_label",7,32,0.015625,0.494186046511628,0.372093023255814,0.470542635658915,7,"top7","eeg_fm_lbeta_power_precond;eeg_tleft_lbeta_power_precond;eeg_faa_precond;eeg_tleft_lalpha_power_precond;eeg_f_hbeta_power_precond;eeg_fl_theta_power_precond;eeg_tleft_alpha_power_precond"
2025-12-19 16:10:32.58821,48,"stress_label",7,64,0.015625,0.529069767441861,0.395348837209302,NA,7,"top7","eeg_fm_lbeta_power_precond;eeg_tleft_lbeta_power_precond;eeg_faa_precond;eeg_tleft_lalpha_power_precond;eeg_f_hbeta_power_precond;eeg_fl_theta_power_precond;eeg_tleft_alpha_power_precond"
2025-12-19 16:10:33.741026,48,"stress_label",7,128,0.015625,0.511627906976744,0.441860465116279,NA,7,"top7","eeg_fm_lbeta_power_precond;eeg_tleft_lbeta_power_precond;eeg_faa_precond;eeg_tleft_lalpha_power_precond;eeg_f_hbeta_power_precond;eeg_fl_theta_power_precond;eeg_tleft_alpha_power_precond"
2025-12-19 16:10:33.892299,48,"stress_label",7,256,0.015625,0.494186046511628,0.395348837209302,NA,7,"top7","eeg_fm_lbeta_power_precond;eeg_tleft_lbeta_power_precond;eeg_faa_precond;eeg_tleft_lalpha_power_precond;eeg_f_hbeta_power_precond;eeg_fl_theta_power_precond;eeg_tleft_alpha_power_precond"
2025-12-19 16:10:33.556378,48,"stress_label",7,2,0.03125,0.529069767441861,0.406976744186047,NA,7,"top7","eeg_fm_lbeta_power_precond;eeg_tleft_lbeta_power_precond;eeg_faa_precond;eeg_tleft_lalpha_power_precond;eeg_f_hbeta_power_precond;eeg_fl_theta_power_precond;eeg_tleft_alpha_power_precond"
2025-12-19 16:10:33.584956,48,"stress_label",7,4,0.03125,0.482558139534884,0.494186046511628,0.469767441860465,7,"top7","eeg_fm_lbeta_power_precond;eeg_tleft_lbeta_power_precond;eeg_faa_precond;eeg_tleft_lalpha_power_precond;eeg_f_hbeta_power_precond;eeg_fl_theta_power_precond;eeg_tleft_alpha_power_precond"
2025-12-19 16:10:33.581697,48,"stress_label",7,8,0.03125,0.494186046511628,0.476744186046512,0.489922480620155,7,"top7","eeg_fm_lbeta_power_precond;eeg_tleft_lbeta_power_precond;eeg_faa_precond;eeg_tleft_lalpha_power_precond;eeg_f_hbeta_power_precond;eeg_fl_theta_power_precond;eeg_tleft_alpha_power_precond"
2025-12-19 16:10:33.635201,48,"stress_label",7,16,0.03125,0.488372093023256,0.401162790697674,NA,7,"top7","eeg_fm_lbeta_power_precond;eeg_tleft_lbeta_power_precond;eeg_faa_precond;eeg_tleft_lalpha_power_precond;eeg_f_hbeta_power_precond;eeg_fl_theta_power_precond;eeg_tleft_alpha_power_precond"
2025-12-19 16:10:33.66596,48,"stress_label",7,32,0.03125,0.505813953488372,0.494186046511628,NA,7,"top7","eeg_fm_lbeta_power_precond;eeg_tleft_lbeta_power_precond;eeg_faa_precond;eeg_tleft_lalpha_power_precond;eeg_f_hbeta_power_precond;eeg_fl_theta_power_precond;eeg_tleft_alpha_power_precond"
2025-12-19 16:10:33.710755,48,"stress_label",7,64,0.03125,0.546511627906977,0.418604651162791,0.531782945736434,7,"top7","eeg_fm_lbeta_power_precond;eeg_tleft_lbeta_power_precond;eeg_faa_precond;eeg_tleft_lalpha_power_precond;eeg_f_hbeta_power_precond;eeg_fl_theta_power_precond;eeg_tleft_alpha_power_precond"
2025-12-19 16:10:33.87813,48,"stress_label",7,128,0.03125,0.540697674418605,0.505813953488372,NA,7,"top7","eeg_fm_lbeta_power_precond;eeg_tleft_lbeta_power_precond;eeg_faa_precond;eeg_tleft_lalpha_power_precond;eeg_f_hbeta_power_precond;eeg_fl_theta_power_precond;eeg_tleft_alpha_power_precond"
2025-12-19 16:10:34.252872,48,"stress_label",7,256,0.03125,0.534883720930233,0.418604651162791,NA,7,"top7","eeg_fm_lbeta_power_precond;eeg_tleft_lbeta_power_precond;eeg_faa_precond;eeg_tleft_lalpha_power_precond;eeg_f_hbeta_power_precond;eeg_fl_theta_power_precond;eeg_tleft_alpha_power_precond"
2025-12-19 16:10:33.591302,48,"stress_label",7,2,0.0625,0.47093023255814,0.418604651162791,0.490697674418605,7,"top7","eeg_fm_lbeta_power_precond;eeg_tleft_lbeta_power_precond;eeg_faa_precond;eeg_tleft_lalpha_power_precond;eeg_f_hbeta_power_precond;eeg_fl_theta_power_precond;eeg_tleft_alpha_power_precond"
2025-12-19 16:10:33.636574,48,"stress_label",7,4,0.0625,0.505813953488372,0.383720930232558,0.518604651162791,7,"top7","eeg_fm_lbeta_power_precond;eeg_tleft_lbeta_power_precond;eeg_faa_precond;eeg_tleft_lalpha_power_precond;eeg_f_hbeta_power_precond;eeg_fl_theta_power_precond;eeg_tleft_alpha_power_precond"
2025-12-19 16:10:33.691109,48,"stress_label",7,8,0.0625,0.5,0.441860465116279,0.497674418604651,7,"top7","eeg_fm_lbeta_power_precond;eeg_tleft_lbeta_power_precond;eeg_faa_precond;eeg_tleft_lalpha_power_precond;eeg_f_hbeta_power_precond;eeg_fl_theta_power_precond;eeg_tleft_alpha_power_precond"
2025-12-19 16:10:33.7724,48,"stress_label",7,16,0.0625,0.534883720930233,0.424418604651163,0.541860465116279,7,"top7","eeg_fm_lbeta_power_precond;eeg_tleft_lbeta_power_precond;eeg_faa_precond;eeg_tleft_lalpha_power_precond;eeg_f_hbeta_power_precond;eeg_fl_theta_power_precond;eeg_tleft_alpha_power_precond"
2025-12-19 16:10:34.736942,48,"stress_label",7,32,0.0625,0.540697674418605,0.465116279069767,NA,7,"top7","eeg_fm_lbeta_power_precond;eeg_tleft_lbeta_power_precond;eeg_faa_precond;eeg_tleft_lalpha_power_precond;eeg_f_hbeta_power_precond;eeg_fl_theta_power_precond;eeg_tleft_alpha_power_precond"
2025-12-19 16:10:34.933314,48,"stress_label",7,64,0.0625,0.558139534883721,0.534883720930233,NA,7,"top7","eeg_fm_lbeta_power_precond;eeg_tleft_lbeta_power_precond;eeg_faa_precond;eeg_tleft_lalpha_power_precond;eeg_f_hbeta_power_precond;eeg_fl_theta_power_precond;eeg_tleft_alpha_power_precond"
2025-12-19 16:10:35.141797,48,"stress_label",7,128,0.0625,0.534883720930233,0.488372093023256,NA,7,"top7","eeg_fm_lbeta_power_precond;eeg_tleft_lbeta_power_precond;eeg_faa_precond;eeg_tleft_lalpha_power_precond;eeg_f_hbeta_power_precond;eeg_fl_theta_power_precond;eeg_tleft_alpha_power_precond"
2025-12-19 16:10:35.538334,48,"stress_label",7,256,0.0625,0.505813953488372,0.482558139534884,NA,7,"top7","eeg_fm_lbeta_power_precond;eeg_tleft_lbeta_power_precond;eeg_faa_precond;eeg_tleft_lalpha_power_precond;eeg_f_hbeta_power_precond;eeg_fl_theta_power_precond;eeg_tleft_alpha_power_precond"
2025-12-19 16:10:34.703975,48,"stress_label",7,2,0.125,0.523255813953488,0.377906976744186,NA,7,"top7","eeg_fm_lbeta_power_precond;eeg_tleft_lbeta_power_precond;eeg_faa_precond;eeg_tleft_lalpha_power_precond;eeg_f_hbeta_power_precond;eeg_fl_theta_power_precond;eeg_tleft_alpha_power_precond"
2025-12-19 16:10:34.711726,48,"stress_label",7,4,0.125,0.540697674418605,0.453488372093023,NA,7,"top7","eeg_fm_lbeta_power_precond;eeg_tleft_lbeta_power_precond;eeg_faa_precond;eeg_tleft_lalpha_power_precond;eeg_f_hbeta_power_precond;eeg_fl_theta_power_precond;eeg_tleft_alpha_power_precond"
2025-12-19 16:10:34.789256,48,"stress_label",7,8,0.125,0.569767441860465,0.488372093023256,NA,7,"top7","eeg_fm_lbeta_power_precond;eeg_tleft_lbeta_power_precond;eeg_faa_precond;eeg_tleft_lalpha_power_precond;eeg_f_hbeta_power_precond;eeg_fl_theta_power_precond;eeg_tleft_alpha_power_precond"
2025-12-19 16:10:34.863458,48,"stress_label",7,16,0.125,0.529069767441861,0.546511627906977,NA,7,"top7","eeg_fm_lbeta_power_precond;eeg_tleft_lbeta_power_precond;eeg_faa_precond;eeg_tleft_lalpha_power_precond;eeg_f_hbeta_power_precond;eeg_fl_theta_power_precond;eeg_tleft_alpha_power_precond"
2025-12-19 16:10:34.964907,48,"stress_label",7,32,0.125,0.523255813953488,0.430232558139535,NA,7,"top7","eeg_fm_lbeta_power_precond;eeg_tleft_lbeta_power_precond;eeg_faa_precond;eeg_tleft_lalpha_power_precond;eeg_f_hbeta_power_precond;eeg_fl_theta_power_precond;eeg_tleft_alpha_power_precond"
2025-12-19 16:10:35.174326,48,"stress_label",7,64,0.125,0.5,0.401162790697674,NA,7,"top7","eeg_fm_lbeta_power_precond;eeg_tleft_lbeta_power_precond;eeg_faa_precond;eeg_tleft_lalpha_power_precond;eeg_f_hbeta_power_precond;eeg_fl_theta_power_precond;eeg_tleft_alpha_power_precond"
2025-12-19 16:10:35.392054,48,"stress_label",7,128,0.125,0.5,0.5,NA,7,"top7","eeg_fm_lbeta_power_precond;eeg_tleft_lbeta_power_precond;eeg_faa_precond;eeg_tleft_lalpha_power_precond;eeg_f_hbeta_power_precond;eeg_fl_theta_power_precond;eeg_tleft_alpha_power_precond"
2025-12-19 16:10:35.64141,48,"stress_label",7,256,0.125,0.546511627906977,0.552325581395349,NA,7,"top7","eeg_fm_lbeta_power_precond;eeg_tleft_lbeta_power_precond;eeg_faa_precond;eeg_tleft_lalpha_power_precond;eeg_f_hbeta_power_precond;eeg_fl_theta_power_precond;eeg_tleft_alpha_power_precond"
2025-12-19 16:10:34.961132,48,"stress_label",7,2,0.03,0.529069767441861,0.459302325581395,NA,7,"top7","eeg_fm_lbeta_power_precond;eeg_tleft_lbeta_power_precond;eeg_faa_precond;eeg_tleft_lalpha_power_precond;eeg_f_hbeta_power_precond;eeg_fl_theta_power_precond;eeg_tleft_alpha_power_precond"
2025-12-19 16:10:35.332826,48,"stress_label",7,4,0.03,0.482558139534884,0.459302325581395,0.462015503875969,7,"top7","eeg_fm_lbeta_power_precond;eeg_tleft_lbeta_power_precond;eeg_faa_precond;eeg_tleft_lalpha_power_precond;eeg_f_hbeta_power_precond;eeg_fl_theta_power_precond;eeg_tleft_alpha_power_precond"
2025-12-19 16:10:35.76425,48,"stress_label",7,8,0.03,0.482558139534884,0.436046511627907,0.478294573643411,7,"top7","eeg_fm_lbeta_power_precond;eeg_tleft_lbeta_power_precond;eeg_faa_precond;eeg_tleft_lalpha_power_precond;eeg_f_hbeta_power_precond;eeg_fl_theta_power_precond;eeg_tleft_alpha_power_precond"
2025-12-19 16:10:35.79592,48,"stress_label",7,16,0.03,0.488372093023256,0.447674418604651,NA,7,"top7","eeg_fm_lbeta_power_precond;eeg_tleft_lbeta_power_precond;eeg_faa_precond;eeg_tleft_lalpha_power_precond;eeg_f_hbeta_power_precond;eeg_fl_theta_power_precond;eeg_tleft_alpha_power_precond"
2025-12-19 16:10:35.854792,48,"stress_label",7,32,0.03,0.523255813953488,0.424418604651163,NA,7,"top7","eeg_fm_lbeta_power_precond;eeg_tleft_lbeta_power_precond;eeg_faa_precond;eeg_tleft_lalpha_power_precond;eeg_f_hbeta_power_precond;eeg_fl_theta_power_precond;eeg_tleft_alpha_power_precond"
2025-12-19 16:10:35.99025,48,"stress_label",7,64,0.03,0.534883720930233,0.424418604651163,0.517054263565891,7,"top7","eeg_fm_lbeta_power_precond;eeg_tleft_lbeta_power_precond;eeg_faa_precond;eeg_tleft_lalpha_power_precond;eeg_f_hbeta_power_precond;eeg_fl_theta_power_precond;eeg_tleft_alpha_power_precond"
2025-12-19 16:10:36.192398,48,"stress_label",7,128,0.03,0.546511627906977,0.412790697674419,NA,7,"top7","eeg_fm_lbeta_power_precond;eeg_tleft_lbeta_power_precond;eeg_faa_precond;eeg_tleft_lalpha_power_precond;eeg_f_hbeta_power_precond;eeg_fl_theta_power_precond;eeg_tleft_alpha_power_precond"
2025-12-19 16:10:36.561081,48,"stress_label",7,256,0.03,0.534883720930233,0.482558139534884,NA,7,"top7","eeg_fm_lbeta_power_precond;eeg_tleft_lbeta_power_precond;eeg_faa_precond;eeg_tleft_lalpha_power_precond;eeg_f_hbeta_power_precond;eeg_fl_theta_power_precond;eeg_tleft_alpha_power_precond"
2025-12-19 16:10:36.027561,48,"stress_label",7,2,0.06,0.476744186046512,0.418604651162791,0.493798449612403,7,"top7","eeg_fm_lbeta_power_precond;eeg_tleft_lbeta_power_precond;eeg_faa_precond;eeg_tleft_lalpha_power_precond;eeg_f_hbeta_power_precond;eeg_fl_theta_power_precond;eeg_tleft_alpha_power_precond"
2025-12-19 16:10:36.033311,48,"stress_label",7,4,0.06,0.505813953488372,0.459302325581395,0.52015503875969,7,"top7","eeg_fm_lbeta_power_precond;eeg_tleft_lbeta_power_precond;eeg_faa_precond;eeg_tleft_lalpha_power_precond;eeg_f_hbeta_power_precond;eeg_fl_theta_power_precond;eeg_tleft_alpha_power_precond"
2025-12-19 16:10:36.223775,48,"stress_label",7,8,0.06,0.505813953488372,0.383720930232558,0.504651162790698,7,"top7","eeg_fm_lbeta_power_precond;eeg_tleft_lbeta_power_precond;eeg_faa_precond;eeg_tleft_lalpha_power_precond;eeg_f_hbeta_power_precond;eeg_fl_theta_power_precond;eeg_tleft_alpha_power_precond"
2025-12-19 16:10:36.258846,48,"stress_label",7,16,0.06,0.534883720930233,0.447674418604651,0.541860465116279,7,"top7","eeg_fm_lbeta_power_precond;eeg_tleft_lbeta_power_precond;eeg_faa_precond;eeg_tleft_lalpha_power_precond;eeg_f_hbeta_power_precond;eeg_fl_theta_power_precond;eeg_tleft_alpha_power_precond"
2025-12-19 16:10:36.517138,48,"stress_label",7,32,0.06,0.534883720930233,0.523255813953488,NA,7,"top7","eeg_fm_lbeta_power_precond;eeg_tleft_lbeta_power_precond;eeg_faa_precond;eeg_tleft_lalpha_power_precond;eeg_f_hbeta_power_precond;eeg_fl_theta_power_precond;eeg_tleft_alpha_power_precond"
2025-12-19 16:10:36.674003,48,"stress_label",7,64,0.06,0.558139534883721,0.406976744186047,NA,7,"top7","eeg_fm_lbeta_power_precond;eeg_tleft_lbeta_power_precond;eeg_faa_precond;eeg_tleft_lalpha_power_precond;eeg_f_hbeta_power_precond;eeg_fl_theta_power_precond;eeg_tleft_alpha_power_precond"
2025-12-19 16:10:36.986246,48,"stress_label",7,128,0.06,0.552325581395349,0.569767441860465,NA,7,"top7","eeg_fm_lbeta_power_precond;eeg_tleft_lbeta_power_precond;eeg_faa_precond;eeg_tleft_lalpha_power_precond;eeg_f_hbeta_power_precond;eeg_fl_theta_power_precond;eeg_tleft_alpha_power_precond"
2025-12-19 16:10:37.264547,48,"stress_label",7,256,0.06,0.511627906976744,0.482558139534884,NA,7,"top7","eeg_fm_lbeta_power_precond;eeg_tleft_lbeta_power_precond;eeg_faa_precond;eeg_tleft_lalpha_power_precond;eeg_f_hbeta_power_precond;eeg_fl_theta_power_precond;eeg_tleft_alpha_power_precond"
2025-12-19 16:10:36.77879,48,"stress_label",7,2,0.1,0.482558139534884,0.372093023255814,0.482945736434109,7,"top7","eeg_fm_lbeta_power_precond;eeg_tleft_lbeta_power_precond;eeg_faa_precond;eeg_tleft_lalpha_power_precond;eeg_f_hbeta_power_precond;eeg_fl_theta_power_precond;eeg_tleft_alpha_power_precond"
2025-12-19 16:10:36.836036,48,"stress_label",7,4,0.1,0.511627906976744,0.517441860465116,0.530232558139535,7,"top7","eeg_fm_lbeta_power_precond;eeg_tleft_lbeta_power_precond;eeg_faa_precond;eeg_tleft_lalpha_power_precond;eeg_f_hbeta_power_precond;eeg_fl_theta_power_precond;eeg_tleft_alpha_power_precond"
2025-12-19 16:10:36.876396,48,"stress_label",7,8,0.1,0.534883720930233,0.511627906976744,NA,7,"top7","eeg_fm_lbeta_power_precond;eeg_tleft_lbeta_power_precond;eeg_faa_precond;eeg_tleft_lalpha_power_precond;eeg_f_hbeta_power_precond;eeg_fl_theta_power_precond;eeg_tleft_alpha_power_precond"
2025-12-19 16:10:36.990214,48,"stress_label",7,16,0.1,0.581395348837209,0.453488372093023,NA,7,"top7","eeg_fm_lbeta_power_precond;eeg_tleft_lbeta_power_precond;eeg_faa_precond;eeg_tleft_lalpha_power_precond;eeg_f_hbeta_power_precond;eeg_fl_theta_power_precond;eeg_tleft_alpha_power_precond"
2025-12-19 16:10:37.04956,48,"stress_label",7,32,0.1,0.540697674418605,0.465116279069767,NA,7,"top7","eeg_fm_lbeta_power_precond;eeg_tleft_lbeta_power_precond;eeg_faa_precond;eeg_tleft_lalpha_power_precond;eeg_f_hbeta_power_precond;eeg_fl_theta_power_precond;eeg_tleft_alpha_power_precond"
2025-12-19 16:10:37.196412,48,"stress_label",7,64,0.1,0.523255813953488,0.517441860465116,NA,7,"top7","eeg_fm_lbeta_power_precond;eeg_tleft_lbeta_power_precond;eeg_faa_precond;eeg_tleft_lalpha_power_precond;eeg_f_hbeta_power_precond;eeg_fl_theta_power_precond;eeg_tleft_alpha_power_precond"
2025-12-19 16:10:37.439434,48,"stress_label",7,128,0.1,0.482558139534884,0.412790697674419,NA,7,"top7","eeg_fm_lbeta_power_precond;eeg_tleft_lbeta_power_precond;eeg_faa_precond;eeg_tleft_lalpha_power_precond;eeg_f_hbeta_power_precond;eeg_fl_theta_power_precond;eeg_tleft_alpha_power_precond"
2025-12-19 16:10:37.611915,48,"stress_label",7,256,0.1,0.494186046511628,0.465116279069767,NA,7,"top7","eeg_fm_lbeta_power_precond;eeg_tleft_lbeta_power_precond;eeg_faa_precond;eeg_tleft_lalpha_power_precond;eeg_f_hbeta_power_precond;eeg_fl_theta_power_precond;eeg_tleft_alpha_power_precond"
