contrast,estimate,SE,df,t.ratio,p.value
Low - High,-11.333333333333306,5.440606542063457,114,-2.083101074431844,0.039477929611553275
