timestamp,test_pid,target,k,cost,gamma,inner_acc,inner_auc,inner_f1,feature_n,feature_set,features_used
2025-12-19 12:46:17.30648,1,"stress_label",5,2,0.0078125,0.523255813953488,0.453488372093023,0.502325581395349,5,"top5","eeg_fm_lbeta_power_precond;eeg_tleft_lbeta_power_precond;eeg_faa_precond;eeg_tleft_lalpha_power_precond;eeg_fl_theta_power_precond"
2025-12-19 12:46:17.343635,1,"stress_label",5,4,0.0078125,0.529069767441861,0.401162790697674,0.521705426356589,5,"top5","eeg_fm_lbeta_power_precond;eeg_tleft_lbeta_power_precond;eeg_faa_precond;eeg_tleft_lalpha_power_precond;eeg_fl_theta_power_precond"
2025-12-19 12:46:17.309194,1,"stress_label",5,8,0.0078125,0.529069767441861,0.424418604651163,0.510852713178295,5,"top5","eeg_fm_lbeta_power_precond;eeg_tleft_lbeta_power_precond;eeg_faa_precond;eeg_tleft_lalpha_power_precond;eeg_fl_theta_power_precond"
2025-12-19 12:46:17.349394,1,"stress_label",5,16,0.0078125,0.517441860465116,0.424418604651163,0.506201550387597,5,"top5","eeg_fm_lbeta_power_precond;eeg_tleft_lbeta_power_precond;eeg_faa_precond;eeg_tleft_lalpha_power_precond;eeg_fl_theta_power_precond"
2025-12-19 12:46:17.309137,1,"stress_label",5,32,0.0078125,0.5,0.383720930232558,0.482945736434109,5,"top5","eeg_fm_lbeta_power_precond;eeg_tleft_lbeta_power_precond;eeg_faa_precond;eeg_tleft_lalpha_power_precond;eeg_fl_theta_power_precond"
2025-12-19 12:46:17.323851,1,"stress_label",5,64,0.0078125,0.488372093023256,0.395348837209302,0.472868217054264,5,"top5","eeg_fm_lbeta_power_precond;eeg_tleft_lbeta_power_precond;eeg_faa_precond;eeg_tleft_lalpha_power_precond;eeg_fl_theta_power_precond"
2025-12-19 12:46:17.357005,1,"stress_label",5,128,0.0078125,0.494186046511628,0.406976744186047,0.469767441860465,5,"top5","eeg_fm_lbeta_power_precond;eeg_tleft_lbeta_power_precond;eeg_faa_precond;eeg_tleft_lalpha_power_precond;eeg_fl_theta_power_precond"
2025-12-19 12:46:17.395209,1,"stress_label",5,256,0.0078125,0.453488372093023,0.436046511627907,NA,5,"top5","eeg_fm_lbeta_power_precond;eeg_tleft_lbeta_power_precond;eeg_faa_precond;eeg_tleft_lalpha_power_precond;eeg_fl_theta_power_precond"
2025-12-19 12:46:17.316032,1,"stress_label",5,2,0.015625,0.529069767441861,0.337209302325581,0.525581395348837,5,"top5","eeg_fm_lbeta_power_precond;eeg_tleft_lbeta_power_precond;eeg_faa_precond;eeg_tleft_lalpha_power_precond;eeg_fl_theta_power_precond"
2025-12-19 12:46:17.302548,1,"stress_label",5,4,0.015625,0.534883720930233,0.343023255813953,0.529457364341085,5,"top5","eeg_fm_lbeta_power_precond;eeg_tleft_lbeta_power_precond;eeg_faa_precond;eeg_tleft_lalpha_power_precond;eeg_fl_theta_power_precond"
2025-12-19 12:46:17.328975,1,"stress_label",5,8,0.015625,0.5,0.459302325581395,0.495348837209302,5,"top5","eeg_fm_lbeta_power_precond;eeg_tleft_lbeta_power_precond;eeg_faa_precond;eeg_tleft_lalpha_power_precond;eeg_fl_theta_power_precond"
2025-12-19 12:46:17.332533,1,"stress_label",5,16,0.015625,0.5,0.395348837209302,0.486821705426357,5,"top5","eeg_fm_lbeta_power_precond;eeg_tleft_lbeta_power_precond;eeg_faa_precond;eeg_tleft_lalpha_power_precond;eeg_fl_theta_power_precond"
2025-12-19 12:46:17.337449,1,"stress_label",5,32,0.015625,0.482558139534884,0.313953488372093,0.455813953488372,5,"top5","eeg_fm_lbeta_power_precond;eeg_tleft_lbeta_power_precond;eeg_faa_precond;eeg_tleft_lalpha_power_precond;eeg_fl_theta_power_precond"
2025-12-19 12:46:17.365568,1,"stress_label",5,64,0.015625,0.476744186046512,0.366279069767442,NA,5,"top5","eeg_fm_lbeta_power_precond;eeg_tleft_lbeta_power_precond;eeg_faa_precond;eeg_tleft_lalpha_power_precond;eeg_fl_theta_power_precond"
2025-12-19 12:46:18.507814,1,"stress_label",5,128,0.015625,0.511627906976744,0.430232558139535,0.473643410852713,5,"top5","eeg_fm_lbeta_power_precond;eeg_tleft_lbeta_power_precond;eeg_faa_precond;eeg_tleft_lalpha_power_precond;eeg_fl_theta_power_precond"
2025-12-19 12:46:18.576991,1,"stress_label",5,256,0.015625,0.529069767441861,0.476744186046512,0.483720930232558,5,"top5","eeg_fm_lbeta_power_precond;eeg_tleft_lbeta_power_precond;eeg_faa_precond;eeg_tleft_lalpha_power_precond;eeg_fl_theta_power_precond"
2025-12-19 12:46:18.386257,1,"stress_label",5,2,0.03125,0.523255813953488,0.465116279069767,0.513953488372093,5,"top5","eeg_fm_lbeta_power_precond;eeg_tleft_lbeta_power_precond;eeg_faa_precond;eeg_tleft_lalpha_power_precond;eeg_fl_theta_power_precond"
2025-12-19 12:46:18.400922,1,"stress_label",5,4,0.03125,0.505813953488372,0.337209302325581,0.503100775193798,5,"top5","eeg_fm_lbeta_power_precond;eeg_tleft_lbeta_power_precond;eeg_faa_precond;eeg_tleft_lalpha_power_precond;eeg_fl_theta_power_precond"
2025-12-19 12:46:18.385663,1,"stress_label",5,8,0.03125,0.505813953488372,0.377906976744186,0.485271317829457,5,"top5","eeg_fm_lbeta_power_precond;eeg_tleft_lbeta_power_precond;eeg_faa_precond;eeg_tleft_lalpha_power_precond;eeg_fl_theta_power_precond"
2025-12-19 12:46:18.448329,1,"stress_label",5,16,0.03125,0.47093023255814,0.412790697674419,NA,5,"top5","eeg_fm_lbeta_power_precond;eeg_tleft_lbeta_power_precond;eeg_faa_precond;eeg_tleft_lalpha_power_precond;eeg_fl_theta_power_precond"
2025-12-19 12:46:18.473686,1,"stress_label",5,32,0.03125,0.517441860465116,0.47093023255814,0.50077519379845,5,"top5","eeg_fm_lbeta_power_precond;eeg_tleft_lbeta_power_precond;eeg_faa_precond;eeg_tleft_lalpha_power_precond;eeg_fl_theta_power_precond"
2025-12-19 12:46:18.505982,1,"stress_label",5,64,0.03125,0.540697674418605,0.517441860465116,0.517829457364341,5,"top5","eeg_fm_lbeta_power_precond;eeg_tleft_lbeta_power_precond;eeg_faa_precond;eeg_tleft_lalpha_power_precond;eeg_fl_theta_power_precond"
2025-12-19 12:46:18.590024,1,"stress_label",5,128,0.03125,0.552325581395349,0.523255813953488,0.542635658914729,5,"top5","eeg_fm_lbeta_power_precond;eeg_tleft_lbeta_power_precond;eeg_faa_precond;eeg_tleft_lalpha_power_precond;eeg_fl_theta_power_precond"
2025-12-19 12:46:18.776903,1,"stress_label",5,256,0.03125,0.575581395348837,0.523255813953488,0.545736434108527,5,"top5","eeg_fm_lbeta_power_precond;eeg_tleft_lbeta_power_precond;eeg_faa_precond;eeg_tleft_lalpha_power_precond;eeg_fl_theta_power_precond"
2025-12-19 12:46:18.443936,1,"stress_label",5,2,0.0625,0.517441860465116,0.418604651162791,0.529457364341085,5,"top5","eeg_fm_lbeta_power_precond;eeg_tleft_lbeta_power_precond;eeg_faa_precond;eeg_tleft_lalpha_power_precond;eeg_fl_theta_power_precond"
2025-12-19 12:46:18.441146,1,"stress_label",5,4,0.0625,0.5,0.337209302325581,0.5,5,"top5","eeg_fm_lbeta_power_precond;eeg_tleft_lbeta_power_precond;eeg_faa_precond;eeg_tleft_lalpha_power_precond;eeg_fl_theta_power_precond"
2025-12-19 12:46:18.452608,1,"stress_label",5,8,0.0625,0.5,0.5,0.504651162790698,5,"top5","eeg_fm_lbeta_power_precond;eeg_tleft_lbeta_power_precond;eeg_faa_precond;eeg_tleft_lalpha_power_precond;eeg_fl_theta_power_precond"
2025-12-19 12:46:18.521866,1,"stress_label",5,16,0.0625,0.575581395348837,0.505813953488372,0.57984496124031,5,"top5","eeg_fm_lbeta_power_precond;eeg_tleft_lbeta_power_precond;eeg_faa_precond;eeg_tleft_lalpha_power_precond;eeg_fl_theta_power_precond"
2025-12-19 12:46:19.598994,1,"stress_label",5,32,0.0625,0.587209302325581,0.523255813953488,NA,5,"top5","eeg_fm_lbeta_power_precond;eeg_tleft_lbeta_power_precond;eeg_faa_precond;eeg_tleft_lalpha_power_precond;eeg_fl_theta_power_precond"
2025-12-19 12:46:19.905268,1,"stress_label",5,64,0.0625,0.581395348837209,0.534883720930233,NA,5,"top5","eeg_fm_lbeta_power_precond;eeg_tleft_lbeta_power_precond;eeg_faa_precond;eeg_tleft_lalpha_power_precond;eeg_fl_theta_power_precond"
2025-12-19 12:46:19.939043,1,"stress_label",5,128,0.0625,0.558139534883721,0.546511627906977,NA,5,"top5","eeg_fm_lbeta_power_precond;eeg_tleft_lbeta_power_precond;eeg_faa_precond;eeg_tleft_lalpha_power_precond;eeg_fl_theta_power_precond"
2025-12-19 12:46:20.588692,1,"stress_label",5,256,0.0625,0.523255813953488,0.401162790697674,NA,5,"top5","eeg_fm_lbeta_power_precond;eeg_tleft_lbeta_power_precond;eeg_faa_precond;eeg_tleft_lalpha_power_precond;eeg_fl_theta_power_precond"
2025-12-19 12:46:19.586373,1,"stress_label",5,2,0.125,0.523255813953488,0.401162790697674,0.523255813953488,5,"top5","eeg_fm_lbeta_power_precond;eeg_tleft_lbeta_power_precond;eeg_faa_precond;eeg_tleft_lalpha_power_precond;eeg_fl_theta_power_precond"
2025-12-19 12:46:19.598012,1,"stress_label",5,4,0.125,0.581395348837209,0.517441860465116,0.585271317829457,5,"top5","eeg_fm_lbeta_power_precond;eeg_tleft_lbeta_power_precond;eeg_faa_precond;eeg_tleft_lalpha_power_precond;eeg_fl_theta_power_precond"
2025-12-19 12:46:19.620559,1,"stress_label",5,8,0.125,0.563953488372093,0.563953488372093,NA,5,"top5","eeg_fm_lbeta_power_precond;eeg_tleft_lbeta_power_precond;eeg_faa_precond;eeg_tleft_lalpha_power_precond;eeg_fl_theta_power_precond"
2025-12-19 12:46:19.674971,1,"stress_label",5,16,0.125,0.569767441860465,0.558139534883721,NA,5,"top5","eeg_fm_lbeta_power_precond;eeg_tleft_lbeta_power_precond;eeg_faa_precond;eeg_tleft_lalpha_power_precond;eeg_fl_theta_power_precond"
2025-12-19 12:46:19.821358,1,"stress_label",5,32,0.125,0.569767441860465,0.534883720930233,NA,5,"top5","eeg_fm_lbeta_power_precond;eeg_tleft_lbeta_power_precond;eeg_faa_precond;eeg_tleft_lalpha_power_precond;eeg_fl_theta_power_precond"
2025-12-19 12:46:19.944646,1,"stress_label",5,64,0.125,0.523255813953488,0.453488372093023,NA,5,"top5","eeg_fm_lbeta_power_precond;eeg_tleft_lbeta_power_precond;eeg_faa_precond;eeg_tleft_lalpha_power_precond;eeg_fl_theta_power_precond"
2025-12-19 12:46:20.322467,1,"stress_label",5,128,0.125,0.529069767441861,0.523255813953488,NA,5,"top5","eeg_fm_lbeta_power_precond;eeg_tleft_lbeta_power_precond;eeg_faa_precond;eeg_tleft_lalpha_power_precond;eeg_fl_theta_power_precond"
2025-12-19 12:46:20.987791,1,"stress_label",5,256,0.125,0.529069767441861,0.424418604651163,NA,5,"top5","eeg_fm_lbeta_power_precond;eeg_tleft_lbeta_power_precond;eeg_faa_precond;eeg_tleft_lalpha_power_precond;eeg_fl_theta_power_precond"
2025-12-19 12:46:19.744437,1,"stress_label",5,2,0.03,0.523255813953488,0.418604651162791,0.513953488372093,5,"top5","eeg_fm_lbeta_power_precond;eeg_tleft_lbeta_power_precond;eeg_faa_precond;eeg_tleft_lalpha_power_precond;eeg_fl_theta_power_precond"
2025-12-19 12:46:20.174023,1,"stress_label",5,4,0.03,0.505813953488372,0.348837209302326,0.503100775193798,5,"top5","eeg_fm_lbeta_power_precond;eeg_tleft_lbeta_power_precond;eeg_faa_precond;eeg_tleft_lalpha_power_precond;eeg_fl_theta_power_precond"
2025-12-19 12:46:20.849072,1,"stress_label",5,8,0.03,0.505813953488372,0.424418604651163,0.498449612403101,5,"top5","eeg_fm_lbeta_power_precond;eeg_tleft_lbeta_power_precond;eeg_faa_precond;eeg_tleft_lalpha_power_precond;eeg_fl_theta_power_precond"
2025-12-19 12:46:20.881053,1,"stress_label",5,16,0.03,0.476744186046512,0.366279069767442,0.458139534883721,5,"top5","eeg_fm_lbeta_power_precond;eeg_tleft_lbeta_power_precond;eeg_faa_precond;eeg_tleft_lalpha_power_precond;eeg_fl_theta_power_precond"
2025-12-19 12:46:20.903498,1,"stress_label",5,32,0.03,0.511627906976744,0.366279069767442,0.496899224806202,5,"top5","eeg_fm_lbeta_power_precond;eeg_tleft_lbeta_power_precond;eeg_faa_precond;eeg_tleft_lalpha_power_precond;eeg_fl_theta_power_precond"
2025-12-19 12:46:20.915088,1,"stress_label",5,64,0.03,0.540697674418605,0.575581395348837,0.517829457364341,5,"top5","eeg_fm_lbeta_power_precond;eeg_tleft_lbeta_power_precond;eeg_faa_precond;eeg_tleft_lalpha_power_precond;eeg_fl_theta_power_precond"
2025-12-19 12:46:21.183733,1,"stress_label",5,128,0.03,0.552325581395349,0.5,0.542635658914729,5,"top5","eeg_fm_lbeta_power_precond;eeg_tleft_lbeta_power_precond;eeg_faa_precond;eeg_tleft_lalpha_power_precond;eeg_fl_theta_power_precond"
2025-12-19 12:46:21.43391,1,"stress_label",5,256,0.03,0.575581395348837,0.47093023255814,0.549612403100775,5,"top5","eeg_fm_lbeta_power_precond;eeg_tleft_lbeta_power_precond;eeg_faa_precond;eeg_tleft_lalpha_power_precond;eeg_fl_theta_power_precond"
2025-12-19 12:46:21.053126,1,"stress_label",5,2,0.06,0.511627906976744,0.325581395348837,0.522480620155039,5,"top5","eeg_fm_lbeta_power_precond;eeg_tleft_lbeta_power_precond;eeg_faa_precond;eeg_tleft_lalpha_power_precond;eeg_fl_theta_power_precond"
2025-12-19 12:46:21.194712,1,"stress_label",5,4,0.06,0.505813953488372,0.482558139534884,0.507751937984496,5,"top5","eeg_fm_lbeta_power_precond;eeg_tleft_lbeta_power_precond;eeg_faa_precond;eeg_tleft_lalpha_power_precond;eeg_fl_theta_power_precond"
2025-12-19 12:46:21.239531,1,"stress_label",5,8,0.06,0.5,0.459302325581395,0.493023255813954,5,"top5","eeg_fm_lbeta_power_precond;eeg_tleft_lbeta_power_precond;eeg_faa_precond;eeg_tleft_lalpha_power_precond;eeg_fl_theta_power_precond"
2025-12-19 12:46:21.21967,1,"stress_label",5,16,0.06,0.569767441860465,0.575581395348837,0.577519379844961,5,"top5","eeg_fm_lbeta_power_precond;eeg_tleft_lbeta_power_precond;eeg_faa_precond;eeg_tleft_lalpha_power_precond;eeg_fl_theta_power_precond"
2025-12-19 12:46:21.448766,1,"stress_label",5,32,0.06,0.575581395348837,0.476744186046512,0.558139534883721,5,"top5","eeg_fm_lbeta_power_precond;eeg_tleft_lbeta_power_precond;eeg_faa_precond;eeg_tleft_lalpha_power_precond;eeg_fl_theta_power_precond"
2025-12-19 12:46:21.706865,1,"stress_label",5,64,0.06,0.581395348837209,0.552325581395349,NA,5,"top5","eeg_fm_lbeta_power_precond;eeg_tleft_lbeta_power_precond;eeg_faa_precond;eeg_tleft_lalpha_power_precond;eeg_fl_theta_power_precond"
2025-12-19 12:46:22.007938,1,"stress_label",5,128,0.06,0.558139534883721,0.563953488372093,NA,5,"top5","eeg_fm_lbeta_power_precond;eeg_tleft_lbeta_power_precond;eeg_faa_precond;eeg_tleft_lalpha_power_precond;eeg_fl_theta_power_precond"
2025-12-19 12:46:22.374913,1,"stress_label",5,256,0.06,0.523255813953488,0.488372093023256,NA,5,"top5","eeg_fm_lbeta_power_precond;eeg_tleft_lbeta_power_precond;eeg_faa_precond;eeg_tleft_lalpha_power_precond;eeg_fl_theta_power_precond"
2025-12-19 12:46:21.931797,1,"stress_label",5,2,0.1,0.505813953488372,0.47093023255814,0.517054263565891,5,"top5","eeg_fm_lbeta_power_precond;eeg_tleft_lbeta_power_precond;eeg_faa_precond;eeg_tleft_lalpha_power_precond;eeg_fl_theta_power_precond"
2025-12-19 12:46:21.968091,1,"stress_label",5,4,0.1,0.552325581395349,0.505813953488372,0.558914728682171,5,"top5","eeg_fm_lbeta_power_precond;eeg_tleft_lbeta_power_precond;eeg_faa_precond;eeg_tleft_lalpha_power_precond;eeg_fl_theta_power_precond"
2025-12-19 12:46:21.982858,1,"stress_label",5,8,0.1,0.593023255813954,0.575581395348837,0.593798449612403,5,"top5","eeg_fm_lbeta_power_precond;eeg_tleft_lbeta_power_precond;eeg_faa_precond;eeg_tleft_lalpha_power_precond;eeg_fl_theta_power_precond"
2025-12-19 12:46:22.070554,1,"stress_label",5,16,0.1,0.569767441860465,0.488372093023256,NA,5,"top5","eeg_fm_lbeta_power_precond;eeg_tleft_lbeta_power_precond;eeg_faa_precond;eeg_tleft_lalpha_power_precond;eeg_fl_theta_power_precond"
2025-12-19 12:46:22.211293,1,"stress_label",5,32,0.1,0.558139534883721,0.5,NA,5,"top5","eeg_fm_lbeta_power_precond;eeg_tleft_lbeta_power_precond;eeg_faa_precond;eeg_tleft_lalpha_power_precond;eeg_fl_theta_power_precond"
2025-12-19 12:46:22.339217,1,"stress_label",5,64,0.1,0.546511627906977,0.494186046511628,NA,5,"top5","eeg_fm_lbeta_power_precond;eeg_tleft_lbeta_power_precond;eeg_faa_precond;eeg_tleft_lalpha_power_precond;eeg_fl_theta_power_precond"
2025-12-19 12:46:22.47674,1,"stress_label",5,128,0.1,0.511627906976744,0.436046511627907,NA,5,"top5","eeg_fm_lbeta_power_precond;eeg_tleft_lbeta_power_precond;eeg_faa_precond;eeg_tleft_lalpha_power_precond;eeg_fl_theta_power_precond"
2025-12-19 12:46:22.795452,1,"stress_label",5,256,0.1,0.523255813953488,0.447674418604651,NA,5,"top5","eeg_fm_lbeta_power_precond;eeg_tleft_lbeta_power_precond;eeg_faa_precond;eeg_tleft_lalpha_power_precond;eeg_fl_theta_power_precond"
2025-12-19 12:46:24.176288,3,"stress_label",5,2,0.0078125,0.459302325581395,0.540697674418605,0.4,5,"top5","eeg_fm_specent_precond;eeg_tleft_lbeta_power_precond;eeg_faa_precond;eeg_fm_hbeta_power_precond;eeg_tleft_lalpha_power_precond"
2025-12-19 12:46:24.177756,3,"stress_label",5,4,0.0078125,0.441860465116279,0.558139534883721,0.337209302325581,5,"top5","eeg_fm_specent_precond;eeg_tleft_lbeta_power_precond;eeg_faa_precond;eeg_fm_hbeta_power_precond;eeg_tleft_lalpha_power_precond"
2025-12-19 12:46:24.145299,3,"stress_label",5,8,0.0078125,0.47093023255814,0.558139534883721,0.352713178294574,5,"top5","eeg_fm_specent_precond;eeg_tleft_lbeta_power_precond;eeg_faa_precond;eeg_fm_hbeta_power_precond;eeg_tleft_lalpha_power_precond"
2025-12-19 12:46:24.21702,3,"stress_label",5,16,0.0078125,0.465116279069767,0.511627906976744,NA,5,"top5","eeg_fm_specent_precond;eeg_tleft_lbeta_power_precond;eeg_faa_precond;eeg_fm_hbeta_power_precond;eeg_tleft_lalpha_power_precond"
2025-12-19 12:46:24.198134,3,"stress_label",5,32,0.0078125,0.453488372093023,0.581395348837209,NA,5,"top5","eeg_fm_specent_precond;eeg_tleft_lbeta_power_precond;eeg_faa_precond;eeg_fm_hbeta_power_precond;eeg_tleft_lalpha_power_precond"
2025-12-19 12:46:24.260396,3,"stress_label",5,64,0.0078125,0.482558139534884,0.488372093023256,NA,5,"top5","eeg_fm_specent_precond;eeg_tleft_lbeta_power_precond;eeg_faa_precond;eeg_fm_hbeta_power_precond;eeg_tleft_lalpha_power_precond"
2025-12-19 12:46:24.29879,3,"stress_label",5,128,0.0078125,0.523255813953488,0.401162790697674,NA,5,"top5","eeg_fm_specent_precond;eeg_tleft_lbeta_power_precond;eeg_faa_precond;eeg_fm_hbeta_power_precond;eeg_tleft_lalpha_power_precond"
2025-12-19 12:46:24.356404,3,"stress_label",5,256,0.0078125,0.511627906976744,0.36046511627907,NA,5,"top5","eeg_fm_specent_precond;eeg_tleft_lbeta_power_precond;eeg_faa_precond;eeg_fm_hbeta_power_precond;eeg_tleft_lalpha_power_precond"
2025-12-19 12:46:24.171199,3,"stress_label",5,2,0.015625,0.447674418604651,0.5,0.321705426356589,5,"top5","eeg_fm_specent_precond;eeg_tleft_lbeta_power_precond;eeg_faa_precond;eeg_fm_hbeta_power_precond;eeg_tleft_lalpha_power_precond"
2025-12-19 12:46:24.204924,3,"stress_label",5,4,0.015625,0.453488372093023,0.534883720930233,NA,5,"top5","eeg_fm_specent_precond;eeg_tleft_lbeta_power_precond;eeg_faa_precond;eeg_fm_hbeta_power_precond;eeg_tleft_lalpha_power_precond"
2025-12-19 12:46:24.208548,3,"stress_label",5,8,0.015625,0.465116279069767,0.430232558139535,NA,5,"top5","eeg_fm_specent_precond;eeg_tleft_lbeta_power_precond;eeg_faa_precond;eeg_fm_hbeta_power_precond;eeg_tleft_lalpha_power_precond"
2025-12-19 12:46:24.235521,3,"stress_label",5,16,0.015625,0.476744186046512,0.529069767441861,NA,5,"top5","eeg_fm_specent_precond;eeg_tleft_lbeta_power_precond;eeg_faa_precond;eeg_fm_hbeta_power_precond;eeg_tleft_lalpha_power_precond"
2025-12-19 12:46:24.243126,3,"stress_label",5,32,0.015625,0.523255813953488,0.377906976744186,NA,5,"top5","eeg_fm_specent_precond;eeg_tleft_lbeta_power_precond;eeg_faa_precond;eeg_fm_hbeta_power_precond;eeg_tleft_lalpha_power_precond"
2025-12-19 12:46:24.259226,3,"stress_label",5,64,0.015625,0.517441860465116,0.36046511627907,NA,5,"top5","eeg_fm_specent_precond;eeg_tleft_lbeta_power_precond;eeg_faa_precond;eeg_fm_hbeta_power_precond;eeg_tleft_lalpha_power_precond"
2025-12-19 12:46:25.370083,3,"stress_label",5,128,0.015625,0.540697674418605,0.418604651162791,NA,5,"top5","eeg_fm_specent_precond;eeg_tleft_lbeta_power_precond;eeg_faa_precond;eeg_fm_hbeta_power_precond;eeg_tleft_lalpha_power_precond"
2025-12-19 12:46:25.506335,3,"stress_label",5,256,0.015625,0.563953488372093,0.494186046511628,NA,5,"top5","eeg_fm_specent_precond;eeg_tleft_lbeta_power_precond;eeg_faa_precond;eeg_fm_hbeta_power_precond;eeg_tleft_lalpha_power_precond"
2025-12-19 12:46:25.282313,3,"stress_label",5,2,0.03125,0.465116279069767,0.517441860465116,NA,5,"top5","eeg_fm_specent_precond;eeg_tleft_lbeta_power_precond;eeg_faa_precond;eeg_fm_hbeta_power_precond;eeg_tleft_lalpha_power_precond"
2025-12-19 12:46:25.338442,3,"stress_label",5,4,0.03125,0.482558139534884,0.47093023255814,NA,5,"top5","eeg_fm_specent_precond;eeg_tleft_lbeta_power_precond;eeg_faa_precond;eeg_fm_hbeta_power_precond;eeg_tleft_lalpha_power_precond"
2025-12-19 12:46:25.342657,3,"stress_label",5,8,0.03125,0.517441860465116,0.430232558139535,NA,5,"top5","eeg_fm_specent_precond;eeg_tleft_lbeta_power_precond;eeg_faa_precond;eeg_fm_hbeta_power_precond;eeg_tleft_lalpha_power_precond"
2025-12-19 12:46:25.365925,3,"stress_label",5,16,0.03125,0.517441860465116,0.372093023255814,NA,5,"top5","eeg_fm_specent_precond;eeg_tleft_lbeta_power_precond;eeg_faa_precond;eeg_fm_hbeta_power_precond;eeg_tleft_lalpha_power_precond"
2025-12-19 12:46:25.361797,3,"stress_label",5,32,0.03125,0.523255813953488,0.488372093023256,0.43953488372093,5,"top5","eeg_fm_specent_precond;eeg_tleft_lbeta_power_precond;eeg_faa_precond;eeg_fm_hbeta_power_precond;eeg_tleft_lalpha_power_precond"
2025-12-19 12:46:25.422013,3,"stress_label",5,64,0.03125,0.569767441860465,0.383720930232558,NA,5,"top5","eeg_fm_specent_precond;eeg_tleft_lbeta_power_precond;eeg_faa_precond;eeg_fm_hbeta_power_precond;eeg_tleft_lalpha_power_precond"
2025-12-19 12:46:25.577109,3,"stress_label",5,128,0.03125,0.540697674418605,0.343023255813953,NA,5,"top5","eeg_fm_specent_precond;eeg_tleft_lbeta_power_precond;eeg_faa_precond;eeg_fm_hbeta_power_precond;eeg_tleft_lalpha_power_precond"
2025-12-19 12:46:25.883056,3,"stress_label",5,256,0.03125,0.517441860465116,0.38953488372093,NA,5,"top5","eeg_fm_specent_precond;eeg_tleft_lbeta_power_precond;eeg_faa_precond;eeg_fm_hbeta_power_precond;eeg_tleft_lalpha_power_precond"
2025-12-19 12:46:25.389693,3,"stress_label",5,2,0.0625,0.482558139534884,0.488372093023256,NA,5,"top5","eeg_fm_specent_precond;eeg_tleft_lbeta_power_precond;eeg_faa_precond;eeg_fm_hbeta_power_precond;eeg_tleft_lalpha_power_precond"
2025-12-19 12:46:25.403682,3,"stress_label",5,4,0.0625,0.529069767441861,0.441860465116279,NA,5,"top5","eeg_fm_specent_precond;eeg_tleft_lbeta_power_precond;eeg_faa_precond;eeg_fm_hbeta_power_precond;eeg_tleft_lalpha_power_precond"
2025-12-19 12:46:25.377593,3,"stress_label",5,8,0.0625,0.534883720930233,0.36046511627907,0.462790697674419,5,"top5","eeg_fm_specent_precond;eeg_tleft_lbeta_power_precond;eeg_faa_precond;eeg_fm_hbeta_power_precond;eeg_tleft_lalpha_power_precond"
2025-12-19 12:46:25.515179,3,"stress_label",5,16,0.0625,0.563953488372093,0.36046511627907,NA,5,"top5","eeg_fm_specent_precond;eeg_tleft_lbeta_power_precond;eeg_faa_precond;eeg_fm_hbeta_power_precond;eeg_tleft_lalpha_power_precond"
2025-12-19 12:46:26.579644,3,"stress_label",5,32,0.0625,0.505813953488372,0.395348837209302,NA,5,"top5","eeg_fm_specent_precond;eeg_tleft_lbeta_power_precond;eeg_faa_precond;eeg_fm_hbeta_power_precond;eeg_tleft_lalpha_power_precond"
2025-12-19 12:46:26.750575,3,"stress_label",5,64,0.0625,0.505813953488372,0.383720930232558,NA,5,"top5","eeg_fm_specent_precond;eeg_tleft_lbeta_power_precond;eeg_faa_precond;eeg_fm_hbeta_power_precond;eeg_tleft_lalpha_power_precond"
2025-12-19 12:46:26.940615,3,"stress_label",5,128,0.0625,0.505813953488372,0.505813953488372,NA,5,"top5","eeg_fm_specent_precond;eeg_tleft_lbeta_power_precond;eeg_faa_precond;eeg_fm_hbeta_power_precond;eeg_tleft_lalpha_power_precond"
2025-12-19 12:46:27.351359,3,"stress_label",5,256,0.0625,0.529069767441861,0.5,NA,5,"top5","eeg_fm_specent_precond;eeg_tleft_lbeta_power_precond;eeg_faa_precond;eeg_fm_hbeta_power_precond;eeg_tleft_lalpha_power_precond"
2025-12-19 12:46:26.568733,3,"stress_label",5,2,0.125,0.529069767441861,0.38953488372093,NA,5,"top5","eeg_fm_specent_precond;eeg_tleft_lbeta_power_precond;eeg_faa_precond;eeg_fm_hbeta_power_precond;eeg_tleft_lalpha_power_precond"
2025-12-19 12:46:26.592885,3,"stress_label",5,4,0.125,0.563953488372093,0.459302325581395,NA,5,"top5","eeg_fm_specent_precond;eeg_tleft_lbeta_power_precond;eeg_faa_precond;eeg_fm_hbeta_power_precond;eeg_tleft_lalpha_power_precond"
2025-12-19 12:46:26.614374,3,"stress_label",5,8,0.125,0.505813953488372,0.430232558139535,NA,5,"top5","eeg_fm_specent_precond;eeg_tleft_lbeta_power_precond;eeg_faa_precond;eeg_fm_hbeta_power_precond;eeg_tleft_lalpha_power_precond"
2025-12-19 12:46:26.717501,3,"stress_label",5,16,0.125,0.494186046511628,0.395348837209302,NA,5,"top5","eeg_fm_specent_precond;eeg_tleft_lbeta_power_precond;eeg_faa_precond;eeg_fm_hbeta_power_precond;eeg_tleft_lalpha_power_precond"
2025-12-19 12:46:26.719272,3,"stress_label",5,32,0.125,0.5,0.494186046511628,NA,5,"top5","eeg_fm_specent_precond;eeg_tleft_lbeta_power_precond;eeg_faa_precond;eeg_fm_hbeta_power_precond;eeg_tleft_lalpha_power_precond"
2025-12-19 12:46:26.84269,3,"stress_label",5,64,0.125,0.511627906976744,0.488372093023256,NA,5,"top5","eeg_fm_specent_precond;eeg_tleft_lbeta_power_precond;eeg_faa_precond;eeg_fm_hbeta_power_precond;eeg_tleft_lalpha_power_precond"
2025-12-19 12:46:27.284073,3,"stress_label",5,128,0.125,0.488372093023256,0.494186046511628,NA,5,"top5","eeg_fm_specent_precond;eeg_tleft_lbeta_power_precond;eeg_faa_precond;eeg_fm_hbeta_power_precond;eeg_tleft_lalpha_power_precond"
2025-12-19 12:46:27.758366,3,"stress_label",5,256,0.125,0.465116279069767,0.476744186046512,NA,5,"top5","eeg_fm_specent_precond;eeg_tleft_lbeta_power_precond;eeg_faa_precond;eeg_fm_hbeta_power_precond;eeg_tleft_lalpha_power_precond"
2025-12-19 12:46:26.775946,3,"stress_label",5,2,0.03,0.47093023255814,0.546511627906977,NA,5,"top5","eeg_fm_specent_precond;eeg_tleft_lbeta_power_precond;eeg_faa_precond;eeg_fm_hbeta_power_precond;eeg_tleft_lalpha_power_precond"
2025-12-19 12:46:27.081021,3,"stress_label",5,4,0.03,0.482558139534884,0.494186046511628,NA,5,"top5","eeg_fm_specent_precond;eeg_tleft_lbeta_power_precond;eeg_faa_precond;eeg_fm_hbeta_power_precond;eeg_tleft_lalpha_power_precond"
2025-12-19 12:46:27.728681,3,"stress_label",5,8,0.03,0.511627906976744,0.418604651162791,NA,5,"top5","eeg_fm_specent_precond;eeg_tleft_lbeta_power_precond;eeg_faa_precond;eeg_fm_hbeta_power_precond;eeg_tleft_lalpha_power_precond"
2025-12-19 12:46:27.746054,3,"stress_label",5,16,0.03,0.517441860465116,0.337209302325581,NA,5,"top5","eeg_fm_specent_precond;eeg_tleft_lbeta_power_precond;eeg_faa_precond;eeg_fm_hbeta_power_precond;eeg_tleft_lalpha_power_precond"
2025-12-19 12:46:27.737216,3,"stress_label",5,32,0.03,0.523255813953488,0.308139534883721,0.43953488372093,5,"top5","eeg_fm_specent_precond;eeg_tleft_lbeta_power_precond;eeg_faa_precond;eeg_fm_hbeta_power_precond;eeg_tleft_lalpha_power_precond"
2025-12-19 12:46:27.835328,3,"stress_label",5,64,0.03,0.569767441860465,0.27906976744186,NA,5,"top5","eeg_fm_specent_precond;eeg_tleft_lbeta_power_precond;eeg_faa_precond;eeg_fm_hbeta_power_precond;eeg_tleft_lalpha_power_precond"
2025-12-19 12:46:28.028727,3,"stress_label",5,128,0.03,0.546511627906977,0.302325581395349,NA,5,"top5","eeg_fm_specent_precond;eeg_tleft_lbeta_power_precond;eeg_faa_precond;eeg_fm_hbeta_power_precond;eeg_tleft_lalpha_power_precond"
2025-12-19 12:46:28.280143,3,"stress_label",5,256,0.03,0.517441860465116,0.372093023255814,NA,5,"top5","eeg_fm_specent_precond;eeg_tleft_lbeta_power_precond;eeg_faa_precond;eeg_fm_hbeta_power_precond;eeg_tleft_lalpha_power_precond"
2025-12-19 12:46:27.87311,3,"stress_label",5,2,0.06,0.476744186046512,0.424418604651163,NA,5,"top5","eeg_fm_specent_precond;eeg_tleft_lbeta_power_precond;eeg_faa_precond;eeg_fm_hbeta_power_precond;eeg_tleft_lalpha_power_precond"
2025-12-19 12:46:27.959357,3,"stress_label",5,4,0.06,0.534883720930233,0.447674418604651,NA,5,"top5","eeg_fm_specent_precond;eeg_tleft_lbeta_power_precond;eeg_faa_precond;eeg_fm_hbeta_power_precond;eeg_tleft_lalpha_power_precond"
2025-12-19 12:46:27.9378,3,"stress_label",5,8,0.06,0.517441860465116,0.401162790697674,0.435658914728682,5,"top5","eeg_fm_specent_precond;eeg_tleft_lbeta_power_precond;eeg_faa_precond;eeg_fm_hbeta_power_precond;eeg_tleft_lalpha_power_precond"
2025-12-19 12:46:28.065442,3,"stress_label",5,16,0.06,0.575581395348837,0.372093023255814,NA,5,"top5","eeg_fm_specent_precond;eeg_tleft_lbeta_power_precond;eeg_faa_precond;eeg_fm_hbeta_power_precond;eeg_tleft_lalpha_power_precond"
2025-12-19 12:46:28.295124,3,"stress_label",5,32,0.06,0.511627906976744,0.424418604651163,NA,5,"top5","eeg_fm_specent_precond;eeg_tleft_lbeta_power_precond;eeg_faa_precond;eeg_fm_hbeta_power_precond;eeg_tleft_lalpha_power_precond"
2025-12-19 12:46:28.537432,3,"stress_label",5,64,0.06,0.511627906976744,0.395348837209302,NA,5,"top5","eeg_fm_specent_precond;eeg_tleft_lbeta_power_precond;eeg_faa_precond;eeg_fm_hbeta_power_precond;eeg_tleft_lalpha_power_precond"
2025-12-19 12:46:28.736046,3,"stress_label",5,128,0.06,0.505813953488372,0.47093023255814,NA,5,"top5","eeg_fm_specent_precond;eeg_tleft_lbeta_power_precond;eeg_faa_precond;eeg_fm_hbeta_power_precond;eeg_tleft_lalpha_power_precond"
2025-12-19 12:46:29.425455,3,"stress_label",5,256,0.06,0.523255813953488,0.447674418604651,NA,5,"top5","eeg_fm_specent_precond;eeg_tleft_lbeta_power_precond;eeg_faa_precond;eeg_fm_hbeta_power_precond;eeg_tleft_lalpha_power_precond"
2025-12-19 12:46:28.956312,3,"stress_label",5,2,0.1,0.534883720930233,0.488372093023256,NA,5,"top5","eeg_fm_specent_precond;eeg_tleft_lbeta_power_precond;eeg_faa_precond;eeg_fm_hbeta_power_precond;eeg_tleft_lalpha_power_precond"
2025-12-19 12:46:28.747049,3,"stress_label",5,4,0.1,0.552325581395349,0.406976744186047,0.485271317829457,5,"top5","eeg_fm_specent_precond;eeg_tleft_lbeta_power_precond;eeg_faa_precond;eeg_fm_hbeta_power_precond;eeg_tleft_lalpha_power_precond"
2025-12-19 12:46:28.818615,3,"stress_label",5,8,0.1,0.546511627906977,0.313953488372093,NA,5,"top5","eeg_fm_specent_precond;eeg_tleft_lbeta_power_precond;eeg_faa_precond;eeg_fm_hbeta_power_precond;eeg_tleft_lalpha_power_precond"
2025-12-19 12:46:28.921339,3,"stress_label",5,16,0.1,0.488372093023256,0.366279069767442,NA,5,"top5","eeg_fm_specent_precond;eeg_tleft_lbeta_power_precond;eeg_faa_precond;eeg_fm_hbeta_power_precond;eeg_tleft_lalpha_power_precond"
2025-12-19 12:46:28.961131,3,"stress_label",5,32,0.1,0.494186046511628,0.418604651162791,NA,5,"top5","eeg_fm_specent_precond;eeg_tleft_lbeta_power_precond;eeg_faa_precond;eeg_fm_hbeta_power_precond;eeg_tleft_lalpha_power_precond"
2025-12-19 12:46:29.118067,3,"stress_label",5,64,0.1,0.517441860465116,0.488372093023256,NA,5,"top5","eeg_fm_specent_precond;eeg_tleft_lbeta_power_precond;eeg_faa_precond;eeg_fm_hbeta_power_precond;eeg_tleft_lalpha_power_precond"
2025-12-19 12:46:29.417558,3,"stress_label",5,128,0.1,0.511627906976744,0.505813953488372,NA,5,"top5","eeg_fm_specent_precond;eeg_tleft_lbeta_power_precond;eeg_faa_precond;eeg_fm_hbeta_power_precond;eeg_tleft_lalpha_power_precond"
2025-12-19 12:46:29.785655,3,"stress_label",5,256,0.1,0.488372093023256,0.534883720930233,NA,5,"top5","eeg_fm_specent_precond;eeg_tleft_lbeta_power_precond;eeg_faa_precond;eeg_fm_hbeta_power_precond;eeg_tleft_lalpha_power_precond"
2025-12-19 12:46:31.634064,4,"stress_label",5,2,0.0078125,0.505813953488372,0.401162790697674,0.473643410852713,5,"top5","eeg_fm_lbeta_power_precond;eeg_fm_specent_precond;eeg_tleft_lbeta_power_precond;eeg_faa_precond;eeg_tleft_lalpha_power_precond"
2025-12-19 12:46:31.623964,4,"stress_label",5,4,0.0078125,0.5,0.383720930232558,0.463565891472868,5,"top5","eeg_fm_lbeta_power_precond;eeg_fm_specent_precond;eeg_tleft_lbeta_power_precond;eeg_faa_precond;eeg_tleft_lalpha_power_precond"
2025-12-19 12:46:31.274978,4,"stress_label",5,8,0.0078125,0.5,0.430232558139535,NA,5,"top5","eeg_fm_lbeta_power_precond;eeg_fm_specent_precond;eeg_tleft_lbeta_power_precond;eeg_faa_precond;eeg_tleft_lalpha_power_precond"
2025-12-19 12:46:31.596648,4,"stress_label",5,16,0.0078125,0.488372093023256,0.406976744186047,NA,5,"top5","eeg_fm_lbeta_power_precond;eeg_fm_specent_precond;eeg_tleft_lbeta_power_precond;eeg_faa_precond;eeg_tleft_lalpha_power_precond"
2025-12-19 12:46:31.411974,4,"stress_label",5,32,0.0078125,0.505813953488372,0.418604651162791,NA,5,"top5","eeg_fm_lbeta_power_precond;eeg_fm_specent_precond;eeg_tleft_lbeta_power_precond;eeg_faa_precond;eeg_tleft_lalpha_power_precond"
2025-12-19 12:46:31.694305,4,"stress_label",5,64,0.0078125,0.534883720930233,0.436046511627907,NA,5,"top5","eeg_fm_lbeta_power_precond;eeg_fm_specent_precond;eeg_tleft_lbeta_power_precond;eeg_faa_precond;eeg_tleft_lalpha_power_precond"
2025-12-19 12:46:31.653339,4,"stress_label",5,128,0.0078125,0.534883720930233,0.453488372093023,NA,5,"top5","eeg_fm_lbeta_power_precond;eeg_fm_specent_precond;eeg_tleft_lbeta_power_precond;eeg_faa_precond;eeg_tleft_lalpha_power_precond"
2025-12-19 12:46:31.482034,4,"stress_label",5,256,0.0078125,0.540697674418605,0.511627906976744,NA,5,"top5","eeg_fm_lbeta_power_precond;eeg_fm_specent_precond;eeg_tleft_lbeta_power_precond;eeg_faa_precond;eeg_tleft_lalpha_power_precond"
2025-12-19 12:46:31.33947,4,"stress_label",5,2,0.015625,0.505813953488372,0.453488372093023,0.455813953488372,5,"top5","eeg_fm_lbeta_power_precond;eeg_fm_specent_precond;eeg_tleft_lbeta_power_precond;eeg_faa_precond;eeg_tleft_lalpha_power_precond"
2025-12-19 12:46:31.300775,4,"stress_label",5,4,0.015625,0.494186046511628,0.38953488372093,NA,5,"top5","eeg_fm_lbeta_power_precond;eeg_fm_specent_precond;eeg_tleft_lbeta_power_precond;eeg_faa_precond;eeg_tleft_lalpha_power_precond"
2025-12-19 12:46:31.640153,4,"stress_label",5,8,0.015625,0.494186046511628,0.459302325581395,0.432558139534884,5,"top5","eeg_fm_lbeta_power_precond;eeg_fm_specent_precond;eeg_tleft_lbeta_power_precond;eeg_faa_precond;eeg_tleft_lalpha_power_precond"
2025-12-19 12:46:31.328128,4,"stress_label",5,16,0.015625,0.523255813953488,0.418604651162791,NA,5,"top5","eeg_fm_lbeta_power_precond;eeg_fm_specent_precond;eeg_tleft_lbeta_power_precond;eeg_faa_precond;eeg_tleft_lalpha_power_precond"
2025-12-19 12:46:31.462184,4,"stress_label",5,32,0.015625,0.529069767441861,0.296511627906977,NA,5,"top5","eeg_fm_lbeta_power_precond;eeg_fm_specent_precond;eeg_tleft_lbeta_power_precond;eeg_faa_precond;eeg_tleft_lalpha_power_precond"
2025-12-19 12:46:31.474928,4,"stress_label",5,64,0.015625,0.540697674418605,0.447674418604651,NA,5,"top5","eeg_fm_lbeta_power_precond;eeg_fm_specent_precond;eeg_tleft_lbeta_power_precond;eeg_faa_precond;eeg_tleft_lalpha_power_precond"
2025-12-19 12:46:32.517182,4,"stress_label",5,128,0.015625,0.563953488372093,0.453488372093023,NA,5,"top5","eeg_fm_lbeta_power_precond;eeg_fm_specent_precond;eeg_tleft_lbeta_power_precond;eeg_faa_precond;eeg_tleft_lalpha_power_precond"
2025-12-19 12:46:32.65025,4,"stress_label",5,256,0.015625,0.558139534883721,0.430232558139535,NA,5,"top5","eeg_fm_lbeta_power_precond;eeg_fm_specent_precond;eeg_tleft_lbeta_power_precond;eeg_faa_precond;eeg_tleft_lalpha_power_precond"
2025-12-19 12:46:32.424082,4,"stress_label",5,2,0.03125,0.5,0.482558139534884,NA,5,"top5","eeg_fm_lbeta_power_precond;eeg_fm_specent_precond;eeg_tleft_lbeta_power_precond;eeg_faa_precond;eeg_tleft_lalpha_power_precond"
2025-12-19 12:46:32.755533,4,"stress_label",5,4,0.03125,0.511627906976744,0.372093023255814,NA,5,"top5","eeg_fm_lbeta_power_precond;eeg_fm_specent_precond;eeg_tleft_lbeta_power_precond;eeg_faa_precond;eeg_tleft_lalpha_power_precond"
2025-12-19 12:46:32.842694,4,"stress_label",5,8,0.03125,0.517441860465116,0.430232558139535,NA,5,"top5","eeg_fm_lbeta_power_precond;eeg_fm_specent_precond;eeg_tleft_lbeta_power_precond;eeg_faa_precond;eeg_tleft_lalpha_power_precond"
2025-12-19 12:46:32.88423,4,"stress_label",5,16,0.03125,0.523255813953488,0.38953488372093,NA,5,"top5","eeg_fm_lbeta_power_precond;eeg_fm_specent_precond;eeg_tleft_lbeta_power_precond;eeg_faa_precond;eeg_tleft_lalpha_power_precond"
2025-12-19 12:46:32.608011,4,"stress_label",5,32,0.03125,0.569767441860465,0.412790697674419,NA,5,"top5","eeg_fm_lbeta_power_precond;eeg_fm_specent_precond;eeg_tleft_lbeta_power_precond;eeg_faa_precond;eeg_tleft_lalpha_power_precond"
2025-12-19 12:46:32.97872,4,"stress_label",5,64,0.03125,0.558139534883721,0.47093023255814,NA,5,"top5","eeg_fm_lbeta_power_precond;eeg_fm_specent_precond;eeg_tleft_lbeta_power_precond;eeg_faa_precond;eeg_tleft_lalpha_power_precond"
2025-12-19 12:46:32.930789,4,"stress_label",5,128,0.03125,0.563953488372093,0.395348837209302,NA,5,"top5","eeg_fm_lbeta_power_precond;eeg_fm_specent_precond;eeg_tleft_lbeta_power_precond;eeg_faa_precond;eeg_tleft_lalpha_power_precond"
2025-12-19 12:46:33.127187,4,"stress_label",5,256,0.03125,0.558139534883721,0.383720930232558,NA,5,"top5","eeg_fm_lbeta_power_precond;eeg_fm_specent_precond;eeg_tleft_lbeta_power_precond;eeg_faa_precond;eeg_tleft_lalpha_power_precond"
2025-12-19 12:46:32.767433,4,"stress_label",5,2,0.0625,0.5,0.372093023255814,NA,5,"top5","eeg_fm_lbeta_power_precond;eeg_fm_specent_precond;eeg_tleft_lbeta_power_precond;eeg_faa_precond;eeg_tleft_lalpha_power_precond"
2025-12-19 12:46:32.789079,4,"stress_label",5,4,0.0625,0.511627906976744,0.377906976744186,NA,5,"top5","eeg_fm_lbeta_power_precond;eeg_fm_specent_precond;eeg_tleft_lbeta_power_precond;eeg_faa_precond;eeg_tleft_lalpha_power_precond"
2025-12-19 12:46:32.7971,4,"stress_label",5,8,0.0625,0.534883720930233,0.465116279069767,NA,5,"top5","eeg_fm_lbeta_power_precond;eeg_fm_specent_precond;eeg_tleft_lbeta_power_precond;eeg_faa_precond;eeg_tleft_lalpha_power_precond"
2025-12-19 12:46:32.893267,4,"stress_label",5,16,0.0625,0.517441860465116,0.424418604651163,NA,5,"top5","eeg_fm_lbeta_power_precond;eeg_fm_specent_precond;eeg_tleft_lbeta_power_precond;eeg_faa_precond;eeg_tleft_lalpha_power_precond"
2025-12-19 12:46:33.651769,4,"stress_label",5,32,0.0625,0.558139534883721,0.453488372093023,NA,5,"top5","eeg_fm_lbeta_power_precond;eeg_fm_specent_precond;eeg_tleft_lbeta_power_precond;eeg_faa_precond;eeg_tleft_lalpha_power_precond"
2025-12-19 12:46:33.849598,4,"stress_label",5,64,0.0625,0.529069767441861,0.418604651162791,NA,5,"top5","eeg_fm_lbeta_power_precond;eeg_fm_specent_precond;eeg_tleft_lbeta_power_precond;eeg_faa_precond;eeg_tleft_lalpha_power_precond"
2025-12-19 12:46:34.088083,4,"stress_label",5,128,0.0625,0.505813953488372,0.418604651162791,NA,5,"top5","eeg_fm_lbeta_power_precond;eeg_fm_specent_precond;eeg_tleft_lbeta_power_precond;eeg_faa_precond;eeg_tleft_lalpha_power_precond"
2025-12-19 12:46:34.438501,4,"stress_label",5,256,0.0625,0.465116279069767,0.459302325581395,NA,5,"top5","eeg_fm_lbeta_power_precond;eeg_fm_specent_precond;eeg_tleft_lbeta_power_precond;eeg_faa_precond;eeg_tleft_lalpha_power_precond"
2025-12-19 12:46:33.881315,4,"stress_label",5,2,0.125,0.511627906976744,0.453488372093023,NA,5,"top5","eeg_fm_lbeta_power_precond;eeg_fm_specent_precond;eeg_tleft_lbeta_power_precond;eeg_faa_precond;eeg_tleft_lalpha_power_precond"
2025-12-19 12:46:33.884184,4,"stress_label",5,4,0.125,0.529069767441861,0.494186046511628,NA,5,"top5","eeg_fm_lbeta_power_precond;eeg_fm_specent_precond;eeg_tleft_lbeta_power_precond;eeg_faa_precond;eeg_tleft_lalpha_power_precond"
2025-12-19 12:46:33.936414,4,"stress_label",5,8,0.125,0.534883720930233,0.412790697674419,NA,5,"top5","eeg_fm_lbeta_power_precond;eeg_fm_specent_precond;eeg_tleft_lbeta_power_precond;eeg_faa_precond;eeg_tleft_lalpha_power_precond"
2025-12-19 12:46:33.989521,4,"stress_label",5,16,0.125,0.511627906976744,0.401162790697674,NA,5,"top5","eeg_fm_lbeta_power_precond;eeg_fm_specent_precond;eeg_tleft_lbeta_power_precond;eeg_faa_precond;eeg_tleft_lalpha_power_precond"
2025-12-19 12:46:34.147214,4,"stress_label",5,32,0.125,0.465116279069767,0.424418604651163,NA,5,"top5","eeg_fm_lbeta_power_precond;eeg_fm_specent_precond;eeg_tleft_lbeta_power_precond;eeg_faa_precond;eeg_tleft_lalpha_power_precond"
2025-12-19 12:46:34.34911,4,"stress_label",5,64,0.125,0.453488372093023,0.47093023255814,NA,5,"top5","eeg_fm_lbeta_power_precond;eeg_fm_specent_precond;eeg_tleft_lbeta_power_precond;eeg_faa_precond;eeg_tleft_lalpha_power_precond"
2025-12-19 12:46:34.509204,4,"stress_label",5,128,0.125,0.465116279069767,0.523255813953488,NA,5,"top5","eeg_fm_lbeta_power_precond;eeg_fm_specent_precond;eeg_tleft_lbeta_power_precond;eeg_faa_precond;eeg_tleft_lalpha_power_precond"
2025-12-19 12:46:34.965579,4,"stress_label",5,256,0.125,0.447674418604651,0.494186046511628,NA,5,"top5","eeg_fm_lbeta_power_precond;eeg_fm_specent_precond;eeg_tleft_lbeta_power_precond;eeg_faa_precond;eeg_tleft_lalpha_power_precond"
2025-12-19 12:46:34.057667,4,"stress_label",5,2,0.03,0.488372093023256,0.447674418604651,NA,5,"top5","eeg_fm_lbeta_power_precond;eeg_fm_specent_precond;eeg_tleft_lbeta_power_precond;eeg_faa_precond;eeg_tleft_lalpha_power_precond"
2025-12-19 12:46:34.233763,4,"stress_label",5,4,0.03,0.511627906976744,0.436046511627907,NA,5,"top5","eeg_fm_lbeta_power_precond;eeg_fm_specent_precond;eeg_tleft_lbeta_power_precond;eeg_faa_precond;eeg_tleft_lalpha_power_precond"
2025-12-19 12:46:34.776111,4,"stress_label",5,8,0.03,0.517441860465116,0.453488372093023,NA,5,"top5","eeg_fm_lbeta_power_precond;eeg_fm_specent_precond;eeg_tleft_lbeta_power_precond;eeg_faa_precond;eeg_tleft_lalpha_power_precond"
2025-12-19 12:46:34.971478,4,"stress_label",5,16,0.03,0.523255813953488,0.38953488372093,NA,5,"top5","eeg_fm_lbeta_power_precond;eeg_fm_specent_precond;eeg_tleft_lbeta_power_precond;eeg_faa_precond;eeg_tleft_lalpha_power_precond"
2025-12-19 12:46:34.988882,4,"stress_label",5,32,0.03,0.558139534883721,0.5,NA,5,"top5","eeg_fm_lbeta_power_precond;eeg_fm_specent_precond;eeg_tleft_lbeta_power_precond;eeg_faa_precond;eeg_tleft_lalpha_power_precond"
2025-12-19 12:46:35.052703,4,"stress_label",5,64,0.03,0.563953488372093,0.488372093023256,NA,5,"top5","eeg_fm_lbeta_power_precond;eeg_fm_specent_precond;eeg_tleft_lbeta_power_precond;eeg_faa_precond;eeg_tleft_lalpha_power_precond"
2025-12-19 12:46:35.236791,4,"stress_label",5,128,0.03,0.563953488372093,0.459302325581395,NA,5,"top5","eeg_fm_lbeta_power_precond;eeg_fm_specent_precond;eeg_tleft_lbeta_power_precond;eeg_faa_precond;eeg_tleft_lalpha_power_precond"
2025-12-19 12:46:35.424076,4,"stress_label",5,256,0.03,0.558139534883721,0.459302325581395,NA,5,"top5","eeg_fm_lbeta_power_precond;eeg_fm_specent_precond;eeg_tleft_lbeta_power_precond;eeg_faa_precond;eeg_tleft_lalpha_power_precond"
2025-12-19 12:46:35.16832,4,"stress_label",5,2,0.06,0.494186046511628,0.348837209302326,NA,5,"top5","eeg_fm_lbeta_power_precond;eeg_fm_specent_precond;eeg_tleft_lbeta_power_precond;eeg_faa_precond;eeg_tleft_lalpha_power_precond"
2025-12-19 12:46:35.196555,4,"stress_label",5,4,0.06,0.5,0.482558139534884,NA,5,"top5","eeg_fm_lbeta_power_precond;eeg_fm_specent_precond;eeg_tleft_lbeta_power_precond;eeg_faa_precond;eeg_tleft_lalpha_power_precond"
2025-12-19 12:46:35.215757,4,"stress_label",5,8,0.06,0.534883720930233,0.546511627906977,NA,5,"top5","eeg_fm_lbeta_power_precond;eeg_fm_specent_precond;eeg_tleft_lbeta_power_precond;eeg_faa_precond;eeg_tleft_lalpha_power_precond"
2025-12-19 12:46:35.345068,4,"stress_label",5,16,0.06,0.511627906976744,0.511627906976744,NA,5,"top5","eeg_fm_lbeta_power_precond;eeg_fm_specent_precond;eeg_tleft_lbeta_power_precond;eeg_faa_precond;eeg_tleft_lalpha_power_precond"
2025-12-19 12:46:35.478352,4,"stress_label",5,32,0.06,0.552325581395349,0.511627906976744,NA,5,"top5","eeg_fm_lbeta_power_precond;eeg_fm_specent_precond;eeg_tleft_lbeta_power_precond;eeg_faa_precond;eeg_tleft_lalpha_power_precond"
2025-12-19 12:46:35.675971,4,"stress_label",5,64,0.06,0.540697674418605,0.406976744186047,NA,5,"top5","eeg_fm_lbeta_power_precond;eeg_fm_specent_precond;eeg_tleft_lbeta_power_precond;eeg_faa_precond;eeg_tleft_lalpha_power_precond"
2025-12-19 12:46:35.905241,4,"stress_label",5,128,0.06,0.505813953488372,0.331395348837209,NA,5,"top5","eeg_fm_lbeta_power_precond;eeg_fm_specent_precond;eeg_tleft_lbeta_power_precond;eeg_faa_precond;eeg_tleft_lalpha_power_precond"
2025-12-19 12:46:36.289914,4,"stress_label",5,256,0.06,0.47093023255814,0.505813953488372,NA,5,"top5","eeg_fm_lbeta_power_precond;eeg_fm_specent_precond;eeg_tleft_lbeta_power_precond;eeg_faa_precond;eeg_tleft_lalpha_power_precond"
2025-12-19 12:46:35.955634,4,"stress_label",5,2,0.1,0.5,0.523255813953488,NA,5,"top5","eeg_fm_lbeta_power_precond;eeg_fm_specent_precond;eeg_tleft_lbeta_power_precond;eeg_faa_precond;eeg_tleft_lalpha_power_precond"
2025-12-19 12:46:35.944106,4,"stress_label",5,4,0.1,0.552325581395349,0.47093023255814,NA,5,"top5","eeg_fm_lbeta_power_precond;eeg_fm_specent_precond;eeg_tleft_lbeta_power_precond;eeg_faa_precond;eeg_tleft_lalpha_power_precond"
2025-12-19 12:46:35.964308,4,"stress_label",5,8,0.1,0.540697674418605,0.459302325581395,NA,5,"top5","eeg_fm_lbeta_power_precond;eeg_fm_specent_precond;eeg_tleft_lbeta_power_precond;eeg_faa_precond;eeg_tleft_lalpha_power_precond"
2025-12-19 12:46:36.10232,4,"stress_label",5,16,0.1,0.523255813953488,0.447674418604651,NA,5,"top5","eeg_fm_lbeta_power_precond;eeg_fm_specent_precond;eeg_tleft_lbeta_power_precond;eeg_faa_precond;eeg_tleft_lalpha_power_precond"
2025-12-19 12:46:36.192753,4,"stress_label",5,32,0.1,0.505813953488372,0.325581395348837,NA,5,"top5","eeg_fm_lbeta_power_precond;eeg_fm_specent_precond;eeg_tleft_lbeta_power_precond;eeg_faa_precond;eeg_tleft_lalpha_power_precond"
2025-12-19 12:46:36.302601,4,"stress_label",5,64,0.1,0.465116279069767,0.412790697674419,NA,5,"top5","eeg_fm_lbeta_power_precond;eeg_fm_specent_precond;eeg_tleft_lbeta_power_precond;eeg_faa_precond;eeg_tleft_lalpha_power_precond"
2025-12-19 12:46:36.436415,4,"stress_label",5,128,0.1,0.441860465116279,0.430232558139535,NA,5,"top5","eeg_fm_lbeta_power_precond;eeg_fm_specent_precond;eeg_tleft_lbeta_power_precond;eeg_faa_precond;eeg_tleft_lalpha_power_precond"
2025-12-19 12:46:36.690462,4,"stress_label",5,256,0.1,0.476744186046512,0.529069767441861,NA,5,"top5","eeg_fm_lbeta_power_precond;eeg_fm_specent_precond;eeg_tleft_lbeta_power_precond;eeg_faa_precond;eeg_tleft_lalpha_power_precond"
2025-12-19 12:46:37.901559,5,"stress_label",5,2,0.0078125,0.482558139534884,0.465116279069767,0.507751937984496,5,"top5","eeg_fm_lbeta_power_precond;eeg_fm_specent_precond;eeg_tleft_lbeta_power_precond;eeg_fr_theta_power_precond;eeg_faa_precond"
2025-12-19 12:46:37.897933,5,"stress_label",5,4,0.0078125,0.476744186046512,0.412790697674419,0.482170542635659,5,"top5","eeg_fm_lbeta_power_precond;eeg_fm_specent_precond;eeg_tleft_lbeta_power_precond;eeg_fr_theta_power_precond;eeg_faa_precond"
2025-12-19 12:46:37.921676,5,"stress_label",5,8,0.0078125,0.482558139534884,0.395348837209302,0.458139534883721,5,"top5","eeg_fm_lbeta_power_precond;eeg_fm_specent_precond;eeg_tleft_lbeta_power_precond;eeg_fr_theta_power_precond;eeg_faa_precond"
2025-12-19 12:46:37.878982,5,"stress_label",5,16,0.0078125,0.476744186046512,0.406976744186047,0.452713178294574,5,"top5","eeg_fm_lbeta_power_precond;eeg_fm_specent_precond;eeg_tleft_lbeta_power_precond;eeg_fr_theta_power_precond;eeg_faa_precond"
2025-12-19 12:46:37.924712,5,"stress_label",5,32,0.0078125,0.488372093023256,0.401162790697674,0.448837209302326,5,"top5","eeg_fm_lbeta_power_precond;eeg_fm_specent_precond;eeg_tleft_lbeta_power_precond;eeg_fr_theta_power_precond;eeg_faa_precond"
2025-12-19 12:46:37.914202,5,"stress_label",5,64,0.0078125,0.441860465116279,0.494186046511628,0.389922480620155,5,"top5","eeg_fm_lbeta_power_precond;eeg_fm_specent_precond;eeg_tleft_lbeta_power_precond;eeg_fr_theta_power_precond;eeg_faa_precond"
2025-12-19 12:46:37.987395,5,"stress_label",5,128,0.0078125,0.482558139534884,0.406976744186047,NA,5,"top5","eeg_fm_lbeta_power_precond;eeg_fm_specent_precond;eeg_tleft_lbeta_power_precond;eeg_fr_theta_power_precond;eeg_faa_precond"
2025-12-19 12:46:38.103053,5,"stress_label",5,256,0.0078125,0.534883720930233,0.319767441860465,NA,5,"top5","eeg_fm_lbeta_power_precond;eeg_fm_specent_precond;eeg_tleft_lbeta_power_precond;eeg_fr_theta_power_precond;eeg_faa_precond"
2025-12-19 12:46:37.897051,5,"stress_label",5,2,0.015625,0.47093023255814,0.38953488372093,0.476744186046512,5,"top5","eeg_fm_lbeta_power_precond;eeg_fm_specent_precond;eeg_tleft_lbeta_power_precond;eeg_fr_theta_power_precond;eeg_faa_precond"
2025-12-19 12:46:37.914908,5,"stress_label",5,4,0.015625,0.488372093023256,0.372093023255814,0.462015503875969,5,"top5","eeg_fm_lbeta_power_precond;eeg_fm_specent_precond;eeg_tleft_lbeta_power_precond;eeg_fr_theta_power_precond;eeg_faa_precond"
2025-12-19 12:46:37.918934,5,"stress_label",5,8,0.015625,0.488372093023256,0.395348837209302,0.456589147286822,5,"top5","eeg_fm_lbeta_power_precond;eeg_fm_specent_precond;eeg_tleft_lbeta_power_precond;eeg_fr_theta_power_precond;eeg_faa_precond"
2025-12-19 12:46:37.916333,5,"stress_label",5,16,0.015625,0.459302325581395,0.436046511627907,0.413178294573643,5,"top5","eeg_fm_lbeta_power_precond;eeg_fm_specent_precond;eeg_tleft_lbeta_power_precond;eeg_fr_theta_power_precond;eeg_faa_precond"
2025-12-19 12:46:37.949653,5,"stress_label",5,32,0.015625,0.482558139534884,0.424418604651163,NA,5,"top5","eeg_fm_lbeta_power_precond;eeg_fm_specent_precond;eeg_tleft_lbeta_power_precond;eeg_fr_theta_power_precond;eeg_faa_precond"
2025-12-19 12:46:38.020134,5,"stress_label",5,64,0.015625,0.529069767441861,0.406976744186047,NA,5,"top5","eeg_fm_lbeta_power_precond;eeg_fm_specent_precond;eeg_tleft_lbeta_power_precond;eeg_fr_theta_power_precond;eeg_faa_precond"
2025-12-19 12:46:39.083604,5,"stress_label",5,128,0.015625,0.569767441860465,0.383720930232558,NA,5,"top5","eeg_fm_lbeta_power_precond;eeg_fm_specent_precond;eeg_tleft_lbeta_power_precond;eeg_fr_theta_power_precond;eeg_faa_precond"
2025-12-19 12:46:39.205993,5,"stress_label",5,256,0.015625,0.563953488372093,0.395348837209302,NA,5,"top5","eeg_fm_lbeta_power_precond;eeg_fm_specent_precond;eeg_tleft_lbeta_power_precond;eeg_fr_theta_power_precond;eeg_faa_precond"
2025-12-19 12:46:38.968085,5,"stress_label",5,2,0.03125,0.47093023255814,0.447674418604651,0.436434108527132,5,"top5","eeg_fm_lbeta_power_precond;eeg_fm_specent_precond;eeg_tleft_lbeta_power_precond;eeg_fr_theta_power_precond;eeg_faa_precond"
2025-12-19 12:46:38.972276,5,"stress_label",5,4,0.03125,0.488372093023256,0.424418604651163,0.441085271317829,5,"top5","eeg_fm_lbeta_power_precond;eeg_fm_specent_precond;eeg_tleft_lbeta_power_precond;eeg_fr_theta_power_precond;eeg_faa_precond"
2025-12-19 12:46:38.976002,5,"stress_label",5,8,0.03125,0.459302325581395,0.372093023255814,0.389922480620155,5,"top5","eeg_fm_lbeta_power_precond;eeg_fm_specent_precond;eeg_tleft_lbeta_power_precond;eeg_fr_theta_power_precond;eeg_faa_precond"
2025-12-19 12:46:39.027074,5,"stress_label",5,16,0.03125,0.534883720930233,0.325581395348837,NA,5,"top5","eeg_fm_lbeta_power_precond;eeg_fm_specent_precond;eeg_tleft_lbeta_power_precond;eeg_fr_theta_power_precond;eeg_faa_precond"
2025-12-19 12:46:39.021338,5,"stress_label",5,32,0.03125,0.569767441860465,0.296511627906977,NA,5,"top5","eeg_fm_lbeta_power_precond;eeg_fm_specent_precond;eeg_tleft_lbeta_power_precond;eeg_fr_theta_power_precond;eeg_faa_precond"
2025-12-19 12:46:39.098778,5,"stress_label",5,64,0.03125,0.563953488372093,0.395348837209302,NA,5,"top5","eeg_fm_lbeta_power_precond;eeg_fm_specent_precond;eeg_tleft_lbeta_power_precond;eeg_fr_theta_power_precond;eeg_faa_precond"
2025-12-19 12:46:39.268927,5,"stress_label",5,128,0.03125,0.546511627906977,0.372093023255814,NA,5,"top5","eeg_fm_lbeta_power_precond;eeg_fm_specent_precond;eeg_tleft_lbeta_power_precond;eeg_fr_theta_power_precond;eeg_faa_precond"
2025-12-19 12:46:39.43842,5,"stress_label",5,256,0.03125,0.563953488372093,0.267441860465116,NA,5,"top5","eeg_fm_lbeta_power_precond;eeg_fm_specent_precond;eeg_tleft_lbeta_power_precond;eeg_fr_theta_power_precond;eeg_faa_precond"
2025-12-19 12:46:39.044631,5,"stress_label",5,2,0.0625,0.511627906976744,0.476744186046512,NA,5,"top5","eeg_fm_lbeta_power_precond;eeg_fm_specent_precond;eeg_tleft_lbeta_power_precond;eeg_fr_theta_power_precond;eeg_faa_precond"
2025-12-19 12:46:39.086463,5,"stress_label",5,4,0.0625,0.534883720930233,0.383720930232558,NA,5,"top5","eeg_fm_lbeta_power_precond;eeg_fm_specent_precond;eeg_tleft_lbeta_power_precond;eeg_fr_theta_power_precond;eeg_faa_precond"
2025-12-19 12:46:39.138905,5,"stress_label",5,8,0.0625,0.563953488372093,0.319767441860465,NA,5,"top5","eeg_fm_lbeta_power_precond;eeg_fm_specent_precond;eeg_tleft_lbeta_power_precond;eeg_fr_theta_power_precond;eeg_faa_precond"
2025-12-19 12:46:39.210325,5,"stress_label",5,16,0.0625,0.552325581395349,0.36046511627907,NA,5,"top5","eeg_fm_lbeta_power_precond;eeg_fm_specent_precond;eeg_tleft_lbeta_power_precond;eeg_fr_theta_power_precond;eeg_faa_precond"
2025-12-19 12:46:40.112931,5,"stress_label",5,32,0.0625,0.552325581395349,0.412790697674419,NA,5,"top5","eeg_fm_lbeta_power_precond;eeg_fm_specent_precond;eeg_tleft_lbeta_power_precond;eeg_fr_theta_power_precond;eeg_faa_precond"
2025-12-19 12:46:40.20143,5,"stress_label",5,64,0.0625,0.558139534883721,0.366279069767442,NA,5,"top5","eeg_fm_lbeta_power_precond;eeg_fm_specent_precond;eeg_tleft_lbeta_power_precond;eeg_fr_theta_power_precond;eeg_faa_precond"
2025-12-19 12:46:40.453257,5,"stress_label",5,128,0.0625,0.523255813953488,0.441860465116279,NA,5,"top5","eeg_fm_lbeta_power_precond;eeg_fm_specent_precond;eeg_tleft_lbeta_power_precond;eeg_fr_theta_power_precond;eeg_faa_precond"
2025-12-19 12:46:40.834031,5,"stress_label",5,256,0.0625,0.540697674418605,0.372093023255814,NA,5,"top5","eeg_fm_lbeta_power_precond;eeg_fm_specent_precond;eeg_tleft_lbeta_power_precond;eeg_fr_theta_power_precond;eeg_faa_precond"
2025-12-19 12:46:40.102327,5,"stress_label",5,2,0.125,0.575581395348837,0.38953488372093,NA,5,"top5","eeg_fm_lbeta_power_precond;eeg_fm_specent_precond;eeg_tleft_lbeta_power_precond;eeg_fr_theta_power_precond;eeg_faa_precond"
2025-12-19 12:46:40.136249,5,"stress_label",5,4,0.125,0.540697674418605,0.424418604651163,NA,5,"top5","eeg_fm_lbeta_power_precond;eeg_fm_specent_precond;eeg_tleft_lbeta_power_precond;eeg_fr_theta_power_precond;eeg_faa_precond"
2025-12-19 12:46:40.188163,5,"stress_label",5,8,0.125,0.587209302325581,0.406976744186047,NA,5,"top5","eeg_fm_lbeta_power_precond;eeg_fm_specent_precond;eeg_tleft_lbeta_power_precond;eeg_fr_theta_power_precond;eeg_faa_precond"
2025-12-19 12:46:40.229081,5,"stress_label",5,16,0.125,0.593023255813954,0.511627906976744,NA,5,"top5","eeg_fm_lbeta_power_precond;eeg_fm_specent_precond;eeg_tleft_lbeta_power_precond;eeg_fr_theta_power_precond;eeg_faa_precond"
2025-12-19 12:46:40.32824,5,"stress_label",5,32,0.125,0.552325581395349,0.534883720930233,NA,5,"top5","eeg_fm_lbeta_power_precond;eeg_fm_specent_precond;eeg_tleft_lbeta_power_precond;eeg_fr_theta_power_precond;eeg_faa_precond"
2025-12-19 12:46:40.531611,5,"stress_label",5,64,0.125,0.511627906976744,0.5,NA,5,"top5","eeg_fm_lbeta_power_precond;eeg_fm_specent_precond;eeg_tleft_lbeta_power_precond;eeg_fr_theta_power_precond;eeg_faa_precond"
2025-12-19 12:46:40.810095,5,"stress_label",5,128,0.125,0.505813953488372,0.38953488372093,NA,5,"top5","eeg_fm_lbeta_power_precond;eeg_fm_specent_precond;eeg_tleft_lbeta_power_precond;eeg_fr_theta_power_precond;eeg_faa_precond"
2025-12-19 12:46:41.281008,5,"stress_label",5,256,0.125,0.523255813953488,0.476744186046512,NA,5,"top5","eeg_fm_lbeta_power_precond;eeg_fm_specent_precond;eeg_tleft_lbeta_power_precond;eeg_fr_theta_power_precond;eeg_faa_precond"
2025-12-19 12:46:40.289083,5,"stress_label",5,2,0.03,0.482558139534884,0.418604651162791,0.451937984496124,5,"top5","eeg_fm_lbeta_power_precond;eeg_fm_specent_precond;eeg_tleft_lbeta_power_precond;eeg_fr_theta_power_precond;eeg_faa_precond"
2025-12-19 12:46:40.460955,5,"stress_label",5,4,0.03,0.488372093023256,0.436046511627907,0.444961240310077,5,"top5","eeg_fm_lbeta_power_precond;eeg_fm_specent_precond;eeg_tleft_lbeta_power_precond;eeg_fr_theta_power_precond;eeg_faa_precond"
2025-12-19 12:46:41.112602,5,"stress_label",5,8,0.03,0.47093023255814,0.459302325581395,0.403875968992248,5,"top5","eeg_fm_lbeta_power_precond;eeg_fm_specent_precond;eeg_tleft_lbeta_power_precond;eeg_fr_theta_power_precond;eeg_faa_precond"
2025-12-19 12:46:41.200162,5,"stress_label",5,16,0.03,0.534883720930233,0.465116279069767,NA,5,"top5","eeg_fm_lbeta_power_precond;eeg_fm_specent_precond;eeg_tleft_lbeta_power_precond;eeg_fr_theta_power_precond;eeg_faa_precond"
2025-12-19 12:46:41.258266,5,"stress_label",5,32,0.03,0.563953488372093,0.331395348837209,NA,5,"top5","eeg_fm_lbeta_power_precond;eeg_fm_specent_precond;eeg_tleft_lbeta_power_precond;eeg_fr_theta_power_precond;eeg_faa_precond"
2025-12-19 12:46:41.344388,5,"stress_label",5,64,0.03,0.563953488372093,0.377906976744186,NA,5,"top5","eeg_fm_lbeta_power_precond;eeg_fm_specent_precond;eeg_tleft_lbeta_power_precond;eeg_fr_theta_power_precond;eeg_faa_precond"
2025-12-19 12:46:41.452696,5,"stress_label",5,128,0.03,0.540697674418605,0.337209302325581,NA,5,"top5","eeg_fm_lbeta_power_precond;eeg_fm_specent_precond;eeg_tleft_lbeta_power_precond;eeg_fr_theta_power_precond;eeg_faa_precond"
2025-12-19 12:46:41.713202,5,"stress_label",5,256,0.03,0.563953488372093,0.36046511627907,NA,5,"top5","eeg_fm_lbeta_power_precond;eeg_fm_specent_precond;eeg_tleft_lbeta_power_precond;eeg_fr_theta_power_precond;eeg_faa_precond"
2025-12-19 12:46:41.334209,5,"stress_label",5,2,0.06,0.511627906976744,0.5,0.452713178294574,5,"top5","eeg_fm_lbeta_power_precond;eeg_fm_specent_precond;eeg_tleft_lbeta_power_precond;eeg_fr_theta_power_precond;eeg_faa_precond"
2025-12-19 12:46:41.389094,5,"stress_label",5,4,0.06,0.529069767441861,0.331395348837209,NA,5,"top5","eeg_fm_lbeta_power_precond;eeg_fm_specent_precond;eeg_tleft_lbeta_power_precond;eeg_fr_theta_power_precond;eeg_faa_precond"
2025-12-19 12:46:41.530599,5,"stress_label",5,8,0.06,0.563953488372093,0.354651162790698,NA,5,"top5","eeg_fm_lbeta_power_precond;eeg_fm_specent_precond;eeg_tleft_lbeta_power_precond;eeg_fr_theta_power_precond;eeg_faa_precond"
2025-12-19 12:46:41.56477,5,"stress_label",5,16,0.06,0.563953488372093,0.313953488372093,NA,5,"top5","eeg_fm_lbeta_power_precond;eeg_fm_specent_precond;eeg_tleft_lbeta_power_precond;eeg_fr_theta_power_precond;eeg_faa_precond"
2025-12-19 12:46:41.688085,5,"stress_label",5,32,0.06,0.558139534883721,0.453488372093023,NA,5,"top5","eeg_fm_lbeta_power_precond;eeg_fm_specent_precond;eeg_tleft_lbeta_power_precond;eeg_fr_theta_power_precond;eeg_faa_precond"
2025-12-19 12:46:42.029907,5,"stress_label",5,64,0.06,0.558139534883721,0.436046511627907,NA,5,"top5","eeg_fm_lbeta_power_precond;eeg_fm_specent_precond;eeg_tleft_lbeta_power_precond;eeg_fr_theta_power_precond;eeg_faa_precond"
2025-12-19 12:46:42.228921,5,"stress_label",5,128,0.06,0.505813953488372,0.436046511627907,NA,5,"top5","eeg_fm_lbeta_power_precond;eeg_fm_specent_precond;eeg_tleft_lbeta_power_precond;eeg_fr_theta_power_precond;eeg_faa_precond"
2025-12-19 12:46:42.636943,5,"stress_label",5,256,0.06,0.534883720930233,0.476744186046512,NA,5,"top5","eeg_fm_lbeta_power_precond;eeg_fm_specent_precond;eeg_tleft_lbeta_power_precond;eeg_fr_theta_power_precond;eeg_faa_precond"
2025-12-19 12:46:42.157654,5,"stress_label",5,2,0.1,0.546511627906977,0.377906976744186,NA,5,"top5","eeg_fm_lbeta_power_precond;eeg_fm_specent_precond;eeg_tleft_lbeta_power_precond;eeg_fr_theta_power_precond;eeg_faa_precond"
2025-12-19 12:46:42.249638,5,"stress_label",5,4,0.1,0.563953488372093,0.366279069767442,NA,5,"top5","eeg_fm_lbeta_power_precond;eeg_fm_specent_precond;eeg_tleft_lbeta_power_precond;eeg_fr_theta_power_precond;eeg_faa_precond"
2025-12-19 12:46:42.281771,5,"stress_label",5,8,0.1,0.552325581395349,0.331395348837209,NA,5,"top5","eeg_fm_lbeta_power_precond;eeg_fm_specent_precond;eeg_tleft_lbeta_power_precond;eeg_fr_theta_power_precond;eeg_faa_precond"
2025-12-19 12:46:42.350107,5,"stress_label",5,16,0.1,0.587209302325581,0.482558139534884,NA,5,"top5","eeg_fm_lbeta_power_precond;eeg_fm_specent_precond;eeg_tleft_lbeta_power_precond;eeg_fr_theta_power_precond;eeg_faa_precond"
2025-12-19 12:46:42.394451,5,"stress_label",5,32,0.1,0.569767441860465,0.552325581395349,NA,5,"top5","eeg_fm_lbeta_power_precond;eeg_fm_specent_precond;eeg_tleft_lbeta_power_precond;eeg_fr_theta_power_precond;eeg_faa_precond"
2025-12-19 12:46:42.488095,5,"stress_label",5,64,0.1,0.546511627906977,0.488372093023256,NA,5,"top5","eeg_fm_lbeta_power_precond;eeg_fm_specent_precond;eeg_tleft_lbeta_power_precond;eeg_fr_theta_power_precond;eeg_faa_precond"
2025-12-19 12:46:42.703982,5,"stress_label",5,128,0.1,0.494186046511628,0.459302325581395,NA,5,"top5","eeg_fm_lbeta_power_precond;eeg_fm_specent_precond;eeg_tleft_lbeta_power_precond;eeg_fr_theta_power_precond;eeg_faa_precond"
2025-12-19 12:46:43.057892,5,"stress_label",5,256,0.1,0.5,0.372093023255814,NA,5,"top5","eeg_fm_lbeta_power_precond;eeg_fm_specent_precond;eeg_tleft_lbeta_power_precond;eeg_fr_theta_power_precond;eeg_faa_precond"
2025-12-19 12:46:44.275929,6,"stress_label",5,2,0.0078125,0.5,0.476744186046512,0.475193798449612,5,"top5","eeg_fm_lbeta_power_precond;eeg_fm_specent_precond;eeg_faa_precond;eeg_tleft_lbeta_power_precond;eeg_fl_theta_power_precond"
2025-12-19 12:46:44.286606,6,"stress_label",5,4,0.0078125,0.441860465116279,0.552325581395349,0.407751937984496,5,"top5","eeg_fm_lbeta_power_precond;eeg_fm_specent_precond;eeg_faa_precond;eeg_tleft_lbeta_power_precond;eeg_fl_theta_power_precond"
2025-12-19 12:46:44.285874,6,"stress_label",5,8,0.0078125,0.436046511627907,0.441860465116279,0.402325581395349,5,"top5","eeg_fm_lbeta_power_precond;eeg_fm_specent_precond;eeg_faa_precond;eeg_tleft_lbeta_power_precond;eeg_fl_theta_power_precond"
2025-12-19 12:46:44.27611,6,"stress_label",5,16,0.0078125,0.441860465116279,0.476744186046512,0.401550387596899,5,"top5","eeg_fm_lbeta_power_precond;eeg_fm_specent_precond;eeg_faa_precond;eeg_tleft_lbeta_power_precond;eeg_fl_theta_power_precond"
2025-12-19 12:46:44.27158,6,"stress_label",5,32,0.0078125,0.441860465116279,0.5,0.410852713178295,5,"top5","eeg_fm_lbeta_power_precond;eeg_fm_specent_precond;eeg_faa_precond;eeg_tleft_lbeta_power_precond;eeg_fl_theta_power_precond"
2025-12-19 12:46:44.302925,6,"stress_label",5,64,0.0078125,0.401162790697674,0.511627906976744,0.334883720930233,5,"top5","eeg_fm_lbeta_power_precond;eeg_fm_specent_precond;eeg_faa_precond;eeg_tleft_lbeta_power_precond;eeg_fl_theta_power_precond"
2025-12-19 12:46:44.354318,6,"stress_label",5,128,0.0078125,0.395348837209302,0.465116279069767,NA,5,"top5","eeg_fm_lbeta_power_precond;eeg_fm_specent_precond;eeg_faa_precond;eeg_tleft_lbeta_power_precond;eeg_fl_theta_power_precond"
2025-12-19 12:46:44.50804,6,"stress_label",5,256,0.0078125,0.494186046511628,0.436046511627907,NA,5,"top5","eeg_fm_lbeta_power_precond;eeg_fm_specent_precond;eeg_faa_precond;eeg_tleft_lbeta_power_precond;eeg_fl_theta_power_precond"
2025-12-19 12:46:44.252344,6,"stress_label",5,2,0.015625,0.447674418604651,0.459302325581395,0.406976744186047,5,"top5","eeg_fm_lbeta_power_precond;eeg_fm_specent_precond;eeg_faa_precond;eeg_tleft_lbeta_power_precond;eeg_fl_theta_power_precond"
2025-12-19 12:46:44.265756,6,"stress_label",5,4,0.015625,0.441860465116279,0.459302325581395,0.396124031007752,5,"top5","eeg_fm_lbeta_power_precond;eeg_fm_specent_precond;eeg_faa_precond;eeg_tleft_lbeta_power_precond;eeg_fl_theta_power_precond"
2025-12-19 12:46:44.279378,6,"stress_label",5,8,0.015625,0.453488372093023,0.453488372093023,0.415503875968992,5,"top5","eeg_fm_lbeta_power_precond;eeg_fm_specent_precond;eeg_faa_precond;eeg_tleft_lbeta_power_precond;eeg_fl_theta_power_precond"
2025-12-19 12:46:44.284639,6,"stress_label",5,16,0.015625,0.412790697674419,0.5,0.346511627906977,5,"top5","eeg_fm_lbeta_power_precond;eeg_fm_specent_precond;eeg_faa_precond;eeg_tleft_lbeta_power_precond;eeg_fl_theta_power_precond"
2025-12-19 12:46:44.333621,6,"stress_label",5,32,0.015625,0.401162790697674,0.529069767441861,NA,5,"top5","eeg_fm_lbeta_power_precond;eeg_fm_specent_precond;eeg_faa_precond;eeg_tleft_lbeta_power_precond;eeg_fl_theta_power_precond"
2025-12-19 12:46:44.439994,6,"stress_label",5,64,0.015625,0.482558139534884,0.401162790697674,NA,5,"top5","eeg_fm_lbeta_power_precond;eeg_fm_specent_precond;eeg_faa_precond;eeg_tleft_lbeta_power_precond;eeg_fl_theta_power_precond"
2025-12-19 12:46:45.761116,6,"stress_label",5,128,0.015625,0.523255813953488,0.36046511627907,NA,5,"top5","eeg_fm_lbeta_power_precond;eeg_fm_specent_precond;eeg_faa_precond;eeg_tleft_lbeta_power_precond;eeg_fl_theta_power_precond"
2025-12-19 12:46:45.799454,6,"stress_label",5,256,0.015625,0.517441860465116,0.476744186046512,NA,5,"top5","eeg_fm_lbeta_power_precond;eeg_fm_specent_precond;eeg_faa_precond;eeg_tleft_lbeta_power_precond;eeg_fl_theta_power_precond"
2025-12-19 12:46:45.516658,6,"stress_label",5,2,0.03125,0.447674418604651,0.552325581395349,0.393023255813953,5,"top5","eeg_fm_lbeta_power_precond;eeg_fm_specent_precond;eeg_faa_precond;eeg_tleft_lbeta_power_precond;eeg_fl_theta_power_precond"
2025-12-19 12:46:45.566054,6,"stress_label",5,4,0.03125,0.441860465116279,0.488372093023256,0.373643410852713,5,"top5","eeg_fm_lbeta_power_precond;eeg_fm_specent_precond;eeg_faa_precond;eeg_tleft_lbeta_power_precond;eeg_fl_theta_power_precond"
2025-12-19 12:46:45.591201,6,"stress_label",5,8,0.03125,0.418604651162791,0.517441860465116,NA,5,"top5","eeg_fm_lbeta_power_precond;eeg_fm_specent_precond;eeg_faa_precond;eeg_tleft_lbeta_power_precond;eeg_fl_theta_power_precond"
2025-12-19 12:46:45.617388,6,"stress_label",5,16,0.03125,0.453488372093023,0.465116279069767,NA,5,"top5","eeg_fm_lbeta_power_precond;eeg_fm_specent_precond;eeg_faa_precond;eeg_tleft_lbeta_power_precond;eeg_fl_theta_power_precond"
2025-12-19 12:46:45.599237,6,"stress_label",5,32,0.03125,0.511627906976744,0.418604651162791,NA,5,"top5","eeg_fm_lbeta_power_precond;eeg_fm_specent_precond;eeg_faa_precond;eeg_tleft_lbeta_power_precond;eeg_fl_theta_power_precond"
2025-12-19 12:46:45.609779,6,"stress_label",5,64,0.03125,0.517441860465116,0.430232558139535,NA,5,"top5","eeg_fm_lbeta_power_precond;eeg_fm_specent_precond;eeg_faa_precond;eeg_tleft_lbeta_power_precond;eeg_fl_theta_power_precond"
2025-12-19 12:46:45.819415,6,"stress_label",5,128,0.03125,0.534883720930233,0.424418604651163,NA,5,"top5","eeg_fm_lbeta_power_precond;eeg_fm_specent_precond;eeg_faa_precond;eeg_tleft_lbeta_power_precond;eeg_fl_theta_power_precond"
2025-12-19 12:46:46.071258,6,"stress_label",5,256,0.03125,0.546511627906977,0.366279069767442,NA,5,"top5","eeg_fm_lbeta_power_precond;eeg_fm_specent_precond;eeg_faa_precond;eeg_tleft_lbeta_power_precond;eeg_fl_theta_power_precond"
2025-12-19 12:46:45.711457,6,"stress_label",5,2,0.0625,0.436046511627907,0.482558139534884,0.337209302325581,5,"top5","eeg_fm_lbeta_power_precond;eeg_fm_specent_precond;eeg_faa_precond;eeg_tleft_lbeta_power_precond;eeg_fl_theta_power_precond"
2025-12-19 12:46:45.593062,6,"stress_label",5,4,0.0625,0.436046511627907,0.447674418604651,NA,5,"top5","eeg_fm_lbeta_power_precond;eeg_fm_specent_precond;eeg_faa_precond;eeg_tleft_lbeta_power_precond;eeg_fl_theta_power_precond"
2025-12-19 12:46:45.826124,6,"stress_label",5,8,0.0625,0.465116279069767,0.36046511627907,NA,5,"top5","eeg_fm_lbeta_power_precond;eeg_fm_specent_precond;eeg_faa_precond;eeg_tleft_lbeta_power_precond;eeg_fl_theta_power_precond"
2025-12-19 12:46:45.941592,6,"stress_label",5,16,0.0625,0.540697674418605,0.343023255813953,NA,5,"top5","eeg_fm_lbeta_power_precond;eeg_fm_specent_precond;eeg_faa_precond;eeg_tleft_lbeta_power_precond;eeg_fl_theta_power_precond"
2025-12-19 12:46:46.898453,6,"stress_label",5,32,0.0625,0.558139534883721,0.354651162790698,NA,5,"top5","eeg_fm_lbeta_power_precond;eeg_fm_specent_precond;eeg_faa_precond;eeg_tleft_lbeta_power_precond;eeg_fl_theta_power_precond"
2025-12-19 12:46:47.010577,6,"stress_label",5,64,0.0625,0.529069767441861,0.476744186046512,NA,5,"top5","eeg_fm_lbeta_power_precond;eeg_fm_specent_precond;eeg_faa_precond;eeg_tleft_lbeta_power_precond;eeg_fl_theta_power_precond"
2025-12-19 12:46:47.132836,6,"stress_label",5,128,0.0625,0.517441860465116,0.47093023255814,NA,5,"top5","eeg_fm_lbeta_power_precond;eeg_fm_specent_precond;eeg_faa_precond;eeg_tleft_lbeta_power_precond;eeg_fl_theta_power_precond"
2025-12-19 12:46:47.584514,6,"stress_label",5,256,0.0625,0.529069767441861,0.430232558139535,NA,5,"top5","eeg_fm_lbeta_power_precond;eeg_fm_specent_precond;eeg_faa_precond;eeg_tleft_lbeta_power_precond;eeg_fl_theta_power_precond"
2025-12-19 12:46:46.744355,6,"stress_label",5,2,0.125,0.482558139534884,0.447674418604651,NA,5,"top5","eeg_fm_lbeta_power_precond;eeg_fm_specent_precond;eeg_faa_precond;eeg_tleft_lbeta_power_precond;eeg_fl_theta_power_precond"
2025-12-19 12:46:46.810105,6,"stress_label",5,4,0.125,0.534883720930233,0.366279069767442,NA,5,"top5","eeg_fm_lbeta_power_precond;eeg_fm_specent_precond;eeg_faa_precond;eeg_tleft_lbeta_power_precond;eeg_fl_theta_power_precond"
2025-12-19 12:46:46.822873,6,"stress_label",5,8,0.125,0.534883720930233,0.465116279069767,NA,5,"top5","eeg_fm_lbeta_power_precond;eeg_fm_specent_precond;eeg_faa_precond;eeg_tleft_lbeta_power_precond;eeg_fl_theta_power_precond"
2025-12-19 12:46:46.958818,6,"stress_label",5,16,0.125,0.563953488372093,0.459302325581395,NA,5,"top5","eeg_fm_lbeta_power_precond;eeg_fm_specent_precond;eeg_faa_precond;eeg_tleft_lbeta_power_precond;eeg_fl_theta_power_precond"
2025-12-19 12:46:47.137074,6,"stress_label",5,32,0.125,0.546511627906977,0.505813953488372,NA,5,"top5","eeg_fm_lbeta_power_precond;eeg_fm_specent_precond;eeg_faa_precond;eeg_tleft_lbeta_power_precond;eeg_fl_theta_power_precond"
2025-12-19 12:46:47.298048,6,"stress_label",5,64,0.125,0.529069767441861,0.447674418604651,NA,5,"top5","eeg_fm_lbeta_power_precond;eeg_fm_specent_precond;eeg_faa_precond;eeg_tleft_lbeta_power_precond;eeg_fl_theta_power_precond"
2025-12-19 12:46:47.57612,6,"stress_label",5,128,0.125,0.5,0.488372093023256,NA,5,"top5","eeg_fm_lbeta_power_precond;eeg_fm_specent_precond;eeg_faa_precond;eeg_tleft_lbeta_power_precond;eeg_fl_theta_power_precond"
2025-12-19 12:46:48.102728,6,"stress_label",5,256,0.125,0.534883720930233,0.372093023255814,NA,5,"top5","eeg_fm_lbeta_power_precond;eeg_fm_specent_precond;eeg_faa_precond;eeg_tleft_lbeta_power_precond;eeg_fl_theta_power_precond"
2025-12-19 12:46:47.016886,6,"stress_label",5,2,0.03,0.447674418604651,0.418604651162791,0.393023255813953,5,"top5","eeg_fm_lbeta_power_precond;eeg_fm_specent_precond;eeg_faa_precond;eeg_tleft_lbeta_power_precond;eeg_fl_theta_power_precond"
2025-12-19 12:46:47.187046,6,"stress_label",5,4,0.03,0.441860465116279,0.523255813953488,0.373643410852713,5,"top5","eeg_fm_lbeta_power_precond;eeg_fm_specent_precond;eeg_faa_precond;eeg_tleft_lbeta_power_precond;eeg_fl_theta_power_precond"
2025-12-19 12:46:47.90399,6,"stress_label",5,8,0.03,0.418604651162791,0.540697674418605,NA,5,"top5","eeg_fm_lbeta_power_precond;eeg_fm_specent_precond;eeg_faa_precond;eeg_tleft_lbeta_power_precond;eeg_fl_theta_power_precond"
2025-12-19 12:46:48.006776,6,"stress_label",5,16,0.03,0.453488372093023,0.459302325581395,NA,5,"top5","eeg_fm_lbeta_power_precond;eeg_fm_specent_precond;eeg_faa_precond;eeg_tleft_lbeta_power_precond;eeg_fl_theta_power_precond"
2025-12-19 12:46:48.294638,6,"stress_label",5,32,0.03,0.511627906976744,0.401162790697674,NA,5,"top5","eeg_fm_lbeta_power_precond;eeg_fm_specent_precond;eeg_faa_precond;eeg_tleft_lbeta_power_precond;eeg_fl_theta_power_precond"
2025-12-19 12:46:48.226725,6,"stress_label",5,64,0.03,0.529069767441861,0.354651162790698,NA,5,"top5","eeg_fm_lbeta_power_precond;eeg_fm_specent_precond;eeg_faa_precond;eeg_tleft_lbeta_power_precond;eeg_fl_theta_power_precond"
2025-12-19 12:46:48.343733,6,"stress_label",5,128,0.03,0.529069767441861,0.459302325581395,NA,5,"top5","eeg_fm_lbeta_power_precond;eeg_fm_specent_precond;eeg_faa_precond;eeg_tleft_lbeta_power_precond;eeg_fl_theta_power_precond"
2025-12-19 12:46:48.653695,6,"stress_label",5,256,0.03,0.529069767441861,0.377906976744186,NA,5,"top5","eeg_fm_lbeta_power_precond;eeg_fm_specent_precond;eeg_faa_precond;eeg_tleft_lbeta_power_precond;eeg_fl_theta_power_precond"
2025-12-19 12:46:48.2306,6,"stress_label",5,2,0.06,0.441860465116279,0.459302325581395,0.348837209302326,5,"top5","eeg_fm_lbeta_power_precond;eeg_fm_specent_precond;eeg_faa_precond;eeg_tleft_lbeta_power_precond;eeg_fl_theta_power_precond"
2025-12-19 12:46:48.299487,6,"stress_label",5,4,0.06,0.430232558139535,0.424418604651163,NA,5,"top5","eeg_fm_lbeta_power_precond;eeg_fm_specent_precond;eeg_faa_precond;eeg_tleft_lbeta_power_precond;eeg_fl_theta_power_precond"
2025-12-19 12:46:48.316276,6,"stress_label",5,8,0.06,0.465116279069767,0.459302325581395,NA,5,"top5","eeg_fm_lbeta_power_precond;eeg_fm_specent_precond;eeg_faa_precond;eeg_tleft_lbeta_power_precond;eeg_fl_theta_power_precond"
2025-12-19 12:46:48.5163,6,"stress_label",5,16,0.06,0.546511627906977,0.348837209302326,NA,5,"top5","eeg_fm_lbeta_power_precond;eeg_fm_specent_precond;eeg_faa_precond;eeg_tleft_lbeta_power_precond;eeg_fl_theta_power_precond"
2025-12-19 12:46:48.559097,6,"stress_label",5,32,0.06,0.558139534883721,0.406976744186047,NA,5,"top5","eeg_fm_lbeta_power_precond;eeg_fm_specent_precond;eeg_faa_precond;eeg_tleft_lbeta_power_precond;eeg_fl_theta_power_precond"
2025-12-19 12:46:48.962242,6,"stress_label",5,64,0.06,0.534883720930233,0.505813953488372,NA,5,"top5","eeg_fm_lbeta_power_precond;eeg_fm_specent_precond;eeg_faa_precond;eeg_tleft_lbeta_power_precond;eeg_fl_theta_power_precond"
2025-12-19 12:46:49.184232,6,"stress_label",5,128,0.06,0.534883720930233,0.459302325581395,NA,5,"top5","eeg_fm_lbeta_power_precond;eeg_fm_specent_precond;eeg_faa_precond;eeg_tleft_lbeta_power_precond;eeg_fl_theta_power_precond"
2025-12-19 12:46:49.501894,6,"stress_label",5,256,0.06,0.529069767441861,0.47093023255814,NA,5,"top5","eeg_fm_lbeta_power_precond;eeg_fm_specent_precond;eeg_faa_precond;eeg_tleft_lbeta_power_precond;eeg_fl_theta_power_precond"
2025-12-19 12:46:49.083655,6,"stress_label",5,2,0.1,0.453488372093023,0.453488372093023,NA,5,"top5","eeg_fm_lbeta_power_precond;eeg_fm_specent_precond;eeg_faa_precond;eeg_tleft_lbeta_power_precond;eeg_fl_theta_power_precond"
2025-12-19 12:46:49.149865,6,"stress_label",5,4,0.1,0.517441860465116,0.372093023255814,NA,5,"top5","eeg_fm_lbeta_power_precond;eeg_fm_specent_precond;eeg_faa_precond;eeg_tleft_lbeta_power_precond;eeg_fl_theta_power_precond"
2025-12-19 12:46:49.298578,6,"stress_label",5,8,0.1,0.558139534883721,0.406976744186047,NA,5,"top5","eeg_fm_lbeta_power_precond;eeg_fm_specent_precond;eeg_faa_precond;eeg_tleft_lbeta_power_precond;eeg_fl_theta_power_precond"
2025-12-19 12:46:49.276322,6,"stress_label",5,16,0.1,0.552325581395349,0.453488372093023,NA,5,"top5","eeg_fm_lbeta_power_precond;eeg_fm_specent_precond;eeg_faa_precond;eeg_tleft_lbeta_power_precond;eeg_fl_theta_power_precond"
2025-12-19 12:46:49.339299,6,"stress_label",5,32,0.1,0.546511627906977,0.517441860465116,NA,5,"top5","eeg_fm_lbeta_power_precond;eeg_fm_specent_precond;eeg_faa_precond;eeg_tleft_lbeta_power_precond;eeg_fl_theta_power_precond"
2025-12-19 12:46:49.420986,6,"stress_label",5,64,0.1,0.552325581395349,0.558139534883721,NA,5,"top5","eeg_fm_lbeta_power_precond;eeg_fm_specent_precond;eeg_faa_precond;eeg_tleft_lbeta_power_precond;eeg_fl_theta_power_precond"
2025-12-19 12:46:49.593297,6,"stress_label",5,128,0.1,0.517441860465116,0.476744186046512,NA,5,"top5","eeg_fm_lbeta_power_precond;eeg_fm_specent_precond;eeg_faa_precond;eeg_tleft_lbeta_power_precond;eeg_fl_theta_power_precond"
2025-12-19 12:46:49.858753,6,"stress_label",5,256,0.1,0.517441860465116,0.331395348837209,NA,5,"top5","eeg_fm_lbeta_power_precond;eeg_fm_specent_precond;eeg_faa_precond;eeg_tleft_lbeta_power_precond;eeg_fl_theta_power_precond"
2025-12-19 12:46:51.124693,7,"stress_label",5,2,0.0078125,0.47093023255814,0.401162790697674,0.448062015503876,5,"top5","eeg_fm_lbeta_power_precond;eeg_fm_specent_precond;eeg_tleft_lbeta_power_precond;eeg_faa_precond;eeg_tleft_lalpha_power_precond"
2025-12-19 12:46:51.158396,7,"stress_label",5,4,0.0078125,0.5,0.383720930232558,0.471317829457364,5,"top5","eeg_fm_lbeta_power_precond;eeg_fm_specent_precond;eeg_tleft_lbeta_power_precond;eeg_faa_precond;eeg_tleft_lalpha_power_precond"
2025-12-19 12:46:51.162361,7,"stress_label",5,8,0.0078125,0.476744186046512,0.436046511627907,0.437209302325581,5,"top5","eeg_fm_lbeta_power_precond;eeg_fm_specent_precond;eeg_tleft_lbeta_power_precond;eeg_faa_precond;eeg_tleft_lalpha_power_precond"
2025-12-19 12:46:51.169473,7,"stress_label",5,16,0.0078125,0.47093023255814,0.424418604651163,NA,5,"top5","eeg_fm_lbeta_power_precond;eeg_fm_specent_precond;eeg_tleft_lbeta_power_precond;eeg_faa_precond;eeg_tleft_lalpha_power_precond"
2025-12-19 12:46:51.171511,7,"stress_label",5,32,0.0078125,0.494186046511628,0.354651162790698,NA,5,"top5","eeg_fm_lbeta_power_precond;eeg_fm_specent_precond;eeg_tleft_lbeta_power_precond;eeg_faa_precond;eeg_tleft_lalpha_power_precond"
2025-12-19 12:46:51.263251,7,"stress_label",5,64,0.0078125,0.494186046511628,0.401162790697674,NA,5,"top5","eeg_fm_lbeta_power_precond;eeg_fm_specent_precond;eeg_tleft_lbeta_power_precond;eeg_faa_precond;eeg_tleft_lalpha_power_precond"
2025-12-19 12:46:51.386805,7,"stress_label",5,128,0.0078125,0.529069767441861,0.430232558139535,NA,5,"top5","eeg_fm_lbeta_power_precond;eeg_fm_specent_precond;eeg_tleft_lbeta_power_precond;eeg_faa_precond;eeg_tleft_lalpha_power_precond"
2025-12-19 12:46:51.283615,7,"stress_label",5,256,0.0078125,0.529069767441861,0.465116279069767,NA,5,"top5","eeg_fm_lbeta_power_precond;eeg_fm_specent_precond;eeg_tleft_lbeta_power_precond;eeg_faa_precond;eeg_tleft_lalpha_power_precond"
2025-12-19 12:46:51.106274,7,"stress_label",5,2,0.015625,0.5,0.395348837209302,0.458139534883721,5,"top5","eeg_fm_lbeta_power_precond;eeg_fm_specent_precond;eeg_tleft_lbeta_power_precond;eeg_faa_precond;eeg_tleft_lalpha_power_precond"
2025-12-19 12:46:51.167431,7,"stress_label",5,4,0.015625,0.482558139534884,0.366279069767442,0.431782945736434,5,"top5","eeg_fm_lbeta_power_precond;eeg_fm_specent_precond;eeg_tleft_lbeta_power_precond;eeg_faa_precond;eeg_tleft_lalpha_power_precond"
2025-12-19 12:46:51.141909,7,"stress_label",5,8,0.015625,0.494186046511628,0.441860465116279,NA,5,"top5","eeg_fm_lbeta_power_precond;eeg_fm_specent_precond;eeg_tleft_lbeta_power_precond;eeg_faa_precond;eeg_tleft_lalpha_power_precond"
2025-12-19 12:46:51.171899,7,"stress_label",5,16,0.015625,0.476744186046512,0.401162790697674,NA,5,"top5","eeg_fm_lbeta_power_precond;eeg_fm_specent_precond;eeg_tleft_lbeta_power_precond;eeg_faa_precond;eeg_tleft_lalpha_power_precond"
2025-12-19 12:46:51.347655,7,"stress_label",5,32,0.015625,0.511627906976744,0.430232558139535,NA,5,"top5","eeg_fm_lbeta_power_precond;eeg_fm_specent_precond;eeg_tleft_lbeta_power_precond;eeg_faa_precond;eeg_tleft_lalpha_power_precond"
2025-12-19 12:46:51.254165,7,"stress_label",5,64,0.015625,0.517441860465116,0.540697674418605,NA,5,"top5","eeg_fm_lbeta_power_precond;eeg_fm_specent_precond;eeg_tleft_lbeta_power_precond;eeg_faa_precond;eeg_tleft_lalpha_power_precond"
2025-12-19 12:46:52.624609,7,"stress_label",5,128,0.015625,0.517441860465116,0.406976744186047,NA,5,"top5","eeg_fm_lbeta_power_precond;eeg_fm_specent_precond;eeg_tleft_lbeta_power_precond;eeg_faa_precond;eeg_tleft_lalpha_power_precond"
2025-12-19 12:46:52.550596,7,"stress_label",5,256,0.015625,0.552325581395349,0.395348837209302,NA,5,"top5","eeg_fm_lbeta_power_precond;eeg_fm_specent_precond;eeg_tleft_lbeta_power_precond;eeg_faa_precond;eeg_tleft_lalpha_power_precond"
2025-12-19 12:46:52.358913,7,"stress_label",5,2,0.03125,0.517441860465116,0.395348837209302,NA,5,"top5","eeg_fm_lbeta_power_precond;eeg_fm_specent_precond;eeg_tleft_lbeta_power_precond;eeg_faa_precond;eeg_tleft_lalpha_power_precond"
2025-12-19 12:46:52.365484,7,"stress_label",5,4,0.03125,0.494186046511628,0.395348837209302,NA,5,"top5","eeg_fm_lbeta_power_precond;eeg_fm_specent_precond;eeg_tleft_lbeta_power_precond;eeg_faa_precond;eeg_tleft_lalpha_power_precond"
2025-12-19 12:46:52.389269,7,"stress_label",5,8,0.03125,0.5,0.430232558139535,NA,5,"top5","eeg_fm_lbeta_power_precond;eeg_fm_specent_precond;eeg_tleft_lbeta_power_precond;eeg_faa_precond;eeg_tleft_lalpha_power_precond"
2025-12-19 12:46:52.468647,7,"stress_label",5,16,0.03125,0.488372093023256,0.424418604651163,NA,5,"top5","eeg_fm_lbeta_power_precond;eeg_fm_specent_precond;eeg_tleft_lbeta_power_precond;eeg_faa_precond;eeg_tleft_lalpha_power_precond"
2025-12-19 12:46:52.506179,7,"stress_label",5,32,0.03125,0.511627906976744,0.517441860465116,NA,5,"top5","eeg_fm_lbeta_power_precond;eeg_fm_specent_precond;eeg_tleft_lbeta_power_precond;eeg_faa_precond;eeg_tleft_lalpha_power_precond"
2025-12-19 12:46:52.532004,7,"stress_label",5,64,0.03125,0.558139534883721,0.406976744186047,NA,5,"top5","eeg_fm_lbeta_power_precond;eeg_fm_specent_precond;eeg_tleft_lbeta_power_precond;eeg_faa_precond;eeg_tleft_lalpha_power_precond"
2025-12-19 12:46:52.810146,7,"stress_label",5,128,0.03125,0.534883720930233,0.424418604651163,NA,5,"top5","eeg_fm_lbeta_power_precond;eeg_fm_specent_precond;eeg_tleft_lbeta_power_precond;eeg_faa_precond;eeg_tleft_lalpha_power_precond"
2025-12-19 12:46:53.003256,7,"stress_label",5,256,0.03125,0.540697674418605,0.418604651162791,NA,5,"top5","eeg_fm_lbeta_power_precond;eeg_fm_specent_precond;eeg_tleft_lbeta_power_precond;eeg_faa_precond;eeg_tleft_lalpha_power_precond"
2025-12-19 12:46:52.480615,7,"stress_label",5,2,0.0625,0.5,0.38953488372093,NA,5,"top5","eeg_fm_lbeta_power_precond;eeg_fm_specent_precond;eeg_tleft_lbeta_power_precond;eeg_faa_precond;eeg_tleft_lalpha_power_precond"
2025-12-19 12:46:52.512408,7,"stress_label",5,4,0.0625,0.494186046511628,0.482558139534884,NA,5,"top5","eeg_fm_lbeta_power_precond;eeg_fm_specent_precond;eeg_tleft_lbeta_power_precond;eeg_faa_precond;eeg_tleft_lalpha_power_precond"
2025-12-19 12:46:52.770425,7,"stress_label",5,8,0.0625,0.5,0.476744186046512,NA,5,"top5","eeg_fm_lbeta_power_precond;eeg_fm_specent_precond;eeg_tleft_lbeta_power_precond;eeg_faa_precond;eeg_tleft_lalpha_power_precond"
2025-12-19 12:46:52.884357,7,"stress_label",5,16,0.0625,0.517441860465116,0.406976744186047,NA,5,"top5","eeg_fm_lbeta_power_precond;eeg_fm_specent_precond;eeg_tleft_lbeta_power_precond;eeg_faa_precond;eeg_tleft_lalpha_power_precond"
2025-12-19 12:46:53.589582,7,"stress_label",5,32,0.0625,0.534883720930233,0.395348837209302,NA,5,"top5","eeg_fm_lbeta_power_precond;eeg_fm_specent_precond;eeg_tleft_lbeta_power_precond;eeg_faa_precond;eeg_tleft_lalpha_power_precond"
2025-12-19 12:46:53.688825,7,"stress_label",5,64,0.0625,0.529069767441861,0.366279069767442,NA,5,"top5","eeg_fm_lbeta_power_precond;eeg_fm_specent_precond;eeg_tleft_lbeta_power_precond;eeg_faa_precond;eeg_tleft_lalpha_power_precond"
2025-12-19 12:46:53.835077,7,"stress_label",5,128,0.0625,0.5,0.459302325581395,NA,5,"top5","eeg_fm_lbeta_power_precond;eeg_fm_specent_precond;eeg_tleft_lbeta_power_precond;eeg_faa_precond;eeg_tleft_lalpha_power_precond"
2025-12-19 12:46:54.251988,7,"stress_label",5,256,0.0625,0.459302325581395,0.523255813953488,NA,5,"top5","eeg_fm_lbeta_power_precond;eeg_fm_specent_precond;eeg_tleft_lbeta_power_precond;eeg_faa_precond;eeg_tleft_lalpha_power_precond"
2025-12-19 12:46:53.59025,7,"stress_label",5,2,0.125,0.511627906976744,0.406976744186047,NA,5,"top5","eeg_fm_lbeta_power_precond;eeg_fm_specent_precond;eeg_tleft_lbeta_power_precond;eeg_faa_precond;eeg_tleft_lalpha_power_precond"
2025-12-19 12:46:53.604348,7,"stress_label",5,4,0.125,0.529069767441861,0.505813953488372,NA,5,"top5","eeg_fm_lbeta_power_precond;eeg_fm_specent_precond;eeg_tleft_lbeta_power_precond;eeg_faa_precond;eeg_tleft_lalpha_power_precond"
2025-12-19 12:46:53.655946,7,"stress_label",5,8,0.125,0.523255813953488,0.418604651162791,NA,5,"top5","eeg_fm_lbeta_power_precond;eeg_fm_specent_precond;eeg_tleft_lbeta_power_precond;eeg_faa_precond;eeg_tleft_lalpha_power_precond"
2025-12-19 12:46:53.714594,7,"stress_label",5,16,0.125,0.5,0.465116279069767,NA,5,"top5","eeg_fm_lbeta_power_precond;eeg_fm_specent_precond;eeg_tleft_lbeta_power_precond;eeg_faa_precond;eeg_tleft_lalpha_power_precond"
2025-12-19 12:46:53.753549,7,"stress_label",5,32,0.125,0.476744186046512,0.465116279069767,NA,5,"top5","eeg_fm_lbeta_power_precond;eeg_fm_specent_precond;eeg_tleft_lbeta_power_precond;eeg_faa_precond;eeg_tleft_lalpha_power_precond"
2025-12-19 12:46:53.979523,7,"stress_label",5,64,0.125,0.465116279069767,0.5,NA,5,"top5","eeg_fm_lbeta_power_precond;eeg_fm_specent_precond;eeg_tleft_lbeta_power_precond;eeg_faa_precond;eeg_tleft_lalpha_power_precond"
2025-12-19 12:46:54.380674,7,"stress_label",5,128,0.125,0.494186046511628,0.47093023255814,NA,5,"top5","eeg_fm_lbeta_power_precond;eeg_fm_specent_precond;eeg_tleft_lbeta_power_precond;eeg_faa_precond;eeg_tleft_lalpha_power_precond"
2025-12-19 12:46:54.859837,7,"stress_label",5,256,0.125,0.465116279069767,0.488372093023256,NA,5,"top5","eeg_fm_lbeta_power_precond;eeg_fm_specent_precond;eeg_tleft_lbeta_power_precond;eeg_faa_precond;eeg_tleft_lalpha_power_precond"
2025-12-19 12:46:53.934573,7,"stress_label",5,2,0.03,0.511627906976744,0.348837209302326,0.450387596899225,5,"top5","eeg_fm_lbeta_power_precond;eeg_fm_specent_precond;eeg_tleft_lbeta_power_precond;eeg_faa_precond;eeg_tleft_lalpha_power_precond"
2025-12-19 12:46:54.069675,7,"stress_label",5,4,0.03,0.505813953488372,0.354651162790698,NA,5,"top5","eeg_fm_lbeta_power_precond;eeg_fm_specent_precond;eeg_tleft_lbeta_power_precond;eeg_faa_precond;eeg_tleft_lalpha_power_precond"
2025-12-19 12:46:54.652366,7,"stress_label",5,8,0.03,0.505813953488372,0.377906976744186,NA,5,"top5","eeg_fm_lbeta_power_precond;eeg_fm_specent_precond;eeg_tleft_lbeta_power_precond;eeg_faa_precond;eeg_tleft_lalpha_power_precond"
2025-12-19 12:46:54.696755,7,"stress_label",5,16,0.03,0.5,0.412790697674419,NA,5,"top5","eeg_fm_lbeta_power_precond;eeg_fm_specent_precond;eeg_tleft_lbeta_power_precond;eeg_faa_precond;eeg_tleft_lalpha_power_precond"
2025-12-19 12:46:54.720877,7,"stress_label",5,32,0.03,0.511627906976744,0.5,NA,5,"top5","eeg_fm_lbeta_power_precond;eeg_fm_specent_precond;eeg_tleft_lbeta_power_precond;eeg_faa_precond;eeg_tleft_lalpha_power_precond"
2025-12-19 12:46:54.835951,7,"stress_label",5,64,0.03,0.546511627906977,0.424418604651163,NA,5,"top5","eeg_fm_lbeta_power_precond;eeg_fm_specent_precond;eeg_tleft_lbeta_power_precond;eeg_faa_precond;eeg_tleft_lalpha_power_precond"
2025-12-19 12:46:54.995939,7,"stress_label",5,128,0.03,0.540697674418605,0.430232558139535,NA,5,"top5","eeg_fm_lbeta_power_precond;eeg_fm_specent_precond;eeg_tleft_lbeta_power_precond;eeg_faa_precond;eeg_tleft_lalpha_power_precond"
2025-12-19 12:46:55.219082,7,"stress_label",5,256,0.03,0.529069767441861,0.38953488372093,NA,5,"top5","eeg_fm_lbeta_power_precond;eeg_fm_specent_precond;eeg_tleft_lbeta_power_precond;eeg_faa_precond;eeg_tleft_lalpha_power_precond"
2025-12-19 12:46:54.847353,7,"stress_label",5,2,0.06,0.505813953488372,0.401162790697674,NA,5,"top5","eeg_fm_lbeta_power_precond;eeg_fm_specent_precond;eeg_tleft_lbeta_power_precond;eeg_faa_precond;eeg_tleft_lalpha_power_precond"
2025-12-19 12:46:54.968238,7,"stress_label",5,4,0.06,0.5,0.412790697674419,NA,5,"top5","eeg_fm_lbeta_power_precond;eeg_fm_specent_precond;eeg_tleft_lbeta_power_precond;eeg_faa_precond;eeg_tleft_lalpha_power_precond"
2025-12-19 12:46:55.033531,7,"stress_label",5,8,0.06,0.505813953488372,0.424418604651163,NA,5,"top5","eeg_fm_lbeta_power_precond;eeg_fm_specent_precond;eeg_tleft_lbeta_power_precond;eeg_faa_precond;eeg_tleft_lalpha_power_precond"
2025-12-19 12:46:55.073449,7,"stress_label",5,16,0.06,0.523255813953488,0.47093023255814,NA,5,"top5","eeg_fm_lbeta_power_precond;eeg_fm_specent_precond;eeg_tleft_lbeta_power_precond;eeg_faa_precond;eeg_tleft_lalpha_power_precond"
2025-12-19 12:46:55.263693,7,"stress_label",5,32,0.06,0.546511627906977,0.383720930232558,NA,5,"top5","eeg_fm_lbeta_power_precond;eeg_fm_specent_precond;eeg_tleft_lbeta_power_precond;eeg_faa_precond;eeg_tleft_lalpha_power_precond"
2025-12-19 12:46:55.564948,7,"stress_label",5,64,0.06,0.529069767441861,0.383720930232558,NA,5,"top5","eeg_fm_lbeta_power_precond;eeg_fm_specent_precond;eeg_tleft_lbeta_power_precond;eeg_faa_precond;eeg_tleft_lalpha_power_precond"
2025-12-19 12:46:55.798877,7,"stress_label",5,128,0.06,0.5,0.412790697674419,NA,5,"top5","eeg_fm_lbeta_power_precond;eeg_fm_specent_precond;eeg_tleft_lbeta_power_precond;eeg_faa_precond;eeg_tleft_lalpha_power_precond"
2025-12-19 12:46:56.21057,7,"stress_label",5,256,0.06,0.465116279069767,0.465116279069767,NA,5,"top5","eeg_fm_lbeta_power_precond;eeg_fm_specent_precond;eeg_tleft_lbeta_power_precond;eeg_faa_precond;eeg_tleft_lalpha_power_precond"
2025-12-19 12:46:55.789263,7,"stress_label",5,2,0.1,0.488372093023256,0.383720930232558,NA,5,"top5","eeg_fm_lbeta_power_precond;eeg_fm_specent_precond;eeg_tleft_lbeta_power_precond;eeg_faa_precond;eeg_tleft_lalpha_power_precond"
2025-12-19 12:46:55.79026,7,"stress_label",5,4,0.1,0.517441860465116,0.453488372093023,NA,5,"top5","eeg_fm_lbeta_power_precond;eeg_fm_specent_precond;eeg_tleft_lbeta_power_precond;eeg_faa_precond;eeg_tleft_lalpha_power_precond"
2025-12-19 12:46:55.951762,7,"stress_label",5,8,0.1,0.529069767441861,0.401162790697674,NA,5,"top5","eeg_fm_lbeta_power_precond;eeg_fm_specent_precond;eeg_tleft_lbeta_power_precond;eeg_faa_precond;eeg_tleft_lalpha_power_precond"
2025-12-19 12:46:55.969481,7,"stress_label",5,16,0.1,0.529069767441861,0.366279069767442,NA,5,"top5","eeg_fm_lbeta_power_precond;eeg_fm_specent_precond;eeg_tleft_lbeta_power_precond;eeg_faa_precond;eeg_tleft_lalpha_power_precond"
2025-12-19 12:46:55.982979,7,"stress_label",5,32,0.1,0.511627906976744,0.412790697674419,NA,5,"top5","eeg_fm_lbeta_power_precond;eeg_fm_specent_precond;eeg_tleft_lbeta_power_precond;eeg_faa_precond;eeg_tleft_lalpha_power_precond"
2025-12-19 12:46:56.17057,7,"stress_label",5,64,0.1,0.465116279069767,0.401162790697674,NA,5,"top5","eeg_fm_lbeta_power_precond;eeg_fm_specent_precond;eeg_tleft_lbeta_power_precond;eeg_faa_precond;eeg_tleft_lalpha_power_precond"
2025-12-19 12:46:56.352076,7,"stress_label",5,128,0.1,0.459302325581395,0.581395348837209,NA,5,"top5","eeg_fm_lbeta_power_precond;eeg_fm_specent_precond;eeg_tleft_lbeta_power_precond;eeg_faa_precond;eeg_tleft_lalpha_power_precond"
2025-12-19 12:46:56.615865,7,"stress_label",5,256,0.1,0.494186046511628,0.505813953488372,NA,5,"top5","eeg_fm_lbeta_power_precond;eeg_fm_specent_precond;eeg_tleft_lbeta_power_precond;eeg_faa_precond;eeg_tleft_lalpha_power_precond"
2025-12-19 12:46:57.87304,9,"stress_label",5,2,0.0078125,0.505813953488372,0.412790697674419,0.473643410852713,5,"top5","eeg_fm_lbeta_power_precond;eeg_fm_specent_precond;eeg_tleft_lbeta_power_precond;eeg_faa_precond;eeg_tleft_lalpha_power_precond"
2025-12-19 12:46:57.907654,9,"stress_label",5,4,0.0078125,0.482558139534884,0.459302325581395,0.435658914728682,5,"top5","eeg_fm_lbeta_power_precond;eeg_fm_specent_precond;eeg_tleft_lbeta_power_precond;eeg_faa_precond;eeg_tleft_lalpha_power_precond"
2025-12-19 12:46:57.900039,9,"stress_label",5,8,0.0078125,0.47093023255814,0.447674418604651,0.417829457364341,5,"top5","eeg_fm_lbeta_power_precond;eeg_fm_specent_precond;eeg_tleft_lbeta_power_precond;eeg_faa_precond;eeg_tleft_lalpha_power_precond"
2025-12-19 12:46:57.91192,9,"stress_label",5,16,0.0078125,0.482558139534884,0.395348837209302,0.42015503875969,5,"top5","eeg_fm_lbeta_power_precond;eeg_fm_specent_precond;eeg_tleft_lbeta_power_precond;eeg_faa_precond;eeg_tleft_lalpha_power_precond"
2025-12-19 12:46:57.979547,9,"stress_label",5,32,0.0078125,0.505813953488372,0.366279069767442,NA,5,"top5","eeg_fm_lbeta_power_precond;eeg_fm_specent_precond;eeg_tleft_lbeta_power_precond;eeg_faa_precond;eeg_tleft_lalpha_power_precond"
2025-12-19 12:46:57.99285,9,"stress_label",5,64,0.0078125,0.546511627906977,0.38953488372093,NA,5,"top5","eeg_fm_lbeta_power_precond;eeg_fm_specent_precond;eeg_tleft_lbeta_power_precond;eeg_faa_precond;eeg_tleft_lalpha_power_precond"
2025-12-19 12:46:58.029408,9,"stress_label",5,128,0.0078125,0.546511627906977,0.505813953488372,NA,5,"top5","eeg_fm_lbeta_power_precond;eeg_fm_specent_precond;eeg_tleft_lbeta_power_precond;eeg_faa_precond;eeg_tleft_lalpha_power_precond"
2025-12-19 12:46:58.113411,9,"stress_label",5,256,0.0078125,0.558139534883721,0.517441860465116,NA,5,"top5","eeg_fm_lbeta_power_precond;eeg_fm_specent_precond;eeg_tleft_lbeta_power_precond;eeg_faa_precond;eeg_tleft_lalpha_power_precond"
2025-12-19 12:46:57.931613,9,"stress_label",5,2,0.015625,0.482558139534884,0.441860465116279,0.435658914728682,5,"top5","eeg_fm_lbeta_power_precond;eeg_fm_specent_precond;eeg_tleft_lbeta_power_precond;eeg_faa_precond;eeg_tleft_lalpha_power_precond"
2025-12-19 12:46:57.881546,9,"stress_label",5,4,0.015625,0.482558139534884,0.377906976744186,0.433333333333333,5,"top5","eeg_fm_lbeta_power_precond;eeg_fm_specent_precond;eeg_tleft_lbeta_power_precond;eeg_faa_precond;eeg_tleft_lalpha_power_precond"
2025-12-19 12:46:57.932201,9,"stress_label",5,8,0.015625,0.511627906976744,0.383720930232558,NA,5,"top5","eeg_fm_lbeta_power_precond;eeg_fm_specent_precond;eeg_tleft_lbeta_power_precond;eeg_faa_precond;eeg_tleft_lalpha_power_precond"
2025-12-19 12:46:57.992464,9,"stress_label",5,16,0.015625,0.540697674418605,0.424418604651163,NA,5,"top5","eeg_fm_lbeta_power_precond;eeg_fm_specent_precond;eeg_tleft_lbeta_power_precond;eeg_faa_precond;eeg_tleft_lalpha_power_precond"
2025-12-19 12:46:58.018673,9,"stress_label",5,32,0.015625,0.546511627906977,0.459302325581395,NA,5,"top5","eeg_fm_lbeta_power_precond;eeg_fm_specent_precond;eeg_tleft_lbeta_power_precond;eeg_faa_precond;eeg_tleft_lalpha_power_precond"
2025-12-19 12:46:58.016764,9,"stress_label",5,64,0.015625,0.540697674418605,0.488372093023256,NA,5,"top5","eeg_fm_lbeta_power_precond;eeg_fm_specent_precond;eeg_tleft_lbeta_power_precond;eeg_faa_precond;eeg_tleft_lalpha_power_precond"
2025-12-19 12:46:59.128608,9,"stress_label",5,128,0.015625,0.546511627906977,0.5,NA,5,"top5","eeg_fm_lbeta_power_precond;eeg_fm_specent_precond;eeg_tleft_lbeta_power_precond;eeg_faa_precond;eeg_tleft_lalpha_power_precond"
2025-12-19 12:46:59.251234,9,"stress_label",5,256,0.015625,0.575581395348837,0.412790697674419,NA,5,"top5","eeg_fm_lbeta_power_precond;eeg_fm_specent_precond;eeg_tleft_lbeta_power_precond;eeg_faa_precond;eeg_tleft_lalpha_power_precond"
2025-12-19 12:46:59.053275,9,"stress_label",5,2,0.03125,0.476744186046512,0.494186046511628,0.41937984496124,5,"top5","eeg_fm_lbeta_power_precond;eeg_fm_specent_precond;eeg_tleft_lbeta_power_precond;eeg_faa_precond;eeg_tleft_lalpha_power_precond"
2025-12-19 12:46:59.096424,9,"stress_label",5,4,0.03125,0.540697674418605,0.372093023255814,NA,5,"top5","eeg_fm_lbeta_power_precond;eeg_fm_specent_precond;eeg_tleft_lbeta_power_precond;eeg_faa_precond;eeg_tleft_lalpha_power_precond"
2025-12-19 12:46:59.091744,9,"stress_label",5,8,0.03125,0.529069767441861,0.529069767441861,NA,5,"top5","eeg_fm_lbeta_power_precond;eeg_fm_specent_precond;eeg_tleft_lbeta_power_precond;eeg_faa_precond;eeg_tleft_lalpha_power_precond"
2025-12-19 12:46:59.111358,9,"stress_label",5,16,0.03125,0.534883720930233,0.517441860465116,NA,5,"top5","eeg_fm_lbeta_power_precond;eeg_fm_specent_precond;eeg_tleft_lbeta_power_precond;eeg_faa_precond;eeg_tleft_lalpha_power_precond"
2025-12-19 12:46:59.1493,9,"stress_label",5,32,0.03125,0.534883720930233,0.476744186046512,NA,5,"top5","eeg_fm_lbeta_power_precond;eeg_fm_specent_precond;eeg_tleft_lbeta_power_precond;eeg_faa_precond;eeg_tleft_lalpha_power_precond"
2025-12-19 12:46:59.196117,9,"stress_label",5,64,0.03125,0.552325581395349,0.523255813953488,NA,5,"top5","eeg_fm_lbeta_power_precond;eeg_fm_specent_precond;eeg_tleft_lbeta_power_precond;eeg_faa_precond;eeg_tleft_lalpha_power_precond"
2025-12-19 12:46:59.371774,9,"stress_label",5,128,0.03125,0.575581395348837,0.5,NA,5,"top5","eeg_fm_lbeta_power_precond;eeg_fm_specent_precond;eeg_tleft_lbeta_power_precond;eeg_faa_precond;eeg_tleft_lalpha_power_precond"
2025-12-19 12:46:59.539313,9,"stress_label",5,256,0.03125,0.558139534883721,0.401162790697674,NA,5,"top5","eeg_fm_lbeta_power_precond;eeg_fm_specent_precond;eeg_tleft_lbeta_power_precond;eeg_faa_precond;eeg_tleft_lalpha_power_precond"
2025-12-19 12:46:59.13838,9,"stress_label",5,2,0.0625,0.534883720930233,0.453488372093023,NA,5,"top5","eeg_fm_lbeta_power_precond;eeg_fm_specent_precond;eeg_tleft_lbeta_power_precond;eeg_faa_precond;eeg_tleft_lalpha_power_precond"
2025-12-19 12:46:59.192836,9,"stress_label",5,4,0.0625,0.523255813953488,0.488372093023256,NA,5,"top5","eeg_fm_lbeta_power_precond;eeg_fm_specent_precond;eeg_tleft_lbeta_power_precond;eeg_faa_precond;eeg_tleft_lalpha_power_precond"
2025-12-19 12:46:59.227585,9,"stress_label",5,8,0.0625,0.540697674418605,0.517441860465116,NA,5,"top5","eeg_fm_lbeta_power_precond;eeg_fm_specent_precond;eeg_tleft_lbeta_power_precond;eeg_faa_precond;eeg_tleft_lalpha_power_precond"
2025-12-19 12:46:59.252933,9,"stress_label",5,16,0.0625,0.552325581395349,0.569767441860465,NA,5,"top5","eeg_fm_lbeta_power_precond;eeg_fm_specent_precond;eeg_tleft_lbeta_power_precond;eeg_faa_precond;eeg_tleft_lalpha_power_precond"
2025-12-19 12:47:00.33836,9,"stress_label",5,32,0.0625,0.558139534883721,0.5,NA,5,"top5","eeg_fm_lbeta_power_precond;eeg_fm_specent_precond;eeg_tleft_lbeta_power_precond;eeg_faa_precond;eeg_tleft_lalpha_power_precond"
2025-12-19 12:47:00.462835,9,"stress_label",5,64,0.0625,0.534883720930233,0.377906976744186,NA,5,"top5","eeg_fm_lbeta_power_precond;eeg_fm_specent_precond;eeg_tleft_lbeta_power_precond;eeg_faa_precond;eeg_tleft_lalpha_power_precond"
2025-12-19 12:47:00.638324,9,"stress_label",5,128,0.0625,0.5,0.395348837209302,NA,5,"top5","eeg_fm_lbeta_power_precond;eeg_fm_specent_precond;eeg_tleft_lbeta_power_precond;eeg_faa_precond;eeg_tleft_lalpha_power_precond"
2025-12-19 12:47:01.044223,9,"stress_label",5,256,0.0625,0.465116279069767,0.523255813953488,NA,5,"top5","eeg_fm_lbeta_power_precond;eeg_fm_specent_precond;eeg_tleft_lbeta_power_precond;eeg_faa_precond;eeg_tleft_lalpha_power_precond"
2025-12-19 12:47:00.231909,9,"stress_label",5,2,0.125,0.534883720930233,0.494186046511628,NA,5,"top5","eeg_fm_lbeta_power_precond;eeg_fm_specent_precond;eeg_tleft_lbeta_power_precond;eeg_faa_precond;eeg_tleft_lalpha_power_precond"
2025-12-19 12:47:00.247106,9,"stress_label",5,4,0.125,0.534883720930233,0.517441860465116,NA,5,"top5","eeg_fm_lbeta_power_precond;eeg_fm_specent_precond;eeg_tleft_lbeta_power_precond;eeg_faa_precond;eeg_tleft_lalpha_power_precond"
2025-12-19 12:47:00.33525,9,"stress_label",5,8,0.125,0.523255813953488,0.476744186046512,NA,5,"top5","eeg_fm_lbeta_power_precond;eeg_fm_specent_precond;eeg_tleft_lbeta_power_precond;eeg_faa_precond;eeg_tleft_lalpha_power_precond"
2025-12-19 12:47:00.414842,9,"stress_label",5,16,0.125,0.505813953488372,0.38953488372093,NA,5,"top5","eeg_fm_lbeta_power_precond;eeg_fm_specent_precond;eeg_tleft_lbeta_power_precond;eeg_faa_precond;eeg_tleft_lalpha_power_precond"
2025-12-19 12:47:00.45961,9,"stress_label",5,32,0.125,0.488372093023256,0.383720930232558,NA,5,"top5","eeg_fm_lbeta_power_precond;eeg_fm_specent_precond;eeg_tleft_lbeta_power_precond;eeg_faa_precond;eeg_tleft_lalpha_power_precond"
2025-12-19 12:47:00.603392,9,"stress_label",5,64,0.125,0.47093023255814,0.418604651162791,NA,5,"top5","eeg_fm_lbeta_power_precond;eeg_fm_specent_precond;eeg_tleft_lbeta_power_precond;eeg_faa_precond;eeg_tleft_lalpha_power_precond"
2025-12-19 12:47:00.872047,9,"stress_label",5,128,0.125,0.482558139534884,0.459302325581395,NA,5,"top5","eeg_fm_lbeta_power_precond;eeg_fm_specent_precond;eeg_tleft_lbeta_power_precond;eeg_faa_precond;eeg_tleft_lalpha_power_precond"
2025-12-19 12:47:01.292393,9,"stress_label",5,256,0.125,0.453488372093023,0.476744186046512,NA,5,"top5","eeg_fm_lbeta_power_precond;eeg_fm_specent_precond;eeg_tleft_lbeta_power_precond;eeg_faa_precond;eeg_tleft_lalpha_power_precond"
2025-12-19 12:47:00.432227,9,"stress_label",5,2,0.03,0.47093023255814,0.418604651162791,0.417054263565891,5,"top5","eeg_fm_lbeta_power_precond;eeg_fm_specent_precond;eeg_tleft_lbeta_power_precond;eeg_faa_precond;eeg_tleft_lalpha_power_precond"
2025-12-19 12:47:00.634061,9,"stress_label",5,4,0.03,0.529069767441861,0.331395348837209,NA,5,"top5","eeg_fm_lbeta_power_precond;eeg_fm_specent_precond;eeg_tleft_lbeta_power_precond;eeg_faa_precond;eeg_tleft_lalpha_power_precond"
2025-12-19 12:47:01.40685,9,"stress_label",5,8,0.03,0.529069767441861,0.47093023255814,NA,5,"top5","eeg_fm_lbeta_power_precond;eeg_fm_specent_precond;eeg_tleft_lbeta_power_precond;eeg_faa_precond;eeg_tleft_lalpha_power_precond"
2025-12-19 12:47:01.421389,9,"stress_label",5,16,0.03,0.534883720930233,0.511627906976744,NA,5,"top5","eeg_fm_lbeta_power_precond;eeg_fm_specent_precond;eeg_tleft_lbeta_power_precond;eeg_faa_precond;eeg_tleft_lalpha_power_precond"
2025-12-19 12:47:01.545073,9,"stress_label",5,32,0.03,0.534883720930233,0.5,NA,5,"top5","eeg_fm_lbeta_power_precond;eeg_fm_specent_precond;eeg_tleft_lbeta_power_precond;eeg_faa_precond;eeg_tleft_lalpha_power_precond"
2025-12-19 12:47:01.57062,9,"stress_label",5,64,0.03,0.552325581395349,0.453488372093023,NA,5,"top5","eeg_fm_lbeta_power_precond;eeg_fm_specent_precond;eeg_tleft_lbeta_power_precond;eeg_faa_precond;eeg_tleft_lalpha_power_precond"
2025-12-19 12:47:01.731637,9,"stress_label",5,128,0.03,0.581395348837209,0.511627906976744,NA,5,"top5","eeg_fm_lbeta_power_precond;eeg_fm_specent_precond;eeg_tleft_lbeta_power_precond;eeg_faa_precond;eeg_tleft_lalpha_power_precond"
2025-12-19 12:47:02.01741,9,"stress_label",5,256,0.03,0.563953488372093,0.459302325581395,NA,5,"top5","eeg_fm_lbeta_power_precond;eeg_fm_specent_precond;eeg_tleft_lbeta_power_precond;eeg_faa_precond;eeg_tleft_lalpha_power_precond"
2025-12-19 12:47:01.594956,9,"stress_label",5,2,0.06,0.529069767441861,0.482558139534884,NA,5,"top5","eeg_fm_lbeta_power_precond;eeg_fm_specent_precond;eeg_tleft_lbeta_power_precond;eeg_faa_precond;eeg_tleft_lalpha_power_precond"
2025-12-19 12:47:01.597111,9,"stress_label",5,4,0.06,0.523255813953488,0.546511627906977,NA,5,"top5","eeg_fm_lbeta_power_precond;eeg_fm_specent_precond;eeg_tleft_lbeta_power_precond;eeg_faa_precond;eeg_tleft_lalpha_power_precond"
2025-12-19 12:47:01.74724,9,"stress_label",5,8,0.06,0.534883720930233,0.482558139534884,NA,5,"top5","eeg_fm_lbeta_power_precond;eeg_fm_specent_precond;eeg_tleft_lbeta_power_precond;eeg_faa_precond;eeg_tleft_lalpha_power_precond"
2025-12-19 12:47:01.768861,9,"stress_label",5,16,0.06,0.552325581395349,0.529069767441861,NA,5,"top5","eeg_fm_lbeta_power_precond;eeg_fm_specent_precond;eeg_tleft_lbeta_power_precond;eeg_faa_precond;eeg_tleft_lalpha_power_precond"
2025-12-19 12:47:01.85885,9,"stress_label",5,32,0.06,0.563953488372093,0.5,NA,5,"top5","eeg_fm_lbeta_power_precond;eeg_fm_specent_precond;eeg_tleft_lbeta_power_precond;eeg_faa_precond;eeg_tleft_lalpha_power_precond"
2025-12-19 12:47:02.163895,9,"stress_label",5,64,0.06,0.552325581395349,0.447674418604651,NA,5,"top5","eeg_fm_lbeta_power_precond;eeg_fm_specent_precond;eeg_tleft_lbeta_power_precond;eeg_faa_precond;eeg_tleft_lalpha_power_precond"
2025-12-19 12:47:02.482223,9,"stress_label",5,128,0.06,0.505813953488372,0.436046511627907,NA,5,"top5","eeg_fm_lbeta_power_precond;eeg_fm_specent_precond;eeg_tleft_lbeta_power_precond;eeg_faa_precond;eeg_tleft_lalpha_power_precond"
2025-12-19 12:47:02.840506,9,"stress_label",5,256,0.06,0.482558139534884,0.482558139534884,NA,5,"top5","eeg_fm_lbeta_power_precond;eeg_fm_specent_precond;eeg_tleft_lbeta_power_precond;eeg_faa_precond;eeg_tleft_lalpha_power_precond"
2025-12-19 12:47:02.441316,9,"stress_label",5,2,0.1,0.523255813953488,0.424418604651163,NA,5,"top5","eeg_fm_lbeta_power_precond;eeg_fm_specent_precond;eeg_tleft_lbeta_power_precond;eeg_faa_precond;eeg_tleft_lalpha_power_precond"
2025-12-19 12:47:02.456458,9,"stress_label",5,4,0.1,0.563953488372093,0.511627906976744,NA,5,"top5","eeg_fm_lbeta_power_precond;eeg_fm_specent_precond;eeg_tleft_lbeta_power_precond;eeg_faa_precond;eeg_tleft_lalpha_power_precond"
2025-12-19 12:47:02.549153,9,"stress_label",5,8,0.1,0.540697674418605,0.517441860465116,NA,5,"top5","eeg_fm_lbeta_power_precond;eeg_fm_specent_precond;eeg_tleft_lbeta_power_precond;eeg_faa_precond;eeg_tleft_lalpha_power_precond"
2025-12-19 12:47:02.642943,9,"stress_label",5,16,0.1,0.534883720930233,0.406976744186047,NA,5,"top5","eeg_fm_lbeta_power_precond;eeg_fm_specent_precond;eeg_tleft_lbeta_power_precond;eeg_faa_precond;eeg_tleft_lalpha_power_precond"
2025-12-19 12:47:02.699108,9,"stress_label",5,32,0.1,0.5,0.354651162790698,NA,5,"top5","eeg_fm_lbeta_power_precond;eeg_fm_specent_precond;eeg_tleft_lbeta_power_precond;eeg_faa_precond;eeg_tleft_lalpha_power_precond"
2025-12-19 12:47:02.803874,9,"stress_label",5,64,0.1,0.482558139534884,0.47093023255814,NA,5,"top5","eeg_fm_lbeta_power_precond;eeg_fm_specent_precond;eeg_tleft_lbeta_power_precond;eeg_faa_precond;eeg_tleft_lalpha_power_precond"
2025-12-19 12:47:03.002135,9,"stress_label",5,128,0.1,0.465116279069767,0.430232558139535,NA,5,"top5","eeg_fm_lbeta_power_precond;eeg_fm_specent_precond;eeg_tleft_lbeta_power_precond;eeg_faa_precond;eeg_tleft_lalpha_power_precond"
2025-12-19 12:47:03.240123,9,"stress_label",5,256,0.1,0.488372093023256,0.424418604651163,NA,5,"top5","eeg_fm_lbeta_power_precond;eeg_fm_specent_precond;eeg_tleft_lbeta_power_precond;eeg_faa_precond;eeg_tleft_lalpha_power_precond"
2025-12-19 12:47:04.508999,10,"stress_label",5,2,0.0078125,0.488372093023256,0.430232558139535,0.475968992248062,5,"top5","eeg_fm_lbeta_power_precond;eeg_fm_specent_precond;eeg_tleft_lbeta_power_precond;eeg_faa_precond;eeg_fl_theta_power_precond"
2025-12-19 12:47:04.498681,10,"stress_label",5,4,0.0078125,0.476744186046512,0.401162790697674,0.456589147286822,5,"top5","eeg_fm_lbeta_power_precond;eeg_fm_specent_precond;eeg_tleft_lbeta_power_precond;eeg_faa_precond;eeg_fl_theta_power_precond"
2025-12-19 12:47:04.543567,10,"stress_label",5,8,0.0078125,0.488372093023256,0.36046511627907,0.455038759689922,5,"top5","eeg_fm_lbeta_power_precond;eeg_fm_specent_precond;eeg_tleft_lbeta_power_precond;eeg_faa_precond;eeg_fl_theta_power_precond"
2025-12-19 12:47:04.507267,10,"stress_label",5,16,0.0078125,0.459302325581395,0.401162790697674,0.421705426356589,5,"top5","eeg_fm_lbeta_power_precond;eeg_fm_specent_precond;eeg_tleft_lbeta_power_precond;eeg_faa_precond;eeg_fl_theta_power_precond"
2025-12-19 12:47:04.521124,10,"stress_label",5,32,0.0078125,0.447674418604651,0.38953488372093,0.412403100775194,5,"top5","eeg_fm_lbeta_power_precond;eeg_fm_specent_precond;eeg_tleft_lbeta_power_precond;eeg_faa_precond;eeg_fl_theta_power_precond"
2025-12-19 12:47:04.545639,10,"stress_label",5,64,0.0078125,0.441860465116279,0.465116279069767,NA,5,"top5","eeg_fm_lbeta_power_precond;eeg_fm_specent_precond;eeg_tleft_lbeta_power_precond;eeg_faa_precond;eeg_fl_theta_power_precond"
2025-12-19 12:47:04.64147,10,"stress_label",5,128,0.0078125,0.441860465116279,0.465116279069767,NA,5,"top5","eeg_fm_lbeta_power_precond;eeg_fm_specent_precond;eeg_tleft_lbeta_power_precond;eeg_faa_precond;eeg_fl_theta_power_precond"
2025-12-19 12:47:04.73221,10,"stress_label",5,256,0.0078125,0.459302325581395,0.331395348837209,NA,5,"top5","eeg_fm_lbeta_power_precond;eeg_fm_specent_precond;eeg_tleft_lbeta_power_precond;eeg_faa_precond;eeg_fl_theta_power_precond"
2025-12-19 12:47:04.50202,10,"stress_label",5,2,0.015625,0.482558139534884,0.529069767441861,0.456589147286822,5,"top5","eeg_fm_lbeta_power_precond;eeg_fm_specent_precond;eeg_tleft_lbeta_power_precond;eeg_faa_precond;eeg_fl_theta_power_precond"
2025-12-19 12:47:04.521455,10,"stress_label",5,4,0.015625,0.476744186046512,0.406976744186047,0.444961240310077,5,"top5","eeg_fm_lbeta_power_precond;eeg_fm_specent_precond;eeg_tleft_lbeta_power_precond;eeg_faa_precond;eeg_fl_theta_power_precond"
2025-12-19 12:47:04.513222,10,"stress_label",5,8,0.015625,0.459302325581395,0.366279069767442,0.408527131782946,5,"top5","eeg_fm_lbeta_power_precond;eeg_fm_specent_precond;eeg_tleft_lbeta_power_precond;eeg_faa_precond;eeg_fl_theta_power_precond"
2025-12-19 12:47:04.549586,10,"stress_label",5,16,0.015625,0.453488372093023,0.406976744186047,NA,5,"top5","eeg_fm_lbeta_power_precond;eeg_fm_specent_precond;eeg_tleft_lbeta_power_precond;eeg_faa_precond;eeg_fl_theta_power_precond"
2025-12-19 12:47:04.597243,10,"stress_label",5,32,0.015625,0.441860465116279,0.5,NA,5,"top5","eeg_fm_lbeta_power_precond;eeg_fm_specent_precond;eeg_tleft_lbeta_power_precond;eeg_faa_precond;eeg_fl_theta_power_precond"
2025-12-19 12:47:04.626682,10,"stress_label",5,64,0.015625,0.447674418604651,0.377906976744186,NA,5,"top5","eeg_fm_lbeta_power_precond;eeg_fm_specent_precond;eeg_tleft_lbeta_power_precond;eeg_faa_precond;eeg_fl_theta_power_precond"
2025-12-19 12:47:05.709919,10,"stress_label",5,128,0.015625,0.494186046511628,0.38953488372093,NA,5,"top5","eeg_fm_lbeta_power_precond;eeg_fm_specent_precond;eeg_tleft_lbeta_power_precond;eeg_faa_precond;eeg_fl_theta_power_precond"
2025-12-19 12:47:05.872734,10,"stress_label",5,256,0.015625,0.529069767441861,0.38953488372093,NA,5,"top5","eeg_fm_lbeta_power_precond;eeg_fm_specent_precond;eeg_tleft_lbeta_power_precond;eeg_faa_precond;eeg_fl_theta_power_precond"
2025-12-19 12:47:05.605085,10,"stress_label",5,2,0.03125,0.47093023255814,0.38953488372093,0.430232558139535,5,"top5","eeg_fm_lbeta_power_precond;eeg_fm_specent_precond;eeg_tleft_lbeta_power_precond;eeg_faa_precond;eeg_fl_theta_power_precond"
2025-12-19 12:47:05.617453,10,"stress_label",5,4,0.03125,0.459302325581395,0.401162790697674,NA,5,"top5","eeg_fm_lbeta_power_precond;eeg_fm_specent_precond;eeg_tleft_lbeta_power_precond;eeg_faa_precond;eeg_fl_theta_power_precond"
2025-12-19 12:47:05.639867,10,"stress_label",5,8,0.03125,0.453488372093023,0.430232558139535,NA,5,"top5","eeg_fm_lbeta_power_precond;eeg_fm_specent_precond;eeg_tleft_lbeta_power_precond;eeg_faa_precond;eeg_fl_theta_power_precond"
2025-12-19 12:47:05.685547,10,"stress_label",5,16,0.03125,0.453488372093023,0.406976744186047,NA,5,"top5","eeg_fm_lbeta_power_precond;eeg_fm_specent_precond;eeg_tleft_lbeta_power_precond;eeg_faa_precond;eeg_fl_theta_power_precond"
2025-12-19 12:47:05.679842,10,"stress_label",5,32,0.03125,0.505813953488372,0.343023255813953,NA,5,"top5","eeg_fm_lbeta_power_precond;eeg_fm_specent_precond;eeg_tleft_lbeta_power_precond;eeg_faa_precond;eeg_fl_theta_power_precond"
2025-12-19 12:47:05.76874,10,"stress_label",5,64,0.03125,0.517441860465116,0.436046511627907,NA,5,"top5","eeg_fm_lbeta_power_precond;eeg_fm_specent_precond;eeg_tleft_lbeta_power_precond;eeg_faa_precond;eeg_fl_theta_power_precond"
2025-12-19 12:47:05.854752,10,"stress_label",5,128,0.03125,0.546511627906977,0.354651162790698,NA,5,"top5","eeg_fm_lbeta_power_precond;eeg_fm_specent_precond;eeg_tleft_lbeta_power_precond;eeg_faa_precond;eeg_fl_theta_power_precond"
2025-12-19 12:47:06.077806,10,"stress_label",5,256,0.03125,0.558139534883721,0.459302325581395,NA,5,"top5","eeg_fm_lbeta_power_precond;eeg_fm_specent_precond;eeg_tleft_lbeta_power_precond;eeg_faa_precond;eeg_fl_theta_power_precond"
2025-12-19 12:47:05.709869,10,"stress_label",5,2,0.0625,0.465116279069767,0.465116279069767,NA,5,"top5","eeg_fm_lbeta_power_precond;eeg_fm_specent_precond;eeg_tleft_lbeta_power_precond;eeg_faa_precond;eeg_fl_theta_power_precond"
2025-12-19 12:47:05.731154,10,"stress_label",5,4,0.0625,0.441860465116279,0.372093023255814,NA,5,"top5","eeg_fm_lbeta_power_precond;eeg_fm_specent_precond;eeg_tleft_lbeta_power_precond;eeg_faa_precond;eeg_fl_theta_power_precond"
2025-12-19 12:47:05.788745,10,"stress_label",5,8,0.0625,0.505813953488372,0.313953488372093,NA,5,"top5","eeg_fm_lbeta_power_precond;eeg_fm_specent_precond;eeg_tleft_lbeta_power_precond;eeg_faa_precond;eeg_fl_theta_power_precond"
2025-12-19 12:47:05.889835,10,"stress_label",5,16,0.0625,0.534883720930233,0.377906976744186,NA,5,"top5","eeg_fm_lbeta_power_precond;eeg_fm_specent_precond;eeg_tleft_lbeta_power_precond;eeg_faa_precond;eeg_fl_theta_power_precond"
2025-12-19 12:47:06.839683,10,"stress_label",5,32,0.0625,0.563953488372093,0.412790697674419,NA,5,"top5","eeg_fm_lbeta_power_precond;eeg_fm_specent_precond;eeg_tleft_lbeta_power_precond;eeg_faa_precond;eeg_fl_theta_power_precond"
2025-12-19 12:47:06.97273,10,"stress_label",5,64,0.0625,0.575581395348837,0.511627906976744,NA,5,"top5","eeg_fm_lbeta_power_precond;eeg_fm_specent_precond;eeg_tleft_lbeta_power_precond;eeg_faa_precond;eeg_fl_theta_power_precond"
2025-12-19 12:47:07.068334,10,"stress_label",5,128,0.0625,0.517441860465116,0.511627906976744,NA,5,"top5","eeg_fm_lbeta_power_precond;eeg_fm_specent_precond;eeg_tleft_lbeta_power_precond;eeg_faa_precond;eeg_fl_theta_power_precond"
2025-12-19 12:47:07.510128,10,"stress_label",5,256,0.0625,0.517441860465116,0.447674418604651,NA,5,"top5","eeg_fm_lbeta_power_precond;eeg_fm_specent_precond;eeg_tleft_lbeta_power_precond;eeg_faa_precond;eeg_fl_theta_power_precond"
2025-12-19 12:47:06.772571,10,"stress_label",5,2,0.125,0.529069767441861,0.418604651162791,NA,5,"top5","eeg_fm_lbeta_power_precond;eeg_fm_specent_precond;eeg_tleft_lbeta_power_precond;eeg_faa_precond;eeg_fl_theta_power_precond"
2025-12-19 12:47:06.837317,10,"stress_label",5,4,0.125,0.540697674418605,0.296511627906977,NA,5,"top5","eeg_fm_lbeta_power_precond;eeg_fm_specent_precond;eeg_tleft_lbeta_power_precond;eeg_faa_precond;eeg_fl_theta_power_precond"
2025-12-19 12:47:06.864328,10,"stress_label",5,8,0.125,0.563953488372093,0.447674418604651,NA,5,"top5","eeg_fm_lbeta_power_precond;eeg_fm_specent_precond;eeg_tleft_lbeta_power_precond;eeg_faa_precond;eeg_fl_theta_power_precond"
2025-12-19 12:47:06.919408,10,"stress_label",5,16,0.125,0.575581395348837,0.511627906976744,NA,5,"top5","eeg_fm_lbeta_power_precond;eeg_fm_specent_precond;eeg_tleft_lbeta_power_precond;eeg_faa_precond;eeg_fl_theta_power_precond"
2025-12-19 12:47:06.991378,10,"stress_label",5,32,0.125,0.552325581395349,0.552325581395349,NA,5,"top5","eeg_fm_lbeta_power_precond;eeg_fm_specent_precond;eeg_tleft_lbeta_power_precond;eeg_faa_precond;eeg_fl_theta_power_precond"
2025-12-19 12:47:07.189226,10,"stress_label",5,64,0.125,0.523255813953488,0.459302325581395,NA,5,"top5","eeg_fm_lbeta_power_precond;eeg_fm_specent_precond;eeg_tleft_lbeta_power_precond;eeg_faa_precond;eeg_fl_theta_power_precond"
2025-12-19 12:47:07.556957,10,"stress_label",5,128,0.125,0.517441860465116,0.406976744186047,NA,5,"top5","eeg_fm_lbeta_power_precond;eeg_fm_specent_precond;eeg_tleft_lbeta_power_precond;eeg_faa_precond;eeg_fl_theta_power_precond"
2025-12-19 12:47:07.919663,10,"stress_label",5,256,0.125,0.523255813953488,0.412790697674419,NA,5,"top5","eeg_fm_lbeta_power_precond;eeg_fm_specent_precond;eeg_tleft_lbeta_power_precond;eeg_faa_precond;eeg_fl_theta_power_precond"
2025-12-19 12:47:06.918128,10,"stress_label",5,2,0.03,0.47093023255814,0.383720930232558,0.430232558139535,5,"top5","eeg_fm_lbeta_power_precond;eeg_fm_specent_precond;eeg_tleft_lbeta_power_precond;eeg_faa_precond;eeg_fl_theta_power_precond"
2025-12-19 12:47:07.165086,10,"stress_label",5,4,0.03,0.465116279069767,0.412790697674419,NA,5,"top5","eeg_fm_lbeta_power_precond;eeg_fm_specent_precond;eeg_tleft_lbeta_power_precond;eeg_faa_precond;eeg_fl_theta_power_precond"
2025-12-19 12:47:07.896089,10,"stress_label",5,8,0.03,0.459302325581395,0.494186046511628,NA,5,"top5","eeg_fm_lbeta_power_precond;eeg_fm_specent_precond;eeg_tleft_lbeta_power_precond;eeg_faa_precond;eeg_fl_theta_power_precond"
2025-12-19 12:47:07.95475,10,"stress_label",5,16,0.03,0.441860465116279,0.377906976744186,NA,5,"top5","eeg_fm_lbeta_power_precond;eeg_fm_specent_precond;eeg_tleft_lbeta_power_precond;eeg_faa_precond;eeg_fl_theta_power_precond"
2025-12-19 12:47:07.972443,10,"stress_label",5,32,0.03,0.5,0.465116279069767,NA,5,"top5","eeg_fm_lbeta_power_precond;eeg_fm_specent_precond;eeg_tleft_lbeta_power_precond;eeg_faa_precond;eeg_fl_theta_power_precond"
2025-12-19 12:47:08.089149,10,"stress_label",5,64,0.03,0.517441860465116,0.354651162790698,NA,5,"top5","eeg_fm_lbeta_power_precond;eeg_fm_specent_precond;eeg_tleft_lbeta_power_precond;eeg_faa_precond;eeg_fl_theta_power_precond"
2025-12-19 12:47:08.212164,10,"stress_label",5,128,0.03,0.540697674418605,0.308139534883721,NA,5,"top5","eeg_fm_lbeta_power_precond;eeg_fm_specent_precond;eeg_tleft_lbeta_power_precond;eeg_faa_precond;eeg_fl_theta_power_precond"
2025-12-19 12:47:08.442387,10,"stress_label",5,256,0.03,0.563953488372093,0.36046511627907,NA,5,"top5","eeg_fm_lbeta_power_precond;eeg_fm_specent_precond;eeg_tleft_lbeta_power_precond;eeg_faa_precond;eeg_fl_theta_power_precond"
2025-12-19 12:47:08.058104,10,"stress_label",5,2,0.06,0.465116279069767,0.395348837209302,NA,5,"top5","eeg_fm_lbeta_power_precond;eeg_fm_specent_precond;eeg_tleft_lbeta_power_precond;eeg_faa_precond;eeg_fl_theta_power_precond"
2025-12-19 12:47:08.083009,10,"stress_label",5,4,0.06,0.447674418604651,0.383720930232558,NA,5,"top5","eeg_fm_lbeta_power_precond;eeg_fm_specent_precond;eeg_tleft_lbeta_power_precond;eeg_faa_precond;eeg_fl_theta_power_precond"
2025-12-19 12:47:08.206815,10,"stress_label",5,8,0.06,0.5,0.38953488372093,NA,5,"top5","eeg_fm_lbeta_power_precond;eeg_fm_specent_precond;eeg_tleft_lbeta_power_precond;eeg_faa_precond;eeg_fl_theta_power_precond"
2025-12-19 12:47:08.324663,10,"stress_label",5,16,0.06,0.529069767441861,0.325581395348837,NA,5,"top5","eeg_fm_lbeta_power_precond;eeg_fm_specent_precond;eeg_tleft_lbeta_power_precond;eeg_faa_precond;eeg_fl_theta_power_precond"
2025-12-19 12:47:08.388738,10,"stress_label",5,32,0.06,0.563953488372093,0.534883720930233,NA,5,"top5","eeg_fm_lbeta_power_precond;eeg_fm_specent_precond;eeg_tleft_lbeta_power_precond;eeg_faa_precond;eeg_fl_theta_power_precond"
2025-12-19 12:47:08.759602,10,"stress_label",5,64,0.06,0.598837209302326,0.465116279069767,NA,5,"top5","eeg_fm_lbeta_power_precond;eeg_fm_specent_precond;eeg_tleft_lbeta_power_precond;eeg_faa_precond;eeg_fl_theta_power_precond"
2025-12-19 12:47:08.904465,10,"stress_label",5,128,0.06,0.529069767441861,0.366279069767442,NA,5,"top5","eeg_fm_lbeta_power_precond;eeg_fm_specent_precond;eeg_tleft_lbeta_power_precond;eeg_faa_precond;eeg_fl_theta_power_precond"
2025-12-19 12:47:09.407456,10,"stress_label",5,256,0.06,0.511627906976744,0.436046511627907,NA,5,"top5","eeg_fm_lbeta_power_precond;eeg_fm_specent_precond;eeg_tleft_lbeta_power_precond;eeg_faa_precond;eeg_fl_theta_power_precond"
2025-12-19 12:47:08.935254,10,"stress_label",5,2,0.1,0.476744186046512,0.401162790697674,NA,5,"top5","eeg_fm_lbeta_power_precond;eeg_fm_specent_precond;eeg_tleft_lbeta_power_precond;eeg_faa_precond;eeg_fl_theta_power_precond"
2025-12-19 12:47:08.970931,10,"stress_label",5,4,0.1,0.540697674418605,0.401162790697674,NA,5,"top5","eeg_fm_lbeta_power_precond;eeg_fm_specent_precond;eeg_tleft_lbeta_power_precond;eeg_faa_precond;eeg_fl_theta_power_precond"
2025-12-19 12:47:09.004179,10,"stress_label",5,8,0.1,0.534883720930233,0.354651162790698,NA,5,"top5","eeg_fm_lbeta_power_precond;eeg_fm_specent_precond;eeg_tleft_lbeta_power_precond;eeg_faa_precond;eeg_fl_theta_power_precond"
2025-12-19 12:47:09.080558,10,"stress_label",5,16,0.1,0.581395348837209,0.476744186046512,NA,5,"top5","eeg_fm_lbeta_power_precond;eeg_fm_specent_precond;eeg_tleft_lbeta_power_precond;eeg_faa_precond;eeg_fl_theta_power_precond"
2025-12-19 12:47:09.138242,10,"stress_label",5,32,0.1,0.552325581395349,0.552325581395349,NA,5,"top5","eeg_fm_lbeta_power_precond;eeg_fm_specent_precond;eeg_tleft_lbeta_power_precond;eeg_faa_precond;eeg_fl_theta_power_precond"
2025-12-19 12:47:09.237205,10,"stress_label",5,64,0.1,0.540697674418605,0.401162790697674,NA,5,"top5","eeg_fm_lbeta_power_precond;eeg_fm_specent_precond;eeg_tleft_lbeta_power_precond;eeg_faa_precond;eeg_fl_theta_power_precond"
2025-12-19 12:47:09.464352,10,"stress_label",5,128,0.1,0.529069767441861,0.546511627906977,NA,5,"top5","eeg_fm_lbeta_power_precond;eeg_fm_specent_precond;eeg_tleft_lbeta_power_precond;eeg_faa_precond;eeg_fl_theta_power_precond"
2025-12-19 12:47:09.725003,10,"stress_label",5,256,0.1,0.523255813953488,0.430232558139535,NA,5,"top5","eeg_fm_lbeta_power_precond;eeg_fm_specent_precond;eeg_tleft_lbeta_power_precond;eeg_faa_precond;eeg_fl_theta_power_precond"
2025-12-19 12:47:10.994349,11,"stress_label",5,2,0.0078125,0.47093023255814,0.552325581395349,NA,5,"top5","eeg_fm_specent_precond;eeg_fm_beta_power_precond;eeg_faa_precond;eeg_tleft_lbeta_power_precond;eeg_tleft_lalpha_power_precond"
2025-12-19 12:47:10.953569,11,"stress_label",5,4,0.0078125,0.401162790697674,0.558139534883721,0.28062015503876,5,"top5","eeg_fm_specent_precond;eeg_fm_beta_power_precond;eeg_faa_precond;eeg_tleft_lbeta_power_precond;eeg_tleft_lalpha_power_precond"
2025-12-19 12:47:10.981192,11,"stress_label",5,8,0.0078125,0.377906976744186,0.61046511627907,0.248062015503876,5,"top5","eeg_fm_specent_precond;eeg_fm_beta_power_precond;eeg_faa_precond;eeg_tleft_lbeta_power_precond;eeg_tleft_lalpha_power_precond"
2025-12-19 12:47:10.968721,11,"stress_label",5,16,0.0078125,0.401162790697674,0.61046511627907,NA,5,"top5","eeg_fm_specent_precond;eeg_fm_beta_power_precond;eeg_faa_precond;eeg_tleft_lbeta_power_precond;eeg_tleft_lalpha_power_precond"
2025-12-19 12:47:10.986023,11,"stress_label",5,32,0.0078125,0.412790697674419,0.523255813953488,NA,5,"top5","eeg_fm_specent_precond;eeg_fm_beta_power_precond;eeg_faa_precond;eeg_tleft_lbeta_power_precond;eeg_tleft_lalpha_power_precond"
2025-12-19 12:47:11.194009,11,"stress_label",5,64,0.0078125,0.494186046511628,0.488372093023256,NA,5,"top5","eeg_fm_specent_precond;eeg_fm_beta_power_precond;eeg_faa_precond;eeg_tleft_lbeta_power_precond;eeg_tleft_lalpha_power_precond"
2025-12-19 12:47:11.115079,11,"stress_label",5,128,0.0078125,0.534883720930233,0.476744186046512,NA,5,"top5","eeg_fm_specent_precond;eeg_fm_beta_power_precond;eeg_faa_precond;eeg_tleft_lbeta_power_precond;eeg_tleft_lalpha_power_precond"
2025-12-19 12:47:11.143924,11,"stress_label",5,256,0.0078125,0.546511627906977,0.290697674418605,NA,5,"top5","eeg_fm_specent_precond;eeg_fm_beta_power_precond;eeg_faa_precond;eeg_tleft_lbeta_power_precond;eeg_tleft_lalpha_power_precond"
2025-12-19 12:47:11.1131,11,"stress_label",5,2,0.015625,0.412790697674419,0.563953488372093,NA,5,"top5","eeg_fm_specent_precond;eeg_fm_beta_power_precond;eeg_faa_precond;eeg_tleft_lbeta_power_precond;eeg_tleft_lalpha_power_precond"
2025-12-19 12:47:10.995651,11,"stress_label",5,4,0.015625,0.377906976744186,0.581395348837209,0.236434108527132,5,"top5","eeg_fm_specent_precond;eeg_fm_beta_power_precond;eeg_faa_precond;eeg_tleft_lbeta_power_precond;eeg_tleft_lalpha_power_precond"
2025-12-19 12:47:11.020731,11,"stress_label",5,8,0.015625,0.418604651162791,0.5,NA,5,"top5","eeg_fm_specent_precond;eeg_fm_beta_power_precond;eeg_faa_precond;eeg_tleft_lbeta_power_precond;eeg_tleft_lalpha_power_precond"
2025-12-19 12:47:11.01792,11,"stress_label",5,16,0.015625,0.488372093023256,0.5,NA,5,"top5","eeg_fm_specent_precond;eeg_fm_beta_power_precond;eeg_faa_precond;eeg_tleft_lbeta_power_precond;eeg_tleft_lalpha_power_precond"
2025-12-19 12:47:11.082698,11,"stress_label",5,32,0.015625,0.523255813953488,0.383720930232558,NA,5,"top5","eeg_fm_specent_precond;eeg_fm_beta_power_precond;eeg_faa_precond;eeg_tleft_lbeta_power_precond;eeg_tleft_lalpha_power_precond"
2025-12-19 12:47:11.276721,11,"stress_label",5,64,0.015625,0.534883720930233,0.395348837209302,NA,5,"top5","eeg_fm_specent_precond;eeg_fm_beta_power_precond;eeg_faa_precond;eeg_tleft_lbeta_power_precond;eeg_tleft_lalpha_power_precond"
2025-12-19 12:47:12.290075,11,"stress_label",5,128,0.015625,0.552325581395349,0.424418604651163,NA,5,"top5","eeg_fm_specent_precond;eeg_fm_beta_power_precond;eeg_faa_precond;eeg_tleft_lbeta_power_precond;eeg_tleft_lalpha_power_precond"
2025-12-19 12:47:12.573596,11,"stress_label",5,256,0.015625,0.523255813953488,0.412790697674419,NA,5,"top5","eeg_fm_specent_precond;eeg_fm_beta_power_precond;eeg_faa_precond;eeg_tleft_lbeta_power_precond;eeg_tleft_lalpha_power_precond"
2025-12-19 12:47:12.398942,11,"stress_label",5,2,0.03125,0.424418604651163,0.581395348837209,NA,5,"top5","eeg_fm_specent_precond;eeg_fm_beta_power_precond;eeg_faa_precond;eeg_tleft_lbeta_power_precond;eeg_tleft_lalpha_power_precond"
2025-12-19 12:47:12.244004,11,"stress_label",5,4,0.03125,0.453488372093023,0.505813953488372,NA,5,"top5","eeg_fm_specent_precond;eeg_fm_beta_power_precond;eeg_faa_precond;eeg_tleft_lbeta_power_precond;eeg_tleft_lalpha_power_precond"
2025-12-19 12:47:12.337251,11,"stress_label",5,8,0.03125,0.529069767441861,0.395348837209302,NA,5,"top5","eeg_fm_specent_precond;eeg_fm_beta_power_precond;eeg_faa_precond;eeg_tleft_lbeta_power_precond;eeg_tleft_lalpha_power_precond"
2025-12-19 12:47:12.308803,11,"stress_label",5,16,0.03125,0.540697674418605,0.401162790697674,NA,5,"top5","eeg_fm_specent_precond;eeg_fm_beta_power_precond;eeg_faa_precond;eeg_tleft_lbeta_power_precond;eeg_tleft_lalpha_power_precond"
2025-12-19 12:47:12.389976,11,"stress_label",5,32,0.03125,0.534883720930233,0.395348837209302,NA,5,"top5","eeg_fm_specent_precond;eeg_fm_beta_power_precond;eeg_faa_precond;eeg_tleft_lbeta_power_precond;eeg_tleft_lalpha_power_precond"
2025-12-19 12:47:12.445088,11,"stress_label",5,64,0.03125,0.529069767441861,0.401162790697674,NA,5,"top5","eeg_fm_specent_precond;eeg_fm_beta_power_precond;eeg_faa_precond;eeg_tleft_lbeta_power_precond;eeg_tleft_lalpha_power_precond"
2025-12-19 12:47:12.598377,11,"stress_label",5,128,0.03125,0.505813953488372,0.366279069767442,NA,5,"top5","eeg_fm_specent_precond;eeg_fm_beta_power_precond;eeg_faa_precond;eeg_tleft_lbeta_power_precond;eeg_tleft_lalpha_power_precond"
2025-12-19 12:47:12.926363,11,"stress_label",5,256,0.03125,0.540697674418605,0.372093023255814,NA,5,"top5","eeg_fm_specent_precond;eeg_fm_beta_power_precond;eeg_faa_precond;eeg_tleft_lbeta_power_precond;eeg_tleft_lalpha_power_precond"
2025-12-19 12:47:12.461032,11,"stress_label",5,2,0.0625,0.494186046511628,0.447674418604651,NA,5,"top5","eeg_fm_specent_precond;eeg_fm_beta_power_precond;eeg_faa_precond;eeg_tleft_lbeta_power_precond;eeg_tleft_lalpha_power_precond"
2025-12-19 12:47:12.42862,11,"stress_label",5,4,0.0625,0.534883720930233,0.377906976744186,NA,5,"top5","eeg_fm_specent_precond;eeg_fm_beta_power_precond;eeg_faa_precond;eeg_tleft_lbeta_power_precond;eeg_tleft_lalpha_power_precond"
2025-12-19 12:47:12.480154,11,"stress_label",5,8,0.0625,0.546511627906977,0.383720930232558,NA,5,"top5","eeg_fm_specent_precond;eeg_fm_beta_power_precond;eeg_faa_precond;eeg_tleft_lbeta_power_precond;eeg_tleft_lalpha_power_precond"
2025-12-19 12:47:12.608761,11,"stress_label",5,16,0.0625,0.563953488372093,0.319767441860465,NA,5,"top5","eeg_fm_specent_precond;eeg_fm_beta_power_precond;eeg_faa_precond;eeg_tleft_lbeta_power_precond;eeg_tleft_lalpha_power_precond"
2025-12-19 12:47:13.551804,11,"stress_label",5,32,0.0625,0.558139534883721,0.38953488372093,NA,5,"top5","eeg_fm_specent_precond;eeg_fm_beta_power_precond;eeg_faa_precond;eeg_tleft_lbeta_power_precond;eeg_tleft_lalpha_power_precond"
2025-12-19 12:47:13.649001,11,"stress_label",5,64,0.0625,0.569767441860465,0.5,NA,5,"top5","eeg_fm_specent_precond;eeg_fm_beta_power_precond;eeg_faa_precond;eeg_tleft_lbeta_power_precond;eeg_tleft_lalpha_power_precond"
2025-12-19 12:47:13.814713,11,"stress_label",5,128,0.0625,0.5,0.459302325581395,NA,5,"top5","eeg_fm_specent_precond;eeg_fm_beta_power_precond;eeg_faa_precond;eeg_tleft_lbeta_power_precond;eeg_tleft_lalpha_power_precond"
2025-12-19 12:47:14.222904,11,"stress_label",5,256,0.0625,0.511627906976744,0.453488372093023,NA,5,"top5","eeg_fm_specent_precond;eeg_fm_beta_power_precond;eeg_faa_precond;eeg_tleft_lbeta_power_precond;eeg_tleft_lalpha_power_precond"
2025-12-19 12:47:13.494906,11,"stress_label",5,2,0.125,0.517441860465116,0.418604651162791,NA,5,"top5","eeg_fm_specent_precond;eeg_fm_beta_power_precond;eeg_faa_precond;eeg_tleft_lbeta_power_precond;eeg_tleft_lalpha_power_precond"
2025-12-19 12:47:13.526095,11,"stress_label",5,4,0.125,0.558139534883721,0.313953488372093,NA,5,"top5","eeg_fm_specent_precond;eeg_fm_beta_power_precond;eeg_faa_precond;eeg_tleft_lbeta_power_precond;eeg_tleft_lalpha_power_precond"
2025-12-19 12:47:13.650181,11,"stress_label",5,8,0.125,0.575581395348837,0.459302325581395,NA,5,"top5","eeg_fm_specent_precond;eeg_fm_beta_power_precond;eeg_faa_precond;eeg_tleft_lbeta_power_precond;eeg_tleft_lalpha_power_precond"
2025-12-19 12:47:13.680542,11,"stress_label",5,16,0.125,0.546511627906977,0.406976744186047,NA,5,"top5","eeg_fm_specent_precond;eeg_fm_beta_power_precond;eeg_faa_precond;eeg_tleft_lbeta_power_precond;eeg_tleft_lalpha_power_precond"
2025-12-19 12:47:13.741649,11,"stress_label",5,32,0.125,0.529069767441861,0.401162790697674,NA,5,"top5","eeg_fm_specent_precond;eeg_fm_beta_power_precond;eeg_faa_precond;eeg_tleft_lbeta_power_precond;eeg_tleft_lalpha_power_precond"
2025-12-19 12:47:13.898535,11,"stress_label",5,64,0.125,0.482558139534884,0.5,NA,5,"top5","eeg_fm_specent_precond;eeg_fm_beta_power_precond;eeg_faa_precond;eeg_tleft_lbeta_power_precond;eeg_tleft_lalpha_power_precond"
2025-12-19 12:47:14.260375,11,"stress_label",5,128,0.125,0.447674418604651,0.540697674418605,NA,5,"top5","eeg_fm_specent_precond;eeg_fm_beta_power_precond;eeg_faa_precond;eeg_tleft_lbeta_power_precond;eeg_tleft_lalpha_power_precond"
2025-12-19 12:47:14.780545,11,"stress_label",5,256,0.125,0.482558139534884,0.482558139534884,NA,5,"top5","eeg_fm_specent_precond;eeg_fm_beta_power_precond;eeg_faa_precond;eeg_tleft_lbeta_power_precond;eeg_tleft_lalpha_power_precond"
2025-12-19 12:47:13.776623,11,"stress_label",5,2,0.03,0.424418604651163,0.540697674418605,NA,5,"top5","eeg_fm_specent_precond;eeg_fm_beta_power_precond;eeg_faa_precond;eeg_tleft_lbeta_power_precond;eeg_tleft_lalpha_power_precond"
2025-12-19 12:47:14.043573,11,"stress_label",5,4,0.03,0.453488372093023,0.563953488372093,NA,5,"top5","eeg_fm_specent_precond;eeg_fm_beta_power_precond;eeg_faa_precond;eeg_tleft_lbeta_power_precond;eeg_tleft_lalpha_power_precond"
2025-12-19 12:47:14.612155,11,"stress_label",5,8,0.03,0.534883720930233,0.5,NA,5,"top5","eeg_fm_specent_precond;eeg_fm_beta_power_precond;eeg_faa_precond;eeg_tleft_lbeta_power_precond;eeg_tleft_lalpha_power_precond"
2025-12-19 12:47:14.674214,11,"stress_label",5,16,0.03,0.540697674418605,0.424418604651163,NA,5,"top5","eeg_fm_specent_precond;eeg_fm_beta_power_precond;eeg_faa_precond;eeg_tleft_lbeta_power_precond;eeg_tleft_lalpha_power_precond"
2025-12-19 12:47:14.72809,11,"stress_label",5,32,0.03,0.529069767441861,0.366279069767442,NA,5,"top5","eeg_fm_specent_precond;eeg_fm_beta_power_precond;eeg_faa_precond;eeg_tleft_lbeta_power_precond;eeg_tleft_lalpha_power_precond"
2025-12-19 12:47:14.901713,11,"stress_label",5,64,0.03,0.517441860465116,0.395348837209302,NA,5,"top5","eeg_fm_specent_precond;eeg_fm_beta_power_precond;eeg_faa_precond;eeg_tleft_lbeta_power_precond;eeg_tleft_lalpha_power_precond"
2025-12-19 12:47:15.004816,11,"stress_label",5,128,0.03,0.5,0.418604651162791,NA,5,"top5","eeg_fm_specent_precond;eeg_fm_beta_power_precond;eeg_faa_precond;eeg_tleft_lbeta_power_precond;eeg_tleft_lalpha_power_precond"
2025-12-19 12:47:15.248682,11,"stress_label",5,256,0.03,0.540697674418605,0.395348837209302,NA,5,"top5","eeg_fm_specent_precond;eeg_fm_beta_power_precond;eeg_faa_precond;eeg_tleft_lbeta_power_precond;eeg_tleft_lalpha_power_precond"
2025-12-19 12:47:14.860751,11,"stress_label",5,2,0.06,0.5,0.476744186046512,NA,5,"top5","eeg_fm_specent_precond;eeg_fm_beta_power_precond;eeg_faa_precond;eeg_tleft_lbeta_power_precond;eeg_tleft_lalpha_power_precond"
2025-12-19 12:47:14.898076,11,"stress_label",5,4,0.06,0.540697674418605,0.401162790697674,NA,5,"top5","eeg_fm_specent_precond;eeg_fm_beta_power_precond;eeg_faa_precond;eeg_tleft_lbeta_power_precond;eeg_tleft_lalpha_power_precond"
2025-12-19 12:47:14.947383,11,"stress_label",5,8,0.06,0.552325581395349,0.372093023255814,NA,5,"top5","eeg_fm_specent_precond;eeg_fm_beta_power_precond;eeg_faa_precond;eeg_tleft_lbeta_power_precond;eeg_tleft_lalpha_power_precond"
2025-12-19 12:47:15.045929,11,"stress_label",5,16,0.06,0.546511627906977,0.453488372093023,NA,5,"top5","eeg_fm_specent_precond;eeg_fm_beta_power_precond;eeg_faa_precond;eeg_tleft_lbeta_power_precond;eeg_tleft_lalpha_power_precond"
2025-12-19 12:47:15.282025,11,"stress_label",5,32,0.06,0.546511627906977,0.377906976744186,NA,5,"top5","eeg_fm_specent_precond;eeg_fm_beta_power_precond;eeg_faa_precond;eeg_tleft_lbeta_power_precond;eeg_tleft_lalpha_power_precond"
2025-12-19 12:47:15.505056,11,"stress_label",5,64,0.06,0.569767441860465,0.436046511627907,NA,5,"top5","eeg_fm_specent_precond;eeg_fm_beta_power_precond;eeg_faa_precond;eeg_tleft_lbeta_power_precond;eeg_tleft_lalpha_power_precond"
2025-12-19 12:47:15.617427,11,"stress_label",5,128,0.06,0.505813953488372,0.517441860465116,NA,5,"top5","eeg_fm_specent_precond;eeg_fm_beta_power_precond;eeg_faa_precond;eeg_tleft_lbeta_power_precond;eeg_tleft_lalpha_power_precond"
2025-12-19 12:47:16.134997,11,"stress_label",5,256,0.06,0.523255813953488,0.5,NA,5,"top5","eeg_fm_specent_precond;eeg_fm_beta_power_precond;eeg_faa_precond;eeg_tleft_lbeta_power_precond;eeg_tleft_lalpha_power_precond"
2025-12-19 12:47:15.643679,11,"stress_label",5,2,0.1,0.523255813953488,0.348837209302326,NA,5,"top5","eeg_fm_specent_precond;eeg_fm_beta_power_precond;eeg_faa_precond;eeg_tleft_lbeta_power_precond;eeg_tleft_lalpha_power_precond"
2025-12-19 12:47:15.746813,11,"stress_label",5,4,0.1,0.558139534883721,0.406976744186047,NA,5,"top5","eeg_fm_specent_precond;eeg_fm_beta_power_precond;eeg_faa_precond;eeg_tleft_lbeta_power_precond;eeg_tleft_lalpha_power_precond"
2025-12-19 12:47:15.820365,11,"stress_label",5,8,0.1,0.575581395348837,0.348837209302326,NA,5,"top5","eeg_fm_specent_precond;eeg_fm_beta_power_precond;eeg_faa_precond;eeg_tleft_lbeta_power_precond;eeg_tleft_lalpha_power_precond"
2025-12-19 12:47:15.882001,11,"stress_label",5,16,0.1,0.569767441860465,0.418604651162791,NA,5,"top5","eeg_fm_specent_precond;eeg_fm_beta_power_precond;eeg_faa_precond;eeg_tleft_lbeta_power_precond;eeg_tleft_lalpha_power_precond"
2025-12-19 12:47:15.982356,11,"stress_label",5,32,0.1,0.523255813953488,0.366279069767442,NA,5,"top5","eeg_fm_specent_precond;eeg_fm_beta_power_precond;eeg_faa_precond;eeg_tleft_lbeta_power_precond;eeg_tleft_lalpha_power_precond"
2025-12-19 12:47:16.035404,11,"stress_label",5,64,0.1,0.505813953488372,0.447674418604651,NA,5,"top5","eeg_fm_specent_precond;eeg_fm_beta_power_precond;eeg_faa_precond;eeg_tleft_lbeta_power_precond;eeg_tleft_lalpha_power_precond"
2025-12-19 12:47:16.235069,11,"stress_label",5,128,0.1,0.488372093023256,0.511627906976744,NA,5,"top5","eeg_fm_specent_precond;eeg_fm_beta_power_precond;eeg_faa_precond;eeg_tleft_lbeta_power_precond;eeg_tleft_lalpha_power_precond"
2025-12-19 12:47:16.472646,11,"stress_label",5,256,0.1,0.441860465116279,0.534883720930233,NA,5,"top5","eeg_fm_specent_precond;eeg_fm_beta_power_precond;eeg_faa_precond;eeg_tleft_lbeta_power_precond;eeg_tleft_lalpha_power_precond"
2025-12-19 12:47:17.84602,12,"stress_label",5,2,0.0078125,0.505813953488372,0.430232558139535,0.482170542635659,5,"top5","eeg_fm_lbeta_power_precond;eeg_tleft_lbeta_power_precond;eeg_faa_precond;eeg_tleft_lalpha_power_precond;eeg_fl_theta_power_precond"
2025-12-19 12:47:17.800941,12,"stress_label",5,4,0.0078125,0.505813953488372,0.354651162790698,0.484496124031008,5,"top5","eeg_fm_lbeta_power_precond;eeg_tleft_lbeta_power_precond;eeg_faa_precond;eeg_tleft_lalpha_power_precond;eeg_fl_theta_power_precond"
2025-12-19 12:47:17.866796,12,"stress_label",5,8,0.0078125,0.523255813953488,0.377906976744186,0.506201550387597,5,"top5","eeg_fm_lbeta_power_precond;eeg_tleft_lbeta_power_precond;eeg_faa_precond;eeg_tleft_lalpha_power_precond;eeg_fl_theta_power_precond"
2025-12-19 12:47:17.878237,12,"stress_label",5,16,0.0078125,0.5,0.348837209302326,0.493023255813954,5,"top5","eeg_fm_lbeta_power_precond;eeg_tleft_lbeta_power_precond;eeg_faa_precond;eeg_tleft_lalpha_power_precond;eeg_fl_theta_power_precond"
2025-12-19 12:47:17.845614,12,"stress_label",5,32,0.0078125,0.505813953488372,0.395348837209302,0.490697674418605,5,"top5","eeg_fm_lbeta_power_precond;eeg_tleft_lbeta_power_precond;eeg_faa_precond;eeg_tleft_lalpha_power_precond;eeg_fl_theta_power_precond"
2025-12-19 12:47:17.78402,12,"stress_label",5,64,0.0078125,0.482558139534884,0.366279069767442,0.461240310077519,5,"top5","eeg_fm_lbeta_power_precond;eeg_tleft_lbeta_power_precond;eeg_faa_precond;eeg_tleft_lalpha_power_precond;eeg_fl_theta_power_precond"
2025-12-19 12:47:17.843482,12,"stress_label",5,128,0.0078125,0.465116279069767,0.412790697674419,0.411627906976744,5,"top5","eeg_fm_lbeta_power_precond;eeg_tleft_lbeta_power_precond;eeg_faa_precond;eeg_tleft_lalpha_power_precond;eeg_fl_theta_power_precond"
2025-12-19 12:47:17.985358,12,"stress_label",5,256,0.0078125,0.465116279069767,0.38953488372093,NA,5,"top5","eeg_fm_lbeta_power_precond;eeg_tleft_lbeta_power_precond;eeg_faa_precond;eeg_tleft_lalpha_power_precond;eeg_fl_theta_power_precond"
2025-12-19 12:47:17.842054,12,"stress_label",5,2,0.015625,0.505813953488372,0.383720930232558,0.493023255813954,5,"top5","eeg_fm_lbeta_power_precond;eeg_tleft_lbeta_power_precond;eeg_faa_precond;eeg_tleft_lalpha_power_precond;eeg_fl_theta_power_precond"
2025-12-19 12:47:17.81409,12,"stress_label",5,4,0.015625,0.517441860465116,0.348837209302326,0.498449612403101,5,"top5","eeg_fm_lbeta_power_precond;eeg_tleft_lbeta_power_precond;eeg_faa_precond;eeg_tleft_lalpha_power_precond;eeg_fl_theta_power_precond"
2025-12-19 12:47:17.796373,12,"stress_label",5,8,0.015625,0.494186046511628,0.476744186046512,0.475968992248062,5,"top5","eeg_fm_lbeta_power_precond;eeg_tleft_lbeta_power_precond;eeg_faa_precond;eeg_tleft_lalpha_power_precond;eeg_fl_theta_power_precond"
2025-12-19 12:47:17.848626,12,"stress_label",5,16,0.015625,0.494186046511628,0.406976744186047,0.475193798449612,5,"top5","eeg_fm_lbeta_power_precond;eeg_tleft_lbeta_power_precond;eeg_faa_precond;eeg_tleft_lalpha_power_precond;eeg_fl_theta_power_precond"
2025-12-19 12:47:17.808356,12,"stress_label",5,32,0.015625,0.453488372093023,0.296511627906977,0.393798449612403,5,"top5","eeg_fm_lbeta_power_precond;eeg_tleft_lbeta_power_precond;eeg_faa_precond;eeg_tleft_lalpha_power_precond;eeg_fl_theta_power_precond"
2025-12-19 12:47:17.932234,12,"stress_label",5,64,0.015625,0.465116279069767,0.308139534883721,NA,5,"top5","eeg_fm_lbeta_power_precond;eeg_tleft_lbeta_power_precond;eeg_faa_precond;eeg_tleft_lalpha_power_precond;eeg_fl_theta_power_precond"
2025-12-19 12:47:18.977991,12,"stress_label",5,128,0.015625,0.529069767441861,0.372093023255814,NA,5,"top5","eeg_fm_lbeta_power_precond;eeg_tleft_lbeta_power_precond;eeg_faa_precond;eeg_tleft_lalpha_power_precond;eeg_fl_theta_power_precond"
2025-12-19 12:47:19.106224,12,"stress_label",5,256,0.015625,0.581395348837209,0.418604651162791,NA,5,"top5","eeg_fm_lbeta_power_precond;eeg_tleft_lbeta_power_precond;eeg_faa_precond;eeg_tleft_lalpha_power_precond;eeg_fl_theta_power_precond"
2025-12-19 12:47:18.904336,12,"stress_label",5,2,0.03125,0.5,0.372093023255814,0.484496124031008,5,"top5","eeg_fm_lbeta_power_precond;eeg_tleft_lbeta_power_precond;eeg_faa_precond;eeg_tleft_lalpha_power_precond;eeg_fl_theta_power_precond"
2025-12-19 12:47:18.885971,12,"stress_label",5,4,0.03125,0.5,0.453488372093023,0.482170542635659,5,"top5","eeg_fm_lbeta_power_precond;eeg_tleft_lbeta_power_precond;eeg_faa_precond;eeg_tleft_lalpha_power_precond;eeg_fl_theta_power_precond"
2025-12-19 12:47:18.884464,12,"stress_label",5,8,0.03125,0.447674418604651,0.372093023255814,0.393023255813953,5,"top5","eeg_fm_lbeta_power_precond;eeg_tleft_lbeta_power_precond;eeg_faa_precond;eeg_tleft_lalpha_power_precond;eeg_fl_theta_power_precond"
2025-12-19 12:47:18.985266,12,"stress_label",5,16,0.03125,0.465116279069767,0.424418604651163,NA,5,"top5","eeg_fm_lbeta_power_precond;eeg_tleft_lbeta_power_precond;eeg_faa_precond;eeg_tleft_lalpha_power_precond;eeg_fl_theta_power_precond"
2025-12-19 12:47:18.980922,12,"stress_label",5,32,0.03125,0.523255813953488,0.36046511627907,NA,5,"top5","eeg_fm_lbeta_power_precond;eeg_tleft_lbeta_power_precond;eeg_faa_precond;eeg_tleft_lalpha_power_precond;eeg_fl_theta_power_precond"
2025-12-19 12:47:19.024346,12,"stress_label",5,64,0.03125,0.581395348837209,0.418604651162791,NA,5,"top5","eeg_fm_lbeta_power_precond;eeg_tleft_lbeta_power_precond;eeg_faa_precond;eeg_tleft_lalpha_power_precond;eeg_fl_theta_power_precond"
2025-12-19 12:47:19.116153,12,"stress_label",5,128,0.03125,0.546511627906977,0.453488372093023,NA,5,"top5","eeg_fm_lbeta_power_precond;eeg_tleft_lbeta_power_precond;eeg_faa_precond;eeg_tleft_lalpha_power_precond;eeg_fl_theta_power_precond"
2025-12-19 12:47:19.320689,12,"stress_label",5,256,0.03125,0.529069767441861,0.343023255813953,NA,5,"top5","eeg_fm_lbeta_power_precond;eeg_tleft_lbeta_power_precond;eeg_faa_precond;eeg_tleft_lalpha_power_precond;eeg_fl_theta_power_precond"
2025-12-19 12:47:18.965538,12,"stress_label",5,2,0.0625,0.482558139534884,0.401162790697674,0.465116279069767,5,"top5","eeg_fm_lbeta_power_precond;eeg_tleft_lbeta_power_precond;eeg_faa_precond;eeg_tleft_lalpha_power_precond;eeg_fl_theta_power_precond"
2025-12-19 12:47:18.961485,12,"stress_label",5,4,0.0625,0.465116279069767,0.505813953488372,0.445736434108527,5,"top5","eeg_fm_lbeta_power_precond;eeg_tleft_lbeta_power_precond;eeg_faa_precond;eeg_tleft_lalpha_power_precond;eeg_fl_theta_power_precond"
2025-12-19 12:47:19.069159,12,"stress_label",5,8,0.0625,0.517441860465116,0.383720930232558,NA,5,"top5","eeg_fm_lbeta_power_precond;eeg_tleft_lbeta_power_precond;eeg_faa_precond;eeg_tleft_lalpha_power_precond;eeg_fl_theta_power_precond"
2025-12-19 12:47:19.107266,12,"stress_label",5,16,0.0625,0.558139534883721,0.447674418604651,NA,5,"top5","eeg_fm_lbeta_power_precond;eeg_tleft_lbeta_power_precond;eeg_faa_precond;eeg_tleft_lalpha_power_precond;eeg_fl_theta_power_precond"
2025-12-19 12:47:20.117847,12,"stress_label",5,32,0.0625,0.517441860465116,0.47093023255814,NA,5,"top5","eeg_fm_lbeta_power_precond;eeg_tleft_lbeta_power_precond;eeg_faa_precond;eeg_tleft_lalpha_power_precond;eeg_fl_theta_power_precond"
2025-12-19 12:47:20.225483,12,"stress_label",5,64,0.0625,0.529069767441861,0.482558139534884,NA,5,"top5","eeg_fm_lbeta_power_precond;eeg_tleft_lbeta_power_precond;eeg_faa_precond;eeg_tleft_lalpha_power_precond;eeg_fl_theta_power_precond"
2025-12-19 12:47:20.37259,12,"stress_label",5,128,0.0625,0.523255813953488,0.418604651162791,NA,5,"top5","eeg_fm_lbeta_power_precond;eeg_tleft_lbeta_power_precond;eeg_faa_precond;eeg_tleft_lalpha_power_precond;eeg_fl_theta_power_precond"
2025-12-19 12:47:20.722228,12,"stress_label",5,256,0.0625,0.534883720930233,0.430232558139535,NA,5,"top5","eeg_fm_lbeta_power_precond;eeg_tleft_lbeta_power_precond;eeg_faa_precond;eeg_tleft_lalpha_power_precond;eeg_fl_theta_power_precond"
2025-12-19 12:47:20.090082,12,"stress_label",5,2,0.125,0.529069767441861,0.482558139534884,NA,5,"top5","eeg_fm_lbeta_power_precond;eeg_tleft_lbeta_power_precond;eeg_faa_precond;eeg_tleft_lalpha_power_precond;eeg_fl_theta_power_precond"
2025-12-19 12:47:20.122111,12,"stress_label",5,4,0.125,0.569767441860465,0.47093023255814,NA,5,"top5","eeg_fm_lbeta_power_precond;eeg_tleft_lbeta_power_precond;eeg_faa_precond;eeg_tleft_lalpha_power_precond;eeg_fl_theta_power_precond"
2025-12-19 12:47:20.153529,12,"stress_label",5,8,0.125,0.575581395348837,0.465116279069767,NA,5,"top5","eeg_fm_lbeta_power_precond;eeg_tleft_lbeta_power_precond;eeg_faa_precond;eeg_tleft_lalpha_power_precond;eeg_fl_theta_power_precond"
2025-12-19 12:47:20.193161,12,"stress_label",5,16,0.125,0.552325581395349,0.476744186046512,NA,5,"top5","eeg_fm_lbeta_power_precond;eeg_tleft_lbeta_power_precond;eeg_faa_precond;eeg_tleft_lalpha_power_precond;eeg_fl_theta_power_precond"
2025-12-19 12:47:20.276244,12,"stress_label",5,32,0.125,0.552325581395349,0.441860465116279,NA,5,"top5","eeg_fm_lbeta_power_precond;eeg_tleft_lbeta_power_precond;eeg_faa_precond;eeg_tleft_lalpha_power_precond;eeg_fl_theta_power_precond"
2025-12-19 12:47:20.513415,12,"stress_label",5,64,0.125,0.540697674418605,0.418604651162791,NA,5,"top5","eeg_fm_lbeta_power_precond;eeg_tleft_lbeta_power_precond;eeg_faa_precond;eeg_tleft_lalpha_power_precond;eeg_fl_theta_power_precond"
2025-12-19 12:47:20.767788,12,"stress_label",5,128,0.125,0.529069767441861,0.546511627906977,NA,5,"top5","eeg_fm_lbeta_power_precond;eeg_tleft_lbeta_power_precond;eeg_faa_precond;eeg_tleft_lalpha_power_precond;eeg_fl_theta_power_precond"
2025-12-19 12:47:21.174781,12,"stress_label",5,256,0.125,0.482558139534884,0.401162790697674,NA,5,"top5","eeg_fm_lbeta_power_precond;eeg_tleft_lbeta_power_precond;eeg_faa_precond;eeg_tleft_lalpha_power_precond;eeg_fl_theta_power_precond"
2025-12-19 12:47:20.229081,12,"stress_label",5,2,0.03,0.5,0.343023255813953,0.484496124031008,5,"top5","eeg_fm_lbeta_power_precond;eeg_tleft_lbeta_power_precond;eeg_faa_precond;eeg_tleft_lalpha_power_precond;eeg_fl_theta_power_precond"
2025-12-19 12:47:20.475393,12,"stress_label",5,4,0.03,0.5,0.395348837209302,0.482170542635659,5,"top5","eeg_fm_lbeta_power_precond;eeg_tleft_lbeta_power_precond;eeg_faa_precond;eeg_tleft_lalpha_power_precond;eeg_fl_theta_power_precond"
2025-12-19 12:47:21.176301,12,"stress_label",5,8,0.03,0.459302325581395,0.395348837209302,0.413953488372093,5,"top5","eeg_fm_lbeta_power_precond;eeg_tleft_lbeta_power_precond;eeg_faa_precond;eeg_tleft_lalpha_power_precond;eeg_fl_theta_power_precond"
2025-12-19 12:47:21.189396,12,"stress_label",5,16,0.03,0.47093023255814,0.366279069767442,NA,5,"top5","eeg_fm_lbeta_power_precond;eeg_tleft_lbeta_power_precond;eeg_faa_precond;eeg_tleft_lalpha_power_precond;eeg_fl_theta_power_precond"
2025-12-19 12:47:21.257128,12,"stress_label",5,32,0.03,0.494186046511628,0.366279069767442,NA,5,"top5","eeg_fm_lbeta_power_precond;eeg_tleft_lbeta_power_precond;eeg_faa_precond;eeg_tleft_lalpha_power_precond;eeg_fl_theta_power_precond"
2025-12-19 12:47:21.286805,12,"stress_label",5,64,0.03,0.563953488372093,0.38953488372093,NA,5,"top5","eeg_fm_lbeta_power_precond;eeg_tleft_lbeta_power_precond;eeg_faa_precond;eeg_tleft_lalpha_power_precond;eeg_fl_theta_power_precond"
2025-12-19 12:47:21.401602,12,"stress_label",5,128,0.03,0.546511627906977,0.505813953488372,NA,5,"top5","eeg_fm_lbeta_power_precond;eeg_tleft_lbeta_power_precond;eeg_faa_precond;eeg_tleft_lalpha_power_precond;eeg_fl_theta_power_precond"
2025-12-19 12:47:21.591806,12,"stress_label",5,256,0.03,0.534883720930233,0.401162790697674,NA,5,"top5","eeg_fm_lbeta_power_precond;eeg_tleft_lbeta_power_precond;eeg_faa_precond;eeg_tleft_lalpha_power_precond;eeg_fl_theta_power_precond"
2025-12-19 12:47:21.281776,12,"stress_label",5,2,0.06,0.488372093023256,0.343023255813953,0.476744186046512,5,"top5","eeg_fm_lbeta_power_precond;eeg_tleft_lbeta_power_precond;eeg_faa_precond;eeg_tleft_lalpha_power_precond;eeg_fl_theta_power_precond"
2025-12-19 12:47:21.305575,12,"stress_label",5,4,0.06,0.459302325581395,0.395348837209302,NA,5,"top5","eeg_fm_lbeta_power_precond;eeg_tleft_lbeta_power_precond;eeg_faa_precond;eeg_tleft_lalpha_power_precond;eeg_fl_theta_power_precond"
2025-12-19 12:47:21.44096,12,"stress_label",5,8,0.06,0.517441860465116,0.401162790697674,NA,5,"top5","eeg_fm_lbeta_power_precond;eeg_tleft_lbeta_power_precond;eeg_faa_precond;eeg_tleft_lalpha_power_precond;eeg_fl_theta_power_precond"
2025-12-19 12:47:21.559774,12,"stress_label",5,16,0.06,0.552325581395349,0.401162790697674,NA,5,"top5","eeg_fm_lbeta_power_precond;eeg_tleft_lbeta_power_precond;eeg_faa_precond;eeg_tleft_lalpha_power_precond;eeg_fl_theta_power_precond"
2025-12-19 12:47:21.645004,12,"stress_label",5,32,0.06,0.523255813953488,0.372093023255814,NA,5,"top5","eeg_fm_lbeta_power_precond;eeg_tleft_lbeta_power_precond;eeg_faa_precond;eeg_tleft_lalpha_power_precond;eeg_fl_theta_power_precond"
2025-12-19 12:47:21.903642,12,"stress_label",5,64,0.06,0.534883720930233,0.511627906976744,NA,5,"top5","eeg_fm_lbeta_power_precond;eeg_tleft_lbeta_power_precond;eeg_faa_precond;eeg_tleft_lalpha_power_precond;eeg_fl_theta_power_precond"
2025-12-19 12:47:22.065683,12,"stress_label",5,128,0.06,0.517441860465116,0.401162790697674,NA,5,"top5","eeg_fm_lbeta_power_precond;eeg_tleft_lbeta_power_precond;eeg_faa_precond;eeg_tleft_lalpha_power_precond;eeg_fl_theta_power_precond"
2025-12-19 12:47:22.564418,12,"stress_label",5,256,0.06,0.540697674418605,0.424418604651163,NA,5,"top5","eeg_fm_lbeta_power_precond;eeg_tleft_lbeta_power_precond;eeg_faa_precond;eeg_tleft_lalpha_power_precond;eeg_fl_theta_power_precond"
2025-12-19 12:47:22.121852,12,"stress_label",5,2,0.1,0.5,0.377906976744186,0.496899224806202,5,"top5","eeg_fm_lbeta_power_precond;eeg_tleft_lbeta_power_precond;eeg_faa_precond;eeg_tleft_lalpha_power_precond;eeg_fl_theta_power_precond"
2025-12-19 12:47:22.140258,12,"stress_label",5,4,0.1,0.546511627906977,0.383720930232558,0.547286821705426,5,"top5","eeg_fm_lbeta_power_precond;eeg_tleft_lbeta_power_precond;eeg_faa_precond;eeg_tleft_lalpha_power_precond;eeg_fl_theta_power_precond"
2025-12-19 12:47:22.220216,12,"stress_label",5,8,0.1,0.569767441860465,0.447674418604651,NA,5,"top5","eeg_fm_lbeta_power_precond;eeg_tleft_lbeta_power_precond;eeg_faa_precond;eeg_tleft_lalpha_power_precond;eeg_fl_theta_power_precond"
2025-12-19 12:47:22.289411,12,"stress_label",5,16,0.1,0.540697674418605,0.424418604651163,NA,5,"top5","eeg_fm_lbeta_power_precond;eeg_tleft_lbeta_power_precond;eeg_faa_precond;eeg_tleft_lalpha_power_precond;eeg_fl_theta_power_precond"
2025-12-19 12:47:22.29588,12,"stress_label",5,32,0.1,0.534883720930233,0.453488372093023,NA,5,"top5","eeg_fm_lbeta_power_precond;eeg_tleft_lbeta_power_precond;eeg_faa_precond;eeg_tleft_lalpha_power_precond;eeg_fl_theta_power_precond"
2025-12-19 12:47:22.416123,12,"stress_label",5,64,0.1,0.546511627906977,0.476744186046512,NA,5,"top5","eeg_fm_lbeta_power_precond;eeg_tleft_lbeta_power_precond;eeg_faa_precond;eeg_tleft_lalpha_power_precond;eeg_fl_theta_power_precond"
2025-12-19 12:47:22.602175,12,"stress_label",5,128,0.1,0.540697674418605,0.424418604651163,NA,5,"top5","eeg_fm_lbeta_power_precond;eeg_tleft_lbeta_power_precond;eeg_faa_precond;eeg_tleft_lalpha_power_precond;eeg_fl_theta_power_precond"
2025-12-19 12:47:22.877989,12,"stress_label",5,256,0.1,0.517441860465116,0.424418604651163,NA,5,"top5","eeg_fm_lbeta_power_precond;eeg_tleft_lbeta_power_precond;eeg_faa_precond;eeg_tleft_lalpha_power_precond;eeg_fl_theta_power_precond"
2025-12-19 12:47:24.188783,13,"stress_label",5,2,0.0078125,0.511627906976744,0.5,0.473643410852713,5,"top5","eeg_fm_lbeta_power_precond;eeg_tleft_lbeta_power_precond;eeg_faa_precond;eeg_pright_specent_precond;eeg_tleft_lalpha_power_precond"
2025-12-19 12:47:24.184205,13,"stress_label",5,4,0.0078125,0.529069767441861,0.459302325581395,0.484496124031008,5,"top5","eeg_fm_lbeta_power_precond;eeg_tleft_lbeta_power_precond;eeg_faa_precond;eeg_pright_specent_precond;eeg_tleft_lalpha_power_precond"
2025-12-19 12:47:24.208053,13,"stress_label",5,8,0.0078125,0.511627906976744,0.424418604651163,0.471317829457364,5,"top5","eeg_fm_lbeta_power_precond;eeg_tleft_lbeta_power_precond;eeg_faa_precond;eeg_pright_specent_precond;eeg_tleft_lalpha_power_precond"
2025-12-19 12:47:24.200103,13,"stress_label",5,16,0.0078125,0.5,0.401162790697674,NA,5,"top5","eeg_fm_lbeta_power_precond;eeg_tleft_lbeta_power_precond;eeg_faa_precond;eeg_pright_specent_precond;eeg_tleft_lalpha_power_precond"
2025-12-19 12:47:24.20985,13,"stress_label",5,32,0.0078125,0.47093023255814,0.383720930232558,0.396899224806202,5,"top5","eeg_fm_lbeta_power_precond;eeg_tleft_lbeta_power_precond;eeg_faa_precond;eeg_pright_specent_precond;eeg_tleft_lalpha_power_precond"
2025-12-19 12:47:24.201314,13,"stress_label",5,64,0.0078125,0.465116279069767,0.453488372093023,0.414728682170543,5,"top5","eeg_fm_lbeta_power_precond;eeg_tleft_lbeta_power_precond;eeg_faa_precond;eeg_pright_specent_precond;eeg_tleft_lalpha_power_precond"
2025-12-19 12:47:24.277626,13,"stress_label",5,128,0.0078125,0.494186046511628,0.395348837209302,NA,5,"top5","eeg_fm_lbeta_power_precond;eeg_tleft_lbeta_power_precond;eeg_faa_precond;eeg_pright_specent_precond;eeg_tleft_lalpha_power_precond"
2025-12-19 12:47:24.323684,13,"stress_label",5,256,0.0078125,0.505813953488372,0.372093023255814,NA,5,"top5","eeg_fm_lbeta_power_precond;eeg_tleft_lbeta_power_precond;eeg_faa_precond;eeg_pright_specent_precond;eeg_tleft_lalpha_power_precond"
2025-12-19 12:47:24.185263,13,"stress_label",5,2,0.015625,0.540697674418605,0.38953488372093,0.496899224806202,5,"top5","eeg_fm_lbeta_power_precond;eeg_tleft_lbeta_power_precond;eeg_faa_precond;eeg_pright_specent_precond;eeg_tleft_lalpha_power_precond"
2025-12-19 12:47:24.194972,13,"stress_label",5,4,0.015625,0.517441860465116,0.406976744186047,0.461240310077519,5,"top5","eeg_fm_lbeta_power_precond;eeg_tleft_lbeta_power_precond;eeg_faa_precond;eeg_pright_specent_precond;eeg_tleft_lalpha_power_precond"
2025-12-19 12:47:24.192109,13,"stress_label",5,8,0.015625,0.494186046511628,0.406976744186047,0.426356589147287,5,"top5","eeg_fm_lbeta_power_precond;eeg_tleft_lbeta_power_precond;eeg_faa_precond;eeg_pright_specent_precond;eeg_tleft_lalpha_power_precond"
2025-12-19 12:47:24.187474,13,"stress_label",5,16,0.015625,0.47093023255814,0.424418604651163,0.411627906976744,5,"top5","eeg_fm_lbeta_power_precond;eeg_tleft_lbeta_power_precond;eeg_faa_precond;eeg_pright_specent_precond;eeg_tleft_lalpha_power_precond"
2025-12-19 12:47:24.192319,13,"stress_label",5,32,0.015625,0.488372093023256,0.366279069767442,0.413953488372093,5,"top5","eeg_fm_lbeta_power_precond;eeg_tleft_lbeta_power_precond;eeg_faa_precond;eeg_pright_specent_precond;eeg_tleft_lalpha_power_precond"
2025-12-19 12:47:24.286494,13,"stress_label",5,64,0.015625,0.517441860465116,0.412790697674419,NA,5,"top5","eeg_fm_lbeta_power_precond;eeg_tleft_lbeta_power_precond;eeg_faa_precond;eeg_pright_specent_precond;eeg_tleft_lalpha_power_precond"
2025-12-19 12:47:25.39076,13,"stress_label",5,128,0.015625,0.505813953488372,0.337209302325581,NA,5,"top5","eeg_fm_lbeta_power_precond;eeg_tleft_lbeta_power_precond;eeg_faa_precond;eeg_pright_specent_precond;eeg_tleft_lalpha_power_precond"
2025-12-19 12:47:25.517109,13,"stress_label",5,256,0.015625,0.488372093023256,0.465116279069767,NA,5,"top5","eeg_fm_lbeta_power_precond;eeg_tleft_lbeta_power_precond;eeg_faa_precond;eeg_pright_specent_precond;eeg_tleft_lalpha_power_precond"
2025-12-19 12:47:25.268705,13,"stress_label",5,2,0.03125,0.517441860465116,0.366279069767442,0.465116279069767,5,"top5","eeg_fm_lbeta_power_precond;eeg_tleft_lbeta_power_precond;eeg_faa_precond;eeg_pright_specent_precond;eeg_tleft_lalpha_power_precond"
2025-12-19 12:47:25.257841,13,"stress_label",5,4,0.03125,0.488372093023256,0.424418604651163,0.425581395348837,5,"top5","eeg_fm_lbeta_power_precond;eeg_tleft_lbeta_power_precond;eeg_faa_precond;eeg_pright_specent_precond;eeg_tleft_lalpha_power_precond"
2025-12-19 12:47:25.2787,13,"stress_label",5,8,0.03125,0.482558139534884,0.459302325581395,0.413953488372093,5,"top5","eeg_fm_lbeta_power_precond;eeg_tleft_lbeta_power_precond;eeg_faa_precond;eeg_pright_specent_precond;eeg_tleft_lalpha_power_precond"
2025-12-19 12:47:25.305321,13,"stress_label",5,16,0.03125,0.511627906976744,0.319767441860465,NA,5,"top5","eeg_fm_lbeta_power_precond;eeg_tleft_lbeta_power_precond;eeg_faa_precond;eeg_pright_specent_precond;eeg_tleft_lalpha_power_precond"
2025-12-19 12:47:25.363471,13,"stress_label",5,32,0.03125,0.476744186046512,0.465116279069767,NA,5,"top5","eeg_fm_lbeta_power_precond;eeg_tleft_lbeta_power_precond;eeg_faa_precond;eeg_pright_specent_precond;eeg_tleft_lalpha_power_precond"
2025-12-19 12:47:25.430716,13,"stress_label",5,64,0.03125,0.465116279069767,0.447674418604651,NA,5,"top5","eeg_fm_lbeta_power_precond;eeg_tleft_lbeta_power_precond;eeg_faa_precond;eeg_pright_specent_precond;eeg_tleft_lalpha_power_precond"
2025-12-19 12:47:25.505804,13,"stress_label",5,128,0.03125,0.476744186046512,0.36046511627907,NA,5,"top5","eeg_fm_lbeta_power_precond;eeg_tleft_lbeta_power_precond;eeg_faa_precond;eeg_pright_specent_precond;eeg_tleft_lalpha_power_precond"
2025-12-19 12:47:25.711585,13,"stress_label",5,256,0.03125,0.505813953488372,0.436046511627907,NA,5,"top5","eeg_fm_lbeta_power_precond;eeg_tleft_lbeta_power_precond;eeg_faa_precond;eeg_pright_specent_precond;eeg_tleft_lalpha_power_precond"
2025-12-19 12:47:25.28408,13,"stress_label",5,2,0.0625,0.488372093023256,0.418604651162791,0.428682170542636,5,"top5","eeg_fm_lbeta_power_precond;eeg_tleft_lbeta_power_precond;eeg_faa_precond;eeg_pright_specent_precond;eeg_tleft_lalpha_power_precond"
2025-12-19 12:47:25.364008,13,"stress_label",5,4,0.0625,0.494186046511628,0.372093023255814,NA,5,"top5","eeg_fm_lbeta_power_precond;eeg_tleft_lbeta_power_precond;eeg_faa_precond;eeg_pright_specent_precond;eeg_tleft_lalpha_power_precond"
2025-12-19 12:47:25.404582,13,"stress_label",5,8,0.0625,0.476744186046512,0.47093023255814,NA,5,"top5","eeg_fm_lbeta_power_precond;eeg_tleft_lbeta_power_precond;eeg_faa_precond;eeg_pright_specent_precond;eeg_tleft_lalpha_power_precond"
2025-12-19 12:47:25.474315,13,"stress_label",5,16,0.0625,0.488372093023256,0.366279069767442,NA,5,"top5","eeg_fm_lbeta_power_precond;eeg_tleft_lbeta_power_precond;eeg_faa_precond;eeg_pright_specent_precond;eeg_tleft_lalpha_power_precond"
2025-12-19 12:47:26.427356,13,"stress_label",5,32,0.0625,0.5,0.401162790697674,NA,5,"top5","eeg_fm_lbeta_power_precond;eeg_tleft_lbeta_power_precond;eeg_faa_precond;eeg_pright_specent_precond;eeg_tleft_lalpha_power_precond"
2025-12-19 12:47:26.513069,13,"stress_label",5,64,0.0625,0.511627906976744,0.47093023255814,NA,5,"top5","eeg_fm_lbeta_power_precond;eeg_tleft_lbeta_power_precond;eeg_faa_precond;eeg_pright_specent_precond;eeg_tleft_lalpha_power_precond"
2025-12-19 12:47:26.737588,13,"stress_label",5,128,0.0625,0.529069767441861,0.453488372093023,NA,5,"top5","eeg_fm_lbeta_power_precond;eeg_tleft_lbeta_power_precond;eeg_faa_precond;eeg_pright_specent_precond;eeg_tleft_lalpha_power_precond"
2025-12-19 12:47:27.131047,13,"stress_label",5,256,0.0625,0.534883720930233,0.441860465116279,NA,5,"top5","eeg_fm_lbeta_power_precond;eeg_tleft_lbeta_power_precond;eeg_faa_precond;eeg_pright_specent_precond;eeg_tleft_lalpha_power_precond"
2025-12-19 12:47:26.394052,13,"stress_label",5,2,0.125,0.517441860465116,0.436046511627907,NA,5,"top5","eeg_fm_lbeta_power_precond;eeg_tleft_lbeta_power_precond;eeg_faa_precond;eeg_pright_specent_precond;eeg_tleft_lalpha_power_precond"
2025-12-19 12:47:26.465788,13,"stress_label",5,4,0.125,0.505813953488372,0.401162790697674,NA,5,"top5","eeg_fm_lbeta_power_precond;eeg_tleft_lbeta_power_precond;eeg_faa_precond;eeg_pright_specent_precond;eeg_tleft_lalpha_power_precond"
2025-12-19 12:47:26.463086,13,"stress_label",5,8,0.125,0.511627906976744,0.38953488372093,NA,5,"top5","eeg_fm_lbeta_power_precond;eeg_tleft_lbeta_power_precond;eeg_faa_precond;eeg_pright_specent_precond;eeg_tleft_lalpha_power_precond"
2025-12-19 12:47:26.581613,13,"stress_label",5,16,0.125,0.540697674418605,0.424418604651163,NA,5,"top5","eeg_fm_lbeta_power_precond;eeg_tleft_lbeta_power_precond;eeg_faa_precond;eeg_pright_specent_precond;eeg_tleft_lalpha_power_precond"
2025-12-19 12:47:26.643001,13,"stress_label",5,32,0.125,0.569767441860465,0.447674418604651,NA,5,"top5","eeg_fm_lbeta_power_precond;eeg_tleft_lbeta_power_precond;eeg_faa_precond;eeg_pright_specent_precond;eeg_tleft_lalpha_power_precond"
2025-12-19 12:47:26.837868,13,"stress_label",5,64,0.125,0.552325581395349,0.38953488372093,NA,5,"top5","eeg_fm_lbeta_power_precond;eeg_tleft_lbeta_power_precond;eeg_faa_precond;eeg_pright_specent_precond;eeg_tleft_lalpha_power_precond"
2025-12-19 12:47:27.135255,13,"stress_label",5,128,0.125,0.488372093023256,0.459302325581395,NA,5,"top5","eeg_fm_lbeta_power_precond;eeg_tleft_lbeta_power_precond;eeg_faa_precond;eeg_pright_specent_precond;eeg_tleft_lalpha_power_precond"
2025-12-19 12:47:27.760514,13,"stress_label",5,256,0.125,0.488372093023256,0.412790697674419,NA,5,"top5","eeg_fm_lbeta_power_precond;eeg_tleft_lbeta_power_precond;eeg_faa_precond;eeg_pright_specent_precond;eeg_tleft_lalpha_power_precond"
2025-12-19 12:47:26.579324,13,"stress_label",5,2,0.03,0.517441860465116,0.418604651162791,0.465116279069767,5,"top5","eeg_fm_lbeta_power_precond;eeg_tleft_lbeta_power_precond;eeg_faa_precond;eeg_pright_specent_precond;eeg_tleft_lalpha_power_precond"
2025-12-19 12:47:26.747216,13,"stress_label",5,4,0.03,0.488372093023256,0.436046511627907,0.425581395348837,5,"top5","eeg_fm_lbeta_power_precond;eeg_tleft_lbeta_power_precond;eeg_faa_precond;eeg_pright_specent_precond;eeg_tleft_lalpha_power_precond"
2025-12-19 12:47:27.440278,13,"stress_label",5,8,0.03,0.488372093023256,0.412790697674419,0.421705426356589,5,"top5","eeg_fm_lbeta_power_precond;eeg_tleft_lbeta_power_precond;eeg_faa_precond;eeg_pright_specent_precond;eeg_tleft_lalpha_power_precond"
2025-12-19 12:47:27.500458,13,"stress_label",5,16,0.03,0.505813953488372,0.377906976744186,NA,5,"top5","eeg_fm_lbeta_power_precond;eeg_tleft_lbeta_power_precond;eeg_faa_precond;eeg_pright_specent_precond;eeg_tleft_lalpha_power_precond"
2025-12-19 12:47:27.587946,13,"stress_label",5,32,0.03,0.488372093023256,0.401162790697674,NA,5,"top5","eeg_fm_lbeta_power_precond;eeg_tleft_lbeta_power_precond;eeg_faa_precond;eeg_pright_specent_precond;eeg_tleft_lalpha_power_precond"
2025-12-19 12:47:27.6456,13,"stress_label",5,64,0.03,0.47093023255814,0.430232558139535,NA,5,"top5","eeg_fm_lbeta_power_precond;eeg_tleft_lbeta_power_precond;eeg_faa_precond;eeg_pright_specent_precond;eeg_tleft_lalpha_power_precond"
2025-12-19 12:47:27.886368,13,"stress_label",5,128,0.03,0.476744186046512,0.412790697674419,NA,5,"top5","eeg_fm_lbeta_power_precond;eeg_tleft_lbeta_power_precond;eeg_faa_precond;eeg_pright_specent_precond;eeg_tleft_lalpha_power_precond"
2025-12-19 12:47:28.048302,13,"stress_label",5,256,0.03,0.494186046511628,0.383720930232558,NA,5,"top5","eeg_fm_lbeta_power_precond;eeg_tleft_lbeta_power_precond;eeg_faa_precond;eeg_pright_specent_precond;eeg_tleft_lalpha_power_precond"
2025-12-19 12:47:27.609414,13,"stress_label",5,2,0.06,0.488372093023256,0.372093023255814,0.428682170542636,5,"top5","eeg_fm_lbeta_power_precond;eeg_tleft_lbeta_power_precond;eeg_faa_precond;eeg_pright_specent_precond;eeg_tleft_lalpha_power_precond"
2025-12-19 12:47:27.724153,13,"stress_label",5,4,0.06,0.494186046511628,0.406976744186047,NA,5,"top5","eeg_fm_lbeta_power_precond;eeg_tleft_lbeta_power_precond;eeg_faa_precond;eeg_pright_specent_precond;eeg_tleft_lalpha_power_precond"
2025-12-19 12:47:27.906386,13,"stress_label",5,8,0.06,0.482558139534884,0.412790697674419,NA,5,"top5","eeg_fm_lbeta_power_precond;eeg_tleft_lbeta_power_precond;eeg_faa_precond;eeg_pright_specent_precond;eeg_tleft_lalpha_power_precond"
2025-12-19 12:47:27.891817,13,"stress_label",5,16,0.06,0.494186046511628,0.401162790697674,NA,5,"top5","eeg_fm_lbeta_power_precond;eeg_tleft_lbeta_power_precond;eeg_faa_precond;eeg_pright_specent_precond;eeg_tleft_lalpha_power_precond"
2025-12-19 12:47:28.069728,13,"stress_label",5,32,0.06,0.488372093023256,0.401162790697674,NA,5,"top5","eeg_fm_lbeta_power_precond;eeg_tleft_lbeta_power_precond;eeg_faa_precond;eeg_pright_specent_precond;eeg_tleft_lalpha_power_precond"
2025-12-19 12:47:28.387362,13,"stress_label",5,64,0.06,0.511627906976744,0.430232558139535,NA,5,"top5","eeg_fm_lbeta_power_precond;eeg_tleft_lbeta_power_precond;eeg_faa_precond;eeg_pright_specent_precond;eeg_tleft_lalpha_power_precond"
2025-12-19 12:47:28.588838,13,"stress_label",5,128,0.06,0.523255813953488,0.441860465116279,NA,5,"top5","eeg_fm_lbeta_power_precond;eeg_tleft_lbeta_power_precond;eeg_faa_precond;eeg_pright_specent_precond;eeg_tleft_lalpha_power_precond"
2025-12-19 12:47:29.091996,13,"stress_label",5,256,0.06,0.529069767441861,0.505813953488372,NA,5,"top5","eeg_fm_lbeta_power_precond;eeg_tleft_lbeta_power_precond;eeg_faa_precond;eeg_pright_specent_precond;eeg_tleft_lalpha_power_precond"
2025-12-19 12:47:28.574542,13,"stress_label",5,2,0.1,0.5,0.424418604651163,NA,5,"top5","eeg_fm_lbeta_power_precond;eeg_tleft_lbeta_power_precond;eeg_faa_precond;eeg_pright_specent_precond;eeg_tleft_lalpha_power_precond"
2025-12-19 12:47:28.627692,13,"stress_label",5,4,0.1,0.5,0.383720930232558,NA,5,"top5","eeg_fm_lbeta_power_precond;eeg_tleft_lbeta_power_precond;eeg_faa_precond;eeg_pright_specent_precond;eeg_tleft_lalpha_power_precond"
2025-12-19 12:47:28.697904,13,"stress_label",5,8,0.1,0.5,0.459302325581395,NA,5,"top5","eeg_fm_lbeta_power_precond;eeg_tleft_lbeta_power_precond;eeg_faa_precond;eeg_pright_specent_precond;eeg_tleft_lalpha_power_precond"
2025-12-19 12:47:28.712295,13,"stress_label",5,16,0.1,0.511627906976744,0.447674418604651,NA,5,"top5","eeg_fm_lbeta_power_precond;eeg_tleft_lbeta_power_precond;eeg_faa_precond;eeg_pright_specent_precond;eeg_tleft_lalpha_power_precond"
2025-12-19 12:47:28.84007,13,"stress_label",5,32,0.1,0.546511627906977,0.441860465116279,NA,5,"top5","eeg_fm_lbeta_power_precond;eeg_tleft_lbeta_power_precond;eeg_faa_precond;eeg_pright_specent_precond;eeg_tleft_lalpha_power_precond"
2025-12-19 12:47:28.946036,13,"stress_label",5,64,0.1,0.558139534883721,0.488372093023256,NA,5,"top5","eeg_fm_lbeta_power_precond;eeg_tleft_lbeta_power_precond;eeg_faa_precond;eeg_pright_specent_precond;eeg_tleft_lalpha_power_precond"
2025-12-19 12:47:29.224479,13,"stress_label",5,128,0.1,0.534883720930233,0.494186046511628,NA,5,"top5","eeg_fm_lbeta_power_precond;eeg_tleft_lbeta_power_precond;eeg_faa_precond;eeg_pright_specent_precond;eeg_tleft_lalpha_power_precond"
2025-12-19 12:47:29.494797,13,"stress_label",5,256,0.1,0.465116279069767,0.593023255813954,NA,5,"top5","eeg_fm_lbeta_power_precond;eeg_tleft_lbeta_power_precond;eeg_faa_precond;eeg_pright_specent_precond;eeg_tleft_lalpha_power_precond"
2025-12-19 12:47:30.946353,15,"stress_label",5,2,0.0078125,0.488372093023256,0.418604651162791,0.475193798449612,5,"top5","eeg_fm_lbeta_power_precond;eeg_fm_specent_precond;eeg_faa_precond;eeg_tleft_lbeta_power_precond;eeg_fl_theta_power_precond"
2025-12-19 12:47:30.82377,15,"stress_label",5,4,0.0078125,0.453488372093023,0.36046511627907,0.423255813953488,5,"top5","eeg_fm_lbeta_power_precond;eeg_fm_specent_precond;eeg_faa_precond;eeg_tleft_lbeta_power_precond;eeg_fl_theta_power_precond"
2025-12-19 12:47:31.078755,15,"stress_label",5,8,0.0078125,0.459302325581395,0.395348837209302,0.431782945736434,5,"top5","eeg_fm_lbeta_power_precond;eeg_fm_specent_precond;eeg_faa_precond;eeg_tleft_lbeta_power_precond;eeg_fl_theta_power_precond"
2025-12-19 12:47:30.858276,15,"stress_label",5,16,0.0078125,0.482558139534884,0.38953488372093,0.445736434108527,5,"top5","eeg_fm_lbeta_power_precond;eeg_fm_specent_precond;eeg_faa_precond;eeg_tleft_lbeta_power_precond;eeg_fl_theta_power_precond"
2025-12-19 12:47:30.911159,15,"stress_label",5,32,0.0078125,0.459302325581395,0.412790697674419,0.42093023255814,5,"top5","eeg_fm_lbeta_power_precond;eeg_fm_specent_precond;eeg_faa_precond;eeg_tleft_lbeta_power_precond;eeg_fl_theta_power_precond"
2025-12-19 12:47:30.874246,15,"stress_label",5,64,0.0078125,0.453488372093023,0.372093023255814,0.385271317829457,5,"top5","eeg_fm_lbeta_power_precond;eeg_fm_specent_precond;eeg_faa_precond;eeg_tleft_lbeta_power_precond;eeg_fl_theta_power_precond"
2025-12-19 12:47:30.879429,15,"stress_label",5,128,0.0078125,0.494186046511628,0.348837209302326,NA,5,"top5","eeg_fm_lbeta_power_precond;eeg_fm_specent_precond;eeg_faa_precond;eeg_tleft_lbeta_power_precond;eeg_fl_theta_power_precond"
2025-12-19 12:47:30.998743,15,"stress_label",5,256,0.0078125,0.534883720930233,0.383720930232558,NA,5,"top5","eeg_fm_lbeta_power_precond;eeg_fm_specent_precond;eeg_faa_precond;eeg_tleft_lbeta_power_precond;eeg_fl_theta_power_precond"
2025-12-19 12:47:30.827185,15,"stress_label",5,2,0.015625,0.465116279069767,0.430232558139535,0.427131782945736,5,"top5","eeg_fm_lbeta_power_precond;eeg_fm_specent_precond;eeg_faa_precond;eeg_tleft_lbeta_power_precond;eeg_fl_theta_power_precond"
2025-12-19 12:47:30.803976,15,"stress_label",5,4,0.015625,0.476744186046512,0.412790697674419,0.441860465116279,5,"top5","eeg_fm_lbeta_power_precond;eeg_fm_specent_precond;eeg_faa_precond;eeg_tleft_lbeta_power_precond;eeg_fl_theta_power_precond"
2025-12-19 12:47:30.937728,15,"stress_label",5,8,0.015625,0.459302325581395,0.366279069767442,0.411627906976744,5,"top5","eeg_fm_lbeta_power_precond;eeg_fm_specent_precond;eeg_faa_precond;eeg_tleft_lbeta_power_precond;eeg_fl_theta_power_precond"
2025-12-19 12:47:31.117505,15,"stress_label",5,16,0.015625,0.465116279069767,0.395348837209302,0.416279069767442,5,"top5","eeg_fm_lbeta_power_precond;eeg_fm_specent_precond;eeg_faa_precond;eeg_tleft_lbeta_power_precond;eeg_fl_theta_power_precond"
2025-12-19 12:47:30.877733,15,"stress_label",5,32,0.015625,0.494186046511628,0.441860465116279,NA,5,"top5","eeg_fm_lbeta_power_precond;eeg_fm_specent_precond;eeg_faa_precond;eeg_tleft_lbeta_power_precond;eeg_fl_theta_power_precond"
2025-12-19 12:47:31.01154,15,"stress_label",5,64,0.015625,0.529069767441861,0.348837209302326,NA,5,"top5","eeg_fm_lbeta_power_precond;eeg_fm_specent_precond;eeg_faa_precond;eeg_tleft_lbeta_power_precond;eeg_fl_theta_power_precond"
2025-12-19 12:47:32.114723,15,"stress_label",5,128,0.015625,0.593023255813954,0.395348837209302,NA,5,"top5","eeg_fm_lbeta_power_precond;eeg_fm_specent_precond;eeg_faa_precond;eeg_tleft_lbeta_power_precond;eeg_fl_theta_power_precond"
2025-12-19 12:47:32.201643,15,"stress_label",5,256,0.015625,0.558139534883721,0.38953488372093,NA,5,"top5","eeg_fm_lbeta_power_precond;eeg_fm_specent_precond;eeg_faa_precond;eeg_tleft_lbeta_power_precond;eeg_fl_theta_power_precond"
2025-12-19 12:47:31.920698,15,"stress_label",5,2,0.03125,0.5,0.319767441860465,0.448062015503876,5,"top5","eeg_fm_lbeta_power_precond;eeg_fm_specent_precond;eeg_faa_precond;eeg_tleft_lbeta_power_precond;eeg_fl_theta_power_precond"
2025-12-19 12:47:31.971786,15,"stress_label",5,4,0.03125,0.476744186046512,0.366279069767442,0.422480620155039,5,"top5","eeg_fm_lbeta_power_precond;eeg_fm_specent_precond;eeg_faa_precond;eeg_tleft_lbeta_power_precond;eeg_fl_theta_power_precond"
2025-12-19 12:47:31.984056,15,"stress_label",5,8,0.03125,0.488372093023256,0.38953488372093,NA,5,"top5","eeg_fm_lbeta_power_precond;eeg_fm_specent_precond;eeg_faa_precond;eeg_tleft_lbeta_power_precond;eeg_fl_theta_power_precond"
2025-12-19 12:47:32.03511,15,"stress_label",5,16,0.03125,0.517441860465116,0.395348837209302,NA,5,"top5","eeg_fm_lbeta_power_precond;eeg_fm_specent_precond;eeg_faa_precond;eeg_tleft_lbeta_power_precond;eeg_fl_theta_power_precond"
2025-12-19 12:47:32.105991,15,"stress_label",5,32,0.03125,0.575581395348837,0.511627906976744,NA,5,"top5","eeg_fm_lbeta_power_precond;eeg_fm_specent_precond;eeg_faa_precond;eeg_tleft_lbeta_power_precond;eeg_fl_theta_power_precond"
2025-12-19 12:47:32.184205,15,"stress_label",5,64,0.03125,0.563953488372093,0.430232558139535,NA,5,"top5","eeg_fm_lbeta_power_precond;eeg_fm_specent_precond;eeg_faa_precond;eeg_tleft_lbeta_power_precond;eeg_fl_theta_power_precond"
2025-12-19 12:47:32.330857,15,"stress_label",5,128,0.03125,0.575581395348837,0.430232558139535,NA,5,"top5","eeg_fm_lbeta_power_precond;eeg_fm_specent_precond;eeg_faa_precond;eeg_tleft_lbeta_power_precond;eeg_fl_theta_power_precond"
2025-12-19 12:47:32.544123,15,"stress_label",5,256,0.03125,0.593023255813954,0.494186046511628,NA,5,"top5","eeg_fm_lbeta_power_precond;eeg_fm_specent_precond;eeg_faa_precond;eeg_tleft_lbeta_power_precond;eeg_fl_theta_power_precond"
2025-12-19 12:47:32.099003,15,"stress_label",5,2,0.0625,0.494186046511628,0.366279069767442,0.43953488372093,5,"top5","eeg_fm_lbeta_power_precond;eeg_fm_specent_precond;eeg_faa_precond;eeg_tleft_lbeta_power_precond;eeg_fl_theta_power_precond"
2025-12-19 12:47:32.137931,15,"stress_label",5,4,0.0625,0.529069767441861,0.325581395348837,NA,5,"top5","eeg_fm_lbeta_power_precond;eeg_fm_specent_precond;eeg_faa_precond;eeg_tleft_lbeta_power_precond;eeg_fl_theta_power_precond"
2025-12-19 12:47:32.201163,15,"stress_label",5,8,0.0625,0.552325581395349,0.47093023255814,NA,5,"top5","eeg_fm_lbeta_power_precond;eeg_fm_specent_precond;eeg_faa_precond;eeg_tleft_lbeta_power_precond;eeg_fl_theta_power_precond"
2025-12-19 12:47:32.28834,15,"stress_label",5,16,0.0625,0.598837209302326,0.511627906976744,NA,5,"top5","eeg_fm_lbeta_power_precond;eeg_fm_specent_precond;eeg_faa_precond;eeg_tleft_lbeta_power_precond;eeg_fl_theta_power_precond"
2025-12-19 12:47:33.209817,15,"stress_label",5,32,0.0625,0.61046511627907,0.593023255813954,NA,5,"top5","eeg_fm_lbeta_power_precond;eeg_fm_specent_precond;eeg_faa_precond;eeg_tleft_lbeta_power_precond;eeg_fl_theta_power_precond"
2025-12-19 12:47:33.35784,15,"stress_label",5,64,0.0625,0.593023255813954,0.575581395348837,NA,5,"top5","eeg_fm_lbeta_power_precond;eeg_fm_specent_precond;eeg_faa_precond;eeg_tleft_lbeta_power_precond;eeg_fl_theta_power_precond"
2025-12-19 12:47:33.525239,15,"stress_label",5,128,0.0625,0.593023255813954,0.546511627906977,NA,5,"top5","eeg_fm_lbeta_power_precond;eeg_fm_specent_precond;eeg_faa_precond;eeg_tleft_lbeta_power_precond;eeg_fl_theta_power_precond"
2025-12-19 12:47:33.884025,15,"stress_label",5,256,0.0625,0.598837209302326,0.540697674418605,NA,5,"top5","eeg_fm_lbeta_power_precond;eeg_fm_specent_precond;eeg_faa_precond;eeg_tleft_lbeta_power_precond;eeg_fl_theta_power_precond"
2025-12-19 12:47:33.213753,15,"stress_label",5,2,0.125,0.569767441860465,0.38953488372093,NA,5,"top5","eeg_fm_lbeta_power_precond;eeg_fm_specent_precond;eeg_faa_precond;eeg_tleft_lbeta_power_precond;eeg_fl_theta_power_precond"
2025-12-19 12:47:33.255513,15,"stress_label",5,4,0.125,0.604651162790698,0.523255813953488,NA,5,"top5","eeg_fm_lbeta_power_precond;eeg_fm_specent_precond;eeg_faa_precond;eeg_tleft_lbeta_power_precond;eeg_fl_theta_power_precond"
2025-12-19 12:47:33.236273,15,"stress_label",5,8,0.125,0.622093023255814,0.546511627906977,NA,5,"top5","eeg_fm_lbeta_power_precond;eeg_fm_specent_precond;eeg_faa_precond;eeg_tleft_lbeta_power_precond;eeg_fl_theta_power_precond"
2025-12-19 12:47:33.308589,15,"stress_label",5,16,0.125,0.604651162790698,0.581395348837209,NA,5,"top5","eeg_fm_lbeta_power_precond;eeg_fm_specent_precond;eeg_faa_precond;eeg_tleft_lbeta_power_precond;eeg_fl_theta_power_precond"
2025-12-19 12:47:33.491996,15,"stress_label",5,32,0.125,0.622093023255814,0.616279069767442,NA,5,"top5","eeg_fm_lbeta_power_precond;eeg_fm_specent_precond;eeg_faa_precond;eeg_tleft_lbeta_power_precond;eeg_fl_theta_power_precond"
2025-12-19 12:47:33.646783,15,"stress_label",5,64,0.125,0.581395348837209,0.569767441860465,NA,5,"top5","eeg_fm_lbeta_power_precond;eeg_fm_specent_precond;eeg_faa_precond;eeg_tleft_lbeta_power_precond;eeg_fl_theta_power_precond"
2025-12-19 12:47:33.932515,15,"stress_label",5,128,0.125,0.552325581395349,0.563953488372093,NA,5,"top5","eeg_fm_lbeta_power_precond;eeg_fm_specent_precond;eeg_faa_precond;eeg_tleft_lbeta_power_precond;eeg_fl_theta_power_precond"
2025-12-19 12:47:34.339492,15,"stress_label",5,256,0.125,0.558139534883721,0.453488372093023,NA,5,"top5","eeg_fm_lbeta_power_precond;eeg_fm_specent_precond;eeg_faa_precond;eeg_tleft_lbeta_power_precond;eeg_fl_theta_power_precond"
2025-12-19 12:47:33.416077,15,"stress_label",5,2,0.03,0.5,0.377906976744186,0.448062015503876,5,"top5","eeg_fm_lbeta_power_precond;eeg_fm_specent_precond;eeg_faa_precond;eeg_tleft_lbeta_power_precond;eeg_fl_theta_power_precond"
2025-12-19 12:47:33.627247,15,"stress_label",5,4,0.03,0.47093023255814,0.377906976744186,0.422480620155039,5,"top5","eeg_fm_lbeta_power_precond;eeg_fm_specent_precond;eeg_faa_precond;eeg_tleft_lbeta_power_precond;eeg_fl_theta_power_precond"
2025-12-19 12:47:34.29576,15,"stress_label",5,8,0.03,0.482558139534884,0.453488372093023,0.412403100775194,5,"top5","eeg_fm_lbeta_power_precond;eeg_fm_specent_precond;eeg_faa_precond;eeg_tleft_lbeta_power_precond;eeg_fl_theta_power_precond"
2025-12-19 12:47:34.329945,15,"stress_label",5,16,0.03,0.511627906976744,0.395348837209302,NA,5,"top5","eeg_fm_lbeta_power_precond;eeg_fm_specent_precond;eeg_faa_precond;eeg_tleft_lbeta_power_precond;eeg_fl_theta_power_precond"
2025-12-19 12:47:34.433623,15,"stress_label",5,32,0.03,0.563953488372093,0.534883720930233,NA,5,"top5","eeg_fm_lbeta_power_precond;eeg_fm_specent_precond;eeg_faa_precond;eeg_tleft_lbeta_power_precond;eeg_fl_theta_power_precond"
2025-12-19 12:47:34.501909,15,"stress_label",5,64,0.03,0.569767441860465,0.558139534883721,NA,5,"top5","eeg_fm_lbeta_power_precond;eeg_fm_specent_precond;eeg_faa_precond;eeg_tleft_lbeta_power_precond;eeg_fl_theta_power_precond"
2025-12-19 12:47:34.655358,15,"stress_label",5,128,0.03,0.581395348837209,0.563953488372093,NA,5,"top5","eeg_fm_lbeta_power_precond;eeg_fm_specent_precond;eeg_faa_precond;eeg_tleft_lbeta_power_precond;eeg_fl_theta_power_precond"
2025-12-19 12:47:34.941634,15,"stress_label",5,256,0.03,0.593023255813954,0.5,NA,5,"top5","eeg_fm_lbeta_power_precond;eeg_fm_specent_precond;eeg_faa_precond;eeg_tleft_lbeta_power_precond;eeg_fl_theta_power_precond"
2025-12-19 12:47:34.515165,15,"stress_label",5,2,0.06,0.494186046511628,0.482558139534884,0.441860465116279,5,"top5","eeg_fm_lbeta_power_precond;eeg_fm_specent_precond;eeg_faa_precond;eeg_tleft_lbeta_power_precond;eeg_fl_theta_power_precond"
2025-12-19 12:47:34.573806,15,"stress_label",5,4,0.06,0.523255813953488,0.447674418604651,NA,5,"top5","eeg_fm_lbeta_power_precond;eeg_fm_specent_precond;eeg_faa_precond;eeg_tleft_lbeta_power_precond;eeg_fl_theta_power_precond"
2025-12-19 12:47:34.627389,15,"stress_label",5,8,0.06,0.546511627906977,0.494186046511628,NA,5,"top5","eeg_fm_lbeta_power_precond;eeg_fm_specent_precond;eeg_faa_precond;eeg_tleft_lbeta_power_precond;eeg_fl_theta_power_precond"
2025-12-19 12:47:34.774383,15,"stress_label",5,16,0.06,0.604651162790698,0.529069767441861,NA,5,"top5","eeg_fm_lbeta_power_precond;eeg_fm_specent_precond;eeg_faa_precond;eeg_tleft_lbeta_power_precond;eeg_fl_theta_power_precond"
2025-12-19 12:47:34.914839,15,"stress_label",5,32,0.06,0.61046511627907,0.505813953488372,NA,5,"top5","eeg_fm_lbeta_power_precond;eeg_fm_specent_precond;eeg_faa_precond;eeg_tleft_lbeta_power_precond;eeg_fl_theta_power_precond"
2025-12-19 12:47:35.185012,15,"stress_label",5,64,0.06,0.581395348837209,0.558139534883721,NA,5,"top5","eeg_fm_lbeta_power_precond;eeg_fm_specent_precond;eeg_faa_precond;eeg_tleft_lbeta_power_precond;eeg_fl_theta_power_precond"
2025-12-19 12:47:35.355518,15,"stress_label",5,128,0.06,0.587209302325581,0.598837209302326,NA,5,"top5","eeg_fm_lbeta_power_precond;eeg_fm_specent_precond;eeg_faa_precond;eeg_tleft_lbeta_power_precond;eeg_fl_theta_power_precond"
2025-12-19 12:47:35.833046,15,"stress_label",5,256,0.06,0.598837209302326,0.529069767441861,NA,5,"top5","eeg_fm_lbeta_power_precond;eeg_fm_specent_precond;eeg_faa_precond;eeg_tleft_lbeta_power_precond;eeg_fl_theta_power_precond"
2025-12-19 12:47:35.37384,15,"stress_label",5,2,0.1,0.546511627906977,0.36046511627907,NA,5,"top5","eeg_fm_lbeta_power_precond;eeg_fm_specent_precond;eeg_faa_precond;eeg_tleft_lbeta_power_precond;eeg_fl_theta_power_precond"
2025-12-19 12:47:35.402603,15,"stress_label",5,4,0.1,0.587209302325581,0.465116279069767,NA,5,"top5","eeg_fm_lbeta_power_precond;eeg_fm_specent_precond;eeg_faa_precond;eeg_tleft_lbeta_power_precond;eeg_fl_theta_power_precond"
2025-12-19 12:47:35.492025,15,"stress_label",5,8,0.1,0.598837209302326,0.430232558139535,NA,5,"top5","eeg_fm_lbeta_power_precond;eeg_fm_specent_precond;eeg_faa_precond;eeg_tleft_lbeta_power_precond;eeg_fl_theta_power_precond"
2025-12-19 12:47:35.581198,15,"stress_label",5,16,0.1,0.61046511627907,0.534883720930233,NA,5,"top5","eeg_fm_lbeta_power_precond;eeg_fm_specent_precond;eeg_faa_precond;eeg_tleft_lbeta_power_precond;eeg_fl_theta_power_precond"
2025-12-19 12:47:35.606027,15,"stress_label",5,32,0.1,0.598837209302326,0.616279069767442,NA,5,"top5","eeg_fm_lbeta_power_precond;eeg_fm_specent_precond;eeg_faa_precond;eeg_tleft_lbeta_power_precond;eeg_fl_theta_power_precond"
2025-12-19 12:47:35.724544,15,"stress_label",5,64,0.1,0.627906976744186,0.616279069767442,NA,5,"top5","eeg_fm_lbeta_power_precond;eeg_fm_specent_precond;eeg_faa_precond;eeg_tleft_lbeta_power_precond;eeg_fl_theta_power_precond"
2025-12-19 12:47:35.929766,15,"stress_label",5,128,0.1,0.575581395348837,0.558139534883721,NA,5,"top5","eeg_fm_lbeta_power_precond;eeg_fm_specent_precond;eeg_faa_precond;eeg_tleft_lbeta_power_precond;eeg_fl_theta_power_precond"
2025-12-19 12:47:36.156502,15,"stress_label",5,256,0.1,0.563953488372093,0.494186046511628,NA,5,"top5","eeg_fm_lbeta_power_precond;eeg_fm_specent_precond;eeg_faa_precond;eeg_tleft_lbeta_power_precond;eeg_fl_theta_power_precond"
2025-12-19 12:47:37.416479,16,"stress_label",5,2,0.0078125,0.494186046511628,0.505813953488372,0.473643410852713,5,"top5","eeg_fm_lbeta_power_precond;eeg_fm_specent_precond;eeg_faa_precond;eeg_fl_theta_power_precond;eeg_tleft_lbeta_power_precond"
2025-12-19 12:47:37.447754,16,"stress_label",5,4,0.0078125,0.459302325581395,0.465116279069767,0.403100775193798,5,"top5","eeg_fm_lbeta_power_precond;eeg_fm_specent_precond;eeg_faa_precond;eeg_fl_theta_power_precond;eeg_tleft_lbeta_power_precond"
2025-12-19 12:47:37.42043,16,"stress_label",5,8,0.0078125,0.441860465116279,0.441860465116279,0.401550387596899,5,"top5","eeg_fm_lbeta_power_precond;eeg_fm_specent_precond;eeg_faa_precond;eeg_fl_theta_power_precond;eeg_tleft_lbeta_power_precond"
2025-12-19 12:47:37.425411,16,"stress_label",5,16,0.0078125,0.453488372093023,0.453488372093023,0.421705426356589,5,"top5","eeg_fm_lbeta_power_precond;eeg_fm_specent_precond;eeg_faa_precond;eeg_fl_theta_power_precond;eeg_tleft_lbeta_power_precond"
2025-12-19 12:47:37.4318,16,"stress_label",5,32,0.0078125,0.430232558139535,0.424418604651163,0.389147286821705,5,"top5","eeg_fm_lbeta_power_precond;eeg_fm_specent_precond;eeg_faa_precond;eeg_fl_theta_power_precond;eeg_tleft_lbeta_power_precond"
2025-12-19 12:47:37.422228,16,"stress_label",5,64,0.0078125,0.430232558139535,0.377906976744186,0.382170542635659,5,"top5","eeg_fm_lbeta_power_precond;eeg_fm_specent_precond;eeg_faa_precond;eeg_fl_theta_power_precond;eeg_tleft_lbeta_power_precond"
2025-12-19 12:47:37.468311,16,"stress_label",5,128,0.0078125,0.441860465116279,0.383720930232558,0.368992248062016,5,"top5","eeg_fm_lbeta_power_precond;eeg_fm_specent_precond;eeg_faa_precond;eeg_fl_theta_power_precond;eeg_tleft_lbeta_power_precond"
2025-12-19 12:47:37.58025,16,"stress_label",5,256,0.0078125,0.494186046511628,0.406976744186047,NA,5,"top5","eeg_fm_lbeta_power_precond;eeg_fm_specent_precond;eeg_faa_precond;eeg_fl_theta_power_precond;eeg_tleft_lbeta_power_precond"
2025-12-19 12:47:37.428086,16,"stress_label",5,2,0.015625,0.476744186046512,0.459302325581395,0.408527131782946,5,"top5","eeg_fm_lbeta_power_precond;eeg_fm_specent_precond;eeg_faa_precond;eeg_fl_theta_power_precond;eeg_tleft_lbeta_power_precond"
2025-12-19 12:47:37.407039,16,"stress_label",5,4,0.015625,0.453488372093023,0.459302325581395,0.394573643410853,5,"top5","eeg_fm_lbeta_power_precond;eeg_fm_specent_precond;eeg_faa_precond;eeg_fl_theta_power_precond;eeg_tleft_lbeta_power_precond"
2025-12-19 12:47:37.433777,16,"stress_label",5,8,0.015625,0.441860465116279,0.325581395348837,0.4,5,"top5","eeg_fm_lbeta_power_precond;eeg_fm_specent_precond;eeg_faa_precond;eeg_fl_theta_power_precond;eeg_tleft_lbeta_power_precond"
2025-12-19 12:47:37.423701,16,"stress_label",5,16,0.015625,0.441860465116279,0.377906976744186,0.383720930232558,5,"top5","eeg_fm_lbeta_power_precond;eeg_fm_specent_precond;eeg_faa_precond;eeg_fl_theta_power_precond;eeg_tleft_lbeta_power_precond"
2025-12-19 12:47:37.448098,16,"stress_label",5,32,0.015625,0.447674418604651,0.459302325581395,0.375968992248062,5,"top5","eeg_fm_lbeta_power_precond;eeg_fm_specent_precond;eeg_faa_precond;eeg_fl_theta_power_precond;eeg_tleft_lbeta_power_precond"
2025-12-19 12:47:37.512588,16,"stress_label",5,64,0.015625,0.494186046511628,0.296511627906977,NA,5,"top5","eeg_fm_lbeta_power_precond;eeg_fm_specent_precond;eeg_faa_precond;eeg_fl_theta_power_precond;eeg_tleft_lbeta_power_precond"
2025-12-19 12:47:38.649717,16,"stress_label",5,128,0.015625,0.558139534883721,0.27906976744186,NA,5,"top5","eeg_fm_lbeta_power_precond;eeg_fm_specent_precond;eeg_faa_precond;eeg_fl_theta_power_precond;eeg_tleft_lbeta_power_precond"
2025-12-19 12:47:38.78457,16,"stress_label",5,256,0.015625,0.569767441860465,0.436046511627907,NA,5,"top5","eeg_fm_lbeta_power_precond;eeg_fm_specent_precond;eeg_faa_precond;eeg_fl_theta_power_precond;eeg_tleft_lbeta_power_precond"
2025-12-19 12:47:38.558434,16,"stress_label",5,2,0.03125,0.465116279069767,0.395348837209302,0.387596899224806,5,"top5","eeg_fm_lbeta_power_precond;eeg_fm_specent_precond;eeg_faa_precond;eeg_fl_theta_power_precond;eeg_tleft_lbeta_power_precond"
2025-12-19 12:47:38.534263,16,"stress_label",5,4,0.03125,0.447674418604651,0.372093023255814,0.38062015503876,5,"top5","eeg_fm_lbeta_power_precond;eeg_fm_specent_precond;eeg_faa_precond;eeg_fl_theta_power_precond;eeg_tleft_lbeta_power_precond"
2025-12-19 12:47:38.565618,16,"stress_label",5,8,0.03125,0.453488372093023,0.383720930232558,0.38062015503876,5,"top5","eeg_fm_lbeta_power_precond;eeg_fm_specent_precond;eeg_faa_precond;eeg_fl_theta_power_precond;eeg_tleft_lbeta_power_precond"
2025-12-19 12:47:38.605146,16,"stress_label",5,16,0.03125,0.488372093023256,0.325581395348837,NA,5,"top5","eeg_fm_lbeta_power_precond;eeg_fm_specent_precond;eeg_faa_precond;eeg_fl_theta_power_precond;eeg_tleft_lbeta_power_precond"
2025-12-19 12:47:38.660446,16,"stress_label",5,32,0.03125,0.558139534883721,0.331395348837209,NA,5,"top5","eeg_fm_lbeta_power_precond;eeg_fm_specent_precond;eeg_faa_precond;eeg_fl_theta_power_precond;eeg_tleft_lbeta_power_precond"
2025-12-19 12:47:38.679496,16,"stress_label",5,64,0.03125,0.587209302325581,0.395348837209302,NA,5,"top5","eeg_fm_lbeta_power_precond;eeg_fm_specent_precond;eeg_faa_precond;eeg_fl_theta_power_precond;eeg_tleft_lbeta_power_precond"
2025-12-19 12:47:38.804184,16,"stress_label",5,128,0.03125,0.534883720930233,0.424418604651163,NA,5,"top5","eeg_fm_lbeta_power_precond;eeg_fm_specent_precond;eeg_faa_precond;eeg_fl_theta_power_precond;eeg_tleft_lbeta_power_precond"
2025-12-19 12:47:39.110282,16,"stress_label",5,256,0.03125,0.558139534883721,0.418604651162791,NA,5,"top5","eeg_fm_lbeta_power_precond;eeg_fm_specent_precond;eeg_faa_precond;eeg_fl_theta_power_precond;eeg_tleft_lbeta_power_precond"
2025-12-19 12:47:38.525358,16,"stress_label",5,2,0.0625,0.47093023255814,0.366279069767442,0.39922480620155,5,"top5","eeg_fm_lbeta_power_precond;eeg_fm_specent_precond;eeg_faa_precond;eeg_fl_theta_power_precond;eeg_tleft_lbeta_power_precond"
2025-12-19 12:47:38.547008,16,"stress_label",5,4,0.0625,0.47093023255814,0.418604651162791,0.413178294573643,5,"top5","eeg_fm_lbeta_power_precond;eeg_fm_specent_precond;eeg_faa_precond;eeg_fl_theta_power_precond;eeg_tleft_lbeta_power_precond"
2025-12-19 12:47:38.663054,16,"stress_label",5,8,0.0625,0.529069767441861,0.343023255813953,NA,5,"top5","eeg_fm_lbeta_power_precond;eeg_fm_specent_precond;eeg_faa_precond;eeg_fl_theta_power_precond;eeg_tleft_lbeta_power_precond"
2025-12-19 12:47:38.825989,16,"stress_label",5,16,0.0625,0.598837209302326,0.412790697674419,NA,5,"top5","eeg_fm_lbeta_power_precond;eeg_fm_specent_precond;eeg_faa_precond;eeg_fl_theta_power_precond;eeg_tleft_lbeta_power_precond"
2025-12-19 12:47:39.724695,16,"stress_label",5,32,0.0625,0.563953488372093,0.424418604651163,NA,5,"top5","eeg_fm_lbeta_power_precond;eeg_fm_specent_precond;eeg_faa_precond;eeg_fl_theta_power_precond;eeg_tleft_lbeta_power_precond"
2025-12-19 12:47:39.882765,16,"stress_label",5,64,0.0625,0.569767441860465,0.465116279069767,NA,5,"top5","eeg_fm_lbeta_power_precond;eeg_fm_specent_precond;eeg_faa_precond;eeg_fl_theta_power_precond;eeg_tleft_lbeta_power_precond"
2025-12-19 12:47:40.122507,16,"stress_label",5,128,0.0625,0.563953488372093,0.459302325581395,NA,5,"top5","eeg_fm_lbeta_power_precond;eeg_fm_specent_precond;eeg_faa_precond;eeg_fl_theta_power_precond;eeg_tleft_lbeta_power_precond"
2025-12-19 12:47:40.465136,16,"stress_label",5,256,0.0625,0.546511627906977,0.465116279069767,NA,5,"top5","eeg_fm_lbeta_power_precond;eeg_fm_specent_precond;eeg_faa_precond;eeg_fl_theta_power_precond;eeg_tleft_lbeta_power_precond"
2025-12-19 12:47:39.654358,16,"stress_label",5,2,0.125,0.540697674418605,0.348837209302326,NA,5,"top5","eeg_fm_lbeta_power_precond;eeg_fm_specent_precond;eeg_faa_precond;eeg_fl_theta_power_precond;eeg_tleft_lbeta_power_precond"
2025-12-19 12:47:39.751868,16,"stress_label",5,4,0.125,0.563953488372093,0.354651162790698,NA,5,"top5","eeg_fm_lbeta_power_precond;eeg_fm_specent_precond;eeg_faa_precond;eeg_fl_theta_power_precond;eeg_tleft_lbeta_power_precond"
2025-12-19 12:47:39.844498,16,"stress_label",5,8,0.125,0.575581395348837,0.534883720930233,NA,5,"top5","eeg_fm_lbeta_power_precond;eeg_fm_specent_precond;eeg_faa_precond;eeg_fl_theta_power_precond;eeg_tleft_lbeta_power_precond"
2025-12-19 12:47:39.849448,16,"stress_label",5,16,0.125,0.569767441860465,0.517441860465116,NA,5,"top5","eeg_fm_lbeta_power_precond;eeg_fm_specent_precond;eeg_faa_precond;eeg_fl_theta_power_precond;eeg_tleft_lbeta_power_precond"
2025-12-19 12:47:39.961038,16,"stress_label",5,32,0.125,0.552325581395349,0.5,NA,5,"top5","eeg_fm_lbeta_power_precond;eeg_fm_specent_precond;eeg_faa_precond;eeg_fl_theta_power_precond;eeg_tleft_lbeta_power_precond"
2025-12-19 12:47:40.210398,16,"stress_label",5,64,0.125,0.523255813953488,0.517441860465116,NA,5,"top5","eeg_fm_lbeta_power_precond;eeg_fm_specent_precond;eeg_faa_precond;eeg_fl_theta_power_precond;eeg_tleft_lbeta_power_precond"
2025-12-19 12:47:40.563379,16,"stress_label",5,128,0.125,0.534883720930233,0.47093023255814,NA,5,"top5","eeg_fm_lbeta_power_precond;eeg_fm_specent_precond;eeg_faa_precond;eeg_fl_theta_power_precond;eeg_tleft_lbeta_power_precond"
2025-12-19 12:47:41.028873,16,"stress_label",5,256,0.125,0.534883720930233,0.534883720930233,NA,5,"top5","eeg_fm_lbeta_power_precond;eeg_fm_specent_precond;eeg_faa_precond;eeg_fl_theta_power_precond;eeg_tleft_lbeta_power_precond"
2025-12-19 12:47:39.955616,16,"stress_label",5,2,0.03,0.465116279069767,0.430232558139535,0.387596899224806,5,"top5","eeg_fm_lbeta_power_precond;eeg_fm_specent_precond;eeg_faa_precond;eeg_fl_theta_power_precond;eeg_tleft_lbeta_power_precond"
2025-12-19 12:47:40.26455,16,"stress_label",5,4,0.03,0.453488372093023,0.412790697674419,0.388372093023256,5,"top5","eeg_fm_lbeta_power_precond;eeg_fm_specent_precond;eeg_faa_precond;eeg_fl_theta_power_precond;eeg_tleft_lbeta_power_precond"
2025-12-19 12:47:40.796955,16,"stress_label",5,8,0.03,0.453488372093023,0.354651162790698,0.382945736434109,5,"top5","eeg_fm_lbeta_power_precond;eeg_fm_specent_precond;eeg_faa_precond;eeg_fl_theta_power_precond;eeg_tleft_lbeta_power_precond"
2025-12-19 12:47:40.898321,16,"stress_label",5,16,0.03,0.494186046511628,0.395348837209302,NA,5,"top5","eeg_fm_lbeta_power_precond;eeg_fm_specent_precond;eeg_faa_precond;eeg_fl_theta_power_precond;eeg_tleft_lbeta_power_precond"
2025-12-19 12:47:40.985037,16,"stress_label",5,32,0.03,0.552325581395349,0.308139534883721,NA,5,"top5","eeg_fm_lbeta_power_precond;eeg_fm_specent_precond;eeg_faa_precond;eeg_fl_theta_power_precond;eeg_tleft_lbeta_power_precond"
2025-12-19 12:47:41.170368,16,"stress_label",5,64,0.03,0.593023255813954,0.401162790697674,NA,5,"top5","eeg_fm_lbeta_power_precond;eeg_fm_specent_precond;eeg_faa_precond;eeg_fl_theta_power_precond;eeg_tleft_lbeta_power_precond"
2025-12-19 12:47:41.203484,16,"stress_label",5,128,0.03,0.546511627906977,0.366279069767442,NA,5,"top5","eeg_fm_lbeta_power_precond;eeg_fm_specent_precond;eeg_faa_precond;eeg_fl_theta_power_precond;eeg_tleft_lbeta_power_precond"
2025-12-19 12:47:41.485908,16,"stress_label",5,256,0.03,0.552325581395349,0.377906976744186,NA,5,"top5","eeg_fm_lbeta_power_precond;eeg_fm_specent_precond;eeg_faa_precond;eeg_fl_theta_power_precond;eeg_tleft_lbeta_power_precond"
2025-12-19 12:47:41.036335,16,"stress_label",5,2,0.06,0.459302325581395,0.436046511627907,0.393023255813953,5,"top5","eeg_fm_lbeta_power_precond;eeg_fm_specent_precond;eeg_faa_precond;eeg_fl_theta_power_precond;eeg_tleft_lbeta_power_precond"
2025-12-19 12:47:41.087034,16,"stress_label",5,4,0.06,0.465116279069767,0.383720930232558,0.403875968992248,5,"top5","eeg_fm_lbeta_power_precond;eeg_fm_specent_precond;eeg_faa_precond;eeg_fl_theta_power_precond;eeg_tleft_lbeta_power_precond"
2025-12-19 12:47:41.238767,16,"stress_label",5,8,0.06,0.529069767441861,0.412790697674419,NA,5,"top5","eeg_fm_lbeta_power_precond;eeg_fm_specent_precond;eeg_faa_precond;eeg_fl_theta_power_precond;eeg_tleft_lbeta_power_precond"
2025-12-19 12:47:41.378461,16,"stress_label",5,16,0.06,0.593023255813954,0.377906976744186,NA,5,"top5","eeg_fm_lbeta_power_precond;eeg_fm_specent_precond;eeg_faa_precond;eeg_fl_theta_power_precond;eeg_tleft_lbeta_power_precond"
2025-12-19 12:47:41.427826,16,"stress_label",5,32,0.06,0.558139534883721,0.465116279069767,NA,5,"top5","eeg_fm_lbeta_power_precond;eeg_fm_specent_precond;eeg_faa_precond;eeg_fl_theta_power_precond;eeg_tleft_lbeta_power_precond"
2025-12-19 12:47:41.751232,16,"stress_label",5,64,0.06,0.569767441860465,0.459302325581395,NA,5,"top5","eeg_fm_lbeta_power_precond;eeg_fm_specent_precond;eeg_faa_precond;eeg_fl_theta_power_precond;eeg_tleft_lbeta_power_precond"
2025-12-19 12:47:41.913538,16,"stress_label",5,128,0.06,0.569767441860465,0.517441860465116,NA,5,"top5","eeg_fm_lbeta_power_precond;eeg_fm_specent_precond;eeg_faa_precond;eeg_fl_theta_power_precond;eeg_tleft_lbeta_power_precond"
2025-12-19 12:47:42.262809,16,"stress_label",5,256,0.06,0.546511627906977,0.563953488372093,NA,5,"top5","eeg_fm_lbeta_power_precond;eeg_fm_specent_precond;eeg_faa_precond;eeg_fl_theta_power_precond;eeg_tleft_lbeta_power_precond"
2025-12-19 12:47:41.874792,16,"stress_label",5,2,0.1,0.494186046511628,0.348837209302326,0.438759689922481,5,"top5","eeg_fm_lbeta_power_precond;eeg_fm_specent_precond;eeg_faa_precond;eeg_fl_theta_power_precond;eeg_tleft_lbeta_power_precond"
2025-12-19 12:47:41.997831,16,"stress_label",5,4,0.1,0.534883720930233,0.476744186046512,NA,5,"top5","eeg_fm_lbeta_power_precond;eeg_fm_specent_precond;eeg_faa_precond;eeg_fl_theta_power_precond;eeg_tleft_lbeta_power_precond"
2025-12-19 12:47:42.019154,16,"stress_label",5,8,0.1,0.587209302325581,0.476744186046512,NA,5,"top5","eeg_fm_lbeta_power_precond;eeg_fm_specent_precond;eeg_faa_precond;eeg_fl_theta_power_precond;eeg_tleft_lbeta_power_precond"
2025-12-19 12:47:42.07407,16,"stress_label",5,16,0.1,0.575581395348837,0.453488372093023,NA,5,"top5","eeg_fm_lbeta_power_precond;eeg_fm_specent_precond;eeg_faa_precond;eeg_fl_theta_power_precond;eeg_tleft_lbeta_power_precond"
2025-12-19 12:47:42.125547,16,"stress_label",5,32,0.1,0.558139534883721,0.505813953488372,NA,5,"top5","eeg_fm_lbeta_power_precond;eeg_fm_specent_precond;eeg_faa_precond;eeg_fl_theta_power_precond;eeg_tleft_lbeta_power_precond"
2025-12-19 12:47:42.252738,16,"stress_label",5,64,0.1,0.552325581395349,0.558139534883721,NA,5,"top5","eeg_fm_lbeta_power_precond;eeg_fm_specent_precond;eeg_faa_precond;eeg_fl_theta_power_precond;eeg_tleft_lbeta_power_precond"
2025-12-19 12:47:42.40441,16,"stress_label",5,128,0.1,0.511627906976744,0.436046511627907,NA,5,"top5","eeg_fm_lbeta_power_precond;eeg_fm_specent_precond;eeg_faa_precond;eeg_fl_theta_power_precond;eeg_tleft_lbeta_power_precond"
2025-12-19 12:47:42.72912,16,"stress_label",5,256,0.1,0.540697674418605,0.5,NA,5,"top5","eeg_fm_lbeta_power_precond;eeg_fm_specent_precond;eeg_faa_precond;eeg_fl_theta_power_precond;eeg_tleft_lbeta_power_precond"
2025-12-19 12:47:43.982587,17,"stress_label",5,2,0.0078125,0.488372093023256,0.424418604651163,0.472093023255814,5,"top5","eeg_fm_lbeta_power_precond;eeg_fm_specent_precond;eeg_faa_precond;eeg_tleft_lbeta_power_precond;eeg_fl_theta_power_precond"
2025-12-19 12:47:43.987139,17,"stress_label",5,4,0.0078125,0.47093023255814,0.354651162790698,0.435658914728682,5,"top5","eeg_fm_lbeta_power_precond;eeg_fm_specent_precond;eeg_faa_precond;eeg_tleft_lbeta_power_precond;eeg_fl_theta_power_precond"
2025-12-19 12:47:43.97416,17,"stress_label",5,8,0.0078125,0.47093023255814,0.331395348837209,0.443410852713178,5,"top5","eeg_fm_lbeta_power_precond;eeg_fm_specent_precond;eeg_faa_precond;eeg_tleft_lbeta_power_precond;eeg_fl_theta_power_precond"
2025-12-19 12:47:43.975724,17,"stress_label",5,16,0.0078125,0.447674418604651,0.366279069767442,0.422480620155039,5,"top5","eeg_fm_lbeta_power_precond;eeg_fm_specent_precond;eeg_faa_precond;eeg_tleft_lbeta_power_precond;eeg_fl_theta_power_precond"
2025-12-19 12:47:43.959456,17,"stress_label",5,32,0.0078125,0.430232558139535,0.383720930232558,0.408527131782946,5,"top5","eeg_fm_lbeta_power_precond;eeg_fm_specent_precond;eeg_faa_precond;eeg_tleft_lbeta_power_precond;eeg_fl_theta_power_precond"
2025-12-19 12:47:43.970264,17,"stress_label",5,64,0.0078125,0.412790697674419,0.430232558139535,0.369767441860465,5,"top5","eeg_fm_lbeta_power_precond;eeg_fm_specent_precond;eeg_faa_precond;eeg_tleft_lbeta_power_precond;eeg_fl_theta_power_precond"
2025-12-19 12:47:44.016826,17,"stress_label",5,128,0.0078125,0.424418604651163,0.406976744186047,0.363565891472868,5,"top5","eeg_fm_lbeta_power_precond;eeg_fm_specent_precond;eeg_faa_precond;eeg_tleft_lbeta_power_precond;eeg_fl_theta_power_precond"
2025-12-19 12:47:44.101566,17,"stress_label",5,256,0.0078125,0.488372093023256,0.331395348837209,NA,5,"top5","eeg_fm_lbeta_power_precond;eeg_fm_specent_precond;eeg_faa_precond;eeg_tleft_lbeta_power_precond;eeg_fl_theta_power_precond"
2025-12-19 12:47:43.988629,17,"stress_label",5,2,0.015625,0.482558139534884,0.447674418604651,0.456589147286822,5,"top5","eeg_fm_lbeta_power_precond;eeg_fm_specent_precond;eeg_faa_precond;eeg_tleft_lbeta_power_precond;eeg_fl_theta_power_precond"
2025-12-19 12:47:44.003644,17,"stress_label",5,4,0.015625,0.47093023255814,0.267441860465116,0.441085271317829,5,"top5","eeg_fm_lbeta_power_precond;eeg_fm_specent_precond;eeg_faa_precond;eeg_tleft_lbeta_power_precond;eeg_fl_theta_power_precond"
2025-12-19 12:47:43.975225,17,"stress_label",5,8,0.015625,0.430232558139535,0.313953488372093,0.39922480620155,5,"top5","eeg_fm_lbeta_power_precond;eeg_fm_specent_precond;eeg_faa_precond;eeg_tleft_lbeta_power_precond;eeg_fl_theta_power_precond"
2025-12-19 12:47:43.977431,17,"stress_label",5,16,0.015625,0.401162790697674,0.401162790697674,0.366666666666667,5,"top5","eeg_fm_lbeta_power_precond;eeg_fm_specent_precond;eeg_faa_precond;eeg_tleft_lbeta_power_precond;eeg_fl_theta_power_precond"
2025-12-19 12:47:44.000321,17,"stress_label",5,32,0.015625,0.424418604651163,0.412790697674419,0.355813953488372,5,"top5","eeg_fm_lbeta_power_precond;eeg_fm_specent_precond;eeg_faa_precond;eeg_tleft_lbeta_power_precond;eeg_fl_theta_power_precond"
2025-12-19 12:47:44.045086,17,"stress_label",5,64,0.015625,0.482558139534884,0.383720930232558,NA,5,"top5","eeg_fm_lbeta_power_precond;eeg_fm_specent_precond;eeg_faa_precond;eeg_tleft_lbeta_power_precond;eeg_fl_theta_power_precond"
2025-12-19 12:47:45.175294,17,"stress_label",5,128,0.015625,0.558139534883721,0.36046511627907,NA,5,"top5","eeg_fm_lbeta_power_precond;eeg_fm_specent_precond;eeg_faa_precond;eeg_tleft_lbeta_power_precond;eeg_fl_theta_power_precond"
2025-12-19 12:47:45.307407,17,"stress_label",5,256,0.015625,0.563953488372093,0.313953488372093,NA,5,"top5","eeg_fm_lbeta_power_precond;eeg_fm_specent_precond;eeg_faa_precond;eeg_tleft_lbeta_power_precond;eeg_fl_theta_power_precond"
2025-12-19 12:47:45.020718,17,"stress_label",5,2,0.03125,0.459302325581395,0.453488372093023,0.416279069767442,5,"top5","eeg_fm_lbeta_power_precond;eeg_fm_specent_precond;eeg_faa_precond;eeg_tleft_lbeta_power_precond;eeg_fl_theta_power_precond"
2025-12-19 12:47:45.052141,17,"stress_label",5,4,0.03125,0.436046511627907,0.366279069767442,0.395348837209302,5,"top5","eeg_fm_lbeta_power_precond;eeg_fm_specent_precond;eeg_faa_precond;eeg_tleft_lbeta_power_precond;eeg_fl_theta_power_precond"
2025-12-19 12:47:45.052889,17,"stress_label",5,8,0.03125,0.412790697674419,0.430232558139535,0.351937984496124,5,"top5","eeg_fm_lbeta_power_precond;eeg_fm_specent_precond;eeg_faa_precond;eeg_tleft_lbeta_power_precond;eeg_fl_theta_power_precond"
2025-12-19 12:47:45.07955,17,"stress_label",5,16,0.03125,0.459302325581395,0.395348837209302,NA,5,"top5","eeg_fm_lbeta_power_precond;eeg_fm_specent_precond;eeg_faa_precond;eeg_tleft_lbeta_power_precond;eeg_fl_theta_power_precond"
2025-12-19 12:47:45.162307,17,"stress_label",5,32,0.03125,0.558139534883721,0.308139534883721,NA,5,"top5","eeg_fm_lbeta_power_precond;eeg_fm_specent_precond;eeg_faa_precond;eeg_tleft_lbeta_power_precond;eeg_fl_theta_power_precond"
2025-12-19 12:47:45.189546,17,"stress_label",5,64,0.03125,0.552325581395349,0.36046511627907,NA,5,"top5","eeg_fm_lbeta_power_precond;eeg_fm_specent_precond;eeg_faa_precond;eeg_tleft_lbeta_power_precond;eeg_fl_theta_power_precond"
2025-12-19 12:47:45.279307,17,"stress_label",5,128,0.03125,0.534883720930233,0.424418604651163,NA,5,"top5","eeg_fm_lbeta_power_precond;eeg_fm_specent_precond;eeg_faa_precond;eeg_tleft_lbeta_power_precond;eeg_fl_theta_power_precond"
2025-12-19 12:47:45.482992,17,"stress_label",5,256,0.03125,0.534883720930233,0.354651162790698,NA,5,"top5","eeg_fm_lbeta_power_precond;eeg_fm_specent_precond;eeg_faa_precond;eeg_tleft_lbeta_power_precond;eeg_fl_theta_power_precond"
2025-12-19 12:47:45.058299,17,"stress_label",5,2,0.0625,0.453488372093023,0.430232558139535,0.422480620155039,5,"top5","eeg_fm_lbeta_power_precond;eeg_fm_specent_precond;eeg_faa_precond;eeg_tleft_lbeta_power_precond;eeg_fl_theta_power_precond"
2025-12-19 12:47:45.111676,17,"stress_label",5,4,0.0625,0.47093023255814,0.302325581395349,NA,5,"top5","eeg_fm_lbeta_power_precond;eeg_fm_specent_precond;eeg_faa_precond;eeg_tleft_lbeta_power_precond;eeg_fl_theta_power_precond"
2025-12-19 12:47:45.101127,17,"stress_label",5,8,0.0625,0.523255813953488,0.38953488372093,NA,5,"top5","eeg_fm_lbeta_power_precond;eeg_fm_specent_precond;eeg_faa_precond;eeg_tleft_lbeta_power_precond;eeg_fl_theta_power_precond"
2025-12-19 12:47:45.251025,17,"stress_label",5,16,0.0625,0.523255813953488,0.36046511627907,NA,5,"top5","eeg_fm_lbeta_power_precond;eeg_fm_specent_precond;eeg_faa_precond;eeg_tleft_lbeta_power_precond;eeg_fl_theta_power_precond"
2025-12-19 12:47:46.226911,17,"stress_label",5,32,0.0625,0.558139534883721,0.430232558139535,NA,5,"top5","eeg_fm_lbeta_power_precond;eeg_fm_specent_precond;eeg_faa_precond;eeg_tleft_lbeta_power_precond;eeg_fl_theta_power_precond"
2025-12-19 12:47:46.38002,17,"stress_label",5,64,0.0625,0.523255813953488,0.558139534883721,NA,5,"top5","eeg_fm_lbeta_power_precond;eeg_fm_specent_precond;eeg_faa_precond;eeg_tleft_lbeta_power_precond;eeg_fl_theta_power_precond"
2025-12-19 12:47:46.553277,17,"stress_label",5,128,0.0625,0.494186046511628,0.430232558139535,NA,5,"top5","eeg_fm_lbeta_power_precond;eeg_fm_specent_precond;eeg_faa_precond;eeg_tleft_lbeta_power_precond;eeg_fl_theta_power_precond"
2025-12-19 12:47:46.821339,17,"stress_label",5,256,0.0625,0.523255813953488,0.453488372093023,NA,5,"top5","eeg_fm_lbeta_power_precond;eeg_fm_specent_precond;eeg_faa_precond;eeg_tleft_lbeta_power_precond;eeg_fl_theta_power_precond"
2025-12-19 12:47:46.178511,17,"stress_label",5,2,0.125,0.534883720930233,0.313953488372093,NA,5,"top5","eeg_fm_lbeta_power_precond;eeg_fm_specent_precond;eeg_faa_precond;eeg_tleft_lbeta_power_precond;eeg_fl_theta_power_precond"
2025-12-19 12:47:46.189236,17,"stress_label",5,4,0.125,0.505813953488372,0.552325581395349,NA,5,"top5","eeg_fm_lbeta_power_precond;eeg_fm_specent_precond;eeg_faa_precond;eeg_tleft_lbeta_power_precond;eeg_fl_theta_power_precond"
2025-12-19 12:47:46.215743,17,"stress_label",5,8,0.125,0.558139534883721,0.488372093023256,NA,5,"top5","eeg_fm_lbeta_power_precond;eeg_fm_specent_precond;eeg_faa_precond;eeg_tleft_lbeta_power_precond;eeg_fl_theta_power_precond"
2025-12-19 12:47:46.346647,17,"stress_label",5,16,0.125,0.552325581395349,0.441860465116279,NA,5,"top5","eeg_fm_lbeta_power_precond;eeg_fm_specent_precond;eeg_faa_precond;eeg_tleft_lbeta_power_precond;eeg_fl_theta_power_precond"
2025-12-19 12:47:46.477623,17,"stress_label",5,32,0.125,0.540697674418605,0.494186046511628,NA,5,"top5","eeg_fm_lbeta_power_precond;eeg_fm_specent_precond;eeg_faa_precond;eeg_tleft_lbeta_power_precond;eeg_fl_theta_power_precond"
2025-12-19 12:47:46.643943,17,"stress_label",5,64,0.125,0.5,0.505813953488372,NA,5,"top5","eeg_fm_lbeta_power_precond;eeg_fm_specent_precond;eeg_faa_precond;eeg_tleft_lbeta_power_precond;eeg_fl_theta_power_precond"
2025-12-19 12:47:46.952142,17,"stress_label",5,128,0.125,0.505813953488372,0.453488372093023,NA,5,"top5","eeg_fm_lbeta_power_precond;eeg_fm_specent_precond;eeg_faa_precond;eeg_tleft_lbeta_power_precond;eeg_fl_theta_power_precond"
2025-12-19 12:47:47.343284,17,"stress_label",5,256,0.125,0.534883720930233,0.406976744186047,NA,5,"top5","eeg_fm_lbeta_power_precond;eeg_fm_specent_precond;eeg_faa_precond;eeg_tleft_lbeta_power_precond;eeg_fl_theta_power_precond"
2025-12-19 12:47:46.379114,17,"stress_label",5,2,0.03,0.465116279069767,0.459302325581395,0.425581395348837,5,"top5","eeg_fm_lbeta_power_precond;eeg_fm_specent_precond;eeg_faa_precond;eeg_tleft_lbeta_power_precond;eeg_fl_theta_power_precond"
2025-12-19 12:47:46.564798,17,"stress_label",5,4,0.03,0.441860465116279,0.412790697674419,0.395348837209302,5,"top5","eeg_fm_lbeta_power_precond;eeg_fm_specent_precond;eeg_faa_precond;eeg_tleft_lbeta_power_precond;eeg_fl_theta_power_precond"
2025-12-19 12:47:47.225942,17,"stress_label",5,8,0.03,0.418604651162791,0.494186046511628,0.363565891472868,5,"top5","eeg_fm_lbeta_power_precond;eeg_fm_specent_precond;eeg_faa_precond;eeg_tleft_lbeta_power_precond;eeg_fl_theta_power_precond"
2025-12-19 12:47:47.248958,17,"stress_label",5,16,0.03,0.441860465116279,0.418604651162791,NA,5,"top5","eeg_fm_lbeta_power_precond;eeg_fm_specent_precond;eeg_faa_precond;eeg_tleft_lbeta_power_precond;eeg_fl_theta_power_precond"
2025-12-19 12:47:47.344701,17,"stress_label",5,32,0.03,0.546511627906977,0.319767441860465,NA,5,"top5","eeg_fm_lbeta_power_precond;eeg_fm_specent_precond;eeg_faa_precond;eeg_tleft_lbeta_power_precond;eeg_fl_theta_power_precond"
2025-12-19 12:47:47.382972,17,"stress_label",5,64,0.03,0.552325581395349,0.476744186046512,NA,5,"top5","eeg_fm_lbeta_power_precond;eeg_fm_specent_precond;eeg_faa_precond;eeg_tleft_lbeta_power_precond;eeg_fl_theta_power_precond"
2025-12-19 12:47:47.589233,17,"stress_label",5,128,0.03,0.529069767441861,0.401162790697674,NA,5,"top5","eeg_fm_lbeta_power_precond;eeg_fm_specent_precond;eeg_faa_precond;eeg_tleft_lbeta_power_precond;eeg_fl_theta_power_precond"
2025-12-19 12:47:47.812487,17,"stress_label",5,256,0.03,0.534883720930233,0.418604651162791,NA,5,"top5","eeg_fm_lbeta_power_precond;eeg_fm_specent_precond;eeg_faa_precond;eeg_tleft_lbeta_power_precond;eeg_fl_theta_power_precond"
2025-12-19 12:47:47.426766,17,"stress_label",5,2,0.06,0.459302325581395,0.465116279069767,0.424806201550388,5,"top5","eeg_fm_lbeta_power_precond;eeg_fm_specent_precond;eeg_faa_precond;eeg_tleft_lbeta_power_precond;eeg_fl_theta_power_precond"
2025-12-19 12:47:47.520853,17,"stress_label",5,4,0.06,0.476744186046512,0.383720930232558,NA,5,"top5","eeg_fm_lbeta_power_precond;eeg_fm_specent_precond;eeg_faa_precond;eeg_tleft_lbeta_power_precond;eeg_fl_theta_power_precond"
2025-12-19 12:47:47.596904,17,"stress_label",5,8,0.06,0.523255813953488,0.383720930232558,NA,5,"top5","eeg_fm_lbeta_power_precond;eeg_fm_specent_precond;eeg_faa_precond;eeg_tleft_lbeta_power_precond;eeg_fl_theta_power_precond"
2025-12-19 12:47:47.700904,17,"stress_label",5,16,0.06,0.523255813953488,0.424418604651163,NA,5,"top5","eeg_fm_lbeta_power_precond;eeg_fm_specent_precond;eeg_faa_precond;eeg_tleft_lbeta_power_precond;eeg_fl_theta_power_precond"
2025-12-19 12:47:47.771545,17,"stress_label",5,32,0.06,0.546511627906977,0.401162790697674,NA,5,"top5","eeg_fm_lbeta_power_precond;eeg_fm_specent_precond;eeg_faa_precond;eeg_tleft_lbeta_power_precond;eeg_fl_theta_power_precond"
2025-12-19 12:47:48.015455,17,"stress_label",5,64,0.06,0.534883720930233,0.412790697674419,NA,5,"top5","eeg_fm_lbeta_power_precond;eeg_fm_specent_precond;eeg_faa_precond;eeg_tleft_lbeta_power_precond;eeg_fl_theta_power_precond"
2025-12-19 12:47:48.281648,17,"stress_label",5,128,0.06,0.5,0.441860465116279,NA,5,"top5","eeg_fm_lbeta_power_precond;eeg_fm_specent_precond;eeg_faa_precond;eeg_tleft_lbeta_power_precond;eeg_fl_theta_power_precond"
2025-12-19 12:47:48.630352,17,"stress_label",5,256,0.06,0.511627906976744,0.418604651162791,NA,5,"top5","eeg_fm_lbeta_power_precond;eeg_fm_specent_precond;eeg_faa_precond;eeg_tleft_lbeta_power_precond;eeg_fl_theta_power_precond"
2025-12-19 12:47:48.239983,17,"stress_label",5,2,0.1,0.494186046511628,0.348837209302326,NA,5,"top5","eeg_fm_lbeta_power_precond;eeg_fm_specent_precond;eeg_faa_precond;eeg_tleft_lbeta_power_precond;eeg_fl_theta_power_precond"
2025-12-19 12:47:48.302902,17,"stress_label",5,4,0.1,0.523255813953488,0.354651162790698,NA,5,"top5","eeg_fm_lbeta_power_precond;eeg_fm_specent_precond;eeg_faa_precond;eeg_tleft_lbeta_power_precond;eeg_fl_theta_power_precond"
2025-12-19 12:47:48.355822,17,"stress_label",5,8,0.1,0.552325581395349,0.406976744186047,NA,5,"top5","eeg_fm_lbeta_power_precond;eeg_fm_specent_precond;eeg_faa_precond;eeg_tleft_lbeta_power_precond;eeg_fl_theta_power_precond"
2025-12-19 12:47:48.401688,17,"stress_label",5,16,0.1,0.569767441860465,0.546511627906977,NA,5,"top5","eeg_fm_lbeta_power_precond;eeg_fm_specent_precond;eeg_faa_precond;eeg_tleft_lbeta_power_precond;eeg_fl_theta_power_precond"
2025-12-19 12:47:48.440076,17,"stress_label",5,32,0.1,0.534883720930233,0.546511627906977,NA,5,"top5","eeg_fm_lbeta_power_precond;eeg_fm_specent_precond;eeg_faa_precond;eeg_tleft_lbeta_power_precond;eeg_fl_theta_power_precond"
2025-12-19 12:47:48.59402,17,"stress_label",5,64,0.1,0.540697674418605,0.546511627906977,NA,5,"top5","eeg_fm_lbeta_power_precond;eeg_fm_specent_precond;eeg_faa_precond;eeg_tleft_lbeta_power_precond;eeg_fl_theta_power_precond"
2025-12-19 12:47:48.816096,17,"stress_label",5,128,0.1,0.511627906976744,0.523255813953488,NA,5,"top5","eeg_fm_lbeta_power_precond;eeg_fm_specent_precond;eeg_faa_precond;eeg_tleft_lbeta_power_precond;eeg_fl_theta_power_precond"
2025-12-19 12:47:49.087855,17,"stress_label",5,256,0.1,0.523255813953488,0.488372093023256,NA,5,"top5","eeg_fm_lbeta_power_precond;eeg_fm_specent_precond;eeg_faa_precond;eeg_tleft_lbeta_power_precond;eeg_fl_theta_power_precond"
2025-12-19 12:47:50.367279,18,"stress_label",5,2,0.0078125,0.459302325581395,0.5,0.372868217054264,5,"top5","eeg_fm_specent_precond;eeg_fm_beta_power_precond;eeg_faa_precond;eeg_tleft_lbeta_power_precond;eeg_fl_theta_power_precond"
2025-12-19 12:47:50.341016,18,"stress_label",5,4,0.0078125,0.47093023255814,0.523255813953488,0.396899224806202,5,"top5","eeg_fm_specent_precond;eeg_fm_beta_power_precond;eeg_faa_precond;eeg_tleft_lbeta_power_precond;eeg_fl_theta_power_precond"
2025-12-19 12:47:50.345596,18,"stress_label",5,8,0.0078125,0.459302325581395,0.511627906976744,NA,5,"top5","eeg_fm_specent_precond;eeg_fm_beta_power_precond;eeg_faa_precond;eeg_tleft_lbeta_power_precond;eeg_fl_theta_power_precond"
2025-12-19 12:47:50.3291,18,"stress_label",5,16,0.0078125,0.430232558139535,0.523255813953488,0.33953488372093,5,"top5","eeg_fm_specent_precond;eeg_fm_beta_power_precond;eeg_faa_precond;eeg_tleft_lbeta_power_precond;eeg_fl_theta_power_precond"
2025-12-19 12:47:50.341586,18,"stress_label",5,32,0.0078125,0.430232558139535,0.540697674418605,0.330232558139535,5,"top5","eeg_fm_specent_precond;eeg_fm_beta_power_precond;eeg_faa_precond;eeg_tleft_lbeta_power_precond;eeg_fl_theta_power_precond"
2025-12-19 12:47:50.365415,18,"stress_label",5,64,0.0078125,0.453488372093023,0.383720930232558,0.354263565891473,5,"top5","eeg_fm_specent_precond;eeg_fm_beta_power_precond;eeg_faa_precond;eeg_tleft_lbeta_power_precond;eeg_fl_theta_power_precond"
2025-12-19 12:47:50.423316,18,"stress_label",5,128,0.0078125,0.5,0.308139534883721,NA,5,"top5","eeg_fm_specent_precond;eeg_fm_beta_power_precond;eeg_faa_precond;eeg_tleft_lbeta_power_precond;eeg_fl_theta_power_precond"
2025-12-19 12:47:50.453674,18,"stress_label",5,256,0.0078125,0.482558139534884,0.430232558139535,NA,5,"top5","eeg_fm_specent_precond;eeg_fm_beta_power_precond;eeg_faa_precond;eeg_tleft_lbeta_power_precond;eeg_fl_theta_power_precond"
2025-12-19 12:47:50.331506,18,"stress_label",5,2,0.015625,0.465116279069767,0.529069767441861,0.365891472868217,5,"top5","eeg_fm_specent_precond;eeg_fm_beta_power_precond;eeg_faa_precond;eeg_tleft_lbeta_power_precond;eeg_fl_theta_power_precond"
2025-12-19 12:47:50.313167,18,"stress_label",5,4,0.015625,0.447674418604651,0.459302325581395,0.362015503875969,5,"top5","eeg_fm_specent_precond;eeg_fm_beta_power_precond;eeg_faa_precond;eeg_tleft_lbeta_power_precond;eeg_fl_theta_power_precond"
2025-12-19 12:47:50.334785,18,"stress_label",5,8,0.015625,0.441860465116279,0.558139534883721,0.342635658914729,5,"top5","eeg_fm_specent_precond;eeg_fm_beta_power_precond;eeg_faa_precond;eeg_tleft_lbeta_power_precond;eeg_fl_theta_power_precond"
2025-12-19 12:47:50.347348,18,"stress_label",5,16,0.015625,0.453488372093023,0.395348837209302,0.354263565891473,5,"top5","eeg_fm_specent_precond;eeg_fm_beta_power_precond;eeg_faa_precond;eeg_tleft_lbeta_power_precond;eeg_fl_theta_power_precond"
2025-12-19 12:47:50.345498,18,"stress_label",5,32,0.015625,0.476744186046512,0.372093023255814,0.381395348837209,5,"top5","eeg_fm_specent_precond;eeg_fm_beta_power_precond;eeg_faa_precond;eeg_tleft_lbeta_power_precond;eeg_fl_theta_power_precond"
2025-12-19 12:47:50.401615,18,"stress_label",5,64,0.015625,0.494186046511628,0.436046511627907,NA,5,"top5","eeg_fm_specent_precond;eeg_fm_beta_power_precond;eeg_faa_precond;eeg_tleft_lbeta_power_precond;eeg_fl_theta_power_precond"
2025-12-19 12:47:51.573461,18,"stress_label",5,128,0.015625,0.488372093023256,0.441860465116279,NA,5,"top5","eeg_fm_specent_precond;eeg_fm_beta_power_precond;eeg_faa_precond;eeg_tleft_lbeta_power_precond;eeg_fl_theta_power_precond"
2025-12-19 12:47:51.655111,18,"stress_label",5,256,0.015625,0.511627906976744,0.418604651162791,NA,5,"top5","eeg_fm_specent_precond;eeg_fm_beta_power_precond;eeg_faa_precond;eeg_tleft_lbeta_power_precond;eeg_fl_theta_power_precond"
2025-12-19 12:47:51.491646,18,"stress_label",5,2,0.03125,0.441860465116279,0.383720930232558,0.338759689922481,5,"top5","eeg_fm_specent_precond;eeg_fm_beta_power_precond;eeg_faa_precond;eeg_tleft_lbeta_power_precond;eeg_fl_theta_power_precond"
2025-12-19 12:47:51.412002,18,"stress_label",5,4,0.03125,0.453488372093023,0.540697674418605,0.341085271317829,5,"top5","eeg_fm_specent_precond;eeg_fm_beta_power_precond;eeg_faa_precond;eeg_tleft_lbeta_power_precond;eeg_fl_theta_power_precond"
2025-12-19 12:47:51.449326,18,"stress_label",5,8,0.03125,0.476744186046512,0.406976744186047,0.393023255813953,5,"top5","eeg_fm_specent_precond;eeg_fm_beta_power_precond;eeg_faa_precond;eeg_tleft_lbeta_power_precond;eeg_fl_theta_power_precond"
2025-12-19 12:47:51.470942,18,"stress_label",5,16,0.03125,0.5,0.424418604651163,NA,5,"top5","eeg_fm_specent_precond;eeg_fm_beta_power_precond;eeg_faa_precond;eeg_tleft_lbeta_power_precond;eeg_fl_theta_power_precond"
2025-12-19 12:47:51.513021,18,"stress_label",5,32,0.03125,0.476744186046512,0.47093023255814,0.414728682170543,5,"top5","eeg_fm_specent_precond;eeg_fm_beta_power_precond;eeg_faa_precond;eeg_tleft_lbeta_power_precond;eeg_fl_theta_power_precond"
2025-12-19 12:47:51.574197,18,"stress_label",5,64,0.03125,0.5,0.377906976744186,NA,5,"top5","eeg_fm_specent_precond;eeg_fm_beta_power_precond;eeg_faa_precond;eeg_tleft_lbeta_power_precond;eeg_fl_theta_power_precond"
2025-12-19 12:47:51.62913,18,"stress_label",5,128,0.03125,0.517441860465116,0.453488372093023,NA,5,"top5","eeg_fm_specent_precond;eeg_fm_beta_power_precond;eeg_faa_precond;eeg_tleft_lbeta_power_precond;eeg_fl_theta_power_precond"
2025-12-19 12:47:51.843572,18,"stress_label",5,256,0.03125,0.517441860465116,0.441860465116279,NA,5,"top5","eeg_fm_specent_precond;eeg_fm_beta_power_precond;eeg_faa_precond;eeg_tleft_lbeta_power_precond;eeg_fl_theta_power_precond"
2025-12-19 12:47:51.447944,18,"stress_label",5,2,0.0625,0.465116279069767,0.447674418604651,0.388372093023256,5,"top5","eeg_fm_specent_precond;eeg_fm_beta_power_precond;eeg_faa_precond;eeg_tleft_lbeta_power_precond;eeg_fl_theta_power_precond"
2025-12-19 12:47:51.559783,18,"stress_label",5,4,0.0625,0.494186046511628,0.436046511627907,NA,5,"top5","eeg_fm_specent_precond;eeg_fm_beta_power_precond;eeg_faa_precond;eeg_tleft_lbeta_power_precond;eeg_fl_theta_power_precond"
2025-12-19 12:47:51.526851,18,"stress_label",5,8,0.0625,0.517441860465116,0.372093023255814,NA,5,"top5","eeg_fm_specent_precond;eeg_fm_beta_power_precond;eeg_faa_precond;eeg_tleft_lbeta_power_precond;eeg_fl_theta_power_precond"
2025-12-19 12:47:51.613489,18,"stress_label",5,16,0.0625,0.517441860465116,0.38953488372093,NA,5,"top5","eeg_fm_specent_precond;eeg_fm_beta_power_precond;eeg_faa_precond;eeg_tleft_lbeta_power_precond;eeg_fl_theta_power_precond"
2025-12-19 12:47:52.603125,18,"stress_label",5,32,0.0625,0.540697674418605,0.453488372093023,NA,5,"top5","eeg_fm_specent_precond;eeg_fm_beta_power_precond;eeg_faa_precond;eeg_tleft_lbeta_power_precond;eeg_fl_theta_power_precond"
2025-12-19 12:47:52.744782,18,"stress_label",5,64,0.0625,0.529069767441861,0.558139534883721,NA,5,"top5","eeg_fm_specent_precond;eeg_fm_beta_power_precond;eeg_faa_precond;eeg_tleft_lbeta_power_precond;eeg_fl_theta_power_precond"
2025-12-19 12:47:52.836578,18,"stress_label",5,128,0.0625,0.529069767441861,0.5,NA,5,"top5","eeg_fm_specent_precond;eeg_fm_beta_power_precond;eeg_faa_precond;eeg_tleft_lbeta_power_precond;eeg_fl_theta_power_precond"
2025-12-19 12:47:53.167072,18,"stress_label",5,256,0.0625,0.569767441860465,0.546511627906977,NA,5,"top5","eeg_fm_specent_precond;eeg_fm_beta_power_precond;eeg_faa_precond;eeg_tleft_lbeta_power_precond;eeg_fl_theta_power_precond"
2025-12-19 12:47:52.557138,18,"stress_label",5,2,0.125,0.523255813953488,0.372093023255814,NA,5,"top5","eeg_fm_specent_precond;eeg_fm_beta_power_precond;eeg_faa_precond;eeg_tleft_lbeta_power_precond;eeg_fl_theta_power_precond"
2025-12-19 12:47:52.592582,18,"stress_label",5,4,0.125,0.581395348837209,0.505813953488372,NA,5,"top5","eeg_fm_specent_precond;eeg_fm_beta_power_precond;eeg_faa_precond;eeg_tleft_lbeta_power_precond;eeg_fl_theta_power_precond"
2025-12-19 12:47:52.598098,18,"stress_label",5,8,0.125,0.587209302325581,0.517441860465116,NA,5,"top5","eeg_fm_specent_precond;eeg_fm_beta_power_precond;eeg_faa_precond;eeg_tleft_lbeta_power_precond;eeg_fl_theta_power_precond"
2025-12-19 12:47:52.668835,18,"stress_label",5,16,0.125,0.575581395348837,0.552325581395349,NA,5,"top5","eeg_fm_specent_precond;eeg_fm_beta_power_precond;eeg_faa_precond;eeg_tleft_lbeta_power_precond;eeg_fl_theta_power_precond"
2025-12-19 12:47:52.735035,18,"stress_label",5,32,0.125,0.569767441860465,0.622093023255814,NA,5,"top5","eeg_fm_specent_precond;eeg_fm_beta_power_precond;eeg_faa_precond;eeg_tleft_lbeta_power_precond;eeg_fl_theta_power_precond"
2025-12-19 12:47:52.903601,18,"stress_label",5,64,0.125,0.546511627906977,0.575581395348837,NA,5,"top5","eeg_fm_specent_precond;eeg_fm_beta_power_precond;eeg_faa_precond;eeg_tleft_lbeta_power_precond;eeg_fl_theta_power_precond"
2025-12-19 12:47:53.206351,18,"stress_label",5,128,0.125,0.540697674418605,0.593023255813954,NA,5,"top5","eeg_fm_specent_precond;eeg_fm_beta_power_precond;eeg_faa_precond;eeg_tleft_lbeta_power_precond;eeg_fl_theta_power_precond"
2025-12-19 12:47:53.580703,18,"stress_label",5,256,0.125,0.517441860465116,0.488372093023256,NA,5,"top5","eeg_fm_specent_precond;eeg_fm_beta_power_precond;eeg_faa_precond;eeg_tleft_lbeta_power_precond;eeg_fl_theta_power_precond"
2025-12-19 12:47:52.68942,18,"stress_label",5,2,0.03,0.441860465116279,0.482558139534884,0.327131782945736,5,"top5","eeg_fm_specent_precond;eeg_fm_beta_power_precond;eeg_faa_precond;eeg_tleft_lbeta_power_precond;eeg_fl_theta_power_precond"
2025-12-19 12:47:52.885595,18,"stress_label",5,4,0.03,0.436046511627907,0.459302325581395,0.325581395348837,5,"top5","eeg_fm_specent_precond;eeg_fm_beta_power_precond;eeg_faa_precond;eeg_tleft_lbeta_power_precond;eeg_fl_theta_power_precond"
2025-12-19 12:47:53.594021,18,"stress_label",5,8,0.03,0.476744186046512,0.447674418604651,0.393023255813953,5,"top5","eeg_fm_specent_precond;eeg_fm_beta_power_precond;eeg_faa_precond;eeg_tleft_lbeta_power_precond;eeg_fl_theta_power_precond"
2025-12-19 12:47:53.626259,18,"stress_label",5,16,0.03,0.488372093023256,0.354651162790698,NA,5,"top5","eeg_fm_specent_precond;eeg_fm_beta_power_precond;eeg_faa_precond;eeg_tleft_lbeta_power_precond;eeg_fl_theta_power_precond"
2025-12-19 12:47:53.685851,18,"stress_label",5,32,0.03,0.482558139534884,0.284883720930233,NA,5,"top5","eeg_fm_specent_precond;eeg_fm_beta_power_precond;eeg_faa_precond;eeg_tleft_lbeta_power_precond;eeg_fl_theta_power_precond"
2025-12-19 12:47:53.726081,18,"stress_label",5,64,0.03,0.505813953488372,0.436046511627907,NA,5,"top5","eeg_fm_specent_precond;eeg_fm_beta_power_precond;eeg_faa_precond;eeg_tleft_lbeta_power_precond;eeg_fl_theta_power_precond"
2025-12-19 12:47:53.876424,18,"stress_label",5,128,0.03,0.511627906976744,0.418604651162791,NA,5,"top5","eeg_fm_specent_precond;eeg_fm_beta_power_precond;eeg_faa_precond;eeg_tleft_lbeta_power_precond;eeg_fl_theta_power_precond"
2025-12-19 12:47:54.07144,18,"stress_label",5,256,0.03,0.517441860465116,0.406976744186047,NA,5,"top5","eeg_fm_specent_precond;eeg_fm_beta_power_precond;eeg_faa_precond;eeg_tleft_lbeta_power_precond;eeg_fl_theta_power_precond"
2025-12-19 12:47:53.760404,18,"stress_label",5,2,0.06,0.453488372093023,0.441860465116279,0.364341085271318,5,"top5","eeg_fm_specent_precond;eeg_fm_beta_power_precond;eeg_faa_precond;eeg_tleft_lbeta_power_precond;eeg_fl_theta_power_precond"
2025-12-19 12:47:53.799486,18,"stress_label",5,4,0.06,0.5,0.377906976744186,NA,5,"top5","eeg_fm_specent_precond;eeg_fm_beta_power_precond;eeg_faa_precond;eeg_tleft_lbeta_power_precond;eeg_fl_theta_power_precond"
2025-12-19 12:47:53.894565,18,"stress_label",5,8,0.06,0.488372093023256,0.331395348837209,NA,5,"top5","eeg_fm_specent_precond;eeg_fm_beta_power_precond;eeg_faa_precond;eeg_tleft_lbeta_power_precond;eeg_fl_theta_power_precond"
2025-12-19 12:47:53.943108,18,"stress_label",5,16,0.06,0.517441860465116,0.436046511627907,NA,5,"top5","eeg_fm_specent_precond;eeg_fm_beta_power_precond;eeg_faa_precond;eeg_tleft_lbeta_power_precond;eeg_fl_theta_power_precond"
2025-12-19 12:47:54.065117,18,"stress_label",5,32,0.06,0.529069767441861,0.447674418604651,NA,5,"top5","eeg_fm_specent_precond;eeg_fm_beta_power_precond;eeg_faa_precond;eeg_tleft_lbeta_power_precond;eeg_fl_theta_power_precond"
2025-12-19 12:47:54.43529,18,"stress_label",5,64,0.06,0.529069767441861,0.569767441860465,NA,5,"top5","eeg_fm_specent_precond;eeg_fm_beta_power_precond;eeg_faa_precond;eeg_tleft_lbeta_power_precond;eeg_fl_theta_power_precond"
2025-12-19 12:47:54.542453,18,"stress_label",5,128,0.06,0.529069767441861,0.523255813953488,NA,5,"top5","eeg_fm_specent_precond;eeg_fm_beta_power_precond;eeg_faa_precond;eeg_tleft_lbeta_power_precond;eeg_fl_theta_power_precond"
2025-12-19 12:47:54.998949,18,"stress_label",5,256,0.06,0.563953488372093,0.505813953488372,NA,5,"top5","eeg_fm_specent_precond;eeg_fm_beta_power_precond;eeg_faa_precond;eeg_tleft_lbeta_power_precond;eeg_fl_theta_power_precond"
2025-12-19 12:47:54.546396,18,"stress_label",5,2,0.1,0.494186046511628,0.412790697674419,NA,5,"top5","eeg_fm_specent_precond;eeg_fm_beta_power_precond;eeg_faa_precond;eeg_tleft_lbeta_power_precond;eeg_fl_theta_power_precond"
2025-12-19 12:47:54.615723,18,"stress_label",5,4,0.1,0.581395348837209,0.447674418604651,NA,5,"top5","eeg_fm_specent_precond;eeg_fm_beta_power_precond;eeg_faa_precond;eeg_tleft_lbeta_power_precond;eeg_fl_theta_power_precond"
2025-12-19 12:47:54.654903,18,"stress_label",5,8,0.1,0.563953488372093,0.436046511627907,NA,5,"top5","eeg_fm_specent_precond;eeg_fm_beta_power_precond;eeg_faa_precond;eeg_tleft_lbeta_power_precond;eeg_fl_theta_power_precond"
2025-12-19 12:47:54.717136,18,"stress_label",5,16,0.1,0.575581395348837,0.558139534883721,NA,5,"top5","eeg_fm_specent_precond;eeg_fm_beta_power_precond;eeg_faa_precond;eeg_tleft_lbeta_power_precond;eeg_fl_theta_power_precond"
2025-12-19 12:47:54.773452,18,"stress_label",5,32,0.1,0.546511627906977,0.593023255813954,NA,5,"top5","eeg_fm_specent_precond;eeg_fm_beta_power_precond;eeg_faa_precond;eeg_tleft_lbeta_power_precond;eeg_fl_theta_power_precond"
2025-12-19 12:47:54.875667,18,"stress_label",5,64,0.1,0.552325581395349,0.598837209302326,NA,5,"top5","eeg_fm_specent_precond;eeg_fm_beta_power_precond;eeg_faa_precond;eeg_tleft_lbeta_power_precond;eeg_fl_theta_power_precond"
2025-12-19 12:47:55.073055,18,"stress_label",5,128,0.1,0.534883720930233,0.598837209302326,NA,5,"top5","eeg_fm_specent_precond;eeg_fm_beta_power_precond;eeg_faa_precond;eeg_tleft_lbeta_power_precond;eeg_fl_theta_power_precond"
2025-12-19 12:47:55.317807,18,"stress_label",5,256,0.1,0.558139534883721,0.552325581395349,NA,5,"top5","eeg_fm_specent_precond;eeg_fm_beta_power_precond;eeg_faa_precond;eeg_tleft_lbeta_power_precond;eeg_fl_theta_power_precond"
2025-12-19 12:47:56.567486,19,"stress_label",5,2,0.0078125,0.5,0.453488372093023,0.465891472868217,5,"top5","eeg_fm_lbeta_power_precond;eeg_fm_specent_precond;eeg_tleft_lbeta_power_precond;eeg_faa_precond;eeg_tleft_lalpha_power_precond"
2025-12-19 12:47:56.775479,19,"stress_label",5,4,0.0078125,0.494186046511628,0.366279069767442,0.466666666666667,5,"top5","eeg_fm_lbeta_power_precond;eeg_fm_specent_precond;eeg_tleft_lbeta_power_precond;eeg_faa_precond;eeg_tleft_lalpha_power_precond"
2025-12-19 12:47:56.603015,19,"stress_label",5,8,0.0078125,0.488372093023256,0.406976744186047,0.441085271317829,5,"top5","eeg_fm_lbeta_power_precond;eeg_fm_specent_precond;eeg_tleft_lbeta_power_precond;eeg_faa_precond;eeg_tleft_lalpha_power_precond"
2025-12-19 12:47:56.612954,19,"stress_label",5,16,0.0078125,0.47093023255814,0.372093023255814,NA,5,"top5","eeg_fm_lbeta_power_precond;eeg_fm_specent_precond;eeg_tleft_lbeta_power_precond;eeg_faa_precond;eeg_tleft_lalpha_power_precond"
2025-12-19 12:47:56.62115,19,"stress_label",5,32,0.0078125,0.476744186046512,0.436046511627907,NA,5,"top5","eeg_fm_lbeta_power_precond;eeg_fm_specent_precond;eeg_tleft_lbeta_power_precond;eeg_faa_precond;eeg_tleft_lalpha_power_precond"
2025-12-19 12:47:56.647487,19,"stress_label",5,64,0.0078125,0.488372093023256,0.406976744186047,NA,5,"top5","eeg_fm_lbeta_power_precond;eeg_fm_specent_precond;eeg_tleft_lbeta_power_precond;eeg_faa_precond;eeg_tleft_lalpha_power_precond"
2025-12-19 12:47:56.669567,19,"stress_label",5,128,0.0078125,0.505813953488372,0.401162790697674,NA,5,"top5","eeg_fm_lbeta_power_precond;eeg_fm_specent_precond;eeg_tleft_lbeta_power_precond;eeg_faa_precond;eeg_tleft_lalpha_power_precond"
2025-12-19 12:47:56.921001,19,"stress_label",5,256,0.0078125,0.534883720930233,0.38953488372093,NA,5,"top5","eeg_fm_lbeta_power_precond;eeg_fm_specent_precond;eeg_tleft_lbeta_power_precond;eeg_faa_precond;eeg_tleft_lalpha_power_precond"
2025-12-19 12:47:56.565688,19,"stress_label",5,2,0.015625,0.494186046511628,0.377906976744186,0.454263565891473,5,"top5","eeg_fm_lbeta_power_precond;eeg_fm_specent_precond;eeg_tleft_lbeta_power_precond;eeg_faa_precond;eeg_tleft_lalpha_power_precond"
2025-12-19 12:47:56.652366,19,"stress_label",5,4,0.015625,0.476744186046512,0.372093023255814,NA,5,"top5","eeg_fm_lbeta_power_precond;eeg_fm_specent_precond;eeg_tleft_lbeta_power_precond;eeg_faa_precond;eeg_tleft_lalpha_power_precond"
2025-12-19 12:47:56.814756,19,"stress_label",5,8,0.015625,0.494186046511628,0.377906976744186,NA,5,"top5","eeg_fm_lbeta_power_precond;eeg_fm_specent_precond;eeg_tleft_lbeta_power_precond;eeg_faa_precond;eeg_tleft_lalpha_power_precond"
2025-12-19 12:47:56.619008,19,"stress_label",5,16,0.015625,0.494186046511628,0.36046511627907,NA,5,"top5","eeg_fm_lbeta_power_precond;eeg_fm_specent_precond;eeg_tleft_lbeta_power_precond;eeg_faa_precond;eeg_tleft_lalpha_power_precond"
2025-12-19 12:47:56.684716,19,"stress_label",5,32,0.015625,0.505813953488372,0.447674418604651,NA,5,"top5","eeg_fm_lbeta_power_precond;eeg_fm_specent_precond;eeg_tleft_lbeta_power_precond;eeg_faa_precond;eeg_tleft_lalpha_power_precond"
2025-12-19 12:47:56.637256,19,"stress_label",5,64,0.015625,0.529069767441861,0.418604651162791,NA,5,"top5","eeg_fm_lbeta_power_precond;eeg_fm_specent_precond;eeg_tleft_lbeta_power_precond;eeg_faa_precond;eeg_tleft_lalpha_power_precond"
2025-12-19 12:47:57.754135,19,"stress_label",5,128,0.015625,0.523255813953488,0.38953488372093,NA,5,"top5","eeg_fm_lbeta_power_precond;eeg_fm_specent_precond;eeg_tleft_lbeta_power_precond;eeg_faa_precond;eeg_tleft_lalpha_power_precond"
2025-12-19 12:47:57.826957,19,"stress_label",5,256,0.015625,0.511627906976744,0.441860465116279,NA,5,"top5","eeg_fm_lbeta_power_precond;eeg_fm_specent_precond;eeg_tleft_lbeta_power_precond;eeg_faa_precond;eeg_tleft_lalpha_power_precond"
2025-12-19 12:47:57.683243,19,"stress_label",5,2,0.03125,0.5,0.418604651162791,NA,5,"top5","eeg_fm_lbeta_power_precond;eeg_fm_specent_precond;eeg_tleft_lbeta_power_precond;eeg_faa_precond;eeg_tleft_lalpha_power_precond"
2025-12-19 12:47:57.693069,19,"stress_label",5,4,0.03125,0.511627906976744,0.430232558139535,0.451937984496124,5,"top5","eeg_fm_lbeta_power_precond;eeg_fm_specent_precond;eeg_tleft_lbeta_power_precond;eeg_faa_precond;eeg_tleft_lalpha_power_precond"
2025-12-19 12:47:57.729696,19,"stress_label",5,8,0.03125,0.511627906976744,0.418604651162791,NA,5,"top5","eeg_fm_lbeta_power_precond;eeg_fm_specent_precond;eeg_tleft_lbeta_power_precond;eeg_faa_precond;eeg_tleft_lalpha_power_precond"
2025-12-19 12:47:57.731485,19,"stress_label",5,16,0.03125,0.523255813953488,0.377906976744186,NA,5,"top5","eeg_fm_lbeta_power_precond;eeg_fm_specent_precond;eeg_tleft_lbeta_power_precond;eeg_faa_precond;eeg_tleft_lalpha_power_precond"
2025-12-19 12:47:57.78721,19,"stress_label",5,32,0.03125,0.511627906976744,0.412790697674419,NA,5,"top5","eeg_fm_lbeta_power_precond;eeg_fm_specent_precond;eeg_tleft_lbeta_power_precond;eeg_faa_precond;eeg_tleft_lalpha_power_precond"
2025-12-19 12:47:57.805047,19,"stress_label",5,64,0.03125,0.511627906976744,0.430232558139535,NA,5,"top5","eeg_fm_lbeta_power_precond;eeg_fm_specent_precond;eeg_tleft_lbeta_power_precond;eeg_faa_precond;eeg_tleft_lalpha_power_precond"
2025-12-19 12:47:58.00873,19,"stress_label",5,128,0.03125,0.552325581395349,0.441860465116279,NA,5,"top5","eeg_fm_lbeta_power_precond;eeg_fm_specent_precond;eeg_tleft_lbeta_power_precond;eeg_faa_precond;eeg_tleft_lalpha_power_precond"
2025-12-19 12:47:58.191535,19,"stress_label",5,256,0.03125,0.540697674418605,0.331395348837209,NA,5,"top5","eeg_fm_lbeta_power_precond;eeg_fm_specent_precond;eeg_tleft_lbeta_power_precond;eeg_faa_precond;eeg_tleft_lalpha_power_precond"
2025-12-19 12:47:57.764241,19,"stress_label",5,2,0.0625,0.494186046511628,0.354651162790698,0.414728682170543,5,"top5","eeg_fm_lbeta_power_precond;eeg_fm_specent_precond;eeg_tleft_lbeta_power_precond;eeg_faa_precond;eeg_tleft_lalpha_power_precond"
2025-12-19 12:47:57.840351,19,"stress_label",5,4,0.0625,0.511627906976744,0.366279069767442,NA,5,"top5","eeg_fm_lbeta_power_precond;eeg_fm_specent_precond;eeg_tleft_lbeta_power_precond;eeg_faa_precond;eeg_tleft_lalpha_power_precond"
2025-12-19 12:47:57.898908,19,"stress_label",5,8,0.0625,0.523255813953488,0.372093023255814,0.46046511627907,5,"top5","eeg_fm_lbeta_power_precond;eeg_fm_specent_precond;eeg_tleft_lbeta_power_precond;eeg_faa_precond;eeg_tleft_lalpha_power_precond"
2025-12-19 12:47:58.063162,19,"stress_label",5,16,0.0625,0.494186046511628,0.412790697674419,NA,5,"top5","eeg_fm_lbeta_power_precond;eeg_fm_specent_precond;eeg_tleft_lbeta_power_precond;eeg_faa_precond;eeg_tleft_lalpha_power_precond"
2025-12-19 12:47:58.876688,19,"stress_label",5,32,0.0625,0.540697674418605,0.424418604651163,NA,5,"top5","eeg_fm_lbeta_power_precond;eeg_fm_specent_precond;eeg_tleft_lbeta_power_precond;eeg_faa_precond;eeg_tleft_lalpha_power_precond"
2025-12-19 12:47:58.941331,19,"stress_label",5,64,0.0625,0.546511627906977,0.441860465116279,NA,5,"top5","eeg_fm_lbeta_power_precond;eeg_fm_specent_precond;eeg_tleft_lbeta_power_precond;eeg_faa_precond;eeg_tleft_lalpha_power_precond"
2025-12-19 12:47:59.141322,19,"stress_label",5,128,0.0625,0.488372093023256,0.453488372093023,NA,5,"top5","eeg_fm_lbeta_power_precond;eeg_fm_specent_precond;eeg_tleft_lbeta_power_precond;eeg_faa_precond;eeg_tleft_lalpha_power_precond"
2025-12-19 12:47:59.493331,19,"stress_label",5,256,0.0625,0.453488372093023,0.529069767441861,NA,5,"top5","eeg_fm_lbeta_power_precond;eeg_fm_specent_precond;eeg_tleft_lbeta_power_precond;eeg_faa_precond;eeg_tleft_lalpha_power_precond"
2025-12-19 12:47:58.786259,19,"stress_label",5,2,0.125,0.511627906976744,0.406976744186047,NA,5,"top5","eeg_fm_lbeta_power_precond;eeg_fm_specent_precond;eeg_tleft_lbeta_power_precond;eeg_faa_precond;eeg_tleft_lalpha_power_precond"
2025-12-19 12:47:58.814965,19,"stress_label",5,4,0.125,0.517441860465116,0.406976744186047,NA,5,"top5","eeg_fm_lbeta_power_precond;eeg_fm_specent_precond;eeg_tleft_lbeta_power_precond;eeg_faa_precond;eeg_tleft_lalpha_power_precond"
2025-12-19 12:47:58.908172,19,"stress_label",5,8,0.125,0.540697674418605,0.366279069767442,NA,5,"top5","eeg_fm_lbeta_power_precond;eeg_fm_specent_precond;eeg_tleft_lbeta_power_precond;eeg_faa_precond;eeg_tleft_lalpha_power_precond"
2025-12-19 12:47:58.933146,19,"stress_label",5,16,0.125,0.517441860465116,0.377906976744186,NA,5,"top5","eeg_fm_lbeta_power_precond;eeg_fm_specent_precond;eeg_tleft_lbeta_power_precond;eeg_faa_precond;eeg_tleft_lalpha_power_precond"
2025-12-19 12:47:58.964281,19,"stress_label",5,32,0.125,0.47093023255814,0.441860465116279,NA,5,"top5","eeg_fm_lbeta_power_precond;eeg_fm_specent_precond;eeg_tleft_lbeta_power_precond;eeg_faa_precond;eeg_tleft_lalpha_power_precond"
2025-12-19 12:47:59.173039,19,"stress_label",5,64,0.125,0.441860465116279,0.494186046511628,NA,5,"top5","eeg_fm_lbeta_power_precond;eeg_fm_specent_precond;eeg_tleft_lbeta_power_precond;eeg_faa_precond;eeg_tleft_lalpha_power_precond"
2025-12-19 12:47:59.452594,19,"stress_label",5,128,0.125,0.488372093023256,0.488372093023256,NA,5,"top5","eeg_fm_lbeta_power_precond;eeg_fm_specent_precond;eeg_tleft_lbeta_power_precond;eeg_faa_precond;eeg_tleft_lalpha_power_precond"
2025-12-19 12:47:59.996145,19,"stress_label",5,256,0.125,0.441860465116279,0.517441860465116,NA,5,"top5","eeg_fm_lbeta_power_precond;eeg_fm_specent_precond;eeg_tleft_lbeta_power_precond;eeg_faa_precond;eeg_tleft_lalpha_power_precond"
2025-12-19 12:47:59.087947,19,"stress_label",5,2,0.03,0.5,0.412790697674419,NA,5,"top5","eeg_fm_lbeta_power_precond;eeg_fm_specent_precond;eeg_tleft_lbeta_power_precond;eeg_faa_precond;eeg_tleft_lalpha_power_precond"
2025-12-19 12:47:59.209629,19,"stress_label",5,4,0.03,0.494186046511628,0.377906976744186,0.437209302325581,5,"top5","eeg_fm_lbeta_power_precond;eeg_fm_specent_precond;eeg_tleft_lbeta_power_precond;eeg_faa_precond;eeg_tleft_lalpha_power_precond"
2025-12-19 12:47:59.872703,19,"stress_label",5,8,0.03,0.505813953488372,0.401162790697674,NA,5,"top5","eeg_fm_lbeta_power_precond;eeg_fm_specent_precond;eeg_tleft_lbeta_power_precond;eeg_faa_precond;eeg_tleft_lalpha_power_precond"
2025-12-19 12:47:59.872422,19,"stress_label",5,16,0.03,0.523255813953488,0.337209302325581,NA,5,"top5","eeg_fm_lbeta_power_precond;eeg_fm_specent_precond;eeg_tleft_lbeta_power_precond;eeg_faa_precond;eeg_tleft_lalpha_power_precond"
2025-12-19 12:47:59.959551,19,"stress_label",5,32,0.03,0.517441860465116,0.430232558139535,NA,5,"top5","eeg_fm_lbeta_power_precond;eeg_fm_specent_precond;eeg_tleft_lbeta_power_precond;eeg_faa_precond;eeg_tleft_lalpha_power_precond"
2025-12-19 12:48:00.043617,19,"stress_label",5,64,0.03,0.505813953488372,0.459302325581395,NA,5,"top5","eeg_fm_lbeta_power_precond;eeg_fm_specent_precond;eeg_tleft_lbeta_power_precond;eeg_faa_precond;eeg_tleft_lalpha_power_precond"
2025-12-19 12:48:00.210002,19,"stress_label",5,128,0.03,0.563953488372093,0.377906976744186,NA,5,"top5","eeg_fm_lbeta_power_precond;eeg_fm_specent_precond;eeg_tleft_lbeta_power_precond;eeg_faa_precond;eeg_tleft_lalpha_power_precond"
2025-12-19 12:48:00.420259,19,"stress_label",5,256,0.03,0.546511627906977,0.453488372093023,NA,5,"top5","eeg_fm_lbeta_power_precond;eeg_fm_specent_precond;eeg_tleft_lbeta_power_precond;eeg_faa_precond;eeg_tleft_lalpha_power_precond"
2025-12-19 12:48:00.021619,19,"stress_label",5,2,0.06,0.5,0.38953488372093,0.426356589147287,5,"top5","eeg_fm_lbeta_power_precond;eeg_fm_specent_precond;eeg_tleft_lbeta_power_precond;eeg_faa_precond;eeg_tleft_lalpha_power_precond"
2025-12-19 12:48:00.195916,19,"stress_label",5,4,0.06,0.511627906976744,0.36046511627907,NA,5,"top5","eeg_fm_lbeta_power_precond;eeg_fm_specent_precond;eeg_tleft_lbeta_power_precond;eeg_faa_precond;eeg_tleft_lalpha_power_precond"
2025-12-19 12:48:00.183859,19,"stress_label",5,8,0.06,0.517441860465116,0.337209302325581,0.451162790697674,5,"top5","eeg_fm_lbeta_power_precond;eeg_fm_specent_precond;eeg_tleft_lbeta_power_precond;eeg_faa_precond;eeg_tleft_lalpha_power_precond"
2025-12-19 12:48:00.274342,19,"stress_label",5,16,0.06,0.505813953488372,0.38953488372093,NA,5,"top5","eeg_fm_lbeta_power_precond;eeg_fm_specent_precond;eeg_tleft_lbeta_power_precond;eeg_faa_precond;eeg_tleft_lalpha_power_precond"
2025-12-19 12:48:00.406701,19,"stress_label",5,32,0.06,0.534883720930233,0.401162790697674,NA,5,"top5","eeg_fm_lbeta_power_precond;eeg_fm_specent_precond;eeg_tleft_lbeta_power_precond;eeg_faa_precond;eeg_tleft_lalpha_power_precond"
2025-12-19 12:48:00.686618,19,"stress_label",5,64,0.06,0.546511627906977,0.331395348837209,NA,5,"top5","eeg_fm_lbeta_power_precond;eeg_fm_specent_precond;eeg_tleft_lbeta_power_precond;eeg_faa_precond;eeg_tleft_lalpha_power_precond"
2025-12-19 12:48:00.865757,19,"stress_label",5,128,0.06,0.511627906976744,0.47093023255814,NA,5,"top5","eeg_fm_lbeta_power_precond;eeg_fm_specent_precond;eeg_tleft_lbeta_power_precond;eeg_faa_precond;eeg_tleft_lalpha_power_precond"
2025-12-19 12:48:01.283649,19,"stress_label",5,256,0.06,0.465116279069767,0.546511627906977,NA,5,"top5","eeg_fm_lbeta_power_precond;eeg_fm_specent_precond;eeg_tleft_lbeta_power_precond;eeg_faa_precond;eeg_tleft_lalpha_power_precond"
2025-12-19 12:48:00.857234,19,"stress_label",5,2,0.1,0.5,0.453488372093023,NA,5,"top5","eeg_fm_lbeta_power_precond;eeg_fm_specent_precond;eeg_tleft_lbeta_power_precond;eeg_faa_precond;eeg_tleft_lalpha_power_precond"
2025-12-19 12:48:00.928287,19,"stress_label",5,4,0.1,0.523255813953488,0.412790697674419,NA,5,"top5","eeg_fm_lbeta_power_precond;eeg_fm_specent_precond;eeg_tleft_lbeta_power_precond;eeg_faa_precond;eeg_tleft_lalpha_power_precond"
2025-12-19 12:48:00.975346,19,"stress_label",5,8,0.1,0.529069767441861,0.343023255813953,NA,5,"top5","eeg_fm_lbeta_power_precond;eeg_fm_specent_precond;eeg_tleft_lbeta_power_precond;eeg_faa_precond;eeg_tleft_lalpha_power_precond"
2025-12-19 12:48:01.056724,19,"stress_label",5,16,0.1,0.540697674418605,0.337209302325581,NA,5,"top5","eeg_fm_lbeta_power_precond;eeg_fm_specent_precond;eeg_tleft_lbeta_power_precond;eeg_faa_precond;eeg_tleft_lalpha_power_precond"
2025-12-19 12:48:01.101314,19,"stress_label",5,32,0.1,0.511627906976744,0.424418604651163,NA,5,"top5","eeg_fm_lbeta_power_precond;eeg_fm_specent_precond;eeg_tleft_lbeta_power_precond;eeg_faa_precond;eeg_tleft_lalpha_power_precond"
2025-12-19 12:48:01.255869,19,"stress_label",5,64,0.1,0.476744186046512,0.534883720930233,NA,5,"top5","eeg_fm_lbeta_power_precond;eeg_fm_specent_precond;eeg_tleft_lbeta_power_precond;eeg_faa_precond;eeg_tleft_lalpha_power_precond"
2025-12-19 12:48:01.392422,19,"stress_label",5,128,0.1,0.441860465116279,0.552325581395349,NA,5,"top5","eeg_fm_lbeta_power_precond;eeg_fm_specent_precond;eeg_tleft_lbeta_power_precond;eeg_faa_precond;eeg_tleft_lalpha_power_precond"
2025-12-19 12:48:01.645235,19,"stress_label",5,256,0.1,0.47093023255814,0.558139534883721,NA,5,"top5","eeg_fm_lbeta_power_precond;eeg_fm_specent_precond;eeg_tleft_lbeta_power_precond;eeg_faa_precond;eeg_tleft_lalpha_power_precond"
2025-12-19 12:48:02.903616,20,"stress_label",5,2,0.0078125,0.505813953488372,0.406976744186047,0.48062015503876,5,"top5","eeg_fm_specent_precond;eeg_fm_lbeta_power_precond;eeg_faa_precond;eeg_tleft_lbeta_power_precond;eeg_fl_theta_power_precond"
2025-12-19 12:48:02.875737,20,"stress_label",5,4,0.0078125,0.465116279069767,0.406976744186047,0.424031007751938,5,"top5","eeg_fm_specent_precond;eeg_fm_lbeta_power_precond;eeg_faa_precond;eeg_tleft_lbeta_power_precond;eeg_fl_theta_power_precond"
2025-12-19 12:48:02.886991,20,"stress_label",5,8,0.0078125,0.453488372093023,0.459302325581395,0.4,5,"top5","eeg_fm_specent_precond;eeg_fm_lbeta_power_precond;eeg_faa_precond;eeg_tleft_lbeta_power_precond;eeg_fl_theta_power_precond"
2025-12-19 12:48:02.896621,20,"stress_label",5,16,0.0078125,0.430232558139535,0.38953488372093,0.386046511627907,5,"top5","eeg_fm_specent_precond;eeg_fm_lbeta_power_precond;eeg_faa_precond;eeg_tleft_lbeta_power_precond;eeg_fl_theta_power_precond"
2025-12-19 12:48:02.857709,20,"stress_label",5,32,0.0078125,0.430232558139535,0.424418604651163,0.372868217054264,5,"top5","eeg_fm_specent_precond;eeg_fm_lbeta_power_precond;eeg_faa_precond;eeg_tleft_lbeta_power_precond;eeg_fl_theta_power_precond"
2025-12-19 12:48:02.922045,20,"stress_label",5,64,0.0078125,0.459302325581395,0.459302325581395,0.369767441860465,5,"top5","eeg_fm_specent_precond;eeg_fm_lbeta_power_precond;eeg_faa_precond;eeg_tleft_lbeta_power_precond;eeg_fl_theta_power_precond"
2025-12-19 12:48:02.9472,20,"stress_label",5,128,0.0078125,0.453488372093023,0.424418604651163,NA,5,"top5","eeg_fm_specent_precond;eeg_fm_lbeta_power_precond;eeg_faa_precond;eeg_tleft_lbeta_power_precond;eeg_fl_theta_power_precond"
2025-12-19 12:48:03.07195,20,"stress_label",5,256,0.0078125,0.447674418604651,0.465116279069767,NA,5,"top5","eeg_fm_specent_precond;eeg_fm_lbeta_power_precond;eeg_faa_precond;eeg_tleft_lbeta_power_precond;eeg_fl_theta_power_precond"
2025-12-19 12:48:02.899792,20,"stress_label",5,2,0.015625,0.47093023255814,0.377906976744186,0.412403100775194,5,"top5","eeg_fm_specent_precond;eeg_fm_lbeta_power_precond;eeg_faa_precond;eeg_tleft_lbeta_power_precond;eeg_fl_theta_power_precond"
2025-12-19 12:48:02.873789,20,"stress_label",5,4,0.015625,0.453488372093023,0.395348837209302,0.394573643410853,5,"top5","eeg_fm_specent_precond;eeg_fm_lbeta_power_precond;eeg_faa_precond;eeg_tleft_lbeta_power_precond;eeg_fl_theta_power_precond"
2025-12-19 12:48:02.874417,20,"stress_label",5,8,0.015625,0.436046511627907,0.412790697674419,0.375193798449612,5,"top5","eeg_fm_specent_precond;eeg_fm_lbeta_power_precond;eeg_faa_precond;eeg_tleft_lbeta_power_precond;eeg_fl_theta_power_precond"
2025-12-19 12:48:02.875336,20,"stress_label",5,16,0.015625,0.459302325581395,0.406976744186047,0.372093023255814,5,"top5","eeg_fm_specent_precond;eeg_fm_lbeta_power_precond;eeg_faa_precond;eeg_tleft_lbeta_power_precond;eeg_fl_theta_power_precond"
2025-12-19 12:48:02.911382,20,"stress_label",5,32,0.015625,0.465116279069767,0.412790697674419,NA,5,"top5","eeg_fm_specent_precond;eeg_fm_lbeta_power_precond;eeg_faa_precond;eeg_tleft_lbeta_power_precond;eeg_fl_theta_power_precond"
2025-12-19 12:48:02.991232,20,"stress_label",5,64,0.015625,0.465116279069767,0.459302325581395,NA,5,"top5","eeg_fm_specent_precond;eeg_fm_lbeta_power_precond;eeg_faa_precond;eeg_tleft_lbeta_power_precond;eeg_fl_theta_power_precond"
2025-12-19 12:48:04.059857,20,"stress_label",5,128,0.015625,0.546511627906977,0.436046511627907,NA,5,"top5","eeg_fm_specent_precond;eeg_fm_lbeta_power_precond;eeg_faa_precond;eeg_tleft_lbeta_power_precond;eeg_fl_theta_power_precond"
2025-12-19 12:48:04.195302,20,"stress_label",5,256,0.015625,0.558139534883721,0.366279069767442,NA,5,"top5","eeg_fm_specent_precond;eeg_fm_lbeta_power_precond;eeg_faa_precond;eeg_tleft_lbeta_power_precond;eeg_fl_theta_power_precond"
2025-12-19 12:48:03.929982,20,"stress_label",5,2,0.03125,0.488372093023256,0.412790697674419,0.41937984496124,5,"top5","eeg_fm_specent_precond;eeg_fm_lbeta_power_precond;eeg_faa_precond;eeg_tleft_lbeta_power_precond;eeg_fl_theta_power_precond"
2025-12-19 12:48:03.94329,20,"stress_label",5,4,0.03125,0.476744186046512,0.401162790697674,0.383720930232558,5,"top5","eeg_fm_specent_precond;eeg_fm_lbeta_power_precond;eeg_faa_precond;eeg_tleft_lbeta_power_precond;eeg_fl_theta_power_precond"
2025-12-19 12:48:03.947553,20,"stress_label",5,8,0.03125,0.453488372093023,0.523255813953488,0.337209302325581,5,"top5","eeg_fm_specent_precond;eeg_fm_lbeta_power_precond;eeg_faa_precond;eeg_tleft_lbeta_power_precond;eeg_fl_theta_power_precond"
2025-12-19 12:48:04.027861,20,"stress_label",5,16,0.03125,0.459302325581395,0.447674418604651,NA,5,"top5","eeg_fm_specent_precond;eeg_fm_lbeta_power_precond;eeg_faa_precond;eeg_tleft_lbeta_power_precond;eeg_fl_theta_power_precond"
2025-12-19 12:48:04.088583,20,"stress_label",5,32,0.03125,0.534883720930233,0.465116279069767,NA,5,"top5","eeg_fm_specent_precond;eeg_fm_lbeta_power_precond;eeg_faa_precond;eeg_tleft_lbeta_power_precond;eeg_fl_theta_power_precond"
2025-12-19 12:48:04.070833,20,"stress_label",5,64,0.03125,0.552325581395349,0.5,NA,5,"top5","eeg_fm_specent_precond;eeg_fm_lbeta_power_precond;eeg_faa_precond;eeg_tleft_lbeta_power_precond;eeg_fl_theta_power_precond"
2025-12-19 12:48:04.177069,20,"stress_label",5,128,0.03125,0.546511627906977,0.406976744186047,NA,5,"top5","eeg_fm_specent_precond;eeg_fm_lbeta_power_precond;eeg_faa_precond;eeg_tleft_lbeta_power_precond;eeg_fl_theta_power_precond"
2025-12-19 12:48:04.465426,20,"stress_label",5,256,0.03125,0.581395348837209,0.430232558139535,NA,5,"top5","eeg_fm_specent_precond;eeg_fm_lbeta_power_precond;eeg_faa_precond;eeg_tleft_lbeta_power_precond;eeg_fl_theta_power_precond"
2025-12-19 12:48:04.038488,20,"stress_label",5,2,0.0625,0.47093023255814,0.447674418604651,0.383720930232558,5,"top5","eeg_fm_specent_precond;eeg_fm_lbeta_power_precond;eeg_faa_precond;eeg_tleft_lbeta_power_precond;eeg_fl_theta_power_precond"
2025-12-19 12:48:04.036456,20,"stress_label",5,4,0.0625,0.447674418604651,0.354651162790698,0.356589147286822,5,"top5","eeg_fm_specent_precond;eeg_fm_lbeta_power_precond;eeg_faa_precond;eeg_tleft_lbeta_power_precond;eeg_fl_theta_power_precond"
2025-12-19 12:48:04.111403,20,"stress_label",5,8,0.0625,0.558139534883721,0.406976744186047,NA,5,"top5","eeg_fm_specent_precond;eeg_fm_lbeta_power_precond;eeg_faa_precond;eeg_tleft_lbeta_power_precond;eeg_fl_theta_power_precond"
2025-12-19 12:48:04.189606,20,"stress_label",5,16,0.0625,0.546511627906977,0.354651162790698,NA,5,"top5","eeg_fm_specent_precond;eeg_fm_lbeta_power_precond;eeg_faa_precond;eeg_tleft_lbeta_power_precond;eeg_fl_theta_power_precond"
2025-12-19 12:48:05.086347,20,"stress_label",5,32,0.0625,0.563953488372093,0.459302325581395,NA,5,"top5","eeg_fm_specent_precond;eeg_fm_lbeta_power_precond;eeg_faa_precond;eeg_tleft_lbeta_power_precond;eeg_fl_theta_power_precond"
2025-12-19 12:48:05.210448,20,"stress_label",5,64,0.0625,0.575581395348837,0.511627906976744,NA,5,"top5","eeg_fm_specent_precond;eeg_fm_lbeta_power_precond;eeg_faa_precond;eeg_tleft_lbeta_power_precond;eeg_fl_theta_power_precond"
2025-12-19 12:48:05.353686,20,"stress_label",5,128,0.0625,0.529069767441861,0.511627906976744,NA,5,"top5","eeg_fm_specent_precond;eeg_fm_lbeta_power_precond;eeg_faa_precond;eeg_tleft_lbeta_power_precond;eeg_fl_theta_power_precond"
2025-12-19 12:48:05.742351,20,"stress_label",5,256,0.0625,0.523255813953488,0.494186046511628,NA,5,"top5","eeg_fm_specent_precond;eeg_fm_lbeta_power_precond;eeg_faa_precond;eeg_tleft_lbeta_power_precond;eeg_fl_theta_power_precond"
2025-12-19 12:48:05.103185,20,"stress_label",5,2,0.125,0.563953488372093,0.38953488372093,NA,5,"top5","eeg_fm_specent_precond;eeg_fm_lbeta_power_precond;eeg_faa_precond;eeg_tleft_lbeta_power_precond;eeg_fl_theta_power_precond"
2025-12-19 12:48:05.070889,20,"stress_label",5,4,0.125,0.569767441860465,0.453488372093023,NA,5,"top5","eeg_fm_specent_precond;eeg_fm_lbeta_power_precond;eeg_faa_precond;eeg_tleft_lbeta_power_precond;eeg_fl_theta_power_precond"
2025-12-19 12:48:05.112989,20,"stress_label",5,8,0.125,0.581395348837209,0.47093023255814,NA,5,"top5","eeg_fm_specent_precond;eeg_fm_lbeta_power_precond;eeg_faa_precond;eeg_tleft_lbeta_power_precond;eeg_fl_theta_power_precond"
2025-12-19 12:48:05.198764,20,"stress_label",5,16,0.125,0.563953488372093,0.552325581395349,NA,5,"top5","eeg_fm_specent_precond;eeg_fm_lbeta_power_precond;eeg_faa_precond;eeg_tleft_lbeta_power_precond;eeg_fl_theta_power_precond"
2025-12-19 12:48:05.334149,20,"stress_label",5,32,0.125,0.558139534883721,0.569767441860465,NA,5,"top5","eeg_fm_specent_precond;eeg_fm_lbeta_power_precond;eeg_faa_precond;eeg_tleft_lbeta_power_precond;eeg_fl_theta_power_precond"
2025-12-19 12:48:05.473698,20,"stress_label",5,64,0.125,0.558139534883721,0.511627906976744,NA,5,"top5","eeg_fm_specent_precond;eeg_fm_lbeta_power_precond;eeg_faa_precond;eeg_tleft_lbeta_power_precond;eeg_fl_theta_power_precond"
2025-12-19 12:48:05.727488,20,"stress_label",5,128,0.125,0.529069767441861,0.476744186046512,NA,5,"top5","eeg_fm_specent_precond;eeg_fm_lbeta_power_precond;eeg_faa_precond;eeg_tleft_lbeta_power_precond;eeg_fl_theta_power_precond"
2025-12-19 12:48:06.211605,20,"stress_label",5,256,0.125,0.523255813953488,0.441860465116279,NA,5,"top5","eeg_fm_specent_precond;eeg_fm_lbeta_power_precond;eeg_faa_precond;eeg_tleft_lbeta_power_precond;eeg_fl_theta_power_precond"
2025-12-19 12:48:05.225775,20,"stress_label",5,2,0.03,0.476744186046512,0.401162790697674,0.403875968992248,5,"top5","eeg_fm_specent_precond;eeg_fm_lbeta_power_precond;eeg_faa_precond;eeg_tleft_lbeta_power_precond;eeg_fl_theta_power_precond"
2025-12-19 12:48:05.486887,20,"stress_label",5,4,0.03,0.465116279069767,0.447674418604651,0.383720930232558,5,"top5","eeg_fm_specent_precond;eeg_fm_lbeta_power_precond;eeg_faa_precond;eeg_tleft_lbeta_power_precond;eeg_fl_theta_power_precond"
2025-12-19 12:48:06.102993,20,"stress_label",5,8,0.03,0.459302325581395,0.517441860465116,0.348837209302326,5,"top5","eeg_fm_specent_precond;eeg_fm_lbeta_power_precond;eeg_faa_precond;eeg_tleft_lbeta_power_precond;eeg_fl_theta_power_precond"
2025-12-19 12:48:06.146028,20,"stress_label",5,16,0.03,0.47093023255814,0.354651162790698,NA,5,"top5","eeg_fm_specent_precond;eeg_fm_lbeta_power_precond;eeg_faa_precond;eeg_tleft_lbeta_power_precond;eeg_fl_theta_power_precond"
2025-12-19 12:48:06.203292,20,"stress_label",5,32,0.03,0.534883720930233,0.401162790697674,NA,5,"top5","eeg_fm_specent_precond;eeg_fm_lbeta_power_precond;eeg_faa_precond;eeg_tleft_lbeta_power_precond;eeg_fl_theta_power_precond"
2025-12-19 12:48:06.204733,20,"stress_label",5,64,0.03,0.552325581395349,0.383720930232558,0.508527131782946,5,"top5","eeg_fm_specent_precond;eeg_fm_lbeta_power_precond;eeg_faa_precond;eeg_tleft_lbeta_power_precond;eeg_fl_theta_power_precond"
2025-12-19 12:48:06.408827,20,"stress_label",5,128,0.03,0.546511627906977,0.412790697674419,NA,5,"top5","eeg_fm_specent_precond;eeg_fm_lbeta_power_precond;eeg_faa_precond;eeg_tleft_lbeta_power_precond;eeg_fl_theta_power_precond"
2025-12-19 12:48:06.661224,20,"stress_label",5,256,0.03,0.575581395348837,0.377906976744186,NA,5,"top5","eeg_fm_specent_precond;eeg_fm_lbeta_power_precond;eeg_faa_precond;eeg_tleft_lbeta_power_precond;eeg_fl_theta_power_precond"
2025-12-19 12:48:06.247114,20,"stress_label",5,2,0.06,0.47093023255814,0.459302325581395,0.383720930232558,5,"top5","eeg_fm_specent_precond;eeg_fm_lbeta_power_precond;eeg_faa_precond;eeg_tleft_lbeta_power_precond;eeg_fl_theta_power_precond"
2025-12-19 12:48:06.349092,20,"stress_label",5,4,0.06,0.447674418604651,0.406976744186047,0.356589147286822,5,"top5","eeg_fm_specent_precond;eeg_fm_lbeta_power_precond;eeg_faa_precond;eeg_tleft_lbeta_power_precond;eeg_fl_theta_power_precond"
2025-12-19 12:48:06.405509,20,"stress_label",5,8,0.06,0.552325581395349,0.424418604651163,NA,5,"top5","eeg_fm_specent_precond;eeg_fm_lbeta_power_precond;eeg_faa_precond;eeg_tleft_lbeta_power_precond;eeg_fl_theta_power_precond"
2025-12-19 12:48:06.57032,20,"stress_label",5,16,0.06,0.552325581395349,0.453488372093023,NA,5,"top5","eeg_fm_specent_precond;eeg_fm_lbeta_power_precond;eeg_faa_precond;eeg_tleft_lbeta_power_precond;eeg_fl_theta_power_precond"
2025-12-19 12:48:06.641614,20,"stress_label",5,32,0.06,0.563953488372093,0.424418604651163,NA,5,"top5","eeg_fm_specent_precond;eeg_fm_lbeta_power_precond;eeg_faa_precond;eeg_tleft_lbeta_power_precond;eeg_fl_theta_power_precond"
2025-12-19 12:48:06.956645,20,"stress_label",5,64,0.06,0.581395348837209,0.482558139534884,NA,5,"top5","eeg_fm_specent_precond;eeg_fm_lbeta_power_precond;eeg_faa_precond;eeg_tleft_lbeta_power_precond;eeg_fl_theta_power_precond"
2025-12-19 12:48:07.134109,20,"stress_label",5,128,0.06,0.523255813953488,0.441860465116279,NA,5,"top5","eeg_fm_specent_precond;eeg_fm_lbeta_power_precond;eeg_faa_precond;eeg_tleft_lbeta_power_precond;eeg_fl_theta_power_precond"
2025-12-19 12:48:07.543567,20,"stress_label",5,256,0.06,0.523255813953488,0.529069767441861,NA,5,"top5","eeg_fm_specent_precond;eeg_fm_lbeta_power_precond;eeg_faa_precond;eeg_tleft_lbeta_power_precond;eeg_fl_theta_power_precond"
2025-12-19 12:48:07.130855,20,"stress_label",5,2,0.1,0.505813953488372,0.459302325581395,NA,5,"top5","eeg_fm_specent_precond;eeg_fm_lbeta_power_precond;eeg_faa_precond;eeg_tleft_lbeta_power_precond;eeg_fl_theta_power_precond"
2025-12-19 12:48:07.183868,20,"stress_label",5,4,0.1,0.558139534883721,0.395348837209302,NA,5,"top5","eeg_fm_specent_precond;eeg_fm_lbeta_power_precond;eeg_faa_precond;eeg_tleft_lbeta_power_precond;eeg_fl_theta_power_precond"
2025-12-19 12:48:07.193039,20,"stress_label",5,8,0.1,0.569767441860465,0.459302325581395,NA,5,"top5","eeg_fm_specent_precond;eeg_fm_lbeta_power_precond;eeg_faa_precond;eeg_tleft_lbeta_power_precond;eeg_fl_theta_power_precond"
2025-12-19 12:48:07.241919,20,"stress_label",5,16,0.1,0.563953488372093,0.453488372093023,NA,5,"top5","eeg_fm_specent_precond;eeg_fm_lbeta_power_precond;eeg_faa_precond;eeg_tleft_lbeta_power_precond;eeg_fl_theta_power_precond"
2025-12-19 12:48:07.312495,20,"stress_label",5,32,0.1,0.558139534883721,0.529069767441861,NA,5,"top5","eeg_fm_specent_precond;eeg_fm_lbeta_power_precond;eeg_faa_precond;eeg_tleft_lbeta_power_precond;eeg_fl_theta_power_precond"
2025-12-19 12:48:07.421438,20,"stress_label",5,64,0.1,0.540697674418605,0.529069767441861,NA,5,"top5","eeg_fm_specent_precond;eeg_fm_lbeta_power_precond;eeg_faa_precond;eeg_tleft_lbeta_power_precond;eeg_fl_theta_power_precond"
2025-12-19 12:48:07.634907,20,"stress_label",5,128,0.1,0.534883720930233,0.505813953488372,NA,5,"top5","eeg_fm_specent_precond;eeg_fm_lbeta_power_precond;eeg_faa_precond;eeg_tleft_lbeta_power_precond;eeg_fl_theta_power_precond"
2025-12-19 12:48:07.827031,20,"stress_label",5,256,0.1,0.546511627906977,0.441860465116279,NA,5,"top5","eeg_fm_specent_precond;eeg_fm_lbeta_power_precond;eeg_faa_precond;eeg_tleft_lbeta_power_precond;eeg_fl_theta_power_precond"
2025-12-19 12:48:09.071954,21,"stress_label",5,2,0.0078125,0.447674418604651,0.563953488372093,0.382945736434109,5,"top5","eeg_fm_specent_precond;eeg_fl_theta_power_precond;eeg_faa_precond;eeg_fm_beta_power_precond;eeg_tleft_lbeta_power_precond"
2025-12-19 12:48:09.087432,21,"stress_label",5,4,0.0078125,0.459302325581395,0.558139534883721,0.417054263565891,5,"top5","eeg_fm_specent_precond;eeg_fl_theta_power_precond;eeg_faa_precond;eeg_fm_beta_power_precond;eeg_tleft_lbeta_power_precond"
2025-12-19 12:48:09.116708,21,"stress_label",5,8,0.0078125,0.459302325581395,0.453488372093023,0.416279069767442,5,"top5","eeg_fm_specent_precond;eeg_fl_theta_power_precond;eeg_faa_precond;eeg_fm_beta_power_precond;eeg_tleft_lbeta_power_precond"
2025-12-19 12:48:09.054505,21,"stress_label",5,16,0.0078125,0.441860465116279,0.529069767441861,0.39922480620155,5,"top5","eeg_fm_specent_precond;eeg_fl_theta_power_precond;eeg_faa_precond;eeg_fm_beta_power_precond;eeg_tleft_lbeta_power_precond"
2025-12-19 12:48:09.087992,21,"stress_label",5,32,0.0078125,0.383720930232558,0.575581395348837,0.341085271317829,5,"top5","eeg_fm_specent_precond;eeg_fl_theta_power_precond;eeg_faa_precond;eeg_fm_beta_power_precond;eeg_tleft_lbeta_power_precond"
2025-12-19 12:48:09.094525,21,"stress_label",5,64,0.0078125,0.406976744186047,0.569767441860465,0.35968992248062,5,"top5","eeg_fm_specent_precond;eeg_fl_theta_power_precond;eeg_faa_precond;eeg_fm_beta_power_precond;eeg_tleft_lbeta_power_precond"
2025-12-19 12:48:09.137906,21,"stress_label",5,128,0.0078125,0.459302325581395,0.546511627906977,0.39922480620155,5,"top5","eeg_fm_specent_precond;eeg_fl_theta_power_precond;eeg_faa_precond;eeg_fm_beta_power_precond;eeg_tleft_lbeta_power_precond"
2025-12-19 12:48:09.19256,21,"stress_label",5,256,0.0078125,0.453488372093023,0.523255813953488,0.376744186046512,5,"top5","eeg_fm_specent_precond;eeg_fl_theta_power_precond;eeg_faa_precond;eeg_fm_beta_power_precond;eeg_tleft_lbeta_power_precond"
2025-12-19 12:48:09.066504,21,"stress_label",5,2,0.015625,0.447674418604651,0.569767441860465,0.393798449612403,5,"top5","eeg_fm_specent_precond;eeg_fl_theta_power_precond;eeg_faa_precond;eeg_fm_beta_power_precond;eeg_tleft_lbeta_power_precond"
2025-12-19 12:48:09.081151,21,"stress_label",5,4,0.015625,0.47093023255814,0.540697674418605,0.42015503875969,5,"top5","eeg_fm_specent_precond;eeg_fl_theta_power_precond;eeg_faa_precond;eeg_fm_beta_power_precond;eeg_tleft_lbeta_power_precond"
2025-12-19 12:48:09.074146,21,"stress_label",5,8,0.015625,0.418604651162791,0.569767441860465,0.389922480620155,5,"top5","eeg_fm_specent_precond;eeg_fl_theta_power_precond;eeg_faa_precond;eeg_fm_beta_power_precond;eeg_tleft_lbeta_power_precond"
2025-12-19 12:48:09.084988,21,"stress_label",5,16,0.015625,0.412790697674419,0.581395348837209,0.368992248062016,5,"top5","eeg_fm_specent_precond;eeg_fl_theta_power_precond;eeg_faa_precond;eeg_fm_beta_power_precond;eeg_tleft_lbeta_power_precond"
2025-12-19 12:48:09.075072,21,"stress_label",5,32,0.015625,0.453488372093023,0.488372093023256,0.40077519379845,5,"top5","eeg_fm_specent_precond;eeg_fl_theta_power_precond;eeg_faa_precond;eeg_fm_beta_power_precond;eeg_tleft_lbeta_power_precond"
2025-12-19 12:48:09.12854,21,"stress_label",5,64,0.015625,0.453488372093023,0.552325581395349,NA,5,"top5","eeg_fm_specent_precond;eeg_fl_theta_power_precond;eeg_faa_precond;eeg_fm_beta_power_precond;eeg_tleft_lbeta_power_precond"
2025-12-19 12:48:10.241959,21,"stress_label",5,128,0.015625,0.465116279069767,0.482558139534884,NA,5,"top5","eeg_fm_specent_precond;eeg_fl_theta_power_precond;eeg_faa_precond;eeg_fm_beta_power_precond;eeg_tleft_lbeta_power_precond"
2025-12-19 12:48:10.371743,21,"stress_label",5,256,0.015625,0.523255813953488,0.459302325581395,NA,5,"top5","eeg_fm_specent_precond;eeg_fl_theta_power_precond;eeg_faa_precond;eeg_fm_beta_power_precond;eeg_tleft_lbeta_power_precond"
2025-12-19 12:48:10.201482,21,"stress_label",5,2,0.03125,0.436046511627907,0.534883720930233,0.397674418604651,5,"top5","eeg_fm_specent_precond;eeg_fl_theta_power_precond;eeg_faa_precond;eeg_fm_beta_power_precond;eeg_tleft_lbeta_power_precond"
2025-12-19 12:48:10.164612,21,"stress_label",5,4,0.03125,0.436046511627907,0.546511627906977,0.398449612403101,5,"top5","eeg_fm_specent_precond;eeg_fl_theta_power_precond;eeg_faa_precond;eeg_fm_beta_power_precond;eeg_tleft_lbeta_power_precond"
2025-12-19 12:48:10.18408,21,"stress_label",5,8,0.03125,0.459302325581395,0.546511627906977,0.40077519379845,5,"top5","eeg_fm_specent_precond;eeg_fl_theta_power_precond;eeg_faa_precond;eeg_fm_beta_power_precond;eeg_tleft_lbeta_power_precond"
2025-12-19 12:48:10.182842,21,"stress_label",5,16,0.03125,0.459302325581395,0.517441860465116,NA,5,"top5","eeg_fm_specent_precond;eeg_fl_theta_power_precond;eeg_faa_precond;eeg_fm_beta_power_precond;eeg_tleft_lbeta_power_precond"
2025-12-19 12:48:10.230765,21,"stress_label",5,32,0.03125,0.459302325581395,0.558139534883721,NA,5,"top5","eeg_fm_specent_precond;eeg_fl_theta_power_precond;eeg_faa_precond;eeg_fm_beta_power_precond;eeg_tleft_lbeta_power_precond"
2025-12-19 12:48:10.282873,21,"stress_label",5,64,0.03125,0.529069767441861,0.308139534883721,NA,5,"top5","eeg_fm_specent_precond;eeg_fl_theta_power_precond;eeg_faa_precond;eeg_fm_beta_power_precond;eeg_tleft_lbeta_power_precond"
2025-12-19 12:48:10.350167,21,"stress_label",5,128,0.03125,0.523255813953488,0.284883720930233,NA,5,"top5","eeg_fm_specent_precond;eeg_fl_theta_power_precond;eeg_faa_precond;eeg_fm_beta_power_precond;eeg_tleft_lbeta_power_precond"
2025-12-19 12:48:10.612696,21,"stress_label",5,256,0.03125,0.523255813953488,0.372093023255814,NA,5,"top5","eeg_fm_specent_precond;eeg_fl_theta_power_precond;eeg_faa_precond;eeg_fm_beta_power_precond;eeg_tleft_lbeta_power_precond"
2025-12-19 12:48:10.185865,21,"stress_label",5,2,0.0625,0.436046511627907,0.587209302325581,0.376744186046512,5,"top5","eeg_fm_specent_precond;eeg_fl_theta_power_precond;eeg_faa_precond;eeg_fm_beta_power_precond;eeg_tleft_lbeta_power_precond"
2025-12-19 12:48:10.226567,21,"stress_label",5,4,0.0625,0.482558139534884,0.523255813953488,NA,5,"top5","eeg_fm_specent_precond;eeg_fl_theta_power_precond;eeg_faa_precond;eeg_fm_beta_power_precond;eeg_tleft_lbeta_power_precond"
2025-12-19 12:48:10.289379,21,"stress_label",5,8,0.0625,0.517441860465116,0.505813953488372,NA,5,"top5","eeg_fm_specent_precond;eeg_fl_theta_power_precond;eeg_faa_precond;eeg_fm_beta_power_precond;eeg_tleft_lbeta_power_precond"
2025-12-19 12:48:10.329376,21,"stress_label",5,16,0.0625,0.517441860465116,0.465116279069767,NA,5,"top5","eeg_fm_specent_precond;eeg_fl_theta_power_precond;eeg_faa_precond;eeg_fm_beta_power_precond;eeg_tleft_lbeta_power_precond"
2025-12-19 12:48:11.295447,21,"stress_label",5,32,0.0625,0.540697674418605,0.348837209302326,NA,5,"top5","eeg_fm_specent_precond;eeg_fl_theta_power_precond;eeg_faa_precond;eeg_fm_beta_power_precond;eeg_tleft_lbeta_power_precond"
2025-12-19 12:48:11.432536,21,"stress_label",5,64,0.0625,0.511627906976744,0.366279069767442,NA,5,"top5","eeg_fm_specent_precond;eeg_fl_theta_power_precond;eeg_faa_precond;eeg_fm_beta_power_precond;eeg_tleft_lbeta_power_precond"
2025-12-19 12:48:11.562604,21,"stress_label",5,128,0.0625,0.534883720930233,0.395348837209302,NA,5,"top5","eeg_fm_specent_precond;eeg_fl_theta_power_precond;eeg_faa_precond;eeg_fm_beta_power_precond;eeg_tleft_lbeta_power_precond"
2025-12-19 12:48:11.920987,21,"stress_label",5,256,0.0625,0.540697674418605,0.47093023255814,NA,5,"top5","eeg_fm_specent_precond;eeg_fl_theta_power_precond;eeg_faa_precond;eeg_fm_beta_power_precond;eeg_tleft_lbeta_power_precond"
2025-12-19 12:48:11.246962,21,"stress_label",5,2,0.125,0.523255813953488,0.453488372093023,NA,5,"top5","eeg_fm_specent_precond;eeg_fl_theta_power_precond;eeg_faa_precond;eeg_fm_beta_power_precond;eeg_tleft_lbeta_power_precond"
2025-12-19 12:48:11.298954,21,"stress_label",5,4,0.125,0.546511627906977,0.331395348837209,NA,5,"top5","eeg_fm_specent_precond;eeg_fl_theta_power_precond;eeg_faa_precond;eeg_fm_beta_power_precond;eeg_tleft_lbeta_power_precond"
2025-12-19 12:48:11.308563,21,"stress_label",5,8,0.125,0.563953488372093,0.38953488372093,NA,5,"top5","eeg_fm_specent_precond;eeg_fl_theta_power_precond;eeg_faa_precond;eeg_fm_beta_power_precond;eeg_tleft_lbeta_power_precond"
2025-12-19 12:48:11.340221,21,"stress_label",5,16,0.125,0.540697674418605,0.523255813953488,NA,5,"top5","eeg_fm_specent_precond;eeg_fl_theta_power_precond;eeg_faa_precond;eeg_fm_beta_power_precond;eeg_tleft_lbeta_power_precond"
2025-12-19 12:48:11.472327,21,"stress_label",5,32,0.125,0.546511627906977,0.569767441860465,NA,5,"top5","eeg_fm_specent_precond;eeg_fl_theta_power_precond;eeg_faa_precond;eeg_fm_beta_power_precond;eeg_tleft_lbeta_power_precond"
2025-12-19 12:48:11.620594,21,"stress_label",5,64,0.125,0.558139534883721,0.5,NA,5,"top5","eeg_fm_specent_precond;eeg_fl_theta_power_precond;eeg_faa_precond;eeg_fm_beta_power_precond;eeg_tleft_lbeta_power_precond"
2025-12-19 12:48:11.921823,21,"stress_label",5,128,0.125,0.546511627906977,0.441860465116279,NA,5,"top5","eeg_fm_specent_precond;eeg_fl_theta_power_precond;eeg_faa_precond;eeg_fm_beta_power_precond;eeg_tleft_lbeta_power_precond"
2025-12-19 12:48:12.378919,21,"stress_label",5,256,0.125,0.523255813953488,0.377906976744186,NA,5,"top5","eeg_fm_specent_precond;eeg_fl_theta_power_precond;eeg_faa_precond;eeg_fm_beta_power_precond;eeg_tleft_lbeta_power_precond"
2025-12-19 12:48:11.424735,21,"stress_label",5,2,0.03,0.441860465116279,0.540697674418605,0.401550387596899,5,"top5","eeg_fm_specent_precond;eeg_fl_theta_power_precond;eeg_faa_precond;eeg_fm_beta_power_precond;eeg_tleft_lbeta_power_precond"
2025-12-19 12:48:11.652062,21,"stress_label",5,4,0.03,0.424418604651163,0.604651162790698,0.382170542635659,5,"top5","eeg_fm_specent_precond;eeg_fl_theta_power_precond;eeg_faa_precond;eeg_fm_beta_power_precond;eeg_tleft_lbeta_power_precond"
2025-12-19 12:48:12.270617,21,"stress_label",5,8,0.03,0.447674418604651,0.517441860465116,0.388372093023256,5,"top5","eeg_fm_specent_precond;eeg_fl_theta_power_precond;eeg_faa_precond;eeg_fm_beta_power_precond;eeg_tleft_lbeta_power_precond"
2025-12-19 12:48:12.356386,21,"stress_label",5,16,0.03,0.459302325581395,0.563953488372093,NA,5,"top5","eeg_fm_specent_precond;eeg_fl_theta_power_precond;eeg_faa_precond;eeg_fm_beta_power_precond;eeg_tleft_lbeta_power_precond"
2025-12-19 12:48:12.37698,21,"stress_label",5,32,0.03,0.465116279069767,0.447674418604651,NA,5,"top5","eeg_fm_specent_precond;eeg_fl_theta_power_precond;eeg_faa_precond;eeg_fm_beta_power_precond;eeg_tleft_lbeta_power_precond"
2025-12-19 12:48:12.428359,21,"stress_label",5,64,0.03,0.529069767441861,0.476744186046512,NA,5,"top5","eeg_fm_specent_precond;eeg_fl_theta_power_precond;eeg_faa_precond;eeg_fm_beta_power_precond;eeg_tleft_lbeta_power_precond"
2025-12-19 12:48:12.585246,21,"stress_label",5,128,0.03,0.511627906976744,0.47093023255814,NA,5,"top5","eeg_fm_specent_precond;eeg_fl_theta_power_precond;eeg_faa_precond;eeg_fm_beta_power_precond;eeg_tleft_lbeta_power_precond"
2025-12-19 12:48:12.834482,21,"stress_label",5,256,0.03,0.534883720930233,0.459302325581395,NA,5,"top5","eeg_fm_specent_precond;eeg_fl_theta_power_precond;eeg_faa_precond;eeg_fm_beta_power_precond;eeg_tleft_lbeta_power_precond"
2025-12-19 12:48:12.452411,21,"stress_label",5,2,0.06,0.424418604651163,0.593023255813954,0.374418604651163,5,"top5","eeg_fm_specent_precond;eeg_fl_theta_power_precond;eeg_faa_precond;eeg_fm_beta_power_precond;eeg_tleft_lbeta_power_precond"
2025-12-19 12:48:12.495694,21,"stress_label",5,4,0.06,0.482558139534884,0.546511627906977,NA,5,"top5","eeg_fm_specent_precond;eeg_fl_theta_power_precond;eeg_faa_precond;eeg_fm_beta_power_precond;eeg_tleft_lbeta_power_precond"
2025-12-19 12:48:12.625445,21,"stress_label",5,8,0.06,0.5,0.418604651162791,NA,5,"top5","eeg_fm_specent_precond;eeg_fl_theta_power_precond;eeg_faa_precond;eeg_fm_beta_power_precond;eeg_tleft_lbeta_power_precond"
2025-12-19 12:48:12.689343,21,"stress_label",5,16,0.06,0.523255813953488,0.383720930232558,NA,5,"top5","eeg_fm_specent_precond;eeg_fl_theta_power_precond;eeg_faa_precond;eeg_fm_beta_power_precond;eeg_tleft_lbeta_power_precond"
2025-12-19 12:48:12.790026,21,"stress_label",5,32,0.06,0.546511627906977,0.36046511627907,NA,5,"top5","eeg_fm_specent_precond;eeg_fl_theta_power_precond;eeg_faa_precond;eeg_fm_beta_power_precond;eeg_tleft_lbeta_power_precond"
2025-12-19 12:48:13.126591,21,"stress_label",5,64,0.06,0.517441860465116,0.453488372093023,NA,5,"top5","eeg_fm_specent_precond;eeg_fl_theta_power_precond;eeg_faa_precond;eeg_fm_beta_power_precond;eeg_tleft_lbeta_power_precond"
2025-12-19 12:48:13.300198,21,"stress_label",5,128,0.06,0.529069767441861,0.517441860465116,NA,5,"top5","eeg_fm_specent_precond;eeg_fl_theta_power_precond;eeg_faa_precond;eeg_fm_beta_power_precond;eeg_tleft_lbeta_power_precond"
2025-12-19 12:48:13.715979,21,"stress_label",5,256,0.06,0.534883720930233,0.505813953488372,NA,5,"top5","eeg_fm_specent_precond;eeg_fl_theta_power_precond;eeg_faa_precond;eeg_fm_beta_power_precond;eeg_tleft_lbeta_power_precond"
2025-12-19 12:48:13.34844,21,"stress_label",5,2,0.1,0.482558139534884,0.540697674418605,NA,5,"top5","eeg_fm_specent_precond;eeg_fl_theta_power_precond;eeg_faa_precond;eeg_fm_beta_power_precond;eeg_tleft_lbeta_power_precond"
2025-12-19 12:48:13.348665,21,"stress_label",5,4,0.1,0.552325581395349,0.377906976744186,NA,5,"top5","eeg_fm_specent_precond;eeg_fl_theta_power_precond;eeg_faa_precond;eeg_fm_beta_power_precond;eeg_tleft_lbeta_power_precond"
2025-12-19 12:48:13.376215,21,"stress_label",5,8,0.1,0.552325581395349,0.418604651162791,NA,5,"top5","eeg_fm_specent_precond;eeg_fl_theta_power_precond;eeg_faa_precond;eeg_fm_beta_power_precond;eeg_tleft_lbeta_power_precond"
2025-12-19 12:48:13.439125,21,"stress_label",5,16,0.1,0.552325581395349,0.5,NA,5,"top5","eeg_fm_specent_precond;eeg_fl_theta_power_precond;eeg_faa_precond;eeg_fm_beta_power_precond;eeg_tleft_lbeta_power_precond"
2025-12-19 12:48:13.494406,21,"stress_label",5,32,0.1,0.546511627906977,0.441860465116279,NA,5,"top5","eeg_fm_specent_precond;eeg_fl_theta_power_precond;eeg_faa_precond;eeg_fm_beta_power_precond;eeg_tleft_lbeta_power_precond"
2025-12-19 12:48:13.614791,21,"stress_label",5,64,0.1,0.552325581395349,0.511627906976744,NA,5,"top5","eeg_fm_specent_precond;eeg_fl_theta_power_precond;eeg_faa_precond;eeg_fm_beta_power_precond;eeg_tleft_lbeta_power_precond"
2025-12-19 12:48:13.849833,21,"stress_label",5,128,0.1,0.546511627906977,0.558139534883721,NA,5,"top5","eeg_fm_specent_precond;eeg_fl_theta_power_precond;eeg_faa_precond;eeg_fm_beta_power_precond;eeg_tleft_lbeta_power_precond"
2025-12-19 12:48:14.110083,21,"stress_label",5,256,0.1,0.546511627906977,0.447674418604651,NA,5,"top5","eeg_fm_specent_precond;eeg_fl_theta_power_precond;eeg_faa_precond;eeg_fm_beta_power_precond;eeg_tleft_lbeta_power_precond"
2025-12-19 12:48:15.350642,22,"stress_label",5,2,0.0078125,0.482558139534884,0.441860465116279,0.461240310077519,5,"top5","eeg_fm_lbeta_power_precond;eeg_fm_specent_precond;eeg_faa_precond;eeg_tleft_lbeta_power_precond;eeg_fl_theta_power_precond"
2025-12-19 12:48:15.337946,22,"stress_label",5,4,0.0078125,0.47093023255814,0.453488372093023,0.444186046511628,5,"top5","eeg_fm_lbeta_power_precond;eeg_fm_specent_precond;eeg_faa_precond;eeg_tleft_lbeta_power_precond;eeg_fl_theta_power_precond"
2025-12-19 12:48:15.347171,22,"stress_label",5,8,0.0078125,0.465116279069767,0.296511627906977,0.421705426356589,5,"top5","eeg_fm_lbeta_power_precond;eeg_fm_specent_precond;eeg_faa_precond;eeg_tleft_lbeta_power_precond;eeg_fl_theta_power_precond"
2025-12-19 12:48:15.347851,22,"stress_label",5,16,0.0078125,0.47093023255814,0.459302325581395,0.423255813953488,5,"top5","eeg_fm_lbeta_power_precond;eeg_fm_specent_precond;eeg_faa_precond;eeg_tleft_lbeta_power_precond;eeg_fl_theta_power_precond"
2025-12-19 12:48:15.341663,22,"stress_label",5,32,0.0078125,0.453488372093023,0.284883720930233,0.406201550387597,5,"top5","eeg_fm_lbeta_power_precond;eeg_fm_specent_precond;eeg_faa_precond;eeg_tleft_lbeta_power_precond;eeg_fl_theta_power_precond"
2025-12-19 12:48:15.308987,22,"stress_label",5,64,0.0078125,0.459302325581395,0.377906976744186,0.405426356589147,5,"top5","eeg_fm_lbeta_power_precond;eeg_fm_specent_precond;eeg_faa_precond;eeg_tleft_lbeta_power_precond;eeg_fl_theta_power_precond"
2025-12-19 12:48:15.395688,22,"stress_label",5,128,0.0078125,0.488372093023256,0.401162790697674,0.416279069767442,5,"top5","eeg_fm_lbeta_power_precond;eeg_fm_specent_precond;eeg_faa_precond;eeg_tleft_lbeta_power_precond;eeg_fl_theta_power_precond"
2025-12-19 12:48:15.478141,22,"stress_label",5,256,0.0078125,0.505813953488372,0.366279069767442,NA,5,"top5","eeg_fm_lbeta_power_precond;eeg_fm_specent_precond;eeg_faa_precond;eeg_tleft_lbeta_power_precond;eeg_fl_theta_power_precond"
2025-12-19 12:48:15.344808,22,"stress_label",5,2,0.015625,0.482558139534884,0.319767441860465,0.441085271317829,5,"top5","eeg_fm_lbeta_power_precond;eeg_fm_specent_precond;eeg_faa_precond;eeg_tleft_lbeta_power_precond;eeg_fl_theta_power_precond"
2025-12-19 12:48:15.340988,22,"stress_label",5,4,0.015625,0.488372093023256,0.354651162790698,0.422480620155039,5,"top5","eeg_fm_lbeta_power_precond;eeg_fm_specent_precond;eeg_faa_precond;eeg_tleft_lbeta_power_precond;eeg_fl_theta_power_precond"
2025-12-19 12:48:15.352866,22,"stress_label",5,8,0.015625,0.465116279069767,0.348837209302326,0.396899224806202,5,"top5","eeg_fm_lbeta_power_precond;eeg_fm_specent_precond;eeg_faa_precond;eeg_tleft_lbeta_power_precond;eeg_fl_theta_power_precond"
2025-12-19 12:48:15.33854,22,"stress_label",5,16,0.015625,0.441860465116279,0.395348837209302,0.373643410852713,5,"top5","eeg_fm_lbeta_power_precond;eeg_fm_specent_precond;eeg_faa_precond;eeg_tleft_lbeta_power_precond;eeg_fl_theta_power_precond"
2025-12-19 12:48:15.36672,22,"stress_label",5,32,0.015625,0.482558139534884,0.38953488372093,0.412403100775194,5,"top5","eeg_fm_lbeta_power_precond;eeg_fm_specent_precond;eeg_faa_precond;eeg_tleft_lbeta_power_precond;eeg_fl_theta_power_precond"
2025-12-19 12:48:15.440181,22,"stress_label",5,64,0.015625,0.511627906976744,0.343023255813953,NA,5,"top5","eeg_fm_lbeta_power_precond;eeg_fm_specent_precond;eeg_faa_precond;eeg_tleft_lbeta_power_precond;eeg_fl_theta_power_precond"
2025-12-19 12:48:16.517378,22,"stress_label",5,128,0.015625,0.529069767441861,0.441860465116279,NA,5,"top5","eeg_fm_lbeta_power_precond;eeg_fm_specent_precond;eeg_faa_precond;eeg_tleft_lbeta_power_precond;eeg_fl_theta_power_precond"
2025-12-19 12:48:16.631321,22,"stress_label",5,256,0.015625,0.558139534883721,0.436046511627907,NA,5,"top5","eeg_fm_lbeta_power_precond;eeg_fm_specent_precond;eeg_faa_precond;eeg_tleft_lbeta_power_precond;eeg_fl_theta_power_precond"
2025-12-19 12:48:16.387619,22,"stress_label",5,2,0.03125,0.476744186046512,0.459302325581395,0.403100775193798,5,"top5","eeg_fm_lbeta_power_precond;eeg_fm_specent_precond;eeg_faa_precond;eeg_tleft_lbeta_power_precond;eeg_fl_theta_power_precond"
2025-12-19 12:48:16.400853,22,"stress_label",5,4,0.03125,0.459302325581395,0.348837209302326,0.37984496124031,5,"top5","eeg_fm_lbeta_power_precond;eeg_fm_specent_precond;eeg_faa_precond;eeg_tleft_lbeta_power_precond;eeg_fl_theta_power_precond"
2025-12-19 12:48:16.394201,22,"stress_label",5,8,0.03125,0.482558139534884,0.377906976744186,0.42015503875969,5,"top5","eeg_fm_lbeta_power_precond;eeg_fm_specent_precond;eeg_faa_precond;eeg_tleft_lbeta_power_precond;eeg_fl_theta_power_precond"
2025-12-19 12:48:16.453381,22,"stress_label",5,16,0.03125,0.505813953488372,0.406976744186047,NA,5,"top5","eeg_fm_lbeta_power_precond;eeg_fm_specent_precond;eeg_faa_precond;eeg_tleft_lbeta_power_precond;eeg_fl_theta_power_precond"
2025-12-19 12:48:16.466461,22,"stress_label",5,32,0.03125,0.540697674418605,0.430232558139535,NA,5,"top5","eeg_fm_lbeta_power_precond;eeg_fm_specent_precond;eeg_faa_precond;eeg_tleft_lbeta_power_precond;eeg_fl_theta_power_precond"
2025-12-19 12:48:16.565975,22,"stress_label",5,64,0.03125,0.552325581395349,0.447674418604651,NA,5,"top5","eeg_fm_lbeta_power_precond;eeg_fm_specent_precond;eeg_faa_precond;eeg_tleft_lbeta_power_precond;eeg_fl_theta_power_precond"
2025-12-19 12:48:16.668492,22,"stress_label",5,128,0.03125,0.563953488372093,0.453488372093023,NA,5,"top5","eeg_fm_lbeta_power_precond;eeg_fm_specent_precond;eeg_faa_precond;eeg_tleft_lbeta_power_precond;eeg_fl_theta_power_precond"
2025-12-19 12:48:16.856547,22,"stress_label",5,256,0.03125,0.546511627906977,0.465116279069767,NA,5,"top5","eeg_fm_lbeta_power_precond;eeg_fm_specent_precond;eeg_faa_precond;eeg_tleft_lbeta_power_precond;eeg_fl_theta_power_precond"
2025-12-19 12:48:16.411237,22,"stress_label",5,2,0.0625,0.459302325581395,0.343023255813953,0.389147286821705,5,"top5","eeg_fm_lbeta_power_precond;eeg_fm_specent_precond;eeg_faa_precond;eeg_tleft_lbeta_power_precond;eeg_fl_theta_power_precond"
2025-12-19 12:48:16.455907,22,"stress_label",5,4,0.0625,0.529069767441861,0.38953488372093,NA,5,"top5","eeg_fm_lbeta_power_precond;eeg_fm_specent_precond;eeg_faa_precond;eeg_tleft_lbeta_power_precond;eeg_fl_theta_power_precond"
2025-12-19 12:48:16.534213,22,"stress_label",5,8,0.0625,0.534883720930233,0.447674418604651,NA,5,"top5","eeg_fm_lbeta_power_precond;eeg_fm_specent_precond;eeg_faa_precond;eeg_tleft_lbeta_power_precond;eeg_fl_theta_power_precond"
2025-12-19 12:48:16.65076,22,"stress_label",5,16,0.0625,0.558139534883721,0.401162790697674,NA,5,"top5","eeg_fm_lbeta_power_precond;eeg_fm_specent_precond;eeg_faa_precond;eeg_tleft_lbeta_power_precond;eeg_fl_theta_power_precond"
2025-12-19 12:48:17.606328,22,"stress_label",5,32,0.0625,0.593023255813954,0.459302325581395,NA,5,"top5","eeg_fm_lbeta_power_precond;eeg_fm_specent_precond;eeg_faa_precond;eeg_tleft_lbeta_power_precond;eeg_fl_theta_power_precond"
2025-12-19 12:48:17.684552,22,"stress_label",5,64,0.0625,0.558139534883721,0.523255813953488,NA,5,"top5","eeg_fm_lbeta_power_precond;eeg_fm_specent_precond;eeg_faa_precond;eeg_tleft_lbeta_power_precond;eeg_fl_theta_power_precond"
2025-12-19 12:48:17.811307,22,"stress_label",5,128,0.0625,0.534883720930233,0.552325581395349,NA,5,"top5","eeg_fm_lbeta_power_precond;eeg_fm_specent_precond;eeg_faa_precond;eeg_tleft_lbeta_power_precond;eeg_fl_theta_power_precond"
2025-12-19 12:48:18.123278,22,"stress_label",5,256,0.0625,0.546511627906977,0.540697674418605,NA,5,"top5","eeg_fm_lbeta_power_precond;eeg_fm_specent_precond;eeg_faa_precond;eeg_tleft_lbeta_power_precond;eeg_fl_theta_power_precond"
2025-12-19 12:48:17.534565,22,"stress_label",5,2,0.125,0.558139534883721,0.348837209302326,NA,5,"top5","eeg_fm_lbeta_power_precond;eeg_fm_specent_precond;eeg_faa_precond;eeg_tleft_lbeta_power_precond;eeg_fl_theta_power_precond"
2025-12-19 12:48:17.557184,22,"stress_label",5,4,0.125,0.558139534883721,0.529069767441861,NA,5,"top5","eeg_fm_lbeta_power_precond;eeg_fm_specent_precond;eeg_faa_precond;eeg_tleft_lbeta_power_precond;eeg_fl_theta_power_precond"
2025-12-19 12:48:17.594129,22,"stress_label",5,8,0.125,0.604651162790698,0.529069767441861,NA,5,"top5","eeg_fm_lbeta_power_precond;eeg_fm_specent_precond;eeg_faa_precond;eeg_tleft_lbeta_power_precond;eeg_fl_theta_power_precond"
2025-12-19 12:48:17.65556,22,"stress_label",5,16,0.125,0.569767441860465,0.604651162790698,NA,5,"top5","eeg_fm_lbeta_power_precond;eeg_fm_specent_precond;eeg_faa_precond;eeg_tleft_lbeta_power_precond;eeg_fl_theta_power_precond"
2025-12-19 12:48:17.973278,22,"stress_label",5,32,0.125,0.563953488372093,0.616279069767442,NA,5,"top5","eeg_fm_lbeta_power_precond;eeg_fm_specent_precond;eeg_faa_precond;eeg_tleft_lbeta_power_precond;eeg_fl_theta_power_precond"
2025-12-19 12:48:17.90039,22,"stress_label",5,64,0.125,0.511627906976744,0.511627906976744,NA,5,"top5","eeg_fm_lbeta_power_precond;eeg_fm_specent_precond;eeg_faa_precond;eeg_tleft_lbeta_power_precond;eeg_fl_theta_power_precond"
2025-12-19 12:48:18.250418,22,"stress_label",5,128,0.125,0.511627906976744,0.47093023255814,NA,5,"top5","eeg_fm_lbeta_power_precond;eeg_fm_specent_precond;eeg_faa_precond;eeg_tleft_lbeta_power_precond;eeg_fl_theta_power_precond"
2025-12-19 12:48:18.65579,22,"stress_label",5,256,0.125,0.511627906976744,0.517441860465116,NA,5,"top5","eeg_fm_lbeta_power_precond;eeg_fm_specent_precond;eeg_faa_precond;eeg_tleft_lbeta_power_precond;eeg_fl_theta_power_precond"
2025-12-19 12:48:17.690214,22,"stress_label",5,2,0.03,0.47093023255814,0.424418604651163,0.395348837209302,5,"top5","eeg_fm_lbeta_power_precond;eeg_fm_specent_precond;eeg_faa_precond;eeg_tleft_lbeta_power_precond;eeg_fl_theta_power_precond"
2025-12-19 12:48:17.891545,22,"stress_label",5,4,0.03,0.459302325581395,0.372093023255814,0.37984496124031,5,"top5","eeg_fm_lbeta_power_precond;eeg_fm_specent_precond;eeg_faa_precond;eeg_tleft_lbeta_power_precond;eeg_fl_theta_power_precond"
2025-12-19 12:48:18.574184,22,"stress_label",5,8,0.03,0.476744186046512,0.319767441860465,0.404651162790698,5,"top5","eeg_fm_lbeta_power_precond;eeg_fm_specent_precond;eeg_faa_precond;eeg_tleft_lbeta_power_precond;eeg_fl_theta_power_precond"
2025-12-19 12:48:18.61931,22,"stress_label",5,16,0.03,0.494186046511628,0.447674418604651,NA,5,"top5","eeg_fm_lbeta_power_precond;eeg_fm_specent_precond;eeg_faa_precond;eeg_tleft_lbeta_power_precond;eeg_fl_theta_power_precond"
2025-12-19 12:48:18.937123,22,"stress_label",5,32,0.03,0.546511627906977,0.5,NA,5,"top5","eeg_fm_lbeta_power_precond;eeg_fm_specent_precond;eeg_faa_precond;eeg_tleft_lbeta_power_precond;eeg_fl_theta_power_precond"
2025-12-19 12:48:18.809597,22,"stress_label",5,64,0.03,0.552325581395349,0.406976744186047,NA,5,"top5","eeg_fm_lbeta_power_precond;eeg_fm_specent_precond;eeg_faa_precond;eeg_tleft_lbeta_power_precond;eeg_fl_theta_power_precond"
2025-12-19 12:48:18.934462,22,"stress_label",5,128,0.03,0.563953488372093,0.436046511627907,NA,5,"top5","eeg_fm_lbeta_power_precond;eeg_fm_specent_precond;eeg_faa_precond;eeg_tleft_lbeta_power_precond;eeg_fl_theta_power_precond"
2025-12-19 12:48:19.194539,22,"stress_label",5,256,0.03,0.552325581395349,0.47093023255814,NA,5,"top5","eeg_fm_lbeta_power_precond;eeg_fm_specent_precond;eeg_faa_precond;eeg_tleft_lbeta_power_precond;eeg_fl_theta_power_precond"
2025-12-19 12:48:18.955479,22,"stress_label",5,2,0.06,0.465116279069767,0.5,0.40077519379845,5,"top5","eeg_fm_lbeta_power_precond;eeg_fm_specent_precond;eeg_faa_precond;eeg_tleft_lbeta_power_precond;eeg_fl_theta_power_precond"
2025-12-19 12:48:18.858089,22,"stress_label",5,4,0.06,0.505813953488372,0.331395348837209,NA,5,"top5","eeg_fm_lbeta_power_precond;eeg_fm_specent_precond;eeg_faa_precond;eeg_tleft_lbeta_power_precond;eeg_fl_theta_power_precond"
2025-12-19 12:48:19.211916,22,"stress_label",5,8,0.06,0.546511627906977,0.406976744186047,NA,5,"top5","eeg_fm_lbeta_power_precond;eeg_fm_specent_precond;eeg_faa_precond;eeg_tleft_lbeta_power_precond;eeg_fl_theta_power_precond"
2025-12-19 12:48:19.108379,22,"stress_label",5,16,0.06,0.552325581395349,0.453488372093023,NA,5,"top5","eeg_fm_lbeta_power_precond;eeg_fm_specent_precond;eeg_faa_precond;eeg_tleft_lbeta_power_precond;eeg_fl_theta_power_precond"
2025-12-19 12:48:19.178317,22,"stress_label",5,32,0.06,0.575581395348837,0.476744186046512,NA,5,"top5","eeg_fm_lbeta_power_precond;eeg_fm_specent_precond;eeg_faa_precond;eeg_tleft_lbeta_power_precond;eeg_fl_theta_power_precond"
2025-12-19 12:48:19.414571,22,"stress_label",5,64,0.06,0.552325581395349,0.447674418604651,NA,5,"top5","eeg_fm_lbeta_power_precond;eeg_fm_specent_precond;eeg_faa_precond;eeg_tleft_lbeta_power_precond;eeg_fl_theta_power_precond"
2025-12-19 12:48:19.613441,22,"stress_label",5,128,0.06,0.534883720930233,0.505813953488372,NA,5,"top5","eeg_fm_lbeta_power_precond;eeg_fm_specent_precond;eeg_faa_precond;eeg_tleft_lbeta_power_precond;eeg_fl_theta_power_precond"
2025-12-19 12:48:20.092049,22,"stress_label",5,256,0.06,0.552325581395349,0.598837209302326,NA,5,"top5","eeg_fm_lbeta_power_precond;eeg_fm_specent_precond;eeg_faa_precond;eeg_tleft_lbeta_power_precond;eeg_fl_theta_power_precond"
2025-12-19 12:48:19.881867,22,"stress_label",5,2,0.1,0.540697674418605,0.337209302325581,NA,5,"top5","eeg_fm_lbeta_power_precond;eeg_fm_specent_precond;eeg_faa_precond;eeg_tleft_lbeta_power_precond;eeg_fl_theta_power_precond"
2025-12-19 12:48:19.730599,22,"stress_label",5,4,0.1,0.546511627906977,0.424418604651163,NA,5,"top5","eeg_fm_lbeta_power_precond;eeg_fm_specent_precond;eeg_faa_precond;eeg_tleft_lbeta_power_precond;eeg_fl_theta_power_precond"
2025-12-19 12:48:20.026582,22,"stress_label",5,8,0.1,0.558139534883721,0.441860465116279,NA,5,"top5","eeg_fm_lbeta_power_precond;eeg_fm_specent_precond;eeg_faa_precond;eeg_tleft_lbeta_power_precond;eeg_fl_theta_power_precond"
2025-12-19 12:48:20.054226,22,"stress_label",5,16,0.1,0.587209302325581,0.563953488372093,NA,5,"top5","eeg_fm_lbeta_power_precond;eeg_fm_specent_precond;eeg_faa_precond;eeg_tleft_lbeta_power_precond;eeg_fl_theta_power_precond"
2025-12-19 12:48:20.010379,22,"stress_label",5,32,0.1,0.575581395348837,0.587209302325581,NA,5,"top5","eeg_fm_lbeta_power_precond;eeg_fm_specent_precond;eeg_faa_precond;eeg_tleft_lbeta_power_precond;eeg_fl_theta_power_precond"
2025-12-19 12:48:20.0496,22,"stress_label",5,64,0.1,0.558139534883721,0.581395348837209,NA,5,"top5","eeg_fm_lbeta_power_precond;eeg_fm_specent_precond;eeg_faa_precond;eeg_tleft_lbeta_power_precond;eeg_fl_theta_power_precond"
2025-12-19 12:48:20.19535,22,"stress_label",5,128,0.1,0.494186046511628,0.505813953488372,NA,5,"top5","eeg_fm_lbeta_power_precond;eeg_fm_specent_precond;eeg_faa_precond;eeg_tleft_lbeta_power_precond;eeg_fl_theta_power_precond"
2025-12-19 12:48:20.696626,22,"stress_label",5,256,0.1,0.482558139534884,0.47093023255814,NA,5,"top5","eeg_fm_lbeta_power_precond;eeg_fm_specent_precond;eeg_faa_precond;eeg_tleft_lbeta_power_precond;eeg_fl_theta_power_precond"
2025-12-19 12:48:21.970507,23,"stress_label",5,2,0.0078125,0.482558139534884,0.511627906976744,0.40077519379845,5,"top5","eeg_fm_specent_precond;eeg_faa_precond;eeg_fl_theta_power_precond;eeg_fm_beta_power_precond;eeg_tleft_lbeta_power_precond"
2025-12-19 12:48:21.988811,23,"stress_label",5,4,0.0078125,0.482558139534884,0.459302325581395,0.427131782945736,5,"top5","eeg_fm_specent_precond;eeg_faa_precond;eeg_fl_theta_power_precond;eeg_fm_beta_power_precond;eeg_tleft_lbeta_power_precond"
2025-12-19 12:48:21.949352,23,"stress_label",5,8,0.0078125,0.488372093023256,0.441860465116279,0.424031007751938,5,"top5","eeg_fm_specent_precond;eeg_faa_precond;eeg_fl_theta_power_precond;eeg_fm_beta_power_precond;eeg_tleft_lbeta_power_precond"
2025-12-19 12:48:21.960852,23,"stress_label",5,16,0.0078125,0.482558139534884,0.436046511627907,0.424806201550388,5,"top5","eeg_fm_specent_precond;eeg_faa_precond;eeg_fl_theta_power_precond;eeg_fm_beta_power_precond;eeg_tleft_lbeta_power_precond"
2025-12-19 12:48:22.020009,23,"stress_label",5,32,0.0078125,0.47093023255814,0.447674418604651,0.407751937984496,5,"top5","eeg_fm_specent_precond;eeg_faa_precond;eeg_fl_theta_power_precond;eeg_fm_beta_power_precond;eeg_tleft_lbeta_power_precond"
2025-12-19 12:48:21.984857,23,"stress_label",5,64,0.0078125,0.488372093023256,0.436046511627907,0.422480620155039,5,"top5","eeg_fm_specent_precond;eeg_faa_precond;eeg_fl_theta_power_precond;eeg_fm_beta_power_precond;eeg_tleft_lbeta_power_precond"
2025-12-19 12:48:22.015865,23,"stress_label",5,128,0.0078125,0.488372093023256,0.488372093023256,0.41937984496124,5,"top5","eeg_fm_specent_precond;eeg_faa_precond;eeg_fl_theta_power_precond;eeg_fm_beta_power_precond;eeg_tleft_lbeta_power_precond"
2025-12-19 12:48:22.166428,23,"stress_label",5,256,0.0078125,0.482558139534884,0.395348837209302,NA,5,"top5","eeg_fm_specent_precond;eeg_faa_precond;eeg_fl_theta_power_precond;eeg_fm_beta_power_precond;eeg_tleft_lbeta_power_precond"
2025-12-19 12:48:21.961826,23,"stress_label",5,2,0.015625,0.494186046511628,0.453488372093023,0.435658914728682,5,"top5","eeg_fm_specent_precond;eeg_faa_precond;eeg_fl_theta_power_precond;eeg_fm_beta_power_precond;eeg_tleft_lbeta_power_precond"
2025-12-19 12:48:21.964935,23,"stress_label",5,4,0.015625,0.494186046511628,0.488372093023256,0.42015503875969,5,"top5","eeg_fm_specent_precond;eeg_faa_precond;eeg_fl_theta_power_precond;eeg_fm_beta_power_precond;eeg_tleft_lbeta_power_precond"
2025-12-19 12:48:21.985989,23,"stress_label",5,8,0.015625,0.482558139534884,0.465116279069767,0.415503875968992,5,"top5","eeg_fm_specent_precond;eeg_faa_precond;eeg_fl_theta_power_precond;eeg_fm_beta_power_precond;eeg_tleft_lbeta_power_precond"
2025-12-19 12:48:21.978563,23,"stress_label",5,16,0.015625,0.494186046511628,0.488372093023256,0.430232558139535,5,"top5","eeg_fm_specent_precond;eeg_faa_precond;eeg_fl_theta_power_precond;eeg_fm_beta_power_precond;eeg_tleft_lbeta_power_precond"
2025-12-19 12:48:22.017409,23,"stress_label",5,32,0.015625,0.494186046511628,0.424418604651163,0.423255813953488,5,"top5","eeg_fm_specent_precond;eeg_faa_precond;eeg_fl_theta_power_precond;eeg_fm_beta_power_precond;eeg_tleft_lbeta_power_precond"
2025-12-19 12:48:22.057566,23,"stress_label",5,64,0.015625,0.488372093023256,0.418604651162791,NA,5,"top5","eeg_fm_specent_precond;eeg_faa_precond;eeg_fl_theta_power_precond;eeg_fm_beta_power_precond;eeg_tleft_lbeta_power_precond"
2025-12-19 12:48:23.093638,23,"stress_label",5,128,0.015625,0.5,0.476744186046512,NA,5,"top5","eeg_fm_specent_precond;eeg_faa_precond;eeg_fl_theta_power_precond;eeg_fm_beta_power_precond;eeg_tleft_lbeta_power_precond"
2025-12-19 12:48:23.229589,23,"stress_label",5,256,0.015625,0.529069767441861,0.366279069767442,NA,5,"top5","eeg_fm_specent_precond;eeg_faa_precond;eeg_fl_theta_power_precond;eeg_fm_beta_power_precond;eeg_tleft_lbeta_power_precond"
2025-12-19 12:48:23.038904,23,"stress_label",5,2,0.03125,0.476744186046512,0.482558139534884,0.423255813953488,5,"top5","eeg_fm_specent_precond;eeg_faa_precond;eeg_fl_theta_power_precond;eeg_fm_beta_power_precond;eeg_tleft_lbeta_power_precond"
2025-12-19 12:48:23.005531,23,"stress_label",5,4,0.03125,0.488372093023256,0.546511627906977,0.413178294573643,5,"top5","eeg_fm_specent_precond;eeg_faa_precond;eeg_fl_theta_power_precond;eeg_fm_beta_power_precond;eeg_tleft_lbeta_power_precond"
2025-12-19 12:48:23.020042,23,"stress_label",5,8,0.03125,0.5,0.476744186046512,0.430232558139535,5,"top5","eeg_fm_specent_precond;eeg_faa_precond;eeg_fl_theta_power_precond;eeg_fm_beta_power_precond;eeg_tleft_lbeta_power_precond"
2025-12-19 12:48:23.068838,23,"stress_label",5,16,0.03125,0.505813953488372,0.331395348837209,NA,5,"top5","eeg_fm_specent_precond;eeg_faa_precond;eeg_fl_theta_power_precond;eeg_fm_beta_power_precond;eeg_tleft_lbeta_power_precond"
2025-12-19 12:48:23.087826,23,"stress_label",5,32,0.03125,0.529069767441861,0.377906976744186,NA,5,"top5","eeg_fm_specent_precond;eeg_faa_precond;eeg_fl_theta_power_precond;eeg_fm_beta_power_precond;eeg_tleft_lbeta_power_precond"
2025-12-19 12:48:23.152256,23,"stress_label",5,64,0.03125,0.552325581395349,0.337209302325581,NA,5,"top5","eeg_fm_specent_precond;eeg_faa_precond;eeg_fl_theta_power_precond;eeg_fm_beta_power_precond;eeg_tleft_lbeta_power_precond"
2025-12-19 12:48:23.271354,23,"stress_label",5,128,0.03125,0.546511627906977,0.343023255813953,NA,5,"top5","eeg_fm_specent_precond;eeg_faa_precond;eeg_fl_theta_power_precond;eeg_fm_beta_power_precond;eeg_tleft_lbeta_power_precond"
2025-12-19 12:48:23.438926,23,"stress_label",5,256,0.03125,0.511627906976744,0.430232558139535,NA,5,"top5","eeg_fm_specent_precond;eeg_faa_precond;eeg_fl_theta_power_precond;eeg_fm_beta_power_precond;eeg_tleft_lbeta_power_precond"
2025-12-19 12:48:23.092841,23,"stress_label",5,2,0.0625,0.517441860465116,0.476744186046512,0.452713178294574,5,"top5","eeg_fm_specent_precond;eeg_faa_precond;eeg_fl_theta_power_precond;eeg_fm_beta_power_precond;eeg_tleft_lbeta_power_precond"
2025-12-19 12:48:23.098083,23,"stress_label",5,4,0.0625,0.529069767441861,0.436046511627907,NA,5,"top5","eeg_fm_specent_precond;eeg_faa_precond;eeg_fl_theta_power_precond;eeg_fm_beta_power_precond;eeg_tleft_lbeta_power_precond"
2025-12-19 12:48:23.124052,23,"stress_label",5,8,0.0625,0.552325581395349,0.354651162790698,NA,5,"top5","eeg_fm_specent_precond;eeg_faa_precond;eeg_fl_theta_power_precond;eeg_fm_beta_power_precond;eeg_tleft_lbeta_power_precond"
2025-12-19 12:48:23.24398,23,"stress_label",5,16,0.0625,0.552325581395349,0.563953488372093,NA,5,"top5","eeg_fm_specent_precond;eeg_faa_precond;eeg_fl_theta_power_precond;eeg_fm_beta_power_precond;eeg_tleft_lbeta_power_precond"
2025-12-19 12:48:24.130457,23,"stress_label",5,32,0.0625,0.552325581395349,0.436046511627907,NA,5,"top5","eeg_fm_specent_precond;eeg_faa_precond;eeg_fl_theta_power_precond;eeg_fm_beta_power_precond;eeg_tleft_lbeta_power_precond"
2025-12-19 12:48:24.257183,23,"stress_label",5,64,0.0625,0.552325581395349,0.488372093023256,NA,5,"top5","eeg_fm_specent_precond;eeg_faa_precond;eeg_fl_theta_power_precond;eeg_fm_beta_power_precond;eeg_tleft_lbeta_power_precond"
2025-12-19 12:48:24.68272,23,"stress_label",5,128,0.0625,0.552325581395349,0.63953488372093,NA,5,"top5","eeg_fm_specent_precond;eeg_faa_precond;eeg_fl_theta_power_precond;eeg_fm_beta_power_precond;eeg_tleft_lbeta_power_precond"
2025-12-19 12:48:24.786301,23,"stress_label",5,256,0.0625,0.552325581395349,0.523255813953488,NA,5,"top5","eeg_fm_specent_precond;eeg_faa_precond;eeg_fl_theta_power_precond;eeg_fm_beta_power_precond;eeg_tleft_lbeta_power_precond"
2025-12-19 12:48:24.172663,23,"stress_label",5,2,0.125,0.540697674418605,0.38953488372093,NA,5,"top5","eeg_fm_specent_precond;eeg_faa_precond;eeg_fl_theta_power_precond;eeg_fm_beta_power_precond;eeg_tleft_lbeta_power_precond"
2025-12-19 12:48:24.433992,23,"stress_label",5,4,0.125,0.569767441860465,0.418604651162791,NA,5,"top5","eeg_fm_specent_precond;eeg_faa_precond;eeg_fl_theta_power_precond;eeg_fm_beta_power_precond;eeg_tleft_lbeta_power_precond"
2025-12-19 12:48:24.204942,23,"stress_label",5,8,0.125,0.604651162790698,0.5,NA,5,"top5","eeg_fm_specent_precond;eeg_faa_precond;eeg_fl_theta_power_precond;eeg_fm_beta_power_precond;eeg_tleft_lbeta_power_precond"
2025-12-19 12:48:24.493504,23,"stress_label",5,16,0.125,0.587209302325581,0.529069767441861,NA,5,"top5","eeg_fm_specent_precond;eeg_faa_precond;eeg_fl_theta_power_precond;eeg_fm_beta_power_precond;eeg_tleft_lbeta_power_precond"
2025-12-19 12:48:24.321926,23,"stress_label",5,32,0.125,0.581395348837209,0.575581395348837,NA,5,"top5","eeg_fm_specent_precond;eeg_faa_precond;eeg_fl_theta_power_precond;eeg_fm_beta_power_precond;eeg_tleft_lbeta_power_precond"
2025-12-19 12:48:24.486124,23,"stress_label",5,64,0.125,0.575581395348837,0.558139534883721,NA,5,"top5","eeg_fm_specent_precond;eeg_faa_precond;eeg_fl_theta_power_precond;eeg_fm_beta_power_precond;eeg_tleft_lbeta_power_precond"
2025-12-19 12:48:24.820196,23,"stress_label",5,128,0.125,0.569767441860465,0.418604651162791,NA,5,"top5","eeg_fm_specent_precond;eeg_faa_precond;eeg_fl_theta_power_precond;eeg_fm_beta_power_precond;eeg_tleft_lbeta_power_precond"
2025-12-19 12:48:25.46509,23,"stress_label",5,256,0.125,0.523255813953488,0.465116279069767,NA,5,"top5","eeg_fm_specent_precond;eeg_faa_precond;eeg_fl_theta_power_precond;eeg_fm_beta_power_precond;eeg_tleft_lbeta_power_precond"
2025-12-19 12:48:24.550244,23,"stress_label",5,2,0.03,0.488372093023256,0.511627906976744,0.430232558139535,5,"top5","eeg_fm_specent_precond;eeg_faa_precond;eeg_fl_theta_power_precond;eeg_fm_beta_power_precond;eeg_tleft_lbeta_power_precond"
2025-12-19 12:48:24.502307,23,"stress_label",5,4,0.03,0.482558139534884,0.447674418604651,0.406201550387597,5,"top5","eeg_fm_specent_precond;eeg_faa_precond;eeg_fl_theta_power_precond;eeg_fm_beta_power_precond;eeg_tleft_lbeta_power_precond"
2025-12-19 12:48:25.146575,23,"stress_label",5,8,0.03,0.511627906976744,0.436046511627907,0.44031007751938,5,"top5","eeg_fm_specent_precond;eeg_faa_precond;eeg_fl_theta_power_precond;eeg_fm_beta_power_precond;eeg_tleft_lbeta_power_precond"
2025-12-19 12:48:25.452368,23,"stress_label",5,16,0.03,0.511627906976744,0.38953488372093,NA,5,"top5","eeg_fm_specent_precond;eeg_faa_precond;eeg_fl_theta_power_precond;eeg_fm_beta_power_precond;eeg_tleft_lbeta_power_precond"
2025-12-19 12:48:25.276393,23,"stress_label",5,32,0.03,0.529069767441861,0.465116279069767,NA,5,"top5","eeg_fm_specent_precond;eeg_faa_precond;eeg_fl_theta_power_precond;eeg_fm_beta_power_precond;eeg_tleft_lbeta_power_precond"
2025-12-19 12:48:25.387457,23,"stress_label",5,64,0.03,0.552325581395349,0.383720930232558,NA,5,"top5","eeg_fm_specent_precond;eeg_faa_precond;eeg_fl_theta_power_precond;eeg_fm_beta_power_precond;eeg_tleft_lbeta_power_precond"
2025-12-19 12:48:25.527399,23,"stress_label",5,128,0.03,0.552325581395349,0.459302325581395,NA,5,"top5","eeg_fm_specent_precond;eeg_faa_precond;eeg_fl_theta_power_precond;eeg_fm_beta_power_precond;eeg_tleft_lbeta_power_precond"
2025-12-19 12:48:25.837442,23,"stress_label",5,256,0.03,0.517441860465116,0.401162790697674,NA,5,"top5","eeg_fm_specent_precond;eeg_faa_precond;eeg_fl_theta_power_precond;eeg_fm_beta_power_precond;eeg_tleft_lbeta_power_precond"
2025-12-19 12:48:25.506285,23,"stress_label",5,2,0.06,0.517441860465116,0.476744186046512,0.452713178294574,5,"top5","eeg_fm_specent_precond;eeg_faa_precond;eeg_fl_theta_power_precond;eeg_fm_beta_power_precond;eeg_tleft_lbeta_power_precond"
2025-12-19 12:48:25.528255,23,"stress_label",5,4,0.06,0.534883720930233,0.430232558139535,NA,5,"top5","eeg_fm_specent_precond;eeg_faa_precond;eeg_fl_theta_power_precond;eeg_fm_beta_power_precond;eeg_tleft_lbeta_power_precond"
2025-12-19 12:48:25.558797,23,"stress_label",5,8,0.06,0.558139534883721,0.430232558139535,NA,5,"top5","eeg_fm_specent_precond;eeg_faa_precond;eeg_fl_theta_power_precond;eeg_fm_beta_power_precond;eeg_tleft_lbeta_power_precond"
2025-12-19 12:48:25.636088,23,"stress_label",5,16,0.06,0.552325581395349,0.325581395348837,NA,5,"top5","eeg_fm_specent_precond;eeg_faa_precond;eeg_fl_theta_power_precond;eeg_fm_beta_power_precond;eeg_tleft_lbeta_power_precond"
2025-12-19 12:48:25.784293,23,"stress_label",5,32,0.06,0.558139534883721,0.354651162790698,NA,5,"top5","eeg_fm_specent_precond;eeg_faa_precond;eeg_fl_theta_power_precond;eeg_fm_beta_power_precond;eeg_tleft_lbeta_power_precond"
2025-12-19 12:48:25.936801,23,"stress_label",5,64,0.06,0.552325581395349,0.418604651162791,NA,5,"top5","eeg_fm_specent_precond;eeg_faa_precond;eeg_fl_theta_power_precond;eeg_fm_beta_power_precond;eeg_tleft_lbeta_power_precond"
2025-12-19 12:48:26.164441,23,"stress_label",5,128,0.06,0.558139534883721,0.511627906976744,NA,5,"top5","eeg_fm_specent_precond;eeg_faa_precond;eeg_fl_theta_power_precond;eeg_fm_beta_power_precond;eeg_tleft_lbeta_power_precond"
2025-12-19 12:48:26.592633,23,"stress_label",5,256,0.06,0.546511627906977,0.47093023255814,NA,5,"top5","eeg_fm_specent_precond;eeg_faa_precond;eeg_fl_theta_power_precond;eeg_fm_beta_power_precond;eeg_tleft_lbeta_power_precond"
2025-12-19 12:48:26.230619,23,"stress_label",5,2,0.1,0.534883720930233,0.436046511627907,NA,5,"top5","eeg_fm_specent_precond;eeg_faa_precond;eeg_fl_theta_power_precond;eeg_fm_beta_power_precond;eeg_tleft_lbeta_power_precond"
2025-12-19 12:48:26.32069,23,"stress_label",5,4,0.1,0.569767441860465,0.337209302325581,NA,5,"top5","eeg_fm_specent_precond;eeg_faa_precond;eeg_fl_theta_power_precond;eeg_fm_beta_power_precond;eeg_tleft_lbeta_power_precond"
2025-12-19 12:48:26.381835,23,"stress_label",5,8,0.1,0.581395348837209,0.436046511627907,NA,5,"top5","eeg_fm_specent_precond;eeg_faa_precond;eeg_fl_theta_power_precond;eeg_fm_beta_power_precond;eeg_tleft_lbeta_power_precond"
2025-12-19 12:48:26.46387,23,"stress_label",5,16,0.1,0.581395348837209,0.563953488372093,NA,5,"top5","eeg_fm_specent_precond;eeg_faa_precond;eeg_fl_theta_power_precond;eeg_fm_beta_power_precond;eeg_tleft_lbeta_power_precond"
2025-12-19 12:48:26.484593,23,"stress_label",5,32,0.1,0.558139534883721,0.517441860465116,NA,5,"top5","eeg_fm_specent_precond;eeg_faa_precond;eeg_fl_theta_power_precond;eeg_fm_beta_power_precond;eeg_tleft_lbeta_power_precond"
2025-12-19 12:48:26.593383,23,"stress_label",5,64,0.1,0.587209302325581,0.575581395348837,NA,5,"top5","eeg_fm_specent_precond;eeg_faa_precond;eeg_fl_theta_power_precond;eeg_fm_beta_power_precond;eeg_tleft_lbeta_power_precond"
2025-12-19 12:48:26.738689,23,"stress_label",5,128,0.1,0.563953488372093,0.453488372093023,NA,5,"top5","eeg_fm_specent_precond;eeg_faa_precond;eeg_fl_theta_power_precond;eeg_fm_beta_power_precond;eeg_tleft_lbeta_power_precond"
2025-12-19 12:48:27.022379,23,"stress_label",5,256,0.1,0.575581395348837,0.453488372093023,NA,5,"top5","eeg_fm_specent_precond;eeg_faa_precond;eeg_fl_theta_power_precond;eeg_fm_beta_power_precond;eeg_tleft_lbeta_power_precond"
2025-12-19 12:48:28.387045,24,"stress_label",5,2,0.0078125,0.494186046511628,0.412790697674419,0.473643410852713,5,"top5","eeg_fm_lbeta_power_precond;eeg_fm_specent_precond;eeg_tleft_lbeta_power_precond;eeg_faa_precond;eeg_fl_theta_power_precond"
2025-12-19 12:48:28.367343,24,"stress_label",5,4,0.0078125,0.47093023255814,0.372093023255814,0.442635658914729,5,"top5","eeg_fm_lbeta_power_precond;eeg_fm_specent_precond;eeg_tleft_lbeta_power_precond;eeg_faa_precond;eeg_fl_theta_power_precond"
2025-12-19 12:48:28.373362,24,"stress_label",5,8,0.0078125,0.447674418604651,0.424418604651163,0.42093023255814,5,"top5","eeg_fm_lbeta_power_precond;eeg_fm_specent_precond;eeg_tleft_lbeta_power_precond;eeg_faa_precond;eeg_fl_theta_power_precond"
2025-12-19 12:48:28.385349,24,"stress_label",5,16,0.0078125,0.453488372093023,0.488372093023256,0.408527131782946,5,"top5","eeg_fm_lbeta_power_precond;eeg_fm_specent_precond;eeg_tleft_lbeta_power_precond;eeg_faa_precond;eeg_fl_theta_power_precond"
2025-12-19 12:48:28.416777,24,"stress_label",5,32,0.0078125,0.424418604651163,0.534883720930233,0.365116279069767,5,"top5","eeg_fm_lbeta_power_precond;eeg_fm_specent_precond;eeg_tleft_lbeta_power_precond;eeg_faa_precond;eeg_fl_theta_power_precond"
2025-12-19 12:48:28.414618,24,"stress_label",5,64,0.0078125,0.395348837209302,0.517441860465116,0.34031007751938,5,"top5","eeg_fm_lbeta_power_precond;eeg_fm_specent_precond;eeg_tleft_lbeta_power_precond;eeg_faa_precond;eeg_fl_theta_power_precond"
2025-12-19 12:48:28.475169,24,"stress_label",5,128,0.0078125,0.372093023255814,0.563953488372093,NA,5,"top5","eeg_fm_lbeta_power_precond;eeg_fm_specent_precond;eeg_tleft_lbeta_power_precond;eeg_faa_precond;eeg_fl_theta_power_precond"
2025-12-19 12:48:28.531023,24,"stress_label",5,256,0.0078125,0.453488372093023,0.47093023255814,NA,5,"top5","eeg_fm_lbeta_power_precond;eeg_fm_specent_precond;eeg_tleft_lbeta_power_precond;eeg_faa_precond;eeg_fl_theta_power_precond"
2025-12-19 12:48:28.40493,24,"stress_label",5,2,0.015625,0.465116279069767,0.476744186046512,0.427906976744186,5,"top5","eeg_fm_lbeta_power_precond;eeg_fm_specent_precond;eeg_tleft_lbeta_power_precond;eeg_faa_precond;eeg_fl_theta_power_precond"
2025-12-19 12:48:28.369497,24,"stress_label",5,4,0.015625,0.459302325581395,0.383720930232558,0.412403100775194,5,"top5","eeg_fm_lbeta_power_precond;eeg_fm_specent_precond;eeg_tleft_lbeta_power_precond;eeg_faa_precond;eeg_fl_theta_power_precond"
2025-12-19 12:48:28.396303,24,"stress_label",5,8,0.015625,0.459302325581395,0.511627906976744,0.403875968992248,5,"top5","eeg_fm_lbeta_power_precond;eeg_fm_specent_precond;eeg_tleft_lbeta_power_precond;eeg_faa_precond;eeg_fl_theta_power_precond"
2025-12-19 12:48:28.407151,24,"stress_label",5,16,0.015625,0.436046511627907,0.546511627906977,0.37906976744186,5,"top5","eeg_fm_lbeta_power_precond;eeg_fm_specent_precond;eeg_tleft_lbeta_power_precond;eeg_faa_precond;eeg_fl_theta_power_precond"
2025-12-19 12:48:28.441401,24,"stress_label",5,32,0.015625,0.38953488372093,0.523255813953488,NA,5,"top5","eeg_fm_lbeta_power_precond;eeg_fm_specent_precond;eeg_tleft_lbeta_power_precond;eeg_faa_precond;eeg_fl_theta_power_precond"
2025-12-19 12:48:28.535202,24,"stress_label",5,64,0.015625,0.441860465116279,0.517441860465116,NA,5,"top5","eeg_fm_lbeta_power_precond;eeg_fm_specent_precond;eeg_tleft_lbeta_power_precond;eeg_faa_precond;eeg_fl_theta_power_precond"
2025-12-19 12:48:29.540406,24,"stress_label",5,128,0.015625,0.494186046511628,0.453488372093023,NA,5,"top5","eeg_fm_lbeta_power_precond;eeg_fm_specent_precond;eeg_tleft_lbeta_power_precond;eeg_faa_precond;eeg_fl_theta_power_precond"
2025-12-19 12:48:29.646564,24,"stress_label",5,256,0.015625,0.540697674418605,0.395348837209302,NA,5,"top5","eeg_fm_lbeta_power_precond;eeg_fm_specent_precond;eeg_tleft_lbeta_power_precond;eeg_faa_precond;eeg_fl_theta_power_precond"
2025-12-19 12:48:29.43062,24,"stress_label",5,2,0.03125,0.453488372093023,0.377906976744186,NA,5,"top5","eeg_fm_lbeta_power_precond;eeg_fm_specent_precond;eeg_tleft_lbeta_power_precond;eeg_faa_precond;eeg_fl_theta_power_precond"
2025-12-19 12:48:29.427337,24,"stress_label",5,4,0.03125,0.447674418604651,0.453488372093023,0.38062015503876,5,"top5","eeg_fm_lbeta_power_precond;eeg_fm_specent_precond;eeg_tleft_lbeta_power_precond;eeg_faa_precond;eeg_fl_theta_power_precond"
2025-12-19 12:48:29.44587,24,"stress_label",5,8,0.03125,0.412790697674419,0.505813953488372,NA,5,"top5","eeg_fm_lbeta_power_precond;eeg_fm_specent_precond;eeg_tleft_lbeta_power_precond;eeg_faa_precond;eeg_fl_theta_power_precond"
2025-12-19 12:48:29.468265,24,"stress_label",5,16,0.03125,0.447674418604651,0.447674418604651,NA,5,"top5","eeg_fm_lbeta_power_precond;eeg_fm_specent_precond;eeg_tleft_lbeta_power_precond;eeg_faa_precond;eeg_fl_theta_power_precond"
2025-12-19 12:48:29.554631,24,"stress_label",5,32,0.03125,0.517441860465116,0.412790697674419,NA,5,"top5","eeg_fm_lbeta_power_precond;eeg_fm_specent_precond;eeg_tleft_lbeta_power_precond;eeg_faa_precond;eeg_fl_theta_power_precond"
2025-12-19 12:48:29.586881,24,"stress_label",5,64,0.03125,0.563953488372093,0.331395348837209,NA,5,"top5","eeg_fm_lbeta_power_precond;eeg_fm_specent_precond;eeg_tleft_lbeta_power_precond;eeg_faa_precond;eeg_fl_theta_power_precond"
2025-12-19 12:48:29.694044,24,"stress_label",5,128,0.03125,0.540697674418605,0.436046511627907,NA,5,"top5","eeg_fm_lbeta_power_precond;eeg_fm_specent_precond;eeg_tleft_lbeta_power_precond;eeg_faa_precond;eeg_fl_theta_power_precond"
2025-12-19 12:48:29.937117,24,"stress_label",5,256,0.03125,0.569767441860465,0.383720930232558,NA,5,"top5","eeg_fm_lbeta_power_precond;eeg_fm_specent_precond;eeg_tleft_lbeta_power_precond;eeg_faa_precond;eeg_fl_theta_power_precond"
2025-12-19 12:48:29.509732,24,"stress_label",5,2,0.0625,0.436046511627907,0.383720930232558,NA,5,"top5","eeg_fm_lbeta_power_precond;eeg_fm_specent_precond;eeg_tleft_lbeta_power_precond;eeg_faa_precond;eeg_fl_theta_power_precond"
2025-12-19 12:48:29.535721,24,"stress_label",5,4,0.0625,0.447674418604651,0.459302325581395,NA,5,"top5","eeg_fm_lbeta_power_precond;eeg_fm_specent_precond;eeg_tleft_lbeta_power_precond;eeg_faa_precond;eeg_fl_theta_power_precond"
2025-12-19 12:48:29.612437,24,"stress_label",5,8,0.0625,0.505813953488372,0.377906976744186,NA,5,"top5","eeg_fm_lbeta_power_precond;eeg_fm_specent_precond;eeg_tleft_lbeta_power_precond;eeg_faa_precond;eeg_fl_theta_power_precond"
2025-12-19 12:48:29.693037,24,"stress_label",5,16,0.0625,0.558139534883721,0.424418604651163,NA,5,"top5","eeg_fm_lbeta_power_precond;eeg_fm_specent_precond;eeg_tleft_lbeta_power_precond;eeg_faa_precond;eeg_fl_theta_power_precond"
2025-12-19 12:48:30.591561,24,"stress_label",5,32,0.0625,0.563953488372093,0.325581395348837,NA,5,"top5","eeg_fm_lbeta_power_precond;eeg_fm_specent_precond;eeg_tleft_lbeta_power_precond;eeg_faa_precond;eeg_fl_theta_power_precond"
2025-12-19 12:48:30.713821,24,"stress_label",5,64,0.0625,0.540697674418605,0.47093023255814,NA,5,"top5","eeg_fm_lbeta_power_precond;eeg_fm_specent_precond;eeg_tleft_lbeta_power_precond;eeg_faa_precond;eeg_fl_theta_power_precond"
2025-12-19 12:48:30.865271,24,"stress_label",5,128,0.0625,0.517441860465116,0.488372093023256,NA,5,"top5","eeg_fm_lbeta_power_precond;eeg_fm_specent_precond;eeg_tleft_lbeta_power_precond;eeg_faa_precond;eeg_fl_theta_power_precond"
2025-12-19 12:48:31.241172,24,"stress_label",5,256,0.0625,0.540697674418605,0.5,NA,5,"top5","eeg_fm_lbeta_power_precond;eeg_fm_specent_precond;eeg_tleft_lbeta_power_precond;eeg_faa_precond;eeg_fl_theta_power_precond"
2025-12-19 12:48:30.529037,24,"stress_label",5,2,0.125,0.494186046511628,0.418604651162791,NA,5,"top5","eeg_fm_lbeta_power_precond;eeg_fm_specent_precond;eeg_tleft_lbeta_power_precond;eeg_faa_precond;eeg_fl_theta_power_precond"
2025-12-19 12:48:30.597785,24,"stress_label",5,4,0.125,0.546511627906977,0.377906976744186,NA,5,"top5","eeg_fm_lbeta_power_precond;eeg_fm_specent_precond;eeg_tleft_lbeta_power_precond;eeg_faa_precond;eeg_fl_theta_power_precond"
2025-12-19 12:48:30.647845,24,"stress_label",5,8,0.125,0.563953488372093,0.38953488372093,NA,5,"top5","eeg_fm_lbeta_power_precond;eeg_fm_specent_precond;eeg_tleft_lbeta_power_precond;eeg_faa_precond;eeg_fl_theta_power_precond"
2025-12-19 12:48:30.675268,24,"stress_label",5,16,0.125,0.593023255813954,0.575581395348837,NA,5,"top5","eeg_fm_lbeta_power_precond;eeg_fm_specent_precond;eeg_tleft_lbeta_power_precond;eeg_faa_precond;eeg_fl_theta_power_precond"
2025-12-19 12:48:30.739215,24,"stress_label",5,32,0.125,0.546511627906977,0.558139534883721,NA,5,"top5","eeg_fm_lbeta_power_precond;eeg_fm_specent_precond;eeg_tleft_lbeta_power_precond;eeg_faa_precond;eeg_fl_theta_power_precond"
2025-12-19 12:48:30.923863,24,"stress_label",5,64,0.125,0.523255813953488,0.546511627906977,NA,5,"top5","eeg_fm_lbeta_power_precond;eeg_fm_specent_precond;eeg_tleft_lbeta_power_precond;eeg_faa_precond;eeg_fl_theta_power_precond"
2025-12-19 12:48:31.236678,24,"stress_label",5,128,0.125,0.546511627906977,0.517441860465116,NA,5,"top5","eeg_fm_lbeta_power_precond;eeg_fm_specent_precond;eeg_tleft_lbeta_power_precond;eeg_faa_precond;eeg_fl_theta_power_precond"
2025-12-19 12:48:31.726337,24,"stress_label",5,256,0.125,0.540697674418605,0.47093023255814,NA,5,"top5","eeg_fm_lbeta_power_precond;eeg_fm_specent_precond;eeg_tleft_lbeta_power_precond;eeg_faa_precond;eeg_fl_theta_power_precond"
2025-12-19 12:48:30.727529,24,"stress_label",5,2,0.03,0.453488372093023,0.465116279069767,NA,5,"top5","eeg_fm_lbeta_power_precond;eeg_fm_specent_precond;eeg_tleft_lbeta_power_precond;eeg_faa_precond;eeg_fl_theta_power_precond"
2025-12-19 12:48:30.956968,24,"stress_label",5,4,0.03,0.465116279069767,0.488372093023256,0.396124031007752,5,"top5","eeg_fm_lbeta_power_precond;eeg_fm_specent_precond;eeg_tleft_lbeta_power_precond;eeg_faa_precond;eeg_fl_theta_power_precond"
2025-12-19 12:48:31.580492,24,"stress_label",5,8,0.03,0.406976744186047,0.540697674418605,NA,5,"top5","eeg_fm_lbeta_power_precond;eeg_fm_specent_precond;eeg_tleft_lbeta_power_precond;eeg_faa_precond;eeg_fl_theta_power_precond"
2025-12-19 12:48:31.619379,24,"stress_label",5,16,0.03,0.430232558139535,0.476744186046512,NA,5,"top5","eeg_fm_lbeta_power_precond;eeg_fm_specent_precond;eeg_tleft_lbeta_power_precond;eeg_faa_precond;eeg_fl_theta_power_precond"
2025-12-19 12:48:31.665185,24,"stress_label",5,32,0.03,0.505813953488372,0.453488372093023,NA,5,"top5","eeg_fm_lbeta_power_precond;eeg_fm_specent_precond;eeg_tleft_lbeta_power_precond;eeg_faa_precond;eeg_fl_theta_power_precond"
2025-12-19 12:48:31.792319,24,"stress_label",5,64,0.03,0.552325581395349,0.325581395348837,NA,5,"top5","eeg_fm_lbeta_power_precond;eeg_fm_specent_precond;eeg_tleft_lbeta_power_precond;eeg_faa_precond;eeg_fl_theta_power_precond"
2025-12-19 12:48:31.93479,24,"stress_label",5,128,0.03,0.523255813953488,0.319767441860465,NA,5,"top5","eeg_fm_lbeta_power_precond;eeg_fm_specent_precond;eeg_tleft_lbeta_power_precond;eeg_faa_precond;eeg_fl_theta_power_precond"
2025-12-19 12:48:32.178825,24,"stress_label",5,256,0.03,0.563953488372093,0.488372093023256,NA,5,"top5","eeg_fm_lbeta_power_precond;eeg_fm_specent_precond;eeg_tleft_lbeta_power_precond;eeg_faa_precond;eeg_fl_theta_power_precond"
2025-12-19 12:48:31.746096,24,"stress_label",5,2,0.06,0.436046511627907,0.453488372093023,NA,5,"top5","eeg_fm_lbeta_power_precond;eeg_fm_specent_precond;eeg_tleft_lbeta_power_precond;eeg_faa_precond;eeg_fl_theta_power_precond"
2025-12-19 12:48:31.781185,24,"stress_label",5,4,0.06,0.453488372093023,0.38953488372093,NA,5,"top5","eeg_fm_lbeta_power_precond;eeg_fm_specent_precond;eeg_tleft_lbeta_power_precond;eeg_faa_precond;eeg_fl_theta_power_precond"
2025-12-19 12:48:31.935886,24,"stress_label",5,8,0.06,0.5,0.383720930232558,NA,5,"top5","eeg_fm_lbeta_power_precond;eeg_fm_specent_precond;eeg_tleft_lbeta_power_precond;eeg_faa_precond;eeg_fl_theta_power_precond"
2025-12-19 12:48:32.02639,24,"stress_label",5,16,0.06,0.558139534883721,0.430232558139535,NA,5,"top5","eeg_fm_lbeta_power_precond;eeg_fm_specent_precond;eeg_tleft_lbeta_power_precond;eeg_faa_precond;eeg_fl_theta_power_precond"
2025-12-19 12:48:32.100142,24,"stress_label",5,32,0.06,0.563953488372093,0.406976744186047,NA,5,"top5","eeg_fm_lbeta_power_precond;eeg_fm_specent_precond;eeg_tleft_lbeta_power_precond;eeg_faa_precond;eeg_fl_theta_power_precond"
2025-12-19 12:48:32.461125,24,"stress_label",5,64,0.06,0.552325581395349,0.436046511627907,NA,5,"top5","eeg_fm_lbeta_power_precond;eeg_fm_specent_precond;eeg_tleft_lbeta_power_precond;eeg_faa_precond;eeg_fl_theta_power_precond"
2025-12-19 12:48:32.593457,24,"stress_label",5,128,0.06,0.505813953488372,0.558139534883721,NA,5,"top5","eeg_fm_lbeta_power_precond;eeg_fm_specent_precond;eeg_tleft_lbeta_power_precond;eeg_faa_precond;eeg_fl_theta_power_precond"
2025-12-19 12:48:33.06159,24,"stress_label",5,256,0.06,0.529069767441861,0.563953488372093,NA,5,"top5","eeg_fm_lbeta_power_precond;eeg_fm_specent_precond;eeg_tleft_lbeta_power_precond;eeg_faa_precond;eeg_fl_theta_power_precond"
2025-12-19 12:48:32.586786,24,"stress_label",5,2,0.1,0.47093023255814,0.38953488372093,NA,5,"top5","eeg_fm_lbeta_power_precond;eeg_fm_specent_precond;eeg_tleft_lbeta_power_precond;eeg_faa_precond;eeg_fl_theta_power_precond"
2025-12-19 12:48:32.619971,24,"stress_label",5,4,0.1,0.529069767441861,0.430232558139535,NA,5,"top5","eeg_fm_lbeta_power_precond;eeg_fm_specent_precond;eeg_tleft_lbeta_power_precond;eeg_faa_precond;eeg_fl_theta_power_precond"
2025-12-19 12:48:32.748907,24,"stress_label",5,8,0.1,0.569767441860465,0.447674418604651,NA,5,"top5","eeg_fm_lbeta_power_precond;eeg_fm_specent_precond;eeg_tleft_lbeta_power_precond;eeg_faa_precond;eeg_fl_theta_power_precond"
2025-12-19 12:48:32.764445,24,"stress_label",5,16,0.1,0.552325581395349,0.540697674418605,NA,5,"top5","eeg_fm_lbeta_power_precond;eeg_fm_specent_precond;eeg_tleft_lbeta_power_precond;eeg_faa_precond;eeg_fl_theta_power_precond"
2025-12-19 12:48:32.83291,24,"stress_label",5,32,0.1,0.552325581395349,0.552325581395349,NA,5,"top5","eeg_fm_lbeta_power_precond;eeg_fm_specent_precond;eeg_tleft_lbeta_power_precond;eeg_faa_precond;eeg_fl_theta_power_precond"
2025-12-19 12:48:32.909219,24,"stress_label",5,64,0.1,0.552325581395349,0.558139534883721,NA,5,"top5","eeg_fm_lbeta_power_precond;eeg_fm_specent_precond;eeg_tleft_lbeta_power_precond;eeg_faa_precond;eeg_fl_theta_power_precond"
2025-12-19 12:48:33.154715,24,"stress_label",5,128,0.1,0.523255813953488,0.529069767441861,NA,5,"top5","eeg_fm_lbeta_power_precond;eeg_fm_specent_precond;eeg_tleft_lbeta_power_precond;eeg_faa_precond;eeg_fl_theta_power_precond"
2025-12-19 12:48:33.420879,24,"stress_label",5,256,0.1,0.558139534883721,0.523255813953488,NA,5,"top5","eeg_fm_lbeta_power_precond;eeg_fm_specent_precond;eeg_tleft_lbeta_power_precond;eeg_faa_precond;eeg_fl_theta_power_precond"
2025-12-19 12:48:34.629188,25,"stress_label",5,2,0.0078125,0.494186046511628,0.5,0.451937984496124,5,"top5","eeg_fm_specent_precond;eeg_fm_beta_power_precond;eeg_faa_precond;eeg_tleft_lbeta_power_precond;eeg_tleft_lalpha_power_precond"
2025-12-19 12:48:34.682004,25,"stress_label",5,4,0.0078125,0.441860465116279,0.563953488372093,NA,5,"top5","eeg_fm_specent_precond;eeg_fm_beta_power_precond;eeg_faa_precond;eeg_tleft_lbeta_power_precond;eeg_tleft_lalpha_power_precond"
2025-12-19 12:48:34.672749,25,"stress_label",5,8,0.0078125,0.406976744186047,0.546511627906977,NA,5,"top5","eeg_fm_specent_precond;eeg_fm_beta_power_precond;eeg_faa_precond;eeg_tleft_lbeta_power_precond;eeg_tleft_lalpha_power_precond"
2025-12-19 12:48:34.667312,25,"stress_label",5,16,0.0078125,0.406976744186047,0.593023255813954,NA,5,"top5","eeg_fm_specent_precond;eeg_fm_beta_power_precond;eeg_faa_precond;eeg_tleft_lbeta_power_precond;eeg_tleft_lalpha_power_precond"
2025-12-19 12:48:34.64415,25,"stress_label",5,32,0.0078125,0.424418604651163,0.523255813953488,NA,5,"top5","eeg_fm_specent_precond;eeg_fm_beta_power_precond;eeg_faa_precond;eeg_tleft_lbeta_power_precond;eeg_tleft_lalpha_power_precond"
2025-12-19 12:48:34.765189,25,"stress_label",5,64,0.0078125,0.47093023255814,0.523255813953488,NA,5,"top5","eeg_fm_specent_precond;eeg_fm_beta_power_precond;eeg_faa_precond;eeg_tleft_lbeta_power_precond;eeg_tleft_lalpha_power_precond"
2025-12-19 12:48:34.778632,25,"stress_label",5,128,0.0078125,0.529069767441861,0.465116279069767,NA,5,"top5","eeg_fm_specent_precond;eeg_fm_beta_power_precond;eeg_faa_precond;eeg_tleft_lbeta_power_precond;eeg_tleft_lalpha_power_precond"
2025-12-19 12:48:34.851511,25,"stress_label",5,256,0.0078125,0.552325581395349,0.406976744186047,NA,5,"top5","eeg_fm_specent_precond;eeg_fm_beta_power_precond;eeg_faa_precond;eeg_tleft_lbeta_power_precond;eeg_tleft_lalpha_power_precond"
2025-12-19 12:48:34.683794,25,"stress_label",5,2,0.015625,0.424418604651163,0.546511627906977,NA,5,"top5","eeg_fm_specent_precond;eeg_fm_beta_power_precond;eeg_faa_precond;eeg_tleft_lbeta_power_precond;eeg_tleft_lalpha_power_precond"
2025-12-19 12:48:34.69373,25,"stress_label",5,4,0.015625,0.436046511627907,0.587209302325581,NA,5,"top5","eeg_fm_specent_precond;eeg_fm_beta_power_precond;eeg_faa_precond;eeg_tleft_lbeta_power_precond;eeg_tleft_lalpha_power_precond"
2025-12-19 12:48:34.65861,25,"stress_label",5,8,0.015625,0.441860465116279,0.558139534883721,NA,5,"top5","eeg_fm_specent_precond;eeg_fm_beta_power_precond;eeg_faa_precond;eeg_tleft_lbeta_power_precond;eeg_tleft_lalpha_power_precond"
2025-12-19 12:48:34.787064,25,"stress_label",5,16,0.015625,0.47093023255814,0.488372093023256,NA,5,"top5","eeg_fm_specent_precond;eeg_fm_beta_power_precond;eeg_faa_precond;eeg_tleft_lbeta_power_precond;eeg_tleft_lalpha_power_precond"
2025-12-19 12:48:34.736487,25,"stress_label",5,32,0.015625,0.529069767441861,0.465116279069767,NA,5,"top5","eeg_fm_specent_precond;eeg_fm_beta_power_precond;eeg_faa_precond;eeg_tleft_lbeta_power_precond;eeg_tleft_lalpha_power_precond"
2025-12-19 12:48:34.761979,25,"stress_label",5,64,0.015625,0.546511627906977,0.424418604651163,NA,5,"top5","eeg_fm_specent_precond;eeg_fm_beta_power_precond;eeg_faa_precond;eeg_tleft_lbeta_power_precond;eeg_tleft_lalpha_power_precond"
2025-12-19 12:48:35.820125,25,"stress_label",5,128,0.015625,0.546511627906977,0.348837209302326,NA,5,"top5","eeg_fm_specent_precond;eeg_fm_beta_power_precond;eeg_faa_precond;eeg_tleft_lbeta_power_precond;eeg_tleft_lalpha_power_precond"
2025-12-19 12:48:35.969932,25,"stress_label",5,256,0.015625,0.511627906976744,0.412790697674419,NA,5,"top5","eeg_fm_specent_precond;eeg_fm_beta_power_precond;eeg_faa_precond;eeg_tleft_lbeta_power_precond;eeg_tleft_lalpha_power_precond"
2025-12-19 12:48:35.739892,25,"stress_label",5,2,0.03125,0.453488372093023,0.534883720930233,NA,5,"top5","eeg_fm_specent_precond;eeg_fm_beta_power_precond;eeg_faa_precond;eeg_tleft_lbeta_power_precond;eeg_tleft_lalpha_power_precond"
2025-12-19 12:48:35.774648,25,"stress_label",5,4,0.03125,0.476744186046512,0.447674418604651,NA,5,"top5","eeg_fm_specent_precond;eeg_fm_beta_power_precond;eeg_faa_precond;eeg_tleft_lbeta_power_precond;eeg_tleft_lalpha_power_precond"
2025-12-19 12:48:35.76327,25,"stress_label",5,8,0.03125,0.523255813953488,0.412790697674419,NA,5,"top5","eeg_fm_specent_precond;eeg_fm_beta_power_precond;eeg_faa_precond;eeg_tleft_lbeta_power_precond;eeg_tleft_lalpha_power_precond"
2025-12-19 12:48:35.793368,25,"stress_label",5,16,0.03125,0.558139534883721,0.465116279069767,NA,5,"top5","eeg_fm_specent_precond;eeg_fm_beta_power_precond;eeg_faa_precond;eeg_tleft_lbeta_power_precond;eeg_tleft_lalpha_power_precond"
2025-12-19 12:48:35.801149,25,"stress_label",5,32,0.03125,0.523255813953488,0.343023255813953,NA,5,"top5","eeg_fm_specent_precond;eeg_fm_beta_power_precond;eeg_faa_precond;eeg_tleft_lbeta_power_precond;eeg_tleft_lalpha_power_precond"
2025-12-19 12:48:35.850208,25,"stress_label",5,64,0.03125,0.505813953488372,0.412790697674419,NA,5,"top5","eeg_fm_specent_precond;eeg_fm_beta_power_precond;eeg_faa_precond;eeg_tleft_lbeta_power_precond;eeg_tleft_lalpha_power_precond"
2025-12-19 12:48:36.001094,25,"stress_label",5,128,0.03125,0.534883720930233,0.366279069767442,NA,5,"top5","eeg_fm_specent_precond;eeg_fm_beta_power_precond;eeg_faa_precond;eeg_tleft_lbeta_power_precond;eeg_tleft_lalpha_power_precond"
2025-12-19 12:48:36.229683,25,"stress_label",5,256,0.03125,0.529069767441861,0.395348837209302,NA,5,"top5","eeg_fm_specent_precond;eeg_fm_beta_power_precond;eeg_faa_precond;eeg_tleft_lbeta_power_precond;eeg_tleft_lalpha_power_precond"
2025-12-19 12:48:35.887994,25,"stress_label",5,2,0.0625,0.505813953488372,0.505813953488372,NA,5,"top5","eeg_fm_specent_precond;eeg_fm_beta_power_precond;eeg_faa_precond;eeg_tleft_lbeta_power_precond;eeg_tleft_lalpha_power_precond"
2025-12-19 12:48:35.843202,25,"stress_label",5,4,0.0625,0.552325581395349,0.453488372093023,NA,5,"top5","eeg_fm_specent_precond;eeg_fm_beta_power_precond;eeg_faa_precond;eeg_tleft_lbeta_power_precond;eeg_tleft_lalpha_power_precond"
2025-12-19 12:48:35.859271,25,"stress_label",5,8,0.0625,0.546511627906977,0.366279069767442,NA,5,"top5","eeg_fm_specent_precond;eeg_fm_beta_power_precond;eeg_faa_precond;eeg_tleft_lbeta_power_precond;eeg_tleft_lalpha_power_precond"
2025-12-19 12:48:35.969906,25,"stress_label",5,16,0.0625,0.523255813953488,0.36046511627907,NA,5,"top5","eeg_fm_specent_precond;eeg_fm_beta_power_precond;eeg_faa_precond;eeg_tleft_lbeta_power_precond;eeg_tleft_lalpha_power_precond"
2025-12-19 12:48:36.94094,25,"stress_label",5,32,0.0625,0.534883720930233,0.5,NA,5,"top5","eeg_fm_specent_precond;eeg_fm_beta_power_precond;eeg_faa_precond;eeg_tleft_lbeta_power_precond;eeg_tleft_lalpha_power_precond"
2025-12-19 12:48:37.091277,25,"stress_label",5,64,0.0625,0.552325581395349,0.412790697674419,NA,5,"top5","eeg_fm_specent_precond;eeg_fm_beta_power_precond;eeg_faa_precond;eeg_tleft_lbeta_power_precond;eeg_tleft_lalpha_power_precond"
2025-12-19 12:48:37.167367,25,"stress_label",5,128,0.0625,0.552325581395349,0.406976744186047,NA,5,"top5","eeg_fm_specent_precond;eeg_fm_beta_power_precond;eeg_faa_precond;eeg_tleft_lbeta_power_precond;eeg_tleft_lalpha_power_precond"
2025-12-19 12:48:37.575784,25,"stress_label",5,256,0.0625,0.540697674418605,0.465116279069767,NA,5,"top5","eeg_fm_specent_precond;eeg_fm_beta_power_precond;eeg_faa_precond;eeg_tleft_lbeta_power_precond;eeg_tleft_lalpha_power_precond"
2025-12-19 12:48:36.873048,25,"stress_label",5,2,0.125,0.534883720930233,0.424418604651163,NA,5,"top5","eeg_fm_specent_precond;eeg_fm_beta_power_precond;eeg_faa_precond;eeg_tleft_lbeta_power_precond;eeg_tleft_lalpha_power_precond"
2025-12-19 12:48:36.894253,25,"stress_label",5,4,0.125,0.534883720930233,0.372093023255814,NA,5,"top5","eeg_fm_specent_precond;eeg_fm_beta_power_precond;eeg_faa_precond;eeg_tleft_lbeta_power_precond;eeg_tleft_lalpha_power_precond"
2025-12-19 12:48:36.969674,25,"stress_label",5,8,0.125,0.563953488372093,0.47093023255814,NA,5,"top5","eeg_fm_specent_precond;eeg_fm_beta_power_precond;eeg_faa_precond;eeg_tleft_lbeta_power_precond;eeg_tleft_lalpha_power_precond"
2025-12-19 12:48:37.024226,25,"stress_label",5,16,0.125,0.563953488372093,0.430232558139535,NA,5,"top5","eeg_fm_specent_precond;eeg_fm_beta_power_precond;eeg_faa_precond;eeg_tleft_lbeta_power_precond;eeg_tleft_lalpha_power_precond"
2025-12-19 12:48:37.076515,25,"stress_label",5,32,0.125,0.546511627906977,0.453488372093023,NA,5,"top5","eeg_fm_specent_precond;eeg_fm_beta_power_precond;eeg_faa_precond;eeg_tleft_lbeta_power_precond;eeg_tleft_lalpha_power_precond"
2025-12-19 12:48:37.261092,25,"stress_label",5,64,0.125,0.517441860465116,0.488372093023256,NA,5,"top5","eeg_fm_specent_precond;eeg_fm_beta_power_precond;eeg_faa_precond;eeg_tleft_lbeta_power_precond;eeg_tleft_lalpha_power_precond"
2025-12-19 12:48:37.623459,25,"stress_label",5,128,0.125,0.5,0.488372093023256,NA,5,"top5","eeg_fm_specent_precond;eeg_fm_beta_power_precond;eeg_faa_precond;eeg_tleft_lbeta_power_precond;eeg_tleft_lalpha_power_precond"
2025-12-19 12:48:38.066093,25,"stress_label",5,256,0.125,0.5,0.441860465116279,NA,5,"top5","eeg_fm_specent_precond;eeg_fm_beta_power_precond;eeg_faa_precond;eeg_tleft_lbeta_power_precond;eeg_tleft_lalpha_power_precond"
2025-12-19 12:48:37.091226,25,"stress_label",5,2,0.03,0.453488372093023,0.569767441860465,NA,5,"top5","eeg_fm_specent_precond;eeg_fm_beta_power_precond;eeg_faa_precond;eeg_tleft_lbeta_power_precond;eeg_tleft_lalpha_power_precond"
2025-12-19 12:48:37.333691,25,"stress_label",5,4,0.03,0.476744186046512,0.459302325581395,NA,5,"top5","eeg_fm_specent_precond;eeg_fm_beta_power_precond;eeg_faa_precond;eeg_tleft_lbeta_power_precond;eeg_tleft_lalpha_power_precond"
2025-12-19 12:48:37.980282,25,"stress_label",5,8,0.03,0.523255813953488,0.505813953488372,NA,5,"top5","eeg_fm_specent_precond;eeg_fm_beta_power_precond;eeg_faa_precond;eeg_tleft_lbeta_power_precond;eeg_tleft_lalpha_power_precond"
2025-12-19 12:48:37.985611,25,"stress_label",5,16,0.03,0.558139534883721,0.418604651162791,NA,5,"top5","eeg_fm_specent_precond;eeg_fm_beta_power_precond;eeg_faa_precond;eeg_tleft_lbeta_power_precond;eeg_tleft_lalpha_power_precond"
2025-12-19 12:48:38.040155,25,"stress_label",5,32,0.03,0.529069767441861,0.447674418604651,NA,5,"top5","eeg_fm_specent_precond;eeg_fm_beta_power_precond;eeg_faa_precond;eeg_tleft_lbeta_power_precond;eeg_tleft_lalpha_power_precond"
2025-12-19 12:48:38.12669,25,"stress_label",5,64,0.03,0.505813953488372,0.38953488372093,NA,5,"top5","eeg_fm_specent_precond;eeg_fm_beta_power_precond;eeg_faa_precond;eeg_tleft_lbeta_power_precond;eeg_tleft_lalpha_power_precond"
2025-12-19 12:48:38.271431,25,"stress_label",5,128,0.03,0.523255813953488,0.418604651162791,NA,5,"top5","eeg_fm_specent_precond;eeg_fm_beta_power_precond;eeg_faa_precond;eeg_tleft_lbeta_power_precond;eeg_tleft_lalpha_power_precond"
2025-12-19 12:48:38.512082,25,"stress_label",5,256,0.03,0.529069767441861,0.377906976744186,NA,5,"top5","eeg_fm_specent_precond;eeg_fm_beta_power_precond;eeg_faa_precond;eeg_tleft_lbeta_power_precond;eeg_tleft_lalpha_power_precond"
2025-12-19 12:48:38.189724,25,"stress_label",5,2,0.06,0.511627906976744,0.424418604651163,NA,5,"top5","eeg_fm_specent_precond;eeg_fm_beta_power_precond;eeg_faa_precond;eeg_tleft_lbeta_power_precond;eeg_tleft_lalpha_power_precond"
2025-12-19 12:48:38.162257,25,"stress_label",5,4,0.06,0.540697674418605,0.47093023255814,NA,5,"top5","eeg_fm_specent_precond;eeg_fm_beta_power_precond;eeg_faa_precond;eeg_tleft_lbeta_power_precond;eeg_tleft_lalpha_power_precond"
2025-12-19 12:48:38.253062,25,"stress_label",5,8,0.06,0.546511627906977,0.343023255813953,NA,5,"top5","eeg_fm_specent_precond;eeg_fm_beta_power_precond;eeg_faa_precond;eeg_tleft_lbeta_power_precond;eeg_tleft_lalpha_power_precond"
2025-12-19 12:48:38.39061,25,"stress_label",5,16,0.06,0.511627906976744,0.354651162790698,NA,5,"top5","eeg_fm_specent_precond;eeg_fm_beta_power_precond;eeg_faa_precond;eeg_tleft_lbeta_power_precond;eeg_tleft_lalpha_power_precond"
2025-12-19 12:48:38.500888,25,"stress_label",5,32,0.06,0.546511627906977,0.377906976744186,NA,5,"top5","eeg_fm_specent_precond;eeg_fm_beta_power_precond;eeg_faa_precond;eeg_tleft_lbeta_power_precond;eeg_tleft_lalpha_power_precond"
2025-12-19 12:48:38.869527,25,"stress_label",5,64,0.06,0.558139534883721,0.436046511627907,NA,5,"top5","eeg_fm_specent_precond;eeg_fm_beta_power_precond;eeg_faa_precond;eeg_tleft_lbeta_power_precond;eeg_tleft_lalpha_power_precond"
2025-12-19 12:48:39.011691,25,"stress_label",5,128,0.06,0.552325581395349,0.412790697674419,NA,5,"top5","eeg_fm_specent_precond;eeg_fm_beta_power_precond;eeg_faa_precond;eeg_tleft_lbeta_power_precond;eeg_tleft_lalpha_power_precond"
2025-12-19 12:48:39.500807,25,"stress_label",5,256,0.06,0.552325581395349,0.406976744186047,NA,5,"top5","eeg_fm_specent_precond;eeg_fm_beta_power_precond;eeg_faa_precond;eeg_tleft_lbeta_power_precond;eeg_tleft_lalpha_power_precond"
2025-12-19 12:48:39.050741,25,"stress_label",5,2,0.1,0.534883720930233,0.36046511627907,NA,5,"top5","eeg_fm_specent_precond;eeg_fm_beta_power_precond;eeg_faa_precond;eeg_tleft_lbeta_power_precond;eeg_tleft_lalpha_power_precond"
2025-12-19 12:48:39.075912,25,"stress_label",5,4,0.1,0.534883720930233,0.348837209302326,NA,5,"top5","eeg_fm_specent_precond;eeg_fm_beta_power_precond;eeg_faa_precond;eeg_tleft_lbeta_power_precond;eeg_tleft_lalpha_power_precond"
2025-12-19 12:48:39.124618,25,"stress_label",5,8,0.1,0.540697674418605,0.377906976744186,NA,5,"top5","eeg_fm_specent_precond;eeg_fm_beta_power_precond;eeg_faa_precond;eeg_tleft_lbeta_power_precond;eeg_tleft_lalpha_power_precond"
2025-12-19 12:48:39.221575,25,"stress_label",5,16,0.1,0.563953488372093,0.302325581395349,NA,5,"top5","eeg_fm_specent_precond;eeg_fm_beta_power_precond;eeg_faa_precond;eeg_tleft_lbeta_power_precond;eeg_tleft_lalpha_power_precond"
2025-12-19 12:48:39.285258,25,"stress_label",5,32,0.1,0.552325581395349,0.348837209302326,NA,5,"top5","eeg_fm_specent_precond;eeg_fm_beta_power_precond;eeg_faa_precond;eeg_tleft_lbeta_power_precond;eeg_tleft_lalpha_power_precond"
2025-12-19 12:48:39.3922,25,"stress_label",5,64,0.1,0.540697674418605,0.447674418604651,NA,5,"top5","eeg_fm_specent_precond;eeg_fm_beta_power_precond;eeg_faa_precond;eeg_tleft_lbeta_power_precond;eeg_tleft_lalpha_power_precond"
2025-12-19 12:48:39.569727,25,"stress_label",5,128,0.1,0.5,0.465116279069767,NA,5,"top5","eeg_fm_specent_precond;eeg_fm_beta_power_precond;eeg_faa_precond;eeg_tleft_lbeta_power_precond;eeg_tleft_lalpha_power_precond"
2025-12-19 12:48:39.829382,25,"stress_label",5,256,0.1,0.511627906976744,0.534883720930233,NA,5,"top5","eeg_fm_specent_precond;eeg_fm_beta_power_precond;eeg_faa_precond;eeg_tleft_lbeta_power_precond;eeg_tleft_lalpha_power_precond"
2025-12-19 12:48:41.068786,26,"stress_label",5,2,0.0078125,0.436046511627907,0.587209302325581,0.37906976744186,5,"top5","eeg_fm_specent_precond;eeg_faa_precond;eeg_tleft_lbeta_power_precond;eeg_tleft_lalpha_power_precond;eeg_fl_theta_power_precond"
2025-12-19 12:48:41.046447,26,"stress_label",5,4,0.0078125,0.406976744186047,0.598837209302326,0.338759689922481,5,"top5","eeg_fm_specent_precond;eeg_faa_precond;eeg_tleft_lbeta_power_precond;eeg_tleft_lalpha_power_precond;eeg_fl_theta_power_precond"
2025-12-19 12:48:41.042305,26,"stress_label",5,8,0.0078125,0.424418604651163,0.534883720930233,0.361240310077519,5,"top5","eeg_fm_specent_precond;eeg_faa_precond;eeg_tleft_lbeta_power_precond;eeg_tleft_lalpha_power_precond;eeg_fl_theta_power_precond"
2025-12-19 12:48:41.068511,26,"stress_label",5,16,0.0078125,0.436046511627907,0.558139534883721,0.375193798449612,5,"top5","eeg_fm_specent_precond;eeg_faa_precond;eeg_tleft_lbeta_power_precond;eeg_tleft_lalpha_power_precond;eeg_fl_theta_power_precond"
2025-12-19 12:48:41.085504,26,"stress_label",5,32,0.0078125,0.453488372093023,0.540697674418605,0.409302325581395,5,"top5","eeg_fm_specent_precond;eeg_faa_precond;eeg_tleft_lbeta_power_precond;eeg_tleft_lalpha_power_precond;eeg_fl_theta_power_precond"
2025-12-19 12:48:41.108326,26,"stress_label",5,64,0.0078125,0.465116279069767,0.563953488372093,NA,5,"top5","eeg_fm_specent_precond;eeg_faa_precond;eeg_tleft_lbeta_power_precond;eeg_tleft_lalpha_power_precond;eeg_fl_theta_power_precond"
2025-12-19 12:48:41.217671,26,"stress_label",5,128,0.0078125,0.436046511627907,0.593023255813954,NA,5,"top5","eeg_fm_specent_precond;eeg_faa_precond;eeg_tleft_lbeta_power_precond;eeg_tleft_lalpha_power_precond;eeg_fl_theta_power_precond"
2025-12-19 12:48:41.252296,26,"stress_label",5,256,0.0078125,0.430232558139535,0.488372093023256,NA,5,"top5","eeg_fm_specent_precond;eeg_faa_precond;eeg_tleft_lbeta_power_precond;eeg_tleft_lalpha_power_precond;eeg_fl_theta_power_precond"
2025-12-19 12:48:41.048709,26,"stress_label",5,2,0.015625,0.424418604651163,0.627906976744186,0.341860465116279,5,"top5","eeg_fm_specent_precond;eeg_faa_precond;eeg_tleft_lbeta_power_precond;eeg_tleft_lalpha_power_precond;eeg_fl_theta_power_precond"
2025-12-19 12:48:41.071283,26,"stress_label",5,4,0.015625,0.412790697674419,0.546511627906977,0.346511627906977,5,"top5","eeg_fm_specent_precond;eeg_faa_precond;eeg_tleft_lbeta_power_precond;eeg_tleft_lalpha_power_precond;eeg_fl_theta_power_precond"
2025-12-19 12:48:41.08008,26,"stress_label",5,8,0.015625,0.436046511627907,0.587209302325581,NA,5,"top5","eeg_fm_specent_precond;eeg_faa_precond;eeg_tleft_lbeta_power_precond;eeg_tleft_lalpha_power_precond;eeg_fl_theta_power_precond"
2025-12-19 12:48:41.112133,26,"stress_label",5,16,0.015625,0.453488372093023,0.558139534883721,NA,5,"top5","eeg_fm_specent_precond;eeg_faa_precond;eeg_tleft_lbeta_power_precond;eeg_tleft_lalpha_power_precond;eeg_fl_theta_power_precond"
2025-12-19 12:48:41.105358,26,"stress_label",5,32,0.015625,0.430232558139535,0.482558139534884,NA,5,"top5","eeg_fm_specent_precond;eeg_faa_precond;eeg_tleft_lbeta_power_precond;eeg_tleft_lalpha_power_precond;eeg_fl_theta_power_precond"
2025-12-19 12:48:41.206825,26,"stress_label",5,64,0.015625,0.424418604651163,0.5,NA,5,"top5","eeg_fm_specent_precond;eeg_faa_precond;eeg_tleft_lbeta_power_precond;eeg_tleft_lalpha_power_precond;eeg_fl_theta_power_precond"
2025-12-19 12:48:42.1991,26,"stress_label",5,128,0.015625,0.47093023255814,0.383720930232558,NA,5,"top5","eeg_fm_specent_precond;eeg_faa_precond;eeg_tleft_lbeta_power_precond;eeg_tleft_lalpha_power_precond;eeg_fl_theta_power_precond"
2025-12-19 12:48:42.29784,26,"stress_label",5,256,0.015625,0.482558139534884,0.377906976744186,NA,5,"top5","eeg_fm_specent_precond;eeg_faa_precond;eeg_tleft_lbeta_power_precond;eeg_tleft_lalpha_power_precond;eeg_fl_theta_power_precond"
2025-12-19 12:48:42.103411,26,"stress_label",5,2,0.03125,0.401162790697674,0.575581395348837,NA,5,"top5","eeg_fm_specent_precond;eeg_faa_precond;eeg_tleft_lbeta_power_precond;eeg_tleft_lalpha_power_precond;eeg_fl_theta_power_precond"
2025-12-19 12:48:42.13438,26,"stress_label",5,4,0.03125,0.436046511627907,0.552325581395349,NA,5,"top5","eeg_fm_specent_precond;eeg_faa_precond;eeg_tleft_lbeta_power_precond;eeg_tleft_lalpha_power_precond;eeg_fl_theta_power_precond"
2025-12-19 12:48:42.159588,26,"stress_label",5,8,0.03125,0.465116279069767,0.517441860465116,NA,5,"top5","eeg_fm_specent_precond;eeg_faa_precond;eeg_tleft_lbeta_power_precond;eeg_tleft_lalpha_power_precond;eeg_fl_theta_power_precond"
2025-12-19 12:48:42.170302,26,"stress_label",5,16,0.03125,0.436046511627907,0.529069767441861,NA,5,"top5","eeg_fm_specent_precond;eeg_faa_precond;eeg_tleft_lbeta_power_precond;eeg_tleft_lalpha_power_precond;eeg_fl_theta_power_precond"
2025-12-19 12:48:42.200313,26,"stress_label",5,32,0.03125,0.453488372093023,0.441860465116279,NA,5,"top5","eeg_fm_specent_precond;eeg_faa_precond;eeg_tleft_lbeta_power_precond;eeg_tleft_lalpha_power_precond;eeg_fl_theta_power_precond"
2025-12-19 12:48:42.261815,26,"stress_label",5,64,0.03125,0.465116279069767,0.395348837209302,NA,5,"top5","eeg_fm_specent_precond;eeg_faa_precond;eeg_tleft_lbeta_power_precond;eeg_tleft_lalpha_power_precond;eeg_fl_theta_power_precond"
2025-12-19 12:48:42.340825,26,"stress_label",5,128,0.03125,0.488372093023256,0.354651162790698,NA,5,"top5","eeg_fm_specent_precond;eeg_faa_precond;eeg_tleft_lbeta_power_precond;eeg_tleft_lalpha_power_precond;eeg_fl_theta_power_precond"
2025-12-19 12:48:42.520888,26,"stress_label",5,256,0.03125,0.511627906976744,0.430232558139535,NA,5,"top5","eeg_fm_specent_precond;eeg_faa_precond;eeg_tleft_lbeta_power_precond;eeg_tleft_lalpha_power_precond;eeg_fl_theta_power_precond"
2025-12-19 12:48:42.194134,26,"stress_label",5,2,0.0625,0.459302325581395,0.546511627906977,NA,5,"top5","eeg_fm_specent_precond;eeg_faa_precond;eeg_tleft_lbeta_power_precond;eeg_tleft_lalpha_power_precond;eeg_fl_theta_power_precond"
2025-12-19 12:48:42.307808,26,"stress_label",5,4,0.0625,0.453488372093023,0.476744186046512,NA,5,"top5","eeg_fm_specent_precond;eeg_faa_precond;eeg_tleft_lbeta_power_precond;eeg_tleft_lalpha_power_precond;eeg_fl_theta_power_precond"
2025-12-19 12:48:42.298118,26,"stress_label",5,8,0.0625,0.453488372093023,0.459302325581395,NA,5,"top5","eeg_fm_specent_precond;eeg_faa_precond;eeg_tleft_lbeta_power_precond;eeg_tleft_lalpha_power_precond;eeg_fl_theta_power_precond"
2025-12-19 12:48:42.32777,26,"stress_label",5,16,0.0625,0.465116279069767,0.331395348837209,NA,5,"top5","eeg_fm_specent_precond;eeg_faa_precond;eeg_tleft_lbeta_power_precond;eeg_tleft_lalpha_power_precond;eeg_fl_theta_power_precond"
2025-12-19 12:48:43.232994,26,"stress_label",5,32,0.0625,0.476744186046512,0.482558139534884,NA,5,"top5","eeg_fm_specent_precond;eeg_faa_precond;eeg_tleft_lbeta_power_precond;eeg_tleft_lalpha_power_precond;eeg_fl_theta_power_precond"
2025-12-19 12:48:43.354853,26,"stress_label",5,64,0.0625,0.505813953488372,0.418604651162791,NA,5,"top5","eeg_fm_specent_precond;eeg_faa_precond;eeg_tleft_lbeta_power_precond;eeg_tleft_lalpha_power_precond;eeg_fl_theta_power_precond"
2025-12-19 12:48:43.510932,26,"stress_label",5,128,0.0625,0.494186046511628,0.494186046511628,NA,5,"top5","eeg_fm_specent_precond;eeg_faa_precond;eeg_tleft_lbeta_power_precond;eeg_tleft_lalpha_power_precond;eeg_fl_theta_power_precond"
2025-12-19 12:48:43.969035,26,"stress_label",5,256,0.0625,0.523255813953488,0.505813953488372,NA,5,"top5","eeg_fm_specent_precond;eeg_faa_precond;eeg_tleft_lbeta_power_precond;eeg_tleft_lalpha_power_precond;eeg_fl_theta_power_precond"
2025-12-19 12:48:43.264978,26,"stress_label",5,2,0.125,0.488372093023256,0.436046511627907,NA,5,"top5","eeg_fm_specent_precond;eeg_faa_precond;eeg_tleft_lbeta_power_precond;eeg_tleft_lalpha_power_precond;eeg_fl_theta_power_precond"
2025-12-19 12:48:43.24362,26,"stress_label",5,4,0.125,0.482558139534884,0.354651162790698,NA,5,"top5","eeg_fm_specent_precond;eeg_faa_precond;eeg_tleft_lbeta_power_precond;eeg_tleft_lalpha_power_precond;eeg_fl_theta_power_precond"
2025-12-19 12:48:43.296024,26,"stress_label",5,8,0.125,0.494186046511628,0.505813953488372,NA,5,"top5","eeg_fm_specent_precond;eeg_faa_precond;eeg_tleft_lbeta_power_precond;eeg_tleft_lalpha_power_precond;eeg_fl_theta_power_precond"
2025-12-19 12:48:43.387037,26,"stress_label",5,16,0.125,0.505813953488372,0.511627906976744,NA,5,"top5","eeg_fm_specent_precond;eeg_faa_precond;eeg_tleft_lbeta_power_precond;eeg_tleft_lalpha_power_precond;eeg_fl_theta_power_precond"
2025-12-19 12:48:43.518789,26,"stress_label",5,32,0.125,0.505813953488372,0.598837209302326,NA,5,"top5","eeg_fm_specent_precond;eeg_faa_precond;eeg_tleft_lbeta_power_precond;eeg_tleft_lalpha_power_precond;eeg_fl_theta_power_precond"
2025-12-19 12:48:43.626478,26,"stress_label",5,64,0.125,0.558139534883721,0.517441860465116,NA,5,"top5","eeg_fm_specent_precond;eeg_faa_precond;eeg_tleft_lbeta_power_precond;eeg_tleft_lalpha_power_precond;eeg_fl_theta_power_precond"
2025-12-19 12:48:43.908284,26,"stress_label",5,128,0.125,0.546511627906977,0.47093023255814,NA,5,"top5","eeg_fm_specent_precond;eeg_faa_precond;eeg_tleft_lbeta_power_precond;eeg_tleft_lalpha_power_precond;eeg_fl_theta_power_precond"
2025-12-19 12:48:44.442572,26,"stress_label",5,256,0.125,0.546511627906977,0.441860465116279,NA,5,"top5","eeg_fm_specent_precond;eeg_faa_precond;eeg_tleft_lbeta_power_precond;eeg_tleft_lalpha_power_precond;eeg_fl_theta_power_precond"
2025-12-19 12:48:43.400037,26,"stress_label",5,2,0.03,0.406976744186047,0.598837209302326,NA,5,"top5","eeg_fm_specent_precond;eeg_faa_precond;eeg_tleft_lbeta_power_precond;eeg_tleft_lalpha_power_precond;eeg_fl_theta_power_precond"
2025-12-19 12:48:43.581513,26,"stress_label",5,4,0.03,0.441860465116279,0.569767441860465,NA,5,"top5","eeg_fm_specent_precond;eeg_faa_precond;eeg_tleft_lbeta_power_precond;eeg_tleft_lalpha_power_precond;eeg_fl_theta_power_precond"
2025-12-19 12:48:44.283807,26,"stress_label",5,8,0.03,0.465116279069767,0.494186046511628,NA,5,"top5","eeg_fm_specent_precond;eeg_faa_precond;eeg_tleft_lbeta_power_precond;eeg_tleft_lalpha_power_precond;eeg_fl_theta_power_precond"
2025-12-19 12:48:44.312576,26,"stress_label",5,16,0.03,0.441860465116279,0.488372093023256,NA,5,"top5","eeg_fm_specent_precond;eeg_faa_precond;eeg_tleft_lbeta_power_precond;eeg_tleft_lalpha_power_precond;eeg_fl_theta_power_precond"
2025-12-19 12:48:44.363447,26,"stress_label",5,32,0.03,0.459302325581395,0.418604651162791,NA,5,"top5","eeg_fm_specent_precond;eeg_faa_precond;eeg_tleft_lbeta_power_precond;eeg_tleft_lalpha_power_precond;eeg_fl_theta_power_precond"
2025-12-19 12:48:44.407791,26,"stress_label",5,64,0.03,0.465116279069767,0.47093023255814,NA,5,"top5","eeg_fm_specent_precond;eeg_faa_precond;eeg_tleft_lbeta_power_precond;eeg_tleft_lalpha_power_precond;eeg_fl_theta_power_precond"
2025-12-19 12:48:44.527031,26,"stress_label",5,128,0.03,0.488372093023256,0.337209302325581,NA,5,"top5","eeg_fm_specent_precond;eeg_faa_precond;eeg_tleft_lbeta_power_precond;eeg_tleft_lalpha_power_precond;eeg_fl_theta_power_precond"
2025-12-19 12:48:44.768417,26,"stress_label",5,256,0.03,0.505813953488372,0.377906976744186,NA,5,"top5","eeg_fm_specent_precond;eeg_faa_precond;eeg_tleft_lbeta_power_precond;eeg_tleft_lalpha_power_precond;eeg_fl_theta_power_precond"
2025-12-19 12:48:44.415493,26,"stress_label",5,2,0.06,0.459302325581395,0.569767441860465,NA,5,"top5","eeg_fm_specent_precond;eeg_faa_precond;eeg_tleft_lbeta_power_precond;eeg_tleft_lalpha_power_precond;eeg_fl_theta_power_precond"
2025-12-19 12:48:44.562228,26,"stress_label",5,4,0.06,0.447674418604651,0.546511627906977,NA,5,"top5","eeg_fm_specent_precond;eeg_faa_precond;eeg_tleft_lbeta_power_precond;eeg_tleft_lalpha_power_precond;eeg_fl_theta_power_precond"
2025-12-19 12:48:44.584747,26,"stress_label",5,8,0.06,0.453488372093023,0.412790697674419,NA,5,"top5","eeg_fm_specent_precond;eeg_faa_precond;eeg_tleft_lbeta_power_precond;eeg_tleft_lalpha_power_precond;eeg_fl_theta_power_precond"
2025-12-19 12:48:44.610985,26,"stress_label",5,16,0.06,0.465116279069767,0.453488372093023,0.410852713178295,5,"top5","eeg_fm_specent_precond;eeg_faa_precond;eeg_tleft_lbeta_power_precond;eeg_tleft_lalpha_power_precond;eeg_fl_theta_power_precond"
2025-12-19 12:48:44.76162,26,"stress_label",5,32,0.06,0.488372093023256,0.412790697674419,NA,5,"top5","eeg_fm_specent_precond;eeg_faa_precond;eeg_tleft_lbeta_power_precond;eeg_tleft_lalpha_power_precond;eeg_fl_theta_power_precond"
2025-12-19 12:48:45.054595,26,"stress_label",5,64,0.06,0.517441860465116,0.5,NA,5,"top5","eeg_fm_specent_precond;eeg_faa_precond;eeg_tleft_lbeta_power_precond;eeg_tleft_lalpha_power_precond;eeg_fl_theta_power_precond"
2025-12-19 12:48:45.251972,26,"stress_label",5,128,0.06,0.5,0.47093023255814,NA,5,"top5","eeg_fm_specent_precond;eeg_faa_precond;eeg_tleft_lbeta_power_precond;eeg_tleft_lalpha_power_precond;eeg_fl_theta_power_precond"
2025-12-19 12:48:45.735906,26,"stress_label",5,256,0.06,0.534883720930233,0.511627906976744,NA,5,"top5","eeg_fm_specent_precond;eeg_faa_precond;eeg_tleft_lbeta_power_precond;eeg_tleft_lalpha_power_precond;eeg_fl_theta_power_precond"
2025-12-19 12:48:45.277524,26,"stress_label",5,2,0.1,0.441860465116279,0.482558139534884,NA,5,"top5","eeg_fm_specent_precond;eeg_faa_precond;eeg_tleft_lbeta_power_precond;eeg_tleft_lalpha_power_precond;eeg_fl_theta_power_precond"
2025-12-19 12:48:45.315926,26,"stress_label",5,4,0.1,0.47093023255814,0.441860465116279,0.413953488372093,5,"top5","eeg_fm_specent_precond;eeg_faa_precond;eeg_tleft_lbeta_power_precond;eeg_tleft_lalpha_power_precond;eeg_fl_theta_power_precond"
2025-12-19 12:48:45.383472,26,"stress_label",5,8,0.1,0.47093023255814,0.441860465116279,NA,5,"top5","eeg_fm_specent_precond;eeg_faa_precond;eeg_tleft_lbeta_power_precond;eeg_tleft_lalpha_power_precond;eeg_fl_theta_power_precond"
2025-12-19 12:48:45.373711,26,"stress_label",5,16,0.1,0.505813953488372,0.401162790697674,NA,5,"top5","eeg_fm_specent_precond;eeg_faa_precond;eeg_tleft_lbeta_power_precond;eeg_tleft_lalpha_power_precond;eeg_fl_theta_power_precond"
2025-12-19 12:48:45.454797,26,"stress_label",5,32,0.1,0.5,0.505813953488372,NA,5,"top5","eeg_fm_specent_precond;eeg_faa_precond;eeg_tleft_lbeta_power_precond;eeg_tleft_lalpha_power_precond;eeg_fl_theta_power_precond"
2025-12-19 12:48:45.629808,26,"stress_label",5,64,0.1,0.523255813953488,0.575581395348837,NA,5,"top5","eeg_fm_specent_precond;eeg_faa_precond;eeg_tleft_lbeta_power_precond;eeg_tleft_lalpha_power_precond;eeg_fl_theta_power_precond"
2025-12-19 12:48:45.795262,26,"stress_label",5,128,0.1,0.552325581395349,0.459302325581395,NA,5,"top5","eeg_fm_specent_precond;eeg_faa_precond;eeg_tleft_lbeta_power_precond;eeg_tleft_lalpha_power_precond;eeg_fl_theta_power_precond"
2025-12-19 12:48:46.032272,26,"stress_label",5,256,0.1,0.517441860465116,0.494186046511628,NA,5,"top5","eeg_fm_specent_precond;eeg_faa_precond;eeg_tleft_lbeta_power_precond;eeg_tleft_lalpha_power_precond;eeg_fl_theta_power_precond"
2025-12-19 12:48:47.247577,27,"stress_label",5,2,0.0078125,0.488372093023256,0.447674418604651,0.462015503875969,5,"top5","eeg_fm_lbeta_power_precond;eeg_fm_specent_precond;eeg_tleft_lbeta_power_precond;eeg_faa_precond;eeg_tleft_lalpha_power_precond"
2025-12-19 12:48:47.253581,27,"stress_label",5,4,0.0078125,0.488372093023256,0.424418604651163,0.452713178294574,5,"top5","eeg_fm_lbeta_power_precond;eeg_fm_specent_precond;eeg_tleft_lbeta_power_precond;eeg_faa_precond;eeg_tleft_lalpha_power_precond"
2025-12-19 12:48:47.248816,27,"stress_label",5,8,0.0078125,0.476744186046512,0.36046511627907,NA,5,"top5","eeg_fm_lbeta_power_precond;eeg_fm_specent_precond;eeg_tleft_lbeta_power_precond;eeg_faa_precond;eeg_tleft_lalpha_power_precond"
2025-12-19 12:48:47.271262,27,"stress_label",5,16,0.0078125,0.476744186046512,0.348837209302326,NA,5,"top5","eeg_fm_lbeta_power_precond;eeg_fm_specent_precond;eeg_tleft_lbeta_power_precond;eeg_faa_precond;eeg_tleft_lalpha_power_precond"
2025-12-19 12:48:47.319224,27,"stress_label",5,32,0.0078125,0.511627906976744,0.38953488372093,NA,5,"top5","eeg_fm_lbeta_power_precond;eeg_fm_specent_precond;eeg_tleft_lbeta_power_precond;eeg_faa_precond;eeg_tleft_lalpha_power_precond"
2025-12-19 12:48:47.3156,27,"stress_label",5,64,0.0078125,0.5,0.436046511627907,NA,5,"top5","eeg_fm_lbeta_power_precond;eeg_fm_specent_precond;eeg_tleft_lbeta_power_precond;eeg_faa_precond;eeg_tleft_lalpha_power_precond"
2025-12-19 12:48:47.410836,27,"stress_label",5,128,0.0078125,0.529069767441861,0.465116279069767,NA,5,"top5","eeg_fm_lbeta_power_precond;eeg_fm_specent_precond;eeg_tleft_lbeta_power_precond;eeg_faa_precond;eeg_tleft_lalpha_power_precond"
2025-12-19 12:48:47.450823,27,"stress_label",5,256,0.0078125,0.523255813953488,0.348837209302326,NA,5,"top5","eeg_fm_lbeta_power_precond;eeg_fm_specent_precond;eeg_tleft_lbeta_power_precond;eeg_faa_precond;eeg_tleft_lalpha_power_precond"
2025-12-19 12:48:47.249823,27,"stress_label",5,2,0.015625,0.482558139534884,0.47093023255814,0.435658914728682,5,"top5","eeg_fm_lbeta_power_precond;eeg_fm_specent_precond;eeg_tleft_lbeta_power_precond;eeg_faa_precond;eeg_tleft_lalpha_power_precond"
2025-12-19 12:48:47.261054,27,"stress_label",5,4,0.015625,0.465116279069767,0.36046511627907,NA,5,"top5","eeg_fm_lbeta_power_precond;eeg_fm_specent_precond;eeg_tleft_lbeta_power_precond;eeg_faa_precond;eeg_tleft_lalpha_power_precond"
2025-12-19 12:48:47.289565,27,"stress_label",5,8,0.015625,0.505813953488372,0.406976744186047,NA,5,"top5","eeg_fm_lbeta_power_precond;eeg_fm_specent_precond;eeg_tleft_lbeta_power_precond;eeg_faa_precond;eeg_tleft_lalpha_power_precond"
2025-12-19 12:48:47.349467,27,"stress_label",5,16,0.015625,0.494186046511628,0.441860465116279,NA,5,"top5","eeg_fm_lbeta_power_precond;eeg_fm_specent_precond;eeg_tleft_lbeta_power_precond;eeg_faa_precond;eeg_tleft_lalpha_power_precond"
2025-12-19 12:48:47.351133,27,"stress_label",5,32,0.015625,0.529069767441861,0.441860465116279,NA,5,"top5","eeg_fm_lbeta_power_precond;eeg_fm_specent_precond;eeg_tleft_lbeta_power_precond;eeg_faa_precond;eeg_tleft_lalpha_power_precond"
2025-12-19 12:48:47.404064,27,"stress_label",5,64,0.015625,0.511627906976744,0.424418604651163,NA,5,"top5","eeg_fm_lbeta_power_precond;eeg_fm_specent_precond;eeg_tleft_lbeta_power_precond;eeg_faa_precond;eeg_tleft_lalpha_power_precond"
2025-12-19 12:48:48.422989,27,"stress_label",5,128,0.015625,0.5,0.47093023255814,NA,5,"top5","eeg_fm_lbeta_power_precond;eeg_fm_specent_precond;eeg_tleft_lbeta_power_precond;eeg_faa_precond;eeg_tleft_lalpha_power_precond"
2025-12-19 12:48:48.554842,27,"stress_label",5,256,0.015625,0.482558139534884,0.447674418604651,NA,5,"top5","eeg_fm_lbeta_power_precond;eeg_fm_specent_precond;eeg_tleft_lbeta_power_precond;eeg_faa_precond;eeg_tleft_lalpha_power_precond"
2025-12-19 12:48:48.302319,27,"stress_label",5,2,0.03125,0.476744186046512,0.436046511627907,NA,5,"top5","eeg_fm_lbeta_power_precond;eeg_fm_specent_precond;eeg_tleft_lbeta_power_precond;eeg_faa_precond;eeg_tleft_lalpha_power_precond"
2025-12-19 12:48:48.335272,27,"stress_label",5,4,0.03125,0.494186046511628,0.38953488372093,NA,5,"top5","eeg_fm_lbeta_power_precond;eeg_fm_specent_precond;eeg_tleft_lbeta_power_precond;eeg_faa_precond;eeg_tleft_lalpha_power_precond"
2025-12-19 12:48:48.378357,27,"stress_label",5,8,0.03125,0.511627906976744,0.430232558139535,NA,5,"top5","eeg_fm_lbeta_power_precond;eeg_fm_specent_precond;eeg_tleft_lbeta_power_precond;eeg_faa_precond;eeg_tleft_lalpha_power_precond"
2025-12-19 12:48:48.41086,27,"stress_label",5,16,0.03125,0.494186046511628,0.377906976744186,NA,5,"top5","eeg_fm_lbeta_power_precond;eeg_fm_specent_precond;eeg_tleft_lbeta_power_precond;eeg_faa_precond;eeg_tleft_lalpha_power_precond"
2025-12-19 12:48:48.414113,27,"stress_label",5,32,0.03125,0.494186046511628,0.436046511627907,NA,5,"top5","eeg_fm_lbeta_power_precond;eeg_fm_specent_precond;eeg_tleft_lbeta_power_precond;eeg_faa_precond;eeg_tleft_lalpha_power_precond"
2025-12-19 12:48:48.520011,27,"stress_label",5,64,0.03125,0.494186046511628,0.412790697674419,NA,5,"top5","eeg_fm_lbeta_power_precond;eeg_fm_specent_precond;eeg_tleft_lbeta_power_precond;eeg_faa_precond;eeg_tleft_lalpha_power_precond"
2025-12-19 12:48:48.653277,27,"stress_label",5,128,0.03125,0.494186046511628,0.38953488372093,NA,5,"top5","eeg_fm_lbeta_power_precond;eeg_fm_specent_precond;eeg_tleft_lbeta_power_precond;eeg_faa_precond;eeg_tleft_lalpha_power_precond"
2025-12-19 12:48:48.860292,27,"stress_label",5,256,0.03125,0.511627906976744,0.36046511627907,NA,5,"top5","eeg_fm_lbeta_power_precond;eeg_fm_specent_precond;eeg_tleft_lbeta_power_precond;eeg_faa_precond;eeg_tleft_lalpha_power_precond"
2025-12-19 12:48:48.432597,27,"stress_label",5,2,0.0625,0.523255813953488,0.418604651162791,NA,5,"top5","eeg_fm_lbeta_power_precond;eeg_fm_specent_precond;eeg_tleft_lbeta_power_precond;eeg_faa_precond;eeg_tleft_lalpha_power_precond"
2025-12-19 12:48:48.483382,27,"stress_label",5,4,0.0625,0.494186046511628,0.372093023255814,NA,5,"top5","eeg_fm_lbeta_power_precond;eeg_fm_specent_precond;eeg_tleft_lbeta_power_precond;eeg_faa_precond;eeg_tleft_lalpha_power_precond"
2025-12-19 12:48:48.504433,27,"stress_label",5,8,0.0625,0.482558139534884,0.459302325581395,NA,5,"top5","eeg_fm_lbeta_power_precond;eeg_fm_specent_precond;eeg_tleft_lbeta_power_precond;eeg_faa_precond;eeg_tleft_lalpha_power_precond"
2025-12-19 12:48:48.588461,27,"stress_label",5,16,0.0625,0.494186046511628,0.406976744186047,NA,5,"top5","eeg_fm_lbeta_power_precond;eeg_fm_specent_precond;eeg_tleft_lbeta_power_precond;eeg_faa_precond;eeg_tleft_lalpha_power_precond"
2025-12-19 12:48:49.548315,27,"stress_label",5,32,0.0625,0.517441860465116,0.523255813953488,NA,5,"top5","eeg_fm_lbeta_power_precond;eeg_fm_specent_precond;eeg_tleft_lbeta_power_precond;eeg_faa_precond;eeg_tleft_lalpha_power_precond"
2025-12-19 12:48:49.682321,27,"stress_label",5,64,0.0625,0.511627906976744,0.38953488372093,NA,5,"top5","eeg_fm_lbeta_power_precond;eeg_fm_specent_precond;eeg_tleft_lbeta_power_precond;eeg_faa_precond;eeg_tleft_lalpha_power_precond"
2025-12-19 12:48:49.881763,27,"stress_label",5,128,0.0625,0.482558139534884,0.424418604651163,NA,5,"top5","eeg_fm_lbeta_power_precond;eeg_fm_specent_precond;eeg_tleft_lbeta_power_precond;eeg_faa_precond;eeg_tleft_lalpha_power_precond"
2025-12-19 12:48:50.214106,27,"stress_label",5,256,0.0625,0.436046511627907,0.604651162790698,NA,5,"top5","eeg_fm_lbeta_power_precond;eeg_fm_specent_precond;eeg_tleft_lbeta_power_precond;eeg_faa_precond;eeg_tleft_lalpha_power_precond"
2025-12-19 12:48:49.54675,27,"stress_label",5,2,0.125,0.5,0.383720930232558,NA,5,"top5","eeg_fm_lbeta_power_precond;eeg_fm_specent_precond;eeg_tleft_lbeta_power_precond;eeg_faa_precond;eeg_tleft_lalpha_power_precond"
2025-12-19 12:48:49.519167,27,"stress_label",5,4,0.125,0.488372093023256,0.406976744186047,NA,5,"top5","eeg_fm_lbeta_power_precond;eeg_fm_specent_precond;eeg_tleft_lbeta_power_precond;eeg_faa_precond;eeg_tleft_lalpha_power_precond"
2025-12-19 12:48:49.599104,27,"stress_label",5,8,0.125,0.517441860465116,0.406976744186047,NA,5,"top5","eeg_fm_lbeta_power_precond;eeg_fm_specent_precond;eeg_tleft_lbeta_power_precond;eeg_faa_precond;eeg_tleft_lalpha_power_precond"
2025-12-19 12:48:49.725085,27,"stress_label",5,16,0.125,0.5,0.447674418604651,NA,5,"top5","eeg_fm_lbeta_power_precond;eeg_fm_specent_precond;eeg_tleft_lbeta_power_precond;eeg_faa_precond;eeg_tleft_lalpha_power_precond"
2025-12-19 12:48:49.780124,27,"stress_label",5,32,0.125,0.430232558139535,0.517441860465116,NA,5,"top5","eeg_fm_lbeta_power_precond;eeg_fm_specent_precond;eeg_tleft_lbeta_power_precond;eeg_faa_precond;eeg_tleft_lalpha_power_precond"
2025-12-19 12:48:49.885216,27,"stress_label",5,64,0.125,0.430232558139535,0.587209302325581,NA,5,"top5","eeg_fm_lbeta_power_precond;eeg_fm_specent_precond;eeg_tleft_lbeta_power_precond;eeg_faa_precond;eeg_tleft_lalpha_power_precond"
2025-12-19 12:48:50.167163,27,"stress_label",5,128,0.125,0.453488372093023,0.494186046511628,NA,5,"top5","eeg_fm_lbeta_power_precond;eeg_fm_specent_precond;eeg_tleft_lbeta_power_precond;eeg_faa_precond;eeg_tleft_lalpha_power_precond"
2025-12-19 12:48:50.708098,27,"stress_label",5,256,0.125,0.494186046511628,0.534883720930233,NA,5,"top5","eeg_fm_lbeta_power_precond;eeg_fm_specent_precond;eeg_tleft_lbeta_power_precond;eeg_faa_precond;eeg_tleft_lalpha_power_precond"
2025-12-19 12:48:49.773308,27,"stress_label",5,2,0.03,0.476744186046512,0.412790697674419,NA,5,"top5","eeg_fm_lbeta_power_precond;eeg_fm_specent_precond;eeg_tleft_lbeta_power_precond;eeg_faa_precond;eeg_tleft_lalpha_power_precond"
2025-12-19 12:48:50.02687,27,"stress_label",5,4,0.03,0.488372093023256,0.401162790697674,NA,5,"top5","eeg_fm_lbeta_power_precond;eeg_fm_specent_precond;eeg_tleft_lbeta_power_precond;eeg_faa_precond;eeg_tleft_lalpha_power_precond"
2025-12-19 12:48:50.672486,27,"stress_label",5,8,0.03,0.517441860465116,0.412790697674419,NA,5,"top5","eeg_fm_lbeta_power_precond;eeg_fm_specent_precond;eeg_tleft_lbeta_power_precond;eeg_faa_precond;eeg_tleft_lalpha_power_precond"
2025-12-19 12:48:50.670621,27,"stress_label",5,16,0.03,0.5,0.383720930232558,NA,5,"top5","eeg_fm_lbeta_power_precond;eeg_fm_specent_precond;eeg_tleft_lbeta_power_precond;eeg_faa_precond;eeg_tleft_lalpha_power_precond"
2025-12-19 12:48:50.691078,27,"stress_label",5,32,0.03,0.494186046511628,0.418604651162791,NA,5,"top5","eeg_fm_lbeta_power_precond;eeg_fm_specent_precond;eeg_tleft_lbeta_power_precond;eeg_faa_precond;eeg_tleft_lalpha_power_precond"
2025-12-19 12:48:50.820292,27,"stress_label",5,64,0.03,0.488372093023256,0.331395348837209,NA,5,"top5","eeg_fm_lbeta_power_precond;eeg_fm_specent_precond;eeg_tleft_lbeta_power_precond;eeg_faa_precond;eeg_tleft_lalpha_power_precond"
2025-12-19 12:48:51.008761,27,"stress_label",5,128,0.03,0.482558139534884,0.465116279069767,NA,5,"top5","eeg_fm_lbeta_power_precond;eeg_fm_specent_precond;eeg_tleft_lbeta_power_precond;eeg_faa_precond;eeg_tleft_lalpha_power_precond"
2025-12-19 12:48:51.245606,27,"stress_label",5,256,0.03,0.5,0.430232558139535,NA,5,"top5","eeg_fm_lbeta_power_precond;eeg_fm_specent_precond;eeg_tleft_lbeta_power_precond;eeg_faa_precond;eeg_tleft_lalpha_power_precond"
2025-12-19 12:48:50.894426,27,"stress_label",5,2,0.06,0.523255813953488,0.418604651162791,NA,5,"top5","eeg_fm_lbeta_power_precond;eeg_fm_specent_precond;eeg_tleft_lbeta_power_precond;eeg_faa_precond;eeg_tleft_lalpha_power_precond"
2025-12-19 12:48:50.902112,27,"stress_label",5,4,0.06,0.488372093023256,0.476744186046512,NA,5,"top5","eeg_fm_lbeta_power_precond;eeg_fm_specent_precond;eeg_tleft_lbeta_power_precond;eeg_faa_precond;eeg_tleft_lalpha_power_precond"
2025-12-19 12:48:50.996541,27,"stress_label",5,8,0.06,0.482558139534884,0.36046511627907,NA,5,"top5","eeg_fm_lbeta_power_precond;eeg_fm_specent_precond;eeg_tleft_lbeta_power_precond;eeg_faa_precond;eeg_tleft_lalpha_power_precond"
2025-12-19 12:48:51.027191,27,"stress_label",5,16,0.06,0.511627906976744,0.343023255813953,NA,5,"top5","eeg_fm_lbeta_power_precond;eeg_fm_specent_precond;eeg_tleft_lbeta_power_precond;eeg_faa_precond;eeg_tleft_lalpha_power_precond"
2025-12-19 12:48:51.205316,27,"stress_label",5,32,0.06,0.511627906976744,0.343023255813953,NA,5,"top5","eeg_fm_lbeta_power_precond;eeg_fm_specent_precond;eeg_tleft_lbeta_power_precond;eeg_faa_precond;eeg_tleft_lalpha_power_precond"
2025-12-19 12:48:51.398478,27,"stress_label",5,64,0.06,0.511627906976744,0.290697674418605,NA,5,"top5","eeg_fm_lbeta_power_precond;eeg_fm_specent_precond;eeg_tleft_lbeta_power_precond;eeg_faa_precond;eeg_tleft_lalpha_power_precond"
2025-12-19 12:48:51.554135,27,"stress_label",5,128,0.06,0.482558139534884,0.558139534883721,NA,5,"top5","eeg_fm_lbeta_power_precond;eeg_fm_specent_precond;eeg_tleft_lbeta_power_precond;eeg_faa_precond;eeg_tleft_lalpha_power_precond"
2025-12-19 12:48:52.113505,27,"stress_label",5,256,0.06,0.430232558139535,0.569767441860465,NA,5,"top5","eeg_fm_lbeta_power_precond;eeg_fm_specent_precond;eeg_tleft_lbeta_power_precond;eeg_faa_precond;eeg_tleft_lalpha_power_precond"
2025-12-19 12:48:51.695931,27,"stress_label",5,2,0.1,0.488372093023256,0.424418604651163,NA,5,"top5","eeg_fm_lbeta_power_precond;eeg_fm_specent_precond;eeg_tleft_lbeta_power_precond;eeg_faa_precond;eeg_tleft_lalpha_power_precond"
2025-12-19 12:48:51.678058,27,"stress_label",5,4,0.1,0.505813953488372,0.412790697674419,NA,5,"top5","eeg_fm_lbeta_power_precond;eeg_fm_specent_precond;eeg_tleft_lbeta_power_precond;eeg_faa_precond;eeg_tleft_lalpha_power_precond"
2025-12-19 12:48:51.705645,27,"stress_label",5,8,0.1,0.505813953488372,0.406976744186047,NA,5,"top5","eeg_fm_lbeta_power_precond;eeg_fm_specent_precond;eeg_tleft_lbeta_power_precond;eeg_faa_precond;eeg_tleft_lalpha_power_precond"
2025-12-19 12:48:51.845417,27,"stress_label",5,16,0.1,0.511627906976744,0.354651162790698,NA,5,"top5","eeg_fm_lbeta_power_precond;eeg_fm_specent_precond;eeg_tleft_lbeta_power_precond;eeg_faa_precond;eeg_tleft_lalpha_power_precond"
2025-12-19 12:48:51.94589,27,"stress_label",5,32,0.1,0.482558139534884,0.523255813953488,NA,5,"top5","eeg_fm_lbeta_power_precond;eeg_fm_specent_precond;eeg_tleft_lbeta_power_precond;eeg_faa_precond;eeg_tleft_lalpha_power_precond"
2025-12-19 12:48:51.958946,27,"stress_label",5,64,0.1,0.430232558139535,0.587209302325581,NA,5,"top5","eeg_fm_lbeta_power_precond;eeg_fm_specent_precond;eeg_tleft_lbeta_power_precond;eeg_faa_precond;eeg_tleft_lalpha_power_precond"
2025-12-19 12:48:52.14639,27,"stress_label",5,128,0.1,0.406976744186047,0.569767441860465,NA,5,"top5","eeg_fm_lbeta_power_precond;eeg_fm_specent_precond;eeg_tleft_lbeta_power_precond;eeg_faa_precond;eeg_tleft_lalpha_power_precond"
2025-12-19 12:48:52.435894,27,"stress_label",5,256,0.1,0.441860465116279,0.523255813953488,NA,5,"top5","eeg_fm_lbeta_power_precond;eeg_fm_specent_precond;eeg_tleft_lbeta_power_precond;eeg_faa_precond;eeg_tleft_lalpha_power_precond"
2025-12-19 12:48:53.682036,28,"stress_label",5,2,0.0078125,0.476744186046512,0.505813953488372,0.404651162790698,5,"top5","eeg_fm_specent_precond;eeg_faa_precond;eeg_fm_beta_power_precond;eeg_tleft_lbeta_power_precond;eeg_tleft_lalpha_power_precond"
2025-12-19 12:48:53.71131,28,"stress_label",5,4,0.0078125,0.412790697674419,0.552325581395349,0.296124031007752,5,"top5","eeg_fm_specent_precond;eeg_faa_precond;eeg_fm_beta_power_precond;eeg_tleft_lbeta_power_precond;eeg_tleft_lalpha_power_precond"
2025-12-19 12:48:53.732545,28,"stress_label",5,8,0.0078125,0.412790697674419,0.575581395348837,NA,5,"top5","eeg_fm_specent_precond;eeg_faa_precond;eeg_fm_beta_power_precond;eeg_tleft_lbeta_power_precond;eeg_tleft_lalpha_power_precond"
2025-12-19 12:48:53.729202,28,"stress_label",5,16,0.0078125,0.424418604651163,0.447674418604651,NA,5,"top5","eeg_fm_specent_precond;eeg_faa_precond;eeg_fm_beta_power_precond;eeg_tleft_lbeta_power_precond;eeg_tleft_lalpha_power_precond"
2025-12-19 12:48:53.786919,28,"stress_label",5,32,0.0078125,0.447674418604651,0.511627906976744,NA,5,"top5","eeg_fm_specent_precond;eeg_faa_precond;eeg_fm_beta_power_precond;eeg_tleft_lbeta_power_precond;eeg_tleft_lalpha_power_precond"
2025-12-19 12:48:53.799857,28,"stress_label",5,64,0.0078125,0.505813953488372,0.383720930232558,NA,5,"top5","eeg_fm_specent_precond;eeg_faa_precond;eeg_fm_beta_power_precond;eeg_tleft_lbeta_power_precond;eeg_tleft_lalpha_power_precond"
2025-12-19 12:48:53.855835,28,"stress_label",5,128,0.0078125,0.563953488372093,0.406976744186047,NA,5,"top5","eeg_fm_specent_precond;eeg_faa_precond;eeg_fm_beta_power_precond;eeg_tleft_lbeta_power_precond;eeg_tleft_lalpha_power_precond"
2025-12-19 12:48:53.90689,28,"stress_label",5,256,0.0078125,0.593023255813954,0.465116279069767,NA,5,"top5","eeg_fm_specent_precond;eeg_faa_precond;eeg_fm_beta_power_precond;eeg_tleft_lbeta_power_precond;eeg_tleft_lalpha_power_precond"
2025-12-19 12:48:53.799472,28,"stress_label",5,2,0.015625,0.459302325581395,0.505813953488372,NA,5,"top5","eeg_fm_specent_precond;eeg_faa_precond;eeg_fm_beta_power_precond;eeg_tleft_lbeta_power_precond;eeg_tleft_lalpha_power_precond"
2025-12-19 12:48:53.754094,28,"stress_label",5,4,0.015625,0.447674418604651,0.459302325581395,NA,5,"top5","eeg_fm_specent_precond;eeg_faa_precond;eeg_fm_beta_power_precond;eeg_tleft_lbeta_power_precond;eeg_tleft_lalpha_power_precond"
2025-12-19 12:48:53.818026,28,"stress_label",5,8,0.015625,0.47093023255814,0.401162790697674,NA,5,"top5","eeg_fm_specent_precond;eeg_faa_precond;eeg_fm_beta_power_precond;eeg_tleft_lbeta_power_precond;eeg_tleft_lalpha_power_precond"
2025-12-19 12:48:53.805915,28,"stress_label",5,16,0.015625,0.494186046511628,0.354651162790698,NA,5,"top5","eeg_fm_specent_precond;eeg_faa_precond;eeg_fm_beta_power_precond;eeg_tleft_lbeta_power_precond;eeg_tleft_lalpha_power_precond"
2025-12-19 12:48:53.808493,28,"stress_label",5,32,0.015625,0.563953488372093,0.441860465116279,NA,5,"top5","eeg_fm_specent_precond;eeg_faa_precond;eeg_fm_beta_power_precond;eeg_tleft_lbeta_power_precond;eeg_tleft_lalpha_power_precond"
2025-12-19 12:48:53.82274,28,"stress_label",5,64,0.015625,0.569767441860465,0.523255813953488,NA,5,"top5","eeg_fm_specent_precond;eeg_faa_precond;eeg_fm_beta_power_precond;eeg_tleft_lbeta_power_precond;eeg_tleft_lalpha_power_precond"
2025-12-19 12:48:54.931318,28,"stress_label",5,128,0.015625,0.558139534883721,0.453488372093023,NA,5,"top5","eeg_fm_specent_precond;eeg_faa_precond;eeg_fm_beta_power_precond;eeg_tleft_lbeta_power_precond;eeg_tleft_lalpha_power_precond"
2025-12-19 12:48:54.987838,28,"stress_label",5,256,0.015625,0.540697674418605,0.517441860465116,NA,5,"top5","eeg_fm_specent_precond;eeg_faa_precond;eeg_fm_beta_power_precond;eeg_tleft_lbeta_power_precond;eeg_tleft_lalpha_power_precond"
2025-12-19 12:48:54.876146,28,"stress_label",5,2,0.03125,0.47093023255814,0.476744186046512,NA,5,"top5","eeg_fm_specent_precond;eeg_faa_precond;eeg_fm_beta_power_precond;eeg_tleft_lbeta_power_precond;eeg_tleft_lalpha_power_precond"
2025-12-19 12:48:54.871826,28,"stress_label",5,4,0.03125,0.488372093023256,0.372093023255814,NA,5,"top5","eeg_fm_specent_precond;eeg_faa_precond;eeg_fm_beta_power_precond;eeg_tleft_lbeta_power_precond;eeg_tleft_lalpha_power_precond"
2025-12-19 12:48:54.83382,28,"stress_label",5,8,0.03125,0.552325581395349,0.366279069767442,NA,5,"top5","eeg_fm_specent_precond;eeg_faa_precond;eeg_fm_beta_power_precond;eeg_tleft_lbeta_power_precond;eeg_tleft_lalpha_power_precond"
2025-12-19 12:48:54.860201,28,"stress_label",5,16,0.03125,0.569767441860465,0.453488372093023,NA,5,"top5","eeg_fm_specent_precond;eeg_faa_precond;eeg_fm_beta_power_precond;eeg_tleft_lbeta_power_precond;eeg_tleft_lalpha_power_precond"
2025-12-19 12:48:54.9424,28,"stress_label",5,32,0.03125,0.546511627906977,0.482558139534884,NA,5,"top5","eeg_fm_specent_precond;eeg_faa_precond;eeg_fm_beta_power_precond;eeg_tleft_lbeta_power_precond;eeg_tleft_lalpha_power_precond"
2025-12-19 12:48:54.934939,28,"stress_label",5,64,0.03125,0.534883720930233,0.459302325581395,NA,5,"top5","eeg_fm_specent_precond;eeg_faa_precond;eeg_fm_beta_power_precond;eeg_tleft_lbeta_power_precond;eeg_tleft_lalpha_power_precond"
2025-12-19 12:48:55.046364,28,"stress_label",5,128,0.03125,0.546511627906977,0.418604651162791,NA,5,"top5","eeg_fm_specent_precond;eeg_faa_precond;eeg_fm_beta_power_precond;eeg_tleft_lbeta_power_precond;eeg_tleft_lalpha_power_precond"
2025-12-19 12:48:55.213825,28,"stress_label",5,256,0.03125,0.523255813953488,0.418604651162791,NA,5,"top5","eeg_fm_specent_precond;eeg_faa_precond;eeg_fm_beta_power_precond;eeg_tleft_lbeta_power_precond;eeg_tleft_lalpha_power_precond"
2025-12-19 12:48:54.941845,28,"stress_label",5,2,0.0625,0.529069767441861,0.418604651162791,NA,5,"top5","eeg_fm_specent_precond;eeg_faa_precond;eeg_fm_beta_power_precond;eeg_tleft_lbeta_power_precond;eeg_tleft_lalpha_power_precond"
2025-12-19 12:48:54.849618,28,"stress_label",5,4,0.0625,0.558139534883721,0.459302325581395,0.486821705426357,5,"top5","eeg_fm_specent_precond;eeg_faa_precond;eeg_fm_beta_power_precond;eeg_tleft_lbeta_power_precond;eeg_tleft_lalpha_power_precond"
2025-12-19 12:48:54.901009,28,"stress_label",5,8,0.0625,0.540697674418605,0.505813953488372,NA,5,"top5","eeg_fm_specent_precond;eeg_faa_precond;eeg_fm_beta_power_precond;eeg_tleft_lbeta_power_precond;eeg_tleft_lalpha_power_precond"
2025-12-19 12:48:55.007389,28,"stress_label",5,16,0.0625,0.540697674418605,0.418604651162791,NA,5,"top5","eeg_fm_specent_precond;eeg_faa_precond;eeg_fm_beta_power_precond;eeg_tleft_lbeta_power_precond;eeg_tleft_lalpha_power_precond"
2025-12-19 12:48:56.102986,28,"stress_label",5,32,0.0625,0.558139534883721,0.482558139534884,NA,5,"top5","eeg_fm_specent_precond;eeg_faa_precond;eeg_fm_beta_power_precond;eeg_tleft_lbeta_power_precond;eeg_tleft_lalpha_power_precond"
2025-12-19 12:48:56.149645,28,"stress_label",5,64,0.0625,0.517441860465116,0.418604651162791,NA,5,"top5","eeg_fm_specent_precond;eeg_faa_precond;eeg_fm_beta_power_precond;eeg_tleft_lbeta_power_precond;eeg_tleft_lalpha_power_precond"
2025-12-19 12:48:56.364054,28,"stress_label",5,128,0.0625,0.523255813953488,0.418604651162791,NA,5,"top5","eeg_fm_specent_precond;eeg_faa_precond;eeg_fm_beta_power_precond;eeg_tleft_lbeta_power_precond;eeg_tleft_lalpha_power_precond"
2025-12-19 12:48:56.729979,28,"stress_label",5,256,0.0625,0.540697674418605,0.476744186046512,0.507751937984496,5,"top5","eeg_fm_specent_precond;eeg_faa_precond;eeg_fm_beta_power_precond;eeg_tleft_lbeta_power_precond;eeg_tleft_lalpha_power_precond"
2025-12-19 12:48:55.975483,28,"stress_label",5,2,0.125,0.558139534883721,0.337209302325581,0.5,5,"top5","eeg_fm_specent_precond;eeg_faa_precond;eeg_fm_beta_power_precond;eeg_tleft_lbeta_power_precond;eeg_tleft_lalpha_power_precond"
2025-12-19 12:48:56.112956,28,"stress_label",5,4,0.125,0.558139534883721,0.47093023255814,NA,5,"top5","eeg_fm_specent_precond;eeg_faa_precond;eeg_fm_beta_power_precond;eeg_tleft_lbeta_power_precond;eeg_tleft_lalpha_power_precond"
2025-12-19 12:48:56.194238,28,"stress_label",5,8,0.125,0.587209302325581,0.395348837209302,NA,5,"top5","eeg_fm_specent_precond;eeg_faa_precond;eeg_fm_beta_power_precond;eeg_tleft_lbeta_power_precond;eeg_tleft_lalpha_power_precond"
2025-12-19 12:48:56.2245,28,"stress_label",5,16,0.125,0.546511627906977,0.447674418604651,NA,5,"top5","eeg_fm_specent_precond;eeg_faa_precond;eeg_fm_beta_power_precond;eeg_tleft_lbeta_power_precond;eeg_tleft_lalpha_power_precond"
2025-12-19 12:48:56.226299,28,"stress_label",5,32,0.125,0.534883720930233,0.424418604651163,NA,5,"top5","eeg_fm_specent_precond;eeg_faa_precond;eeg_fm_beta_power_precond;eeg_tleft_lbeta_power_precond;eeg_tleft_lalpha_power_precond"
2025-12-19 12:48:56.383015,28,"stress_label",5,64,0.125,0.511627906976744,0.395348837209302,NA,5,"top5","eeg_fm_specent_precond;eeg_faa_precond;eeg_fm_beta_power_precond;eeg_tleft_lbeta_power_precond;eeg_tleft_lalpha_power_precond"
2025-12-19 12:48:56.77917,28,"stress_label",5,128,0.125,0.482558139534884,0.494186046511628,NA,5,"top5","eeg_fm_specent_precond;eeg_faa_precond;eeg_fm_beta_power_precond;eeg_tleft_lbeta_power_precond;eeg_tleft_lalpha_power_precond"
2025-12-19 12:48:57.256753,28,"stress_label",5,256,0.125,0.476744186046512,0.494186046511628,NA,5,"top5","eeg_fm_specent_precond;eeg_faa_precond;eeg_fm_beta_power_precond;eeg_tleft_lbeta_power_precond;eeg_tleft_lalpha_power_precond"
2025-12-19 12:48:56.334411,28,"stress_label",5,2,0.03,0.47093023255814,0.5,NA,5,"top5","eeg_fm_specent_precond;eeg_faa_precond;eeg_fm_beta_power_precond;eeg_tleft_lbeta_power_precond;eeg_tleft_lalpha_power_precond"
2025-12-19 12:48:56.483982,28,"stress_label",5,4,0.03,0.476744186046512,0.383720930232558,NA,5,"top5","eeg_fm_specent_precond;eeg_faa_precond;eeg_fm_beta_power_precond;eeg_tleft_lbeta_power_precond;eeg_tleft_lalpha_power_precond"
2025-12-19 12:48:57.198839,28,"stress_label",5,8,0.03,0.534883720930233,0.447674418604651,NA,5,"top5","eeg_fm_specent_precond;eeg_faa_precond;eeg_fm_beta_power_precond;eeg_tleft_lbeta_power_precond;eeg_tleft_lalpha_power_precond"
2025-12-19 12:48:57.31266,28,"stress_label",5,16,0.03,0.569767441860465,0.47093023255814,NA,5,"top5","eeg_fm_specent_precond;eeg_faa_precond;eeg_fm_beta_power_precond;eeg_tleft_lbeta_power_precond;eeg_tleft_lalpha_power_precond"
2025-12-19 12:48:57.413077,28,"stress_label",5,32,0.03,0.546511627906977,0.424418604651163,NA,5,"top5","eeg_fm_specent_precond;eeg_faa_precond;eeg_fm_beta_power_precond;eeg_tleft_lbeta_power_precond;eeg_tleft_lalpha_power_precond"
2025-12-19 12:48:57.391529,28,"stress_label",5,64,0.03,0.546511627906977,0.412790697674419,NA,5,"top5","eeg_fm_specent_precond;eeg_faa_precond;eeg_fm_beta_power_precond;eeg_tleft_lbeta_power_precond;eeg_tleft_lalpha_power_precond"
2025-12-19 12:48:57.536352,28,"stress_label",5,128,0.03,0.546511627906977,0.441860465116279,NA,5,"top5","eeg_fm_specent_precond;eeg_faa_precond;eeg_fm_beta_power_precond;eeg_tleft_lbeta_power_precond;eeg_tleft_lalpha_power_precond"
2025-12-19 12:48:57.752378,28,"stress_label",5,256,0.03,0.523255813953488,0.395348837209302,NA,5,"top5","eeg_fm_specent_precond;eeg_faa_precond;eeg_fm_beta_power_precond;eeg_tleft_lbeta_power_precond;eeg_tleft_lalpha_power_precond"
2025-12-19 12:48:57.419678,28,"stress_label",5,2,0.06,0.517441860465116,0.453488372093023,NA,5,"top5","eeg_fm_specent_precond;eeg_faa_precond;eeg_fm_beta_power_precond;eeg_tleft_lbeta_power_precond;eeg_tleft_lalpha_power_precond"
2025-12-19 12:48:57.478648,28,"stress_label",5,4,0.06,0.558139534883721,0.302325581395349,0.47906976744186,5,"top5","eeg_fm_specent_precond;eeg_faa_precond;eeg_fm_beta_power_precond;eeg_tleft_lbeta_power_precond;eeg_tleft_lalpha_power_precond"
2025-12-19 12:48:57.462943,28,"stress_label",5,8,0.06,0.534883720930233,0.412790697674419,NA,5,"top5","eeg_fm_specent_precond;eeg_faa_precond;eeg_fm_beta_power_precond;eeg_tleft_lbeta_power_precond;eeg_tleft_lalpha_power_precond"
2025-12-19 12:48:57.576269,28,"stress_label",5,16,0.06,0.534883720930233,0.406976744186047,NA,5,"top5","eeg_fm_specent_precond;eeg_faa_precond;eeg_fm_beta_power_precond;eeg_tleft_lbeta_power_precond;eeg_tleft_lalpha_power_precond"
2025-12-19 12:48:57.756759,28,"stress_label",5,32,0.06,0.558139534883721,0.418604651162791,NA,5,"top5","eeg_fm_specent_precond;eeg_faa_precond;eeg_fm_beta_power_precond;eeg_tleft_lbeta_power_precond;eeg_tleft_lalpha_power_precond"
2025-12-19 12:48:57.983204,28,"stress_label",5,64,0.06,0.523255813953488,0.401162790697674,NA,5,"top5","eeg_fm_specent_precond;eeg_faa_precond;eeg_fm_beta_power_precond;eeg_tleft_lbeta_power_precond;eeg_tleft_lalpha_power_precond"
2025-12-19 12:48:58.113871,28,"stress_label",5,128,0.06,0.517441860465116,0.401162790697674,NA,5,"top5","eeg_fm_specent_precond;eeg_faa_precond;eeg_fm_beta_power_precond;eeg_tleft_lbeta_power_precond;eeg_tleft_lalpha_power_precond"
2025-12-19 12:48:58.649167,28,"stress_label",5,256,0.06,0.558139534883721,0.459302325581395,0.529457364341085,5,"top5","eeg_fm_specent_precond;eeg_faa_precond;eeg_fm_beta_power_precond;eeg_tleft_lbeta_power_precond;eeg_tleft_lalpha_power_precond"
2025-12-19 12:48:58.250347,28,"stress_label",5,2,0.1,0.558139534883721,0.372093023255814,0.493798449612403,5,"top5","eeg_fm_specent_precond;eeg_faa_precond;eeg_fm_beta_power_precond;eeg_tleft_lbeta_power_precond;eeg_tleft_lalpha_power_precond"
2025-12-19 12:48:58.285834,28,"stress_label",5,4,0.1,0.558139534883721,0.505813953488372,NA,5,"top5","eeg_fm_specent_precond;eeg_faa_precond;eeg_fm_beta_power_precond;eeg_tleft_lbeta_power_precond;eeg_tleft_lalpha_power_precond"
2025-12-19 12:48:58.383371,28,"stress_label",5,8,0.1,0.558139534883721,0.401162790697674,NA,5,"top5","eeg_fm_specent_precond;eeg_faa_precond;eeg_fm_beta_power_precond;eeg_tleft_lbeta_power_precond;eeg_tleft_lalpha_power_precond"
2025-12-19 12:48:58.410971,28,"stress_label",5,16,0.1,0.552325581395349,0.377906976744186,NA,5,"top5","eeg_fm_specent_precond;eeg_faa_precond;eeg_fm_beta_power_precond;eeg_tleft_lbeta_power_precond;eeg_tleft_lalpha_power_precond"
2025-12-19 12:48:58.4523,28,"stress_label",5,32,0.1,0.534883720930233,0.412790697674419,NA,5,"top5","eeg_fm_specent_precond;eeg_faa_precond;eeg_fm_beta_power_precond;eeg_tleft_lbeta_power_precond;eeg_tleft_lalpha_power_precond"
2025-12-19 12:48:58.552503,28,"stress_label",5,64,0.1,0.534883720930233,0.436046511627907,NA,5,"top5","eeg_fm_specent_precond;eeg_faa_precond;eeg_fm_beta_power_precond;eeg_tleft_lbeta_power_precond;eeg_tleft_lalpha_power_precond"
2025-12-19 12:48:58.696059,28,"stress_label",5,128,0.1,0.517441860465116,0.511627906976744,NA,5,"top5","eeg_fm_specent_precond;eeg_faa_precond;eeg_fm_beta_power_precond;eeg_tleft_lbeta_power_precond;eeg_tleft_lalpha_power_precond"
2025-12-19 12:48:59.042104,28,"stress_label",5,256,0.1,0.476744186046512,0.517441860465116,NA,5,"top5","eeg_fm_specent_precond;eeg_faa_precond;eeg_fm_beta_power_precond;eeg_tleft_lbeta_power_precond;eeg_tleft_lalpha_power_precond"
2025-12-19 12:49:00.36714,29,"stress_label",5,2,0.0078125,0.465116279069767,0.488372093023256,0.406201550387597,5,"top5","eeg_fm_specent_precond;eeg_fm_beta_power_precond;eeg_faa_precond;eeg_tleft_lbeta_power_precond;eeg_tleft_lalpha_power_precond"
2025-12-19 12:49:00.339226,29,"stress_label",5,4,0.0078125,0.412790697674419,0.604651162790698,0.311627906976744,5,"top5","eeg_fm_specent_precond;eeg_fm_beta_power_precond;eeg_faa_precond;eeg_tleft_lbeta_power_precond;eeg_tleft_lalpha_power_precond"
2025-12-19 12:49:00.352431,29,"stress_label",5,8,0.0078125,0.436046511627907,0.511627906976744,0.321705426356589,5,"top5","eeg_fm_specent_precond;eeg_fm_beta_power_precond;eeg_faa_precond;eeg_tleft_lbeta_power_precond;eeg_tleft_lalpha_power_precond"
2025-12-19 12:49:00.315556,29,"stress_label",5,16,0.0078125,0.436046511627907,0.459302325581395,0.313953488372093,5,"top5","eeg_fm_specent_precond;eeg_fm_beta_power_precond;eeg_faa_precond;eeg_tleft_lbeta_power_precond;eeg_tleft_lalpha_power_precond"
2025-12-19 12:49:00.401209,29,"stress_label",5,32,0.0078125,0.436046511627907,0.441860465116279,NA,5,"top5","eeg_fm_specent_precond;eeg_fm_beta_power_precond;eeg_faa_precond;eeg_tleft_lbeta_power_precond;eeg_tleft_lalpha_power_precond"
2025-12-19 12:49:00.401449,29,"stress_label",5,64,0.0078125,0.47093023255814,0.465116279069767,NA,5,"top5","eeg_fm_specent_precond;eeg_fm_beta_power_precond;eeg_faa_precond;eeg_tleft_lbeta_power_precond;eeg_tleft_lalpha_power_precond"
2025-12-19 12:49:00.455659,29,"stress_label",5,128,0.0078125,0.546511627906977,0.459302325581395,NA,5,"top5","eeg_fm_specent_precond;eeg_fm_beta_power_precond;eeg_faa_precond;eeg_tleft_lbeta_power_precond;eeg_tleft_lalpha_power_precond"
2025-12-19 12:49:00.523935,29,"stress_label",5,256,0.0078125,0.546511627906977,0.377906976744186,NA,5,"top5","eeg_fm_specent_precond;eeg_fm_beta_power_precond;eeg_faa_precond;eeg_tleft_lbeta_power_precond;eeg_tleft_lalpha_power_precond"
2025-12-19 12:49:00.37147,29,"stress_label",5,2,0.015625,0.430232558139535,0.5,0.310077519379845,5,"top5","eeg_fm_specent_precond;eeg_fm_beta_power_precond;eeg_faa_precond;eeg_tleft_lbeta_power_precond;eeg_tleft_lalpha_power_precond"
2025-12-19 12:49:00.340609,29,"stress_label",5,4,0.015625,0.453488372093023,0.476744186046512,0.329457364341085,5,"top5","eeg_fm_specent_precond;eeg_fm_beta_power_precond;eeg_faa_precond;eeg_tleft_lbeta_power_precond;eeg_tleft_lalpha_power_precond"
2025-12-19 12:49:00.330712,29,"stress_label",5,8,0.015625,0.436046511627907,0.453488372093023,0.302325581395349,5,"top5","eeg_fm_specent_precond;eeg_fm_beta_power_precond;eeg_faa_precond;eeg_tleft_lbeta_power_precond;eeg_tleft_lalpha_power_precond"
2025-12-19 12:49:00.410352,29,"stress_label",5,16,0.015625,0.47093023255814,0.38953488372093,NA,5,"top5","eeg_fm_specent_precond;eeg_fm_beta_power_precond;eeg_faa_precond;eeg_tleft_lbeta_power_precond;eeg_tleft_lalpha_power_precond"
2025-12-19 12:49:00.500013,29,"stress_label",5,32,0.015625,0.529069767441861,0.412790697674419,NA,5,"top5","eeg_fm_specent_precond;eeg_fm_beta_power_precond;eeg_faa_precond;eeg_tleft_lbeta_power_precond;eeg_tleft_lalpha_power_precond"
2025-12-19 12:49:00.464603,29,"stress_label",5,64,0.015625,0.534883720930233,0.401162790697674,NA,5,"top5","eeg_fm_specent_precond;eeg_fm_beta_power_precond;eeg_faa_precond;eeg_tleft_lbeta_power_precond;eeg_tleft_lalpha_power_precond"
2025-12-19 12:49:01.637136,29,"stress_label",5,128,0.015625,0.552325581395349,0.372093023255814,NA,5,"top5","eeg_fm_specent_precond;eeg_fm_beta_power_precond;eeg_faa_precond;eeg_tleft_lbeta_power_precond;eeg_tleft_lalpha_power_precond"
2025-12-19 12:49:01.72097,29,"stress_label",5,256,0.015625,0.529069767441861,0.36046511627907,NA,5,"top5","eeg_fm_specent_precond;eeg_fm_beta_power_precond;eeg_faa_precond;eeg_tleft_lbeta_power_precond;eeg_tleft_lalpha_power_precond"
2025-12-19 12:49:01.423649,29,"stress_label",5,2,0.03125,0.459302325581395,0.523255813953488,0.321705426356589,5,"top5","eeg_fm_specent_precond;eeg_fm_beta_power_precond;eeg_faa_precond;eeg_tleft_lbeta_power_precond;eeg_tleft_lalpha_power_precond"
2025-12-19 12:49:01.464687,29,"stress_label",5,4,0.03125,0.459302325581395,0.453488372093023,NA,5,"top5","eeg_fm_specent_precond;eeg_fm_beta_power_precond;eeg_faa_precond;eeg_tleft_lbeta_power_precond;eeg_tleft_lalpha_power_precond"
2025-12-19 12:49:01.493353,29,"stress_label",5,8,0.03125,0.529069767441861,0.406976744186047,NA,5,"top5","eeg_fm_specent_precond;eeg_fm_beta_power_precond;eeg_faa_precond;eeg_tleft_lbeta_power_precond;eeg_tleft_lalpha_power_precond"
2025-12-19 12:49:01.581631,29,"stress_label",5,16,0.03125,0.529069767441861,0.476744186046512,NA,5,"top5","eeg_fm_specent_precond;eeg_fm_beta_power_precond;eeg_faa_precond;eeg_tleft_lbeta_power_precond;eeg_tleft_lalpha_power_precond"
2025-12-19 12:49:01.604621,29,"stress_label",5,32,0.03125,0.552325581395349,0.319767441860465,NA,5,"top5","eeg_fm_specent_precond;eeg_fm_beta_power_precond;eeg_faa_precond;eeg_tleft_lbeta_power_precond;eeg_tleft_lalpha_power_precond"
2025-12-19 12:49:01.674417,29,"stress_label",5,64,0.03125,0.529069767441861,0.424418604651163,NA,5,"top5","eeg_fm_specent_precond;eeg_fm_beta_power_precond;eeg_faa_precond;eeg_tleft_lbeta_power_precond;eeg_tleft_lalpha_power_precond"
2025-12-19 12:49:01.71486,29,"stress_label",5,128,0.03125,0.558139534883721,0.505813953488372,NA,5,"top5","eeg_fm_specent_precond;eeg_fm_beta_power_precond;eeg_faa_precond;eeg_tleft_lbeta_power_precond;eeg_tleft_lalpha_power_precond"
2025-12-19 12:49:01.968202,29,"stress_label",5,256,0.03125,0.540697674418605,0.476744186046512,NA,5,"top5","eeg_fm_specent_precond;eeg_fm_beta_power_precond;eeg_faa_precond;eeg_tleft_lbeta_power_precond;eeg_tleft_lalpha_power_precond"
2025-12-19 12:49:01.62511,29,"stress_label",5,2,0.0625,0.494186046511628,0.406976744186047,NA,5,"top5","eeg_fm_specent_precond;eeg_fm_beta_power_precond;eeg_faa_precond;eeg_tleft_lbeta_power_precond;eeg_tleft_lalpha_power_precond"
2025-12-19 12:49:01.634848,29,"stress_label",5,4,0.0625,0.546511627906977,0.377906976744186,NA,5,"top5","eeg_fm_specent_precond;eeg_fm_beta_power_precond;eeg_faa_precond;eeg_tleft_lbeta_power_precond;eeg_tleft_lalpha_power_precond"
2025-12-19 12:49:01.66984,29,"stress_label",5,8,0.0625,0.546511627906977,0.412790697674419,NA,5,"top5","eeg_fm_specent_precond;eeg_fm_beta_power_precond;eeg_faa_precond;eeg_tleft_lbeta_power_precond;eeg_tleft_lalpha_power_precond"
2025-12-19 12:49:01.661294,29,"stress_label",5,16,0.0625,0.569767441860465,0.372093023255814,NA,5,"top5","eeg_fm_specent_precond;eeg_fm_beta_power_precond;eeg_faa_precond;eeg_tleft_lbeta_power_precond;eeg_tleft_lalpha_power_precond"
2025-12-19 12:49:02.688049,29,"stress_label",5,32,0.0625,0.558139534883721,0.366279069767442,NA,5,"top5","eeg_fm_specent_precond;eeg_fm_beta_power_precond;eeg_faa_precond;eeg_tleft_lbeta_power_precond;eeg_tleft_lalpha_power_precond"
2025-12-19 12:49:02.87211,29,"stress_label",5,64,0.0625,0.563953488372093,0.453488372093023,NA,5,"top5","eeg_fm_specent_precond;eeg_fm_beta_power_precond;eeg_faa_precond;eeg_tleft_lbeta_power_precond;eeg_tleft_lalpha_power_precond"
2025-12-19 12:49:02.957552,29,"stress_label",5,128,0.0625,0.558139534883721,0.38953488372093,NA,5,"top5","eeg_fm_specent_precond;eeg_fm_beta_power_precond;eeg_faa_precond;eeg_tleft_lbeta_power_precond;eeg_tleft_lalpha_power_precond"
2025-12-19 12:49:03.408119,29,"stress_label",5,256,0.0625,0.534883720930233,0.453488372093023,NA,5,"top5","eeg_fm_specent_precond;eeg_fm_beta_power_precond;eeg_faa_precond;eeg_tleft_lbeta_power_precond;eeg_tleft_lalpha_power_precond"
2025-12-19 12:49:02.751136,29,"stress_label",5,2,0.125,0.552325581395349,0.453488372093023,NA,5,"top5","eeg_fm_specent_precond;eeg_fm_beta_power_precond;eeg_faa_precond;eeg_tleft_lbeta_power_precond;eeg_tleft_lalpha_power_precond"
2025-12-19 12:49:02.846957,29,"stress_label",5,4,0.125,0.575581395348837,0.401162790697674,NA,5,"top5","eeg_fm_specent_precond;eeg_fm_beta_power_precond;eeg_faa_precond;eeg_tleft_lbeta_power_precond;eeg_tleft_lalpha_power_precond"
2025-12-19 12:49:02.889319,29,"stress_label",5,8,0.125,0.563953488372093,0.552325581395349,NA,5,"top5","eeg_fm_specent_precond;eeg_fm_beta_power_precond;eeg_faa_precond;eeg_tleft_lbeta_power_precond;eeg_tleft_lalpha_power_precond"
2025-12-19 12:49:02.900316,29,"stress_label",5,16,0.125,0.581395348837209,0.424418604651163,NA,5,"top5","eeg_fm_specent_precond;eeg_fm_beta_power_precond;eeg_faa_precond;eeg_tleft_lbeta_power_precond;eeg_tleft_lalpha_power_precond"
2025-12-19 12:49:02.937349,29,"stress_label",5,32,0.125,0.558139534883721,0.412790697674419,NA,5,"top5","eeg_fm_specent_precond;eeg_fm_beta_power_precond;eeg_faa_precond;eeg_tleft_lbeta_power_precond;eeg_tleft_lalpha_power_precond"
2025-12-19 12:49:03.056499,29,"stress_label",5,64,0.125,0.482558139534884,0.401162790697674,NA,5,"top5","eeg_fm_specent_precond;eeg_fm_beta_power_precond;eeg_faa_precond;eeg_tleft_lbeta_power_precond;eeg_tleft_lalpha_power_precond"
2025-12-19 12:49:03.398736,29,"stress_label",5,128,0.125,0.476744186046512,0.436046511627907,NA,5,"top5","eeg_fm_specent_precond;eeg_fm_beta_power_precond;eeg_faa_precond;eeg_tleft_lbeta_power_precond;eeg_tleft_lalpha_power_precond"
2025-12-19 12:49:03.847314,29,"stress_label",5,256,0.125,0.482558139534884,0.482558139534884,NA,5,"top5","eeg_fm_specent_precond;eeg_fm_beta_power_precond;eeg_faa_precond;eeg_tleft_lbeta_power_precond;eeg_tleft_lalpha_power_precond"
2025-12-19 12:49:02.906085,29,"stress_label",5,2,0.03,0.459302325581395,0.529069767441861,0.321705426356589,5,"top5","eeg_fm_specent_precond;eeg_fm_beta_power_precond;eeg_faa_precond;eeg_tleft_lbeta_power_precond;eeg_tleft_lalpha_power_precond"
2025-12-19 12:49:03.102262,29,"stress_label",5,4,0.03,0.459302325581395,0.459302325581395,NA,5,"top5","eeg_fm_specent_precond;eeg_fm_beta_power_precond;eeg_faa_precond;eeg_tleft_lbeta_power_precond;eeg_tleft_lalpha_power_precond"
2025-12-19 12:49:03.793179,29,"stress_label",5,8,0.03,0.511627906976744,0.436046511627907,NA,5,"top5","eeg_fm_specent_precond;eeg_fm_beta_power_precond;eeg_faa_precond;eeg_tleft_lbeta_power_precond;eeg_tleft_lalpha_power_precond"
2025-12-19 12:49:03.865849,29,"stress_label",5,16,0.03,0.534883720930233,0.424418604651163,NA,5,"top5","eeg_fm_specent_precond;eeg_fm_beta_power_precond;eeg_faa_precond;eeg_tleft_lbeta_power_precond;eeg_tleft_lalpha_power_precond"
2025-12-19 12:49:04.02066,29,"stress_label",5,32,0.03,0.552325581395349,0.430232558139535,NA,5,"top5","eeg_fm_specent_precond;eeg_fm_beta_power_precond;eeg_faa_precond;eeg_tleft_lbeta_power_precond;eeg_tleft_lalpha_power_precond"
2025-12-19 12:49:04.093437,29,"stress_label",5,64,0.03,0.534883720930233,0.482558139534884,NA,5,"top5","eeg_fm_specent_precond;eeg_fm_beta_power_precond;eeg_faa_precond;eeg_tleft_lbeta_power_precond;eeg_tleft_lalpha_power_precond"
2025-12-19 12:49:04.163705,29,"stress_label",5,128,0.03,0.558139534883721,0.430232558139535,NA,5,"top5","eeg_fm_specent_precond;eeg_fm_beta_power_precond;eeg_faa_precond;eeg_tleft_lbeta_power_precond;eeg_tleft_lalpha_power_precond"
2025-12-19 12:49:04.424249,29,"stress_label",5,256,0.03,0.558139534883721,0.412790697674419,NA,5,"top5","eeg_fm_specent_precond;eeg_fm_beta_power_precond;eeg_faa_precond;eeg_tleft_lbeta_power_precond;eeg_tleft_lalpha_power_precond"
2025-12-19 12:49:04.018497,29,"stress_label",5,2,0.06,0.5,0.47093023255814,NA,5,"top5","eeg_fm_specent_precond;eeg_fm_beta_power_precond;eeg_faa_precond;eeg_tleft_lbeta_power_precond;eeg_tleft_lalpha_power_precond"
2025-12-19 12:49:04.078953,29,"stress_label",5,4,0.06,0.546511627906977,0.377906976744186,NA,5,"top5","eeg_fm_specent_precond;eeg_fm_beta_power_precond;eeg_faa_precond;eeg_tleft_lbeta_power_precond;eeg_tleft_lalpha_power_precond"
2025-12-19 12:49:04.086334,29,"stress_label",5,8,0.06,0.540697674418605,0.436046511627907,NA,5,"top5","eeg_fm_specent_precond;eeg_fm_beta_power_precond;eeg_faa_precond;eeg_tleft_lbeta_power_precond;eeg_tleft_lalpha_power_precond"
2025-12-19 12:49:04.184284,29,"stress_label",5,16,0.06,0.569767441860465,0.424418604651163,NA,5,"top5","eeg_fm_specent_precond;eeg_fm_beta_power_precond;eeg_faa_precond;eeg_tleft_lbeta_power_precond;eeg_tleft_lalpha_power_precond"
2025-12-19 12:49:04.252605,29,"stress_label",5,32,0.06,0.563953488372093,0.453488372093023,NA,5,"top5","eeg_fm_specent_precond;eeg_fm_beta_power_precond;eeg_faa_precond;eeg_tleft_lbeta_power_precond;eeg_tleft_lalpha_power_precond"
2025-12-19 12:49:04.624264,29,"stress_label",5,64,0.06,0.563953488372093,0.406976744186047,NA,5,"top5","eeg_fm_specent_precond;eeg_fm_beta_power_precond;eeg_faa_precond;eeg_tleft_lbeta_power_precond;eeg_tleft_lalpha_power_precond"
2025-12-19 12:49:04.709509,29,"stress_label",5,128,0.06,0.546511627906977,0.343023255813953,NA,5,"top5","eeg_fm_specent_precond;eeg_fm_beta_power_precond;eeg_faa_precond;eeg_tleft_lbeta_power_precond;eeg_tleft_lalpha_power_precond"
2025-12-19 12:49:05.210953,29,"stress_label",5,256,0.06,0.534883720930233,0.424418604651163,NA,5,"top5","eeg_fm_specent_precond;eeg_fm_beta_power_precond;eeg_faa_precond;eeg_tleft_lbeta_power_precond;eeg_tleft_lalpha_power_precond"
2025-12-19 12:49:04.910646,29,"stress_label",5,2,0.1,0.540697674418605,0.383720930232558,NA,5,"top5","eeg_fm_specent_precond;eeg_fm_beta_power_precond;eeg_faa_precond;eeg_tleft_lbeta_power_precond;eeg_tleft_lalpha_power_precond"
2025-12-19 12:49:04.876445,29,"stress_label",5,4,0.1,0.569767441860465,0.412790697674419,NA,5,"top5","eeg_fm_specent_precond;eeg_fm_beta_power_precond;eeg_faa_precond;eeg_tleft_lbeta_power_precond;eeg_tleft_lalpha_power_precond"
2025-12-19 12:49:05.02119,29,"stress_label",5,8,0.1,0.558139534883721,0.436046511627907,NA,5,"top5","eeg_fm_specent_precond;eeg_fm_beta_power_precond;eeg_faa_precond;eeg_tleft_lbeta_power_precond;eeg_tleft_lalpha_power_precond"
2025-12-19 12:49:05.055956,29,"stress_label",5,16,0.1,0.581395348837209,0.453488372093023,NA,5,"top5","eeg_fm_specent_precond;eeg_fm_beta_power_precond;eeg_faa_precond;eeg_tleft_lbeta_power_precond;eeg_tleft_lalpha_power_precond"
2025-12-19 12:49:05.143823,29,"stress_label",5,32,0.1,0.563953488372093,0.418604651162791,NA,5,"top5","eeg_fm_specent_precond;eeg_fm_beta_power_precond;eeg_faa_precond;eeg_tleft_lbeta_power_precond;eeg_tleft_lalpha_power_precond"
2025-12-19 12:49:05.190531,29,"stress_label",5,64,0.1,0.523255813953488,0.383720930232558,NA,5,"top5","eeg_fm_specent_precond;eeg_fm_beta_power_precond;eeg_faa_precond;eeg_tleft_lbeta_power_precond;eeg_tleft_lalpha_power_precond"
2025-12-19 12:49:05.30604,29,"stress_label",5,128,0.1,0.476744186046512,0.354651162790698,NA,5,"top5","eeg_fm_specent_precond;eeg_fm_beta_power_precond;eeg_faa_precond;eeg_tleft_lbeta_power_precond;eeg_tleft_lalpha_power_precond"
2025-12-19 12:49:05.63101,29,"stress_label",5,256,0.1,0.488372093023256,0.482558139534884,NA,5,"top5","eeg_fm_specent_precond;eeg_fm_beta_power_precond;eeg_faa_precond;eeg_tleft_lbeta_power_precond;eeg_tleft_lalpha_power_precond"
2025-12-19 12:49:06.905767,30,"stress_label",5,2,0.0078125,0.482558139534884,0.494186046511628,0.445736434108527,5,"top5","eeg_fm_lbeta_power_precond;eeg_tleft_lbeta_power_precond;eeg_faa_precond;eeg_fl_theta_power_precond;eeg_tleft_lalpha_power_precond"
2025-12-19 12:49:06.88525,30,"stress_label",5,4,0.0078125,0.482558139534884,0.453488372093023,0.455038759689922,5,"top5","eeg_fm_lbeta_power_precond;eeg_tleft_lbeta_power_precond;eeg_faa_precond;eeg_fl_theta_power_precond;eeg_tleft_lalpha_power_precond"
2025-12-19 12:49:06.955768,30,"stress_label",5,8,0.0078125,0.465116279069767,0.453488372093023,0.430232558139535,5,"top5","eeg_fm_lbeta_power_precond;eeg_tleft_lbeta_power_precond;eeg_faa_precond;eeg_fl_theta_power_precond;eeg_tleft_lalpha_power_precond"
2025-12-19 12:49:06.91112,30,"stress_label",5,16,0.0078125,0.436046511627907,0.517441860465116,0.410077519379845,5,"top5","eeg_fm_lbeta_power_precond;eeg_tleft_lbeta_power_precond;eeg_faa_precond;eeg_fl_theta_power_precond;eeg_tleft_lalpha_power_precond"
2025-12-19 12:49:06.914792,30,"stress_label",5,32,0.0078125,0.430232558139535,0.546511627906977,0.381395348837209,5,"top5","eeg_fm_lbeta_power_precond;eeg_tleft_lbeta_power_precond;eeg_faa_precond;eeg_fl_theta_power_precond;eeg_tleft_lalpha_power_precond"
2025-12-19 12:49:06.919557,30,"stress_label",5,64,0.0078125,0.430232558139535,0.552325581395349,NA,5,"top5","eeg_fm_lbeta_power_precond;eeg_tleft_lbeta_power_precond;eeg_faa_precond;eeg_fl_theta_power_precond;eeg_tleft_lalpha_power_precond"
2025-12-19 12:49:06.935746,30,"stress_label",5,128,0.0078125,0.441860465116279,0.523255813953488,NA,5,"top5","eeg_fm_lbeta_power_precond;eeg_tleft_lbeta_power_precond;eeg_faa_precond;eeg_fl_theta_power_precond;eeg_tleft_lalpha_power_precond"
2025-12-19 12:49:07.029856,30,"stress_label",5,256,0.0078125,0.459302325581395,0.476744186046512,NA,5,"top5","eeg_fm_lbeta_power_precond;eeg_tleft_lbeta_power_precond;eeg_faa_precond;eeg_fl_theta_power_precond;eeg_tleft_lalpha_power_precond"
2025-12-19 12:49:06.896578,30,"stress_label",5,2,0.015625,0.47093023255814,0.529069767441861,0.434108527131783,5,"top5","eeg_fm_lbeta_power_precond;eeg_tleft_lbeta_power_precond;eeg_faa_precond;eeg_fl_theta_power_precond;eeg_tleft_lalpha_power_precond"
2025-12-19 12:49:06.869946,30,"stress_label",5,4,0.015625,0.453488372093023,0.517441860465116,0.418604651162791,5,"top5","eeg_fm_lbeta_power_precond;eeg_tleft_lbeta_power_precond;eeg_faa_precond;eeg_fl_theta_power_precond;eeg_tleft_lalpha_power_precond"
2025-12-19 12:49:06.909824,30,"stress_label",5,8,0.015625,0.441860465116279,0.563953488372093,0.404651162790698,5,"top5","eeg_fm_lbeta_power_precond;eeg_tleft_lbeta_power_precond;eeg_faa_precond;eeg_fl_theta_power_precond;eeg_tleft_lalpha_power_precond"
2025-12-19 12:49:06.966788,30,"stress_label",5,16,0.015625,0.430232558139535,0.534883720930233,NA,5,"top5","eeg_fm_lbeta_power_precond;eeg_tleft_lbeta_power_precond;eeg_faa_precond;eeg_fl_theta_power_precond;eeg_tleft_lalpha_power_precond"
2025-12-19 12:49:06.996331,30,"stress_label",5,32,0.015625,0.430232558139535,0.552325581395349,NA,5,"top5","eeg_fm_lbeta_power_precond;eeg_tleft_lbeta_power_precond;eeg_faa_precond;eeg_fl_theta_power_precond;eeg_tleft_lalpha_power_precond"
2025-12-19 12:49:06.976076,30,"stress_label",5,64,0.015625,0.441860465116279,0.453488372093023,NA,5,"top5","eeg_fm_lbeta_power_precond;eeg_tleft_lbeta_power_precond;eeg_faa_precond;eeg_fl_theta_power_precond;eeg_tleft_lalpha_power_precond"
2025-12-19 12:49:08.137734,30,"stress_label",5,128,0.015625,0.488372093023256,0.482558139534884,NA,5,"top5","eeg_fm_lbeta_power_precond;eeg_tleft_lbeta_power_precond;eeg_faa_precond;eeg_fl_theta_power_precond;eeg_tleft_lalpha_power_precond"
2025-12-19 12:49:08.28755,30,"stress_label",5,256,0.015625,0.523255813953488,0.418604651162791,NA,5,"top5","eeg_fm_lbeta_power_precond;eeg_tleft_lbeta_power_precond;eeg_faa_precond;eeg_fl_theta_power_precond;eeg_tleft_lalpha_power_precond"
2025-12-19 12:49:08.099063,30,"stress_label",5,2,0.03125,0.465116279069767,0.47093023255814,0.427906976744186,5,"top5","eeg_fm_lbeta_power_precond;eeg_tleft_lbeta_power_precond;eeg_faa_precond;eeg_fl_theta_power_precond;eeg_tleft_lalpha_power_precond"
2025-12-19 12:49:08.079605,30,"stress_label",5,4,0.03125,0.436046511627907,0.546511627906977,NA,5,"top5","eeg_fm_lbeta_power_precond;eeg_tleft_lbeta_power_precond;eeg_faa_precond;eeg_fl_theta_power_precond;eeg_tleft_lalpha_power_precond"
2025-12-19 12:49:08.075937,30,"stress_label",5,8,0.03125,0.447674418604651,0.523255813953488,NA,5,"top5","eeg_fm_lbeta_power_precond;eeg_tleft_lbeta_power_precond;eeg_faa_precond;eeg_fl_theta_power_precond;eeg_tleft_lalpha_power_precond"
2025-12-19 12:49:08.143828,30,"stress_label",5,16,0.03125,0.447674418604651,0.529069767441861,NA,5,"top5","eeg_fm_lbeta_power_precond;eeg_tleft_lbeta_power_precond;eeg_faa_precond;eeg_fl_theta_power_precond;eeg_tleft_lalpha_power_precond"
2025-12-19 12:49:08.130458,30,"stress_label",5,32,0.03125,0.476744186046512,0.517441860465116,NA,5,"top5","eeg_fm_lbeta_power_precond;eeg_tleft_lbeta_power_precond;eeg_faa_precond;eeg_fl_theta_power_precond;eeg_tleft_lalpha_power_precond"
2025-12-19 12:49:08.191761,30,"stress_label",5,64,0.03125,0.505813953488372,0.401162790697674,NA,5,"top5","eeg_fm_lbeta_power_precond;eeg_tleft_lbeta_power_precond;eeg_faa_precond;eeg_fl_theta_power_precond;eeg_tleft_lalpha_power_precond"
2025-12-19 12:49:08.289471,30,"stress_label",5,128,0.03125,0.511627906976744,0.401162790697674,NA,5,"top5","eeg_fm_lbeta_power_precond;eeg_tleft_lbeta_power_precond;eeg_faa_precond;eeg_fl_theta_power_precond;eeg_tleft_lalpha_power_precond"
2025-12-19 12:49:08.461803,30,"stress_label",5,256,0.03125,0.517441860465116,0.36046511627907,NA,5,"top5","eeg_fm_lbeta_power_precond;eeg_tleft_lbeta_power_precond;eeg_faa_precond;eeg_fl_theta_power_precond;eeg_tleft_lalpha_power_precond"
2025-12-19 12:49:08.10488,30,"stress_label",5,2,0.0625,0.447674418604651,0.523255813953488,NA,5,"top5","eeg_fm_lbeta_power_precond;eeg_tleft_lbeta_power_precond;eeg_faa_precond;eeg_fl_theta_power_precond;eeg_tleft_lalpha_power_precond"
2025-12-19 12:49:08.126315,30,"stress_label",5,4,0.0625,0.441860465116279,0.505813953488372,NA,5,"top5","eeg_fm_lbeta_power_precond;eeg_tleft_lbeta_power_precond;eeg_faa_precond;eeg_fl_theta_power_precond;eeg_tleft_lalpha_power_precond"
2025-12-19 12:49:08.193463,30,"stress_label",5,8,0.0625,0.482558139534884,0.401162790697674,NA,5,"top5","eeg_fm_lbeta_power_precond;eeg_tleft_lbeta_power_precond;eeg_faa_precond;eeg_fl_theta_power_precond;eeg_tleft_lalpha_power_precond"
2025-12-19 12:49:08.259935,30,"stress_label",5,16,0.0625,0.5,0.354651162790698,NA,5,"top5","eeg_fm_lbeta_power_precond;eeg_tleft_lbeta_power_precond;eeg_faa_precond;eeg_fl_theta_power_precond;eeg_tleft_lalpha_power_precond"
2025-12-19 12:49:09.191926,30,"stress_label",5,32,0.0625,0.529069767441861,0.354651162790698,NA,5,"top5","eeg_fm_lbeta_power_precond;eeg_tleft_lbeta_power_precond;eeg_faa_precond;eeg_fl_theta_power_precond;eeg_tleft_lalpha_power_precond"
2025-12-19 12:49:09.305688,30,"stress_label",5,64,0.0625,0.517441860465116,0.366279069767442,NA,5,"top5","eeg_fm_lbeta_power_precond;eeg_tleft_lbeta_power_precond;eeg_faa_precond;eeg_fl_theta_power_precond;eeg_tleft_lalpha_power_precond"
2025-12-19 12:49:09.515338,30,"stress_label",5,128,0.0625,0.494186046511628,0.441860465116279,NA,5,"top5","eeg_fm_lbeta_power_precond;eeg_tleft_lbeta_power_precond;eeg_faa_precond;eeg_fl_theta_power_precond;eeg_tleft_lalpha_power_precond"
2025-12-19 12:49:09.77938,30,"stress_label",5,256,0.0625,0.494186046511628,0.447674418604651,NA,5,"top5","eeg_fm_lbeta_power_precond;eeg_tleft_lbeta_power_precond;eeg_faa_precond;eeg_fl_theta_power_precond;eeg_tleft_lalpha_power_precond"
2025-12-19 12:49:09.18288,30,"stress_label",5,2,0.125,0.494186046511628,0.36046511627907,NA,5,"top5","eeg_fm_lbeta_power_precond;eeg_tleft_lbeta_power_precond;eeg_faa_precond;eeg_fl_theta_power_precond;eeg_tleft_lalpha_power_precond"
2025-12-19 12:49:09.187066,30,"stress_label",5,4,0.125,0.523255813953488,0.465116279069767,NA,5,"top5","eeg_fm_lbeta_power_precond;eeg_tleft_lbeta_power_precond;eeg_faa_precond;eeg_fl_theta_power_precond;eeg_tleft_lalpha_power_precond"
2025-12-19 12:49:09.199928,30,"stress_label",5,8,0.125,0.505813953488372,0.424418604651163,NA,5,"top5","eeg_fm_lbeta_power_precond;eeg_tleft_lbeta_power_precond;eeg_faa_precond;eeg_fl_theta_power_precond;eeg_tleft_lalpha_power_precond"
2025-12-19 12:49:09.261663,30,"stress_label",5,16,0.125,0.540697674418605,0.377906976744186,NA,5,"top5","eeg_fm_lbeta_power_precond;eeg_tleft_lbeta_power_precond;eeg_faa_precond;eeg_fl_theta_power_precond;eeg_tleft_lalpha_power_precond"
2025-12-19 12:49:09.391439,30,"stress_label",5,32,0.125,0.523255813953488,0.459302325581395,NA,5,"top5","eeg_fm_lbeta_power_precond;eeg_tleft_lbeta_power_precond;eeg_faa_precond;eeg_fl_theta_power_precond;eeg_tleft_lalpha_power_precond"
2025-12-19 12:49:09.504847,30,"stress_label",5,64,0.125,0.5,0.447674418604651,NA,5,"top5","eeg_fm_lbeta_power_precond;eeg_tleft_lbeta_power_precond;eeg_faa_precond;eeg_fl_theta_power_precond;eeg_tleft_lalpha_power_precond"
2025-12-19 12:49:09.847054,30,"stress_label",5,128,0.125,0.534883720930233,0.436046511627907,NA,5,"top5","eeg_fm_lbeta_power_precond;eeg_tleft_lbeta_power_precond;eeg_faa_precond;eeg_fl_theta_power_precond;eeg_tleft_lalpha_power_precond"
2025-12-19 12:49:10.268171,30,"stress_label",5,256,0.125,0.465116279069767,0.436046511627907,NA,5,"top5","eeg_fm_lbeta_power_precond;eeg_tleft_lbeta_power_precond;eeg_faa_precond;eeg_fl_theta_power_precond;eeg_tleft_lalpha_power_precond"
2025-12-19 12:49:09.312768,30,"stress_label",5,2,0.03,0.465116279069767,0.523255813953488,0.427906976744186,5,"top5","eeg_fm_lbeta_power_precond;eeg_tleft_lbeta_power_precond;eeg_faa_precond;eeg_fl_theta_power_precond;eeg_tleft_lalpha_power_precond"
2025-12-19 12:49:09.491308,30,"stress_label",5,4,0.03,0.436046511627907,0.511627906976744,0.386821705426357,5,"top5","eeg_fm_lbeta_power_precond;eeg_tleft_lbeta_power_precond;eeg_faa_precond;eeg_fl_theta_power_precond;eeg_tleft_lalpha_power_precond"
2025-12-19 12:49:10.243748,30,"stress_label",5,8,0.03,0.436046511627907,0.552325581395349,NA,5,"top5","eeg_fm_lbeta_power_precond;eeg_tleft_lbeta_power_precond;eeg_faa_precond;eeg_fl_theta_power_precond;eeg_tleft_lalpha_power_precond"
2025-12-19 12:49:10.284379,30,"stress_label",5,16,0.03,0.453488372093023,0.494186046511628,NA,5,"top5","eeg_fm_lbeta_power_precond;eeg_tleft_lbeta_power_precond;eeg_faa_precond;eeg_fl_theta_power_precond;eeg_tleft_lalpha_power_precond"
2025-12-19 12:49:10.293315,30,"stress_label",5,32,0.03,0.482558139534884,0.459302325581395,NA,5,"top5","eeg_fm_lbeta_power_precond;eeg_tleft_lbeta_power_precond;eeg_faa_precond;eeg_fl_theta_power_precond;eeg_tleft_lalpha_power_precond"
2025-12-19 12:49:10.324615,30,"stress_label",5,64,0.03,0.505813953488372,0.395348837209302,NA,5,"top5","eeg_fm_lbeta_power_precond;eeg_tleft_lbeta_power_precond;eeg_faa_precond;eeg_fl_theta_power_precond;eeg_tleft_lalpha_power_precond"
2025-12-19 12:49:10.498313,30,"stress_label",5,128,0.03,0.5,0.372093023255814,NA,5,"top5","eeg_fm_lbeta_power_precond;eeg_tleft_lbeta_power_precond;eeg_faa_precond;eeg_fl_theta_power_precond;eeg_tleft_lalpha_power_precond"
2025-12-19 12:49:10.747785,30,"stress_label",5,256,0.03,0.505813953488372,0.383720930232558,NA,5,"top5","eeg_fm_lbeta_power_precond;eeg_tleft_lbeta_power_precond;eeg_faa_precond;eeg_fl_theta_power_precond;eeg_tleft_lalpha_power_precond"
2025-12-19 12:49:10.363095,30,"stress_label",5,2,0.06,0.441860465116279,0.488372093023256,NA,5,"top5","eeg_fm_lbeta_power_precond;eeg_tleft_lbeta_power_precond;eeg_faa_precond;eeg_fl_theta_power_precond;eeg_tleft_lalpha_power_precond"
2025-12-19 12:49:10.430114,30,"stress_label",5,4,0.06,0.441860465116279,0.476744186046512,0.372093023255814,5,"top5","eeg_fm_lbeta_power_precond;eeg_tleft_lbeta_power_precond;eeg_faa_precond;eeg_fl_theta_power_precond;eeg_tleft_lalpha_power_precond"
2025-12-19 12:49:10.5665,30,"stress_label",5,8,0.06,0.488372093023256,0.447674418604651,NA,5,"top5","eeg_fm_lbeta_power_precond;eeg_tleft_lbeta_power_precond;eeg_faa_precond;eeg_fl_theta_power_precond;eeg_tleft_lalpha_power_precond"
2025-12-19 12:49:10.611747,30,"stress_label",5,16,0.06,0.5,0.412790697674419,NA,5,"top5","eeg_fm_lbeta_power_precond;eeg_tleft_lbeta_power_precond;eeg_faa_precond;eeg_fl_theta_power_precond;eeg_tleft_lalpha_power_precond"
2025-12-19 12:49:10.649179,30,"stress_label",5,32,0.06,0.529069767441861,0.447674418604651,NA,5,"top5","eeg_fm_lbeta_power_precond;eeg_tleft_lbeta_power_precond;eeg_faa_precond;eeg_fl_theta_power_precond;eeg_tleft_lalpha_power_precond"
2025-12-19 12:49:10.950099,30,"stress_label",5,64,0.06,0.5,0.36046511627907,NA,5,"top5","eeg_fm_lbeta_power_precond;eeg_tleft_lbeta_power_precond;eeg_faa_precond;eeg_fl_theta_power_precond;eeg_tleft_lalpha_power_precond"
2025-12-19 12:49:11.181972,30,"stress_label",5,128,0.06,0.488372093023256,0.36046511627907,NA,5,"top5","eeg_fm_lbeta_power_precond;eeg_tleft_lbeta_power_precond;eeg_faa_precond;eeg_fl_theta_power_precond;eeg_tleft_lalpha_power_precond"
2025-12-19 12:49:11.623378,30,"stress_label",5,256,0.06,0.494186046511628,0.38953488372093,NA,5,"top5","eeg_fm_lbeta_power_precond;eeg_tleft_lbeta_power_precond;eeg_faa_precond;eeg_fl_theta_power_precond;eeg_tleft_lalpha_power_precond"
2025-12-19 12:49:11.268783,30,"stress_label",5,2,0.1,0.511627906976744,0.383720930232558,0.483720930232558,5,"top5","eeg_fm_lbeta_power_precond;eeg_tleft_lbeta_power_precond;eeg_faa_precond;eeg_fl_theta_power_precond;eeg_tleft_lalpha_power_precond"
2025-12-19 12:49:11.257482,30,"stress_label",5,4,0.1,0.47093023255814,0.343023255813953,NA,5,"top5","eeg_fm_lbeta_power_precond;eeg_tleft_lbeta_power_precond;eeg_faa_precond;eeg_fl_theta_power_precond;eeg_tleft_lalpha_power_precond"
2025-12-19 12:49:11.284874,30,"stress_label",5,8,0.1,0.523255813953488,0.366279069767442,NA,5,"top5","eeg_fm_lbeta_power_precond;eeg_tleft_lbeta_power_precond;eeg_faa_precond;eeg_fl_theta_power_precond;eeg_tleft_lalpha_power_precond"
2025-12-19 12:49:11.343235,30,"stress_label",5,16,0.1,0.517441860465116,0.418604651162791,NA,5,"top5","eeg_fm_lbeta_power_precond;eeg_tleft_lbeta_power_precond;eeg_faa_precond;eeg_fl_theta_power_precond;eeg_tleft_lalpha_power_precond"
2025-12-19 12:49:11.383471,30,"stress_label",5,32,0.1,0.511627906976744,0.395348837209302,NA,5,"top5","eeg_fm_lbeta_power_precond;eeg_tleft_lbeta_power_precond;eeg_faa_precond;eeg_fl_theta_power_precond;eeg_tleft_lalpha_power_precond"
2025-12-19 12:49:11.531082,30,"stress_label",5,64,0.1,0.505813953488372,0.436046511627907,NA,5,"top5","eeg_fm_lbeta_power_precond;eeg_tleft_lbeta_power_precond;eeg_faa_precond;eeg_fl_theta_power_precond;eeg_tleft_lalpha_power_precond"
2025-12-19 12:49:11.692055,30,"stress_label",5,128,0.1,0.476744186046512,0.436046511627907,NA,5,"top5","eeg_fm_lbeta_power_precond;eeg_tleft_lbeta_power_precond;eeg_faa_precond;eeg_fl_theta_power_precond;eeg_tleft_lalpha_power_precond"
2025-12-19 12:49:11.984975,30,"stress_label",5,256,0.1,0.517441860465116,0.418604651162791,NA,5,"top5","eeg_fm_lbeta_power_precond;eeg_tleft_lbeta_power_precond;eeg_faa_precond;eeg_fl_theta_power_precond;eeg_tleft_lalpha_power_precond"
2025-12-19 12:49:13.282879,31,"stress_label",5,2,0.0078125,0.523255813953488,0.38953488372093,0.498449612403101,5,"top5","eeg_fm_lbeta_power_precond;eeg_tleft_lbeta_power_precond;eeg_fl_theta_power_precond;eeg_faa_precond;eeg_tleft_lalpha_power_precond"
2025-12-19 12:49:13.30046,31,"stress_label",5,4,0.0078125,0.540697674418605,0.401162790697674,0.527131782945736,5,"top5","eeg_fm_lbeta_power_precond;eeg_tleft_lbeta_power_precond;eeg_fl_theta_power_precond;eeg_faa_precond;eeg_tleft_lalpha_power_precond"
2025-12-19 12:49:13.269766,31,"stress_label",5,8,0.0078125,0.511627906976744,0.482558139534884,0.506201550387597,5,"top5","eeg_fm_lbeta_power_precond;eeg_tleft_lbeta_power_precond;eeg_fl_theta_power_precond;eeg_faa_precond;eeg_tleft_lalpha_power_precond"
2025-12-19 12:49:13.313718,31,"stress_label",5,16,0.0078125,0.517441860465116,0.395348837209302,0.513953488372093,5,"top5","eeg_fm_lbeta_power_precond;eeg_tleft_lbeta_power_precond;eeg_fl_theta_power_precond;eeg_faa_precond;eeg_tleft_lalpha_power_precond"
2025-12-19 12:49:13.342923,31,"stress_label",5,32,0.0078125,0.523255813953488,0.366279069767442,0.511627906976744,5,"top5","eeg_fm_lbeta_power_precond;eeg_tleft_lbeta_power_precond;eeg_fl_theta_power_precond;eeg_faa_precond;eeg_tleft_lalpha_power_precond"
2025-12-19 12:49:13.295645,31,"stress_label",5,64,0.0078125,0.517441860465116,0.401162790697674,0.501550387596899,5,"top5","eeg_fm_lbeta_power_precond;eeg_tleft_lbeta_power_precond;eeg_fl_theta_power_precond;eeg_faa_precond;eeg_tleft_lalpha_power_precond"
2025-12-19 12:49:13.354021,31,"stress_label",5,128,0.0078125,0.47093023255814,0.430232558139535,0.436434108527132,5,"top5","eeg_fm_lbeta_power_precond;eeg_tleft_lbeta_power_precond;eeg_fl_theta_power_precond;eeg_faa_precond;eeg_tleft_lalpha_power_precond"
2025-12-19 12:49:13.41174,31,"stress_label",5,256,0.0078125,0.505813953488372,0.372093023255814,NA,5,"top5","eeg_fm_lbeta_power_precond;eeg_tleft_lbeta_power_precond;eeg_fl_theta_power_precond;eeg_faa_precond;eeg_tleft_lalpha_power_precond"
2025-12-19 12:49:13.292191,31,"stress_label",5,2,0.015625,0.529069767441861,0.424418604651163,0.517054263565891,5,"top5","eeg_fm_lbeta_power_precond;eeg_tleft_lbeta_power_precond;eeg_fl_theta_power_precond;eeg_faa_precond;eeg_tleft_lalpha_power_precond"
2025-12-19 12:49:13.306706,31,"stress_label",5,4,0.015625,0.523255813953488,0.395348837209302,0.513953488372093,5,"top5","eeg_fm_lbeta_power_precond;eeg_tleft_lbeta_power_precond;eeg_fl_theta_power_precond;eeg_faa_precond;eeg_tleft_lalpha_power_precond"
2025-12-19 12:49:13.338525,31,"stress_label",5,8,0.015625,0.540697674418605,0.36046511627907,0.546511627906977,5,"top5","eeg_fm_lbeta_power_precond;eeg_tleft_lbeta_power_precond;eeg_fl_theta_power_precond;eeg_faa_precond;eeg_tleft_lalpha_power_precond"
2025-12-19 12:49:13.346207,31,"stress_label",5,16,0.015625,0.505813953488372,0.38953488372093,0.495348837209302,5,"top5","eeg_fm_lbeta_power_precond;eeg_tleft_lbeta_power_precond;eeg_fl_theta_power_precond;eeg_faa_precond;eeg_tleft_lalpha_power_precond"
2025-12-19 12:49:13.308174,31,"stress_label",5,32,0.015625,0.482558139534884,0.47093023255814,0.45968992248062,5,"top5","eeg_fm_lbeta_power_precond;eeg_tleft_lbeta_power_precond;eeg_fl_theta_power_precond;eeg_faa_precond;eeg_tleft_lalpha_power_precond"
2025-12-19 12:49:13.338674,31,"stress_label",5,64,0.015625,0.488372093023256,0.401162790697674,NA,5,"top5","eeg_fm_lbeta_power_precond;eeg_tleft_lbeta_power_precond;eeg_fl_theta_power_precond;eeg_faa_precond;eeg_tleft_lalpha_power_precond"
2025-12-19 12:49:14.44639,31,"stress_label",5,128,0.015625,0.517441860465116,0.465116279069767,0.468992248062016,5,"top5","eeg_fm_lbeta_power_precond;eeg_tleft_lbeta_power_precond;eeg_fl_theta_power_precond;eeg_faa_precond;eeg_tleft_lalpha_power_precond"
2025-12-19 12:49:14.562494,31,"stress_label",5,256,0.015625,0.575581395348837,0.488372093023256,NA,5,"top5","eeg_fm_lbeta_power_precond;eeg_tleft_lbeta_power_precond;eeg_fl_theta_power_precond;eeg_faa_precond;eeg_tleft_lalpha_power_precond"
2025-12-19 12:49:14.349046,31,"stress_label",5,2,0.03125,0.534883720930233,0.36046511627907,0.530232558139535,5,"top5","eeg_fm_lbeta_power_precond;eeg_tleft_lbeta_power_precond;eeg_fl_theta_power_precond;eeg_faa_precond;eeg_tleft_lalpha_power_precond"
2025-12-19 12:49:14.38472,31,"stress_label",5,4,0.03125,0.511627906976744,0.377906976744186,0.497674418604651,5,"top5","eeg_fm_lbeta_power_precond;eeg_tleft_lbeta_power_precond;eeg_fl_theta_power_precond;eeg_faa_precond;eeg_tleft_lalpha_power_precond"
2025-12-19 12:49:14.357759,31,"stress_label",5,8,0.03125,0.47093023255814,0.36046511627907,0.448062015503876,5,"top5","eeg_fm_lbeta_power_precond;eeg_tleft_lbeta_power_precond;eeg_fl_theta_power_precond;eeg_faa_precond;eeg_tleft_lalpha_power_precond"
2025-12-19 12:49:14.371578,31,"stress_label",5,16,0.03125,0.476744186046512,0.337209302325581,0.438759689922481,5,"top5","eeg_fm_lbeta_power_precond;eeg_tleft_lbeta_power_precond;eeg_fl_theta_power_precond;eeg_faa_precond;eeg_tleft_lalpha_power_precond"
2025-12-19 12:49:14.393266,31,"stress_label",5,32,0.03125,0.511627906976744,0.534883720930233,0.468992248062016,5,"top5","eeg_fm_lbeta_power_precond;eeg_tleft_lbeta_power_precond;eeg_fl_theta_power_precond;eeg_faa_precond;eeg_tleft_lalpha_power_precond"
2025-12-19 12:49:14.487738,31,"stress_label",5,64,0.03125,0.569767441860465,0.482558139534884,NA,5,"top5","eeg_fm_lbeta_power_precond;eeg_tleft_lbeta_power_precond;eeg_fl_theta_power_precond;eeg_faa_precond;eeg_tleft_lalpha_power_precond"
2025-12-19 12:49:14.612731,31,"stress_label",5,128,0.03125,0.587209302325581,0.517441860465116,NA,5,"top5","eeg_fm_lbeta_power_precond;eeg_tleft_lbeta_power_precond;eeg_fl_theta_power_precond;eeg_faa_precond;eeg_tleft_lalpha_power_precond"
2025-12-19 12:49:14.80203,31,"stress_label",5,256,0.03125,0.546511627906977,0.5,NA,5,"top5","eeg_fm_lbeta_power_precond;eeg_tleft_lbeta_power_precond;eeg_fl_theta_power_precond;eeg_faa_precond;eeg_tleft_lalpha_power_precond"
2025-12-19 12:49:14.388058,31,"stress_label",5,2,0.0625,0.476744186046512,0.302325581395349,0.451162790697674,5,"top5","eeg_fm_lbeta_power_precond;eeg_tleft_lbeta_power_precond;eeg_fl_theta_power_precond;eeg_faa_precond;eeg_tleft_lalpha_power_precond"
2025-12-19 12:49:14.431813,31,"stress_label",5,4,0.0625,0.47093023255814,0.395348837209302,0.458914728682171,5,"top5","eeg_fm_lbeta_power_precond;eeg_tleft_lbeta_power_precond;eeg_fl_theta_power_precond;eeg_faa_precond;eeg_tleft_lalpha_power_precond"
2025-12-19 12:49:14.434637,31,"stress_label",5,8,0.0625,0.534883720930233,0.441860465116279,NA,5,"top5","eeg_fm_lbeta_power_precond;eeg_tleft_lbeta_power_precond;eeg_fl_theta_power_precond;eeg_faa_precond;eeg_tleft_lalpha_power_precond"
2025-12-19 12:49:14.523525,31,"stress_label",5,16,0.0625,0.575581395348837,0.604651162790698,NA,5,"top5","eeg_fm_lbeta_power_precond;eeg_tleft_lbeta_power_precond;eeg_fl_theta_power_precond;eeg_faa_precond;eeg_tleft_lalpha_power_precond"
2025-12-19 12:49:15.422109,31,"stress_label",5,32,0.0625,0.581395348837209,0.558139534883721,NA,5,"top5","eeg_fm_lbeta_power_precond;eeg_tleft_lbeta_power_precond;eeg_fl_theta_power_precond;eeg_faa_precond;eeg_tleft_lalpha_power_precond"
2025-12-19 12:49:15.511748,31,"stress_label",5,64,0.0625,0.540697674418605,0.563953488372093,NA,5,"top5","eeg_fm_lbeta_power_precond;eeg_tleft_lbeta_power_precond;eeg_fl_theta_power_precond;eeg_faa_precond;eeg_tleft_lalpha_power_precond"
2025-12-19 12:49:15.716692,31,"stress_label",5,128,0.0625,0.534883720930233,0.5,NA,5,"top5","eeg_fm_lbeta_power_precond;eeg_tleft_lbeta_power_precond;eeg_fl_theta_power_precond;eeg_faa_precond;eeg_tleft_lalpha_power_precond"
2025-12-19 12:49:15.991472,31,"stress_label",5,256,0.0625,0.523255813953488,0.430232558139535,NA,5,"top5","eeg_fm_lbeta_power_precond;eeg_tleft_lbeta_power_precond;eeg_fl_theta_power_precond;eeg_faa_precond;eeg_tleft_lalpha_power_precond"
2025-12-19 12:49:15.410531,31,"stress_label",5,2,0.125,0.529069767441861,0.511627906976744,NA,5,"top5","eeg_fm_lbeta_power_precond;eeg_tleft_lbeta_power_precond;eeg_fl_theta_power_precond;eeg_faa_precond;eeg_tleft_lalpha_power_precond"
2025-12-19 12:49:15.418654,31,"stress_label",5,4,0.125,0.581395348837209,0.604651162790698,NA,5,"top5","eeg_fm_lbeta_power_precond;eeg_tleft_lbeta_power_precond;eeg_fl_theta_power_precond;eeg_faa_precond;eeg_tleft_lalpha_power_precond"
2025-12-19 12:49:15.489073,31,"stress_label",5,8,0.125,0.593023255813954,0.604651162790698,NA,5,"top5","eeg_fm_lbeta_power_precond;eeg_tleft_lbeta_power_precond;eeg_fl_theta_power_precond;eeg_faa_precond;eeg_tleft_lalpha_power_precond"
2025-12-19 12:49:15.535945,31,"stress_label",5,16,0.125,0.546511627906977,0.552325581395349,NA,5,"top5","eeg_fm_lbeta_power_precond;eeg_tleft_lbeta_power_precond;eeg_fl_theta_power_precond;eeg_faa_precond;eeg_tleft_lalpha_power_precond"
2025-12-19 12:49:15.580625,31,"stress_label",5,32,0.125,0.558139534883721,0.482558139534884,NA,5,"top5","eeg_fm_lbeta_power_precond;eeg_tleft_lbeta_power_precond;eeg_fl_theta_power_precond;eeg_faa_precond;eeg_tleft_lalpha_power_precond"
2025-12-19 12:49:15.791047,31,"stress_label",5,64,0.125,0.517441860465116,0.505813953488372,NA,5,"top5","eeg_fm_lbeta_power_precond;eeg_tleft_lbeta_power_precond;eeg_fl_theta_power_precond;eeg_faa_precond;eeg_tleft_lalpha_power_precond"
2025-12-19 12:49:16.028154,31,"stress_label",5,128,0.125,0.505813953488372,0.494186046511628,NA,5,"top5","eeg_fm_lbeta_power_precond;eeg_tleft_lbeta_power_precond;eeg_fl_theta_power_precond;eeg_faa_precond;eeg_tleft_lalpha_power_precond"
2025-12-19 12:49:16.378146,31,"stress_label",5,256,0.125,0.482558139534884,0.482558139534884,NA,5,"top5","eeg_fm_lbeta_power_precond;eeg_tleft_lbeta_power_precond;eeg_fl_theta_power_precond;eeg_faa_precond;eeg_tleft_lalpha_power_precond"
2025-12-19 12:49:15.621541,31,"stress_label",5,2,0.03,0.529069767441861,0.366279069767442,0.523255813953488,5,"top5","eeg_fm_lbeta_power_precond;eeg_tleft_lbeta_power_precond;eeg_fl_theta_power_precond;eeg_faa_precond;eeg_tleft_lalpha_power_precond"
2025-12-19 12:49:15.821175,31,"stress_label",5,4,0.03,0.511627906976744,0.313953488372093,0.497674418604651,5,"top5","eeg_fm_lbeta_power_precond;eeg_tleft_lbeta_power_precond;eeg_fl_theta_power_precond;eeg_faa_precond;eeg_tleft_lalpha_power_precond"
2025-12-19 12:49:16.429473,31,"stress_label",5,8,0.03,0.47093023255814,0.308139534883721,0.448062015503876,5,"top5","eeg_fm_lbeta_power_precond;eeg_tleft_lbeta_power_precond;eeg_fl_theta_power_precond;eeg_faa_precond;eeg_tleft_lalpha_power_precond"
2025-12-19 12:49:16.439533,31,"stress_label",5,16,0.03,0.47093023255814,0.401162790697674,0.427131782945736,5,"top5","eeg_fm_lbeta_power_precond;eeg_tleft_lbeta_power_precond;eeg_fl_theta_power_precond;eeg_faa_precond;eeg_tleft_lalpha_power_precond"
2025-12-19 12:49:16.49571,31,"stress_label",5,32,0.03,0.505813953488372,0.436046511627907,NA,5,"top5","eeg_fm_lbeta_power_precond;eeg_tleft_lbeta_power_precond;eeg_fl_theta_power_precond;eeg_faa_precond;eeg_tleft_lalpha_power_precond"
2025-12-19 12:49:16.558146,31,"stress_label",5,64,0.03,0.581395348837209,0.511627906976744,0.541860465116279,5,"top5","eeg_fm_lbeta_power_precond;eeg_tleft_lbeta_power_precond;eeg_fl_theta_power_precond;eeg_faa_precond;eeg_tleft_lalpha_power_precond"
2025-12-19 12:49:16.672865,31,"stress_label",5,128,0.03,0.593023255813954,0.459302325581395,NA,5,"top5","eeg_fm_lbeta_power_precond;eeg_tleft_lbeta_power_precond;eeg_fl_theta_power_precond;eeg_faa_precond;eeg_tleft_lalpha_power_precond"
2025-12-19 12:49:16.868401,31,"stress_label",5,256,0.03,0.563953488372093,0.546511627906977,NA,5,"top5","eeg_fm_lbeta_power_precond;eeg_tleft_lbeta_power_precond;eeg_fl_theta_power_precond;eeg_faa_precond;eeg_tleft_lalpha_power_precond"
2025-12-19 12:49:16.602773,31,"stress_label",5,2,0.06,0.482558139534884,0.331395348837209,0.462790697674419,5,"top5","eeg_fm_lbeta_power_precond;eeg_tleft_lbeta_power_precond;eeg_fl_theta_power_precond;eeg_faa_precond;eeg_tleft_lalpha_power_precond"
2025-12-19 12:49:16.641447,31,"stress_label",5,4,0.06,0.465116279069767,0.412790697674419,0.455038759689922,5,"top5","eeg_fm_lbeta_power_precond;eeg_tleft_lbeta_power_precond;eeg_fl_theta_power_precond;eeg_faa_precond;eeg_tleft_lalpha_power_precond"
2025-12-19 12:49:16.761868,31,"stress_label",5,8,0.06,0.523255813953488,0.476744186046512,NA,5,"top5","eeg_fm_lbeta_power_precond;eeg_tleft_lbeta_power_precond;eeg_fl_theta_power_precond;eeg_faa_precond;eeg_tleft_lalpha_power_precond"
2025-12-19 12:49:16.855266,31,"stress_label",5,16,0.06,0.558139534883721,0.534883720930233,NA,5,"top5","eeg_fm_lbeta_power_precond;eeg_tleft_lbeta_power_precond;eeg_fl_theta_power_precond;eeg_faa_precond;eeg_tleft_lalpha_power_precond"
2025-12-19 12:49:16.9096,31,"stress_label",5,32,0.06,0.587209302325581,0.534883720930233,NA,5,"top5","eeg_fm_lbeta_power_precond;eeg_tleft_lbeta_power_precond;eeg_fl_theta_power_precond;eeg_faa_precond;eeg_tleft_lalpha_power_precond"
2025-12-19 12:49:17.127991,31,"stress_label",5,64,0.06,0.546511627906977,0.523255813953488,NA,5,"top5","eeg_fm_lbeta_power_precond;eeg_tleft_lbeta_power_precond;eeg_fl_theta_power_precond;eeg_faa_precond;eeg_tleft_lalpha_power_precond"
2025-12-19 12:49:17.317593,31,"stress_label",5,128,0.06,0.540697674418605,0.511627906976744,NA,5,"top5","eeg_fm_lbeta_power_precond;eeg_tleft_lbeta_power_precond;eeg_fl_theta_power_precond;eeg_faa_precond;eeg_tleft_lalpha_power_precond"
2025-12-19 12:49:17.742609,31,"stress_label",5,256,0.06,0.534883720930233,0.488372093023256,NA,5,"top5","eeg_fm_lbeta_power_precond;eeg_tleft_lbeta_power_precond;eeg_fl_theta_power_precond;eeg_faa_precond;eeg_tleft_lalpha_power_precond"
2025-12-19 12:49:17.372203,31,"stress_label",5,2,0.1,0.511627906976744,0.453488372093023,0.512403100775194,5,"top5","eeg_fm_lbeta_power_precond;eeg_tleft_lbeta_power_precond;eeg_fl_theta_power_precond;eeg_faa_precond;eeg_tleft_lalpha_power_precond"
2025-12-19 12:49:17.406261,31,"stress_label",5,4,0.1,0.546511627906977,0.569767441860465,NA,5,"top5","eeg_fm_lbeta_power_precond;eeg_tleft_lbeta_power_precond;eeg_fl_theta_power_precond;eeg_faa_precond;eeg_tleft_lalpha_power_precond"
2025-12-19 12:49:17.456038,31,"stress_label",5,8,0.1,0.593023255813954,0.581395348837209,NA,5,"top5","eeg_fm_lbeta_power_precond;eeg_tleft_lbeta_power_precond;eeg_fl_theta_power_precond;eeg_faa_precond;eeg_tleft_lalpha_power_precond"
2025-12-19 12:49:17.481041,31,"stress_label",5,16,0.1,0.581395348837209,0.569767441860465,NA,5,"top5","eeg_fm_lbeta_power_precond;eeg_tleft_lbeta_power_precond;eeg_fl_theta_power_precond;eeg_faa_precond;eeg_tleft_lalpha_power_precond"
2025-12-19 12:49:17.588807,31,"stress_label",5,32,0.1,0.552325581395349,0.546511627906977,NA,5,"top5","eeg_fm_lbeta_power_precond;eeg_tleft_lbeta_power_precond;eeg_fl_theta_power_precond;eeg_faa_precond;eeg_tleft_lalpha_power_precond"
2025-12-19 12:49:17.66502,31,"stress_label",5,64,0.1,0.546511627906977,0.540697674418605,NA,5,"top5","eeg_fm_lbeta_power_precond;eeg_tleft_lbeta_power_precond;eeg_fl_theta_power_precond;eeg_faa_precond;eeg_tleft_lalpha_power_precond"
2025-12-19 12:49:17.816492,31,"stress_label",5,128,0.1,0.511627906976744,0.511627906976744,NA,5,"top5","eeg_fm_lbeta_power_precond;eeg_tleft_lbeta_power_precond;eeg_fl_theta_power_precond;eeg_faa_precond;eeg_tleft_lalpha_power_precond"
2025-12-19 12:49:18.123935,31,"stress_label",5,256,0.1,0.523255813953488,0.447674418604651,NA,5,"top5","eeg_fm_lbeta_power_precond;eeg_tleft_lbeta_power_precond;eeg_fl_theta_power_precond;eeg_faa_precond;eeg_tleft_lalpha_power_precond"
2025-12-19 12:49:19.371992,32,"stress_label",5,2,0.0078125,0.5,0.482558139534884,0.504651162790698,5,"top5","eeg_fm_lbeta_power_precond;eeg_fm_specent_precond;eeg_faa_precond;eeg_fr_theta_power_precond;eeg_tleft_lalpha_power_precond"
2025-12-19 12:49:19.379876,32,"stress_label",5,4,0.0078125,0.47093023255814,0.47093023255814,0.477519379844961,5,"top5","eeg_fm_lbeta_power_precond;eeg_fm_specent_precond;eeg_faa_precond;eeg_fr_theta_power_precond;eeg_tleft_lalpha_power_precond"
2025-12-19 12:49:19.347727,32,"stress_label",5,8,0.0078125,0.476744186046512,0.377906976744186,0.473643410852713,5,"top5","eeg_fm_lbeta_power_precond;eeg_fm_specent_precond;eeg_faa_precond;eeg_fr_theta_power_precond;eeg_tleft_lalpha_power_precond"
2025-12-19 12:49:19.324088,32,"stress_label",5,16,0.0078125,0.482558139534884,0.377906976744186,0.471317829457364,5,"top5","eeg_fm_lbeta_power_precond;eeg_fm_specent_precond;eeg_faa_precond;eeg_fr_theta_power_precond;eeg_tleft_lalpha_power_precond"
2025-12-19 12:49:19.360949,32,"stress_label",5,32,0.0078125,0.47093023255814,0.36046511627907,0.454263565891473,5,"top5","eeg_fm_lbeta_power_precond;eeg_fm_specent_precond;eeg_faa_precond;eeg_fr_theta_power_precond;eeg_tleft_lalpha_power_precond"
2025-12-19 12:49:19.358365,32,"stress_label",5,64,0.0078125,0.488372093023256,0.424418604651163,0.447286821705426,5,"top5","eeg_fm_lbeta_power_precond;eeg_fm_specent_precond;eeg_faa_precond;eeg_fr_theta_power_precond;eeg_tleft_lalpha_power_precond"
2025-12-19 12:49:19.414555,32,"stress_label",5,128,0.0078125,0.517441860465116,0.406976744186047,NA,5,"top5","eeg_fm_lbeta_power_precond;eeg_fm_specent_precond;eeg_faa_precond;eeg_fr_theta_power_precond;eeg_tleft_lalpha_power_precond"
2025-12-19 12:49:19.495195,32,"stress_label",5,256,0.0078125,0.517441860465116,0.441860465116279,NA,5,"top5","eeg_fm_lbeta_power_precond;eeg_fm_specent_precond;eeg_faa_precond;eeg_fr_theta_power_precond;eeg_tleft_lalpha_power_precond"
2025-12-19 12:49:19.361691,32,"stress_label",5,2,0.015625,0.476744186046512,0.459302325581395,0.475193798449612,5,"top5","eeg_fm_lbeta_power_precond;eeg_fm_specent_precond;eeg_faa_precond;eeg_fr_theta_power_precond;eeg_tleft_lalpha_power_precond"
2025-12-19 12:49:19.342222,32,"stress_label",5,4,0.015625,0.482558139534884,0.348837209302326,0.468992248062016,5,"top5","eeg_fm_lbeta_power_precond;eeg_fm_specent_precond;eeg_faa_precond;eeg_fr_theta_power_precond;eeg_tleft_lalpha_power_precond"
2025-12-19 12:49:19.365858,32,"stress_label",5,8,0.015625,0.47093023255814,0.430232558139535,0.451937984496124,5,"top5","eeg_fm_lbeta_power_precond;eeg_fm_specent_precond;eeg_faa_precond;eeg_fr_theta_power_precond;eeg_tleft_lalpha_power_precond"
2025-12-19 12:49:19.341485,32,"stress_label",5,16,0.015625,0.476744186046512,0.552325581395349,0.445736434108527,5,"top5","eeg_fm_lbeta_power_precond;eeg_fm_specent_precond;eeg_faa_precond;eeg_fr_theta_power_precond;eeg_tleft_lalpha_power_precond"
2025-12-19 12:49:19.417122,32,"stress_label",5,32,0.015625,0.517441860465116,0.372093023255814,NA,5,"top5","eeg_fm_lbeta_power_precond;eeg_fm_specent_precond;eeg_faa_precond;eeg_fr_theta_power_precond;eeg_tleft_lalpha_power_precond"
2025-12-19 12:49:19.478651,32,"stress_label",5,64,0.015625,0.523255813953488,0.401162790697674,NA,5,"top5","eeg_fm_lbeta_power_precond;eeg_fm_specent_precond;eeg_faa_precond;eeg_fr_theta_power_precond;eeg_tleft_lalpha_power_precond"
2025-12-19 12:49:20.519506,32,"stress_label",5,128,0.015625,0.529069767441861,0.418604651162791,NA,5,"top5","eeg_fm_lbeta_power_precond;eeg_fm_specent_precond;eeg_faa_precond;eeg_fr_theta_power_precond;eeg_tleft_lalpha_power_precond"
2025-12-19 12:49:20.664576,32,"stress_label",5,256,0.015625,0.540697674418605,0.401162790697674,NA,5,"top5","eeg_fm_lbeta_power_precond;eeg_fm_specent_precond;eeg_faa_precond;eeg_fr_theta_power_precond;eeg_tleft_lalpha_power_precond"
2025-12-19 12:49:20.438657,32,"stress_label",5,2,0.03125,0.488372093023256,0.343023255813953,0.464341085271318,5,"top5","eeg_fm_lbeta_power_precond;eeg_fm_specent_precond;eeg_faa_precond;eeg_fr_theta_power_precond;eeg_tleft_lalpha_power_precond"
2025-12-19 12:49:20.418787,32,"stress_label",5,4,0.03125,0.494186046511628,0.418604651162791,0.467441860465116,5,"top5","eeg_fm_lbeta_power_precond;eeg_fm_specent_precond;eeg_faa_precond;eeg_fr_theta_power_precond;eeg_tleft_lalpha_power_precond"
2025-12-19 12:49:20.48441,32,"stress_label",5,8,0.03125,0.523255813953488,0.343023255813953,NA,5,"top5","eeg_fm_lbeta_power_precond;eeg_fm_specent_precond;eeg_faa_precond;eeg_fr_theta_power_precond;eeg_tleft_lalpha_power_precond"
2025-12-19 12:49:20.473432,32,"stress_label",5,16,0.03125,0.523255813953488,0.319767441860465,NA,5,"top5","eeg_fm_lbeta_power_precond;eeg_fm_specent_precond;eeg_faa_precond;eeg_fr_theta_power_precond;eeg_tleft_lalpha_power_precond"
2025-12-19 12:49:20.469427,32,"stress_label",5,32,0.03125,0.505813953488372,0.459302325581395,NA,5,"top5","eeg_fm_lbeta_power_precond;eeg_fm_specent_precond;eeg_faa_precond;eeg_fr_theta_power_precond;eeg_tleft_lalpha_power_precond"
2025-12-19 12:49:20.54613,32,"stress_label",5,64,0.03125,0.511627906976744,0.395348837209302,NA,5,"top5","eeg_fm_lbeta_power_precond;eeg_fm_specent_precond;eeg_faa_precond;eeg_fr_theta_power_precond;eeg_tleft_lalpha_power_precond"
2025-12-19 12:49:20.623486,32,"stress_label",5,128,0.03125,0.511627906976744,0.372093023255814,NA,5,"top5","eeg_fm_lbeta_power_precond;eeg_fm_specent_precond;eeg_faa_precond;eeg_fr_theta_power_precond;eeg_tleft_lalpha_power_precond"
2025-12-19 12:49:20.794968,32,"stress_label",5,256,0.03125,0.488372093023256,0.401162790697674,0.451937984496124,5,"top5","eeg_fm_lbeta_power_precond;eeg_fm_specent_precond;eeg_faa_precond;eeg_fr_theta_power_precond;eeg_tleft_lalpha_power_precond"
2025-12-19 12:49:20.499088,32,"stress_label",5,2,0.0625,0.494186046511628,0.476744186046512,0.464341085271318,5,"top5","eeg_fm_lbeta_power_precond;eeg_fm_specent_precond;eeg_faa_precond;eeg_fr_theta_power_precond;eeg_tleft_lalpha_power_precond"
2025-12-19 12:49:20.515752,32,"stress_label",5,4,0.0625,0.505813953488372,0.38953488372093,NA,5,"top5","eeg_fm_lbeta_power_precond;eeg_fm_specent_precond;eeg_faa_precond;eeg_fr_theta_power_precond;eeg_tleft_lalpha_power_precond"
2025-12-19 12:49:20.535627,32,"stress_label",5,8,0.0625,0.517441860465116,0.383720930232558,0.474418604651163,5,"top5","eeg_fm_lbeta_power_precond;eeg_fm_specent_precond;eeg_faa_precond;eeg_fr_theta_power_precond;eeg_tleft_lalpha_power_precond"
2025-12-19 12:49:20.635641,32,"stress_label",5,16,0.0625,0.523255813953488,0.418604651162791,NA,5,"top5","eeg_fm_lbeta_power_precond;eeg_fm_specent_precond;eeg_faa_precond;eeg_fr_theta_power_precond;eeg_tleft_lalpha_power_precond"
2025-12-19 12:49:21.556178,32,"stress_label",5,32,0.0625,0.511627906976744,0.38953488372093,NA,5,"top5","eeg_fm_lbeta_power_precond;eeg_fm_specent_precond;eeg_faa_precond;eeg_fr_theta_power_precond;eeg_tleft_lalpha_power_precond"
2025-12-19 12:49:21.687788,32,"stress_label",5,64,0.0625,0.523255813953488,0.366279069767442,NA,5,"top5","eeg_fm_lbeta_power_precond;eeg_fm_specent_precond;eeg_faa_precond;eeg_fr_theta_power_precond;eeg_tleft_lalpha_power_precond"
2025-12-19 12:49:21.881443,32,"stress_label",5,128,0.0625,0.476744186046512,0.447674418604651,NA,5,"top5","eeg_fm_lbeta_power_precond;eeg_fm_specent_precond;eeg_faa_precond;eeg_fr_theta_power_precond;eeg_tleft_lalpha_power_precond"
2025-12-19 12:49:22.187255,32,"stress_label",5,256,0.0625,0.430232558139535,0.482558139534884,NA,5,"top5","eeg_fm_lbeta_power_precond;eeg_fm_specent_precond;eeg_faa_precond;eeg_fr_theta_power_precond;eeg_tleft_lalpha_power_precond"
2025-12-19 12:49:21.544631,32,"stress_label",5,2,0.125,0.540697674418605,0.331395348837209,NA,5,"top5","eeg_fm_lbeta_power_precond;eeg_fm_specent_precond;eeg_faa_precond;eeg_fr_theta_power_precond;eeg_tleft_lalpha_power_precond"
2025-12-19 12:49:21.561486,32,"stress_label",5,4,0.125,0.529069767441861,0.354651162790698,NA,5,"top5","eeg_fm_lbeta_power_precond;eeg_fm_specent_precond;eeg_faa_precond;eeg_fr_theta_power_precond;eeg_tleft_lalpha_power_precond"
2025-12-19 12:49:21.617254,32,"stress_label",5,8,0.125,0.529069767441861,0.395348837209302,NA,5,"top5","eeg_fm_lbeta_power_precond;eeg_fm_specent_precond;eeg_faa_precond;eeg_fr_theta_power_precond;eeg_tleft_lalpha_power_precond"
2025-12-19 12:49:21.642871,32,"stress_label",5,16,0.125,0.523255813953488,0.424418604651163,NA,5,"top5","eeg_fm_lbeta_power_precond;eeg_fm_specent_precond;eeg_faa_precond;eeg_fr_theta_power_precond;eeg_tleft_lalpha_power_precond"
2025-12-19 12:49:21.714928,32,"stress_label",5,32,0.125,0.482558139534884,0.482558139534884,NA,5,"top5","eeg_fm_lbeta_power_precond;eeg_fm_specent_precond;eeg_faa_precond;eeg_fr_theta_power_precond;eeg_tleft_lalpha_power_precond"
2025-12-19 12:49:21.879142,32,"stress_label",5,64,0.125,0.476744186046512,0.494186046511628,NA,5,"top5","eeg_fm_lbeta_power_precond;eeg_fm_specent_precond;eeg_faa_precond;eeg_fr_theta_power_precond;eeg_tleft_lalpha_power_precond"
2025-12-19 12:49:22.229893,32,"stress_label",5,128,0.125,0.488372093023256,0.5,NA,5,"top5","eeg_fm_lbeta_power_precond;eeg_fm_specent_precond;eeg_faa_precond;eeg_fr_theta_power_precond;eeg_tleft_lalpha_power_precond"
2025-12-19 12:49:22.799597,32,"stress_label",5,256,0.125,0.47093023255814,0.494186046511628,NA,5,"top5","eeg_fm_lbeta_power_precond;eeg_fm_specent_precond;eeg_faa_precond;eeg_fr_theta_power_precond;eeg_tleft_lalpha_power_precond"
2025-12-19 12:49:21.715703,32,"stress_label",5,2,0.03,0.488372093023256,0.476744186046512,0.464341085271318,5,"top5","eeg_fm_lbeta_power_precond;eeg_fm_specent_precond;eeg_faa_precond;eeg_fr_theta_power_precond;eeg_tleft_lalpha_power_precond"
2025-12-19 12:49:21.858047,32,"stress_label",5,4,0.03,0.494186046511628,0.395348837209302,0.467441860465116,5,"top5","eeg_fm_lbeta_power_precond;eeg_fm_specent_precond;eeg_faa_precond;eeg_fr_theta_power_precond;eeg_tleft_lalpha_power_precond"
2025-12-19 12:49:22.607965,32,"stress_label",5,8,0.03,0.511627906976744,0.377906976744186,NA,5,"top5","eeg_fm_lbeta_power_precond;eeg_fm_specent_precond;eeg_faa_precond;eeg_fr_theta_power_precond;eeg_tleft_lalpha_power_precond"
2025-12-19 12:49:22.646807,32,"stress_label",5,16,0.03,0.517441860465116,0.453488372093023,NA,5,"top5","eeg_fm_lbeta_power_precond;eeg_fm_specent_precond;eeg_faa_precond;eeg_fr_theta_power_precond;eeg_tleft_lalpha_power_precond"
2025-12-19 12:49:22.625447,32,"stress_label",5,32,0.03,0.511627906976744,0.38953488372093,NA,5,"top5","eeg_fm_lbeta_power_precond;eeg_fm_specent_precond;eeg_faa_precond;eeg_fr_theta_power_precond;eeg_tleft_lalpha_power_precond"
2025-12-19 12:49:22.745692,32,"stress_label",5,64,0.03,0.505813953488372,0.343023255813953,NA,5,"top5","eeg_fm_lbeta_power_precond;eeg_fm_specent_precond;eeg_faa_precond;eeg_fr_theta_power_precond;eeg_tleft_lalpha_power_precond"
2025-12-19 12:49:22.854557,32,"stress_label",5,128,0.03,0.511627906976744,0.401162790697674,NA,5,"top5","eeg_fm_lbeta_power_precond;eeg_fm_specent_precond;eeg_faa_precond;eeg_fr_theta_power_precond;eeg_tleft_lalpha_power_precond"
2025-12-19 12:49:23.030599,32,"stress_label",5,256,0.03,0.5,0.465116279069767,0.458914728682171,5,"top5","eeg_fm_lbeta_power_precond;eeg_fm_specent_precond;eeg_faa_precond;eeg_fr_theta_power_precond;eeg_tleft_lalpha_power_precond"
2025-12-19 12:49:22.741172,32,"stress_label",5,2,0.06,0.5,0.418604651162791,NA,5,"top5","eeg_fm_lbeta_power_precond;eeg_fm_specent_precond;eeg_faa_precond;eeg_fr_theta_power_precond;eeg_tleft_lalpha_power_precond"
2025-12-19 12:49:22.739786,32,"stress_label",5,4,0.06,0.517441860465116,0.372093023255814,NA,5,"top5","eeg_fm_lbeta_power_precond;eeg_fm_specent_precond;eeg_faa_precond;eeg_fr_theta_power_precond;eeg_tleft_lalpha_power_precond"
2025-12-19 12:49:22.866605,32,"stress_label",5,8,0.06,0.511627906976744,0.401162790697674,0.457364341085271,5,"top5","eeg_fm_lbeta_power_precond;eeg_fm_specent_precond;eeg_faa_precond;eeg_fr_theta_power_precond;eeg_tleft_lalpha_power_precond"
2025-12-19 12:49:22.969741,32,"stress_label",5,16,0.06,0.523255813953488,0.430232558139535,NA,5,"top5","eeg_fm_lbeta_power_precond;eeg_fm_specent_precond;eeg_faa_precond;eeg_fr_theta_power_precond;eeg_tleft_lalpha_power_precond"
2025-12-19 12:49:22.976059,32,"stress_label",5,32,0.06,0.511627906976744,0.354651162790698,NA,5,"top5","eeg_fm_lbeta_power_precond;eeg_fm_specent_precond;eeg_faa_precond;eeg_fr_theta_power_precond;eeg_tleft_lalpha_power_precond"
2025-12-19 12:49:23.341344,32,"stress_label",5,64,0.06,0.546511627906977,0.401162790697674,NA,5,"top5","eeg_fm_lbeta_power_precond;eeg_fm_specent_precond;eeg_faa_precond;eeg_fr_theta_power_precond;eeg_tleft_lalpha_power_precond"
2025-12-19 12:49:23.524142,32,"stress_label",5,128,0.06,0.494186046511628,0.441860465116279,NA,5,"top5","eeg_fm_lbeta_power_precond;eeg_fm_specent_precond;eeg_faa_precond;eeg_fr_theta_power_precond;eeg_tleft_lalpha_power_precond"
2025-12-19 12:49:23.989842,32,"stress_label",5,256,0.06,0.418604651162791,0.511627906976744,NA,5,"top5","eeg_fm_lbeta_power_precond;eeg_fm_specent_precond;eeg_faa_precond;eeg_fr_theta_power_precond;eeg_tleft_lalpha_power_precond"
2025-12-19 12:49:23.58635,32,"stress_label",5,2,0.1,0.511627906976744,0.465116279069767,NA,5,"top5","eeg_fm_lbeta_power_precond;eeg_fm_specent_precond;eeg_faa_precond;eeg_fr_theta_power_precond;eeg_tleft_lalpha_power_precond"
2025-12-19 12:49:23.571151,32,"stress_label",5,4,0.1,0.523255813953488,0.319767441860465,NA,5,"top5","eeg_fm_lbeta_power_precond;eeg_fm_specent_precond;eeg_faa_precond;eeg_fr_theta_power_precond;eeg_tleft_lalpha_power_precond"
2025-12-19 12:49:23.690001,32,"stress_label",5,8,0.1,0.534883720930233,0.418604651162791,NA,5,"top5","eeg_fm_lbeta_power_precond;eeg_fm_specent_precond;eeg_faa_precond;eeg_fr_theta_power_precond;eeg_tleft_lalpha_power_precond"
2025-12-19 12:49:23.751636,32,"stress_label",5,16,0.1,0.523255813953488,0.406976744186047,NA,5,"top5","eeg_fm_lbeta_power_precond;eeg_fm_specent_precond;eeg_faa_precond;eeg_fr_theta_power_precond;eeg_tleft_lalpha_power_precond"
2025-12-19 12:49:23.765295,32,"stress_label",5,32,0.1,0.488372093023256,0.430232558139535,NA,5,"top5","eeg_fm_lbeta_power_precond;eeg_fm_specent_precond;eeg_faa_precond;eeg_fr_theta_power_precond;eeg_tleft_lalpha_power_precond"
2025-12-19 12:49:23.844946,32,"stress_label",5,64,0.1,0.459302325581395,0.529069767441861,NA,5,"top5","eeg_fm_lbeta_power_precond;eeg_fm_specent_precond;eeg_faa_precond;eeg_fr_theta_power_precond;eeg_tleft_lalpha_power_precond"
2025-12-19 12:49:24.024078,32,"stress_label",5,128,0.1,0.476744186046512,0.488372093023256,NA,5,"top5","eeg_fm_lbeta_power_precond;eeg_fm_specent_precond;eeg_faa_precond;eeg_fr_theta_power_precond;eeg_tleft_lalpha_power_precond"
2025-12-19 12:49:24.326707,32,"stress_label",5,256,0.1,0.494186046511628,0.476744186046512,NA,5,"top5","eeg_fm_lbeta_power_precond;eeg_fm_specent_precond;eeg_faa_precond;eeg_fr_theta_power_precond;eeg_tleft_lalpha_power_precond"
2025-12-19 12:49:25.556342,33,"stress_label",5,2,0.0078125,0.447674418604651,0.552325581395349,0.384496124031008,5,"top5","eeg_fm_specent_precond;eeg_faa_precond;eeg_fm_beta_power_precond;eeg_tleft_lalpha_power_precond;eeg_tleft_lbeta_power_precond"
2025-12-19 12:49:25.569953,33,"stress_label",5,4,0.0078125,0.447674418604651,0.517441860465116,0.344961240310078,5,"top5","eeg_fm_specent_precond;eeg_faa_precond;eeg_fm_beta_power_precond;eeg_tleft_lalpha_power_precond;eeg_tleft_lbeta_power_precond"
2025-12-19 12:49:25.569229,33,"stress_label",5,8,0.0078125,0.441860465116279,0.465116279069767,0.317829457364341,5,"top5","eeg_fm_specent_precond;eeg_faa_precond;eeg_fm_beta_power_precond;eeg_tleft_lalpha_power_precond;eeg_tleft_lbeta_power_precond"
2025-12-19 12:49:25.552294,33,"stress_label",5,16,0.0078125,0.453488372093023,0.412790697674419,NA,5,"top5","eeg_fm_specent_precond;eeg_faa_precond;eeg_fm_beta_power_precond;eeg_tleft_lalpha_power_precond;eeg_tleft_lbeta_power_precond"
2025-12-19 12:49:25.596874,33,"stress_label",5,32,0.0078125,0.447674418604651,0.546511627906977,NA,5,"top5","eeg_fm_specent_precond;eeg_faa_precond;eeg_fm_beta_power_precond;eeg_tleft_lalpha_power_precond;eeg_tleft_lbeta_power_precond"
2025-12-19 12:49:25.680689,33,"stress_label",5,64,0.0078125,0.476744186046512,0.476744186046512,NA,5,"top5","eeg_fm_specent_precond;eeg_faa_precond;eeg_fm_beta_power_precond;eeg_tleft_lalpha_power_precond;eeg_tleft_lbeta_power_precond"
2025-12-19 12:49:25.740734,33,"stress_label",5,128,0.0078125,0.529069767441861,0.395348837209302,NA,5,"top5","eeg_fm_specent_precond;eeg_faa_precond;eeg_fm_beta_power_precond;eeg_tleft_lalpha_power_precond;eeg_tleft_lbeta_power_precond"
2025-12-19 12:49:25.763854,33,"stress_label",5,256,0.0078125,0.552325581395349,0.540697674418605,NA,5,"top5","eeg_fm_specent_precond;eeg_faa_precond;eeg_fm_beta_power_precond;eeg_tleft_lalpha_power_precond;eeg_tleft_lbeta_power_precond"
2025-12-19 12:49:25.549498,33,"stress_label",5,2,0.015625,0.441860465116279,0.523255813953488,0.317829457364341,5,"top5","eeg_fm_specent_precond;eeg_faa_precond;eeg_fm_beta_power_precond;eeg_tleft_lalpha_power_precond;eeg_tleft_lbeta_power_precond"
2025-12-19 12:49:25.605306,33,"stress_label",5,4,0.015625,0.465116279069767,0.459302325581395,NA,5,"top5","eeg_fm_specent_precond;eeg_faa_precond;eeg_fm_beta_power_precond;eeg_tleft_lalpha_power_precond;eeg_tleft_lbeta_power_precond"
2025-12-19 12:49:25.586315,33,"stress_label",5,8,0.015625,0.441860465116279,0.494186046511628,NA,5,"top5","eeg_fm_specent_precond;eeg_faa_precond;eeg_fm_beta_power_precond;eeg_tleft_lalpha_power_precond;eeg_tleft_lbeta_power_precond"
2025-12-19 12:49:25.667835,33,"stress_label",5,16,0.015625,0.47093023255814,0.476744186046512,NA,5,"top5","eeg_fm_specent_precond;eeg_faa_precond;eeg_fm_beta_power_precond;eeg_tleft_lalpha_power_precond;eeg_tleft_lbeta_power_precond"
2025-12-19 12:49:25.684625,33,"stress_label",5,32,0.015625,0.529069767441861,0.395348837209302,NA,5,"top5","eeg_fm_specent_precond;eeg_faa_precond;eeg_fm_beta_power_precond;eeg_tleft_lalpha_power_precond;eeg_tleft_lbeta_power_precond"
2025-12-19 12:49:25.727264,33,"stress_label",5,64,0.015625,0.546511627906977,0.511627906976744,NA,5,"top5","eeg_fm_specent_precond;eeg_faa_precond;eeg_fm_beta_power_precond;eeg_tleft_lalpha_power_precond;eeg_tleft_lbeta_power_precond"
2025-12-19 12:49:26.836911,33,"stress_label",5,128,0.015625,0.558139534883721,0.494186046511628,NA,5,"top5","eeg_fm_specent_precond;eeg_faa_precond;eeg_fm_beta_power_precond;eeg_tleft_lalpha_power_precond;eeg_tleft_lbeta_power_precond"
2025-12-19 12:49:26.904388,33,"stress_label",5,256,0.015625,0.563953488372093,0.494186046511628,NA,5,"top5","eeg_fm_specent_precond;eeg_faa_precond;eeg_fm_beta_power_precond;eeg_tleft_lalpha_power_precond;eeg_tleft_lbeta_power_precond"
2025-12-19 12:49:26.64909,33,"stress_label",5,2,0.03125,0.476744186046512,0.517441860465116,NA,5,"top5","eeg_fm_specent_precond;eeg_faa_precond;eeg_fm_beta_power_precond;eeg_tleft_lalpha_power_precond;eeg_tleft_lbeta_power_precond"
2025-12-19 12:49:26.683622,33,"stress_label",5,4,0.03125,0.465116279069767,0.441860465116279,NA,5,"top5","eeg_fm_specent_precond;eeg_faa_precond;eeg_fm_beta_power_precond;eeg_tleft_lalpha_power_precond;eeg_tleft_lbeta_power_precond"
2025-12-19 12:49:26.747178,33,"stress_label",5,8,0.03125,0.517441860465116,0.418604651162791,NA,5,"top5","eeg_fm_specent_precond;eeg_faa_precond;eeg_fm_beta_power_precond;eeg_tleft_lalpha_power_precond;eeg_tleft_lbeta_power_precond"
2025-12-19 12:49:26.742488,33,"stress_label",5,16,0.03125,0.540697674418605,0.447674418604651,NA,5,"top5","eeg_fm_specent_precond;eeg_faa_precond;eeg_fm_beta_power_precond;eeg_tleft_lalpha_power_precond;eeg_tleft_lbeta_power_precond"
2025-12-19 12:49:26.770877,33,"stress_label",5,32,0.03125,0.569767441860465,0.406976744186047,NA,5,"top5","eeg_fm_specent_precond;eeg_faa_precond;eeg_fm_beta_power_precond;eeg_tleft_lalpha_power_precond;eeg_tleft_lbeta_power_precond"
2025-12-19 12:49:26.785655,33,"stress_label",5,64,0.03125,0.563953488372093,0.447674418604651,NA,5,"top5","eeg_fm_specent_precond;eeg_faa_precond;eeg_fm_beta_power_precond;eeg_tleft_lalpha_power_precond;eeg_tleft_lbeta_power_precond"
2025-12-19 12:49:26.89537,33,"stress_label",5,128,0.03125,0.563953488372093,0.418604651162791,NA,5,"top5","eeg_fm_specent_precond;eeg_faa_precond;eeg_fm_beta_power_precond;eeg_tleft_lalpha_power_precond;eeg_tleft_lbeta_power_precond"
2025-12-19 12:49:27.198903,33,"stress_label",5,256,0.03125,0.534883720930233,0.366279069767442,NA,5,"top5","eeg_fm_specent_precond;eeg_faa_precond;eeg_fm_beta_power_precond;eeg_tleft_lalpha_power_precond;eeg_tleft_lbeta_power_precond"
2025-12-19 12:49:26.795882,33,"stress_label",5,2,0.0625,0.482558139534884,0.47093023255814,NA,5,"top5","eeg_fm_specent_precond;eeg_faa_precond;eeg_fm_beta_power_precond;eeg_tleft_lalpha_power_precond;eeg_tleft_lbeta_power_precond"
2025-12-19 12:49:26.86701,33,"stress_label",5,4,0.0625,0.534883720930233,0.453488372093023,NA,5,"top5","eeg_fm_specent_precond;eeg_faa_precond;eeg_fm_beta_power_precond;eeg_tleft_lalpha_power_precond;eeg_tleft_lbeta_power_precond"
2025-12-19 12:49:26.887133,33,"stress_label",5,8,0.0625,0.563953488372093,0.47093023255814,NA,5,"top5","eeg_fm_specent_precond;eeg_faa_precond;eeg_fm_beta_power_precond;eeg_tleft_lalpha_power_precond;eeg_tleft_lbeta_power_precond"
2025-12-19 12:49:26.88896,33,"stress_label",5,16,0.0625,0.569767441860465,0.569767441860465,NA,5,"top5","eeg_fm_specent_precond;eeg_faa_precond;eeg_fm_beta_power_precond;eeg_tleft_lalpha_power_precond;eeg_tleft_lbeta_power_precond"
2025-12-19 12:49:27.801634,33,"stress_label",5,32,0.0625,0.569767441860465,0.424418604651163,NA,5,"top5","eeg_fm_specent_precond;eeg_faa_precond;eeg_fm_beta_power_precond;eeg_tleft_lalpha_power_precond;eeg_tleft_lbeta_power_precond"
2025-12-19 12:49:27.953775,33,"stress_label",5,64,0.0625,0.546511627906977,0.447674418604651,NA,5,"top5","eeg_fm_specent_precond;eeg_faa_precond;eeg_fm_beta_power_precond;eeg_tleft_lalpha_power_precond;eeg_tleft_lbeta_power_precond"
2025-12-19 12:49:28.219173,33,"stress_label",5,128,0.0625,0.569767441860465,0.395348837209302,NA,5,"top5","eeg_fm_specent_precond;eeg_faa_precond;eeg_fm_beta_power_precond;eeg_tleft_lalpha_power_precond;eeg_tleft_lbeta_power_precond"
2025-12-19 12:49:28.499948,33,"stress_label",5,256,0.0625,0.534883720930233,0.494186046511628,NA,5,"top5","eeg_fm_specent_precond;eeg_faa_precond;eeg_fm_beta_power_precond;eeg_tleft_lalpha_power_precond;eeg_tleft_lbeta_power_precond"
2025-12-19 12:49:27.887952,33,"stress_label",5,2,0.125,0.540697674418605,0.5,NA,5,"top5","eeg_fm_specent_precond;eeg_faa_precond;eeg_fm_beta_power_precond;eeg_tleft_lalpha_power_precond;eeg_tleft_lbeta_power_precond"
2025-12-19 12:49:27.888884,33,"stress_label",5,4,0.125,0.575581395348837,0.552325581395349,NA,5,"top5","eeg_fm_specent_precond;eeg_faa_precond;eeg_fm_beta_power_precond;eeg_tleft_lalpha_power_precond;eeg_tleft_lbeta_power_precond"
2025-12-19 12:49:27.928672,33,"stress_label",5,8,0.125,0.569767441860465,0.441860465116279,NA,5,"top5","eeg_fm_specent_precond;eeg_faa_precond;eeg_fm_beta_power_precond;eeg_tleft_lalpha_power_precond;eeg_tleft_lbeta_power_precond"
2025-12-19 12:49:28.001503,33,"stress_label",5,16,0.125,0.569767441860465,0.395348837209302,NA,5,"top5","eeg_fm_specent_precond;eeg_faa_precond;eeg_fm_beta_power_precond;eeg_tleft_lalpha_power_precond;eeg_tleft_lbeta_power_precond"
2025-12-19 12:49:28.153942,33,"stress_label",5,32,0.125,0.540697674418605,0.354651162790698,NA,5,"top5","eeg_fm_specent_precond;eeg_faa_precond;eeg_fm_beta_power_precond;eeg_tleft_lalpha_power_precond;eeg_tleft_lbeta_power_precond"
2025-12-19 12:49:28.293479,33,"stress_label",5,64,0.125,0.529069767441861,0.511627906976744,NA,5,"top5","eeg_fm_specent_precond;eeg_faa_precond;eeg_fm_beta_power_precond;eeg_tleft_lalpha_power_precond;eeg_tleft_lbeta_power_precond"
2025-12-19 12:49:28.537423,33,"stress_label",5,128,0.125,0.511627906976744,0.534883720930233,NA,5,"top5","eeg_fm_specent_precond;eeg_faa_precond;eeg_fm_beta_power_precond;eeg_tleft_lalpha_power_precond;eeg_tleft_lbeta_power_precond"
2025-12-19 12:49:29.034313,33,"stress_label",5,256,0.125,0.476744186046512,0.47093023255814,NA,5,"top5","eeg_fm_specent_precond;eeg_faa_precond;eeg_fm_beta_power_precond;eeg_tleft_lalpha_power_precond;eeg_tleft_lbeta_power_precond"
2025-12-19 12:49:27.986213,33,"stress_label",5,2,0.03,0.476744186046512,0.494186046511628,NA,5,"top5","eeg_fm_specent_precond;eeg_faa_precond;eeg_fm_beta_power_precond;eeg_tleft_lalpha_power_precond;eeg_tleft_lbeta_power_precond"
2025-12-19 12:49:28.319987,33,"stress_label",5,4,0.03,0.465116279069767,0.5,NA,5,"top5","eeg_fm_specent_precond;eeg_faa_precond;eeg_fm_beta_power_precond;eeg_tleft_lalpha_power_precond;eeg_tleft_lbeta_power_precond"
2025-12-19 12:49:28.951792,33,"stress_label",5,8,0.03,0.505813953488372,0.412790697674419,NA,5,"top5","eeg_fm_specent_precond;eeg_faa_precond;eeg_fm_beta_power_precond;eeg_tleft_lalpha_power_precond;eeg_tleft_lbeta_power_precond"
2025-12-19 12:49:29.026765,33,"stress_label",5,16,0.03,0.540697674418605,0.5,NA,5,"top5","eeg_fm_specent_precond;eeg_faa_precond;eeg_fm_beta_power_precond;eeg_tleft_lalpha_power_precond;eeg_tleft_lbeta_power_precond"
2025-12-19 12:49:29.027346,33,"stress_label",5,32,0.03,0.569767441860465,0.476744186046512,NA,5,"top5","eeg_fm_specent_precond;eeg_faa_precond;eeg_fm_beta_power_precond;eeg_tleft_lalpha_power_precond;eeg_tleft_lbeta_power_precond"
2025-12-19 12:49:29.078441,33,"stress_label",5,64,0.03,0.563953488372093,0.436046511627907,NA,5,"top5","eeg_fm_specent_precond;eeg_faa_precond;eeg_fm_beta_power_precond;eeg_tleft_lalpha_power_precond;eeg_tleft_lbeta_power_precond"
2025-12-19 12:49:29.240757,33,"stress_label",5,128,0.03,0.563953488372093,0.476744186046512,NA,5,"top5","eeg_fm_specent_precond;eeg_faa_precond;eeg_fm_beta_power_precond;eeg_tleft_lalpha_power_precond;eeg_tleft_lbeta_power_precond"
2025-12-19 12:49:29.452085,33,"stress_label",5,256,0.03,0.546511627906977,0.482558139534884,NA,5,"top5","eeg_fm_specent_precond;eeg_faa_precond;eeg_fm_beta_power_precond;eeg_tleft_lalpha_power_precond;eeg_tleft_lbeta_power_precond"
2025-12-19 12:49:29.123587,33,"stress_label",5,2,0.06,0.482558139534884,0.372093023255814,NA,5,"top5","eeg_fm_specent_precond;eeg_faa_precond;eeg_fm_beta_power_precond;eeg_tleft_lalpha_power_precond;eeg_tleft_lbeta_power_precond"
2025-12-19 12:49:29.276485,33,"stress_label",5,4,0.06,0.534883720930233,0.459302325581395,NA,5,"top5","eeg_fm_specent_precond;eeg_faa_precond;eeg_fm_beta_power_precond;eeg_tleft_lalpha_power_precond;eeg_tleft_lbeta_power_precond"
2025-12-19 12:49:29.361005,33,"stress_label",5,8,0.06,0.563953488372093,0.47093023255814,NA,5,"top5","eeg_fm_specent_precond;eeg_faa_precond;eeg_fm_beta_power_precond;eeg_tleft_lalpha_power_precond;eeg_tleft_lbeta_power_precond"
2025-12-19 12:49:29.379828,33,"stress_label",5,16,0.06,0.575581395348837,0.459302325581395,NA,5,"top5","eeg_fm_specent_precond;eeg_faa_precond;eeg_fm_beta_power_precond;eeg_tleft_lalpha_power_precond;eeg_tleft_lbeta_power_precond"
2025-12-19 12:49:29.472912,33,"stress_label",5,32,0.06,0.575581395348837,0.488372093023256,NA,5,"top5","eeg_fm_specent_precond;eeg_faa_precond;eeg_fm_beta_power_precond;eeg_tleft_lalpha_power_precond;eeg_tleft_lbeta_power_precond"
2025-12-19 12:49:29.730723,33,"stress_label",5,64,0.06,0.546511627906977,0.447674418604651,NA,5,"top5","eeg_fm_specent_precond;eeg_faa_precond;eeg_fm_beta_power_precond;eeg_tleft_lalpha_power_precond;eeg_tleft_lbeta_power_precond"
2025-12-19 12:49:29.917804,33,"stress_label",5,128,0.06,0.563953488372093,0.430232558139535,NA,5,"top5","eeg_fm_specent_precond;eeg_faa_precond;eeg_fm_beta_power_precond;eeg_tleft_lalpha_power_precond;eeg_tleft_lbeta_power_precond"
2025-12-19 12:49:30.402491,33,"stress_label",5,256,0.06,0.552325581395349,0.383720930232558,NA,5,"top5","eeg_fm_specent_precond;eeg_faa_precond;eeg_fm_beta_power_precond;eeg_tleft_lalpha_power_precond;eeg_tleft_lbeta_power_precond"
2025-12-19 12:49:30.051707,33,"stress_label",5,2,0.1,0.517441860465116,0.331395348837209,NA,5,"top5","eeg_fm_specent_precond;eeg_faa_precond;eeg_fm_beta_power_precond;eeg_tleft_lalpha_power_precond;eeg_tleft_lbeta_power_precond"
2025-12-19 12:49:30.051118,33,"stress_label",5,4,0.1,0.563953488372093,0.366279069767442,NA,5,"top5","eeg_fm_specent_precond;eeg_faa_precond;eeg_fm_beta_power_precond;eeg_tleft_lalpha_power_precond;eeg_tleft_lbeta_power_precond"
2025-12-19 12:49:30.050541,33,"stress_label",5,8,0.1,0.569767441860465,0.436046511627907,NA,5,"top5","eeg_fm_specent_precond;eeg_faa_precond;eeg_fm_beta_power_precond;eeg_tleft_lalpha_power_precond;eeg_tleft_lbeta_power_precond"
2025-12-19 12:49:30.13499,33,"stress_label",5,16,0.1,0.569767441860465,0.529069767441861,NA,5,"top5","eeg_fm_specent_precond;eeg_faa_precond;eeg_fm_beta_power_precond;eeg_tleft_lalpha_power_precond;eeg_tleft_lbeta_power_precond"
2025-12-19 12:49:30.173197,33,"stress_label",5,32,0.1,0.563953488372093,0.377906976744186,NA,5,"top5","eeg_fm_specent_precond;eeg_faa_precond;eeg_fm_beta_power_precond;eeg_tleft_lalpha_power_precond;eeg_tleft_lbeta_power_precond"
2025-12-19 12:49:30.318016,33,"stress_label",5,64,0.1,0.552325581395349,0.453488372093023,NA,5,"top5","eeg_fm_specent_precond;eeg_faa_precond;eeg_fm_beta_power_precond;eeg_tleft_lalpha_power_precond;eeg_tleft_lbeta_power_precond"
2025-12-19 12:49:30.513465,33,"stress_label",5,128,0.1,0.529069767441861,0.465116279069767,NA,5,"top5","eeg_fm_specent_precond;eeg_faa_precond;eeg_fm_beta_power_precond;eeg_tleft_lalpha_power_precond;eeg_tleft_lbeta_power_precond"
2025-12-19 12:49:30.825225,33,"stress_label",5,256,0.1,0.511627906976744,0.47093023255814,NA,5,"top5","eeg_fm_specent_precond;eeg_faa_precond;eeg_fm_beta_power_precond;eeg_tleft_lalpha_power_precond;eeg_tleft_lbeta_power_precond"
2025-12-19 12:49:32.17898,34,"stress_label",5,2,0.0078125,0.488372093023256,0.430232558139535,0.45968992248062,5,"top5","eeg_fm_specent_precond;eeg_fm_lbeta_power_precond;eeg_faa_precond;eeg_tleft_lbeta_power_precond;eeg_fl_theta_power_precond"
2025-12-19 12:49:32.191188,34,"stress_label",5,4,0.0078125,0.459302325581395,0.418604651162791,0.42015503875969,5,"top5","eeg_fm_specent_precond;eeg_fm_lbeta_power_precond;eeg_faa_precond;eeg_tleft_lbeta_power_precond;eeg_fl_theta_power_precond"
2025-12-19 12:49:32.19823,34,"stress_label",5,8,0.0078125,0.476744186046512,0.377906976744186,0.445736434108527,5,"top5","eeg_fm_specent_precond;eeg_fm_lbeta_power_precond;eeg_faa_precond;eeg_tleft_lbeta_power_precond;eeg_fl_theta_power_precond"
2025-12-19 12:49:32.170727,34,"stress_label",5,16,0.0078125,0.430232558139535,0.412790697674419,0.40077519379845,5,"top5","eeg_fm_specent_precond;eeg_fm_lbeta_power_precond;eeg_faa_precond;eeg_tleft_lbeta_power_precond;eeg_fl_theta_power_precond"
2025-12-19 12:49:32.25275,34,"stress_label",5,32,0.0078125,0.424418604651163,0.488372093023256,0.370542635658915,5,"top5","eeg_fm_specent_precond;eeg_fm_lbeta_power_precond;eeg_faa_precond;eeg_tleft_lbeta_power_precond;eeg_fl_theta_power_precond"
2025-12-19 12:49:32.214361,34,"stress_label",5,64,0.0078125,0.424418604651163,0.546511627906977,0.342635658914729,5,"top5","eeg_fm_specent_precond;eeg_fm_lbeta_power_precond;eeg_faa_precond;eeg_tleft_lbeta_power_precond;eeg_fl_theta_power_precond"
2025-12-19 12:49:32.243766,34,"stress_label",5,128,0.0078125,0.436046511627907,0.424418604651163,0.350387596899225,5,"top5","eeg_fm_specent_precond;eeg_fm_lbeta_power_precond;eeg_faa_precond;eeg_tleft_lbeta_power_precond;eeg_fl_theta_power_precond"
2025-12-19 12:49:32.33387,34,"stress_label",5,256,0.0078125,0.482558139534884,0.453488372093023,NA,5,"top5","eeg_fm_specent_precond;eeg_fm_lbeta_power_precond;eeg_faa_precond;eeg_tleft_lbeta_power_precond;eeg_fl_theta_power_precond"
2025-12-19 12:49:32.188011,34,"stress_label",5,2,0.015625,0.476744186046512,0.488372093023256,0.427906976744186,5,"top5","eeg_fm_specent_precond;eeg_fm_lbeta_power_precond;eeg_faa_precond;eeg_tleft_lbeta_power_precond;eeg_fl_theta_power_precond"
2025-12-19 12:49:32.172048,34,"stress_label",5,4,0.015625,0.459302325581395,0.47093023255814,0.403875968992248,5,"top5","eeg_fm_specent_precond;eeg_fm_lbeta_power_precond;eeg_faa_precond;eeg_tleft_lbeta_power_precond;eeg_fl_theta_power_precond"
2025-12-19 12:49:32.207574,34,"stress_label",5,8,0.015625,0.436046511627907,0.465116279069767,0.382170542635659,5,"top5","eeg_fm_specent_precond;eeg_fm_lbeta_power_precond;eeg_faa_precond;eeg_tleft_lbeta_power_precond;eeg_fl_theta_power_precond"
2025-12-19 12:49:32.215334,34,"stress_label",5,16,0.015625,0.418604651162791,0.441860465116279,0.338759689922481,5,"top5","eeg_fm_specent_precond;eeg_fm_lbeta_power_precond;eeg_faa_precond;eeg_tleft_lbeta_power_precond;eeg_fl_theta_power_precond"
2025-12-19 12:49:32.218427,34,"stress_label",5,32,0.015625,0.441860465116279,0.476744186046512,0.338759689922481,5,"top5","eeg_fm_specent_precond;eeg_fm_lbeta_power_precond;eeg_faa_precond;eeg_tleft_lbeta_power_precond;eeg_fl_theta_power_precond"
2025-12-19 12:49:32.303272,34,"stress_label",5,64,0.015625,0.465116279069767,0.406976744186047,NA,5,"top5","eeg_fm_specent_precond;eeg_fm_lbeta_power_precond;eeg_faa_precond;eeg_tleft_lbeta_power_precond;eeg_fl_theta_power_precond"
2025-12-19 12:49:33.360286,34,"stress_label",5,128,0.015625,0.529069767441861,0.377906976744186,NA,5,"top5","eeg_fm_specent_precond;eeg_fm_lbeta_power_precond;eeg_faa_precond;eeg_tleft_lbeta_power_precond;eeg_fl_theta_power_precond"
2025-12-19 12:49:33.434786,34,"stress_label",5,256,0.015625,0.534883720930233,0.331395348837209,NA,5,"top5","eeg_fm_specent_precond;eeg_fm_lbeta_power_precond;eeg_faa_precond;eeg_tleft_lbeta_power_precond;eeg_fl_theta_power_precond"
2025-12-19 12:49:33.25189,34,"stress_label",5,2,0.03125,0.47093023255814,0.482558139534884,0.411627906976744,5,"top5","eeg_fm_specent_precond;eeg_fm_lbeta_power_precond;eeg_faa_precond;eeg_tleft_lbeta_power_precond;eeg_fl_theta_power_precond"
2025-12-19 12:49:33.229556,34,"stress_label",5,4,0.03125,0.447674418604651,0.465116279069767,0.372093023255814,5,"top5","eeg_fm_specent_precond;eeg_fm_lbeta_power_precond;eeg_faa_precond;eeg_tleft_lbeta_power_precond;eeg_fl_theta_power_precond"
2025-12-19 12:49:33.233533,34,"stress_label",5,8,0.03125,0.453488372093023,0.430232558139535,0.354263565891473,5,"top5","eeg_fm_specent_precond;eeg_fm_lbeta_power_precond;eeg_faa_precond;eeg_tleft_lbeta_power_precond;eeg_fl_theta_power_precond"
2025-12-19 12:49:33.296408,34,"stress_label",5,16,0.03125,0.47093023255814,0.38953488372093,NA,5,"top5","eeg_fm_specent_precond;eeg_fm_lbeta_power_precond;eeg_faa_precond;eeg_tleft_lbeta_power_precond;eeg_fl_theta_power_precond"
2025-12-19 12:49:33.319878,34,"stress_label",5,32,0.03125,0.534883720930233,0.343023255813953,NA,5,"top5","eeg_fm_specent_precond;eeg_fm_lbeta_power_precond;eeg_faa_precond;eeg_tleft_lbeta_power_precond;eeg_fl_theta_power_precond"
2025-12-19 12:49:33.404621,34,"stress_label",5,64,0.03125,0.529069767441861,0.27906976744186,NA,5,"top5","eeg_fm_specent_precond;eeg_fm_lbeta_power_precond;eeg_faa_precond;eeg_tleft_lbeta_power_precond;eeg_fl_theta_power_precond"
2025-12-19 12:49:33.523229,34,"stress_label",5,128,0.03125,0.523255813953488,0.406976744186047,NA,5,"top5","eeg_fm_specent_precond;eeg_fm_lbeta_power_precond;eeg_faa_precond;eeg_tleft_lbeta_power_precond;eeg_fl_theta_power_precond"
2025-12-19 12:49:33.750494,34,"stress_label",5,256,0.03125,0.540697674418605,0.366279069767442,NA,5,"top5","eeg_fm_specent_precond;eeg_fm_lbeta_power_precond;eeg_faa_precond;eeg_tleft_lbeta_power_precond;eeg_fl_theta_power_precond"
2025-12-19 12:49:33.296754,34,"stress_label",5,2,0.0625,0.447674418604651,0.441860465116279,0.372093023255814,5,"top5","eeg_fm_specent_precond;eeg_fm_lbeta_power_precond;eeg_faa_precond;eeg_tleft_lbeta_power_precond;eeg_fl_theta_power_precond"
2025-12-19 12:49:33.297685,34,"stress_label",5,4,0.0625,0.482558139534884,0.366279069767442,0.403100775193798,5,"top5","eeg_fm_specent_precond;eeg_fm_lbeta_power_precond;eeg_faa_precond;eeg_tleft_lbeta_power_precond;eeg_fl_theta_power_precond"
2025-12-19 12:49:33.395474,34,"stress_label",5,8,0.0625,0.529069767441861,0.38953488372093,NA,5,"top5","eeg_fm_specent_precond;eeg_fm_lbeta_power_precond;eeg_faa_precond;eeg_tleft_lbeta_power_precond;eeg_fl_theta_power_precond"
2025-12-19 12:49:33.430629,34,"stress_label",5,16,0.0625,0.523255813953488,0.36046511627907,NA,5,"top5","eeg_fm_specent_precond;eeg_fm_lbeta_power_precond;eeg_faa_precond;eeg_tleft_lbeta_power_precond;eeg_fl_theta_power_precond"
2025-12-19 12:49:34.397937,34,"stress_label",5,32,0.0625,0.523255813953488,0.343023255813953,NA,5,"top5","eeg_fm_specent_precond;eeg_fm_lbeta_power_precond;eeg_faa_precond;eeg_tleft_lbeta_power_precond;eeg_fl_theta_power_precond"
2025-12-19 12:49:34.507436,34,"stress_label",5,64,0.0625,0.534883720930233,0.372093023255814,NA,5,"top5","eeg_fm_specent_precond;eeg_fm_lbeta_power_precond;eeg_faa_precond;eeg_tleft_lbeta_power_precond;eeg_fl_theta_power_precond"
2025-12-19 12:49:34.720536,34,"stress_label",5,128,0.0625,0.494186046511628,0.505813953488372,NA,5,"top5","eeg_fm_specent_precond;eeg_fm_lbeta_power_precond;eeg_faa_precond;eeg_tleft_lbeta_power_precond;eeg_fl_theta_power_precond"
2025-12-19 12:49:35.018351,34,"stress_label",5,256,0.0625,0.529069767441861,0.424418604651163,NA,5,"top5","eeg_fm_specent_precond;eeg_fm_lbeta_power_precond;eeg_faa_precond;eeg_tleft_lbeta_power_precond;eeg_fl_theta_power_precond"
2025-12-19 12:49:34.325918,34,"stress_label",5,2,0.125,0.546511627906977,0.308139534883721,NA,5,"top5","eeg_fm_specent_precond;eeg_fm_lbeta_power_precond;eeg_faa_precond;eeg_tleft_lbeta_power_precond;eeg_fl_theta_power_precond"
2025-12-19 12:49:34.336508,34,"stress_label",5,4,0.125,0.534883720930233,0.348837209302326,NA,5,"top5","eeg_fm_specent_precond;eeg_fm_lbeta_power_precond;eeg_faa_precond;eeg_tleft_lbeta_power_precond;eeg_fl_theta_power_precond"
2025-12-19 12:49:34.403698,34,"stress_label",5,8,0.125,0.534883720930233,0.482558139534884,NA,5,"top5","eeg_fm_specent_precond;eeg_fm_lbeta_power_precond;eeg_faa_precond;eeg_tleft_lbeta_power_precond;eeg_fl_theta_power_precond"
2025-12-19 12:49:34.488851,34,"stress_label",5,16,0.125,0.529069767441861,0.517441860465116,NA,5,"top5","eeg_fm_specent_precond;eeg_fm_lbeta_power_precond;eeg_faa_precond;eeg_tleft_lbeta_power_precond;eeg_fl_theta_power_precond"
2025-12-19 12:49:34.625363,34,"stress_label",5,32,0.125,0.546511627906977,0.546511627906977,NA,5,"top5","eeg_fm_specent_precond;eeg_fm_lbeta_power_precond;eeg_faa_precond;eeg_tleft_lbeta_power_precond;eeg_fl_theta_power_precond"
2025-12-19 12:49:34.72456,34,"stress_label",5,64,0.125,0.517441860465116,0.459302325581395,NA,5,"top5","eeg_fm_specent_precond;eeg_fm_lbeta_power_precond;eeg_faa_precond;eeg_tleft_lbeta_power_precond;eeg_fl_theta_power_precond"
2025-12-19 12:49:35.027397,34,"stress_label",5,128,0.125,0.558139534883721,0.47093023255814,NA,5,"top5","eeg_fm_specent_precond;eeg_fm_lbeta_power_precond;eeg_faa_precond;eeg_tleft_lbeta_power_precond;eeg_fl_theta_power_precond"
2025-12-19 12:49:35.465843,34,"stress_label",5,256,0.125,0.529069767441861,0.523255813953488,NA,5,"top5","eeg_fm_specent_precond;eeg_fm_lbeta_power_precond;eeg_faa_precond;eeg_tleft_lbeta_power_precond;eeg_fl_theta_power_precond"
2025-12-19 12:49:34.555825,34,"stress_label",5,2,0.03,0.465116279069767,0.459302325581395,0.411627906976744,5,"top5","eeg_fm_specent_precond;eeg_fm_lbeta_power_precond;eeg_faa_precond;eeg_tleft_lbeta_power_precond;eeg_fl_theta_power_precond"
2025-12-19 12:49:34.796103,34,"stress_label",5,4,0.03,0.441860465116279,0.488372093023256,0.36046511627907,5,"top5","eeg_fm_specent_precond;eeg_fm_lbeta_power_precond;eeg_faa_precond;eeg_tleft_lbeta_power_precond;eeg_fl_theta_power_precond"
2025-12-19 12:49:35.351489,34,"stress_label",5,8,0.03,0.447674418604651,0.505813953488372,0.354263565891473,5,"top5","eeg_fm_specent_precond;eeg_fm_lbeta_power_precond;eeg_faa_precond;eeg_tleft_lbeta_power_precond;eeg_fl_theta_power_precond"
2025-12-19 12:49:35.386465,34,"stress_label",5,16,0.03,0.447674418604651,0.395348837209302,NA,5,"top5","eeg_fm_specent_precond;eeg_fm_lbeta_power_precond;eeg_faa_precond;eeg_tleft_lbeta_power_precond;eeg_fl_theta_power_precond"
2025-12-19 12:49:35.518389,34,"stress_label",5,32,0.03,0.529069767441861,0.401162790697674,NA,5,"top5","eeg_fm_specent_precond;eeg_fm_lbeta_power_precond;eeg_faa_precond;eeg_tleft_lbeta_power_precond;eeg_fl_theta_power_precond"
2025-12-19 12:49:35.551544,34,"stress_label",5,64,0.03,0.523255813953488,0.302325581395349,NA,5,"top5","eeg_fm_specent_precond;eeg_fm_lbeta_power_precond;eeg_faa_precond;eeg_tleft_lbeta_power_precond;eeg_fl_theta_power_precond"
2025-12-19 12:49:35.752908,34,"stress_label",5,128,0.03,0.534883720930233,0.377906976744186,NA,5,"top5","eeg_fm_specent_precond;eeg_fm_lbeta_power_precond;eeg_faa_precond;eeg_tleft_lbeta_power_precond;eeg_fl_theta_power_precond"
2025-12-19 12:49:35.985962,34,"stress_label",5,256,0.03,0.540697674418605,0.418604651162791,NA,5,"top5","eeg_fm_specent_precond;eeg_fm_lbeta_power_precond;eeg_faa_precond;eeg_tleft_lbeta_power_precond;eeg_fl_theta_power_precond"
2025-12-19 12:49:35.568658,34,"stress_label",5,2,0.06,0.453488372093023,0.465116279069767,0.372093023255814,5,"top5","eeg_fm_specent_precond;eeg_fm_lbeta_power_precond;eeg_faa_precond;eeg_tleft_lbeta_power_precond;eeg_fl_theta_power_precond"
2025-12-19 12:49:35.635723,34,"stress_label",5,4,0.06,0.47093023255814,0.418604651162791,0.385271317829457,5,"top5","eeg_fm_specent_precond;eeg_fm_lbeta_power_precond;eeg_faa_precond;eeg_tleft_lbeta_power_precond;eeg_fl_theta_power_precond"
2025-12-19 12:49:35.773755,34,"stress_label",5,8,0.06,0.529069767441861,0.331395348837209,NA,5,"top5","eeg_fm_specent_precond;eeg_fm_lbeta_power_precond;eeg_faa_precond;eeg_tleft_lbeta_power_precond;eeg_fl_theta_power_precond"
2025-12-19 12:49:35.807745,34,"stress_label",5,16,0.06,0.540697674418605,0.412790697674419,NA,5,"top5","eeg_fm_specent_precond;eeg_fm_lbeta_power_precond;eeg_faa_precond;eeg_tleft_lbeta_power_precond;eeg_fl_theta_power_precond"
2025-12-19 12:49:35.932205,34,"stress_label",5,32,0.06,0.529069767441861,0.343023255813953,NA,5,"top5","eeg_fm_specent_precond;eeg_fm_lbeta_power_precond;eeg_faa_precond;eeg_tleft_lbeta_power_precond;eeg_fl_theta_power_precond"
2025-12-19 12:49:36.2249,34,"stress_label",5,64,0.06,0.546511627906977,0.424418604651163,NA,5,"top5","eeg_fm_specent_precond;eeg_fm_lbeta_power_precond;eeg_faa_precond;eeg_tleft_lbeta_power_precond;eeg_fl_theta_power_precond"
2025-12-19 12:49:36.412831,34,"stress_label",5,128,0.06,0.488372093023256,0.505813953488372,NA,5,"top5","eeg_fm_specent_precond;eeg_fm_lbeta_power_precond;eeg_faa_precond;eeg_tleft_lbeta_power_precond;eeg_fl_theta_power_precond"
2025-12-19 12:49:36.832362,34,"stress_label",5,256,0.06,0.529069767441861,0.488372093023256,NA,5,"top5","eeg_fm_specent_precond;eeg_fm_lbeta_power_precond;eeg_faa_precond;eeg_tleft_lbeta_power_precond;eeg_fl_theta_power_precond"
2025-12-19 12:49:36.382053,34,"stress_label",5,2,0.1,0.488372093023256,0.540697674418605,0.431007751937985,5,"top5","eeg_fm_specent_precond;eeg_fm_lbeta_power_precond;eeg_faa_precond;eeg_tleft_lbeta_power_precond;eeg_fl_theta_power_precond"
2025-12-19 12:49:36.421941,34,"stress_label",5,4,0.1,0.552325581395349,0.383720930232558,NA,5,"top5","eeg_fm_specent_precond;eeg_fm_lbeta_power_precond;eeg_faa_precond;eeg_tleft_lbeta_power_precond;eeg_fl_theta_power_precond"
2025-12-19 12:49:36.482628,34,"stress_label",5,8,0.1,0.534883720930233,0.337209302325581,NA,5,"top5","eeg_fm_specent_precond;eeg_fm_lbeta_power_precond;eeg_faa_precond;eeg_tleft_lbeta_power_precond;eeg_fl_theta_power_precond"
2025-12-19 12:49:36.562189,34,"stress_label",5,16,0.1,0.546511627906977,0.47093023255814,NA,5,"top5","eeg_fm_specent_precond;eeg_fm_lbeta_power_precond;eeg_faa_precond;eeg_tleft_lbeta_power_precond;eeg_fl_theta_power_precond"
2025-12-19 12:49:36.611962,34,"stress_label",5,32,0.1,0.523255813953488,0.558139534883721,NA,5,"top5","eeg_fm_specent_precond;eeg_fm_lbeta_power_precond;eeg_faa_precond;eeg_tleft_lbeta_power_precond;eeg_fl_theta_power_precond"
2025-12-19 12:49:36.734932,34,"stress_label",5,64,0.1,0.523255813953488,0.453488372093023,NA,5,"top5","eeg_fm_specent_precond;eeg_fm_lbeta_power_precond;eeg_faa_precond;eeg_tleft_lbeta_power_precond;eeg_fl_theta_power_precond"
2025-12-19 12:49:36.95206,34,"stress_label",5,128,0.1,0.505813953488372,0.47093023255814,NA,5,"top5","eeg_fm_specent_precond;eeg_fm_lbeta_power_precond;eeg_faa_precond;eeg_tleft_lbeta_power_precond;eeg_fl_theta_power_precond"
2025-12-19 12:49:37.236342,34,"stress_label",5,256,0.1,0.563953488372093,0.517441860465116,NA,5,"top5","eeg_fm_specent_precond;eeg_fm_lbeta_power_precond;eeg_faa_precond;eeg_tleft_lbeta_power_precond;eeg_fl_theta_power_precond"
2025-12-19 12:49:38.471736,35,"stress_label",5,2,0.0078125,0.441860465116279,0.529069767441861,0.441860465116279,5,"top5","eeg_fm_lbeta_power_precond;eeg_fl_theta_power_precond;eeg_faa_precond;eeg_tleft_lbeta_power_precond;eeg_pleft_halpha_power_precond"
2025-12-19 12:49:38.468952,35,"stress_label",5,4,0.0078125,0.447674418604651,0.453488372093023,0.444961240310077,5,"top5","eeg_fm_lbeta_power_precond;eeg_fl_theta_power_precond;eeg_faa_precond;eeg_tleft_lbeta_power_precond;eeg_pleft_halpha_power_precond"
2025-12-19 12:49:38.46901,35,"stress_label",5,8,0.0078125,0.424418604651163,0.5,0.406976744186047,5,"top5","eeg_fm_lbeta_power_precond;eeg_fl_theta_power_precond;eeg_faa_precond;eeg_tleft_lbeta_power_precond;eeg_pleft_halpha_power_precond"
2025-12-19 12:49:38.478484,35,"stress_label",5,16,0.0078125,0.441860465116279,0.430232558139535,0.416279069767442,5,"top5","eeg_fm_lbeta_power_precond;eeg_fl_theta_power_precond;eeg_faa_precond;eeg_tleft_lbeta_power_precond;eeg_pleft_halpha_power_precond"
2025-12-19 12:49:38.495329,35,"stress_label",5,32,0.0078125,0.441860465116279,0.488372093023256,0.402325581395349,5,"top5","eeg_fm_lbeta_power_precond;eeg_fl_theta_power_precond;eeg_faa_precond;eeg_tleft_lbeta_power_precond;eeg_pleft_halpha_power_precond"
2025-12-19 12:49:38.534181,35,"stress_label",5,64,0.0078125,0.436046511627907,0.459302325581395,NA,5,"top5","eeg_fm_lbeta_power_precond;eeg_fl_theta_power_precond;eeg_faa_precond;eeg_tleft_lbeta_power_precond;eeg_pleft_halpha_power_precond"
2025-12-19 12:49:38.538152,35,"stress_label",5,128,0.0078125,0.482558139534884,0.412790697674419,NA,5,"top5","eeg_fm_lbeta_power_precond;eeg_fl_theta_power_precond;eeg_faa_precond;eeg_tleft_lbeta_power_precond;eeg_pleft_halpha_power_precond"
2025-12-19 12:49:38.567985,35,"stress_label",5,256,0.0078125,0.482558139534884,0.38953488372093,NA,5,"top5","eeg_fm_lbeta_power_precond;eeg_fl_theta_power_precond;eeg_faa_precond;eeg_tleft_lbeta_power_precond;eeg_pleft_halpha_power_precond"
2025-12-19 12:49:38.452756,35,"stress_label",5,2,0.015625,0.436046511627907,0.517441860465116,0.433333333333333,5,"top5","eeg_fm_lbeta_power_precond;eeg_fl_theta_power_precond;eeg_faa_precond;eeg_tleft_lbeta_power_precond;eeg_pleft_halpha_power_precond"
2025-12-19 12:49:38.459491,35,"stress_label",5,4,0.015625,0.430232558139535,0.523255813953488,0.403100775193798,5,"top5","eeg_fm_lbeta_power_precond;eeg_fl_theta_power_precond;eeg_faa_precond;eeg_tleft_lbeta_power_precond;eeg_pleft_halpha_power_precond"
2025-12-19 12:49:38.483614,35,"stress_label",5,8,0.015625,0.412790697674419,0.505813953488372,NA,5,"top5","eeg_fm_lbeta_power_precond;eeg_fl_theta_power_precond;eeg_faa_precond;eeg_tleft_lbeta_power_precond;eeg_pleft_halpha_power_precond"
2025-12-19 12:49:38.493332,35,"stress_label",5,16,0.015625,0.453488372093023,0.401162790697674,NA,5,"top5","eeg_fm_lbeta_power_precond;eeg_fl_theta_power_precond;eeg_faa_precond;eeg_tleft_lbeta_power_precond;eeg_pleft_halpha_power_precond"
2025-12-19 12:49:38.529714,35,"stress_label",5,32,0.015625,0.476744186046512,0.523255813953488,NA,5,"top5","eeg_fm_lbeta_power_precond;eeg_fl_theta_power_precond;eeg_faa_precond;eeg_tleft_lbeta_power_precond;eeg_pleft_halpha_power_precond"
2025-12-19 12:49:38.489344,35,"stress_label",5,64,0.015625,0.482558139534884,0.366279069767442,NA,5,"top5","eeg_fm_lbeta_power_precond;eeg_fl_theta_power_precond;eeg_faa_precond;eeg_tleft_lbeta_power_precond;eeg_pleft_halpha_power_precond"
2025-12-19 12:49:39.582855,35,"stress_label",5,128,0.015625,0.5,0.436046511627907,NA,5,"top5","eeg_fm_lbeta_power_precond;eeg_fl_theta_power_precond;eeg_faa_precond;eeg_tleft_lbeta_power_precond;eeg_pleft_halpha_power_precond"
2025-12-19 12:49:39.672482,35,"stress_label",5,256,0.015625,0.517441860465116,0.47093023255814,0.483720930232558,5,"top5","eeg_fm_lbeta_power_precond;eeg_fl_theta_power_precond;eeg_faa_precond;eeg_tleft_lbeta_power_precond;eeg_pleft_halpha_power_precond"
2025-12-19 12:49:39.519842,35,"stress_label",5,2,0.03125,0.430232558139535,0.558139534883721,NA,5,"top5","eeg_fm_lbeta_power_precond;eeg_fl_theta_power_precond;eeg_faa_precond;eeg_tleft_lbeta_power_precond;eeg_pleft_halpha_power_precond"
2025-12-19 12:49:39.497311,35,"stress_label",5,4,0.03125,0.436046511627907,0.534883720930233,NA,5,"top5","eeg_fm_lbeta_power_precond;eeg_fl_theta_power_precond;eeg_faa_precond;eeg_tleft_lbeta_power_precond;eeg_pleft_halpha_power_precond"
2025-12-19 12:49:39.559536,35,"stress_label",5,8,0.03125,0.47093023255814,0.447674418604651,NA,5,"top5","eeg_fm_lbeta_power_precond;eeg_fl_theta_power_precond;eeg_faa_precond;eeg_tleft_lbeta_power_precond;eeg_pleft_halpha_power_precond"
2025-12-19 12:49:39.545696,35,"stress_label",5,16,0.03125,0.505813953488372,0.36046511627907,NA,5,"top5","eeg_fm_lbeta_power_precond;eeg_fl_theta_power_precond;eeg_faa_precond;eeg_tleft_lbeta_power_precond;eeg_pleft_halpha_power_precond"
2025-12-19 12:49:39.575653,35,"stress_label",5,32,0.03125,0.505813953488372,0.354651162790698,NA,5,"top5","eeg_fm_lbeta_power_precond;eeg_fl_theta_power_precond;eeg_faa_precond;eeg_tleft_lbeta_power_precond;eeg_pleft_halpha_power_precond"
2025-12-19 12:49:39.658591,35,"stress_label",5,64,0.03125,0.552325581395349,0.5,NA,5,"top5","eeg_fm_lbeta_power_precond;eeg_fl_theta_power_precond;eeg_faa_precond;eeg_tleft_lbeta_power_precond;eeg_pleft_halpha_power_precond"
2025-12-19 12:49:39.779437,35,"stress_label",5,128,0.03125,0.569767441860465,0.511627906976744,NA,5,"top5","eeg_fm_lbeta_power_precond;eeg_fl_theta_power_precond;eeg_faa_precond;eeg_tleft_lbeta_power_precond;eeg_pleft_halpha_power_precond"
2025-12-19 12:49:39.909689,35,"stress_label",5,256,0.03125,0.546511627906977,0.476744186046512,NA,5,"top5","eeg_fm_lbeta_power_precond;eeg_fl_theta_power_precond;eeg_faa_precond;eeg_tleft_lbeta_power_precond;eeg_pleft_halpha_power_precond"
2025-12-19 12:49:39.598355,35,"stress_label",5,2,0.0625,0.5,0.505813953488372,NA,5,"top5","eeg_fm_lbeta_power_precond;eeg_fl_theta_power_precond;eeg_faa_precond;eeg_tleft_lbeta_power_precond;eeg_pleft_halpha_power_precond"
2025-12-19 12:49:39.598497,35,"stress_label",5,4,0.0625,0.494186046511628,0.38953488372093,NA,5,"top5","eeg_fm_lbeta_power_precond;eeg_fl_theta_power_precond;eeg_faa_precond;eeg_tleft_lbeta_power_precond;eeg_pleft_halpha_power_precond"
2025-12-19 12:49:39.569865,35,"stress_label",5,8,0.0625,0.540697674418605,0.401162790697674,NA,5,"top5","eeg_fm_lbeta_power_precond;eeg_fl_theta_power_precond;eeg_faa_precond;eeg_tleft_lbeta_power_precond;eeg_pleft_halpha_power_precond"
2025-12-19 12:49:39.63388,35,"stress_label",5,16,0.0625,0.563953488372093,0.505813953488372,NA,5,"top5","eeg_fm_lbeta_power_precond;eeg_fl_theta_power_precond;eeg_faa_precond;eeg_tleft_lbeta_power_precond;eeg_pleft_halpha_power_precond"
2025-12-19 12:49:40.64366,35,"stress_label",5,32,0.0625,0.552325581395349,0.38953488372093,NA,5,"top5","eeg_fm_lbeta_power_precond;eeg_fl_theta_power_precond;eeg_faa_precond;eeg_tleft_lbeta_power_precond;eeg_pleft_halpha_power_precond"
2025-12-19 12:49:40.721206,35,"stress_label",5,64,0.0625,0.511627906976744,0.441860465116279,NA,5,"top5","eeg_fm_lbeta_power_precond;eeg_fl_theta_power_precond;eeg_faa_precond;eeg_tleft_lbeta_power_precond;eeg_pleft_halpha_power_precond"
2025-12-19 12:49:40.991735,35,"stress_label",5,128,0.0625,0.482558139534884,0.459302325581395,NA,5,"top5","eeg_fm_lbeta_power_precond;eeg_fl_theta_power_precond;eeg_faa_precond;eeg_tleft_lbeta_power_precond;eeg_pleft_halpha_power_precond"
2025-12-19 12:49:41.280756,35,"stress_label",5,256,0.0625,0.505813953488372,0.517441860465116,NA,5,"top5","eeg_fm_lbeta_power_precond;eeg_fl_theta_power_precond;eeg_faa_precond;eeg_tleft_lbeta_power_precond;eeg_pleft_halpha_power_precond"
2025-12-19 12:49:40.669166,35,"stress_label",5,2,0.125,0.569767441860465,0.36046511627907,NA,5,"top5","eeg_fm_lbeta_power_precond;eeg_fl_theta_power_precond;eeg_faa_precond;eeg_tleft_lbeta_power_precond;eeg_pleft_halpha_power_precond"
2025-12-19 12:49:40.650032,35,"stress_label",5,4,0.125,0.575581395348837,0.529069767441861,NA,5,"top5","eeg_fm_lbeta_power_precond;eeg_fl_theta_power_precond;eeg_faa_precond;eeg_tleft_lbeta_power_precond;eeg_pleft_halpha_power_precond"
2025-12-19 12:49:40.645892,35,"stress_label",5,8,0.125,0.575581395348837,0.523255813953488,NA,5,"top5","eeg_fm_lbeta_power_precond;eeg_fl_theta_power_precond;eeg_faa_precond;eeg_tleft_lbeta_power_precond;eeg_pleft_halpha_power_precond"
2025-12-19 12:49:40.724015,35,"stress_label",5,16,0.125,0.505813953488372,0.482558139534884,NA,5,"top5","eeg_fm_lbeta_power_precond;eeg_fl_theta_power_precond;eeg_faa_precond;eeg_tleft_lbeta_power_precond;eeg_pleft_halpha_power_precond"
2025-12-19 12:49:40.76477,35,"stress_label",5,32,0.125,0.517441860465116,0.5,NA,5,"top5","eeg_fm_lbeta_power_precond;eeg_fl_theta_power_precond;eeg_faa_precond;eeg_tleft_lbeta_power_precond;eeg_pleft_halpha_power_precond"
2025-12-19 12:49:40.970923,35,"stress_label",5,64,0.125,0.517441860465116,0.488372093023256,NA,5,"top5","eeg_fm_lbeta_power_precond;eeg_fl_theta_power_precond;eeg_faa_precond;eeg_tleft_lbeta_power_precond;eeg_pleft_halpha_power_precond"
2025-12-19 12:49:41.256846,35,"stress_label",5,128,0.125,0.494186046511628,0.523255813953488,NA,5,"top5","eeg_fm_lbeta_power_precond;eeg_fl_theta_power_precond;eeg_faa_precond;eeg_tleft_lbeta_power_precond;eeg_pleft_halpha_power_precond"
2025-12-19 12:49:41.633766,35,"stress_label",5,256,0.125,0.482558139534884,0.453488372093023,NA,5,"top5","eeg_fm_lbeta_power_precond;eeg_fl_theta_power_precond;eeg_faa_precond;eeg_tleft_lbeta_power_precond;eeg_pleft_halpha_power_precond"
2025-12-19 12:49:40.78507,35,"stress_label",5,2,0.03,0.436046511627907,0.418604651162791,0.404651162790698,5,"top5","eeg_fm_lbeta_power_precond;eeg_fl_theta_power_precond;eeg_faa_precond;eeg_tleft_lbeta_power_precond;eeg_pleft_halpha_power_precond"
2025-12-19 12:49:40.985426,35,"stress_label",5,4,0.03,0.441860465116279,0.447674418604651,NA,5,"top5","eeg_fm_lbeta_power_precond;eeg_fl_theta_power_precond;eeg_faa_precond;eeg_tleft_lbeta_power_precond;eeg_pleft_halpha_power_precond"
2025-12-19 12:49:41.742893,35,"stress_label",5,8,0.03,0.465116279069767,0.436046511627907,NA,5,"top5","eeg_fm_lbeta_power_precond;eeg_fl_theta_power_precond;eeg_faa_precond;eeg_tleft_lbeta_power_precond;eeg_pleft_halpha_power_precond"
2025-12-19 12:49:41.727528,35,"stress_label",5,16,0.03,0.488372093023256,0.395348837209302,NA,5,"top5","eeg_fm_lbeta_power_precond;eeg_fl_theta_power_precond;eeg_faa_precond;eeg_tleft_lbeta_power_precond;eeg_pleft_halpha_power_precond"
2025-12-19 12:49:41.804349,35,"stress_label",5,32,0.03,0.505813953488372,0.418604651162791,NA,5,"top5","eeg_fm_lbeta_power_precond;eeg_fl_theta_power_precond;eeg_faa_precond;eeg_tleft_lbeta_power_precond;eeg_pleft_halpha_power_precond"
2025-12-19 12:49:41.844645,35,"stress_label",5,64,0.03,0.552325581395349,0.395348837209302,NA,5,"top5","eeg_fm_lbeta_power_precond;eeg_fl_theta_power_precond;eeg_faa_precond;eeg_tleft_lbeta_power_precond;eeg_pleft_halpha_power_precond"
2025-12-19 12:49:42.021222,35,"stress_label",5,128,0.03,0.569767441860465,0.488372093023256,NA,5,"top5","eeg_fm_lbeta_power_precond;eeg_fl_theta_power_precond;eeg_faa_precond;eeg_tleft_lbeta_power_precond;eeg_pleft_halpha_power_precond"
2025-12-19 12:49:42.192198,35,"stress_label",5,256,0.03,0.546511627906977,0.523255813953488,NA,5,"top5","eeg_fm_lbeta_power_precond;eeg_fl_theta_power_precond;eeg_faa_precond;eeg_tleft_lbeta_power_precond;eeg_pleft_halpha_power_precond"
2025-12-19 12:49:41.837446,35,"stress_label",5,2,0.06,0.5,0.505813953488372,NA,5,"top5","eeg_fm_lbeta_power_precond;eeg_fl_theta_power_precond;eeg_faa_precond;eeg_tleft_lbeta_power_precond;eeg_pleft_halpha_power_precond"
2025-12-19 12:49:41.864844,35,"stress_label",5,4,0.06,0.494186046511628,0.430232558139535,NA,5,"top5","eeg_fm_lbeta_power_precond;eeg_fl_theta_power_precond;eeg_faa_precond;eeg_tleft_lbeta_power_precond;eeg_pleft_halpha_power_precond"
2025-12-19 12:49:42.037748,35,"stress_label",5,8,0.06,0.534883720930233,0.325581395348837,NA,5,"top5","eeg_fm_lbeta_power_precond;eeg_fl_theta_power_precond;eeg_faa_precond;eeg_tleft_lbeta_power_precond;eeg_pleft_halpha_power_precond"
2025-12-19 12:49:42.095126,35,"stress_label",5,16,0.06,0.558139534883721,0.476744186046512,NA,5,"top5","eeg_fm_lbeta_power_precond;eeg_fl_theta_power_precond;eeg_faa_precond;eeg_tleft_lbeta_power_precond;eeg_pleft_halpha_power_precond"
2025-12-19 12:49:42.095581,35,"stress_label",5,32,0.06,0.552325581395349,0.517441860465116,NA,5,"top5","eeg_fm_lbeta_power_precond;eeg_fl_theta_power_precond;eeg_faa_precond;eeg_tleft_lbeta_power_precond;eeg_pleft_halpha_power_precond"
2025-12-19 12:49:42.387519,35,"stress_label",5,64,0.06,0.523255813953488,0.47093023255814,NA,5,"top5","eeg_fm_lbeta_power_precond;eeg_fl_theta_power_precond;eeg_faa_precond;eeg_tleft_lbeta_power_precond;eeg_pleft_halpha_power_precond"
2025-12-19 12:49:42.602924,35,"stress_label",5,128,0.06,0.482558139534884,0.482558139534884,NA,5,"top5","eeg_fm_lbeta_power_precond;eeg_fl_theta_power_precond;eeg_faa_precond;eeg_tleft_lbeta_power_precond;eeg_pleft_halpha_power_precond"
2025-12-19 12:49:42.978582,35,"stress_label",5,256,0.06,0.505813953488372,0.529069767441861,NA,5,"top5","eeg_fm_lbeta_power_precond;eeg_fl_theta_power_precond;eeg_faa_precond;eeg_tleft_lbeta_power_precond;eeg_pleft_halpha_power_precond"
2025-12-19 12:49:42.723543,35,"stress_label",5,2,0.1,0.517441860465116,0.36046511627907,NA,5,"top5","eeg_fm_lbeta_power_precond;eeg_fl_theta_power_precond;eeg_faa_precond;eeg_tleft_lbeta_power_precond;eeg_pleft_halpha_power_precond"
2025-12-19 12:49:42.712111,35,"stress_label",5,4,0.1,0.546511627906977,0.38953488372093,NA,5,"top5","eeg_fm_lbeta_power_precond;eeg_fl_theta_power_precond;eeg_faa_precond;eeg_tleft_lbeta_power_precond;eeg_pleft_halpha_power_precond"
2025-12-19 12:49:42.75331,35,"stress_label",5,8,0.1,0.569767441860465,0.511627906976744,NA,5,"top5","eeg_fm_lbeta_power_precond;eeg_fl_theta_power_precond;eeg_faa_precond;eeg_tleft_lbeta_power_precond;eeg_pleft_halpha_power_precond"
2025-12-19 12:49:42.799078,35,"stress_label",5,16,0.1,0.540697674418605,0.534883720930233,NA,5,"top5","eeg_fm_lbeta_power_precond;eeg_fl_theta_power_precond;eeg_faa_precond;eeg_tleft_lbeta_power_precond;eeg_pleft_halpha_power_precond"
2025-12-19 12:49:42.863368,35,"stress_label",5,32,0.1,0.494186046511628,0.517441860465116,NA,5,"top5","eeg_fm_lbeta_power_precond;eeg_fl_theta_power_precond;eeg_faa_precond;eeg_tleft_lbeta_power_precond;eeg_pleft_halpha_power_precond"
2025-12-19 12:49:42.927007,35,"stress_label",5,64,0.1,0.517441860465116,0.488372093023256,NA,5,"top5","eeg_fm_lbeta_power_precond;eeg_fl_theta_power_precond;eeg_faa_precond;eeg_tleft_lbeta_power_precond;eeg_pleft_halpha_power_precond"
2025-12-19 12:49:43.128085,35,"stress_label",5,128,0.1,0.511627906976744,0.441860465116279,NA,5,"top5","eeg_fm_lbeta_power_precond;eeg_fl_theta_power_precond;eeg_faa_precond;eeg_tleft_lbeta_power_precond;eeg_pleft_halpha_power_precond"
2025-12-19 12:49:43.377531,35,"stress_label",5,256,0.1,0.511627906976744,0.575581395348837,NA,5,"top5","eeg_fm_lbeta_power_precond;eeg_fl_theta_power_precond;eeg_faa_precond;eeg_tleft_lbeta_power_precond;eeg_pleft_halpha_power_precond"
2025-12-19 12:49:44.614228,36,"stress_label",5,2,0.0078125,0.494186046511628,0.401162790697674,0.471317829457364,5,"top5","eeg_fm_lbeta_power_precond;eeg_fm_specent_precond;eeg_faa_precond;eeg_tleft_lbeta_power_precond;eeg_fl_theta_power_precond"
2025-12-19 12:49:44.58711,36,"stress_label",5,4,0.0078125,0.459302325581395,0.377906976744186,0.424031007751938,5,"top5","eeg_fm_lbeta_power_precond;eeg_fm_specent_precond;eeg_faa_precond;eeg_tleft_lbeta_power_precond;eeg_fl_theta_power_precond"
2025-12-19 12:49:44.6011,36,"stress_label",5,8,0.0078125,0.453488372093023,0.366279069767442,0.413178294573643,5,"top5","eeg_fm_lbeta_power_precond;eeg_fm_specent_precond;eeg_faa_precond;eeg_tleft_lbeta_power_precond;eeg_fl_theta_power_precond"
2025-12-19 12:49:44.620421,36,"stress_label",5,16,0.0078125,0.441860465116279,0.383720930232558,0.397674418604651,5,"top5","eeg_fm_lbeta_power_precond;eeg_fm_specent_precond;eeg_faa_precond;eeg_tleft_lbeta_power_precond;eeg_fl_theta_power_precond"
2025-12-19 12:49:44.632552,36,"stress_label",5,32,0.0078125,0.424418604651163,0.36046511627907,0.348062015503876,5,"top5","eeg_fm_lbeta_power_precond;eeg_fm_specent_precond;eeg_faa_precond;eeg_tleft_lbeta_power_precond;eeg_fl_theta_power_precond"
2025-12-19 12:49:44.637362,36,"stress_label",5,64,0.0078125,0.430232558139535,0.465116279069767,NA,5,"top5","eeg_fm_lbeta_power_precond;eeg_fm_specent_precond;eeg_faa_precond;eeg_tleft_lbeta_power_precond;eeg_fl_theta_power_precond"
2025-12-19 12:49:44.690407,36,"stress_label",5,128,0.0078125,0.453488372093023,0.436046511627907,NA,5,"top5","eeg_fm_lbeta_power_precond;eeg_fm_specent_precond;eeg_faa_precond;eeg_tleft_lbeta_power_precond;eeg_fl_theta_power_precond"
2025-12-19 12:49:44.785079,36,"stress_label",5,256,0.0078125,0.511627906976744,0.436046511627907,NA,5,"top5","eeg_fm_lbeta_power_precond;eeg_fm_specent_precond;eeg_faa_precond;eeg_tleft_lbeta_power_precond;eeg_fl_theta_power_precond"
2025-12-19 12:49:44.580316,36,"stress_label",5,2,0.015625,0.476744186046512,0.482558139534884,0.441085271317829,5,"top5","eeg_fm_lbeta_power_precond;eeg_fm_specent_precond;eeg_faa_precond;eeg_tleft_lbeta_power_precond;eeg_fl_theta_power_precond"
2025-12-19 12:49:44.586672,36,"stress_label",5,4,0.015625,0.465116279069767,0.424418604651163,0.42093023255814,5,"top5","eeg_fm_lbeta_power_precond;eeg_fm_specent_precond;eeg_faa_precond;eeg_tleft_lbeta_power_precond;eeg_fl_theta_power_precond"
2025-12-19 12:49:44.628703,36,"stress_label",5,8,0.015625,0.436046511627907,0.372093023255814,0.382945736434109,5,"top5","eeg_fm_lbeta_power_precond;eeg_fm_specent_precond;eeg_faa_precond;eeg_tleft_lbeta_power_precond;eeg_fl_theta_power_precond"
2025-12-19 12:49:44.632422,36,"stress_label",5,16,0.015625,0.430232558139535,0.418604651162791,0.365891472868217,5,"top5","eeg_fm_lbeta_power_precond;eeg_fm_specent_precond;eeg_faa_precond;eeg_tleft_lbeta_power_precond;eeg_fl_theta_power_precond"
2025-12-19 12:49:44.659693,36,"stress_label",5,32,0.015625,0.453488372093023,0.401162790697674,NA,5,"top5","eeg_fm_lbeta_power_precond;eeg_fm_specent_precond;eeg_faa_precond;eeg_tleft_lbeta_power_precond;eeg_fl_theta_power_precond"
2025-12-19 12:49:44.715522,36,"stress_label",5,64,0.015625,0.494186046511628,0.302325581395349,NA,5,"top5","eeg_fm_lbeta_power_precond;eeg_fm_specent_precond;eeg_faa_precond;eeg_tleft_lbeta_power_precond;eeg_fl_theta_power_precond"
2025-12-19 12:49:45.746566,36,"stress_label",5,128,0.015625,0.505813953488372,0.36046511627907,NA,5,"top5","eeg_fm_lbeta_power_precond;eeg_fm_specent_precond;eeg_faa_precond;eeg_tleft_lbeta_power_precond;eeg_fl_theta_power_precond"
2025-12-19 12:49:45.862513,36,"stress_label",5,256,0.015625,0.540697674418605,0.424418604651163,NA,5,"top5","eeg_fm_lbeta_power_precond;eeg_fm_specent_precond;eeg_faa_precond;eeg_tleft_lbeta_power_precond;eeg_fl_theta_power_precond"
2025-12-19 12:49:45.657126,36,"stress_label",5,2,0.03125,0.476744186046512,0.401162790697674,NA,5,"top5","eeg_fm_lbeta_power_precond;eeg_fm_specent_precond;eeg_faa_precond;eeg_tleft_lbeta_power_precond;eeg_fl_theta_power_precond"
2025-12-19 12:49:45.626808,36,"stress_label",5,4,0.03125,0.441860465116279,0.36046511627907,0.375968992248062,5,"top5","eeg_fm_lbeta_power_precond;eeg_fm_specent_precond;eeg_faa_precond;eeg_tleft_lbeta_power_precond;eeg_fl_theta_power_precond"
2025-12-19 12:49:45.660396,36,"stress_label",5,8,0.03125,0.453488372093023,0.395348837209302,NA,5,"top5","eeg_fm_lbeta_power_precond;eeg_fm_specent_precond;eeg_faa_precond;eeg_tleft_lbeta_power_precond;eeg_fl_theta_power_precond"
2025-12-19 12:49:45.694396,36,"stress_label",5,16,0.03125,0.5,0.366279069767442,NA,5,"top5","eeg_fm_lbeta_power_precond;eeg_fm_specent_precond;eeg_faa_precond;eeg_tleft_lbeta_power_precond;eeg_fl_theta_power_precond"
2025-12-19 12:49:45.761472,36,"stress_label",5,32,0.03125,0.505813953488372,0.412790697674419,NA,5,"top5","eeg_fm_lbeta_power_precond;eeg_fm_specent_precond;eeg_faa_precond;eeg_tleft_lbeta_power_precond;eeg_fl_theta_power_precond"
2025-12-19 12:49:45.840666,36,"stress_label",5,64,0.03125,0.540697674418605,0.412790697674419,NA,5,"top5","eeg_fm_lbeta_power_precond;eeg_fm_specent_precond;eeg_faa_precond;eeg_tleft_lbeta_power_precond;eeg_fl_theta_power_precond"
2025-12-19 12:49:45.904551,36,"stress_label",5,128,0.03125,0.552325581395349,0.38953488372093,NA,5,"top5","eeg_fm_lbeta_power_precond;eeg_fm_specent_precond;eeg_faa_precond;eeg_tleft_lbeta_power_precond;eeg_fl_theta_power_precond"
2025-12-19 12:49:46.195136,36,"stress_label",5,256,0.03125,0.546511627906977,0.5,NA,5,"top5","eeg_fm_lbeta_power_precond;eeg_fm_specent_precond;eeg_faa_precond;eeg_tleft_lbeta_power_precond;eeg_fl_theta_power_precond"
2025-12-19 12:49:45.741349,36,"stress_label",5,2,0.0625,0.47093023255814,0.406976744186047,NA,5,"top5","eeg_fm_lbeta_power_precond;eeg_fm_specent_precond;eeg_faa_precond;eeg_tleft_lbeta_power_precond;eeg_fl_theta_power_precond"
2025-12-19 12:49:45.766585,36,"stress_label",5,4,0.0625,0.505813953488372,0.418604651162791,NA,5,"top5","eeg_fm_lbeta_power_precond;eeg_fm_specent_precond;eeg_faa_precond;eeg_tleft_lbeta_power_precond;eeg_fl_theta_power_precond"
2025-12-19 12:49:45.793149,36,"stress_label",5,8,0.0625,0.505813953488372,0.372093023255814,NA,5,"top5","eeg_fm_lbeta_power_precond;eeg_fm_specent_precond;eeg_faa_precond;eeg_tleft_lbeta_power_precond;eeg_fl_theta_power_precond"
2025-12-19 12:49:45.886331,36,"stress_label",5,16,0.0625,0.558139534883721,0.412790697674419,NA,5,"top5","eeg_fm_lbeta_power_precond;eeg_fm_specent_precond;eeg_faa_precond;eeg_tleft_lbeta_power_precond;eeg_fl_theta_power_precond"
2025-12-19 12:49:46.819507,36,"stress_label",5,32,0.0625,0.569767441860465,0.418604651162791,NA,5,"top5","eeg_fm_lbeta_power_precond;eeg_fm_specent_precond;eeg_faa_precond;eeg_tleft_lbeta_power_precond;eeg_fl_theta_power_precond"
2025-12-19 12:49:46.927179,36,"stress_label",5,64,0.0625,0.558139534883721,0.540697674418605,NA,5,"top5","eeg_fm_lbeta_power_precond;eeg_fm_specent_precond;eeg_faa_precond;eeg_tleft_lbeta_power_precond;eeg_fl_theta_power_precond"
2025-12-19 12:49:47.057659,36,"stress_label",5,128,0.0625,0.575581395348837,0.575581395348837,NA,5,"top5","eeg_fm_lbeta_power_precond;eeg_fm_specent_precond;eeg_faa_precond;eeg_tleft_lbeta_power_precond;eeg_fl_theta_power_precond"
2025-12-19 12:49:47.491013,36,"stress_label",5,256,0.0625,0.552325581395349,0.575581395348837,NA,5,"top5","eeg_fm_lbeta_power_precond;eeg_fm_specent_precond;eeg_faa_precond;eeg_tleft_lbeta_power_precond;eeg_fl_theta_power_precond"
2025-12-19 12:49:46.781456,36,"stress_label",5,2,0.125,0.534883720930233,0.406976744186047,NA,5,"top5","eeg_fm_lbeta_power_precond;eeg_fm_specent_precond;eeg_faa_precond;eeg_tleft_lbeta_power_precond;eeg_fl_theta_power_precond"
2025-12-19 12:49:46.83981,36,"stress_label",5,4,0.125,0.546511627906977,0.459302325581395,NA,5,"top5","eeg_fm_lbeta_power_precond;eeg_fm_specent_precond;eeg_faa_precond;eeg_tleft_lbeta_power_precond;eeg_fl_theta_power_precond"
2025-12-19 12:49:46.857412,36,"stress_label",5,8,0.125,0.581395348837209,0.488372093023256,NA,5,"top5","eeg_fm_lbeta_power_precond;eeg_fm_specent_precond;eeg_faa_precond;eeg_tleft_lbeta_power_precond;eeg_fl_theta_power_precond"
2025-12-19 12:49:46.888371,36,"stress_label",5,16,0.125,0.581395348837209,0.558139534883721,NA,5,"top5","eeg_fm_lbeta_power_precond;eeg_fm_specent_precond;eeg_faa_precond;eeg_tleft_lbeta_power_precond;eeg_fl_theta_power_precond"
2025-12-19 12:49:46.987982,36,"stress_label",5,32,0.125,0.558139534883721,0.604651162790698,NA,5,"top5","eeg_fm_lbeta_power_precond;eeg_fm_specent_precond;eeg_faa_precond;eeg_tleft_lbeta_power_precond;eeg_fl_theta_power_precond"
2025-12-19 12:49:47.178488,36,"stress_label",5,64,0.125,0.552325581395349,0.569767441860465,NA,5,"top5","eeg_fm_lbeta_power_precond;eeg_fm_specent_precond;eeg_faa_precond;eeg_tleft_lbeta_power_precond;eeg_fl_theta_power_precond"
2025-12-19 12:49:47.487654,36,"stress_label",5,128,0.125,0.540697674418605,0.534883720930233,NA,5,"top5","eeg_fm_lbeta_power_precond;eeg_fm_specent_precond;eeg_faa_precond;eeg_tleft_lbeta_power_precond;eeg_fl_theta_power_precond"
2025-12-19 12:49:47.867598,36,"stress_label",5,256,0.125,0.529069767441861,0.436046511627907,NA,5,"top5","eeg_fm_lbeta_power_precond;eeg_fm_specent_precond;eeg_faa_precond;eeg_tleft_lbeta_power_precond;eeg_fl_theta_power_precond"
2025-12-19 12:49:46.94035,36,"stress_label",5,2,0.03,0.476744186046512,0.406976744186047,NA,5,"top5","eeg_fm_lbeta_power_precond;eeg_fm_specent_precond;eeg_faa_precond;eeg_tleft_lbeta_power_precond;eeg_fl_theta_power_precond"
2025-12-19 12:49:47.212693,36,"stress_label",5,4,0.03,0.441860465116279,0.465116279069767,0.375968992248062,5,"top5","eeg_fm_lbeta_power_precond;eeg_fm_specent_precond;eeg_faa_precond;eeg_tleft_lbeta_power_precond;eeg_fl_theta_power_precond"
2025-12-19 12:49:47.828792,36,"stress_label",5,8,0.03,0.453488372093023,0.372093023255814,NA,5,"top5","eeg_fm_lbeta_power_precond;eeg_fm_specent_precond;eeg_faa_precond;eeg_tleft_lbeta_power_precond;eeg_fl_theta_power_precond"
2025-12-19 12:49:47.891522,36,"stress_label",5,16,0.03,0.494186046511628,0.401162790697674,NA,5,"top5","eeg_fm_lbeta_power_precond;eeg_fm_specent_precond;eeg_faa_precond;eeg_tleft_lbeta_power_precond;eeg_fl_theta_power_precond"
2025-12-19 12:49:47.940931,36,"stress_label",5,32,0.03,0.517441860465116,0.401162790697674,NA,5,"top5","eeg_fm_lbeta_power_precond;eeg_fm_specent_precond;eeg_faa_precond;eeg_tleft_lbeta_power_precond;eeg_fl_theta_power_precond"
2025-12-19 12:49:48.034855,36,"stress_label",5,64,0.03,0.529069767441861,0.401162790697674,NA,5,"top5","eeg_fm_lbeta_power_precond;eeg_fm_specent_precond;eeg_faa_precond;eeg_tleft_lbeta_power_precond;eeg_fl_theta_power_precond"
2025-12-19 12:49:48.186331,36,"stress_label",5,128,0.03,0.540697674418605,0.412790697674419,NA,5,"top5","eeg_fm_lbeta_power_precond;eeg_fm_specent_precond;eeg_faa_precond;eeg_tleft_lbeta_power_precond;eeg_fl_theta_power_precond"
2025-12-19 12:49:48.414004,36,"stress_label",5,256,0.03,0.546511627906977,0.476744186046512,NA,5,"top5","eeg_fm_lbeta_power_precond;eeg_fm_specent_precond;eeg_faa_precond;eeg_tleft_lbeta_power_precond;eeg_fl_theta_power_precond"
2025-12-19 12:49:48.001406,36,"stress_label",5,2,0.06,0.459302325581395,0.424418604651163,NA,5,"top5","eeg_fm_lbeta_power_precond;eeg_fm_specent_precond;eeg_faa_precond;eeg_tleft_lbeta_power_precond;eeg_fl_theta_power_precond"
2025-12-19 12:49:48.046072,36,"stress_label",5,4,0.06,0.494186046511628,0.395348837209302,NA,5,"top5","eeg_fm_lbeta_power_precond;eeg_fm_specent_precond;eeg_faa_precond;eeg_tleft_lbeta_power_precond;eeg_fl_theta_power_precond"
2025-12-19 12:49:48.147473,36,"stress_label",5,8,0.06,0.5,0.36046511627907,NA,5,"top5","eeg_fm_lbeta_power_precond;eeg_fm_specent_precond;eeg_faa_precond;eeg_tleft_lbeta_power_precond;eeg_fl_theta_power_precond"
2025-12-19 12:49:48.302018,36,"stress_label",5,16,0.06,0.569767441860465,0.465116279069767,NA,5,"top5","eeg_fm_lbeta_power_precond;eeg_fm_specent_precond;eeg_faa_precond;eeg_tleft_lbeta_power_precond;eeg_fl_theta_power_precond"
2025-12-19 12:49:48.388674,36,"stress_label",5,32,0.06,0.575581395348837,0.447674418604651,NA,5,"top5","eeg_fm_lbeta_power_precond;eeg_fm_specent_precond;eeg_faa_precond;eeg_tleft_lbeta_power_precond;eeg_fl_theta_power_precond"
2025-12-19 12:49:48.696195,36,"stress_label",5,64,0.06,0.569767441860465,0.441860465116279,NA,5,"top5","eeg_fm_lbeta_power_precond;eeg_fm_specent_precond;eeg_faa_precond;eeg_tleft_lbeta_power_precond;eeg_fl_theta_power_precond"
2025-12-19 12:49:48.817934,36,"stress_label",5,128,0.06,0.575581395348837,0.593023255813954,NA,5,"top5","eeg_fm_lbeta_power_precond;eeg_fm_specent_precond;eeg_faa_precond;eeg_tleft_lbeta_power_precond;eeg_fl_theta_power_precond"
2025-12-19 12:49:49.298303,36,"stress_label",5,256,0.06,0.552325581395349,0.575581395348837,NA,5,"top5","eeg_fm_lbeta_power_precond;eeg_fm_specent_precond;eeg_faa_precond;eeg_tleft_lbeta_power_precond;eeg_fl_theta_power_precond"
2025-12-19 12:49:48.836678,36,"stress_label",5,2,0.1,0.494186046511628,0.395348837209302,NA,5,"top5","eeg_fm_lbeta_power_precond;eeg_fm_specent_precond;eeg_faa_precond;eeg_tleft_lbeta_power_precond;eeg_fl_theta_power_precond"
2025-12-19 12:49:48.863282,36,"stress_label",5,4,0.1,0.546511627906977,0.412790697674419,NA,5,"top5","eeg_fm_lbeta_power_precond;eeg_fm_specent_precond;eeg_faa_precond;eeg_tleft_lbeta_power_precond;eeg_fl_theta_power_precond"
2025-12-19 12:49:48.969729,36,"stress_label",5,8,0.1,0.575581395348837,0.488372093023256,NA,5,"top5","eeg_fm_lbeta_power_precond;eeg_fm_specent_precond;eeg_faa_precond;eeg_tleft_lbeta_power_precond;eeg_fl_theta_power_precond"
2025-12-19 12:49:49.0436,36,"stress_label",5,16,0.1,0.581395348837209,0.558139534883721,NA,5,"top5","eeg_fm_lbeta_power_precond;eeg_fm_specent_precond;eeg_faa_precond;eeg_tleft_lbeta_power_precond;eeg_fl_theta_power_precond"
2025-12-19 12:49:49.06119,36,"stress_label",5,32,0.1,0.581395348837209,0.622093023255814,NA,5,"top5","eeg_fm_lbeta_power_precond;eeg_fm_specent_precond;eeg_faa_precond;eeg_tleft_lbeta_power_precond;eeg_fl_theta_power_precond"
2025-12-19 12:49:49.140228,36,"stress_label",5,64,0.1,0.575581395348837,0.604651162790698,NA,5,"top5","eeg_fm_lbeta_power_precond;eeg_fm_specent_precond;eeg_faa_precond;eeg_tleft_lbeta_power_precond;eeg_fl_theta_power_precond"
2025-12-19 12:49:49.374238,36,"stress_label",5,128,0.1,0.558139534883721,0.575581395348837,NA,5,"top5","eeg_fm_lbeta_power_precond;eeg_fm_specent_precond;eeg_faa_precond;eeg_tleft_lbeta_power_precond;eeg_fl_theta_power_precond"
2025-12-19 12:49:49.666186,36,"stress_label",5,256,0.1,0.540697674418605,0.494186046511628,NA,5,"top5","eeg_fm_lbeta_power_precond;eeg_fm_specent_precond;eeg_faa_precond;eeg_tleft_lbeta_power_precond;eeg_fl_theta_power_precond"
2025-12-19 12:49:50.941733,37,"stress_label",5,2,0.0078125,0.511627906976744,0.395348837209302,0.481395348837209,5,"top5","eeg_fm_lbeta_power_precond;eeg_fm_specent_precond;eeg_tleft_lbeta_power_precond;eeg_faa_precond;eeg_tleft_lalpha_power_precond"
2025-12-19 12:49:50.888772,37,"stress_label",5,4,0.0078125,0.494186046511628,0.436046511627907,0.467441860465116,5,"top5","eeg_fm_lbeta_power_precond;eeg_fm_specent_precond;eeg_tleft_lbeta_power_precond;eeg_faa_precond;eeg_tleft_lalpha_power_precond"
2025-12-19 12:49:50.922828,37,"stress_label",5,8,0.0078125,0.505813953488372,0.5,0.471317829457364,5,"top5","eeg_fm_lbeta_power_precond;eeg_fm_specent_precond;eeg_tleft_lbeta_power_precond;eeg_faa_precond;eeg_tleft_lalpha_power_precond"
2025-12-19 12:49:50.892137,37,"stress_label",5,16,0.0078125,0.517441860465116,0.366279069767442,0.478294573643411,5,"top5","eeg_fm_lbeta_power_precond;eeg_fm_specent_precond;eeg_tleft_lbeta_power_precond;eeg_faa_precond;eeg_tleft_lalpha_power_precond"
2025-12-19 12:49:50.920495,37,"stress_label",5,32,0.0078125,0.517441860465116,0.36046511627907,NA,5,"top5","eeg_fm_lbeta_power_precond;eeg_fm_specent_precond;eeg_tleft_lbeta_power_precond;eeg_faa_precond;eeg_tleft_lalpha_power_precond"
2025-12-19 12:49:51.01189,37,"stress_label",5,64,0.0078125,0.517441860465116,0.383720930232558,NA,5,"top5","eeg_fm_lbeta_power_precond;eeg_fm_specent_precond;eeg_tleft_lbeta_power_precond;eeg_faa_precond;eeg_tleft_lalpha_power_precond"
2025-12-19 12:49:51.012177,37,"stress_label",5,128,0.0078125,0.511627906976744,0.523255813953488,NA,5,"top5","eeg_fm_lbeta_power_precond;eeg_fm_specent_precond;eeg_tleft_lbeta_power_precond;eeg_faa_precond;eeg_tleft_lalpha_power_precond"
2025-12-19 12:49:51.079759,37,"stress_label",5,256,0.0078125,0.529069767441861,0.430232558139535,NA,5,"top5","eeg_fm_lbeta_power_precond;eeg_fm_specent_precond;eeg_tleft_lbeta_power_precond;eeg_faa_precond;eeg_tleft_lalpha_power_precond"
2025-12-19 12:49:50.919932,37,"stress_label",5,2,0.015625,0.5,0.418604651162791,0.45968992248062,5,"top5","eeg_fm_lbeta_power_precond;eeg_fm_specent_precond;eeg_tleft_lbeta_power_precond;eeg_faa_precond;eeg_tleft_lalpha_power_precond"
2025-12-19 12:49:50.910512,37,"stress_label",5,4,0.015625,0.511627906976744,0.436046511627907,0.475193798449612,5,"top5","eeg_fm_lbeta_power_precond;eeg_fm_specent_precond;eeg_tleft_lbeta_power_precond;eeg_faa_precond;eeg_tleft_lalpha_power_precond"
2025-12-19 12:49:50.945963,37,"stress_label",5,8,0.015625,0.511627906976744,0.406976744186047,NA,5,"top5","eeg_fm_lbeta_power_precond;eeg_fm_specent_precond;eeg_tleft_lbeta_power_precond;eeg_faa_precond;eeg_tleft_lalpha_power_precond"
2025-12-19 12:49:50.954549,37,"stress_label",5,16,0.015625,0.523255813953488,0.436046511627907,NA,5,"top5","eeg_fm_lbeta_power_precond;eeg_fm_specent_precond;eeg_tleft_lbeta_power_precond;eeg_faa_precond;eeg_tleft_lalpha_power_precond"
2025-12-19 12:49:50.990124,37,"stress_label",5,32,0.015625,0.517441860465116,0.284883720930233,NA,5,"top5","eeg_fm_lbeta_power_precond;eeg_fm_specent_precond;eeg_tleft_lbeta_power_precond;eeg_faa_precond;eeg_tleft_lalpha_power_precond"
2025-12-19 12:49:51.006627,37,"stress_label",5,64,0.015625,0.523255813953488,0.488372093023256,NA,5,"top5","eeg_fm_lbeta_power_precond;eeg_fm_specent_precond;eeg_tleft_lbeta_power_precond;eeg_faa_precond;eeg_tleft_lalpha_power_precond"
2025-12-19 12:49:52.078065,37,"stress_label",5,128,0.015625,0.523255813953488,0.372093023255814,NA,5,"top5","eeg_fm_lbeta_power_precond;eeg_fm_specent_precond;eeg_tleft_lbeta_power_precond;eeg_faa_precond;eeg_tleft_lalpha_power_precond"
2025-12-19 12:49:52.190931,37,"stress_label",5,256,0.015625,0.523255813953488,0.377906976744186,NA,5,"top5","eeg_fm_lbeta_power_precond;eeg_fm_specent_precond;eeg_tleft_lbeta_power_precond;eeg_faa_precond;eeg_tleft_lalpha_power_precond"
2025-12-19 12:49:51.946545,37,"stress_label",5,2,0.03125,0.517441860465116,0.401162790697674,0.470542635658915,5,"top5","eeg_fm_lbeta_power_precond;eeg_fm_specent_precond;eeg_tleft_lbeta_power_precond;eeg_faa_precond;eeg_tleft_lalpha_power_precond"
2025-12-19 12:49:51.982163,37,"stress_label",5,4,0.03125,0.511627906976744,0.343023255813953,0.452713178294574,5,"top5","eeg_fm_lbeta_power_precond;eeg_fm_specent_precond;eeg_tleft_lbeta_power_precond;eeg_faa_precond;eeg_tleft_lalpha_power_precond"
2025-12-19 12:49:52.011938,37,"stress_label",5,8,0.03125,0.529069767441861,0.36046511627907,NA,5,"top5","eeg_fm_lbeta_power_precond;eeg_fm_specent_precond;eeg_tleft_lbeta_power_precond;eeg_faa_precond;eeg_tleft_lalpha_power_precond"
2025-12-19 12:49:51.98942,37,"stress_label",5,16,0.03125,0.511627906976744,0.325581395348837,NA,5,"top5","eeg_fm_lbeta_power_precond;eeg_fm_specent_precond;eeg_tleft_lbeta_power_precond;eeg_faa_precond;eeg_tleft_lalpha_power_precond"
2025-12-19 12:49:52.056774,37,"stress_label",5,32,0.03125,0.523255813953488,0.424418604651163,NA,5,"top5","eeg_fm_lbeta_power_precond;eeg_fm_specent_precond;eeg_tleft_lbeta_power_precond;eeg_faa_precond;eeg_tleft_lalpha_power_precond"
2025-12-19 12:49:52.134111,37,"stress_label",5,64,0.03125,0.534883720930233,0.383720930232558,NA,5,"top5","eeg_fm_lbeta_power_precond;eeg_fm_specent_precond;eeg_tleft_lbeta_power_precond;eeg_faa_precond;eeg_tleft_lalpha_power_precond"
2025-12-19 12:49:52.191074,37,"stress_label",5,128,0.03125,0.511627906976744,0.395348837209302,NA,5,"top5","eeg_fm_lbeta_power_precond;eeg_fm_specent_precond;eeg_tleft_lbeta_power_precond;eeg_faa_precond;eeg_tleft_lalpha_power_precond"
2025-12-19 12:49:52.480093,37,"stress_label",5,256,0.03125,0.546511627906977,0.47093023255814,NA,5,"top5","eeg_fm_lbeta_power_precond;eeg_fm_specent_precond;eeg_tleft_lbeta_power_precond;eeg_faa_precond;eeg_tleft_lalpha_power_precond"
2025-12-19 12:49:52.053321,37,"stress_label",5,2,0.0625,0.505813953488372,0.482558139534884,NA,5,"top5","eeg_fm_lbeta_power_precond;eeg_fm_specent_precond;eeg_tleft_lbeta_power_precond;eeg_faa_precond;eeg_tleft_lalpha_power_precond"
2025-12-19 12:49:52.038606,37,"stress_label",5,4,0.0625,0.511627906976744,0.372093023255814,NA,5,"top5","eeg_fm_lbeta_power_precond;eeg_fm_specent_precond;eeg_tleft_lbeta_power_precond;eeg_faa_precond;eeg_tleft_lalpha_power_precond"
2025-12-19 12:49:52.046484,37,"stress_label",5,8,0.0625,0.517441860465116,0.412790697674419,NA,5,"top5","eeg_fm_lbeta_power_precond;eeg_fm_specent_precond;eeg_tleft_lbeta_power_precond;eeg_faa_precond;eeg_tleft_lalpha_power_precond"
2025-12-19 12:49:52.202384,37,"stress_label",5,16,0.0625,0.540697674418605,0.38953488372093,NA,5,"top5","eeg_fm_lbeta_power_precond;eeg_fm_specent_precond;eeg_tleft_lbeta_power_precond;eeg_faa_precond;eeg_tleft_lalpha_power_precond"
2025-12-19 12:49:53.10761,37,"stress_label",5,32,0.0625,0.517441860465116,0.313953488372093,NA,5,"top5","eeg_fm_lbeta_power_precond;eeg_fm_specent_precond;eeg_tleft_lbeta_power_precond;eeg_faa_precond;eeg_tleft_lalpha_power_precond"
2025-12-19 12:49:53.256784,37,"stress_label",5,64,0.0625,0.494186046511628,0.412790697674419,NA,5,"top5","eeg_fm_lbeta_power_precond;eeg_fm_specent_precond;eeg_tleft_lbeta_power_precond;eeg_faa_precond;eeg_tleft_lalpha_power_precond"
2025-12-19 12:49:53.4242,37,"stress_label",5,128,0.0625,0.465116279069767,0.534883720930233,NA,5,"top5","eeg_fm_lbeta_power_precond;eeg_fm_specent_precond;eeg_tleft_lbeta_power_precond;eeg_faa_precond;eeg_tleft_lalpha_power_precond"
2025-12-19 12:49:53.754316,37,"stress_label",5,256,0.0625,0.453488372093023,0.534883720930233,NA,5,"top5","eeg_fm_lbeta_power_precond;eeg_fm_specent_precond;eeg_tleft_lbeta_power_precond;eeg_faa_precond;eeg_tleft_lalpha_power_precond"
2025-12-19 12:49:53.092301,37,"stress_label",5,2,0.125,0.546511627906977,0.325581395348837,NA,5,"top5","eeg_fm_lbeta_power_precond;eeg_fm_specent_precond;eeg_tleft_lbeta_power_precond;eeg_faa_precond;eeg_tleft_lalpha_power_precond"
2025-12-19 12:49:53.099802,37,"stress_label",5,4,0.125,0.558139534883721,0.5,NA,5,"top5","eeg_fm_lbeta_power_precond;eeg_fm_specent_precond;eeg_tleft_lbeta_power_precond;eeg_faa_precond;eeg_tleft_lalpha_power_precond"
2025-12-19 12:49:53.159245,37,"stress_label",5,8,0.125,0.505813953488372,0.343023255813953,NA,5,"top5","eeg_fm_lbeta_power_precond;eeg_fm_specent_precond;eeg_tleft_lbeta_power_precond;eeg_faa_precond;eeg_tleft_lalpha_power_precond"
2025-12-19 12:49:53.195035,37,"stress_label",5,16,0.125,0.488372093023256,0.540697674418605,NA,5,"top5","eeg_fm_lbeta_power_precond;eeg_fm_specent_precond;eeg_tleft_lbeta_power_precond;eeg_faa_precond;eeg_tleft_lalpha_power_precond"
2025-12-19 12:49:53.265463,37,"stress_label",5,32,0.125,0.441860465116279,0.546511627906977,NA,5,"top5","eeg_fm_lbeta_power_precond;eeg_fm_specent_precond;eeg_tleft_lbeta_power_precond;eeg_faa_precond;eeg_tleft_lalpha_power_precond"
2025-12-19 12:49:53.461558,37,"stress_label",5,64,0.125,0.430232558139535,0.552325581395349,NA,5,"top5","eeg_fm_lbeta_power_precond;eeg_fm_specent_precond;eeg_tleft_lbeta_power_precond;eeg_faa_precond;eeg_tleft_lalpha_power_precond"
2025-12-19 12:49:53.79248,37,"stress_label",5,128,0.125,0.47093023255814,0.546511627906977,NA,5,"top5","eeg_fm_lbeta_power_precond;eeg_fm_specent_precond;eeg_tleft_lbeta_power_precond;eeg_faa_precond;eeg_tleft_lalpha_power_precond"
2025-12-19 12:49:54.187494,37,"stress_label",5,256,0.125,0.453488372093023,0.534883720930233,NA,5,"top5","eeg_fm_lbeta_power_precond;eeg_fm_specent_precond;eeg_tleft_lbeta_power_precond;eeg_faa_precond;eeg_tleft_lalpha_power_precond"
2025-12-19 12:49:53.236559,37,"stress_label",5,2,0.03,0.511627906976744,0.383720930232558,0.462790697674419,5,"top5","eeg_fm_lbeta_power_precond;eeg_fm_specent_precond;eeg_tleft_lbeta_power_precond;eeg_faa_precond;eeg_tleft_lalpha_power_precond"
2025-12-19 12:49:53.51473,37,"stress_label",5,4,0.03,0.517441860465116,0.406976744186047,0.456589147286822,5,"top5","eeg_fm_lbeta_power_precond;eeg_fm_specent_precond;eeg_tleft_lbeta_power_precond;eeg_faa_precond;eeg_tleft_lalpha_power_precond"
2025-12-19 12:49:54.156345,37,"stress_label",5,8,0.03,0.523255813953488,0.505813953488372,NA,5,"top5","eeg_fm_lbeta_power_precond;eeg_fm_specent_precond;eeg_tleft_lbeta_power_precond;eeg_faa_precond;eeg_tleft_lalpha_power_precond"
2025-12-19 12:49:54.166716,37,"stress_label",5,16,0.03,0.511627906976744,0.465116279069767,NA,5,"top5","eeg_fm_lbeta_power_precond;eeg_fm_specent_precond;eeg_tleft_lbeta_power_precond;eeg_faa_precond;eeg_tleft_lalpha_power_precond"
2025-12-19 12:49:54.196951,37,"stress_label",5,32,0.03,0.523255813953488,0.401162790697674,NA,5,"top5","eeg_fm_lbeta_power_precond;eeg_fm_specent_precond;eeg_tleft_lbeta_power_precond;eeg_faa_precond;eeg_tleft_lalpha_power_precond"
2025-12-19 12:49:54.300784,37,"stress_label",5,64,0.03,0.534883720930233,0.476744186046512,NA,5,"top5","eeg_fm_lbeta_power_precond;eeg_fm_specent_precond;eeg_tleft_lbeta_power_precond;eeg_faa_precond;eeg_tleft_lalpha_power_precond"
2025-12-19 12:49:54.405948,37,"stress_label",5,128,0.03,0.488372093023256,0.383720930232558,NA,5,"top5","eeg_fm_lbeta_power_precond;eeg_fm_specent_precond;eeg_tleft_lbeta_power_precond;eeg_faa_precond;eeg_tleft_lalpha_power_precond"
2025-12-19 12:49:54.664222,37,"stress_label",5,256,0.03,0.552325581395349,0.418604651162791,NA,5,"top5","eeg_fm_lbeta_power_precond;eeg_fm_specent_precond;eeg_tleft_lbeta_power_precond;eeg_faa_precond;eeg_tleft_lalpha_power_precond"
2025-12-19 12:49:54.300692,37,"stress_label",5,2,0.06,0.5,0.395348837209302,NA,5,"top5","eeg_fm_lbeta_power_precond;eeg_fm_specent_precond;eeg_tleft_lbeta_power_precond;eeg_faa_precond;eeg_tleft_lalpha_power_precond"
2025-12-19 12:49:54.29411,37,"stress_label",5,4,0.06,0.511627906976744,0.406976744186047,NA,5,"top5","eeg_fm_lbeta_power_precond;eeg_fm_specent_precond;eeg_tleft_lbeta_power_precond;eeg_faa_precond;eeg_tleft_lalpha_power_precond"
2025-12-19 12:49:54.479559,37,"stress_label",5,8,0.06,0.5,0.412790697674419,NA,5,"top5","eeg_fm_lbeta_power_precond;eeg_fm_specent_precond;eeg_tleft_lbeta_power_precond;eeg_faa_precond;eeg_tleft_lalpha_power_precond"
2025-12-19 12:49:54.544092,37,"stress_label",5,16,0.06,0.540697674418605,0.406976744186047,NA,5,"top5","eeg_fm_lbeta_power_precond;eeg_fm_specent_precond;eeg_tleft_lbeta_power_precond;eeg_faa_precond;eeg_tleft_lalpha_power_precond"
2025-12-19 12:49:54.632321,37,"stress_label",5,32,0.06,0.523255813953488,0.383720930232558,NA,5,"top5","eeg_fm_lbeta_power_precond;eeg_fm_specent_precond;eeg_tleft_lbeta_power_precond;eeg_faa_precond;eeg_tleft_lalpha_power_precond"
2025-12-19 12:49:55.010104,37,"stress_label",5,64,0.06,0.5,0.441860465116279,NA,5,"top5","eeg_fm_lbeta_power_precond;eeg_fm_specent_precond;eeg_tleft_lbeta_power_precond;eeg_faa_precond;eeg_tleft_lalpha_power_precond"
2025-12-19 12:49:55.144036,37,"stress_label",5,128,0.06,0.465116279069767,0.534883720930233,NA,5,"top5","eeg_fm_lbeta_power_precond;eeg_fm_specent_precond;eeg_tleft_lbeta_power_precond;eeg_faa_precond;eeg_tleft_lalpha_power_precond"
2025-12-19 12:49:55.562409,37,"stress_label",5,256,0.06,0.459302325581395,0.488372093023256,NA,5,"top5","eeg_fm_lbeta_power_precond;eeg_fm_specent_precond;eeg_tleft_lbeta_power_precond;eeg_faa_precond;eeg_tleft_lalpha_power_precond"
2025-12-19 12:49:55.153955,37,"stress_label",5,2,0.1,0.511627906976744,0.366279069767442,NA,5,"top5","eeg_fm_lbeta_power_precond;eeg_fm_specent_precond;eeg_tleft_lbeta_power_precond;eeg_faa_precond;eeg_tleft_lalpha_power_precond"
2025-12-19 12:49:55.180143,37,"stress_label",5,4,0.1,0.552325581395349,0.337209302325581,NA,5,"top5","eeg_fm_lbeta_power_precond;eeg_fm_specent_precond;eeg_tleft_lbeta_power_precond;eeg_faa_precond;eeg_tleft_lalpha_power_precond"
2025-12-19 12:49:55.187875,37,"stress_label",5,8,0.1,0.546511627906977,0.482558139534884,NA,5,"top5","eeg_fm_lbeta_power_precond;eeg_fm_specent_precond;eeg_tleft_lbeta_power_precond;eeg_faa_precond;eeg_tleft_lalpha_power_precond"
2025-12-19 12:49:55.328333,37,"stress_label",5,16,0.1,0.488372093023256,0.424418604651163,NA,5,"top5","eeg_fm_lbeta_power_precond;eeg_fm_specent_precond;eeg_tleft_lbeta_power_precond;eeg_faa_precond;eeg_tleft_lalpha_power_precond"
2025-12-19 12:49:55.352243,37,"stress_label",5,32,0.1,0.476744186046512,0.488372093023256,NA,5,"top5","eeg_fm_lbeta_power_precond;eeg_fm_specent_precond;eeg_tleft_lbeta_power_precond;eeg_faa_precond;eeg_tleft_lalpha_power_precond"
2025-12-19 12:49:55.391376,37,"stress_label",5,64,0.1,0.447674418604651,0.563953488372093,NA,5,"top5","eeg_fm_lbeta_power_precond;eeg_fm_specent_precond;eeg_tleft_lbeta_power_precond;eeg_faa_precond;eeg_tleft_lalpha_power_precond"
2025-12-19 12:49:55.596114,37,"stress_label",5,128,0.1,0.430232558139535,0.581395348837209,NA,5,"top5","eeg_fm_lbeta_power_precond;eeg_fm_specent_precond;eeg_tleft_lbeta_power_precond;eeg_faa_precond;eeg_tleft_lalpha_power_precond"
2025-12-19 12:49:55.918849,37,"stress_label",5,256,0.1,0.476744186046512,0.587209302325581,NA,5,"top5","eeg_fm_lbeta_power_precond;eeg_fm_specent_precond;eeg_tleft_lbeta_power_precond;eeg_faa_precond;eeg_tleft_lalpha_power_precond"
2025-12-19 12:49:57.175672,38,"stress_label",5,2,0.0078125,0.430232558139535,0.540697674418605,0.401550387596899,5,"top5","eeg_fm_beta_power_precond;eeg_tleft_lbeta_power_precond;eeg_faa_precond;eeg_fl_theta_power_precond;eeg_tleft_lalpha_power_precond"
2025-12-19 12:49:57.172566,38,"stress_label",5,4,0.0078125,0.430232558139535,0.552325581395349,NA,5,"top5","eeg_fm_beta_power_precond;eeg_tleft_lbeta_power_precond;eeg_faa_precond;eeg_fl_theta_power_precond;eeg_tleft_lalpha_power_precond"
2025-12-19 12:49:57.194544,38,"stress_label",5,8,0.0078125,0.401162790697674,0.587209302325581,0.344961240310078,5,"top5","eeg_fm_beta_power_precond;eeg_tleft_lbeta_power_precond;eeg_faa_precond;eeg_fl_theta_power_precond;eeg_tleft_lalpha_power_precond"
2025-12-19 12:49:57.189114,38,"stress_label",5,16,0.0078125,0.377906976744186,0.622093023255814,0.306976744186046,5,"top5","eeg_fm_beta_power_precond;eeg_tleft_lbeta_power_precond;eeg_faa_precond;eeg_fl_theta_power_precond;eeg_tleft_lalpha_power_precond"
2025-12-19 12:49:57.17265,38,"stress_label",5,32,0.0078125,0.36046511627907,0.651162790697674,0.244186046511628,5,"top5","eeg_fm_beta_power_precond;eeg_tleft_lbeta_power_precond;eeg_faa_precond;eeg_fl_theta_power_precond;eeg_tleft_lalpha_power_precond"
2025-12-19 12:49:57.193142,38,"stress_label",5,64,0.0078125,0.366279069767442,0.691860465116279,NA,5,"top5","eeg_fm_beta_power_precond;eeg_tleft_lbeta_power_precond;eeg_faa_precond;eeg_fl_theta_power_precond;eeg_tleft_lalpha_power_precond"
2025-12-19 12:49:57.230336,38,"stress_label",5,128,0.0078125,0.406976744186047,0.645348837209302,NA,5,"top5","eeg_fm_beta_power_precond;eeg_tleft_lbeta_power_precond;eeg_faa_precond;eeg_fl_theta_power_precond;eeg_tleft_lalpha_power_precond"
2025-12-19 12:49:57.265946,38,"stress_label",5,256,0.0078125,0.38953488372093,0.604651162790698,NA,5,"top5","eeg_fm_beta_power_precond;eeg_tleft_lbeta_power_precond;eeg_faa_precond;eeg_fl_theta_power_precond;eeg_tleft_lalpha_power_precond"
2025-12-19 12:49:57.183076,38,"stress_label",5,2,0.015625,0.424418604651163,0.569767441860465,0.366666666666667,5,"top5","eeg_fm_beta_power_precond;eeg_tleft_lbeta_power_precond;eeg_faa_precond;eeg_fl_theta_power_precond;eeg_tleft_lalpha_power_precond"
2025-12-19 12:49:57.160228,38,"stress_label",5,4,0.015625,0.38953488372093,0.593023255813954,0.32015503875969,5,"top5","eeg_fm_beta_power_precond;eeg_tleft_lbeta_power_precond;eeg_faa_precond;eeg_fl_theta_power_precond;eeg_tleft_lalpha_power_precond"
2025-12-19 12:49:57.171703,38,"stress_label",5,8,0.015625,0.366279069767442,0.656976744186046,NA,5,"top5","eeg_fm_beta_power_precond;eeg_tleft_lbeta_power_precond;eeg_faa_precond;eeg_fl_theta_power_precond;eeg_tleft_lalpha_power_precond"
2025-12-19 12:49:57.161077,38,"stress_label",5,16,0.015625,0.377906976744186,0.680232558139535,0.255038759689922,5,"top5","eeg_fm_beta_power_precond;eeg_tleft_lbeta_power_precond;eeg_faa_precond;eeg_fl_theta_power_precond;eeg_tleft_lalpha_power_precond"
2025-12-19 12:49:57.234403,38,"stress_label",5,32,0.015625,0.38953488372093,0.656976744186046,NA,5,"top5","eeg_fm_beta_power_precond;eeg_tleft_lbeta_power_precond;eeg_faa_precond;eeg_fl_theta_power_precond;eeg_tleft_lalpha_power_precond"
2025-12-19 12:49:57.250826,38,"stress_label",5,64,0.015625,0.395348837209302,0.656976744186046,NA,5,"top5","eeg_fm_beta_power_precond;eeg_tleft_lbeta_power_precond;eeg_faa_precond;eeg_fl_theta_power_precond;eeg_tleft_lalpha_power_precond"
2025-12-19 12:49:58.353057,38,"stress_label",5,128,0.015625,0.465116279069767,0.552325581395349,NA,5,"top5","eeg_fm_beta_power_precond;eeg_tleft_lbeta_power_precond;eeg_faa_precond;eeg_fl_theta_power_precond;eeg_tleft_lalpha_power_precond"
2025-12-19 12:49:58.443864,38,"stress_label",5,256,0.015625,0.482558139534884,0.38953488372093,NA,5,"top5","eeg_fm_beta_power_precond;eeg_tleft_lbeta_power_precond;eeg_faa_precond;eeg_fl_theta_power_precond;eeg_tleft_lalpha_power_precond"
2025-12-19 12:49:58.245512,38,"stress_label",5,2,0.03125,0.406976744186047,0.587209302325581,0.330232558139535,5,"top5","eeg_fm_beta_power_precond;eeg_tleft_lbeta_power_precond;eeg_faa_precond;eeg_fl_theta_power_precond;eeg_tleft_lalpha_power_precond"
2025-12-19 12:49:58.242226,38,"stress_label",5,4,0.03125,0.348837209302326,0.674418604651163,NA,5,"top5","eeg_fm_beta_power_precond;eeg_tleft_lbeta_power_precond;eeg_faa_precond;eeg_fl_theta_power_precond;eeg_tleft_lalpha_power_precond"
2025-12-19 12:49:58.298916,38,"stress_label",5,8,0.03125,0.383720930232558,0.697674418604651,NA,5,"top5","eeg_fm_beta_power_precond;eeg_tleft_lbeta_power_precond;eeg_faa_precond;eeg_fl_theta_power_precond;eeg_tleft_lalpha_power_precond"
2025-12-19 12:49:58.32407,38,"stress_label",5,16,0.03125,0.406976744186047,0.63953488372093,NA,5,"top5","eeg_fm_beta_power_precond;eeg_tleft_lbeta_power_precond;eeg_faa_precond;eeg_fl_theta_power_precond;eeg_tleft_lalpha_power_precond"
2025-12-19 12:49:58.285805,38,"stress_label",5,32,0.03125,0.465116279069767,0.552325581395349,NA,5,"top5","eeg_fm_beta_power_precond;eeg_tleft_lbeta_power_precond;eeg_faa_precond;eeg_fl_theta_power_precond;eeg_tleft_lalpha_power_precond"
2025-12-19 12:49:58.376429,38,"stress_label",5,64,0.03125,0.465116279069767,0.476744186046512,NA,5,"top5","eeg_fm_beta_power_precond;eeg_tleft_lbeta_power_precond;eeg_faa_precond;eeg_fl_theta_power_precond;eeg_tleft_lalpha_power_precond"
2025-12-19 12:49:58.435715,38,"stress_label",5,128,0.03125,0.494186046511628,0.372093023255814,NA,5,"top5","eeg_fm_beta_power_precond;eeg_tleft_lbeta_power_precond;eeg_faa_precond;eeg_fl_theta_power_precond;eeg_tleft_lalpha_power_precond"
2025-12-19 12:49:58.593216,38,"stress_label",5,256,0.03125,0.5,0.372093023255814,NA,5,"top5","eeg_fm_beta_power_precond;eeg_tleft_lbeta_power_precond;eeg_faa_precond;eeg_fl_theta_power_precond;eeg_tleft_lalpha_power_precond"
2025-12-19 12:49:58.340032,38,"stress_label",5,2,0.0625,0.343023255813953,0.656976744186046,NA,5,"top5","eeg_fm_beta_power_precond;eeg_tleft_lbeta_power_precond;eeg_faa_precond;eeg_fl_theta_power_precond;eeg_tleft_lalpha_power_precond"
2025-12-19 12:49:58.338343,38,"stress_label",5,4,0.0625,0.424418604651163,0.645348837209302,NA,5,"top5","eeg_fm_beta_power_precond;eeg_tleft_lbeta_power_precond;eeg_faa_precond;eeg_fl_theta_power_precond;eeg_tleft_lalpha_power_precond"
2025-12-19 12:49:58.336769,38,"stress_label",5,8,0.0625,0.441860465116279,0.511627906976744,NA,5,"top5","eeg_fm_beta_power_precond;eeg_tleft_lbeta_power_precond;eeg_faa_precond;eeg_fl_theta_power_precond;eeg_tleft_lalpha_power_precond"
2025-12-19 12:49:58.389332,38,"stress_label",5,16,0.0625,0.476744186046512,0.476744186046512,NA,5,"top5","eeg_fm_beta_power_precond;eeg_tleft_lbeta_power_precond;eeg_faa_precond;eeg_fl_theta_power_precond;eeg_tleft_lalpha_power_precond"
2025-12-19 12:49:59.374803,38,"stress_label",5,32,0.0625,0.465116279069767,0.418604651162791,NA,5,"top5","eeg_fm_beta_power_precond;eeg_tleft_lbeta_power_precond;eeg_faa_precond;eeg_fl_theta_power_precond;eeg_tleft_lalpha_power_precond"
2025-12-19 12:49:59.476117,38,"stress_label",5,64,0.0625,0.476744186046512,0.47093023255814,NA,5,"top5","eeg_fm_beta_power_precond;eeg_tleft_lbeta_power_precond;eeg_faa_precond;eeg_fl_theta_power_precond;eeg_tleft_lalpha_power_precond"
2025-12-19 12:49:59.658092,38,"stress_label",5,128,0.0625,0.523255813953488,0.424418604651163,NA,5,"top5","eeg_fm_beta_power_precond;eeg_tleft_lbeta_power_precond;eeg_faa_precond;eeg_fl_theta_power_precond;eeg_tleft_lalpha_power_precond"
2025-12-19 12:49:59.950848,38,"stress_label",5,256,0.0625,0.534883720930233,0.430232558139535,NA,5,"top5","eeg_fm_beta_power_precond;eeg_tleft_lbeta_power_precond;eeg_faa_precond;eeg_fl_theta_power_precond;eeg_tleft_lalpha_power_precond"
2025-12-19 12:49:59.425767,38,"stress_label",5,2,0.125,0.459302325581395,0.5,NA,5,"top5","eeg_fm_beta_power_precond;eeg_tleft_lbeta_power_precond;eeg_faa_precond;eeg_fl_theta_power_precond;eeg_tleft_lalpha_power_precond"
2025-12-19 12:49:59.452184,38,"stress_label",5,4,0.125,0.494186046511628,0.395348837209302,NA,5,"top5","eeg_fm_beta_power_precond;eeg_tleft_lbeta_power_precond;eeg_faa_precond;eeg_fl_theta_power_precond;eeg_tleft_lalpha_power_precond"
2025-12-19 12:49:59.472349,38,"stress_label",5,8,0.125,0.459302325581395,0.441860465116279,NA,5,"top5","eeg_fm_beta_power_precond;eeg_tleft_lbeta_power_precond;eeg_faa_precond;eeg_fl_theta_power_precond;eeg_tleft_lalpha_power_precond"
2025-12-19 12:49:59.487773,38,"stress_label",5,16,0.125,0.511627906976744,0.430232558139535,NA,5,"top5","eeg_fm_beta_power_precond;eeg_tleft_lbeta_power_precond;eeg_faa_precond;eeg_fl_theta_power_precond;eeg_tleft_lalpha_power_precond"
2025-12-19 12:49:59.54599,38,"stress_label",5,32,0.125,0.540697674418605,0.459302325581395,NA,5,"top5","eeg_fm_beta_power_precond;eeg_tleft_lbeta_power_precond;eeg_faa_precond;eeg_fl_theta_power_precond;eeg_tleft_lalpha_power_precond"
2025-12-19 12:49:59.753815,38,"stress_label",5,64,0.125,0.517441860465116,0.36046511627907,NA,5,"top5","eeg_fm_beta_power_precond;eeg_tleft_lbeta_power_precond;eeg_faa_precond;eeg_fl_theta_power_precond;eeg_tleft_lalpha_power_precond"
2025-12-19 12:49:59.937705,38,"stress_label",5,128,0.125,0.505813953488372,0.331395348837209,NA,5,"top5","eeg_fm_beta_power_precond;eeg_tleft_lbeta_power_precond;eeg_faa_precond;eeg_fl_theta_power_precond;eeg_tleft_lalpha_power_precond"
2025-12-19 12:50:00.388469,38,"stress_label",5,256,0.125,0.494186046511628,0.377906976744186,NA,5,"top5","eeg_fm_beta_power_precond;eeg_tleft_lbeta_power_precond;eeg_faa_precond;eeg_fl_theta_power_precond;eeg_tleft_lalpha_power_precond"
2025-12-19 12:49:59.490468,38,"stress_label",5,2,0.03,0.412790697674419,0.587209302325581,0.332558139534884,5,"top5","eeg_fm_beta_power_precond;eeg_tleft_lbeta_power_precond;eeg_faa_precond;eeg_fl_theta_power_precond;eeg_tleft_lalpha_power_precond"
2025-12-19 12:49:59.655952,38,"stress_label",5,4,0.03,0.348837209302326,0.662790697674419,NA,5,"top5","eeg_fm_beta_power_precond;eeg_tleft_lbeta_power_precond;eeg_faa_precond;eeg_fl_theta_power_precond;eeg_tleft_lalpha_power_precond"
2025-12-19 12:50:00.489455,38,"stress_label",5,8,0.03,0.38953488372093,0.703488372093023,NA,5,"top5","eeg_fm_beta_power_precond;eeg_tleft_lbeta_power_precond;eeg_faa_precond;eeg_fl_theta_power_precond;eeg_tleft_lalpha_power_precond"
2025-12-19 12:50:00.560457,38,"stress_label",5,16,0.03,0.406976744186047,0.645348837209302,NA,5,"top5","eeg_fm_beta_power_precond;eeg_tleft_lbeta_power_precond;eeg_faa_precond;eeg_fl_theta_power_precond;eeg_tleft_lalpha_power_precond"
2025-12-19 12:50:00.579267,38,"stress_label",5,32,0.03,0.459302325581395,0.581395348837209,NA,5,"top5","eeg_fm_beta_power_precond;eeg_tleft_lbeta_power_precond;eeg_faa_precond;eeg_fl_theta_power_precond;eeg_tleft_lalpha_power_precond"
2025-12-19 12:50:00.652646,38,"stress_label",5,64,0.03,0.453488372093023,0.459302325581395,NA,5,"top5","eeg_fm_beta_power_precond;eeg_tleft_lbeta_power_precond;eeg_faa_precond;eeg_fl_theta_power_precond;eeg_tleft_lalpha_power_precond"
2025-12-19 12:50:00.678369,38,"stress_label",5,128,0.03,0.5,0.412790697674419,NA,5,"top5","eeg_fm_beta_power_precond;eeg_tleft_lbeta_power_precond;eeg_faa_precond;eeg_fl_theta_power_precond;eeg_tleft_lalpha_power_precond"
2025-12-19 12:50:00.882908,38,"stress_label",5,256,0.03,0.5,0.395348837209302,NA,5,"top5","eeg_fm_beta_power_precond;eeg_tleft_lbeta_power_precond;eeg_faa_precond;eeg_fl_theta_power_precond;eeg_tleft_lalpha_power_precond"
2025-12-19 12:50:00.58059,38,"stress_label",5,2,0.06,0.348837209302326,0.656976744186046,NA,5,"top5","eeg_fm_beta_power_precond;eeg_tleft_lbeta_power_precond;eeg_faa_precond;eeg_fl_theta_power_precond;eeg_tleft_lalpha_power_precond"
2025-12-19 12:50:00.676788,38,"stress_label",5,4,0.06,0.418604651162791,0.645348837209302,NA,5,"top5","eeg_fm_beta_power_precond;eeg_tleft_lbeta_power_precond;eeg_faa_precond;eeg_fl_theta_power_precond;eeg_tleft_lalpha_power_precond"
2025-12-19 12:50:00.734222,38,"stress_label",5,8,0.06,0.459302325581395,0.575581395348837,NA,5,"top5","eeg_fm_beta_power_precond;eeg_tleft_lbeta_power_precond;eeg_faa_precond;eeg_fl_theta_power_precond;eeg_tleft_lalpha_power_precond"
2025-12-19 12:50:00.813225,38,"stress_label",5,16,0.06,0.476744186046512,0.529069767441861,NA,5,"top5","eeg_fm_beta_power_precond;eeg_tleft_lbeta_power_precond;eeg_faa_precond;eeg_fl_theta_power_precond;eeg_tleft_lalpha_power_precond"
2025-12-19 12:50:00.889542,38,"stress_label",5,32,0.06,0.47093023255814,0.412790697674419,NA,5,"top5","eeg_fm_beta_power_precond;eeg_tleft_lbeta_power_precond;eeg_faa_precond;eeg_fl_theta_power_precond;eeg_tleft_lalpha_power_precond"
2025-12-19 12:50:01.141434,38,"stress_label",5,64,0.06,0.482558139534884,0.354651162790698,NA,5,"top5","eeg_fm_beta_power_precond;eeg_tleft_lbeta_power_precond;eeg_faa_precond;eeg_fl_theta_power_precond;eeg_tleft_lalpha_power_precond"
2025-12-19 12:50:01.301975,38,"stress_label",5,128,0.06,0.494186046511628,0.505813953488372,NA,5,"top5","eeg_fm_beta_power_precond;eeg_tleft_lbeta_power_precond;eeg_faa_precond;eeg_fl_theta_power_precond;eeg_tleft_lalpha_power_precond"
2025-12-19 12:50:01.862593,38,"stress_label",5,256,0.06,0.529069767441861,0.441860465116279,NA,5,"top5","eeg_fm_beta_power_precond;eeg_tleft_lbeta_power_precond;eeg_faa_precond;eeg_fl_theta_power_precond;eeg_tleft_lalpha_power_precond"
2025-12-19 12:50:01.54015,38,"stress_label",5,2,0.1,0.406976744186047,0.534883720930233,NA,5,"top5","eeg_fm_beta_power_precond;eeg_tleft_lbeta_power_precond;eeg_faa_precond;eeg_fl_theta_power_precond;eeg_tleft_lalpha_power_precond"
2025-12-19 12:50:01.604403,38,"stress_label",5,4,0.1,0.447674418604651,0.552325581395349,NA,5,"top5","eeg_fm_beta_power_precond;eeg_tleft_lbeta_power_precond;eeg_faa_precond;eeg_fl_theta_power_precond;eeg_tleft_lalpha_power_precond"
2025-12-19 12:50:01.596942,38,"stress_label",5,8,0.1,0.47093023255814,0.436046511627907,NA,5,"top5","eeg_fm_beta_power_precond;eeg_tleft_lbeta_power_precond;eeg_faa_precond;eeg_fl_theta_power_precond;eeg_tleft_lalpha_power_precond"
2025-12-19 12:50:01.631963,38,"stress_label",5,16,0.1,0.465116279069767,0.436046511627907,NA,5,"top5","eeg_fm_beta_power_precond;eeg_tleft_lbeta_power_precond;eeg_faa_precond;eeg_fl_theta_power_precond;eeg_tleft_lalpha_power_precond"
2025-12-19 12:50:01.712049,38,"stress_label",5,32,0.1,0.523255813953488,0.406976744186047,NA,5,"top5","eeg_fm_beta_power_precond;eeg_tleft_lbeta_power_precond;eeg_faa_precond;eeg_fl_theta_power_precond;eeg_tleft_lalpha_power_precond"
2025-12-19 12:50:01.806112,38,"stress_label",5,64,0.1,0.540697674418605,0.383720930232558,NA,5,"top5","eeg_fm_beta_power_precond;eeg_tleft_lbeta_power_precond;eeg_faa_precond;eeg_fl_theta_power_precond;eeg_tleft_lalpha_power_precond"
2025-12-19 12:50:01.915148,38,"stress_label",5,128,0.1,0.517441860465116,0.436046511627907,NA,5,"top5","eeg_fm_beta_power_precond;eeg_tleft_lbeta_power_precond;eeg_faa_precond;eeg_fl_theta_power_precond;eeg_tleft_lalpha_power_precond"
2025-12-19 12:50:02.179775,38,"stress_label",5,256,0.1,0.529069767441861,0.406976744186047,NA,5,"top5","eeg_fm_beta_power_precond;eeg_tleft_lbeta_power_precond;eeg_faa_precond;eeg_fl_theta_power_precond;eeg_tleft_lalpha_power_precond"
2025-12-19 12:50:03.464976,39,"stress_label",5,2,0.0078125,0.465116279069767,0.447674418604651,NA,5,"top5","eeg_fm_lbeta_power_precond;eeg_fm_specent_precond;eeg_tleft_lbeta_power_precond;eeg_faa_precond;eeg_pleft_halpha_power_precond"
2025-12-19 12:50:03.424953,39,"stress_label",5,4,0.0078125,0.453488372093023,0.395348837209302,0.398449612403101,5,"top5","eeg_fm_lbeta_power_precond;eeg_fm_specent_precond;eeg_tleft_lbeta_power_precond;eeg_faa_precond;eeg_pleft_halpha_power_precond"
2025-12-19 12:50:03.72541,39,"stress_label",5,8,0.0078125,0.436046511627907,0.441860465116279,0.368992248062016,5,"top5","eeg_fm_lbeta_power_precond;eeg_fm_specent_precond;eeg_tleft_lbeta_power_precond;eeg_faa_precond;eeg_pleft_halpha_power_precond"
2025-12-19 12:50:03.422617,39,"stress_label",5,16,0.0078125,0.418604651162791,0.511627906976744,0.353488372093023,5,"top5","eeg_fm_lbeta_power_precond;eeg_fm_specent_precond;eeg_tleft_lbeta_power_precond;eeg_faa_precond;eeg_pleft_halpha_power_precond"
2025-12-19 12:50:03.474056,39,"stress_label",5,32,0.0078125,0.459302325581395,0.494186046511628,0.385271317829457,5,"top5","eeg_fm_lbeta_power_precond;eeg_fm_specent_precond;eeg_tleft_lbeta_power_precond;eeg_faa_precond;eeg_pleft_halpha_power_precond"
2025-12-19 12:50:03.468761,39,"stress_label",5,64,0.0078125,0.453488372093023,0.505813953488372,NA,5,"top5","eeg_fm_lbeta_power_precond;eeg_fm_specent_precond;eeg_tleft_lbeta_power_precond;eeg_faa_precond;eeg_pleft_halpha_power_precond"
2025-12-19 12:50:03.764453,39,"stress_label",5,128,0.0078125,0.47093023255814,0.412790697674419,0.398449612403101,5,"top5","eeg_fm_lbeta_power_precond;eeg_fm_specent_precond;eeg_tleft_lbeta_power_precond;eeg_faa_precond;eeg_pleft_halpha_power_precond"
2025-12-19 12:50:03.622173,39,"stress_label",5,256,0.0078125,0.523255813953488,0.366279069767442,NA,5,"top5","eeg_fm_lbeta_power_precond;eeg_fm_specent_precond;eeg_tleft_lbeta_power_precond;eeg_faa_precond;eeg_pleft_halpha_power_precond"
2025-12-19 12:50:03.442213,39,"stress_label",5,2,0.015625,0.465116279069767,0.418604651162791,0.404651162790698,5,"top5","eeg_fm_lbeta_power_precond;eeg_fm_specent_precond;eeg_tleft_lbeta_power_precond;eeg_faa_precond;eeg_pleft_halpha_power_precond"
2025-12-19 12:50:03.453496,39,"stress_label",5,4,0.015625,0.430232558139535,0.459302325581395,0.36046511627907,5,"top5","eeg_fm_lbeta_power_precond;eeg_fm_specent_precond;eeg_tleft_lbeta_power_precond;eeg_faa_precond;eeg_pleft_halpha_power_precond"
2025-12-19 12:50:03.776668,39,"stress_label",5,8,0.015625,0.436046511627907,0.517441860465116,0.371317829457364,5,"top5","eeg_fm_lbeta_power_precond;eeg_fm_specent_precond;eeg_tleft_lbeta_power_precond;eeg_faa_precond;eeg_pleft_halpha_power_precond"
2025-12-19 12:50:03.46983,39,"stress_label",5,16,0.015625,0.459302325581395,0.436046511627907,NA,5,"top5","eeg_fm_lbeta_power_precond;eeg_fm_specent_precond;eeg_tleft_lbeta_power_precond;eeg_faa_precond;eeg_pleft_halpha_power_precond"
2025-12-19 12:50:03.473422,39,"stress_label",5,32,0.015625,0.465116279069767,0.395348837209302,0.396124031007752,5,"top5","eeg_fm_lbeta_power_precond;eeg_fm_specent_precond;eeg_tleft_lbeta_power_precond;eeg_faa_precond;eeg_pleft_halpha_power_precond"
2025-12-19 12:50:03.536164,39,"stress_label",5,64,0.015625,0.5,0.488372093023256,NA,5,"top5","eeg_fm_lbeta_power_precond;eeg_fm_specent_precond;eeg_tleft_lbeta_power_precond;eeg_faa_precond;eeg_pleft_halpha_power_precond"
2025-12-19 12:50:04.662682,39,"stress_label",5,128,0.015625,0.552325581395349,0.430232558139535,NA,5,"top5","eeg_fm_lbeta_power_precond;eeg_fm_specent_precond;eeg_tleft_lbeta_power_precond;eeg_faa_precond;eeg_pleft_halpha_power_precond"
2025-12-19 12:50:04.723066,39,"stress_label",5,256,0.015625,0.558139534883721,0.523255813953488,NA,5,"top5","eeg_fm_lbeta_power_precond;eeg_fm_specent_precond;eeg_tleft_lbeta_power_precond;eeg_faa_precond;eeg_pleft_halpha_power_precond"
2025-12-19 12:50:04.534465,39,"stress_label",5,2,0.03125,0.436046511627907,0.406976744186047,0.372093023255814,5,"top5","eeg_fm_lbeta_power_precond;eeg_fm_specent_precond;eeg_tleft_lbeta_power_precond;eeg_faa_precond;eeg_pleft_halpha_power_precond"
2025-12-19 12:50:04.544043,39,"stress_label",5,4,0.03125,0.436046511627907,0.5,NA,5,"top5","eeg_fm_lbeta_power_precond;eeg_fm_specent_precond;eeg_tleft_lbeta_power_precond;eeg_faa_precond;eeg_pleft_halpha_power_precond"
2025-12-19 12:50:04.759587,39,"stress_label",5,8,0.03125,0.453488372093023,0.430232558139535,0.38062015503876,5,"top5","eeg_fm_lbeta_power_precond;eeg_fm_specent_precond;eeg_tleft_lbeta_power_precond;eeg_faa_precond;eeg_pleft_halpha_power_precond"
2025-12-19 12:50:04.627262,39,"stress_label",5,16,0.03125,0.5,0.406976744186047,NA,5,"top5","eeg_fm_lbeta_power_precond;eeg_fm_specent_precond;eeg_tleft_lbeta_power_precond;eeg_faa_precond;eeg_pleft_halpha_power_precond"
2025-12-19 12:50:04.621623,39,"stress_label",5,32,0.03125,0.534883720930233,0.488372093023256,NA,5,"top5","eeg_fm_lbeta_power_precond;eeg_fm_specent_precond;eeg_tleft_lbeta_power_precond;eeg_faa_precond;eeg_pleft_halpha_power_precond"
2025-12-19 12:50:04.727867,39,"stress_label",5,64,0.03125,0.563953488372093,0.5,NA,5,"top5","eeg_fm_lbeta_power_precond;eeg_fm_specent_precond;eeg_tleft_lbeta_power_precond;eeg_faa_precond;eeg_pleft_halpha_power_precond"
2025-12-19 12:50:04.798312,39,"stress_label",5,128,0.03125,0.552325581395349,0.546511627906977,NA,5,"top5","eeg_fm_lbeta_power_precond;eeg_fm_specent_precond;eeg_tleft_lbeta_power_precond;eeg_faa_precond;eeg_pleft_halpha_power_precond"
2025-12-19 12:50:05.271162,39,"stress_label",5,256,0.03125,0.563953488372093,0.569767441860465,NA,5,"top5","eeg_fm_lbeta_power_precond;eeg_fm_specent_precond;eeg_tleft_lbeta_power_precond;eeg_faa_precond;eeg_pleft_halpha_power_precond"
2025-12-19 12:50:04.692389,39,"stress_label",5,2,0.0625,0.47093023255814,0.482558139534884,0.375193798449612,5,"top5","eeg_fm_lbeta_power_precond;eeg_fm_specent_precond;eeg_tleft_lbeta_power_precond;eeg_faa_precond;eeg_pleft_halpha_power_precond"
2025-12-19 12:50:04.769463,39,"stress_label",5,4,0.0625,0.505813953488372,0.401162790697674,NA,5,"top5","eeg_fm_lbeta_power_precond;eeg_fm_specent_precond;eeg_tleft_lbeta_power_precond;eeg_faa_precond;eeg_pleft_halpha_power_precond"
2025-12-19 12:50:04.837419,39,"stress_label",5,8,0.0625,0.540697674418605,0.401162790697674,NA,5,"top5","eeg_fm_lbeta_power_precond;eeg_fm_specent_precond;eeg_tleft_lbeta_power_precond;eeg_faa_precond;eeg_pleft_halpha_power_precond"
2025-12-19 12:50:04.89245,39,"stress_label",5,16,0.0625,0.552325581395349,0.540697674418605,NA,5,"top5","eeg_fm_lbeta_power_precond;eeg_fm_specent_precond;eeg_tleft_lbeta_power_precond;eeg_faa_precond;eeg_pleft_halpha_power_precond"
2025-12-19 12:50:05.688368,39,"stress_label",5,32,0.0625,0.552325581395349,0.546511627906977,NA,5,"top5","eeg_fm_lbeta_power_precond;eeg_fm_specent_precond;eeg_tleft_lbeta_power_precond;eeg_faa_precond;eeg_pleft_halpha_power_precond"
2025-12-19 12:50:05.794746,39,"stress_label",5,64,0.0625,0.575581395348837,0.581395348837209,NA,5,"top5","eeg_fm_lbeta_power_precond;eeg_fm_specent_precond;eeg_tleft_lbeta_power_precond;eeg_faa_precond;eeg_pleft_halpha_power_precond"
2025-12-19 12:50:06.079373,39,"stress_label",5,128,0.0625,0.569767441860465,0.552325581395349,NA,5,"top5","eeg_fm_lbeta_power_precond;eeg_fm_specent_precond;eeg_tleft_lbeta_power_precond;eeg_faa_precond;eeg_pleft_halpha_power_precond"
2025-12-19 12:50:06.437886,39,"stress_label",5,256,0.0625,0.529069767441861,0.505813953488372,NA,5,"top5","eeg_fm_lbeta_power_precond;eeg_fm_specent_precond;eeg_tleft_lbeta_power_precond;eeg_faa_precond;eeg_pleft_halpha_power_precond"
2025-12-19 12:50:05.717135,39,"stress_label",5,2,0.125,0.552325581395349,0.383720930232558,NA,5,"top5","eeg_fm_lbeta_power_precond;eeg_fm_specent_precond;eeg_tleft_lbeta_power_precond;eeg_faa_precond;eeg_pleft_halpha_power_precond"
2025-12-19 12:50:05.744884,39,"stress_label",5,4,0.125,0.563953488372093,0.552325581395349,NA,5,"top5","eeg_fm_lbeta_power_precond;eeg_fm_specent_precond;eeg_tleft_lbeta_power_precond;eeg_faa_precond;eeg_pleft_halpha_power_precond"
2025-12-19 12:50:05.810669,39,"stress_label",5,8,0.125,0.563953488372093,0.523255813953488,NA,5,"top5","eeg_fm_lbeta_power_precond;eeg_fm_specent_precond;eeg_tleft_lbeta_power_precond;eeg_faa_precond;eeg_pleft_halpha_power_precond"
2025-12-19 12:50:05.885567,39,"stress_label",5,16,0.125,0.593023255813954,0.581395348837209,NA,5,"top5","eeg_fm_lbeta_power_precond;eeg_fm_specent_precond;eeg_tleft_lbeta_power_precond;eeg_faa_precond;eeg_pleft_halpha_power_precond"
2025-12-19 12:50:06.001606,39,"stress_label",5,32,0.125,0.546511627906977,0.447674418604651,NA,5,"top5","eeg_fm_lbeta_power_precond;eeg_fm_specent_precond;eeg_tleft_lbeta_power_precond;eeg_faa_precond;eeg_pleft_halpha_power_precond"
2025-12-19 12:50:06.079841,39,"stress_label",5,64,0.125,0.517441860465116,0.453488372093023,NA,5,"top5","eeg_fm_lbeta_power_precond;eeg_fm_specent_precond;eeg_tleft_lbeta_power_precond;eeg_faa_precond;eeg_pleft_halpha_power_precond"
2025-12-19 12:50:06.31078,39,"stress_label",5,128,0.125,0.476744186046512,0.447674418604651,NA,5,"top5","eeg_fm_lbeta_power_precond;eeg_fm_specent_precond;eeg_tleft_lbeta_power_precond;eeg_faa_precond;eeg_pleft_halpha_power_precond"
2025-12-19 12:50:06.662376,39,"stress_label",5,256,0.125,0.476744186046512,0.488372093023256,0.434883720930233,5,"top5","eeg_fm_lbeta_power_precond;eeg_fm_specent_precond;eeg_tleft_lbeta_power_precond;eeg_faa_precond;eeg_pleft_halpha_power_precond"
2025-12-19 12:50:05.899815,39,"stress_label",5,2,0.03,0.441860465116279,0.5,0.383720930232558,5,"top5","eeg_fm_lbeta_power_precond;eeg_fm_specent_precond;eeg_tleft_lbeta_power_precond;eeg_faa_precond;eeg_pleft_halpha_power_precond"
2025-12-19 12:50:06.27874,39,"stress_label",5,4,0.03,0.418604651162791,0.482558139534884,0.350387596899225,5,"top5","eeg_fm_lbeta_power_precond;eeg_fm_specent_precond;eeg_tleft_lbeta_power_precond;eeg_faa_precond;eeg_pleft_halpha_power_precond"
2025-12-19 12:50:06.740383,39,"stress_label",5,8,0.03,0.441860465116279,0.401162790697674,0.371317829457364,5,"top5","eeg_fm_lbeta_power_precond;eeg_fm_specent_precond;eeg_tleft_lbeta_power_precond;eeg_faa_precond;eeg_pleft_halpha_power_precond"
2025-12-19 12:50:06.786207,39,"stress_label",5,16,0.03,0.505813953488372,0.418604651162791,NA,5,"top5","eeg_fm_lbeta_power_precond;eeg_fm_specent_precond;eeg_tleft_lbeta_power_precond;eeg_faa_precond;eeg_pleft_halpha_power_precond"
2025-12-19 12:50:06.794168,39,"stress_label",5,32,0.03,0.540697674418605,0.5,NA,5,"top5","eeg_fm_lbeta_power_precond;eeg_fm_specent_precond;eeg_tleft_lbeta_power_precond;eeg_faa_precond;eeg_pleft_halpha_power_precond"
2025-12-19 12:50:07.223178,39,"stress_label",5,64,0.03,0.558139534883721,0.505813953488372,NA,5,"top5","eeg_fm_lbeta_power_precond;eeg_fm_specent_precond;eeg_tleft_lbeta_power_precond;eeg_faa_precond;eeg_pleft_halpha_power_precond"
2025-12-19 12:50:07.134911,39,"stress_label",5,128,0.03,0.540697674418605,0.517441860465116,NA,5,"top5","eeg_fm_lbeta_power_precond;eeg_fm_specent_precond;eeg_tleft_lbeta_power_precond;eeg_faa_precond;eeg_pleft_halpha_power_precond"
2025-12-19 12:50:07.412951,39,"stress_label",5,256,0.03,0.569767441860465,0.593023255813954,NA,5,"top5","eeg_fm_lbeta_power_precond;eeg_fm_specent_precond;eeg_tleft_lbeta_power_precond;eeg_faa_precond;eeg_pleft_halpha_power_precond"
2025-12-19 12:50:06.932843,39,"stress_label",5,2,0.06,0.47093023255814,0.424418604651163,NA,5,"top5","eeg_fm_lbeta_power_precond;eeg_fm_specent_precond;eeg_tleft_lbeta_power_precond;eeg_faa_precond;eeg_pleft_halpha_power_precond"
2025-12-19 12:50:07.06866,39,"stress_label",5,4,0.06,0.494186046511628,0.47093023255814,NA,5,"top5","eeg_fm_lbeta_power_precond;eeg_fm_specent_precond;eeg_tleft_lbeta_power_precond;eeg_faa_precond;eeg_pleft_halpha_power_precond"
2025-12-19 12:50:07.165234,39,"stress_label",5,8,0.06,0.546511627906977,0.401162790697674,NA,5,"top5","eeg_fm_lbeta_power_precond;eeg_fm_specent_precond;eeg_tleft_lbeta_power_precond;eeg_faa_precond;eeg_pleft_halpha_power_precond"
2025-12-19 12:50:07.204846,39,"stress_label",5,16,0.06,0.563953488372093,0.546511627906977,NA,5,"top5","eeg_fm_lbeta_power_precond;eeg_fm_specent_precond;eeg_tleft_lbeta_power_precond;eeg_faa_precond;eeg_pleft_halpha_power_precond"
2025-12-19 12:50:07.443556,39,"stress_label",5,32,0.06,0.558139534883721,0.529069767441861,NA,5,"top5","eeg_fm_lbeta_power_precond;eeg_fm_specent_precond;eeg_tleft_lbeta_power_precond;eeg_faa_precond;eeg_pleft_halpha_power_precond"
2025-12-19 12:50:07.549703,39,"stress_label",5,64,0.06,0.546511627906977,0.593023255813954,NA,5,"top5","eeg_fm_lbeta_power_precond;eeg_fm_specent_precond;eeg_tleft_lbeta_power_precond;eeg_faa_precond;eeg_pleft_halpha_power_precond"
2025-12-19 12:50:07.830716,39,"stress_label",5,128,0.06,0.575581395348837,0.558139534883721,NA,5,"top5","eeg_fm_lbeta_power_precond;eeg_fm_specent_precond;eeg_tleft_lbeta_power_precond;eeg_faa_precond;eeg_pleft_halpha_power_precond"
2025-12-19 12:50:08.160605,39,"stress_label",5,256,0.06,0.529069767441861,0.511627906976744,NA,5,"top5","eeg_fm_lbeta_power_precond;eeg_fm_specent_precond;eeg_tleft_lbeta_power_precond;eeg_faa_precond;eeg_pleft_halpha_power_precond"
2025-12-19 12:50:07.743155,39,"stress_label",5,2,0.1,0.529069767441861,0.36046511627907,NA,5,"top5","eeg_fm_lbeta_power_precond;eeg_fm_specent_precond;eeg_tleft_lbeta_power_precond;eeg_faa_precond;eeg_pleft_halpha_power_precond"
2025-12-19 12:50:07.81958,39,"stress_label",5,4,0.1,0.546511627906977,0.5,NA,5,"top5","eeg_fm_lbeta_power_precond;eeg_fm_specent_precond;eeg_tleft_lbeta_power_precond;eeg_faa_precond;eeg_pleft_halpha_power_precond"
2025-12-19 12:50:07.819365,39,"stress_label",5,8,0.1,0.569767441860465,0.552325581395349,NA,5,"top5","eeg_fm_lbeta_power_precond;eeg_fm_specent_precond;eeg_tleft_lbeta_power_precond;eeg_faa_precond;eeg_pleft_halpha_power_precond"
2025-12-19 12:50:07.962104,39,"stress_label",5,16,0.1,0.546511627906977,0.534883720930233,NA,5,"top5","eeg_fm_lbeta_power_precond;eeg_fm_specent_precond;eeg_tleft_lbeta_power_precond;eeg_faa_precond;eeg_pleft_halpha_power_precond"
2025-12-19 12:50:08.095888,39,"stress_label",5,32,0.1,0.575581395348837,0.569767441860465,NA,5,"top5","eeg_fm_lbeta_power_precond;eeg_fm_specent_precond;eeg_tleft_lbeta_power_precond;eeg_faa_precond;eeg_pleft_halpha_power_precond"
2025-12-19 12:50:08.212661,39,"stress_label",5,64,0.1,0.534883720930233,0.505813953488372,NA,5,"top5","eeg_fm_lbeta_power_precond;eeg_fm_specent_precond;eeg_tleft_lbeta_power_precond;eeg_faa_precond;eeg_pleft_halpha_power_precond"
2025-12-19 12:50:08.349595,39,"stress_label",5,128,0.1,0.511627906976744,0.476744186046512,NA,5,"top5","eeg_fm_lbeta_power_precond;eeg_fm_specent_precond;eeg_tleft_lbeta_power_precond;eeg_faa_precond;eeg_pleft_halpha_power_precond"
2025-12-19 12:50:08.587348,39,"stress_label",5,256,0.1,0.482558139534884,0.436046511627907,NA,5,"top5","eeg_fm_lbeta_power_precond;eeg_fm_specent_precond;eeg_tleft_lbeta_power_precond;eeg_faa_precond;eeg_pleft_halpha_power_precond"
2025-12-19 12:50:09.819871,40,"stress_label",5,2,0.0078125,0.476744186046512,0.5,0.4,5,"top5","eeg_fm_specent_precond;eeg_faa_precond;eeg_fm_beta_power_precond;eeg_fl_theta_power_precond;eeg_tleft_lbeta_power_precond"
2025-12-19 12:50:09.829778,40,"stress_label",5,4,0.0078125,0.494186046511628,0.418604651162791,0.44031007751938,5,"top5","eeg_fm_specent_precond;eeg_faa_precond;eeg_fm_beta_power_precond;eeg_fl_theta_power_precond;eeg_tleft_lbeta_power_precond"
2025-12-19 12:50:09.773549,40,"stress_label",5,8,0.0078125,0.5,0.354651162790698,0.437209302325581,5,"top5","eeg_fm_specent_precond;eeg_faa_precond;eeg_fm_beta_power_precond;eeg_fl_theta_power_precond;eeg_tleft_lbeta_power_precond"
2025-12-19 12:50:09.804514,40,"stress_label",5,16,0.0078125,0.494186046511628,0.436046511627907,0.417829457364341,5,"top5","eeg_fm_specent_precond;eeg_faa_precond;eeg_fm_beta_power_precond;eeg_fl_theta_power_precond;eeg_tleft_lbeta_power_precond"
2025-12-19 12:50:09.841577,40,"stress_label",5,32,0.0078125,0.488372093023256,0.476744186046512,0.410077519379845,5,"top5","eeg_fm_specent_precond;eeg_faa_precond;eeg_fm_beta_power_precond;eeg_fl_theta_power_precond;eeg_tleft_lbeta_power_precond"
2025-12-19 12:50:09.85873,40,"stress_label",5,64,0.0078125,0.47093023255814,0.453488372093023,NA,5,"top5","eeg_fm_specent_precond;eeg_faa_precond;eeg_fm_beta_power_precond;eeg_fl_theta_power_precond;eeg_tleft_lbeta_power_precond"
2025-12-19 12:50:09.848485,40,"stress_label",5,128,0.0078125,0.465116279069767,0.418604651162791,0.38062015503876,5,"top5","eeg_fm_specent_precond;eeg_faa_precond;eeg_fm_beta_power_precond;eeg_fl_theta_power_precond;eeg_tleft_lbeta_power_precond"
2025-12-19 12:50:09.957074,40,"stress_label",5,256,0.0078125,0.465116279069767,0.436046511627907,NA,5,"top5","eeg_fm_specent_precond;eeg_faa_precond;eeg_fm_beta_power_precond;eeg_fl_theta_power_precond;eeg_tleft_lbeta_power_precond"
2025-12-19 12:50:10.060098,40,"stress_label",5,2,0.015625,0.488372093023256,0.436046511627907,0.433333333333333,5,"top5","eeg_fm_specent_precond;eeg_faa_precond;eeg_fm_beta_power_precond;eeg_fl_theta_power_precond;eeg_tleft_lbeta_power_precond"
2025-12-19 12:50:09.806608,40,"stress_label",5,4,0.015625,0.5,0.459302325581395,0.429457364341085,5,"top5","eeg_fm_specent_precond;eeg_faa_precond;eeg_fm_beta_power_precond;eeg_fl_theta_power_precond;eeg_tleft_lbeta_power_precond"
2025-12-19 12:50:09.83088,40,"stress_label",5,8,0.015625,0.494186046511628,0.412790697674419,0.412403100775194,5,"top5","eeg_fm_specent_precond;eeg_faa_precond;eeg_fm_beta_power_precond;eeg_fl_theta_power_precond;eeg_tleft_lbeta_power_precond"
2025-12-19 12:50:10.085316,40,"stress_label",5,16,0.015625,0.47093023255814,0.418604651162791,0.389147286821705,5,"top5","eeg_fm_specent_precond;eeg_faa_precond;eeg_fm_beta_power_precond;eeg_fl_theta_power_precond;eeg_tleft_lbeta_power_precond"
2025-12-19 12:50:09.8471,40,"stress_label",5,32,0.015625,0.459302325581395,0.401162790697674,0.368992248062015,5,"top5","eeg_fm_specent_precond;eeg_faa_precond;eeg_fm_beta_power_precond;eeg_fl_theta_power_precond;eeg_tleft_lbeta_power_precond"
2025-12-19 12:50:09.90815,40,"stress_label",5,64,0.015625,0.465116279069767,0.401162790697674,NA,5,"top5","eeg_fm_specent_precond;eeg_faa_precond;eeg_fm_beta_power_precond;eeg_fl_theta_power_precond;eeg_tleft_lbeta_power_precond"
2025-12-19 12:50:10.98807,40,"stress_label",5,128,0.015625,0.534883720930233,0.383720930232558,NA,5,"top5","eeg_fm_specent_precond;eeg_faa_precond;eeg_fm_beta_power_precond;eeg_fl_theta_power_precond;eeg_tleft_lbeta_power_precond"
2025-12-19 12:50:11.32912,40,"stress_label",5,256,0.015625,0.546511627906977,0.47093023255814,NA,5,"top5","eeg_fm_specent_precond;eeg_faa_precond;eeg_fm_beta_power_precond;eeg_fl_theta_power_precond;eeg_tleft_lbeta_power_precond"
2025-12-19 12:50:10.867926,40,"stress_label",5,2,0.03125,0.488372093023256,0.447674418604651,0.412403100775194,5,"top5","eeg_fm_specent_precond;eeg_faa_precond;eeg_fm_beta_power_precond;eeg_fl_theta_power_precond;eeg_tleft_lbeta_power_precond"
2025-12-19 12:50:10.867757,40,"stress_label",5,4,0.03125,0.465116279069767,0.494186046511628,0.386821705426357,5,"top5","eeg_fm_specent_precond;eeg_faa_precond;eeg_fm_beta_power_precond;eeg_fl_theta_power_precond;eeg_tleft_lbeta_power_precond"
2025-12-19 12:50:10.904588,40,"stress_label",5,8,0.03125,0.47093023255814,0.406976744186047,0.388372093023256,5,"top5","eeg_fm_specent_precond;eeg_faa_precond;eeg_fm_beta_power_precond;eeg_fl_theta_power_precond;eeg_tleft_lbeta_power_precond"
2025-12-19 12:50:10.900485,40,"stress_label",5,16,0.03125,0.47093023255814,0.430232558139535,NA,5,"top5","eeg_fm_specent_precond;eeg_faa_precond;eeg_fm_beta_power_precond;eeg_fl_theta_power_precond;eeg_tleft_lbeta_power_precond"
2025-12-19 12:50:11.000121,40,"stress_label",5,32,0.03125,0.546511627906977,0.372093023255814,NA,5,"top5","eeg_fm_specent_precond;eeg_faa_precond;eeg_fm_beta_power_precond;eeg_fl_theta_power_precond;eeg_tleft_lbeta_power_precond"
2025-12-19 12:50:11.253952,40,"stress_label",5,64,0.03125,0.569767441860465,0.436046511627907,NA,5,"top5","eeg_fm_specent_precond;eeg_faa_precond;eeg_fm_beta_power_precond;eeg_fl_theta_power_precond;eeg_tleft_lbeta_power_precond"
2025-12-19 12:50:11.116569,40,"stress_label",5,128,0.03125,0.575581395348837,0.372093023255814,NA,5,"top5","eeg_fm_specent_precond;eeg_faa_precond;eeg_fm_beta_power_precond;eeg_fl_theta_power_precond;eeg_tleft_lbeta_power_precond"
2025-12-19 12:50:11.347307,40,"stress_label",5,256,0.03125,0.546511627906977,0.482558139534884,NA,5,"top5","eeg_fm_specent_precond;eeg_faa_precond;eeg_fm_beta_power_precond;eeg_fl_theta_power_precond;eeg_tleft_lbeta_power_precond"
2025-12-19 12:50:10.940562,40,"stress_label",5,2,0.0625,0.482558139534884,0.401162790697674,0.393798449612403,5,"top5","eeg_fm_specent_precond;eeg_faa_precond;eeg_fm_beta_power_precond;eeg_fl_theta_power_precond;eeg_tleft_lbeta_power_precond"
2025-12-19 12:50:11.029844,40,"stress_label",5,4,0.0625,0.5,0.534883720930233,NA,5,"top5","eeg_fm_specent_precond;eeg_faa_precond;eeg_fm_beta_power_precond;eeg_fl_theta_power_precond;eeg_tleft_lbeta_power_precond"
2025-12-19 12:50:11.122135,40,"stress_label",5,8,0.0625,0.575581395348837,0.296511627906977,NA,5,"top5","eeg_fm_specent_precond;eeg_faa_precond;eeg_fm_beta_power_precond;eeg_fl_theta_power_precond;eeg_tleft_lbeta_power_precond"
2025-12-19 12:50:11.190777,40,"stress_label",5,16,0.0625,0.587209302325581,0.494186046511628,NA,5,"top5","eeg_fm_specent_precond;eeg_faa_precond;eeg_fm_beta_power_precond;eeg_fl_theta_power_precond;eeg_tleft_lbeta_power_precond"
2025-12-19 12:50:12.021152,40,"stress_label",5,32,0.0625,0.575581395348837,0.482558139534884,NA,5,"top5","eeg_fm_specent_precond;eeg_faa_precond;eeg_fm_beta_power_precond;eeg_fl_theta_power_precond;eeg_tleft_lbeta_power_precond"
2025-12-19 12:50:12.098299,40,"stress_label",5,64,0.0625,0.534883720930233,0.552325581395349,NA,5,"top5","eeg_fm_specent_precond;eeg_faa_precond;eeg_fm_beta_power_precond;eeg_fl_theta_power_precond;eeg_tleft_lbeta_power_precond"
2025-12-19 12:50:12.333045,40,"stress_label",5,128,0.0625,0.569767441860465,0.598837209302326,NA,5,"top5","eeg_fm_specent_precond;eeg_faa_precond;eeg_fm_beta_power_precond;eeg_fl_theta_power_precond;eeg_tleft_lbeta_power_precond"
2025-12-19 12:50:12.727246,40,"stress_label",5,256,0.0625,0.61046511627907,0.593023255813954,NA,5,"top5","eeg_fm_specent_precond;eeg_faa_precond;eeg_fm_beta_power_precond;eeg_fl_theta_power_precond;eeg_tleft_lbeta_power_precond"
2025-12-19 12:50:12.005884,40,"stress_label",5,2,0.125,0.558139534883721,0.343023255813953,NA,5,"top5","eeg_fm_specent_precond;eeg_faa_precond;eeg_fm_beta_power_precond;eeg_fl_theta_power_precond;eeg_tleft_lbeta_power_precond"
2025-12-19 12:50:12.039638,40,"stress_label",5,4,0.125,0.622093023255814,0.38953488372093,NA,5,"top5","eeg_fm_specent_precond;eeg_faa_precond;eeg_fm_beta_power_precond;eeg_fl_theta_power_precond;eeg_tleft_lbeta_power_precond"
2025-12-19 12:50:12.11213,40,"stress_label",5,8,0.125,0.61046511627907,0.581395348837209,NA,5,"top5","eeg_fm_specent_precond;eeg_faa_precond;eeg_fm_beta_power_precond;eeg_fl_theta_power_precond;eeg_tleft_lbeta_power_precond"
2025-12-19 12:50:12.146965,40,"stress_label",5,16,0.125,0.581395348837209,0.587209302325581,NA,5,"top5","eeg_fm_specent_precond;eeg_faa_precond;eeg_fm_beta_power_precond;eeg_fl_theta_power_precond;eeg_tleft_lbeta_power_precond"
2025-12-19 12:50:12.322854,40,"stress_label",5,32,0.125,0.598837209302326,0.627906976744186,NA,5,"top5","eeg_fm_specent_precond;eeg_faa_precond;eeg_fm_beta_power_precond;eeg_fl_theta_power_precond;eeg_tleft_lbeta_power_precond"
2025-12-19 12:50:12.485583,40,"stress_label",5,64,0.125,0.627906976744186,0.63953488372093,NA,5,"top5","eeg_fm_specent_precond;eeg_faa_precond;eeg_fm_beta_power_precond;eeg_fl_theta_power_precond;eeg_tleft_lbeta_power_precond"
2025-12-19 12:50:12.787853,40,"stress_label",5,128,0.125,0.546511627906977,0.587209302325581,NA,5,"top5","eeg_fm_specent_precond;eeg_faa_precond;eeg_fm_beta_power_precond;eeg_fl_theta_power_precond;eeg_tleft_lbeta_power_precond"
2025-12-19 12:50:13.297312,40,"stress_label",5,256,0.125,0.546511627906977,0.529069767441861,NA,5,"top5","eeg_fm_specent_precond;eeg_faa_precond;eeg_fm_beta_power_precond;eeg_fl_theta_power_precond;eeg_tleft_lbeta_power_precond"
2025-12-19 12:50:12.357474,40,"stress_label",5,2,0.03,0.494186046511628,0.436046511627907,0.424031007751938,5,"top5","eeg_fm_specent_precond;eeg_faa_precond;eeg_fm_beta_power_precond;eeg_fl_theta_power_precond;eeg_tleft_lbeta_power_precond"
2025-12-19 12:50:12.397917,40,"stress_label",5,4,0.03,0.476744186046512,0.552325581395349,0.390697674418605,5,"top5","eeg_fm_specent_precond;eeg_faa_precond;eeg_fm_beta_power_precond;eeg_fl_theta_power_precond;eeg_tleft_lbeta_power_precond"
2025-12-19 12:50:13.037603,40,"stress_label",5,8,0.03,0.482558139534884,0.494186046511628,0.398449612403101,5,"top5","eeg_fm_specent_precond;eeg_faa_precond;eeg_fm_beta_power_precond;eeg_fl_theta_power_precond;eeg_tleft_lbeta_power_precond"
2025-12-19 12:50:13.051626,40,"stress_label",5,16,0.03,0.482558139534884,0.47093023255814,NA,5,"top5","eeg_fm_specent_precond;eeg_faa_precond;eeg_fm_beta_power_precond;eeg_fl_theta_power_precond;eeg_tleft_lbeta_power_precond"
2025-12-19 12:50:13.137992,40,"stress_label",5,32,0.03,0.529069767441861,0.38953488372093,NA,5,"top5","eeg_fm_specent_precond;eeg_faa_precond;eeg_fm_beta_power_precond;eeg_fl_theta_power_precond;eeg_tleft_lbeta_power_precond"
2025-12-19 12:50:13.22701,40,"stress_label",5,64,0.03,0.569767441860465,0.441860465116279,NA,5,"top5","eeg_fm_specent_precond;eeg_faa_precond;eeg_fm_beta_power_precond;eeg_fl_theta_power_precond;eeg_tleft_lbeta_power_precond"
2025-12-19 12:50:13.57461,40,"stress_label",5,128,0.03,0.575581395348837,0.366279069767442,NA,5,"top5","eeg_fm_specent_precond;eeg_faa_precond;eeg_fm_beta_power_precond;eeg_fl_theta_power_precond;eeg_tleft_lbeta_power_precond"
2025-12-19 12:50:13.581376,40,"stress_label",5,256,0.03,0.540697674418605,0.395348837209302,NA,5,"top5","eeg_fm_specent_precond;eeg_faa_precond;eeg_fm_beta_power_precond;eeg_fl_theta_power_precond;eeg_tleft_lbeta_power_precond"
2025-12-19 12:50:13.345781,40,"stress_label",5,2,0.06,0.482558139534884,0.459302325581395,0.389922480620155,5,"top5","eeg_fm_specent_precond;eeg_faa_precond;eeg_fm_beta_power_precond;eeg_fl_theta_power_precond;eeg_tleft_lbeta_power_precond"
2025-12-19 12:50:13.372913,40,"stress_label",5,4,0.06,0.494186046511628,0.447674418604651,NA,5,"top5","eeg_fm_specent_precond;eeg_faa_precond;eeg_fm_beta_power_precond;eeg_fl_theta_power_precond;eeg_tleft_lbeta_power_precond"
2025-12-19 12:50:13.38848,40,"stress_label",5,8,0.06,0.558139534883721,0.418604651162791,NA,5,"top5","eeg_fm_specent_precond;eeg_faa_precond;eeg_fm_beta_power_precond;eeg_fl_theta_power_precond;eeg_tleft_lbeta_power_precond"
2025-12-19 12:50:13.468191,40,"stress_label",5,16,0.06,0.581395348837209,0.465116279069767,NA,5,"top5","eeg_fm_specent_precond;eeg_faa_precond;eeg_fm_beta_power_precond;eeg_fl_theta_power_precond;eeg_tleft_lbeta_power_precond"
2025-12-19 12:50:13.624125,40,"stress_label",5,32,0.06,0.575581395348837,0.465116279069767,NA,5,"top5","eeg_fm_specent_precond;eeg_faa_precond;eeg_fm_beta_power_precond;eeg_fl_theta_power_precond;eeg_tleft_lbeta_power_precond"
2025-12-19 12:50:14.109454,40,"stress_label",5,64,0.06,0.523255813953488,0.534883720930233,NA,5,"top5","eeg_fm_specent_precond;eeg_faa_precond;eeg_fm_beta_power_precond;eeg_fl_theta_power_precond;eeg_tleft_lbeta_power_precond"
2025-12-19 12:50:14.136705,40,"stress_label",5,128,0.06,0.563953488372093,0.517441860465116,NA,5,"top5","eeg_fm_specent_precond;eeg_faa_precond;eeg_fm_beta_power_precond;eeg_fl_theta_power_precond;eeg_tleft_lbeta_power_precond"
2025-12-19 12:50:14.507463,40,"stress_label",5,256,0.06,0.604651162790698,0.616279069767442,NA,5,"top5","eeg_fm_specent_precond;eeg_faa_precond;eeg_fm_beta_power_precond;eeg_fl_theta_power_precond;eeg_tleft_lbeta_power_precond"
2025-12-19 12:50:14.07602,40,"stress_label",5,2,0.1,0.529069767441861,0.372093023255814,NA,5,"top5","eeg_fm_specent_precond;eeg_faa_precond;eeg_fm_beta_power_precond;eeg_fl_theta_power_precond;eeg_tleft_lbeta_power_precond"
2025-12-19 12:50:14.13474,40,"stress_label",5,4,0.1,0.581395348837209,0.348837209302326,NA,5,"top5","eeg_fm_specent_precond;eeg_faa_precond;eeg_fm_beta_power_precond;eeg_fl_theta_power_precond;eeg_tleft_lbeta_power_precond"
2025-12-19 12:50:14.220368,40,"stress_label",5,8,0.1,0.593023255813954,0.453488372093023,NA,5,"top5","eeg_fm_specent_precond;eeg_faa_precond;eeg_fm_beta_power_precond;eeg_fl_theta_power_precond;eeg_tleft_lbeta_power_precond"
2025-12-19 12:50:14.281094,40,"stress_label",5,16,0.1,0.61046511627907,0.61046511627907,NA,5,"top5","eeg_fm_specent_precond;eeg_faa_precond;eeg_fm_beta_power_precond;eeg_fl_theta_power_precond;eeg_tleft_lbeta_power_precond"
2025-12-19 12:50:14.354207,40,"stress_label",5,32,0.1,0.575581395348837,0.534883720930233,NA,5,"top5","eeg_fm_specent_precond;eeg_faa_precond;eeg_fm_beta_power_precond;eeg_fl_theta_power_precond;eeg_tleft_lbeta_power_precond"
2025-12-19 12:50:14.461241,40,"stress_label",5,64,0.1,0.604651162790698,0.558139534883721,NA,5,"top5","eeg_fm_specent_precond;eeg_faa_precond;eeg_fm_beta_power_precond;eeg_fl_theta_power_precond;eeg_tleft_lbeta_power_precond"
2025-12-19 12:50:14.649212,40,"stress_label",5,128,0.1,0.622093023255814,0.604651162790698,NA,5,"top5","eeg_fm_specent_precond;eeg_faa_precond;eeg_fm_beta_power_precond;eeg_fl_theta_power_precond;eeg_tleft_lbeta_power_precond"
2025-12-19 12:50:14.924513,40,"stress_label",5,256,0.1,0.563953488372093,0.604651162790698,NA,5,"top5","eeg_fm_specent_precond;eeg_faa_precond;eeg_fm_beta_power_precond;eeg_fl_theta_power_precond;eeg_tleft_lbeta_power_precond"
2025-12-19 12:50:16.158433,41,"stress_label",5,2,0.0078125,0.459302325581395,0.563953488372093,0.389147286821705,5,"top5","eeg_fm_specent_precond;eeg_tleft_lbeta_power_precond;eeg_fm_beta_power_precond;eeg_faa_precond;eeg_fl_theta_power_precond"
2025-12-19 12:50:16.168207,41,"stress_label",5,4,0.0078125,0.459302325581395,0.511627906976744,NA,5,"top5","eeg_fm_specent_precond;eeg_tleft_lbeta_power_precond;eeg_fm_beta_power_precond;eeg_faa_precond;eeg_fl_theta_power_precond"
2025-12-19 12:50:16.146897,41,"stress_label",5,8,0.0078125,0.447674418604651,0.552325581395349,0.413178294573643,5,"top5","eeg_fm_specent_precond;eeg_tleft_lbeta_power_precond;eeg_fm_beta_power_precond;eeg_faa_precond;eeg_fl_theta_power_precond"
2025-12-19 12:50:16.154535,41,"stress_label",5,16,0.0078125,0.436046511627907,0.453488372093023,0.390697674418605,5,"top5","eeg_fm_specent_precond;eeg_tleft_lbeta_power_precond;eeg_fm_beta_power_precond;eeg_faa_precond;eeg_fl_theta_power_precond"
2025-12-19 12:50:16.145192,41,"stress_label",5,32,0.0078125,0.406976744186047,0.575581395348837,0.351937984496124,5,"top5","eeg_fm_specent_precond;eeg_tleft_lbeta_power_precond;eeg_fm_beta_power_precond;eeg_faa_precond;eeg_fl_theta_power_precond"
2025-12-19 12:50:16.18771,41,"stress_label",5,64,0.0078125,0.424418604651163,0.569767441860465,0.375193798449612,5,"top5","eeg_fm_specent_precond;eeg_tleft_lbeta_power_precond;eeg_fm_beta_power_precond;eeg_faa_precond;eeg_fl_theta_power_precond"
2025-12-19 12:50:16.19356,41,"stress_label",5,128,0.0078125,0.476744186046512,0.563953488372093,NA,5,"top5","eeg_fm_specent_precond;eeg_tleft_lbeta_power_precond;eeg_fm_beta_power_precond;eeg_faa_precond;eeg_fl_theta_power_precond"
2025-12-19 12:50:16.268424,41,"stress_label",5,256,0.0078125,0.453488372093023,0.465116279069767,NA,5,"top5","eeg_fm_specent_precond;eeg_tleft_lbeta_power_precond;eeg_fm_beta_power_precond;eeg_faa_precond;eeg_fl_theta_power_precond"
2025-12-19 12:50:16.15285,41,"stress_label",5,2,0.015625,0.459302325581395,0.552325581395349,NA,5,"top5","eeg_fm_specent_precond;eeg_tleft_lbeta_power_precond;eeg_fm_beta_power_precond;eeg_faa_precond;eeg_fl_theta_power_precond"
2025-12-19 12:50:16.119033,41,"stress_label",5,4,0.015625,0.447674418604651,0.529069767441861,0.413178294573643,5,"top5","eeg_fm_specent_precond;eeg_tleft_lbeta_power_precond;eeg_fm_beta_power_precond;eeg_faa_precond;eeg_fl_theta_power_precond"
2025-12-19 12:50:16.111479,41,"stress_label",5,8,0.015625,0.406976744186047,0.558139534883721,0.352713178294574,5,"top5","eeg_fm_specent_precond;eeg_tleft_lbeta_power_precond;eeg_fm_beta_power_precond;eeg_faa_precond;eeg_fl_theta_power_precond"
2025-12-19 12:50:16.143295,41,"stress_label",5,16,0.015625,0.430232558139535,0.604651162790698,0.386821705426357,5,"top5","eeg_fm_specent_precond;eeg_tleft_lbeta_power_precond;eeg_fm_beta_power_precond;eeg_faa_precond;eeg_fl_theta_power_precond"
2025-12-19 12:50:16.162829,41,"stress_label",5,32,0.015625,0.465116279069767,0.593023255813954,0.396124031007752,5,"top5","eeg_fm_specent_precond;eeg_tleft_lbeta_power_precond;eeg_fm_beta_power_precond;eeg_faa_precond;eeg_fl_theta_power_precond"
2025-12-19 12:50:16.212846,41,"stress_label",5,64,0.015625,0.453488372093023,0.505813953488372,NA,5,"top5","eeg_fm_specent_precond;eeg_tleft_lbeta_power_precond;eeg_fm_beta_power_precond;eeg_faa_precond;eeg_fl_theta_power_precond"
2025-12-19 12:50:17.257699,41,"stress_label",5,128,0.015625,0.529069767441861,0.482558139534884,NA,5,"top5","eeg_fm_specent_precond;eeg_tleft_lbeta_power_precond;eeg_fm_beta_power_precond;eeg_faa_precond;eeg_fl_theta_power_precond"
2025-12-19 12:50:17.373511,41,"stress_label",5,256,0.015625,0.546511627906977,0.296511627906977,NA,5,"top5","eeg_fm_specent_precond;eeg_tleft_lbeta_power_precond;eeg_fm_beta_power_precond;eeg_faa_precond;eeg_fl_theta_power_precond"
2025-12-19 12:50:17.193209,41,"stress_label",5,2,0.03125,0.424418604651163,0.575581395348837,0.37906976744186,5,"top5","eeg_fm_specent_precond;eeg_tleft_lbeta_power_precond;eeg_fm_beta_power_precond;eeg_faa_precond;eeg_fl_theta_power_precond"
2025-12-19 12:50:17.186948,41,"stress_label",5,4,0.03125,0.406976744186047,0.534883720930233,0.361240310077519,5,"top5","eeg_fm_specent_precond;eeg_tleft_lbeta_power_precond;eeg_fm_beta_power_precond;eeg_faa_precond;eeg_fl_theta_power_precond"
2025-12-19 12:50:17.197456,41,"stress_label",5,8,0.03125,0.476744186046512,0.563953488372093,NA,5,"top5","eeg_fm_specent_precond;eeg_tleft_lbeta_power_precond;eeg_fm_beta_power_precond;eeg_faa_precond;eeg_fl_theta_power_precond"
2025-12-19 12:50:17.230928,41,"stress_label",5,16,0.03125,0.441860465116279,0.476744186046512,NA,5,"top5","eeg_fm_specent_precond;eeg_tleft_lbeta_power_precond;eeg_fm_beta_power_precond;eeg_faa_precond;eeg_fl_theta_power_precond"
2025-12-19 12:50:17.241798,41,"stress_label",5,32,0.03125,0.5,0.529069767441861,NA,5,"top5","eeg_fm_specent_precond;eeg_tleft_lbeta_power_precond;eeg_fm_beta_power_precond;eeg_faa_precond;eeg_fl_theta_power_precond"
2025-12-19 12:50:17.311323,41,"stress_label",5,64,0.03125,0.505813953488372,0.343023255813953,NA,5,"top5","eeg_fm_specent_precond;eeg_tleft_lbeta_power_precond;eeg_fm_beta_power_precond;eeg_faa_precond;eeg_fl_theta_power_precond"
2025-12-19 12:50:17.378666,41,"stress_label",5,128,0.03125,0.511627906976744,0.331395348837209,NA,5,"top5","eeg_fm_specent_precond;eeg_tleft_lbeta_power_precond;eeg_fm_beta_power_precond;eeg_faa_precond;eeg_fl_theta_power_precond"
2025-12-19 12:50:17.577246,41,"stress_label",5,256,0.03125,0.5,0.412790697674419,NA,5,"top5","eeg_fm_specent_precond;eeg_tleft_lbeta_power_precond;eeg_fm_beta_power_precond;eeg_faa_precond;eeg_fl_theta_power_precond"
2025-12-19 12:50:17.26146,41,"stress_label",5,2,0.0625,0.459302325581395,0.604651162790698,NA,5,"top5","eeg_fm_specent_precond;eeg_tleft_lbeta_power_precond;eeg_fm_beta_power_precond;eeg_faa_precond;eeg_fl_theta_power_precond"
2025-12-19 12:50:17.268341,41,"stress_label",5,4,0.0625,0.47093023255814,0.465116279069767,NA,5,"top5","eeg_fm_specent_precond;eeg_tleft_lbeta_power_precond;eeg_fm_beta_power_precond;eeg_faa_precond;eeg_fl_theta_power_precond"
2025-12-19 12:50:17.269961,41,"stress_label",5,8,0.0625,0.517441860465116,0.377906976744186,NA,5,"top5","eeg_fm_specent_precond;eeg_tleft_lbeta_power_precond;eeg_fm_beta_power_precond;eeg_faa_precond;eeg_fl_theta_power_precond"
2025-12-19 12:50:17.396997,41,"stress_label",5,16,0.0625,0.529069767441861,0.348837209302326,NA,5,"top5","eeg_fm_specent_precond;eeg_tleft_lbeta_power_precond;eeg_fm_beta_power_precond;eeg_faa_precond;eeg_fl_theta_power_precond"
2025-12-19 12:50:18.309645,41,"stress_label",5,32,0.0625,0.546511627906977,0.447674418604651,NA,5,"top5","eeg_fm_specent_precond;eeg_tleft_lbeta_power_precond;eeg_fm_beta_power_precond;eeg_faa_precond;eeg_fl_theta_power_precond"
2025-12-19 12:50:18.41363,41,"stress_label",5,64,0.0625,0.552325581395349,0.325581395348837,NA,5,"top5","eeg_fm_specent_precond;eeg_tleft_lbeta_power_precond;eeg_fm_beta_power_precond;eeg_faa_precond;eeg_fl_theta_power_precond"
2025-12-19 12:50:18.571403,41,"stress_label",5,128,0.0625,0.546511627906977,0.47093023255814,NA,5,"top5","eeg_fm_specent_precond;eeg_tleft_lbeta_power_precond;eeg_fm_beta_power_precond;eeg_faa_precond;eeg_fl_theta_power_precond"
2025-12-19 12:50:18.938413,41,"stress_label",5,256,0.0625,0.546511627906977,0.447674418604651,NA,5,"top5","eeg_fm_specent_precond;eeg_tleft_lbeta_power_precond;eeg_fm_beta_power_precond;eeg_faa_precond;eeg_fl_theta_power_precond"
2025-12-19 12:50:18.265884,41,"stress_label",5,2,0.125,0.523255813953488,0.459302325581395,NA,5,"top5","eeg_fm_specent_precond;eeg_tleft_lbeta_power_precond;eeg_fm_beta_power_precond;eeg_faa_precond;eeg_fl_theta_power_precond"
2025-12-19 12:50:18.313322,41,"stress_label",5,4,0.125,0.552325581395349,0.406976744186047,NA,5,"top5","eeg_fm_specent_precond;eeg_tleft_lbeta_power_precond;eeg_fm_beta_power_precond;eeg_faa_precond;eeg_fl_theta_power_precond"
2025-12-19 12:50:18.369147,41,"stress_label",5,8,0.125,0.569767441860465,0.418604651162791,NA,5,"top5","eeg_fm_specent_precond;eeg_tleft_lbeta_power_precond;eeg_fm_beta_power_precond;eeg_faa_precond;eeg_fl_theta_power_precond"
2025-12-19 12:50:18.388998,41,"stress_label",5,16,0.125,0.552325581395349,0.476744186046512,NA,5,"top5","eeg_fm_specent_precond;eeg_tleft_lbeta_power_precond;eeg_fm_beta_power_precond;eeg_faa_precond;eeg_fl_theta_power_precond"
2025-12-19 12:50:18.474219,41,"stress_label",5,32,0.125,0.558139534883721,0.505813953488372,NA,5,"top5","eeg_fm_specent_precond;eeg_tleft_lbeta_power_precond;eeg_fm_beta_power_precond;eeg_faa_precond;eeg_fl_theta_power_precond"
2025-12-19 12:50:18.68676,41,"stress_label",5,64,0.125,0.575581395348837,0.523255813953488,NA,5,"top5","eeg_fm_specent_precond;eeg_tleft_lbeta_power_precond;eeg_fm_beta_power_precond;eeg_faa_precond;eeg_fl_theta_power_precond"
2025-12-19 12:50:19.011468,41,"stress_label",5,128,0.125,0.552325581395349,0.459302325581395,NA,5,"top5","eeg_fm_specent_precond;eeg_tleft_lbeta_power_precond;eeg_fm_beta_power_precond;eeg_faa_precond;eeg_fl_theta_power_precond"
2025-12-19 12:50:19.367321,41,"stress_label",5,256,0.125,0.534883720930233,0.401162790697674,NA,5,"top5","eeg_fm_specent_precond;eeg_tleft_lbeta_power_precond;eeg_fm_beta_power_precond;eeg_faa_precond;eeg_fl_theta_power_precond"
2025-12-19 12:50:18.467666,41,"stress_label",5,2,0.03,0.430232558139535,0.546511627906977,0.382945736434109,5,"top5","eeg_fm_specent_precond;eeg_tleft_lbeta_power_precond;eeg_fm_beta_power_precond;eeg_faa_precond;eeg_fl_theta_power_precond"
2025-12-19 12:50:18.637626,41,"stress_label",5,4,0.03,0.406976744186047,0.587209302325581,0.361240310077519,5,"top5","eeg_fm_specent_precond;eeg_tleft_lbeta_power_precond;eeg_fm_beta_power_precond;eeg_faa_precond;eeg_fl_theta_power_precond"
2025-12-19 12:50:19.332112,41,"stress_label",5,8,0.03,0.465116279069767,0.575581395348837,NA,5,"top5","eeg_fm_specent_precond;eeg_tleft_lbeta_power_precond;eeg_fm_beta_power_precond;eeg_faa_precond;eeg_fl_theta_power_precond"
2025-12-19 12:50:19.355825,41,"stress_label",5,16,0.03,0.453488372093023,0.494186046511628,NA,5,"top5","eeg_fm_specent_precond;eeg_tleft_lbeta_power_precond;eeg_fm_beta_power_precond;eeg_faa_precond;eeg_fl_theta_power_precond"
2025-12-19 12:50:19.408221,41,"stress_label",5,32,0.03,0.494186046511628,0.505813953488372,NA,5,"top5","eeg_fm_specent_precond;eeg_tleft_lbeta_power_precond;eeg_fm_beta_power_precond;eeg_faa_precond;eeg_fl_theta_power_precond"
2025-12-19 12:50:19.713935,41,"stress_label",5,64,0.03,0.511627906976744,0.430232558139535,NA,5,"top5","eeg_fm_specent_precond;eeg_tleft_lbeta_power_precond;eeg_fm_beta_power_precond;eeg_faa_precond;eeg_fl_theta_power_precond"
2025-12-19 12:50:19.594418,41,"stress_label",5,128,0.03,0.505813953488372,0.418604651162791,NA,5,"top5","eeg_fm_specent_precond;eeg_tleft_lbeta_power_precond;eeg_fm_beta_power_precond;eeg_faa_precond;eeg_fl_theta_power_precond"
2025-12-19 12:50:19.82715,41,"stress_label",5,256,0.03,0.494186046511628,0.383720930232558,NA,5,"top5","eeg_fm_specent_precond;eeg_tleft_lbeta_power_precond;eeg_fm_beta_power_precond;eeg_faa_precond;eeg_fl_theta_power_precond"
2025-12-19 12:50:19.728372,41,"stress_label",5,2,0.06,0.453488372093023,0.581395348837209,NA,5,"top5","eeg_fm_specent_precond;eeg_tleft_lbeta_power_precond;eeg_fm_beta_power_precond;eeg_faa_precond;eeg_fl_theta_power_precond"
2025-12-19 12:50:19.513329,41,"stress_label",5,4,0.06,0.47093023255814,0.465116279069767,NA,5,"top5","eeg_fm_specent_precond;eeg_tleft_lbeta_power_precond;eeg_fm_beta_power_precond;eeg_faa_precond;eeg_fl_theta_power_precond"
2025-12-19 12:50:19.613979,41,"stress_label",5,8,0.06,0.517441860465116,0.38953488372093,NA,5,"top5","eeg_fm_specent_precond;eeg_tleft_lbeta_power_precond;eeg_fm_beta_power_precond;eeg_faa_precond;eeg_fl_theta_power_precond"
2025-12-19 12:50:19.710021,41,"stress_label",5,16,0.06,0.505813953488372,0.424418604651163,NA,5,"top5","eeg_fm_specent_precond;eeg_tleft_lbeta_power_precond;eeg_fm_beta_power_precond;eeg_faa_precond;eeg_fl_theta_power_precond"
2025-12-19 12:50:19.803181,41,"stress_label",5,32,0.06,0.540697674418605,0.354651162790698,NA,5,"top5","eeg_fm_specent_precond;eeg_tleft_lbeta_power_precond;eeg_fm_beta_power_precond;eeg_faa_precond;eeg_fl_theta_power_precond"
2025-12-19 12:50:20.153076,41,"stress_label",5,64,0.06,0.523255813953488,0.436046511627907,NA,5,"top5","eeg_fm_specent_precond;eeg_tleft_lbeta_power_precond;eeg_fm_beta_power_precond;eeg_faa_precond;eeg_fl_theta_power_precond"
2025-12-19 12:50:20.357121,41,"stress_label",5,128,0.06,0.552325581395349,0.465116279069767,NA,5,"top5","eeg_fm_specent_precond;eeg_tleft_lbeta_power_precond;eeg_fm_beta_power_precond;eeg_faa_precond;eeg_fl_theta_power_precond"
2025-12-19 12:50:20.769589,41,"stress_label",5,256,0.06,0.552325581395349,0.436046511627907,NA,5,"top5","eeg_fm_specent_precond;eeg_tleft_lbeta_power_precond;eeg_fm_beta_power_precond;eeg_faa_precond;eeg_fl_theta_power_precond"
2025-12-19 12:50:20.314332,41,"stress_label",5,2,0.1,0.505813953488372,0.534883720930233,NA,5,"top5","eeg_fm_specent_precond;eeg_tleft_lbeta_power_precond;eeg_fm_beta_power_precond;eeg_faa_precond;eeg_fl_theta_power_precond"
2025-12-19 12:50:20.399548,41,"stress_label",5,4,0.1,0.534883720930233,0.38953488372093,NA,5,"top5","eeg_fm_specent_precond;eeg_tleft_lbeta_power_precond;eeg_fm_beta_power_precond;eeg_faa_precond;eeg_fl_theta_power_precond"
2025-12-19 12:50:20.384384,41,"stress_label",5,8,0.1,0.546511627906977,0.372093023255814,NA,5,"top5","eeg_fm_specent_precond;eeg_tleft_lbeta_power_precond;eeg_fm_beta_power_precond;eeg_faa_precond;eeg_fl_theta_power_precond"
2025-12-19 12:50:20.510023,41,"stress_label",5,16,0.1,0.540697674418605,0.465116279069767,NA,5,"top5","eeg_fm_specent_precond;eeg_tleft_lbeta_power_precond;eeg_fm_beta_power_precond;eeg_faa_precond;eeg_fl_theta_power_precond"
2025-12-19 12:50:20.604091,41,"stress_label",5,32,0.1,0.546511627906977,0.529069767441861,NA,5,"top5","eeg_fm_specent_precond;eeg_tleft_lbeta_power_precond;eeg_fm_beta_power_precond;eeg_faa_precond;eeg_fl_theta_power_precond"
2025-12-19 12:50:20.692852,41,"stress_label",5,64,0.1,0.546511627906977,0.534883720930233,NA,5,"top5","eeg_fm_specent_precond;eeg_tleft_lbeta_power_precond;eeg_fm_beta_power_precond;eeg_faa_precond;eeg_fl_theta_power_precond"
2025-12-19 12:50:20.927965,41,"stress_label",5,128,0.1,0.569767441860465,0.552325581395349,NA,5,"top5","eeg_fm_specent_precond;eeg_tleft_lbeta_power_precond;eeg_fm_beta_power_precond;eeg_faa_precond;eeg_fl_theta_power_precond"
2025-12-19 12:50:21.218124,41,"stress_label",5,256,0.1,0.552325581395349,0.441860465116279,NA,5,"top5","eeg_fm_specent_precond;eeg_tleft_lbeta_power_precond;eeg_fm_beta_power_precond;eeg_faa_precond;eeg_fl_theta_power_precond"
2025-12-19 12:50:22.497737,42,"stress_label",5,2,0.0078125,0.482558139534884,0.529069767441861,0.536434108527132,5,"top5","eeg_fm_lbeta_power_precond;eeg_faa_precond;eeg_fr_hbeta_power_precond;eeg_fl_theta_power_precond;eeg_tleft_lbeta_power_precond"
2025-12-19 12:50:22.489197,42,"stress_label",5,4,0.0078125,0.424418604651163,0.534883720930233,0.431007751937985,5,"top5","eeg_fm_lbeta_power_precond;eeg_faa_precond;eeg_fr_hbeta_power_precond;eeg_fl_theta_power_precond;eeg_tleft_lbeta_power_precond"
2025-12-19 12:50:22.504246,42,"stress_label",5,8,0.0078125,0.406976744186047,0.494186046511628,0.413178294573643,5,"top5","eeg_fm_lbeta_power_precond;eeg_faa_precond;eeg_fr_hbeta_power_precond;eeg_fl_theta_power_precond;eeg_tleft_lbeta_power_precond"
2025-12-19 12:50:22.480728,42,"stress_label",5,16,0.0078125,0.372093023255814,0.348837209302326,0.314728682170543,5,"top5","eeg_fm_lbeta_power_precond;eeg_faa_precond;eeg_fr_hbeta_power_precond;eeg_fl_theta_power_precond;eeg_tleft_lbeta_power_precond"
2025-12-19 12:50:22.504627,42,"stress_label",5,32,0.0078125,0.406976744186047,0.482558139534884,0.348837209302326,5,"top5","eeg_fm_lbeta_power_precond;eeg_faa_precond;eeg_fr_hbeta_power_precond;eeg_fl_theta_power_precond;eeg_tleft_lbeta_power_precond"
2025-12-19 12:50:22.515782,42,"stress_label",5,64,0.0078125,0.441860465116279,0.401162790697674,0.386046511627907,5,"top5","eeg_fm_lbeta_power_precond;eeg_faa_precond;eeg_fr_hbeta_power_precond;eeg_fl_theta_power_precond;eeg_tleft_lbeta_power_precond"
2025-12-19 12:50:22.56209,42,"stress_label",5,128,0.0078125,0.494186046511628,0.366279069767442,NA,5,"top5","eeg_fm_lbeta_power_precond;eeg_faa_precond;eeg_fr_hbeta_power_precond;eeg_fl_theta_power_precond;eeg_tleft_lbeta_power_precond"
2025-12-19 12:50:22.634817,42,"stress_label",5,256,0.0078125,0.517441860465116,0.430232558139535,NA,5,"top5","eeg_fm_lbeta_power_precond;eeg_faa_precond;eeg_fr_hbeta_power_precond;eeg_fl_theta_power_precond;eeg_tleft_lbeta_power_precond"
2025-12-19 12:50:22.492154,42,"stress_label",5,2,0.015625,0.436046511627907,0.494186046511628,0.444186046511628,5,"top5","eeg_fm_lbeta_power_precond;eeg_faa_precond;eeg_fr_hbeta_power_precond;eeg_fl_theta_power_precond;eeg_tleft_lbeta_power_precond"
2025-12-19 12:50:22.518099,42,"stress_label",5,4,0.015625,0.38953488372093,0.593023255813954,0.4,5,"top5","eeg_fm_lbeta_power_precond;eeg_faa_precond;eeg_fr_hbeta_power_precond;eeg_fl_theta_power_precond;eeg_tleft_lbeta_power_precond"
2025-12-19 12:50:22.519801,42,"stress_label",5,8,0.015625,0.377906976744186,0.465116279069767,0.334883720930233,5,"top5","eeg_fm_lbeta_power_precond;eeg_faa_precond;eeg_fr_hbeta_power_precond;eeg_fl_theta_power_precond;eeg_tleft_lbeta_power_precond"
2025-12-19 12:50:22.502223,42,"stress_label",5,16,0.015625,0.441860465116279,0.343023255813953,0.382170542635659,5,"top5","eeg_fm_lbeta_power_precond;eeg_faa_precond;eeg_fr_hbeta_power_precond;eeg_fl_theta_power_precond;eeg_tleft_lbeta_power_precond"
2025-12-19 12:50:22.543504,42,"stress_label",5,32,0.015625,0.5,0.348837209302326,NA,5,"top5","eeg_fm_lbeta_power_precond;eeg_faa_precond;eeg_fr_hbeta_power_precond;eeg_fl_theta_power_precond;eeg_tleft_lbeta_power_precond"
2025-12-19 12:50:22.591992,42,"stress_label",5,64,0.015625,0.540697674418605,0.372093023255814,NA,5,"top5","eeg_fm_lbeta_power_precond;eeg_faa_precond;eeg_fr_hbeta_power_precond;eeg_fl_theta_power_precond;eeg_tleft_lbeta_power_precond"
2025-12-19 12:50:23.682447,42,"stress_label",5,128,0.015625,0.575581395348837,0.552325581395349,NA,5,"top5","eeg_fm_lbeta_power_precond;eeg_faa_precond;eeg_fr_hbeta_power_precond;eeg_fl_theta_power_precond;eeg_tleft_lbeta_power_precond"
2025-12-19 12:50:23.778453,42,"stress_label",5,256,0.015625,0.587209302325581,0.523255813953488,NA,5,"top5","eeg_fm_lbeta_power_precond;eeg_faa_precond;eeg_fr_hbeta_power_precond;eeg_fl_theta_power_precond;eeg_tleft_lbeta_power_precond"
2025-12-19 12:50:23.59535,42,"stress_label",5,2,0.03125,0.412790697674419,0.5,0.424031007751938,5,"top5","eeg_fm_lbeta_power_precond;eeg_faa_precond;eeg_fr_hbeta_power_precond;eeg_fl_theta_power_precond;eeg_tleft_lbeta_power_precond"
2025-12-19 12:50:23.592328,42,"stress_label",5,4,0.03125,0.441860465116279,0.418604651162791,0.406201550387597,5,"top5","eeg_fm_lbeta_power_precond;eeg_faa_precond;eeg_fr_hbeta_power_precond;eeg_fl_theta_power_precond;eeg_tleft_lbeta_power_precond"
2025-12-19 12:50:23.58491,42,"stress_label",5,8,0.03125,0.505813953488372,0.424418604651163,NA,5,"top5","eeg_fm_lbeta_power_precond;eeg_faa_precond;eeg_fr_hbeta_power_precond;eeg_fl_theta_power_precond;eeg_tleft_lbeta_power_precond"
2025-12-19 12:50:23.598665,42,"stress_label",5,16,0.03125,0.563953488372093,0.418604651162791,NA,5,"top5","eeg_fm_lbeta_power_precond;eeg_faa_precond;eeg_fr_hbeta_power_precond;eeg_fl_theta_power_precond;eeg_tleft_lbeta_power_precond"
2025-12-19 12:50:23.655368,42,"stress_label",5,32,0.03125,0.569767441860465,0.505813953488372,NA,5,"top5","eeg_fm_lbeta_power_precond;eeg_faa_precond;eeg_fr_hbeta_power_precond;eeg_fl_theta_power_precond;eeg_tleft_lbeta_power_precond"
2025-12-19 12:50:23.674145,42,"stress_label",5,64,0.03125,0.575581395348837,0.482558139534884,NA,5,"top5","eeg_fm_lbeta_power_precond;eeg_faa_precond;eeg_fr_hbeta_power_precond;eeg_fl_theta_power_precond;eeg_tleft_lbeta_power_precond"
2025-12-19 12:50:23.773543,42,"stress_label",5,128,0.03125,0.593023255813954,0.558139534883721,NA,5,"top5","eeg_fm_lbeta_power_precond;eeg_faa_precond;eeg_fr_hbeta_power_precond;eeg_fl_theta_power_precond;eeg_tleft_lbeta_power_precond"
2025-12-19 12:50:23.971038,42,"stress_label",5,256,0.03125,0.569767441860465,0.534883720930233,NA,5,"top5","eeg_fm_lbeta_power_precond;eeg_faa_precond;eeg_fr_hbeta_power_precond;eeg_fl_theta_power_precond;eeg_tleft_lbeta_power_precond"
2025-12-19 12:50:23.671769,42,"stress_label",5,2,0.0625,0.494186046511628,0.383720930232558,NA,5,"top5","eeg_fm_lbeta_power_precond;eeg_faa_precond;eeg_fr_hbeta_power_precond;eeg_fl_theta_power_precond;eeg_tleft_lbeta_power_precond"
2025-12-19 12:50:23.680678,42,"stress_label",5,4,0.0625,0.540697674418605,0.5,NA,5,"top5","eeg_fm_lbeta_power_precond;eeg_faa_precond;eeg_fr_hbeta_power_precond;eeg_fl_theta_power_precond;eeg_tleft_lbeta_power_precond"
2025-12-19 12:50:23.723067,42,"stress_label",5,8,0.0625,0.575581395348837,0.511627906976744,NA,5,"top5","eeg_fm_lbeta_power_precond;eeg_faa_precond;eeg_fr_hbeta_power_precond;eeg_fl_theta_power_precond;eeg_tleft_lbeta_power_precond"
2025-12-19 12:50:23.763242,42,"stress_label",5,16,0.0625,0.575581395348837,0.540697674418605,NA,5,"top5","eeg_fm_lbeta_power_precond;eeg_faa_precond;eeg_fr_hbeta_power_precond;eeg_fl_theta_power_precond;eeg_tleft_lbeta_power_precond"
2025-12-19 12:50:24.684726,42,"stress_label",5,32,0.0625,0.587209302325581,0.534883720930233,NA,5,"top5","eeg_fm_lbeta_power_precond;eeg_faa_precond;eeg_fr_hbeta_power_precond;eeg_fl_theta_power_precond;eeg_tleft_lbeta_power_precond"
2025-12-19 12:50:24.790542,42,"stress_label",5,64,0.0625,0.598837209302326,0.563953488372093,NA,5,"top5","eeg_fm_lbeta_power_precond;eeg_faa_precond;eeg_fr_hbeta_power_precond;eeg_fl_theta_power_precond;eeg_tleft_lbeta_power_precond"
2025-12-19 12:50:24.938804,42,"stress_label",5,128,0.0625,0.598837209302326,0.546511627906977,NA,5,"top5","eeg_fm_lbeta_power_precond;eeg_faa_precond;eeg_fr_hbeta_power_precond;eeg_fl_theta_power_precond;eeg_tleft_lbeta_power_precond"
2025-12-19 12:50:25.233627,42,"stress_label",5,256,0.0625,0.575581395348837,0.569767441860465,NA,5,"top5","eeg_fm_lbeta_power_precond;eeg_faa_precond;eeg_fr_hbeta_power_precond;eeg_fl_theta_power_precond;eeg_tleft_lbeta_power_precond"
2025-12-19 12:50:24.687468,42,"stress_label",5,2,0.125,0.575581395348837,0.534883720930233,NA,5,"top5","eeg_fm_lbeta_power_precond;eeg_faa_precond;eeg_fr_hbeta_power_precond;eeg_fl_theta_power_precond;eeg_tleft_lbeta_power_precond"
2025-12-19 12:50:24.698741,42,"stress_label",5,4,0.125,0.593023255813954,0.581395348837209,NA,5,"top5","eeg_fm_lbeta_power_precond;eeg_faa_precond;eeg_fr_hbeta_power_precond;eeg_fl_theta_power_precond;eeg_tleft_lbeta_power_precond"
2025-12-19 12:50:24.729606,42,"stress_label",5,8,0.125,0.587209302325581,0.587209302325581,NA,5,"top5","eeg_fm_lbeta_power_precond;eeg_faa_precond;eeg_fr_hbeta_power_precond;eeg_fl_theta_power_precond;eeg_tleft_lbeta_power_precond"
2025-12-19 12:50:24.749895,42,"stress_label",5,16,0.125,0.616279069767442,0.581395348837209,NA,5,"top5","eeg_fm_lbeta_power_precond;eeg_faa_precond;eeg_fr_hbeta_power_precond;eeg_fl_theta_power_precond;eeg_tleft_lbeta_power_precond"
2025-12-19 12:50:24.821965,42,"stress_label",5,32,0.125,0.598837209302326,0.587209302325581,NA,5,"top5","eeg_fm_lbeta_power_precond;eeg_faa_precond;eeg_fr_hbeta_power_precond;eeg_fl_theta_power_precond;eeg_tleft_lbeta_power_precond"
2025-12-19 12:50:24.998738,42,"stress_label",5,64,0.125,0.575581395348837,0.575581395348837,NA,5,"top5","eeg_fm_lbeta_power_precond;eeg_faa_precond;eeg_fr_hbeta_power_precond;eeg_fl_theta_power_precond;eeg_tleft_lbeta_power_precond"
2025-12-19 12:50:25.242266,42,"stress_label",5,128,0.125,0.529069767441861,0.534883720930233,NA,5,"top5","eeg_fm_lbeta_power_precond;eeg_faa_precond;eeg_fr_hbeta_power_precond;eeg_fl_theta_power_precond;eeg_tleft_lbeta_power_precond"
2025-12-19 12:50:25.593954,42,"stress_label",5,256,0.125,0.540697674418605,0.465116279069767,NA,5,"top5","eeg_fm_lbeta_power_precond;eeg_faa_precond;eeg_fr_hbeta_power_precond;eeg_fl_theta_power_precond;eeg_tleft_lbeta_power_precond"
2025-12-19 12:50:24.793635,42,"stress_label",5,2,0.03,0.418604651162791,0.453488372093023,0.426356589147287,5,"top5","eeg_fm_lbeta_power_precond;eeg_faa_precond;eeg_fr_hbeta_power_precond;eeg_fl_theta_power_precond;eeg_tleft_lbeta_power_precond"
2025-12-19 12:50:24.96623,42,"stress_label",5,4,0.03,0.418604651162791,0.482558139534884,0.375968992248062,5,"top5","eeg_fm_lbeta_power_precond;eeg_faa_precond;eeg_fr_hbeta_power_precond;eeg_fl_theta_power_precond;eeg_tleft_lbeta_power_precond"
2025-12-19 12:50:25.728075,42,"stress_label",5,8,0.03,0.482558139534884,0.505813953488372,NA,5,"top5","eeg_fm_lbeta_power_precond;eeg_faa_precond;eeg_fr_hbeta_power_precond;eeg_fl_theta_power_precond;eeg_tleft_lbeta_power_precond"
2025-12-19 12:50:25.729112,42,"stress_label",5,16,0.03,0.558139534883721,0.488372093023256,NA,5,"top5","eeg_fm_lbeta_power_precond;eeg_faa_precond;eeg_fr_hbeta_power_precond;eeg_fl_theta_power_precond;eeg_tleft_lbeta_power_precond"
2025-12-19 12:50:25.75049,42,"stress_label",5,32,0.03,0.563953488372093,0.430232558139535,NA,5,"top5","eeg_fm_lbeta_power_precond;eeg_faa_precond;eeg_fr_hbeta_power_precond;eeg_fl_theta_power_precond;eeg_tleft_lbeta_power_precond"
2025-12-19 12:50:25.836242,42,"stress_label",5,64,0.03,0.575581395348837,0.534883720930233,NA,5,"top5","eeg_fm_lbeta_power_precond;eeg_faa_precond;eeg_fr_hbeta_power_precond;eeg_fl_theta_power_precond;eeg_tleft_lbeta_power_precond"
2025-12-19 12:50:25.936186,42,"stress_label",5,128,0.03,0.593023255813954,0.441860465116279,NA,5,"top5","eeg_fm_lbeta_power_precond;eeg_faa_precond;eeg_fr_hbeta_power_precond;eeg_fl_theta_power_precond;eeg_tleft_lbeta_power_precond"
2025-12-19 12:50:26.15825,42,"stress_label",5,256,0.03,0.575581395348837,0.540697674418605,NA,5,"top5","eeg_fm_lbeta_power_precond;eeg_faa_precond;eeg_fr_hbeta_power_precond;eeg_fl_theta_power_precond;eeg_tleft_lbeta_power_precond"
2025-12-19 12:50:25.831815,42,"stress_label",5,2,0.06,0.482558139534884,0.395348837209302,NA,5,"top5","eeg_fm_lbeta_power_precond;eeg_faa_precond;eeg_fr_hbeta_power_precond;eeg_fl_theta_power_precond;eeg_tleft_lbeta_power_precond"
2025-12-19 12:50:25.856298,42,"stress_label",5,4,0.06,0.546511627906977,0.418604651162791,NA,5,"top5","eeg_fm_lbeta_power_precond;eeg_faa_precond;eeg_fr_hbeta_power_precond;eeg_fl_theta_power_precond;eeg_tleft_lbeta_power_precond"
2025-12-19 12:50:25.968982,42,"stress_label",5,8,0.06,0.575581395348837,0.569767441860465,NA,5,"top5","eeg_fm_lbeta_power_precond;eeg_faa_precond;eeg_fr_hbeta_power_precond;eeg_fl_theta_power_precond;eeg_tleft_lbeta_power_precond"
2025-12-19 12:50:26.044254,42,"stress_label",5,16,0.06,0.569767441860465,0.569767441860465,NA,5,"top5","eeg_fm_lbeta_power_precond;eeg_faa_precond;eeg_fr_hbeta_power_precond;eeg_fl_theta_power_precond;eeg_tleft_lbeta_power_precond"
2025-12-19 12:50:26.084767,42,"stress_label",5,32,0.06,0.598837209302326,0.540697674418605,NA,5,"top5","eeg_fm_lbeta_power_precond;eeg_faa_precond;eeg_fr_hbeta_power_precond;eeg_fl_theta_power_precond;eeg_tleft_lbeta_power_precond"
2025-12-19 12:50:26.380539,42,"stress_label",5,64,0.06,0.593023255813954,0.563953488372093,NA,5,"top5","eeg_fm_lbeta_power_precond;eeg_faa_precond;eeg_fr_hbeta_power_precond;eeg_fl_theta_power_precond;eeg_tleft_lbeta_power_precond"
2025-12-19 12:50:26.520318,42,"stress_label",5,128,0.06,0.593023255813954,0.587209302325581,NA,5,"top5","eeg_fm_lbeta_power_precond;eeg_faa_precond;eeg_fr_hbeta_power_precond;eeg_fl_theta_power_precond;eeg_tleft_lbeta_power_precond"
2025-12-19 12:50:26.967542,42,"stress_label",5,256,0.06,0.581395348837209,0.523255813953488,NA,5,"top5","eeg_fm_lbeta_power_precond;eeg_faa_precond;eeg_fr_hbeta_power_precond;eeg_fl_theta_power_precond;eeg_tleft_lbeta_power_precond"
2025-12-19 12:50:26.664447,42,"stress_label",5,2,0.1,0.534883720930233,0.546511627906977,NA,5,"top5","eeg_fm_lbeta_power_precond;eeg_faa_precond;eeg_fr_hbeta_power_precond;eeg_fl_theta_power_precond;eeg_tleft_lbeta_power_precond"
2025-12-19 12:50:26.665867,42,"stress_label",5,4,0.1,0.581395348837209,0.587209302325581,NA,5,"top5","eeg_fm_lbeta_power_precond;eeg_faa_precond;eeg_fr_hbeta_power_precond;eeg_fl_theta_power_precond;eeg_tleft_lbeta_power_precond"
2025-12-19 12:50:26.704086,42,"stress_label",5,8,0.1,0.575581395348837,0.552325581395349,NA,5,"top5","eeg_fm_lbeta_power_precond;eeg_faa_precond;eeg_fr_hbeta_power_precond;eeg_fl_theta_power_precond;eeg_tleft_lbeta_power_precond"
2025-12-19 12:50:26.776988,42,"stress_label",5,16,0.1,0.581395348837209,0.558139534883721,NA,5,"top5","eeg_fm_lbeta_power_precond;eeg_faa_precond;eeg_fr_hbeta_power_precond;eeg_fl_theta_power_precond;eeg_tleft_lbeta_power_precond"
2025-12-19 12:50:26.798639,42,"stress_label",5,32,0.1,0.61046511627907,0.593023255813954,NA,5,"top5","eeg_fm_lbeta_power_precond;eeg_faa_precond;eeg_fr_hbeta_power_precond;eeg_fl_theta_power_precond;eeg_tleft_lbeta_power_precond"
2025-12-19 12:50:26.85702,42,"stress_label",5,64,0.1,0.581395348837209,0.581395348837209,NA,5,"top5","eeg_fm_lbeta_power_precond;eeg_faa_precond;eeg_fr_hbeta_power_precond;eeg_fl_theta_power_precond;eeg_tleft_lbeta_power_precond"
2025-12-19 12:50:27.091861,42,"stress_label",5,128,0.1,0.558139534883721,0.546511627906977,NA,5,"top5","eeg_fm_lbeta_power_precond;eeg_faa_precond;eeg_fr_hbeta_power_precond;eeg_fl_theta_power_precond;eeg_tleft_lbeta_power_precond"
2025-12-19 12:50:27.276401,42,"stress_label",5,256,0.1,0.529069767441861,0.424418604651163,NA,5,"top5","eeg_fm_lbeta_power_precond;eeg_faa_precond;eeg_fr_hbeta_power_precond;eeg_fl_theta_power_precond;eeg_tleft_lbeta_power_precond"
2025-12-19 12:50:28.5475,43,"stress_label",5,2,0.0078125,0.430232558139535,0.488372093023256,0.413953488372093,5,"top5","eeg_fm_lbeta_power_precond;eeg_faa_precond;eeg_fl_theta_power_precond;eeg_tleft_lbeta_power_precond;eeg_pleft_halpha_power_precond"
2025-12-19 12:50:28.562106,43,"stress_label",5,4,0.0078125,0.465116279069767,0.453488372093023,0.451937984496124,5,"top5","eeg_fm_lbeta_power_precond;eeg_faa_precond;eeg_fl_theta_power_precond;eeg_tleft_lbeta_power_precond;eeg_pleft_halpha_power_precond"
2025-12-19 12:50:28.563255,43,"stress_label",5,8,0.0078125,0.482558139534884,0.476744186046512,0.455038759689922,5,"top5","eeg_fm_lbeta_power_precond;eeg_faa_precond;eeg_fl_theta_power_precond;eeg_tleft_lbeta_power_precond;eeg_pleft_halpha_power_precond"
2025-12-19 12:50:28.608314,43,"stress_label",5,16,0.0078125,0.488372093023256,0.418604651162791,0.450387596899225,5,"top5","eeg_fm_lbeta_power_precond;eeg_faa_precond;eeg_fl_theta_power_precond;eeg_tleft_lbeta_power_precond;eeg_pleft_halpha_power_precond"
2025-12-19 12:50:28.607728,43,"stress_label",5,32,0.0078125,0.523255813953488,0.441860465116279,0.468217054263566,5,"top5","eeg_fm_lbeta_power_precond;eeg_faa_precond;eeg_fl_theta_power_precond;eeg_tleft_lbeta_power_precond;eeg_pleft_halpha_power_precond"
2025-12-19 12:50:28.561853,43,"stress_label",5,64,0.0078125,0.517441860465116,0.453488372093023,0.448062015503876,5,"top5","eeg_fm_lbeta_power_precond;eeg_faa_precond;eeg_fl_theta_power_precond;eeg_tleft_lbeta_power_precond;eeg_pleft_halpha_power_precond"
2025-12-19 12:50:28.616618,43,"stress_label",5,128,0.0078125,0.540697674418605,0.38953488372093,NA,5,"top5","eeg_fm_lbeta_power_precond;eeg_faa_precond;eeg_fl_theta_power_precond;eeg_tleft_lbeta_power_precond;eeg_pleft_halpha_power_precond"
2025-12-19 12:50:28.683642,43,"stress_label",5,256,0.0078125,0.511627906976744,0.424418604651163,NA,5,"top5","eeg_fm_lbeta_power_precond;eeg_faa_precond;eeg_fl_theta_power_precond;eeg_tleft_lbeta_power_precond;eeg_pleft_halpha_power_precond"
2025-12-19 12:50:28.576121,43,"stress_label",5,2,0.015625,0.465116279069767,0.424418604651163,0.453488372093023,5,"top5","eeg_fm_lbeta_power_precond;eeg_faa_precond;eeg_fl_theta_power_precond;eeg_tleft_lbeta_power_precond;eeg_pleft_halpha_power_precond"
2025-12-19 12:50:28.524928,43,"stress_label",5,4,0.015625,0.476744186046512,0.412790697674419,0.443410852713178,5,"top5","eeg_fm_lbeta_power_precond;eeg_faa_precond;eeg_fl_theta_power_precond;eeg_tleft_lbeta_power_precond;eeg_pleft_halpha_power_precond"
2025-12-19 12:50:28.571149,43,"stress_label",5,8,0.015625,0.5,0.436046511627907,NA,5,"top5","eeg_fm_lbeta_power_precond;eeg_faa_precond;eeg_fl_theta_power_precond;eeg_tleft_lbeta_power_precond;eeg_pleft_halpha_power_precond"
2025-12-19 12:50:28.584789,43,"stress_label",5,16,0.015625,0.511627906976744,0.331395348837209,0.441085271317829,5,"top5","eeg_fm_lbeta_power_precond;eeg_faa_precond;eeg_fl_theta_power_precond;eeg_tleft_lbeta_power_precond;eeg_pleft_halpha_power_precond"
2025-12-19 12:50:28.60218,43,"stress_label",5,32,0.015625,0.540697674418605,0.354651162790698,NA,5,"top5","eeg_fm_lbeta_power_precond;eeg_faa_precond;eeg_fl_theta_power_precond;eeg_tleft_lbeta_power_precond;eeg_pleft_halpha_power_precond"
2025-12-19 12:50:28.655135,43,"stress_label",5,64,0.015625,0.511627906976744,0.436046511627907,NA,5,"top5","eeg_fm_lbeta_power_precond;eeg_faa_precond;eeg_fl_theta_power_precond;eeg_tleft_lbeta_power_precond;eeg_pleft_halpha_power_precond"
2025-12-19 12:50:29.665879,43,"stress_label",5,128,0.015625,0.540697674418605,0.540697674418605,NA,5,"top5","eeg_fm_lbeta_power_precond;eeg_faa_precond;eeg_fl_theta_power_precond;eeg_tleft_lbeta_power_precond;eeg_pleft_halpha_power_precond"
2025-12-19 12:50:29.792771,43,"stress_label",5,256,0.015625,0.552325581395349,0.517441860465116,NA,5,"top5","eeg_fm_lbeta_power_precond;eeg_faa_precond;eeg_fl_theta_power_precond;eeg_tleft_lbeta_power_precond;eeg_pleft_halpha_power_precond"
2025-12-19 12:50:29.575496,43,"stress_label",5,2,0.03125,0.482558139534884,0.418604651162791,0.438759689922481,5,"top5","eeg_fm_lbeta_power_precond;eeg_faa_precond;eeg_fl_theta_power_precond;eeg_tleft_lbeta_power_precond;eeg_pleft_halpha_power_precond"
2025-12-19 12:50:29.586839,43,"stress_label",5,4,0.03125,0.505813953488372,0.36046511627907,0.450387596899225,5,"top5","eeg_fm_lbeta_power_precond;eeg_faa_precond;eeg_fl_theta_power_precond;eeg_tleft_lbeta_power_precond;eeg_pleft_halpha_power_precond"
2025-12-19 12:50:29.606639,43,"stress_label",5,8,0.03125,0.534883720930233,0.348837209302326,NA,5,"top5","eeg_fm_lbeta_power_precond;eeg_faa_precond;eeg_fl_theta_power_precond;eeg_tleft_lbeta_power_precond;eeg_pleft_halpha_power_precond"
2025-12-19 12:50:29.632849,43,"stress_label",5,16,0.03125,0.517441860465116,0.447674418604651,NA,5,"top5","eeg_fm_lbeta_power_precond;eeg_faa_precond;eeg_fl_theta_power_precond;eeg_tleft_lbeta_power_precond;eeg_pleft_halpha_power_precond"
2025-12-19 12:50:29.66532,43,"stress_label",5,32,0.03125,0.563953488372093,0.534883720930233,NA,5,"top5","eeg_fm_lbeta_power_precond;eeg_faa_precond;eeg_fl_theta_power_precond;eeg_tleft_lbeta_power_precond;eeg_pleft_halpha_power_precond"
2025-12-19 12:50:29.750472,43,"stress_label",5,64,0.03125,0.552325581395349,0.587209302325581,NA,5,"top5","eeg_fm_lbeta_power_precond;eeg_faa_precond;eeg_fl_theta_power_precond;eeg_tleft_lbeta_power_precond;eeg_pleft_halpha_power_precond"
2025-12-19 12:50:29.820481,43,"stress_label",5,128,0.03125,0.552325581395349,0.558139534883721,NA,5,"top5","eeg_fm_lbeta_power_precond;eeg_faa_precond;eeg_fl_theta_power_precond;eeg_tleft_lbeta_power_precond;eeg_pleft_halpha_power_precond"
2025-12-19 12:50:30.005459,43,"stress_label",5,256,0.03125,0.523255813953488,0.598837209302326,NA,5,"top5","eeg_fm_lbeta_power_precond;eeg_faa_precond;eeg_fl_theta_power_precond;eeg_tleft_lbeta_power_precond;eeg_pleft_halpha_power_precond"
2025-12-19 12:50:29.654283,43,"stress_label",5,2,0.0625,0.523255813953488,0.436046511627907,NA,5,"top5","eeg_fm_lbeta_power_precond;eeg_faa_precond;eeg_fl_theta_power_precond;eeg_tleft_lbeta_power_precond;eeg_pleft_halpha_power_precond"
2025-12-19 12:50:29.674802,43,"stress_label",5,4,0.0625,0.540697674418605,0.401162790697674,NA,5,"top5","eeg_fm_lbeta_power_precond;eeg_faa_precond;eeg_fl_theta_power_precond;eeg_tleft_lbeta_power_precond;eeg_pleft_halpha_power_precond"
2025-12-19 12:50:29.71092,43,"stress_label",5,8,0.0625,0.569767441860465,0.447674418604651,NA,5,"top5","eeg_fm_lbeta_power_precond;eeg_faa_precond;eeg_fl_theta_power_precond;eeg_tleft_lbeta_power_precond;eeg_pleft_halpha_power_precond"
2025-12-19 12:50:29.766671,43,"stress_label",5,16,0.0625,0.593023255813954,0.598837209302326,NA,5,"top5","eeg_fm_lbeta_power_precond;eeg_faa_precond;eeg_fl_theta_power_precond;eeg_tleft_lbeta_power_precond;eeg_pleft_halpha_power_precond"
2025-12-19 12:50:30.724701,43,"stress_label",5,32,0.0625,0.546511627906977,0.558139534883721,NA,5,"top5","eeg_fm_lbeta_power_precond;eeg_faa_precond;eeg_fl_theta_power_precond;eeg_tleft_lbeta_power_precond;eeg_pleft_halpha_power_precond"
2025-12-19 12:50:30.809047,43,"stress_label",5,64,0.0625,0.529069767441861,0.563953488372093,NA,5,"top5","eeg_fm_lbeta_power_precond;eeg_faa_precond;eeg_fl_theta_power_precond;eeg_tleft_lbeta_power_precond;eeg_pleft_halpha_power_precond"
2025-12-19 12:50:31.010205,43,"stress_label",5,128,0.0625,0.534883720930233,0.598837209302326,NA,5,"top5","eeg_fm_lbeta_power_precond;eeg_faa_precond;eeg_fl_theta_power_precond;eeg_tleft_lbeta_power_precond;eeg_pleft_halpha_power_precond"
2025-12-19 12:50:31.356891,43,"stress_label",5,256,0.0625,0.575581395348837,0.61046511627907,NA,5,"top5","eeg_fm_lbeta_power_precond;eeg_faa_precond;eeg_fl_theta_power_precond;eeg_tleft_lbeta_power_precond;eeg_pleft_halpha_power_precond"
2025-12-19 12:50:30.763086,43,"stress_label",5,2,0.125,0.581395348837209,0.575581395348837,NA,5,"top5","eeg_fm_lbeta_power_precond;eeg_faa_precond;eeg_fl_theta_power_precond;eeg_tleft_lbeta_power_precond;eeg_pleft_halpha_power_precond"
2025-12-19 12:50:30.761842,43,"stress_label",5,4,0.125,0.575581395348837,0.627906976744186,NA,5,"top5","eeg_fm_lbeta_power_precond;eeg_faa_precond;eeg_fl_theta_power_precond;eeg_tleft_lbeta_power_precond;eeg_pleft_halpha_power_precond"
2025-12-19 12:50:30.777294,43,"stress_label",5,8,0.125,0.558139534883721,0.587209302325581,NA,5,"top5","eeg_fm_lbeta_power_precond;eeg_faa_precond;eeg_fl_theta_power_precond;eeg_tleft_lbeta_power_precond;eeg_pleft_halpha_power_precond"
2025-12-19 12:50:30.786897,43,"stress_label",5,16,0.125,0.517441860465116,0.569767441860465,NA,5,"top5","eeg_fm_lbeta_power_precond;eeg_faa_precond;eeg_fl_theta_power_precond;eeg_tleft_lbeta_power_precond;eeg_pleft_halpha_power_precond"
2025-12-19 12:50:30.851043,43,"stress_label",5,32,0.125,0.546511627906977,0.616279069767442,NA,5,"top5","eeg_fm_lbeta_power_precond;eeg_faa_precond;eeg_fl_theta_power_precond;eeg_tleft_lbeta_power_precond;eeg_pleft_halpha_power_precond"
2025-12-19 12:50:31.071436,43,"stress_label",5,64,0.125,0.563953488372093,0.587209302325581,NA,5,"top5","eeg_fm_lbeta_power_precond;eeg_faa_precond;eeg_fl_theta_power_precond;eeg_tleft_lbeta_power_precond;eeg_pleft_halpha_power_precond"
2025-12-19 12:50:31.323343,43,"stress_label",5,128,0.125,0.523255813953488,0.575581395348837,NA,5,"top5","eeg_fm_lbeta_power_precond;eeg_faa_precond;eeg_fl_theta_power_precond;eeg_tleft_lbeta_power_precond;eeg_pleft_halpha_power_precond"
2025-12-19 12:50:31.707202,43,"stress_label",5,256,0.125,0.523255813953488,0.563953488372093,NA,5,"top5","eeg_fm_lbeta_power_precond;eeg_faa_precond;eeg_fl_theta_power_precond;eeg_tleft_lbeta_power_precond;eeg_pleft_halpha_power_precond"
2025-12-19 12:50:30.86728,43,"stress_label",5,2,0.03,0.47093023255814,0.505813953488372,0.444186046511628,5,"top5","eeg_fm_lbeta_power_precond;eeg_faa_precond;eeg_fl_theta_power_precond;eeg_tleft_lbeta_power_precond;eeg_pleft_halpha_power_precond"
2025-12-19 12:50:31.083653,43,"stress_label",5,4,0.03,0.505813953488372,0.441860465116279,0.441085271317829,5,"top5","eeg_fm_lbeta_power_precond;eeg_faa_precond;eeg_fl_theta_power_precond;eeg_tleft_lbeta_power_precond;eeg_pleft_halpha_power_precond"
2025-12-19 12:50:31.798707,43,"stress_label",5,8,0.03,0.523255813953488,0.401162790697674,NA,5,"top5","eeg_fm_lbeta_power_precond;eeg_faa_precond;eeg_fl_theta_power_precond;eeg_tleft_lbeta_power_precond;eeg_pleft_halpha_power_precond"
2025-12-19 12:50:31.831387,43,"stress_label",5,16,0.03,0.523255813953488,0.395348837209302,NA,5,"top5","eeg_fm_lbeta_power_precond;eeg_faa_precond;eeg_fl_theta_power_precond;eeg_tleft_lbeta_power_precond;eeg_pleft_halpha_power_precond"
2025-12-19 12:50:31.875551,43,"stress_label",5,32,0.03,0.558139534883721,0.476744186046512,NA,5,"top5","eeg_fm_lbeta_power_precond;eeg_faa_precond;eeg_fl_theta_power_precond;eeg_tleft_lbeta_power_precond;eeg_pleft_halpha_power_precond"
2025-12-19 12:50:31.91661,43,"stress_label",5,64,0.03,0.546511627906977,0.558139534883721,NA,5,"top5","eeg_fm_lbeta_power_precond;eeg_faa_precond;eeg_fl_theta_power_precond;eeg_tleft_lbeta_power_precond;eeg_pleft_halpha_power_precond"
2025-12-19 12:50:32.031366,43,"stress_label",5,128,0.03,0.558139534883721,0.575581395348837,NA,5,"top5","eeg_fm_lbeta_power_precond;eeg_faa_precond;eeg_fl_theta_power_precond;eeg_tleft_lbeta_power_precond;eeg_pleft_halpha_power_precond"
2025-12-19 12:50:32.218273,43,"stress_label",5,256,0.03,0.534883720930233,0.587209302325581,NA,5,"top5","eeg_fm_lbeta_power_precond;eeg_faa_precond;eeg_fl_theta_power_precond;eeg_tleft_lbeta_power_precond;eeg_pleft_halpha_power_precond"
2025-12-19 12:50:31.894814,43,"stress_label",5,2,0.06,0.529069767441861,0.319767441860465,0.486046511627907,5,"top5","eeg_fm_lbeta_power_precond;eeg_faa_precond;eeg_fl_theta_power_precond;eeg_tleft_lbeta_power_precond;eeg_pleft_halpha_power_precond"
2025-12-19 12:50:31.917863,43,"stress_label",5,4,0.06,0.534883720930233,0.424418604651163,NA,5,"top5","eeg_fm_lbeta_power_precond;eeg_faa_precond;eeg_fl_theta_power_precond;eeg_tleft_lbeta_power_precond;eeg_pleft_halpha_power_precond"
2025-12-19 12:50:32.07139,43,"stress_label",5,8,0.06,0.587209302325581,0.523255813953488,NA,5,"top5","eeg_fm_lbeta_power_precond;eeg_faa_precond;eeg_fl_theta_power_precond;eeg_tleft_lbeta_power_precond;eeg_pleft_halpha_power_precond"
2025-12-19 12:50:32.145376,43,"stress_label",5,16,0.06,0.593023255813954,0.587209302325581,NA,5,"top5","eeg_fm_lbeta_power_precond;eeg_faa_precond;eeg_fl_theta_power_precond;eeg_tleft_lbeta_power_precond;eeg_pleft_halpha_power_precond"
2025-12-19 12:50:32.211627,43,"stress_label",5,32,0.06,0.558139534883721,0.563953488372093,NA,5,"top5","eeg_fm_lbeta_power_precond;eeg_faa_precond;eeg_fl_theta_power_precond;eeg_tleft_lbeta_power_precond;eeg_pleft_halpha_power_precond"
2025-12-19 12:50:32.4418,43,"stress_label",5,64,0.06,0.523255813953488,0.563953488372093,NA,5,"top5","eeg_fm_lbeta_power_precond;eeg_faa_precond;eeg_fl_theta_power_precond;eeg_tleft_lbeta_power_precond;eeg_pleft_halpha_power_precond"
2025-12-19 12:50:32.66287,43,"stress_label",5,128,0.06,0.529069767441861,0.558139534883721,NA,5,"top5","eeg_fm_lbeta_power_precond;eeg_faa_precond;eeg_fl_theta_power_precond;eeg_tleft_lbeta_power_precond;eeg_pleft_halpha_power_precond"
2025-12-19 12:50:33.110998,43,"stress_label",5,256,0.06,0.569767441860465,0.598837209302326,NA,5,"top5","eeg_fm_lbeta_power_precond;eeg_faa_precond;eeg_fl_theta_power_precond;eeg_tleft_lbeta_power_precond;eeg_pleft_halpha_power_precond"
2025-12-19 12:50:32.75197,43,"stress_label",5,2,0.1,0.563953488372093,0.482558139534884,NA,5,"top5","eeg_fm_lbeta_power_precond;eeg_faa_precond;eeg_fl_theta_power_precond;eeg_tleft_lbeta_power_precond;eeg_pleft_halpha_power_precond"
2025-12-19 12:50:32.794945,43,"stress_label",5,4,0.1,0.587209302325581,0.622093023255814,NA,5,"top5","eeg_fm_lbeta_power_precond;eeg_faa_precond;eeg_fl_theta_power_precond;eeg_tleft_lbeta_power_precond;eeg_pleft_halpha_power_precond"
2025-12-19 12:50:32.824834,43,"stress_label",5,8,0.1,0.569767441860465,0.587209302325581,NA,5,"top5","eeg_fm_lbeta_power_precond;eeg_faa_precond;eeg_fl_theta_power_precond;eeg_tleft_lbeta_power_precond;eeg_pleft_halpha_power_precond"
2025-12-19 12:50:32.861577,43,"stress_label",5,16,0.1,0.552325581395349,0.563953488372093,NA,5,"top5","eeg_fm_lbeta_power_precond;eeg_faa_precond;eeg_fl_theta_power_precond;eeg_tleft_lbeta_power_precond;eeg_pleft_halpha_power_precond"
2025-12-19 12:50:32.90454,43,"stress_label",5,32,0.1,0.523255813953488,0.581395348837209,NA,5,"top5","eeg_fm_lbeta_power_precond;eeg_faa_precond;eeg_fl_theta_power_precond;eeg_tleft_lbeta_power_precond;eeg_pleft_halpha_power_precond"
2025-12-19 12:50:32.995592,43,"stress_label",5,64,0.1,0.558139534883721,0.604651162790698,NA,5,"top5","eeg_fm_lbeta_power_precond;eeg_faa_precond;eeg_fl_theta_power_precond;eeg_tleft_lbeta_power_precond;eeg_pleft_halpha_power_precond"
2025-12-19 12:50:33.183926,43,"stress_label",5,128,0.1,0.563953488372093,0.61046511627907,NA,5,"top5","eeg_fm_lbeta_power_precond;eeg_faa_precond;eeg_fl_theta_power_precond;eeg_tleft_lbeta_power_precond;eeg_pleft_halpha_power_precond"
2025-12-19 12:50:33.446253,43,"stress_label",5,256,0.1,0.523255813953488,0.511627906976744,NA,5,"top5","eeg_fm_lbeta_power_precond;eeg_faa_precond;eeg_fl_theta_power_precond;eeg_tleft_lbeta_power_precond;eeg_pleft_halpha_power_precond"
2025-12-19 12:50:34.67967,44,"stress_label",5,2,0.0078125,0.505813953488372,0.424418604651163,0.473643410852713,5,"top5","eeg_fm_lbeta_power_precond;eeg_fm_specent_precond;eeg_faa_precond;eeg_tleft_lbeta_power_precond;eeg_tleft_lalpha_power_precond"
2025-12-19 12:50:34.712632,44,"stress_label",5,4,0.0078125,0.482558139534884,0.366279069767442,NA,5,"top5","eeg_fm_lbeta_power_precond;eeg_fm_specent_precond;eeg_faa_precond;eeg_tleft_lbeta_power_precond;eeg_tleft_lalpha_power_precond"
2025-12-19 12:50:34.704552,44,"stress_label",5,8,0.0078125,0.488372093023256,0.38953488372093,NA,5,"top5","eeg_fm_lbeta_power_precond;eeg_fm_specent_precond;eeg_faa_precond;eeg_tleft_lbeta_power_precond;eeg_tleft_lalpha_power_precond"
2025-12-19 12:50:34.713629,44,"stress_label",5,16,0.0078125,0.476744186046512,0.38953488372093,NA,5,"top5","eeg_fm_lbeta_power_precond;eeg_fm_specent_precond;eeg_faa_precond;eeg_tleft_lbeta_power_precond;eeg_tleft_lalpha_power_precond"
2025-12-19 12:50:34.672582,44,"stress_label",5,32,0.0078125,0.5,0.372093023255814,NA,5,"top5","eeg_fm_lbeta_power_precond;eeg_fm_specent_precond;eeg_faa_precond;eeg_tleft_lbeta_power_precond;eeg_tleft_lalpha_power_precond"
2025-12-19 12:50:34.722534,44,"stress_label",5,64,0.0078125,0.517441860465116,0.366279069767442,NA,5,"top5","eeg_fm_lbeta_power_precond;eeg_fm_specent_precond;eeg_faa_precond;eeg_tleft_lbeta_power_precond;eeg_tleft_lalpha_power_precond"
2025-12-19 12:50:34.792158,44,"stress_label",5,128,0.0078125,0.523255813953488,0.430232558139535,NA,5,"top5","eeg_fm_lbeta_power_precond;eeg_fm_specent_precond;eeg_faa_precond;eeg_tleft_lbeta_power_precond;eeg_tleft_lalpha_power_precond"
2025-12-19 12:50:34.847111,44,"stress_label",5,256,0.0078125,0.529069767441861,0.482558139534884,NA,5,"top5","eeg_fm_lbeta_power_precond;eeg_fm_specent_precond;eeg_faa_precond;eeg_tleft_lbeta_power_precond;eeg_tleft_lalpha_power_precond"
2025-12-19 12:50:34.699654,44,"stress_label",5,2,0.015625,0.482558139534884,0.38953488372093,NA,5,"top5","eeg_fm_lbeta_power_precond;eeg_fm_specent_precond;eeg_faa_precond;eeg_tleft_lbeta_power_precond;eeg_tleft_lalpha_power_precond"
2025-12-19 12:50:34.719414,44,"stress_label",5,4,0.015625,0.482558139534884,0.465116279069767,NA,5,"top5","eeg_fm_lbeta_power_precond;eeg_fm_specent_precond;eeg_faa_precond;eeg_tleft_lbeta_power_precond;eeg_tleft_lalpha_power_precond"
2025-12-19 12:50:34.691559,44,"stress_label",5,8,0.015625,0.488372093023256,0.372093023255814,0.421705426356589,5,"top5","eeg_fm_lbeta_power_precond;eeg_fm_specent_precond;eeg_faa_precond;eeg_tleft_lbeta_power_precond;eeg_tleft_lalpha_power_precond"
2025-12-19 12:50:34.709241,44,"stress_label",5,16,0.015625,0.523255813953488,0.412790697674419,NA,5,"top5","eeg_fm_lbeta_power_precond;eeg_fm_specent_precond;eeg_faa_precond;eeg_tleft_lbeta_power_precond;eeg_tleft_lalpha_power_precond"
2025-12-19 12:50:34.72297,44,"stress_label",5,32,0.015625,0.523255813953488,0.412790697674419,NA,5,"top5","eeg_fm_lbeta_power_precond;eeg_fm_specent_precond;eeg_faa_precond;eeg_tleft_lbeta_power_precond;eeg_tleft_lalpha_power_precond"
2025-12-19 12:50:34.743324,44,"stress_label",5,64,0.015625,0.517441860465116,0.436046511627907,NA,5,"top5","eeg_fm_lbeta_power_precond;eeg_fm_specent_precond;eeg_faa_precond;eeg_tleft_lbeta_power_precond;eeg_tleft_lalpha_power_precond"
2025-12-19 12:50:35.860842,44,"stress_label",5,128,0.015625,0.534883720930233,0.441860465116279,NA,5,"top5","eeg_fm_lbeta_power_precond;eeg_fm_specent_precond;eeg_faa_precond;eeg_tleft_lbeta_power_precond;eeg_tleft_lalpha_power_precond"
2025-12-19 12:50:35.955287,44,"stress_label",5,256,0.015625,0.517441860465116,0.383720930232558,NA,5,"top5","eeg_fm_lbeta_power_precond;eeg_fm_specent_precond;eeg_faa_precond;eeg_tleft_lbeta_power_precond;eeg_tleft_lalpha_power_precond"
2025-12-19 12:50:35.732025,44,"stress_label",5,2,0.03125,0.488372093023256,0.418604651162791,NA,5,"top5","eeg_fm_lbeta_power_precond;eeg_fm_specent_precond;eeg_faa_precond;eeg_tleft_lbeta_power_precond;eeg_tleft_lalpha_power_precond"
2025-12-19 12:50:35.736236,44,"stress_label",5,4,0.03125,0.505813953488372,0.302325581395349,NA,5,"top5","eeg_fm_lbeta_power_precond;eeg_fm_specent_precond;eeg_faa_precond;eeg_tleft_lbeta_power_precond;eeg_tleft_lalpha_power_precond"
2025-12-19 12:50:35.767496,44,"stress_label",5,8,0.03125,0.511627906976744,0.418604651162791,NA,5,"top5","eeg_fm_lbeta_power_precond;eeg_fm_specent_precond;eeg_faa_precond;eeg_tleft_lbeta_power_precond;eeg_tleft_lalpha_power_precond"
2025-12-19 12:50:35.770865,44,"stress_label",5,16,0.03125,0.529069767441861,0.36046511627907,NA,5,"top5","eeg_fm_lbeta_power_precond;eeg_fm_specent_precond;eeg_faa_precond;eeg_tleft_lbeta_power_precond;eeg_tleft_lalpha_power_precond"
2025-12-19 12:50:35.792861,44,"stress_label",5,32,0.03125,0.546511627906977,0.36046511627907,NA,5,"top5","eeg_fm_lbeta_power_precond;eeg_fm_specent_precond;eeg_faa_precond;eeg_tleft_lbeta_power_precond;eeg_tleft_lalpha_power_precond"
2025-12-19 12:50:35.871407,44,"stress_label",5,64,0.03125,0.523255813953488,0.401162790697674,NA,5,"top5","eeg_fm_lbeta_power_precond;eeg_fm_specent_precond;eeg_faa_precond;eeg_tleft_lbeta_power_precond;eeg_tleft_lalpha_power_precond"
2025-12-19 12:50:35.956055,44,"stress_label",5,128,0.03125,0.511627906976744,0.38953488372093,NA,5,"top5","eeg_fm_lbeta_power_precond;eeg_fm_specent_precond;eeg_faa_precond;eeg_tleft_lbeta_power_precond;eeg_tleft_lalpha_power_precond"
2025-12-19 12:50:36.215725,44,"stress_label",5,256,0.03125,0.523255813953488,0.424418604651163,NA,5,"top5","eeg_fm_lbeta_power_precond;eeg_fm_specent_precond;eeg_faa_precond;eeg_tleft_lbeta_power_precond;eeg_tleft_lalpha_power_precond"
2025-12-19 12:50:35.735696,44,"stress_label",5,2,0.0625,0.482558139534884,0.383720930232558,0.418604651162791,5,"top5","eeg_fm_lbeta_power_precond;eeg_fm_specent_precond;eeg_faa_precond;eeg_tleft_lbeta_power_precond;eeg_tleft_lalpha_power_precond"
2025-12-19 12:50:35.778252,44,"stress_label",5,4,0.0625,0.511627906976744,0.383720930232558,NA,5,"top5","eeg_fm_lbeta_power_precond;eeg_fm_specent_precond;eeg_faa_precond;eeg_tleft_lbeta_power_precond;eeg_tleft_lalpha_power_precond"
2025-12-19 12:50:35.828338,44,"stress_label",5,8,0.0625,0.534883720930233,0.465116279069767,NA,5,"top5","eeg_fm_lbeta_power_precond;eeg_fm_specent_precond;eeg_faa_precond;eeg_tleft_lbeta_power_precond;eeg_tleft_lalpha_power_precond"
2025-12-19 12:50:35.933795,44,"stress_label",5,16,0.0625,0.529069767441861,0.424418604651163,NA,5,"top5","eeg_fm_lbeta_power_precond;eeg_fm_specent_precond;eeg_faa_precond;eeg_tleft_lbeta_power_precond;eeg_tleft_lalpha_power_precond"
2025-12-19 12:50:36.925597,44,"stress_label",5,32,0.0625,0.482558139534884,0.424418604651163,NA,5,"top5","eeg_fm_lbeta_power_precond;eeg_fm_specent_precond;eeg_faa_precond;eeg_tleft_lbeta_power_precond;eeg_tleft_lalpha_power_precond"
2025-12-19 12:50:37.03686,44,"stress_label",5,64,0.0625,0.505813953488372,0.383720930232558,NA,5,"top5","eeg_fm_lbeta_power_precond;eeg_fm_specent_precond;eeg_faa_precond;eeg_tleft_lbeta_power_precond;eeg_tleft_lalpha_power_precond"
2025-12-19 12:50:37.157032,44,"stress_label",5,128,0.0625,0.488372093023256,0.517441860465116,NA,5,"top5","eeg_fm_lbeta_power_precond;eeg_fm_specent_precond;eeg_faa_precond;eeg_tleft_lbeta_power_precond;eeg_tleft_lalpha_power_precond"
2025-12-19 12:50:37.510559,44,"stress_label",5,256,0.0625,0.47093023255814,0.546511627906977,NA,5,"top5","eeg_fm_lbeta_power_precond;eeg_fm_specent_precond;eeg_faa_precond;eeg_tleft_lbeta_power_precond;eeg_tleft_lalpha_power_precond"
2025-12-19 12:50:36.805918,44,"stress_label",5,2,0.125,0.494186046511628,0.337209302325581,NA,5,"top5","eeg_fm_lbeta_power_precond;eeg_fm_specent_precond;eeg_faa_precond;eeg_tleft_lbeta_power_precond;eeg_tleft_lalpha_power_precond"
2025-12-19 12:50:36.846296,44,"stress_label",5,4,0.125,0.540697674418605,0.436046511627907,NA,5,"top5","eeg_fm_lbeta_power_precond;eeg_fm_specent_precond;eeg_faa_precond;eeg_tleft_lbeta_power_precond;eeg_tleft_lalpha_power_precond"
2025-12-19 12:50:36.941501,44,"stress_label",5,8,0.125,0.511627906976744,0.430232558139535,NA,5,"top5","eeg_fm_lbeta_power_precond;eeg_fm_specent_precond;eeg_faa_precond;eeg_tleft_lbeta_power_precond;eeg_tleft_lalpha_power_precond"
2025-12-19 12:50:37.015318,44,"stress_label",5,16,0.125,0.511627906976744,0.441860465116279,NA,5,"top5","eeg_fm_lbeta_power_precond;eeg_fm_specent_precond;eeg_faa_precond;eeg_tleft_lbeta_power_precond;eeg_tleft_lalpha_power_precond"
2025-12-19 12:50:37.083325,44,"stress_label",5,32,0.125,0.476744186046512,0.529069767441861,NA,5,"top5","eeg_fm_lbeta_power_precond;eeg_fm_specent_precond;eeg_faa_precond;eeg_tleft_lbeta_power_precond;eeg_tleft_lalpha_power_precond"
2025-12-19 12:50:37.215053,44,"stress_label",5,64,0.125,0.465116279069767,0.465116279069767,NA,5,"top5","eeg_fm_lbeta_power_precond;eeg_fm_specent_precond;eeg_faa_precond;eeg_tleft_lbeta_power_precond;eeg_tleft_lalpha_power_precond"
2025-12-19 12:50:37.541772,44,"stress_label",5,128,0.125,0.505813953488372,0.482558139534884,NA,5,"top5","eeg_fm_lbeta_power_precond;eeg_fm_specent_precond;eeg_faa_precond;eeg_tleft_lbeta_power_precond;eeg_tleft_lalpha_power_precond"
2025-12-19 12:50:37.927168,44,"stress_label",5,256,0.125,0.488372093023256,0.441860465116279,0.455038759689922,5,"top5","eeg_fm_lbeta_power_precond;eeg_fm_specent_precond;eeg_faa_precond;eeg_tleft_lbeta_power_precond;eeg_tleft_lalpha_power_precond"
2025-12-19 12:50:37.024828,44,"stress_label",5,2,0.03,0.476744186046512,0.348837209302326,NA,5,"top5","eeg_fm_lbeta_power_precond;eeg_fm_specent_precond;eeg_faa_precond;eeg_tleft_lbeta_power_precond;eeg_tleft_lalpha_power_precond"
2025-12-19 12:50:37.292905,44,"stress_label",5,4,0.03,0.505813953488372,0.377906976744186,NA,5,"top5","eeg_fm_lbeta_power_precond;eeg_fm_specent_precond;eeg_faa_precond;eeg_tleft_lbeta_power_precond;eeg_tleft_lalpha_power_precond"
2025-12-19 12:50:37.86739,44,"stress_label",5,8,0.03,0.511627906976744,0.354651162790698,NA,5,"top5","eeg_fm_lbeta_power_precond;eeg_fm_specent_precond;eeg_faa_precond;eeg_tleft_lbeta_power_precond;eeg_tleft_lalpha_power_precond"
2025-12-19 12:50:37.917457,44,"stress_label",5,16,0.03,0.523255813953488,0.488372093023256,NA,5,"top5","eeg_fm_lbeta_power_precond;eeg_fm_specent_precond;eeg_faa_precond;eeg_tleft_lbeta_power_precond;eeg_tleft_lalpha_power_precond"
2025-12-19 12:50:38.056164,44,"stress_label",5,32,0.03,0.540697674418605,0.337209302325581,NA,5,"top5","eeg_fm_lbeta_power_precond;eeg_fm_specent_precond;eeg_faa_precond;eeg_tleft_lbeta_power_precond;eeg_tleft_lalpha_power_precond"
2025-12-19 12:50:38.113675,44,"stress_label",5,64,0.03,0.523255813953488,0.418604651162791,NA,5,"top5","eeg_fm_lbeta_power_precond;eeg_fm_specent_precond;eeg_faa_precond;eeg_tleft_lbeta_power_precond;eeg_tleft_lalpha_power_precond"
2025-12-19 12:50:38.276663,44,"stress_label",5,128,0.03,0.511627906976744,0.395348837209302,NA,5,"top5","eeg_fm_lbeta_power_precond;eeg_fm_specent_precond;eeg_faa_precond;eeg_tleft_lbeta_power_precond;eeg_tleft_lalpha_power_precond"
2025-12-19 12:50:38.462334,44,"stress_label",5,256,0.03,0.534883720930233,0.412790697674419,NA,5,"top5","eeg_fm_lbeta_power_precond;eeg_fm_specent_precond;eeg_faa_precond;eeg_tleft_lbeta_power_precond;eeg_tleft_lalpha_power_precond"
2025-12-19 12:50:38.071654,44,"stress_label",5,2,0.06,0.482558139534884,0.38953488372093,0.418604651162791,5,"top5","eeg_fm_lbeta_power_precond;eeg_fm_specent_precond;eeg_faa_precond;eeg_tleft_lbeta_power_precond;eeg_tleft_lalpha_power_precond"
2025-12-19 12:50:38.138966,44,"stress_label",5,4,0.06,0.517441860465116,0.354651162790698,NA,5,"top5","eeg_fm_lbeta_power_precond;eeg_fm_specent_precond;eeg_faa_precond;eeg_tleft_lbeta_power_precond;eeg_tleft_lalpha_power_precond"
2025-12-19 12:50:38.20649,44,"stress_label",5,8,0.06,0.534883720930233,0.447674418604651,NA,5,"top5","eeg_fm_lbeta_power_precond;eeg_fm_specent_precond;eeg_faa_precond;eeg_tleft_lbeta_power_precond;eeg_tleft_lalpha_power_precond"
2025-12-19 12:50:38.298264,44,"stress_label",5,16,0.06,0.540697674418605,0.482558139534884,NA,5,"top5","eeg_fm_lbeta_power_precond;eeg_fm_specent_precond;eeg_faa_precond;eeg_tleft_lbeta_power_precond;eeg_tleft_lalpha_power_precond"
2025-12-19 12:50:38.429707,44,"stress_label",5,32,0.06,0.488372093023256,0.424418604651163,NA,5,"top5","eeg_fm_lbeta_power_precond;eeg_fm_specent_precond;eeg_faa_precond;eeg_tleft_lbeta_power_precond;eeg_tleft_lalpha_power_precond"
2025-12-19 12:50:38.794168,44,"stress_label",5,64,0.06,0.511627906976744,0.406976744186047,NA,5,"top5","eeg_fm_lbeta_power_precond;eeg_fm_specent_precond;eeg_faa_precond;eeg_tleft_lbeta_power_precond;eeg_tleft_lalpha_power_precond"
2025-12-19 12:50:38.859646,44,"stress_label",5,128,0.06,0.482558139534884,0.418604651162791,NA,5,"top5","eeg_fm_lbeta_power_precond;eeg_fm_specent_precond;eeg_faa_precond;eeg_tleft_lbeta_power_precond;eeg_tleft_lalpha_power_precond"
2025-12-19 12:50:39.292048,44,"stress_label",5,256,0.06,0.47093023255814,0.47093023255814,NA,5,"top5","eeg_fm_lbeta_power_precond;eeg_fm_specent_precond;eeg_faa_precond;eeg_tleft_lbeta_power_precond;eeg_tleft_lalpha_power_precond"
2025-12-19 12:50:38.928385,44,"stress_label",5,2,0.1,0.505813953488372,0.395348837209302,NA,5,"top5","eeg_fm_lbeta_power_precond;eeg_fm_specent_precond;eeg_faa_precond;eeg_tleft_lbeta_power_precond;eeg_tleft_lalpha_power_precond"
2025-12-19 12:50:38.915781,44,"stress_label",5,4,0.1,0.563953488372093,0.430232558139535,NA,5,"top5","eeg_fm_lbeta_power_precond;eeg_fm_specent_precond;eeg_faa_precond;eeg_tleft_lbeta_power_precond;eeg_tleft_lalpha_power_precond"
2025-12-19 12:50:39.028536,44,"stress_label",5,8,0.1,0.511627906976744,0.476744186046512,NA,5,"top5","eeg_fm_lbeta_power_precond;eeg_fm_specent_precond;eeg_faa_precond;eeg_tleft_lbeta_power_precond;eeg_tleft_lalpha_power_precond"
2025-12-19 12:50:39.080882,44,"stress_label",5,16,0.1,0.523255813953488,0.447674418604651,NA,5,"top5","eeg_fm_lbeta_power_precond;eeg_fm_specent_precond;eeg_faa_precond;eeg_tleft_lbeta_power_precond;eeg_tleft_lalpha_power_precond"
2025-12-19 12:50:39.11286,44,"stress_label",5,32,0.1,0.505813953488372,0.383720930232558,NA,5,"top5","eeg_fm_lbeta_power_precond;eeg_fm_specent_precond;eeg_faa_precond;eeg_tleft_lbeta_power_precond;eeg_tleft_lalpha_power_precond"
2025-12-19 12:50:39.21882,44,"stress_label",5,64,0.1,0.47093023255814,0.459302325581395,NA,5,"top5","eeg_fm_lbeta_power_precond;eeg_fm_specent_precond;eeg_faa_precond;eeg_tleft_lbeta_power_precond;eeg_tleft_lalpha_power_precond"
2025-12-19 12:50:39.378196,44,"stress_label",5,128,0.1,0.459302325581395,0.534883720930233,NA,5,"top5","eeg_fm_lbeta_power_precond;eeg_fm_specent_precond;eeg_faa_precond;eeg_tleft_lbeta_power_precond;eeg_tleft_lalpha_power_precond"
2025-12-19 12:50:39.723025,44,"stress_label",5,256,0.1,0.494186046511628,0.395348837209302,NA,5,"top5","eeg_fm_lbeta_power_precond;eeg_fm_specent_precond;eeg_faa_precond;eeg_tleft_lbeta_power_precond;eeg_tleft_lalpha_power_precond"
2025-12-19 12:50:40.932709,45,"stress_label",5,2,0.0078125,0.5,0.430232558139535,0.48062015503876,5,"top5","eeg_fm_lbeta_power_precond;eeg_fm_specent_precond;eeg_faa_precond;eeg_tleft_lbeta_power_precond;eeg_fl_theta_power_precond"
2025-12-19 12:50:40.94346,45,"stress_label",5,4,0.0078125,0.465116279069767,0.447674418604651,0.42093023255814,5,"top5","eeg_fm_lbeta_power_precond;eeg_fm_specent_precond;eeg_faa_precond;eeg_tleft_lbeta_power_precond;eeg_fl_theta_power_precond"
2025-12-19 12:50:40.963745,45,"stress_label",5,8,0.0078125,0.47093023255814,0.38953488372093,0.431007751937985,5,"top5","eeg_fm_lbeta_power_precond;eeg_fm_specent_precond;eeg_faa_precond;eeg_tleft_lbeta_power_precond;eeg_fl_theta_power_precond"
2025-12-19 12:50:40.982179,45,"stress_label",5,16,0.0078125,0.465116279069767,0.395348837209302,0.431007751937985,5,"top5","eeg_fm_lbeta_power_precond;eeg_fm_specent_precond;eeg_faa_precond;eeg_tleft_lbeta_power_precond;eeg_fl_theta_power_precond"
2025-12-19 12:50:40.948881,45,"stress_label",5,32,0.0078125,0.430232558139535,0.331395348837209,0.389147286821705,5,"top5","eeg_fm_lbeta_power_precond;eeg_fm_specent_precond;eeg_faa_precond;eeg_tleft_lbeta_power_precond;eeg_fl_theta_power_precond"
2025-12-19 12:50:40.972086,45,"stress_label",5,64,0.0078125,0.441860465116279,0.436046511627907,0.385271317829457,5,"top5","eeg_fm_lbeta_power_precond;eeg_fm_specent_precond;eeg_faa_precond;eeg_tleft_lbeta_power_precond;eeg_fl_theta_power_precond"
2025-12-19 12:50:41.008265,45,"stress_label",5,128,0.0078125,0.441860465116279,0.372093023255814,NA,5,"top5","eeg_fm_lbeta_power_precond;eeg_fm_specent_precond;eeg_faa_precond;eeg_tleft_lbeta_power_precond;eeg_fl_theta_power_precond"
2025-12-19 12:50:41.102165,45,"stress_label",5,256,0.0078125,0.581395348837209,0.401162790697674,NA,5,"top5","eeg_fm_lbeta_power_precond;eeg_fm_specent_precond;eeg_faa_precond;eeg_tleft_lbeta_power_precond;eeg_fl_theta_power_precond"
2025-12-19 12:50:40.957818,45,"stress_label",5,2,0.015625,0.459302325581395,0.412790697674419,0.415503875968992,5,"top5","eeg_fm_lbeta_power_precond;eeg_fm_specent_precond;eeg_faa_precond;eeg_tleft_lbeta_power_precond;eeg_fl_theta_power_precond"
2025-12-19 12:50:40.985975,45,"stress_label",5,4,0.015625,0.476744186046512,0.424418604651163,0.433333333333333,5,"top5","eeg_fm_lbeta_power_precond;eeg_fm_specent_precond;eeg_faa_precond;eeg_tleft_lbeta_power_precond;eeg_fl_theta_power_precond"
2025-12-19 12:50:40.970448,45,"stress_label",5,8,0.015625,0.459302325581395,0.424418604651163,0.410077519379845,5,"top5","eeg_fm_lbeta_power_precond;eeg_fm_specent_precond;eeg_faa_precond;eeg_tleft_lbeta_power_precond;eeg_fl_theta_power_precond"
2025-12-19 12:50:40.964258,45,"stress_label",5,16,0.015625,0.436046511627907,0.453488372093023,0.373643410852713,5,"top5","eeg_fm_lbeta_power_precond;eeg_fm_specent_precond;eeg_faa_precond;eeg_tleft_lbeta_power_precond;eeg_fl_theta_power_precond"
2025-12-19 12:50:40.993318,45,"stress_label",5,32,0.015625,0.441860465116279,0.482558139534884,NA,5,"top5","eeg_fm_lbeta_power_precond;eeg_fm_specent_precond;eeg_faa_precond;eeg_tleft_lbeta_power_precond;eeg_fl_theta_power_precond"
2025-12-19 12:50:41.068799,45,"stress_label",5,64,0.015625,0.552325581395349,0.313953488372093,NA,5,"top5","eeg_fm_lbeta_power_precond;eeg_fm_specent_precond;eeg_faa_precond;eeg_tleft_lbeta_power_precond;eeg_fl_theta_power_precond"
2025-12-19 12:50:42.082616,45,"stress_label",5,128,0.015625,0.575581395348837,0.343023255813953,NA,5,"top5","eeg_fm_lbeta_power_precond;eeg_fm_specent_precond;eeg_faa_precond;eeg_tleft_lbeta_power_precond;eeg_fl_theta_power_precond"
2025-12-19 12:50:42.209208,45,"stress_label",5,256,0.015625,0.558139534883721,0.418604651162791,NA,5,"top5","eeg_fm_lbeta_power_precond;eeg_fm_specent_precond;eeg_faa_precond;eeg_tleft_lbeta_power_precond;eeg_fl_theta_power_precond"
2025-12-19 12:50:42.00346,45,"stress_label",5,2,0.03125,0.482558139534884,0.424418604651163,0.434883720930233,5,"top5","eeg_fm_lbeta_power_precond;eeg_fm_specent_precond;eeg_faa_precond;eeg_tleft_lbeta_power_precond;eeg_fl_theta_power_precond"
2025-12-19 12:50:42.004104,45,"stress_label",5,4,0.03125,0.447674418604651,0.447674418604651,0.372093023255814,5,"top5","eeg_fm_lbeta_power_precond;eeg_fm_specent_precond;eeg_faa_precond;eeg_tleft_lbeta_power_precond;eeg_fl_theta_power_precond"
2025-12-19 12:50:42.002254,45,"stress_label",5,8,0.03125,0.430232558139535,0.505813953488372,0.346511627906977,5,"top5","eeg_fm_lbeta_power_precond;eeg_fm_specent_precond;eeg_faa_precond;eeg_tleft_lbeta_power_precond;eeg_fl_theta_power_precond"
2025-12-19 12:50:42.062644,45,"stress_label",5,16,0.03125,0.517441860465116,0.38953488372093,NA,5,"top5","eeg_fm_lbeta_power_precond;eeg_fm_specent_precond;eeg_faa_precond;eeg_tleft_lbeta_power_precond;eeg_fl_theta_power_precond"
2025-12-19 12:50:42.054626,45,"stress_label",5,32,0.03125,0.569767441860465,0.383720930232558,NA,5,"top5","eeg_fm_lbeta_power_precond;eeg_fm_specent_precond;eeg_faa_precond;eeg_tleft_lbeta_power_precond;eeg_fl_theta_power_precond"
2025-12-19 12:50:42.134348,45,"stress_label",5,64,0.03125,0.593023255813954,0.534883720930233,NA,5,"top5","eeg_fm_lbeta_power_precond;eeg_fm_specent_precond;eeg_faa_precond;eeg_tleft_lbeta_power_precond;eeg_fl_theta_power_precond"
2025-12-19 12:50:42.247718,45,"stress_label",5,128,0.03125,0.558139534883721,0.453488372093023,NA,5,"top5","eeg_fm_lbeta_power_precond;eeg_fm_specent_precond;eeg_faa_precond;eeg_tleft_lbeta_power_precond;eeg_fl_theta_power_precond"
2025-12-19 12:50:42.450703,45,"stress_label",5,256,0.03125,0.581395348837209,0.465116279069767,NA,5,"top5","eeg_fm_lbeta_power_precond;eeg_fm_specent_precond;eeg_faa_precond;eeg_tleft_lbeta_power_precond;eeg_fl_theta_power_precond"
2025-12-19 12:50:42.026436,45,"stress_label",5,2,0.0625,0.441860465116279,0.441860465116279,0.364341085271318,5,"top5","eeg_fm_lbeta_power_precond;eeg_fm_specent_precond;eeg_faa_precond;eeg_tleft_lbeta_power_precond;eeg_fl_theta_power_precond"
2025-12-19 12:50:42.086916,45,"stress_label",5,4,0.0625,0.505813953488372,0.319767441860465,0.461240310077519,5,"top5","eeg_fm_lbeta_power_precond;eeg_fm_specent_precond;eeg_faa_precond;eeg_tleft_lbeta_power_precond;eeg_fl_theta_power_precond"
2025-12-19 12:50:42.141716,45,"stress_label",5,8,0.0625,0.552325581395349,0.372093023255814,NA,5,"top5","eeg_fm_lbeta_power_precond;eeg_fm_specent_precond;eeg_faa_precond;eeg_tleft_lbeta_power_precond;eeg_fl_theta_power_precond"
2025-12-19 12:50:42.246002,45,"stress_label",5,16,0.0625,0.581395348837209,0.406976744186047,NA,5,"top5","eeg_fm_lbeta_power_precond;eeg_fm_specent_precond;eeg_faa_precond;eeg_tleft_lbeta_power_precond;eeg_fl_theta_power_precond"
2025-12-19 12:50:43.16054,45,"stress_label",5,32,0.0625,0.581395348837209,0.511627906976744,NA,5,"top5","eeg_fm_lbeta_power_precond;eeg_fm_specent_precond;eeg_faa_precond;eeg_tleft_lbeta_power_precond;eeg_fl_theta_power_precond"
2025-12-19 12:50:43.217271,45,"stress_label",5,64,0.0625,0.569767441860465,0.505813953488372,NA,5,"top5","eeg_fm_lbeta_power_precond;eeg_fm_specent_precond;eeg_faa_precond;eeg_tleft_lbeta_power_precond;eeg_fl_theta_power_precond"
2025-12-19 12:50:43.407952,45,"stress_label",5,128,0.0625,0.540697674418605,0.523255813953488,NA,5,"top5","eeg_fm_lbeta_power_precond;eeg_fm_specent_precond;eeg_faa_precond;eeg_tleft_lbeta_power_precond;eeg_fl_theta_power_precond"
2025-12-19 12:50:43.739097,45,"stress_label",5,256,0.0625,0.529069767441861,0.441860465116279,NA,5,"top5","eeg_fm_lbeta_power_precond;eeg_fm_specent_precond;eeg_faa_precond;eeg_tleft_lbeta_power_precond;eeg_fl_theta_power_precond"
2025-12-19 12:50:43.111031,45,"stress_label",5,2,0.125,0.552325581395349,0.406976744186047,NA,5,"top5","eeg_fm_lbeta_power_precond;eeg_fm_specent_precond;eeg_faa_precond;eeg_tleft_lbeta_power_precond;eeg_fl_theta_power_precond"
2025-12-19 12:50:43.127213,45,"stress_label",5,4,0.125,0.581395348837209,0.453488372093023,NA,5,"top5","eeg_fm_lbeta_power_precond;eeg_fm_specent_precond;eeg_faa_precond;eeg_tleft_lbeta_power_precond;eeg_fl_theta_power_precond"
2025-12-19 12:50:43.209611,45,"stress_label",5,8,0.125,0.61046511627907,0.569767441860465,NA,5,"top5","eeg_fm_lbeta_power_precond;eeg_fm_specent_precond;eeg_faa_precond;eeg_tleft_lbeta_power_precond;eeg_fl_theta_power_precond"
2025-12-19 12:50:43.216263,45,"stress_label",5,16,0.125,0.61046511627907,0.622093023255814,NA,5,"top5","eeg_fm_lbeta_power_precond;eeg_fm_specent_precond;eeg_faa_precond;eeg_tleft_lbeta_power_precond;eeg_fl_theta_power_precond"
2025-12-19 12:50:43.321695,45,"stress_label",5,32,0.125,0.575581395348837,0.546511627906977,NA,5,"top5","eeg_fm_lbeta_power_precond;eeg_fm_specent_precond;eeg_faa_precond;eeg_tleft_lbeta_power_precond;eeg_fl_theta_power_precond"
2025-12-19 12:50:43.472829,45,"stress_label",5,64,0.125,0.523255813953488,0.505813953488372,NA,5,"top5","eeg_fm_lbeta_power_precond;eeg_fm_specent_precond;eeg_faa_precond;eeg_tleft_lbeta_power_precond;eeg_fl_theta_power_precond"
2025-12-19 12:50:43.836348,45,"stress_label",5,128,0.125,0.540697674418605,0.424418604651163,NA,5,"top5","eeg_fm_lbeta_power_precond;eeg_fm_specent_precond;eeg_faa_precond;eeg_tleft_lbeta_power_precond;eeg_fl_theta_power_precond"
2025-12-19 12:50:44.250207,45,"stress_label",5,256,0.125,0.523255813953488,0.517441860465116,NA,5,"top5","eeg_fm_lbeta_power_precond;eeg_fm_specent_precond;eeg_faa_precond;eeg_tleft_lbeta_power_precond;eeg_fl_theta_power_precond"
2025-12-19 12:50:43.265343,45,"stress_label",5,2,0.03,0.482558139534884,0.412790697674419,0.434883720930233,5,"top5","eeg_fm_lbeta_power_precond;eeg_fm_specent_precond;eeg_faa_precond;eeg_tleft_lbeta_power_precond;eeg_fl_theta_power_precond"
2025-12-19 12:50:43.489712,45,"stress_label",5,4,0.03,0.441860465116279,0.441860465116279,0.372093023255814,5,"top5","eeg_fm_lbeta_power_precond;eeg_fm_specent_precond;eeg_faa_precond;eeg_tleft_lbeta_power_precond;eeg_fl_theta_power_precond"
2025-12-19 12:50:44.131651,45,"stress_label",5,8,0.03,0.430232558139535,0.412790697674419,0.346511627906977,5,"top5","eeg_fm_lbeta_power_precond;eeg_fm_specent_precond;eeg_faa_precond;eeg_tleft_lbeta_power_precond;eeg_fl_theta_power_precond"
2025-12-19 12:50:44.170431,45,"stress_label",5,16,0.03,0.505813953488372,0.406976744186047,NA,5,"top5","eeg_fm_lbeta_power_precond;eeg_fm_specent_precond;eeg_faa_precond;eeg_tleft_lbeta_power_precond;eeg_fl_theta_power_precond"
2025-12-19 12:50:44.214303,45,"stress_label",5,32,0.03,0.569767441860465,0.453488372093023,NA,5,"top5","eeg_fm_lbeta_power_precond;eeg_fm_specent_precond;eeg_faa_precond;eeg_tleft_lbeta_power_precond;eeg_fl_theta_power_precond"
2025-12-19 12:50:44.337979,45,"stress_label",5,64,0.03,0.587209302325581,0.441860465116279,NA,5,"top5","eeg_fm_lbeta_power_precond;eeg_fm_specent_precond;eeg_faa_precond;eeg_tleft_lbeta_power_precond;eeg_fl_theta_power_precond"
2025-12-19 12:50:44.428201,45,"stress_label",5,128,0.03,0.563953488372093,0.343023255813953,NA,5,"top5","eeg_fm_lbeta_power_precond;eeg_fm_specent_precond;eeg_faa_precond;eeg_tleft_lbeta_power_precond;eeg_fl_theta_power_precond"
2025-12-19 12:50:44.670444,45,"stress_label",5,256,0.03,0.581395348837209,0.447674418604651,NA,5,"top5","eeg_fm_lbeta_power_precond;eeg_fm_specent_precond;eeg_faa_precond;eeg_tleft_lbeta_power_precond;eeg_fl_theta_power_precond"
2025-12-19 12:50:44.290368,45,"stress_label",5,2,0.06,0.453488372093023,0.424418604651163,0.364341085271318,5,"top5","eeg_fm_lbeta_power_precond;eeg_fm_specent_precond;eeg_faa_precond;eeg_tleft_lbeta_power_precond;eeg_fl_theta_power_precond"
2025-12-19 12:50:44.328629,45,"stress_label",5,4,0.06,0.488372093023256,0.412790697674419,0.433333333333333,5,"top5","eeg_fm_lbeta_power_precond;eeg_fm_specent_precond;eeg_faa_precond;eeg_tleft_lbeta_power_precond;eeg_fl_theta_power_precond"
2025-12-19 12:50:44.451818,45,"stress_label",5,8,0.06,0.546511627906977,0.244186046511628,NA,5,"top5","eeg_fm_lbeta_power_precond;eeg_fm_specent_precond;eeg_faa_precond;eeg_tleft_lbeta_power_precond;eeg_fl_theta_power_precond"
2025-12-19 12:50:44.560416,45,"stress_label",5,16,0.06,0.581395348837209,0.441860465116279,NA,5,"top5","eeg_fm_lbeta_power_precond;eeg_fm_specent_precond;eeg_faa_precond;eeg_tleft_lbeta_power_precond;eeg_fl_theta_power_precond"
2025-12-19 12:50:44.640103,45,"stress_label",5,32,0.06,0.575581395348837,0.453488372093023,NA,5,"top5","eeg_fm_lbeta_power_precond;eeg_fm_specent_precond;eeg_faa_precond;eeg_tleft_lbeta_power_precond;eeg_fl_theta_power_precond"
2025-12-19 12:50:44.935569,45,"stress_label",5,64,0.06,0.593023255813954,0.523255813953488,NA,5,"top5","eeg_fm_lbeta_power_precond;eeg_fm_specent_precond;eeg_faa_precond;eeg_tleft_lbeta_power_precond;eeg_fl_theta_power_precond"
2025-12-19 12:50:45.151018,45,"stress_label",5,128,0.06,0.563953488372093,0.558139534883721,NA,5,"top5","eeg_fm_lbeta_power_precond;eeg_fm_specent_precond;eeg_faa_precond;eeg_tleft_lbeta_power_precond;eeg_fl_theta_power_precond"
2025-12-19 12:50:45.545552,45,"stress_label",5,256,0.06,0.523255813953488,0.523255813953488,NA,5,"top5","eeg_fm_lbeta_power_precond;eeg_fm_specent_precond;eeg_faa_precond;eeg_tleft_lbeta_power_precond;eeg_fl_theta_power_precond"
2025-12-19 12:50:45.107571,45,"stress_label",5,2,0.1,0.517441860465116,0.354651162790698,0.485271317829457,5,"top5","eeg_fm_lbeta_power_precond;eeg_fm_specent_precond;eeg_faa_precond;eeg_tleft_lbeta_power_precond;eeg_fl_theta_power_precond"
2025-12-19 12:50:45.186069,45,"stress_label",5,4,0.1,0.558139534883721,0.377906976744186,NA,5,"top5","eeg_fm_lbeta_power_precond;eeg_fm_specent_precond;eeg_faa_precond;eeg_tleft_lbeta_power_precond;eeg_fl_theta_power_precond"
2025-12-19 12:50:45.24167,45,"stress_label",5,8,0.1,0.581395348837209,0.517441860465116,NA,5,"top5","eeg_fm_lbeta_power_precond;eeg_fm_specent_precond;eeg_faa_precond;eeg_tleft_lbeta_power_precond;eeg_fl_theta_power_precond"
2025-12-19 12:50:45.299537,45,"stress_label",5,16,0.1,0.581395348837209,0.563953488372093,NA,5,"top5","eeg_fm_lbeta_power_precond;eeg_fm_specent_precond;eeg_faa_precond;eeg_tleft_lbeta_power_precond;eeg_fl_theta_power_precond"
2025-12-19 12:50:45.363218,45,"stress_label",5,32,0.1,0.61046511627907,0.593023255813954,NA,5,"top5","eeg_fm_lbeta_power_precond;eeg_fm_specent_precond;eeg_faa_precond;eeg_tleft_lbeta_power_precond;eeg_fl_theta_power_precond"
2025-12-19 12:50:45.44353,45,"stress_label",5,64,0.1,0.546511627906977,0.534883720930233,NA,5,"top5","eeg_fm_lbeta_power_precond;eeg_fm_specent_precond;eeg_faa_precond;eeg_tleft_lbeta_power_precond;eeg_fl_theta_power_precond"
2025-12-19 12:50:45.625239,45,"stress_label",5,128,0.1,0.517441860465116,0.511627906976744,NA,5,"top5","eeg_fm_lbeta_power_precond;eeg_fm_specent_precond;eeg_faa_precond;eeg_tleft_lbeta_power_precond;eeg_fl_theta_power_precond"
2025-12-19 12:50:45.967316,45,"stress_label",5,256,0.1,0.534883720930233,0.459302325581395,NA,5,"top5","eeg_fm_lbeta_power_precond;eeg_fm_specent_precond;eeg_faa_precond;eeg_tleft_lbeta_power_precond;eeg_fl_theta_power_precond"
2025-12-19 12:50:47.16212,47,"stress_label",5,2,0.0078125,0.459302325581395,0.511627906976744,0.430232558139535,5,"top5","eeg_fm_lbeta_power_precond;eeg_fm_specent_precond;eeg_tleft_lbeta_power_precond;eeg_faa_precond;eeg_tleft_lalpha_power_precond"
2025-12-19 12:50:47.186708,47,"stress_label",5,4,0.0078125,0.465116279069767,0.436046511627907,0.434883720930233,5,"top5","eeg_fm_lbeta_power_precond;eeg_fm_specent_precond;eeg_tleft_lbeta_power_precond;eeg_faa_precond;eeg_tleft_lalpha_power_precond"
2025-12-19 12:50:47.177807,47,"stress_label",5,8,0.0078125,0.459302325581395,0.447674418604651,0.394573643410853,5,"top5","eeg_fm_lbeta_power_precond;eeg_fm_specent_precond;eeg_tleft_lbeta_power_precond;eeg_faa_precond;eeg_tleft_lalpha_power_precond"
2025-12-19 12:50:47.194009,47,"stress_label",5,16,0.0078125,0.47093023255814,0.395348837209302,NA,5,"top5","eeg_fm_lbeta_power_precond;eeg_fm_specent_precond;eeg_tleft_lbeta_power_precond;eeg_faa_precond;eeg_tleft_lalpha_power_precond"
2025-12-19 12:50:47.230683,47,"stress_label",5,32,0.0078125,0.465116279069767,0.482558139534884,NA,5,"top5","eeg_fm_lbeta_power_precond;eeg_fm_specent_precond;eeg_tleft_lbeta_power_precond;eeg_faa_precond;eeg_tleft_lalpha_power_precond"
2025-12-19 12:50:47.251456,47,"stress_label",5,64,0.0078125,0.482558139534884,0.383720930232558,NA,5,"top5","eeg_fm_lbeta_power_precond;eeg_fm_specent_precond;eeg_tleft_lbeta_power_precond;eeg_faa_precond;eeg_tleft_lalpha_power_precond"
2025-12-19 12:50:47.287678,47,"stress_label",5,128,0.0078125,0.517441860465116,0.325581395348837,NA,5,"top5","eeg_fm_lbeta_power_precond;eeg_fm_specent_precond;eeg_tleft_lbeta_power_precond;eeg_faa_precond;eeg_tleft_lalpha_power_precond"
2025-12-19 12:50:47.357102,47,"stress_label",5,256,0.0078125,0.529069767441861,0.412790697674419,NA,5,"top5","eeg_fm_lbeta_power_precond;eeg_fm_specent_precond;eeg_tleft_lbeta_power_precond;eeg_faa_precond;eeg_tleft_lalpha_power_precond"
2025-12-19 12:50:47.19213,47,"stress_label",5,2,0.015625,0.476744186046512,0.505813953488372,0.43953488372093,5,"top5","eeg_fm_lbeta_power_precond;eeg_fm_specent_precond;eeg_tleft_lbeta_power_precond;eeg_faa_precond;eeg_tleft_lalpha_power_precond"
2025-12-19 12:50:47.179375,47,"stress_label",5,4,0.015625,0.453488372093023,0.424418604651163,0.377519379844961,5,"top5","eeg_fm_lbeta_power_precond;eeg_fm_specent_precond;eeg_tleft_lbeta_power_precond;eeg_faa_precond;eeg_tleft_lalpha_power_precond"
2025-12-19 12:50:47.235534,47,"stress_label",5,8,0.015625,0.482558139534884,0.418604651162791,NA,5,"top5","eeg_fm_lbeta_power_precond;eeg_fm_specent_precond;eeg_tleft_lbeta_power_precond;eeg_faa_precond;eeg_tleft_lalpha_power_precond"
2025-12-19 12:50:47.283107,47,"stress_label",5,16,0.015625,0.476744186046512,0.377906976744186,NA,5,"top5","eeg_fm_lbeta_power_precond;eeg_fm_specent_precond;eeg_tleft_lbeta_power_precond;eeg_faa_precond;eeg_tleft_lalpha_power_precond"
2025-12-19 12:50:47.274322,47,"stress_label",5,32,0.015625,0.511627906976744,0.441860465116279,NA,5,"top5","eeg_fm_lbeta_power_precond;eeg_fm_specent_precond;eeg_tleft_lbeta_power_precond;eeg_faa_precond;eeg_tleft_lalpha_power_precond"
2025-12-19 12:50:47.289451,47,"stress_label",5,64,0.015625,0.534883720930233,0.366279069767442,NA,5,"top5","eeg_fm_lbeta_power_precond;eeg_fm_specent_precond;eeg_tleft_lbeta_power_precond;eeg_faa_precond;eeg_tleft_lalpha_power_precond"
2025-12-19 12:50:48.362781,47,"stress_label",5,128,0.015625,0.540697674418605,0.441860465116279,NA,5,"top5","eeg_fm_lbeta_power_precond;eeg_fm_specent_precond;eeg_tleft_lbeta_power_precond;eeg_faa_precond;eeg_tleft_lalpha_power_precond"
2025-12-19 12:50:48.427132,47,"stress_label",5,256,0.015625,0.534883720930233,0.354651162790698,NA,5,"top5","eeg_fm_lbeta_power_precond;eeg_fm_specent_precond;eeg_tleft_lbeta_power_precond;eeg_faa_precond;eeg_tleft_lalpha_power_precond"
2025-12-19 12:50:48.244764,47,"stress_label",5,2,0.03125,0.482558139534884,0.5,NA,5,"top5","eeg_fm_lbeta_power_precond;eeg_fm_specent_precond;eeg_tleft_lbeta_power_precond;eeg_faa_precond;eeg_tleft_lalpha_power_precond"
2025-12-19 12:50:48.277035,47,"stress_label",5,4,0.03125,0.482558139534884,0.447674418604651,NA,5,"top5","eeg_fm_lbeta_power_precond;eeg_fm_specent_precond;eeg_tleft_lbeta_power_precond;eeg_faa_precond;eeg_tleft_lalpha_power_precond"
2025-12-19 12:50:48.304218,47,"stress_label",5,8,0.03125,0.517441860465116,0.453488372093023,NA,5,"top5","eeg_fm_lbeta_power_precond;eeg_fm_specent_precond;eeg_tleft_lbeta_power_precond;eeg_faa_precond;eeg_tleft_lalpha_power_precond"
2025-12-19 12:50:48.318057,47,"stress_label",5,16,0.03125,0.523255813953488,0.401162790697674,NA,5,"top5","eeg_fm_lbeta_power_precond;eeg_fm_specent_precond;eeg_tleft_lbeta_power_precond;eeg_faa_precond;eeg_tleft_lalpha_power_precond"
2025-12-19 12:50:48.328195,47,"stress_label",5,32,0.03125,0.552325581395349,0.395348837209302,NA,5,"top5","eeg_fm_lbeta_power_precond;eeg_fm_specent_precond;eeg_tleft_lbeta_power_precond;eeg_faa_precond;eeg_tleft_lalpha_power_precond"
2025-12-19 12:50:48.40993,47,"stress_label",5,64,0.03125,0.546511627906977,0.453488372093023,NA,5,"top5","eeg_fm_lbeta_power_precond;eeg_fm_specent_precond;eeg_tleft_lbeta_power_precond;eeg_faa_precond;eeg_tleft_lalpha_power_precond"
2025-12-19 12:50:48.543434,47,"stress_label",5,128,0.03125,0.534883720930233,0.418604651162791,NA,5,"top5","eeg_fm_lbeta_power_precond;eeg_fm_specent_precond;eeg_tleft_lbeta_power_precond;eeg_faa_precond;eeg_tleft_lalpha_power_precond"
2025-12-19 12:50:48.804748,47,"stress_label",5,256,0.03125,0.540697674418605,0.441860465116279,NA,5,"top5","eeg_fm_lbeta_power_precond;eeg_fm_specent_precond;eeg_tleft_lbeta_power_precond;eeg_faa_precond;eeg_tleft_lalpha_power_precond"
2025-12-19 12:50:48.390834,47,"stress_label",5,2,0.0625,0.47093023255814,0.430232558139535,NA,5,"top5","eeg_fm_lbeta_power_precond;eeg_fm_specent_precond;eeg_tleft_lbeta_power_precond;eeg_faa_precond;eeg_tleft_lalpha_power_precond"
2025-12-19 12:50:48.38117,47,"stress_label",5,4,0.0625,0.529069767441861,0.430232558139535,NA,5,"top5","eeg_fm_lbeta_power_precond;eeg_fm_specent_precond;eeg_tleft_lbeta_power_precond;eeg_faa_precond;eeg_tleft_lalpha_power_precond"
2025-12-19 12:50:48.376274,47,"stress_label",5,8,0.0625,0.552325581395349,0.38953488372093,NA,5,"top5","eeg_fm_lbeta_power_precond;eeg_fm_specent_precond;eeg_tleft_lbeta_power_precond;eeg_faa_precond;eeg_tleft_lalpha_power_precond"
2025-12-19 12:50:48.491515,47,"stress_label",5,16,0.0625,0.529069767441861,0.406976744186047,NA,5,"top5","eeg_fm_lbeta_power_precond;eeg_fm_specent_precond;eeg_tleft_lbeta_power_precond;eeg_faa_precond;eeg_tleft_lalpha_power_precond"
2025-12-19 12:50:49.411237,47,"stress_label",5,32,0.0625,0.511627906976744,0.569767441860465,NA,5,"top5","eeg_fm_lbeta_power_precond;eeg_fm_specent_precond;eeg_tleft_lbeta_power_precond;eeg_faa_precond;eeg_tleft_lalpha_power_precond"
2025-12-19 12:50:49.594924,47,"stress_label",5,64,0.0625,0.523255813953488,0.424418604651163,NA,5,"top5","eeg_fm_lbeta_power_precond;eeg_fm_specent_precond;eeg_tleft_lbeta_power_precond;eeg_faa_precond;eeg_tleft_lalpha_power_precond"
2025-12-19 12:50:49.705528,47,"stress_label",5,128,0.0625,0.505813953488372,0.476744186046512,NA,5,"top5","eeg_fm_lbeta_power_precond;eeg_fm_specent_precond;eeg_tleft_lbeta_power_precond;eeg_faa_precond;eeg_tleft_lalpha_power_precond"
2025-12-19 12:50:50.023935,47,"stress_label",5,256,0.0625,0.459302325581395,0.424418604651163,NA,5,"top5","eeg_fm_lbeta_power_precond;eeg_fm_specent_precond;eeg_tleft_lbeta_power_precond;eeg_faa_precond;eeg_tleft_lalpha_power_precond"
2025-12-19 12:50:49.38261,47,"stress_label",5,2,0.125,0.523255813953488,0.424418604651163,NA,5,"top5","eeg_fm_lbeta_power_precond;eeg_fm_specent_precond;eeg_tleft_lbeta_power_precond;eeg_faa_precond;eeg_tleft_lalpha_power_precond"
2025-12-19 12:50:49.435648,47,"stress_label",5,4,0.125,0.540697674418605,0.424418604651163,NA,5,"top5","eeg_fm_lbeta_power_precond;eeg_fm_specent_precond;eeg_tleft_lbeta_power_precond;eeg_faa_precond;eeg_tleft_lalpha_power_precond"
2025-12-19 12:50:49.479623,47,"stress_label",5,8,0.125,0.5,0.476744186046512,NA,5,"top5","eeg_fm_lbeta_power_precond;eeg_fm_specent_precond;eeg_tleft_lbeta_power_precond;eeg_faa_precond;eeg_tleft_lalpha_power_precond"
2025-12-19 12:50:49.498653,47,"stress_label",5,16,0.125,0.517441860465116,0.482558139534884,NA,5,"top5","eeg_fm_lbeta_power_precond;eeg_fm_specent_precond;eeg_tleft_lbeta_power_precond;eeg_faa_precond;eeg_tleft_lalpha_power_precond"
2025-12-19 12:50:49.55782,47,"stress_label",5,32,0.125,0.47093023255814,0.441860465116279,NA,5,"top5","eeg_fm_lbeta_power_precond;eeg_fm_specent_precond;eeg_tleft_lbeta_power_precond;eeg_faa_precond;eeg_tleft_lalpha_power_precond"
2025-12-19 12:50:49.718759,47,"stress_label",5,64,0.125,0.447674418604651,0.604651162790698,NA,5,"top5","eeg_fm_lbeta_power_precond;eeg_fm_specent_precond;eeg_tleft_lbeta_power_precond;eeg_faa_precond;eeg_tleft_lalpha_power_precond"
2025-12-19 12:50:49.954857,47,"stress_label",5,128,0.125,0.412790697674419,0.552325581395349,NA,5,"top5","eeg_fm_lbeta_power_precond;eeg_fm_specent_precond;eeg_tleft_lbeta_power_precond;eeg_faa_precond;eeg_tleft_lalpha_power_precond"
2025-12-19 12:50:50.422984,47,"stress_label",5,256,0.125,0.430232558139535,0.558139534883721,NA,5,"top5","eeg_fm_lbeta_power_precond;eeg_fm_specent_precond;eeg_tleft_lbeta_power_precond;eeg_faa_precond;eeg_tleft_lalpha_power_precond"
2025-12-19 12:50:49.592129,47,"stress_label",5,2,0.03,0.482558139534884,0.436046511627907,NA,5,"top5","eeg_fm_lbeta_power_precond;eeg_fm_specent_precond;eeg_tleft_lbeta_power_precond;eeg_faa_precond;eeg_tleft_lalpha_power_precond"
2025-12-19 12:50:49.85467,47,"stress_label",5,4,0.03,0.476744186046512,0.482558139534884,NA,5,"top5","eeg_fm_lbeta_power_precond;eeg_fm_specent_precond;eeg_tleft_lbeta_power_precond;eeg_faa_precond;eeg_tleft_lalpha_power_precond"
2025-12-19 12:50:50.437421,47,"stress_label",5,8,0.03,0.494186046511628,0.418604651162791,NA,5,"top5","eeg_fm_lbeta_power_precond;eeg_fm_specent_precond;eeg_tleft_lbeta_power_precond;eeg_faa_precond;eeg_tleft_lalpha_power_precond"
2025-12-19 12:50:50.479244,47,"stress_label",5,16,0.03,0.529069767441861,0.424418604651163,NA,5,"top5","eeg_fm_lbeta_power_precond;eeg_fm_specent_precond;eeg_tleft_lbeta_power_precond;eeg_faa_precond;eeg_tleft_lalpha_power_precond"
2025-12-19 12:50:50.524127,47,"stress_label",5,32,0.03,0.552325581395349,0.511627906976744,NA,5,"top5","eeg_fm_lbeta_power_precond;eeg_fm_specent_precond;eeg_tleft_lbeta_power_precond;eeg_faa_precond;eeg_tleft_lalpha_power_precond"
2025-12-19 12:50:50.615502,47,"stress_label",5,64,0.03,0.534883720930233,0.412790697674419,NA,5,"top5","eeg_fm_lbeta_power_precond;eeg_fm_specent_precond;eeg_tleft_lbeta_power_precond;eeg_faa_precond;eeg_tleft_lalpha_power_precond"
2025-12-19 12:50:50.746665,47,"stress_label",5,128,0.03,0.529069767441861,0.343023255813953,NA,5,"top5","eeg_fm_lbeta_power_precond;eeg_fm_specent_precond;eeg_tleft_lbeta_power_precond;eeg_faa_precond;eeg_tleft_lalpha_power_precond"
2025-12-19 12:50:51.049881,47,"stress_label",5,256,0.03,0.546511627906977,0.459302325581395,NA,5,"top5","eeg_fm_lbeta_power_precond;eeg_fm_specent_precond;eeg_tleft_lbeta_power_precond;eeg_faa_precond;eeg_tleft_lalpha_power_precond"
2025-12-19 12:50:50.621998,47,"stress_label",5,2,0.06,0.476744186046512,0.476744186046512,NA,5,"top5","eeg_fm_lbeta_power_precond;eeg_fm_specent_precond;eeg_tleft_lbeta_power_precond;eeg_faa_precond;eeg_tleft_lalpha_power_precond"
2025-12-19 12:50:50.672626,47,"stress_label",5,4,0.06,0.523255813953488,0.412790697674419,NA,5,"top5","eeg_fm_lbeta_power_precond;eeg_fm_specent_precond;eeg_tleft_lbeta_power_precond;eeg_faa_precond;eeg_tleft_lalpha_power_precond"
2025-12-19 12:50:50.734268,47,"stress_label",5,8,0.06,0.540697674418605,0.406976744186047,NA,5,"top5","eeg_fm_lbeta_power_precond;eeg_fm_specent_precond;eeg_tleft_lbeta_power_precond;eeg_faa_precond;eeg_tleft_lalpha_power_precond"
2025-12-19 12:50:50.840897,47,"stress_label",5,16,0.06,0.540697674418605,0.401162790697674,NA,5,"top5","eeg_fm_lbeta_power_precond;eeg_fm_specent_precond;eeg_tleft_lbeta_power_precond;eeg_faa_precond;eeg_tleft_lalpha_power_precond"
2025-12-19 12:50:51.022469,47,"stress_label",5,32,0.06,0.517441860465116,0.377906976744186,NA,5,"top5","eeg_fm_lbeta_power_precond;eeg_fm_specent_precond;eeg_tleft_lbeta_power_precond;eeg_faa_precond;eeg_tleft_lalpha_power_precond"
2025-12-19 12:50:51.213281,47,"stress_label",5,64,0.06,0.517441860465116,0.5,NA,5,"top5","eeg_fm_lbeta_power_precond;eeg_fm_specent_precond;eeg_tleft_lbeta_power_precond;eeg_faa_precond;eeg_tleft_lalpha_power_precond"
2025-12-19 12:50:51.37214,47,"stress_label",5,128,0.06,0.517441860465116,0.494186046511628,NA,5,"top5","eeg_fm_lbeta_power_precond;eeg_fm_specent_precond;eeg_tleft_lbeta_power_precond;eeg_faa_precond;eeg_tleft_lalpha_power_precond"
2025-12-19 12:50:51.813583,47,"stress_label",5,256,0.06,0.47093023255814,0.482558139534884,NA,5,"top5","eeg_fm_lbeta_power_precond;eeg_fm_specent_precond;eeg_tleft_lbeta_power_precond;eeg_faa_precond;eeg_tleft_lalpha_power_precond"
2025-12-19 12:50:51.422648,47,"stress_label",5,2,0.1,0.511627906976744,0.395348837209302,NA,5,"top5","eeg_fm_lbeta_power_precond;eeg_fm_specent_precond;eeg_tleft_lbeta_power_precond;eeg_faa_precond;eeg_tleft_lalpha_power_precond"
2025-12-19 12:50:51.453774,47,"stress_label",5,4,0.1,0.552325581395349,0.424418604651163,NA,5,"top5","eeg_fm_lbeta_power_precond;eeg_fm_specent_precond;eeg_tleft_lbeta_power_precond;eeg_faa_precond;eeg_tleft_lalpha_power_precond"
2025-12-19 12:50:51.525515,47,"stress_label",5,8,0.1,0.517441860465116,0.418604651162791,NA,5,"top5","eeg_fm_lbeta_power_precond;eeg_fm_specent_precond;eeg_tleft_lbeta_power_precond;eeg_faa_precond;eeg_tleft_lalpha_power_precond"
2025-12-19 12:50:51.612299,47,"stress_label",5,16,0.1,0.529069767441861,0.366279069767442,NA,5,"top5","eeg_fm_lbeta_power_precond;eeg_fm_specent_precond;eeg_tleft_lbeta_power_precond;eeg_faa_precond;eeg_tleft_lalpha_power_precond"
2025-12-19 12:50:51.65054,47,"stress_label",5,32,0.1,0.494186046511628,0.38953488372093,NA,5,"top5","eeg_fm_lbeta_power_precond;eeg_fm_specent_precond;eeg_tleft_lbeta_power_precond;eeg_faa_precond;eeg_tleft_lalpha_power_precond"
2025-12-19 12:50:51.786137,47,"stress_label",5,64,0.1,0.465116279069767,0.447674418604651,NA,5,"top5","eeg_fm_lbeta_power_precond;eeg_fm_specent_precond;eeg_tleft_lbeta_power_precond;eeg_faa_precond;eeg_tleft_lalpha_power_precond"
2025-12-19 12:50:51.937635,47,"stress_label",5,128,0.1,0.447674418604651,0.593023255813954,NA,5,"top5","eeg_fm_lbeta_power_precond;eeg_fm_specent_precond;eeg_tleft_lbeta_power_precond;eeg_faa_precond;eeg_tleft_lalpha_power_precond"
2025-12-19 12:50:52.185156,47,"stress_label",5,256,0.1,0.406976744186047,0.552325581395349,NA,5,"top5","eeg_fm_lbeta_power_precond;eeg_fm_specent_precond;eeg_tleft_lbeta_power_precond;eeg_faa_precond;eeg_tleft_lalpha_power_precond"
2025-12-19 12:50:53.426007,48,"stress_label",5,2,0.0078125,0.534883720930233,0.406976744186047,0.494573643410853,5,"top5","eeg_fm_lbeta_power_precond;eeg_tleft_lbeta_power_precond;eeg_faa_precond;eeg_tleft_lalpha_power_precond;eeg_f_hbeta_power_precond"
2025-12-19 12:50:53.399151,48,"stress_label",5,4,0.0078125,0.517441860465116,0.395348837209302,0.493798449612403,5,"top5","eeg_fm_lbeta_power_precond;eeg_tleft_lbeta_power_precond;eeg_faa_precond;eeg_tleft_lalpha_power_precond;eeg_f_hbeta_power_precond"
2025-12-19 12:50:53.434303,48,"stress_label",5,8,0.0078125,0.523255813953488,0.418604651162791,0.506201550387597,5,"top5","eeg_fm_lbeta_power_precond;eeg_tleft_lbeta_power_precond;eeg_faa_precond;eeg_tleft_lalpha_power_precond;eeg_f_hbeta_power_precond"
2025-12-19 12:50:53.403382,48,"stress_label",5,16,0.0078125,0.529069767441861,0.331395348837209,0.513178294573643,5,"top5","eeg_fm_lbeta_power_precond;eeg_tleft_lbeta_power_precond;eeg_faa_precond;eeg_tleft_lalpha_power_precond;eeg_f_hbeta_power_precond"
2025-12-19 12:50:53.401639,48,"stress_label",5,32,0.0078125,0.511627906976744,0.401162790697674,0.492248062015504,5,"top5","eeg_fm_lbeta_power_precond;eeg_tleft_lbeta_power_precond;eeg_faa_precond;eeg_tleft_lalpha_power_precond;eeg_f_hbeta_power_precond"
2025-12-19 12:50:53.444195,48,"stress_label",5,64,0.0078125,0.529069767441861,0.38953488372093,0.525581395348837,5,"top5","eeg_fm_lbeta_power_precond;eeg_tleft_lbeta_power_precond;eeg_faa_precond;eeg_tleft_lalpha_power_precond;eeg_f_hbeta_power_precond"
2025-12-19 12:50:53.456164,48,"stress_label",5,128,0.0078125,0.5,0.348837209302326,0.495348837209302,5,"top5","eeg_fm_lbeta_power_precond;eeg_tleft_lbeta_power_precond;eeg_faa_precond;eeg_tleft_lalpha_power_precond;eeg_f_hbeta_power_precond"
2025-12-19 12:50:53.513145,48,"stress_label",5,256,0.0078125,0.534883720930233,0.569767441860465,0.510077519379845,5,"top5","eeg_fm_lbeta_power_precond;eeg_tleft_lbeta_power_precond;eeg_faa_precond;eeg_tleft_lalpha_power_precond;eeg_f_hbeta_power_precond"
2025-12-19 12:50:53.404564,48,"stress_label",5,2,0.015625,0.517441860465116,0.38953488372093,0.47984496124031,5,"top5","eeg_fm_lbeta_power_precond;eeg_tleft_lbeta_power_precond;eeg_faa_precond;eeg_tleft_lalpha_power_precond;eeg_f_hbeta_power_precond"
2025-12-19 12:50:53.390304,48,"stress_label",5,4,0.015625,0.523255813953488,0.36046511627907,0.488372093023256,5,"top5","eeg_fm_lbeta_power_precond;eeg_tleft_lbeta_power_precond;eeg_faa_precond;eeg_tleft_lalpha_power_precond;eeg_f_hbeta_power_precond"
2025-12-19 12:50:53.413512,48,"stress_label",5,8,0.015625,0.529069767441861,0.38953488372093,0.496899224806202,5,"top5","eeg_fm_lbeta_power_precond;eeg_tleft_lbeta_power_precond;eeg_faa_precond;eeg_tleft_lalpha_power_precond;eeg_f_hbeta_power_precond"
2025-12-19 12:50:53.458607,48,"stress_label",5,16,0.015625,0.523255813953488,0.36046511627907,0.506201550387597,5,"top5","eeg_fm_lbeta_power_precond;eeg_tleft_lbeta_power_precond;eeg_faa_precond;eeg_tleft_lalpha_power_precond;eeg_f_hbeta_power_precond"
2025-12-19 12:50:53.410743,48,"stress_label",5,32,0.015625,0.494186046511628,0.482558139534884,0.483720930232558,5,"top5","eeg_fm_lbeta_power_precond;eeg_tleft_lbeta_power_precond;eeg_faa_precond;eeg_tleft_lalpha_power_precond;eeg_f_hbeta_power_precond"
2025-12-19 12:50:53.459606,48,"stress_label",5,64,0.015625,0.540697674418605,0.412790697674419,0.523255813953488,5,"top5","eeg_fm_lbeta_power_precond;eeg_tleft_lbeta_power_precond;eeg_faa_precond;eeg_tleft_lalpha_power_precond;eeg_f_hbeta_power_precond"
2025-12-19 12:50:54.550208,48,"stress_label",5,128,0.015625,0.505813953488372,0.447674418604651,NA,5,"top5","eeg_fm_lbeta_power_precond;eeg_tleft_lbeta_power_precond;eeg_faa_precond;eeg_tleft_lalpha_power_precond;eeg_f_hbeta_power_precond"
2025-12-19 12:50:54.650644,48,"stress_label",5,256,0.015625,0.546511627906977,0.517441860465116,NA,5,"top5","eeg_fm_lbeta_power_precond;eeg_tleft_lbeta_power_precond;eeg_faa_precond;eeg_tleft_lalpha_power_precond;eeg_f_hbeta_power_precond"
2025-12-19 12:50:54.444455,48,"stress_label",5,2,0.03125,0.534883720930233,0.424418604651163,0.497674418604651,5,"top5","eeg_fm_lbeta_power_precond;eeg_tleft_lbeta_power_precond;eeg_faa_precond;eeg_tleft_lalpha_power_precond;eeg_f_hbeta_power_precond"
2025-12-19 12:50:54.459282,48,"stress_label",5,4,0.03125,0.517441860465116,0.441860465116279,0.493023255813954,5,"top5","eeg_fm_lbeta_power_precond;eeg_tleft_lbeta_power_precond;eeg_faa_precond;eeg_tleft_lalpha_power_precond;eeg_f_hbeta_power_precond"
2025-12-19 12:50:54.452608,48,"stress_label",5,8,0.03125,0.5,0.476744186046512,0.493023255813954,5,"top5","eeg_fm_lbeta_power_precond;eeg_tleft_lbeta_power_precond;eeg_faa_precond;eeg_tleft_lalpha_power_precond;eeg_f_hbeta_power_precond"
2025-12-19 12:50:54.457288,48,"stress_label",5,16,0.03125,0.529069767441861,0.406976744186047,0.518604651162791,5,"top5","eeg_fm_lbeta_power_precond;eeg_tleft_lbeta_power_precond;eeg_faa_precond;eeg_tleft_lalpha_power_precond;eeg_f_hbeta_power_precond"
2025-12-19 12:50:54.535303,48,"stress_label",5,32,0.03125,0.523255813953488,0.436046511627907,NA,5,"top5","eeg_fm_lbeta_power_precond;eeg_tleft_lbeta_power_precond;eeg_faa_precond;eeg_tleft_lalpha_power_precond;eeg_f_hbeta_power_precond"
2025-12-19 12:50:54.549305,48,"stress_label",5,64,0.03125,0.540697674418605,0.505813953488372,NA,5,"top5","eeg_fm_lbeta_power_precond;eeg_tleft_lbeta_power_precond;eeg_faa_precond;eeg_tleft_lalpha_power_precond;eeg_f_hbeta_power_precond"
2025-12-19 12:50:54.673258,48,"stress_label",5,128,0.03125,0.546511627906977,0.505813953488372,NA,5,"top5","eeg_fm_lbeta_power_precond;eeg_tleft_lbeta_power_precond;eeg_faa_precond;eeg_tleft_lalpha_power_precond;eeg_f_hbeta_power_precond"
2025-12-19 12:50:54.872118,48,"stress_label",5,256,0.03125,0.494186046511628,0.476744186046512,NA,5,"top5","eeg_fm_lbeta_power_precond;eeg_tleft_lbeta_power_precond;eeg_faa_precond;eeg_tleft_lalpha_power_precond;eeg_f_hbeta_power_precond"
2025-12-19 12:50:54.517224,48,"stress_label",5,2,0.0625,0.505813953488372,0.372093023255814,0.472093023255814,5,"top5","eeg_fm_lbeta_power_precond;eeg_tleft_lbeta_power_precond;eeg_faa_precond;eeg_tleft_lalpha_power_precond;eeg_f_hbeta_power_precond"
2025-12-19 12:50:54.471657,48,"stress_label",5,4,0.0625,0.523255813953488,0.436046511627907,0.516279069767442,5,"top5","eeg_fm_lbeta_power_precond;eeg_tleft_lbeta_power_precond;eeg_faa_precond;eeg_tleft_lalpha_power_precond;eeg_f_hbeta_power_precond"
2025-12-19 12:50:54.531283,48,"stress_label",5,8,0.0625,0.523255813953488,0.459302325581395,NA,5,"top5","eeg_fm_lbeta_power_precond;eeg_tleft_lbeta_power_precond;eeg_faa_precond;eeg_tleft_lalpha_power_precond;eeg_f_hbeta_power_precond"
2025-12-19 12:50:54.559527,48,"stress_label",5,16,0.0625,0.569767441860465,0.476744186046512,NA,5,"top5","eeg_fm_lbeta_power_precond;eeg_tleft_lbeta_power_precond;eeg_faa_precond;eeg_tleft_lalpha_power_precond;eeg_f_hbeta_power_precond"
2025-12-19 12:50:55.564097,48,"stress_label",5,32,0.0625,0.546511627906977,0.534883720930233,NA,5,"top5","eeg_fm_lbeta_power_precond;eeg_tleft_lbeta_power_precond;eeg_faa_precond;eeg_tleft_lalpha_power_precond;eeg_f_hbeta_power_precond"
2025-12-19 12:50:55.670229,48,"stress_label",5,64,0.0625,0.511627906976744,0.511627906976744,NA,5,"top5","eeg_fm_lbeta_power_precond;eeg_tleft_lbeta_power_precond;eeg_faa_precond;eeg_tleft_lalpha_power_precond;eeg_f_hbeta_power_precond"
2025-12-19 12:50:55.819739,48,"stress_label",5,128,0.0625,0.488372093023256,0.517441860465116,NA,5,"top5","eeg_fm_lbeta_power_precond;eeg_tleft_lbeta_power_precond;eeg_faa_precond;eeg_tleft_lalpha_power_precond;eeg_f_hbeta_power_precond"
2025-12-19 12:50:56.142078,48,"stress_label",5,256,0.0625,0.517441860465116,0.552325581395349,NA,5,"top5","eeg_fm_lbeta_power_precond;eeg_tleft_lbeta_power_precond;eeg_faa_precond;eeg_tleft_lalpha_power_precond;eeg_f_hbeta_power_precond"
2025-12-19 12:50:55.514773,48,"stress_label",5,2,0.125,0.505813953488372,0.401162790697674,0.498449612403101,5,"top5","eeg_fm_lbeta_power_precond;eeg_tleft_lbeta_power_precond;eeg_faa_precond;eeg_tleft_lalpha_power_precond;eeg_f_hbeta_power_precond"
2025-12-19 12:50:55.610163,48,"stress_label",5,4,0.125,0.575581395348837,0.517441860465116,NA,5,"top5","eeg_fm_lbeta_power_precond;eeg_tleft_lbeta_power_precond;eeg_faa_precond;eeg_tleft_lalpha_power_precond;eeg_f_hbeta_power_precond"
2025-12-19 12:50:55.644233,48,"stress_label",5,8,0.125,0.563953488372093,0.546511627906977,NA,5,"top5","eeg_fm_lbeta_power_precond;eeg_tleft_lbeta_power_precond;eeg_faa_precond;eeg_tleft_lalpha_power_precond;eeg_f_hbeta_power_precond"
2025-12-19 12:50:55.646976,48,"stress_label",5,16,0.125,0.529069767441861,0.529069767441861,NA,5,"top5","eeg_fm_lbeta_power_precond;eeg_tleft_lbeta_power_precond;eeg_faa_precond;eeg_tleft_lalpha_power_precond;eeg_f_hbeta_power_precond"
2025-12-19 12:50:55.723587,48,"stress_label",5,32,0.125,0.534883720930233,0.534883720930233,NA,5,"top5","eeg_fm_lbeta_power_precond;eeg_tleft_lbeta_power_precond;eeg_faa_precond;eeg_tleft_lalpha_power_precond;eeg_f_hbeta_power_precond"
2025-12-19 12:50:55.897145,48,"stress_label",5,64,0.125,0.540697674418605,0.534883720930233,NA,5,"top5","eeg_fm_lbeta_power_precond;eeg_tleft_lbeta_power_precond;eeg_faa_precond;eeg_tleft_lalpha_power_precond;eeg_f_hbeta_power_precond"
2025-12-19 12:50:56.144662,48,"stress_label",5,128,0.125,0.540697674418605,0.540697674418605,NA,5,"top5","eeg_fm_lbeta_power_precond;eeg_tleft_lbeta_power_precond;eeg_faa_precond;eeg_tleft_lalpha_power_precond;eeg_f_hbeta_power_precond"
2025-12-19 12:50:56.600878,48,"stress_label",5,256,0.125,0.511627906976744,0.552325581395349,NA,5,"top5","eeg_fm_lbeta_power_precond;eeg_tleft_lbeta_power_precond;eeg_faa_precond;eeg_tleft_lalpha_power_precond;eeg_f_hbeta_power_precond"
2025-12-19 12:50:55.730945,48,"stress_label",5,2,0.03,0.540697674418605,0.348837209302326,0.496899224806202,5,"top5","eeg_fm_lbeta_power_precond;eeg_tleft_lbeta_power_precond;eeg_faa_precond;eeg_tleft_lalpha_power_precond;eeg_f_hbeta_power_precond"
2025-12-19 12:50:55.880824,48,"stress_label",5,4,0.03,0.523255813953488,0.319767441860465,0.496899224806202,5,"top5","eeg_fm_lbeta_power_precond;eeg_tleft_lbeta_power_precond;eeg_faa_precond;eeg_tleft_lalpha_power_precond;eeg_f_hbeta_power_precond"
2025-12-19 12:50:56.536793,48,"stress_label",5,8,0.03,0.505813953488372,0.36046511627907,0.497674418604651,5,"top5","eeg_fm_lbeta_power_precond;eeg_tleft_lbeta_power_precond;eeg_faa_precond;eeg_tleft_lalpha_power_precond;eeg_f_hbeta_power_precond"
2025-12-19 12:50:56.581644,48,"stress_label",5,16,0.03,0.523255813953488,0.395348837209302,0.509302325581395,5,"top5","eeg_fm_lbeta_power_precond;eeg_tleft_lbeta_power_precond;eeg_faa_precond;eeg_tleft_lalpha_power_precond;eeg_f_hbeta_power_precond"
2025-12-19 12:50:56.663303,48,"stress_label",5,32,0.03,0.505813953488372,0.465116279069767,NA,5,"top5","eeg_fm_lbeta_power_precond;eeg_tleft_lbeta_power_precond;eeg_faa_precond;eeg_tleft_lalpha_power_precond;eeg_f_hbeta_power_precond"
2025-12-19 12:50:56.769932,48,"stress_label",5,64,0.03,0.546511627906977,0.476744186046512,NA,5,"top5","eeg_fm_lbeta_power_precond;eeg_tleft_lbeta_power_precond;eeg_faa_precond;eeg_tleft_lalpha_power_precond;eeg_f_hbeta_power_precond"
2025-12-19 12:50:56.855445,48,"stress_label",5,128,0.03,0.546511627906977,0.494186046511628,NA,5,"top5","eeg_fm_lbeta_power_precond;eeg_tleft_lbeta_power_precond;eeg_faa_precond;eeg_tleft_lalpha_power_precond;eeg_f_hbeta_power_precond"
2025-12-19 12:50:57.049248,48,"stress_label",5,256,0.03,0.505813953488372,0.511627906976744,NA,5,"top5","eeg_fm_lbeta_power_precond;eeg_tleft_lbeta_power_precond;eeg_faa_precond;eeg_tleft_lalpha_power_precond;eeg_f_hbeta_power_precond"
2025-12-19 12:50:56.73153,48,"stress_label",5,2,0.06,0.517441860465116,0.36046511627907,0.495348837209302,5,"top5","eeg_fm_lbeta_power_precond;eeg_tleft_lbeta_power_precond;eeg_faa_precond;eeg_tleft_lalpha_power_precond;eeg_f_hbeta_power_precond"
2025-12-19 12:50:56.727803,48,"stress_label",5,4,0.06,0.517441860465116,0.476744186046512,0.516279069767442,5,"top5","eeg_fm_lbeta_power_precond;eeg_tleft_lbeta_power_precond;eeg_faa_precond;eeg_tleft_lalpha_power_precond;eeg_f_hbeta_power_precond"
2025-12-19 12:50:56.83815,48,"stress_label",5,8,0.06,0.529069767441861,0.459302325581395,NA,5,"top5","eeg_fm_lbeta_power_precond;eeg_tleft_lbeta_power_precond;eeg_faa_precond;eeg_tleft_lalpha_power_precond;eeg_f_hbeta_power_precond"
2025-12-19 12:50:56.90787,48,"stress_label",5,16,0.06,0.558139534883721,0.441860465116279,NA,5,"top5","eeg_fm_lbeta_power_precond;eeg_tleft_lbeta_power_precond;eeg_faa_precond;eeg_tleft_lalpha_power_precond;eeg_f_hbeta_power_precond"
2025-12-19 12:50:56.989515,48,"stress_label",5,32,0.06,0.552325581395349,0.534883720930233,NA,5,"top5","eeg_fm_lbeta_power_precond;eeg_tleft_lbeta_power_precond;eeg_faa_precond;eeg_tleft_lalpha_power_precond;eeg_f_hbeta_power_precond"
2025-12-19 12:50:57.259767,48,"stress_label",5,64,0.06,0.505813953488372,0.476744186046512,NA,5,"top5","eeg_fm_lbeta_power_precond;eeg_tleft_lbeta_power_precond;eeg_faa_precond;eeg_tleft_lalpha_power_precond;eeg_f_hbeta_power_precond"
2025-12-19 12:50:57.408397,48,"stress_label",5,128,0.06,0.5,0.436046511627907,NA,5,"top5","eeg_fm_lbeta_power_precond;eeg_tleft_lbeta_power_precond;eeg_faa_precond;eeg_tleft_lalpha_power_precond;eeg_f_hbeta_power_precond"
2025-12-19 12:50:57.900948,48,"stress_label",5,256,0.06,0.511627906976744,0.546511627906977,NA,5,"top5","eeg_fm_lbeta_power_precond;eeg_tleft_lbeta_power_precond;eeg_faa_precond;eeg_tleft_lalpha_power_precond;eeg_f_hbeta_power_precond"
2025-12-19 12:50:57.528702,48,"stress_label",5,2,0.1,0.505813953488372,0.401162790697674,0.486821705426357,5,"top5","eeg_fm_lbeta_power_precond;eeg_tleft_lbeta_power_precond;eeg_faa_precond;eeg_tleft_lalpha_power_precond;eeg_f_hbeta_power_precond"
2025-12-19 12:50:57.513836,48,"stress_label",5,4,0.1,0.534883720930233,0.459302325581395,0.509302325581395,5,"top5","eeg_fm_lbeta_power_precond;eeg_tleft_lbeta_power_precond;eeg_faa_precond;eeg_tleft_lalpha_power_precond;eeg_f_hbeta_power_precond"
2025-12-19 12:50:57.59188,48,"stress_label",5,8,0.1,0.587209302325581,0.552325581395349,NA,5,"top5","eeg_fm_lbeta_power_precond;eeg_tleft_lbeta_power_precond;eeg_faa_precond;eeg_tleft_lalpha_power_precond;eeg_f_hbeta_power_precond"
2025-12-19 12:50:57.665887,48,"stress_label",5,16,0.1,0.540697674418605,0.511627906976744,NA,5,"top5","eeg_fm_lbeta_power_precond;eeg_tleft_lbeta_power_precond;eeg_faa_precond;eeg_tleft_lalpha_power_precond;eeg_f_hbeta_power_precond"
2025-12-19 12:50:57.741671,48,"stress_label",5,32,0.1,0.505813953488372,0.505813953488372,NA,5,"top5","eeg_fm_lbeta_power_precond;eeg_tleft_lbeta_power_precond;eeg_faa_precond;eeg_tleft_lalpha_power_precond;eeg_f_hbeta_power_precond"
2025-12-19 12:50:57.817905,48,"stress_label",5,64,0.1,0.529069767441861,0.552325581395349,NA,5,"top5","eeg_fm_lbeta_power_precond;eeg_tleft_lbeta_power_precond;eeg_faa_precond;eeg_tleft_lalpha_power_precond;eeg_f_hbeta_power_precond"
2025-12-19 12:50:58.025808,48,"stress_label",5,128,0.1,0.546511627906977,0.546511627906977,NA,5,"top5","eeg_fm_lbeta_power_precond;eeg_tleft_lbeta_power_precond;eeg_faa_precond;eeg_tleft_lalpha_power_precond;eeg_f_hbeta_power_precond"
2025-12-19 12:50:58.243251,48,"stress_label",5,256,0.1,0.534883720930233,0.482558139534884,NA,5,"top5","eeg_fm_lbeta_power_precond;eeg_tleft_lbeta_power_precond;eeg_faa_precond;eeg_tleft_lalpha_power_precond;eeg_f_hbeta_power_precond"
