timestamp,test_pid,target,k,cost,gamma,inner_acc,inner_auc,inner_f1,feature_n,feature_set,features_used
2025-12-19 16:20:16.600475,1,"stress_label",10,2,0.0078125,0.558139534883721,0.447674418604651,0.524031007751938,10,"top10","eda_med_precond;hr_sd_precond;hr_med_precond;eeg_tleft_lbeta_power_precond;eeg_faa_precond;hrv_rmssd_precond;pupil_full_pupil_asymmetry_precond;eeg_tleft_lalpha_power_precond;pupil_full_pupil_mean_precond;eda_pkrate_precond"
2025-12-19 16:20:16.621475,1,"stress_label",10,4,0.0078125,0.517441860465116,0.511627906976744,0.488372093023256,10,"top10","eda_med_precond;hr_sd_precond;hr_med_precond;eeg_tleft_lbeta_power_precond;eeg_faa_precond;hrv_rmssd_precond;pupil_full_pupil_asymmetry_precond;eeg_tleft_lalpha_power_precond;pupil_full_pupil_mean_precond;eda_pkrate_precond"
2025-12-19 16:20:16.588152,1,"stress_label",10,8,0.0078125,0.523255813953488,0.534883720930233,0.490697674418605,10,"top10","eda_med_precond;hr_sd_precond;hr_med_precond;eeg_tleft_lbeta_power_precond;eeg_faa_precond;hrv_rmssd_precond;pupil_full_pupil_asymmetry_precond;eeg_tleft_lalpha_power_precond;pupil_full_pupil_mean_precond;eda_pkrate_precond"
2025-12-19 16:20:16.622829,1,"stress_label",10,16,0.0078125,0.546511627906977,0.552325581395349,0.506976744186047,10,"top10","eda_med_precond;hr_sd_precond;hr_med_precond;eeg_tleft_lbeta_power_precond;eeg_faa_precond;hrv_rmssd_precond;pupil_full_pupil_asymmetry_precond;eeg_tleft_lalpha_power_precond;pupil_full_pupil_mean_precond;eda_pkrate_precond"
2025-12-19 16:20:16.679232,1,"stress_label",10,32,0.0078125,0.540697674418605,0.505813953488372,0.504651162790698,10,"top10","eda_med_precond;hr_sd_precond;hr_med_precond;eeg_tleft_lbeta_power_precond;eeg_faa_precond;hrv_rmssd_precond;pupil_full_pupil_asymmetry_precond;eeg_tleft_lalpha_power_precond;pupil_full_pupil_mean_precond;eda_pkrate_precond"
2025-12-19 16:20:16.706835,1,"stress_label",10,64,0.0078125,0.540697674418605,0.558139534883721,0.513953488372093,10,"top10","eda_med_precond;hr_sd_precond;hr_med_precond;eeg_tleft_lbeta_power_precond;eeg_faa_precond;hrv_rmssd_precond;pupil_full_pupil_asymmetry_precond;eeg_tleft_lalpha_power_precond;pupil_full_pupil_mean_precond;eda_pkrate_precond"
2025-12-19 16:20:16.730561,1,"stress_label",10,128,0.0078125,0.488372093023256,0.430232558139535,0.47984496124031,10,"top10","eda_med_precond;hr_sd_precond;hr_med_precond;eeg_tleft_lbeta_power_precond;eeg_faa_precond;hrv_rmssd_precond;pupil_full_pupil_asymmetry_precond;eeg_tleft_lalpha_power_precond;pupil_full_pupil_mean_precond;eda_pkrate_precond"
2025-12-19 16:20:16.983734,1,"stress_label",10,256,0.0078125,0.482558139534884,0.488372093023256,NA,10,"top10","eda_med_precond;hr_sd_precond;hr_med_precond;eeg_tleft_lbeta_power_precond;eeg_faa_precond;hrv_rmssd_precond;pupil_full_pupil_asymmetry_precond;eeg_tleft_lalpha_power_precond;pupil_full_pupil_mean_precond;eda_pkrate_precond"
2025-12-19 16:20:16.626246,1,"stress_label",10,2,0.015625,0.529069767441861,0.447674418604651,0.487596899224806,10,"top10","eda_med_precond;hr_sd_precond;hr_med_precond;eeg_tleft_lbeta_power_precond;eeg_faa_precond;hrv_rmssd_precond;pupil_full_pupil_asymmetry_precond;eeg_tleft_lalpha_power_precond;pupil_full_pupil_mean_precond;eda_pkrate_precond"
2025-12-19 16:20:16.592718,1,"stress_label",10,4,0.015625,0.529069767441861,0.511627906976744,0.481395348837209,10,"top10","eda_med_precond;hr_sd_precond;hr_med_precond;eeg_tleft_lbeta_power_precond;eeg_faa_precond;hrv_rmssd_precond;pupil_full_pupil_asymmetry_precond;eeg_tleft_lalpha_power_precond;pupil_full_pupil_mean_precond;eda_pkrate_precond"
2025-12-19 16:20:16.58963,1,"stress_label",10,8,0.015625,0.540697674418605,0.546511627906977,0.504651162790698,10,"top10","eda_med_precond;hr_sd_precond;hr_med_precond;eeg_tleft_lbeta_power_precond;eeg_faa_precond;hrv_rmssd_precond;pupil_full_pupil_asymmetry_precond;eeg_tleft_lalpha_power_precond;pupil_full_pupil_mean_precond;eda_pkrate_precond"
2025-12-19 16:20:16.61224,1,"stress_label",10,16,0.015625,0.511627906976744,0.540697674418605,0.47906976744186,10,"top10","eda_med_precond;hr_sd_precond;hr_med_precond;eeg_tleft_lbeta_power_precond;eeg_faa_precond;hrv_rmssd_precond;pupil_full_pupil_asymmetry_precond;eeg_tleft_lalpha_power_precond;pupil_full_pupil_mean_precond;eda_pkrate_precond"
2025-12-19 16:20:16.653561,1,"stress_label",10,32,0.015625,0.505813953488372,0.511627906976744,0.492248062015504,10,"top10","eda_med_precond;hr_sd_precond;hr_med_precond;eeg_tleft_lbeta_power_precond;eeg_faa_precond;hrv_rmssd_precond;pupil_full_pupil_asymmetry_precond;eeg_tleft_lalpha_power_precond;pupil_full_pupil_mean_precond;eda_pkrate_precond"
2025-12-19 16:20:16.758436,1,"stress_label",10,64,0.015625,0.494186046511628,0.354651162790698,NA,10,"top10","eda_med_precond;hr_sd_precond;hr_med_precond;eeg_tleft_lbeta_power_precond;eeg_faa_precond;hrv_rmssd_precond;pupil_full_pupil_asymmetry_precond;eeg_tleft_lalpha_power_precond;pupil_full_pupil_mean_precond;eda_pkrate_precond"
2025-12-19 16:20:18.170917,1,"stress_label",10,128,0.015625,0.465116279069767,0.465116279069767,NA,10,"top10","eda_med_precond;hr_sd_precond;hr_med_precond;eeg_tleft_lbeta_power_precond;eeg_faa_precond;hrv_rmssd_precond;pupil_full_pupil_asymmetry_precond;eeg_tleft_lalpha_power_precond;pupil_full_pupil_mean_precond;eda_pkrate_precond"
2025-12-19 16:20:18.524376,1,"stress_label",10,256,0.015625,0.482558139534884,0.465116279069767,NA,10,"top10","eda_med_precond;hr_sd_precond;hr_med_precond;eeg_tleft_lbeta_power_precond;eeg_faa_precond;hrv_rmssd_precond;pupil_full_pupil_asymmetry_precond;eeg_tleft_lalpha_power_precond;pupil_full_pupil_mean_precond;eda_pkrate_precond"
2025-12-19 16:20:17.860901,1,"stress_label",10,2,0.03125,0.534883720930233,0.436046511627907,0.496124031007752,10,"top10","eda_med_precond;hr_sd_precond;hr_med_precond;eeg_tleft_lbeta_power_precond;eeg_faa_precond;hrv_rmssd_precond;pupil_full_pupil_asymmetry_precond;eeg_tleft_lalpha_power_precond;pupil_full_pupil_mean_precond;eda_pkrate_precond"
2025-12-19 16:20:17.848843,1,"stress_label",10,4,0.03125,0.511627906976744,0.476744186046512,NA,10,"top10","eda_med_precond;hr_sd_precond;hr_med_precond;eeg_tleft_lbeta_power_precond;eeg_faa_precond;hrv_rmssd_precond;pupil_full_pupil_asymmetry_precond;eeg_tleft_lalpha_power_precond;pupil_full_pupil_mean_precond;eda_pkrate_precond"
2025-12-19 16:20:17.868986,1,"stress_label",10,8,0.03125,0.505813953488372,0.523255813953488,NA,10,"top10","eda_med_precond;hr_sd_precond;hr_med_precond;eeg_tleft_lbeta_power_precond;eeg_faa_precond;hrv_rmssd_precond;pupil_full_pupil_asymmetry_precond;eeg_tleft_lalpha_power_precond;pupil_full_pupil_mean_precond;eda_pkrate_precond"
2025-12-19 16:20:17.956845,1,"stress_label",10,16,0.03125,0.459302325581395,0.517441860465116,NA,10,"top10","eda_med_precond;hr_sd_precond;hr_med_precond;eeg_tleft_lbeta_power_precond;eeg_faa_precond;hrv_rmssd_precond;pupil_full_pupil_asymmetry_precond;eeg_tleft_lalpha_power_precond;pupil_full_pupil_mean_precond;eda_pkrate_precond"
2025-12-19 16:20:18.030962,1,"stress_label",10,32,0.03125,0.465116279069767,0.453488372093023,NA,10,"top10","eda_med_precond;hr_sd_precond;hr_med_precond;eeg_tleft_lbeta_power_precond;eeg_faa_precond;hrv_rmssd_precond;pupil_full_pupil_asymmetry_precond;eeg_tleft_lalpha_power_precond;pupil_full_pupil_mean_precond;eda_pkrate_precond"
2025-12-19 16:20:18.183991,1,"stress_label",10,64,0.03125,0.476744186046512,0.377906976744186,NA,10,"top10","eda_med_precond;hr_sd_precond;hr_med_precond;eeg_tleft_lbeta_power_precond;eeg_faa_precond;hrv_rmssd_precond;pupil_full_pupil_asymmetry_precond;eeg_tleft_lalpha_power_precond;pupil_full_pupil_mean_precond;eda_pkrate_precond"
2025-12-19 16:20:18.45185,1,"stress_label",10,128,0.03125,0.459302325581395,0.441860465116279,NA,10,"top10","eda_med_precond;hr_sd_precond;hr_med_precond;eeg_tleft_lbeta_power_precond;eeg_faa_precond;hrv_rmssd_precond;pupil_full_pupil_asymmetry_precond;eeg_tleft_lalpha_power_precond;pupil_full_pupil_mean_precond;eda_pkrate_precond"
2025-12-19 16:20:18.808354,1,"stress_label",10,256,0.03125,0.5,0.476744186046512,NA,10,"top10","eda_med_precond;hr_sd_precond;hr_med_precond;eeg_tleft_lbeta_power_precond;eeg_faa_precond;hrv_rmssd_precond;pupil_full_pupil_asymmetry_precond;eeg_tleft_lalpha_power_precond;pupil_full_pupil_mean_precond;eda_pkrate_precond"
2025-12-19 16:20:17.957062,1,"stress_label",10,2,0.0625,0.482558139534884,0.465116279069767,NA,10,"top10","eda_med_precond;hr_sd_precond;hr_med_precond;eeg_tleft_lbeta_power_precond;eeg_faa_precond;hrv_rmssd_precond;pupil_full_pupil_asymmetry_precond;eeg_tleft_lalpha_power_precond;pupil_full_pupil_mean_precond;eda_pkrate_precond"
2025-12-19 16:20:18.038231,1,"stress_label",10,4,0.0625,0.482558139534884,0.412790697674419,NA,10,"top10","eda_med_precond;hr_sd_precond;hr_med_precond;eeg_tleft_lbeta_power_precond;eeg_faa_precond;hrv_rmssd_precond;pupil_full_pupil_asymmetry_precond;eeg_tleft_lalpha_power_precond;pupil_full_pupil_mean_precond;eda_pkrate_precond"
2025-12-19 16:20:18.075103,1,"stress_label",10,8,0.0625,0.47093023255814,0.343023255813953,NA,10,"top10","eda_med_precond;hr_sd_precond;hr_med_precond;eeg_tleft_lbeta_power_precond;eeg_faa_precond;hrv_rmssd_precond;pupil_full_pupil_asymmetry_precond;eeg_tleft_lalpha_power_precond;pupil_full_pupil_mean_precond;eda_pkrate_precond"
2025-12-19 16:20:18.372718,1,"stress_label",10,16,0.0625,0.476744186046512,0.424418604651163,NA,10,"top10","eda_med_precond;hr_sd_precond;hr_med_precond;eeg_tleft_lbeta_power_precond;eeg_faa_precond;hrv_rmssd_precond;pupil_full_pupil_asymmetry_precond;eeg_tleft_lalpha_power_precond;pupil_full_pupil_mean_precond;eda_pkrate_precond"
2025-12-19 16:20:19.324399,1,"stress_label",10,32,0.0625,0.482558139534884,0.436046511627907,NA,10,"top10","eda_med_precond;hr_sd_precond;hr_med_precond;eeg_tleft_lbeta_power_precond;eeg_faa_precond;hrv_rmssd_precond;pupil_full_pupil_asymmetry_precond;eeg_tleft_lalpha_power_precond;pupil_full_pupil_mean_precond;eda_pkrate_precond"
2025-12-19 16:20:19.574944,1,"stress_label",10,64,0.0625,0.505813953488372,0.447674418604651,NA,10,"top10","eda_med_precond;hr_sd_precond;hr_med_precond;eeg_tleft_lbeta_power_precond;eeg_faa_precond;hrv_rmssd_precond;pupil_full_pupil_asymmetry_precond;eeg_tleft_lalpha_power_precond;pupil_full_pupil_mean_precond;eda_pkrate_precond"
2025-12-19 16:20:19.696814,1,"stress_label",10,128,0.0625,0.517441860465116,0.424418604651163,NA,10,"top10","eda_med_precond;hr_sd_precond;hr_med_precond;eeg_tleft_lbeta_power_precond;eeg_faa_precond;hrv_rmssd_precond;pupil_full_pupil_asymmetry_precond;eeg_tleft_lalpha_power_precond;pupil_full_pupil_mean_precond;eda_pkrate_precond"
2025-12-19 16:20:19.8149,1,"stress_label",10,256,0.0625,0.511627906976744,0.430232558139535,NA,10,"top10","eda_med_precond;hr_sd_precond;hr_med_precond;eeg_tleft_lbeta_power_precond;eeg_faa_precond;hrv_rmssd_precond;pupil_full_pupil_asymmetry_precond;eeg_tleft_lalpha_power_precond;pupil_full_pupil_mean_precond;eda_pkrate_precond"
2025-12-19 16:20:19.230709,1,"stress_label",10,2,0.125,0.476744186046512,0.395348837209302,NA,10,"top10","eda_med_precond;hr_sd_precond;hr_med_precond;eeg_tleft_lbeta_power_precond;eeg_faa_precond;hrv_rmssd_precond;pupil_full_pupil_asymmetry_precond;eeg_tleft_lalpha_power_precond;pupil_full_pupil_mean_precond;eda_pkrate_precond"
2025-12-19 16:20:19.357401,1,"stress_label",10,4,0.125,0.47093023255814,0.424418604651163,NA,10,"top10","eda_med_precond;hr_sd_precond;hr_med_precond;eeg_tleft_lbeta_power_precond;eeg_faa_precond;hrv_rmssd_precond;pupil_full_pupil_asymmetry_precond;eeg_tleft_lalpha_power_precond;pupil_full_pupil_mean_precond;eda_pkrate_precond"
2025-12-19 16:20:19.448262,1,"stress_label",10,8,0.125,0.511627906976744,0.383720930232558,NA,10,"top10","eda_med_precond;hr_sd_precond;hr_med_precond;eeg_tleft_lbeta_power_precond;eeg_faa_precond;hrv_rmssd_precond;pupil_full_pupil_asymmetry_precond;eeg_tleft_lalpha_power_precond;pupil_full_pupil_mean_precond;eda_pkrate_precond"
2025-12-19 16:20:19.486604,1,"stress_label",10,16,0.125,0.505813953488372,0.366279069767442,0.502325581395349,10,"top10","eda_med_precond;hr_sd_precond;hr_med_precond;eeg_tleft_lbeta_power_precond;eeg_faa_precond;hrv_rmssd_precond;pupil_full_pupil_asymmetry_precond;eeg_tleft_lalpha_power_precond;pupil_full_pupil_mean_precond;eda_pkrate_precond"
2025-12-19 16:20:19.619785,1,"stress_label",10,32,0.125,0.517441860465116,0.401162790697674,0.509302325581395,10,"top10","eda_med_precond;hr_sd_precond;hr_med_precond;eeg_tleft_lbeta_power_precond;eeg_faa_precond;hrv_rmssd_precond;pupil_full_pupil_asymmetry_precond;eeg_tleft_lalpha_power_precond;pupil_full_pupil_mean_precond;eda_pkrate_precond"
2025-12-19 16:20:19.677857,1,"stress_label",10,64,0.125,0.517441860465116,0.459302325581395,0.509302325581395,10,"top10","eda_med_precond;hr_sd_precond;hr_med_precond;eeg_tleft_lbeta_power_precond;eeg_faa_precond;hrv_rmssd_precond;pupil_full_pupil_asymmetry_precond;eeg_tleft_lalpha_power_precond;pupil_full_pupil_mean_precond;eda_pkrate_precond"
2025-12-19 16:20:19.86272,1,"stress_label",10,128,0.125,0.517441860465116,0.296511627906977,0.509302325581395,10,"top10","eda_med_precond;hr_sd_precond;hr_med_precond;eeg_tleft_lbeta_power_precond;eeg_faa_precond;hrv_rmssd_precond;pupil_full_pupil_asymmetry_precond;eeg_tleft_lalpha_power_precond;pupil_full_pupil_mean_precond;eda_pkrate_precond"
2025-12-19 16:20:19.924318,1,"stress_label",10,256,0.125,0.517441860465116,0.296511627906977,0.509302325581395,10,"top10","eda_med_precond;hr_sd_precond;hr_med_precond;eeg_tleft_lbeta_power_precond;eeg_faa_precond;hrv_rmssd_precond;pupil_full_pupil_asymmetry_precond;eeg_tleft_lalpha_power_precond;pupil_full_pupil_mean_precond;eda_pkrate_precond"
2025-12-19 16:20:19.768922,1,"stress_label",10,2,0.03,0.540697674418605,0.511627906976744,0.503100775193798,10,"top10","eda_med_precond;hr_sd_precond;hr_med_precond;eeg_tleft_lbeta_power_precond;eeg_faa_precond;hrv_rmssd_precond;pupil_full_pupil_asymmetry_precond;eeg_tleft_lalpha_power_precond;pupil_full_pupil_mean_precond;eda_pkrate_precond"
2025-12-19 16:20:20.081867,1,"stress_label",10,4,0.03,0.511627906976744,0.529069767441861,0.475193798449612,10,"top10","eda_med_precond;hr_sd_precond;hr_med_precond;eeg_tleft_lbeta_power_precond;eeg_faa_precond;hrv_rmssd_precond;pupil_full_pupil_asymmetry_precond;eeg_tleft_lalpha_power_precond;pupil_full_pupil_mean_precond;eda_pkrate_precond"
2025-12-19 16:20:20.455006,1,"stress_label",10,8,0.03,0.505813953488372,0.534883720930233,NA,10,"top10","eda_med_precond;hr_sd_precond;hr_med_precond;eeg_tleft_lbeta_power_precond;eeg_faa_precond;hrv_rmssd_precond;pupil_full_pupil_asymmetry_precond;eeg_tleft_lalpha_power_precond;pupil_full_pupil_mean_precond;eda_pkrate_precond"
2025-12-19 16:20:20.604308,1,"stress_label",10,16,0.03,0.47093023255814,0.523255813953488,NA,10,"top10","eda_med_precond;hr_sd_precond;hr_med_precond;eeg_tleft_lbeta_power_precond;eeg_faa_precond;hrv_rmssd_precond;pupil_full_pupil_asymmetry_precond;eeg_tleft_lalpha_power_precond;pupil_full_pupil_mean_precond;eda_pkrate_precond"
2025-12-19 16:20:20.7248,1,"stress_label",10,32,0.03,0.465116279069767,0.436046511627907,NA,10,"top10","eda_med_precond;hr_sd_precond;hr_med_precond;eeg_tleft_lbeta_power_precond;eeg_faa_precond;hrv_rmssd_precond;pupil_full_pupil_asymmetry_precond;eeg_tleft_lalpha_power_precond;pupil_full_pupil_mean_precond;eda_pkrate_precond"
2025-12-19 16:20:20.931335,1,"stress_label",10,64,0.03,0.47093023255814,0.366279069767442,NA,10,"top10","eda_med_precond;hr_sd_precond;hr_med_precond;eeg_tleft_lbeta_power_precond;eeg_faa_precond;hrv_rmssd_precond;pupil_full_pupil_asymmetry_precond;eeg_tleft_lalpha_power_precond;pupil_full_pupil_mean_precond;eda_pkrate_precond"
2025-12-19 16:20:21.229056,1,"stress_label",10,128,0.03,0.47093023255814,0.476744186046512,NA,10,"top10","eda_med_precond;hr_sd_precond;hr_med_precond;eeg_tleft_lbeta_power_precond;eeg_faa_precond;hrv_rmssd_precond;pupil_full_pupil_asymmetry_precond;eeg_tleft_lalpha_power_precond;pupil_full_pupil_mean_precond;eda_pkrate_precond"
2025-12-19 16:20:21.611414,1,"stress_label",10,256,0.03,0.5,0.459302325581395,NA,10,"top10","eda_med_precond;hr_sd_precond;hr_med_precond;eeg_tleft_lbeta_power_precond;eeg_faa_precond;hrv_rmssd_precond;pupil_full_pupil_asymmetry_precond;eeg_tleft_lalpha_power_precond;pupil_full_pupil_mean_precond;eda_pkrate_precond"
2025-12-19 16:20:20.845094,1,"stress_label",10,2,0.06,0.488372093023256,0.395348837209302,NA,10,"top10","eda_med_precond;hr_sd_precond;hr_med_precond;eeg_tleft_lbeta_power_precond;eeg_faa_precond;hrv_rmssd_precond;pupil_full_pupil_asymmetry_precond;eeg_tleft_lalpha_power_precond;pupil_full_pupil_mean_precond;eda_pkrate_precond"
2025-12-19 16:20:20.89569,1,"stress_label",10,4,0.06,0.488372093023256,0.395348837209302,NA,10,"top10","eda_med_precond;hr_sd_precond;hr_med_precond;eeg_tleft_lbeta_power_precond;eeg_faa_precond;hrv_rmssd_precond;pupil_full_pupil_asymmetry_precond;eeg_tleft_lalpha_power_precond;pupil_full_pupil_mean_precond;eda_pkrate_precond"
2025-12-19 16:20:20.960855,1,"stress_label",10,8,0.06,0.47093023255814,0.447674418604651,NA,10,"top10","eda_med_precond;hr_sd_precond;hr_med_precond;eeg_tleft_lbeta_power_precond;eeg_faa_precond;hrv_rmssd_precond;pupil_full_pupil_asymmetry_precond;eeg_tleft_lalpha_power_precond;pupil_full_pupil_mean_precond;eda_pkrate_precond"
2025-12-19 16:20:21.088677,1,"stress_label",10,16,0.06,0.47093023255814,0.447674418604651,NA,10,"top10","eda_med_precond;hr_sd_precond;hr_med_precond;eeg_tleft_lbeta_power_precond;eeg_faa_precond;hrv_rmssd_precond;pupil_full_pupil_asymmetry_precond;eeg_tleft_lalpha_power_precond;pupil_full_pupil_mean_precond;eda_pkrate_precond"
2025-12-19 16:20:21.233086,1,"stress_label",10,32,0.06,0.476744186046512,0.354651162790698,NA,10,"top10","eda_med_precond;hr_sd_precond;hr_med_precond;eeg_tleft_lbeta_power_precond;eeg_faa_precond;hrv_rmssd_precond;pupil_full_pupil_asymmetry_precond;eeg_tleft_lalpha_power_precond;pupil_full_pupil_mean_precond;eda_pkrate_precond"
2025-12-19 16:20:21.431662,1,"stress_label",10,64,0.06,0.511627906976744,0.465116279069767,NA,10,"top10","eda_med_precond;hr_sd_precond;hr_med_precond;eeg_tleft_lbeta_power_precond;eeg_faa_precond;hrv_rmssd_precond;pupil_full_pupil_asymmetry_precond;eeg_tleft_lalpha_power_precond;pupil_full_pupil_mean_precond;eda_pkrate_precond"
2025-12-19 16:20:21.626016,1,"stress_label",10,128,0.06,0.517441860465116,0.47093023255814,NA,10,"top10","eda_med_precond;hr_sd_precond;hr_med_precond;eeg_tleft_lbeta_power_precond;eeg_faa_precond;hrv_rmssd_precond;pupil_full_pupil_asymmetry_precond;eeg_tleft_lalpha_power_precond;pupil_full_pupil_mean_precond;eda_pkrate_precond"
2025-12-19 16:20:21.773268,1,"stress_label",10,256,0.06,0.511627906976744,0.377906976744186,NA,10,"top10","eda_med_precond;hr_sd_precond;hr_med_precond;eeg_tleft_lbeta_power_precond;eeg_faa_precond;hrv_rmssd_precond;pupil_full_pupil_asymmetry_precond;eeg_tleft_lalpha_power_precond;pupil_full_pupil_mean_precond;eda_pkrate_precond"
2025-12-19 16:20:21.607317,1,"stress_label",10,2,0.1,0.453488372093023,0.38953488372093,NA,10,"top10","eda_med_precond;hr_sd_precond;hr_med_precond;eeg_tleft_lbeta_power_precond;eeg_faa_precond;hrv_rmssd_precond;pupil_full_pupil_asymmetry_precond;eeg_tleft_lalpha_power_precond;pupil_full_pupil_mean_precond;eda_pkrate_precond"
2025-12-19 16:20:21.76822,1,"stress_label",10,4,0.1,0.476744186046512,0.488372093023256,NA,10,"top10","eda_med_precond;hr_sd_precond;hr_med_precond;eeg_tleft_lbeta_power_precond;eeg_faa_precond;hrv_rmssd_precond;pupil_full_pupil_asymmetry_precond;eeg_tleft_lalpha_power_precond;pupil_full_pupil_mean_precond;eda_pkrate_precond"
2025-12-19 16:20:21.898583,1,"stress_label",10,8,0.1,0.476744186046512,0.348837209302326,NA,10,"top10","eda_med_precond;hr_sd_precond;hr_med_precond;eeg_tleft_lbeta_power_precond;eeg_faa_precond;hrv_rmssd_precond;pupil_full_pupil_asymmetry_precond;eeg_tleft_lalpha_power_precond;pupil_full_pupil_mean_precond;eda_pkrate_precond"
2025-12-19 16:20:22.013962,1,"stress_label",10,16,0.1,0.494186046511628,0.482558139534884,NA,10,"top10","eda_med_precond;hr_sd_precond;hr_med_precond;eeg_tleft_lbeta_power_precond;eeg_faa_precond;hrv_rmssd_precond;pupil_full_pupil_asymmetry_precond;eeg_tleft_lalpha_power_precond;pupil_full_pupil_mean_precond;eda_pkrate_precond"
2025-12-19 16:20:22.089355,1,"stress_label",10,32,0.1,0.517441860465116,0.337209302325581,NA,10,"top10","eda_med_precond;hr_sd_precond;hr_med_precond;eeg_tleft_lbeta_power_precond;eeg_faa_precond;hrv_rmssd_precond;pupil_full_pupil_asymmetry_precond;eeg_tleft_lalpha_power_precond;pupil_full_pupil_mean_precond;eda_pkrate_precond"
2025-12-19 16:20:22.163955,1,"stress_label",10,64,0.1,0.523255813953488,0.331395348837209,NA,10,"top10","eda_med_precond;hr_sd_precond;hr_med_precond;eeg_tleft_lbeta_power_precond;eeg_faa_precond;hrv_rmssd_precond;pupil_full_pupil_asymmetry_precond;eeg_tleft_lalpha_power_precond;pupil_full_pupil_mean_precond;eda_pkrate_precond"
2025-12-19 16:20:22.143655,1,"stress_label",10,128,0.1,0.523255813953488,0.401162790697674,NA,10,"top10","eda_med_precond;hr_sd_precond;hr_med_precond;eeg_tleft_lbeta_power_precond;eeg_faa_precond;hrv_rmssd_precond;pupil_full_pupil_asymmetry_precond;eeg_tleft_lalpha_power_precond;pupil_full_pupil_mean_precond;eda_pkrate_precond"
2025-12-19 16:20:22.245458,1,"stress_label",10,256,0.1,0.523255813953488,0.38953488372093,NA,10,"top10","eda_med_precond;hr_sd_precond;hr_med_precond;eeg_tleft_lbeta_power_precond;eeg_faa_precond;hrv_rmssd_precond;pupil_full_pupil_asymmetry_precond;eeg_tleft_lalpha_power_precond;pupil_full_pupil_mean_precond;eda_pkrate_precond"
2025-12-19 16:20:23.694073,3,"stress_label",10,2,0.0078125,0.575581395348837,0.587209302325581,0.572093023255814,10,"top10","hr_sd_precond;eeg_fm_lbeta_power_precond;hr_med_precond;eda_med_precond;hrv_rmssd_precond;eeg_fm_specent_precond;eda_pkrate_precond;eeg_faa_precond;eda_peakarea_precond;pupil_full_pupil_asymmetry_precond"
2025-12-19 16:20:23.652114,3,"stress_label",10,4,0.0078125,0.558139534883721,0.627906976744186,0.544186046511628,10,"top10","hr_sd_precond;eeg_fm_lbeta_power_precond;hr_med_precond;eda_med_precond;hrv_rmssd_precond;eeg_fm_specent_precond;eda_pkrate_precond;eeg_faa_precond;eda_peakarea_precond;pupil_full_pupil_asymmetry_precond"
2025-12-19 16:20:23.701358,3,"stress_label",10,8,0.0078125,0.546511627906977,0.604651162790698,NA,10,"top10","hr_sd_precond;eeg_fm_lbeta_power_precond;hr_med_precond;eda_med_precond;hrv_rmssd_precond;eeg_fm_specent_precond;eda_pkrate_precond;eeg_faa_precond;eda_peakarea_precond;pupil_full_pupil_asymmetry_precond"
2025-12-19 16:20:23.706763,3,"stress_label",10,16,0.0078125,0.546511627906977,0.563953488372093,0.529457364341085,10,"top10","hr_sd_precond;eeg_fm_lbeta_power_precond;hr_med_precond;eda_med_precond;hrv_rmssd_precond;eeg_fm_specent_precond;eda_pkrate_precond;eeg_faa_precond;eda_peakarea_precond;pupil_full_pupil_asymmetry_precond"
2025-12-19 16:20:23.715532,3,"stress_label",10,32,0.0078125,0.558139534883721,0.546511627906977,NA,10,"top10","hr_sd_precond;eeg_fm_lbeta_power_precond;hr_med_precond;eda_med_precond;hrv_rmssd_precond;eeg_fm_specent_precond;eda_pkrate_precond;eeg_faa_precond;eda_peakarea_precond;pupil_full_pupil_asymmetry_precond"
2025-12-19 16:20:23.727975,3,"stress_label",10,64,0.0078125,0.558139534883721,0.558139534883721,0.529457364341085,10,"top10","hr_sd_precond;eeg_fm_lbeta_power_precond;hr_med_precond;eda_med_precond;hrv_rmssd_precond;eeg_fm_specent_precond;eda_pkrate_precond;eeg_faa_precond;eda_peakarea_precond;pupil_full_pupil_asymmetry_precond"
2025-12-19 16:20:23.846883,3,"stress_label",10,128,0.0078125,0.558139534883721,0.540697674418605,NA,10,"top10","hr_sd_precond;eeg_fm_lbeta_power_precond;hr_med_precond;eda_med_precond;hrv_rmssd_precond;eeg_fm_specent_precond;eda_pkrate_precond;eeg_faa_precond;eda_peakarea_precond;pupil_full_pupil_asymmetry_precond"
2025-12-19 16:20:23.990275,3,"stress_label",10,256,0.0078125,0.523255813953488,0.558139534883721,NA,10,"top10","hr_sd_precond;eeg_fm_lbeta_power_precond;hr_med_precond;eda_med_precond;hrv_rmssd_precond;eeg_fm_specent_precond;eda_pkrate_precond;eeg_faa_precond;eda_peakarea_precond;pupil_full_pupil_asymmetry_precond"
2025-12-19 16:20:23.715462,3,"stress_label",10,2,0.015625,0.563953488372093,0.627906976744186,NA,10,"top10","hr_sd_precond;eeg_fm_lbeta_power_precond;hr_med_precond;eda_med_precond;hrv_rmssd_precond;eeg_fm_specent_precond;eda_pkrate_precond;eeg_faa_precond;eda_peakarea_precond;pupil_full_pupil_asymmetry_precond"
2025-12-19 16:20:23.732548,3,"stress_label",10,4,0.015625,0.546511627906977,0.575581395348837,NA,10,"top10","hr_sd_precond;eeg_fm_lbeta_power_precond;hr_med_precond;eda_med_precond;hrv_rmssd_precond;eeg_fm_specent_precond;eda_pkrate_precond;eeg_faa_precond;eda_peakarea_precond;pupil_full_pupil_asymmetry_precond"
2025-12-19 16:20:23.687806,3,"stress_label",10,8,0.015625,0.558139534883721,0.563953488372093,0.533333333333333,10,"top10","hr_sd_precond;eeg_fm_lbeta_power_precond;hr_med_precond;eda_med_precond;hrv_rmssd_precond;eeg_fm_specent_precond;eda_pkrate_precond;eeg_faa_precond;eda_peakarea_precond;pupil_full_pupil_asymmetry_precond"
2025-12-19 16:20:23.748902,3,"stress_label",10,16,0.015625,0.575581395348837,0.558139534883721,NA,10,"top10","hr_sd_precond;eeg_fm_lbeta_power_precond;hr_med_precond;eda_med_precond;hrv_rmssd_precond;eeg_fm_specent_precond;eda_pkrate_precond;eeg_faa_precond;eda_peakarea_precond;pupil_full_pupil_asymmetry_precond"
2025-12-19 16:20:23.753837,3,"stress_label",10,32,0.015625,0.563953488372093,0.529069767441861,NA,10,"top10","hr_sd_precond;eeg_fm_lbeta_power_precond;hr_med_precond;eda_med_precond;hrv_rmssd_precond;eeg_fm_specent_precond;eda_pkrate_precond;eeg_faa_precond;eda_peakarea_precond;pupil_full_pupil_asymmetry_precond"
2025-12-19 16:20:23.84315,3,"stress_label",10,64,0.015625,0.523255813953488,0.529069767441861,NA,10,"top10","hr_sd_precond;eeg_fm_lbeta_power_precond;hr_med_precond;eda_med_precond;hrv_rmssd_precond;eeg_fm_specent_precond;eda_pkrate_precond;eeg_faa_precond;eda_peakarea_precond;pupil_full_pupil_asymmetry_precond"
2025-12-19 16:20:25.181222,3,"stress_label",10,128,0.015625,0.511627906976744,0.511627906976744,NA,10,"top10","hr_sd_precond;eeg_fm_lbeta_power_precond;hr_med_precond;eda_med_precond;hrv_rmssd_precond;eeg_fm_specent_precond;eda_pkrate_precond;eeg_faa_precond;eda_peakarea_precond;pupil_full_pupil_asymmetry_precond"
2025-12-19 16:20:25.462783,3,"stress_label",10,256,0.015625,0.546511627906977,0.523255813953488,NA,10,"top10","hr_sd_precond;eeg_fm_lbeta_power_precond;hr_med_precond;eda_med_precond;hrv_rmssd_precond;eeg_fm_specent_precond;eda_pkrate_precond;eeg_faa_precond;eda_peakarea_precond;pupil_full_pupil_asymmetry_precond"
2025-12-19 16:20:24.928342,3,"stress_label",10,2,0.03125,0.552325581395349,0.581395348837209,NA,10,"top10","hr_sd_precond;eeg_fm_lbeta_power_precond;hr_med_precond;eda_med_precond;hrv_rmssd_precond;eeg_fm_specent_precond;eda_pkrate_precond;eeg_faa_precond;eda_peakarea_precond;pupil_full_pupil_asymmetry_precond"
2025-12-19 16:20:24.910381,3,"stress_label",10,4,0.03125,0.552325581395349,0.558139534883721,0.513953488372093,10,"top10","hr_sd_precond;eeg_fm_lbeta_power_precond;hr_med_precond;eda_med_precond;hrv_rmssd_precond;eeg_fm_specent_precond;eda_pkrate_precond;eeg_faa_precond;eda_peakarea_precond;pupil_full_pupil_asymmetry_precond"
2025-12-19 16:20:24.96435,3,"stress_label",10,8,0.03125,0.558139534883721,0.529069767441861,NA,10,"top10","hr_sd_precond;eeg_fm_lbeta_power_precond;hr_med_precond;eda_med_precond;hrv_rmssd_precond;eeg_fm_specent_precond;eda_pkrate_precond;eeg_faa_precond;eda_peakarea_precond;pupil_full_pupil_asymmetry_precond"
2025-12-19 16:20:24.997577,3,"stress_label",10,16,0.03125,0.540697674418605,0.540697674418605,NA,10,"top10","hr_sd_precond;eeg_fm_lbeta_power_precond;hr_med_precond;eda_med_precond;hrv_rmssd_precond;eeg_fm_specent_precond;eda_pkrate_precond;eeg_faa_precond;eda_peakarea_precond;pupil_full_pupil_asymmetry_precond"
2025-12-19 16:20:25.048439,3,"stress_label",10,32,0.03125,0.511627906976744,0.517441860465116,NA,10,"top10","hr_sd_precond;eeg_fm_lbeta_power_precond;hr_med_precond;eda_med_precond;hrv_rmssd_precond;eeg_fm_specent_precond;eda_pkrate_precond;eeg_faa_precond;eda_peakarea_precond;pupil_full_pupil_asymmetry_precond"
2025-12-19 16:20:25.201321,3,"stress_label",10,64,0.03125,0.546511627906977,0.529069767441861,NA,10,"top10","hr_sd_precond;eeg_fm_lbeta_power_precond;hr_med_precond;eda_med_precond;hrv_rmssd_precond;eeg_fm_specent_precond;eda_pkrate_precond;eeg_faa_precond;eda_peakarea_precond;pupil_full_pupil_asymmetry_precond"
2025-12-19 16:20:25.465052,3,"stress_label",10,128,0.03125,0.546511627906977,0.529069767441861,NA,10,"top10","hr_sd_precond;eeg_fm_lbeta_power_precond;hr_med_precond;eda_med_precond;hrv_rmssd_precond;eeg_fm_specent_precond;eda_pkrate_precond;eeg_faa_precond;eda_peakarea_precond;pupil_full_pupil_asymmetry_precond"
2025-12-19 16:20:25.832302,3,"stress_label",10,256,0.03125,0.534883720930233,0.517441860465116,0.524031007751938,10,"top10","hr_sd_precond;eeg_fm_lbeta_power_precond;hr_med_precond;eda_med_precond;hrv_rmssd_precond;eeg_fm_specent_precond;eda_pkrate_precond;eeg_faa_precond;eda_peakarea_precond;pupil_full_pupil_asymmetry_precond"
2025-12-19 16:20:24.989804,3,"stress_label",10,2,0.0625,0.563953488372093,0.529069767441861,NA,10,"top10","hr_sd_precond;eeg_fm_lbeta_power_precond;hr_med_precond;eda_med_precond;hrv_rmssd_precond;eeg_fm_specent_precond;eda_pkrate_precond;eeg_faa_precond;eda_peakarea_precond;pupil_full_pupil_asymmetry_precond"
2025-12-19 16:20:25.11032,3,"stress_label",10,4,0.0625,0.546511627906977,0.563953488372093,NA,10,"top10","hr_sd_precond;eeg_fm_lbeta_power_precond;hr_med_precond;eda_med_precond;hrv_rmssd_precond;eeg_fm_specent_precond;eda_pkrate_precond;eeg_faa_precond;eda_peakarea_precond;pupil_full_pupil_asymmetry_precond"
2025-12-19 16:20:25.083529,3,"stress_label",10,8,0.0625,0.494186046511628,0.517441860465116,NA,10,"top10","hr_sd_precond;eeg_fm_lbeta_power_precond;hr_med_precond;eda_med_precond;hrv_rmssd_precond;eeg_fm_specent_precond;eda_pkrate_precond;eeg_faa_precond;eda_peakarea_precond;pupil_full_pupil_asymmetry_precond"
2025-12-19 16:20:25.329223,3,"stress_label",10,16,0.0625,0.534883720930233,0.546511627906977,NA,10,"top10","hr_sd_precond;eeg_fm_lbeta_power_precond;hr_med_precond;eda_med_precond;hrv_rmssd_precond;eeg_fm_specent_precond;eda_pkrate_precond;eeg_faa_precond;eda_peakarea_precond;pupil_full_pupil_asymmetry_precond"
2025-12-19 16:20:26.373647,3,"stress_label",10,32,0.0625,0.546511627906977,0.563953488372093,0.533333333333333,10,"top10","hr_sd_precond;eeg_fm_lbeta_power_precond;hr_med_precond;eda_med_precond;hrv_rmssd_precond;eeg_fm_specent_precond;eda_pkrate_precond;eeg_faa_precond;eda_peakarea_precond;pupil_full_pupil_asymmetry_precond"
2025-12-19 16:20:26.490896,3,"stress_label",10,64,0.0625,0.552325581395349,0.546511627906977,0.555038759689922,10,"top10","hr_sd_precond;eeg_fm_lbeta_power_precond;hr_med_precond;eda_med_precond;hrv_rmssd_precond;eeg_fm_specent_precond;eda_pkrate_precond;eeg_faa_precond;eda_peakarea_precond;pupil_full_pupil_asymmetry_precond"
2025-12-19 16:20:26.603715,3,"stress_label",10,128,0.0625,0.593023255813954,0.587209302325581,0.593023255813954,10,"top10","hr_sd_precond;eeg_fm_lbeta_power_precond;hr_med_precond;eda_med_precond;hrv_rmssd_precond;eeg_fm_specent_precond;eda_pkrate_precond;eeg_faa_precond;eda_peakarea_precond;pupil_full_pupil_asymmetry_precond"
2025-12-19 16:20:26.690332,3,"stress_label",10,256,0.0625,0.569767441860465,0.598837209302326,NA,10,"top10","hr_sd_precond;eeg_fm_lbeta_power_precond;hr_med_precond;eda_med_precond;hrv_rmssd_precond;eeg_fm_specent_precond;eda_pkrate_precond;eeg_faa_precond;eda_peakarea_precond;pupil_full_pupil_asymmetry_precond"
2025-12-19 16:20:26.198205,3,"stress_label",10,2,0.125,0.517441860465116,0.523255813953488,NA,10,"top10","hr_sd_precond;eeg_fm_lbeta_power_precond;hr_med_precond;eda_med_precond;hrv_rmssd_precond;eeg_fm_specent_precond;eda_pkrate_precond;eeg_faa_precond;eda_peakarea_precond;pupil_full_pupil_asymmetry_precond"
2025-12-19 16:20:26.264758,3,"stress_label",10,4,0.125,0.5,0.505813953488372,0.486821705426357,10,"top10","hr_sd_precond;eeg_fm_lbeta_power_precond;hr_med_precond;eda_med_precond;hrv_rmssd_precond;eeg_fm_specent_precond;eda_pkrate_precond;eeg_faa_precond;eda_peakarea_precond;pupil_full_pupil_asymmetry_precond"
2025-12-19 16:20:26.372729,3,"stress_label",10,8,0.125,0.534883720930233,0.558139534883721,0.541860465116279,10,"top10","hr_sd_precond;eeg_fm_lbeta_power_precond;hr_med_precond;eda_med_precond;hrv_rmssd_precond;eeg_fm_specent_precond;eda_pkrate_precond;eeg_faa_precond;eda_peakarea_precond;pupil_full_pupil_asymmetry_precond"
2025-12-19 16:20:26.463771,3,"stress_label",10,16,0.125,0.540697674418605,0.563953488372093,0.553488372093023,10,"top10","hr_sd_precond;eeg_fm_lbeta_power_precond;hr_med_precond;eda_med_precond;hrv_rmssd_precond;eeg_fm_specent_precond;eda_pkrate_precond;eeg_faa_precond;eda_peakarea_precond;pupil_full_pupil_asymmetry_precond"
2025-12-19 16:20:26.578373,3,"stress_label",10,32,0.125,0.563953488372093,0.593023255813954,0.567441860465116,10,"top10","hr_sd_precond;eeg_fm_lbeta_power_precond;hr_med_precond;eda_med_precond;hrv_rmssd_precond;eeg_fm_specent_precond;eda_pkrate_precond;eeg_faa_precond;eda_peakarea_precond;pupil_full_pupil_asymmetry_precond"
2025-12-19 16:20:26.610213,3,"stress_label",10,64,0.125,0.558139534883721,0.563953488372093,0.561240310077519,10,"top10","hr_sd_precond;eeg_fm_lbeta_power_precond;hr_med_precond;eda_med_precond;hrv_rmssd_precond;eeg_fm_specent_precond;eda_pkrate_precond;eeg_faa_precond;eda_peakarea_precond;pupil_full_pupil_asymmetry_precond"
2025-12-19 16:20:26.734494,3,"stress_label",10,128,0.125,0.558139534883721,0.563953488372093,0.561240310077519,10,"top10","hr_sd_precond;eeg_fm_lbeta_power_precond;hr_med_precond;eda_med_precond;hrv_rmssd_precond;eeg_fm_specent_precond;eda_pkrate_precond;eeg_faa_precond;eda_peakarea_precond;pupil_full_pupil_asymmetry_precond"
2025-12-19 16:20:26.871244,3,"stress_label",10,256,0.125,0.558139534883721,0.563953488372093,0.561240310077519,10,"top10","hr_sd_precond;eeg_fm_lbeta_power_precond;hr_med_precond;eda_med_precond;hrv_rmssd_precond;eeg_fm_specent_precond;eda_pkrate_precond;eeg_faa_precond;eda_peakarea_precond;pupil_full_pupil_asymmetry_precond"
2025-12-19 16:20:26.658472,3,"stress_label",10,2,0.03,0.558139534883721,0.587209302325581,NA,10,"top10","hr_sd_precond;eeg_fm_lbeta_power_precond;hr_med_precond;eda_med_precond;hrv_rmssd_precond;eeg_fm_specent_precond;eda_pkrate_precond;eeg_faa_precond;eda_peakarea_precond;pupil_full_pupil_asymmetry_precond"
2025-12-19 16:20:27.018033,3,"stress_label",10,4,0.03,0.546511627906977,0.569767441860465,0.51937984496124,10,"top10","hr_sd_precond;eeg_fm_lbeta_power_precond;hr_med_precond;eda_med_precond;hrv_rmssd_precond;eeg_fm_specent_precond;eda_pkrate_precond;eeg_faa_precond;eda_peakarea_precond;pupil_full_pupil_asymmetry_precond"
2025-12-19 16:20:27.605371,3,"stress_label",10,8,0.03,0.563953488372093,0.540697674418605,NA,10,"top10","hr_sd_precond;eeg_fm_lbeta_power_precond;hr_med_precond;eda_med_precond;hrv_rmssd_precond;eeg_fm_specent_precond;eda_pkrate_precond;eeg_faa_precond;eda_peakarea_precond;pupil_full_pupil_asymmetry_precond"
2025-12-19 16:20:27.525544,3,"stress_label",10,16,0.03,0.540697674418605,0.546511627906977,NA,10,"top10","hr_sd_precond;eeg_fm_lbeta_power_precond;hr_med_precond;eda_med_precond;hrv_rmssd_precond;eeg_fm_specent_precond;eda_pkrate_precond;eeg_faa_precond;eda_peakarea_precond;pupil_full_pupil_asymmetry_precond"
2025-12-19 16:20:27.908609,3,"stress_label",10,32,0.03,0.5,0.529069767441861,NA,10,"top10","hr_sd_precond;eeg_fm_lbeta_power_precond;hr_med_precond;eda_med_precond;hrv_rmssd_precond;eeg_fm_specent_precond;eda_pkrate_precond;eeg_faa_precond;eda_peakarea_precond;pupil_full_pupil_asymmetry_precond"
2025-12-19 16:20:28.078035,3,"stress_label",10,64,0.03,0.546511627906977,0.505813953488372,NA,10,"top10","hr_sd_precond;eeg_fm_lbeta_power_precond;hr_med_precond;eda_med_precond;hrv_rmssd_precond;eeg_fm_specent_precond;eda_pkrate_precond;eeg_faa_precond;eda_peakarea_precond;pupil_full_pupil_asymmetry_precond"
2025-12-19 16:20:28.188413,3,"stress_label",10,128,0.03,0.534883720930233,0.482558139534884,NA,10,"top10","hr_sd_precond;eeg_fm_lbeta_power_precond;hr_med_precond;eda_med_precond;hrv_rmssd_precond;eeg_fm_specent_precond;eda_pkrate_precond;eeg_faa_precond;eda_peakarea_precond;pupil_full_pupil_asymmetry_precond"
2025-12-19 16:20:28.766397,3,"stress_label",10,256,0.03,0.546511627906977,0.529069767441861,0.527906976744186,10,"top10","hr_sd_precond;eeg_fm_lbeta_power_precond;hr_med_precond;eda_med_precond;hrv_rmssd_precond;eeg_fm_specent_precond;eda_pkrate_precond;eeg_faa_precond;eda_peakarea_precond;pupil_full_pupil_asymmetry_precond"
2025-12-19 16:20:27.848274,3,"stress_label",10,2,0.06,0.558139534883721,0.540697674418605,NA,10,"top10","hr_sd_precond;eeg_fm_lbeta_power_precond;hr_med_precond;eda_med_precond;hrv_rmssd_precond;eeg_fm_specent_precond;eda_pkrate_precond;eeg_faa_precond;eda_peakarea_precond;pupil_full_pupil_asymmetry_precond"
2025-12-19 16:20:28.099276,3,"stress_label",10,4,0.06,0.546511627906977,0.546511627906977,NA,10,"top10","hr_sd_precond;eeg_fm_lbeta_power_precond;hr_med_precond;eda_med_precond;hrv_rmssd_precond;eeg_fm_specent_precond;eda_pkrate_precond;eeg_faa_precond;eda_peakarea_precond;pupil_full_pupil_asymmetry_precond"
2025-12-19 16:20:28.085211,3,"stress_label",10,8,0.06,0.5,0.517441860465116,NA,10,"top10","hr_sd_precond;eeg_fm_lbeta_power_precond;hr_med_precond;eda_med_precond;hrv_rmssd_precond;eeg_fm_specent_precond;eda_pkrate_precond;eeg_faa_precond;eda_peakarea_precond;pupil_full_pupil_asymmetry_precond"
2025-12-19 16:20:28.023664,3,"stress_label",10,16,0.06,0.529069767441861,0.540697674418605,NA,10,"top10","hr_sd_precond;eeg_fm_lbeta_power_precond;hr_med_precond;eda_med_precond;hrv_rmssd_precond;eeg_fm_specent_precond;eda_pkrate_precond;eeg_faa_precond;eda_peakarea_precond;pupil_full_pupil_asymmetry_precond"
2025-12-19 16:20:28.170937,3,"stress_label",10,32,0.06,0.534883720930233,0.529069767441861,0.523255813953488,10,"top10","hr_sd_precond;eeg_fm_lbeta_power_precond;hr_med_precond;eda_med_precond;hrv_rmssd_precond;eeg_fm_specent_precond;eda_pkrate_precond;eeg_faa_precond;eda_peakarea_precond;pupil_full_pupil_asymmetry_precond"
2025-12-19 16:20:28.329878,3,"stress_label",10,64,0.06,0.546511627906977,0.534883720930233,0.543410852713178,10,"top10","hr_sd_precond;eeg_fm_lbeta_power_precond;hr_med_precond;eda_med_precond;hrv_rmssd_precond;eeg_fm_specent_precond;eda_pkrate_precond;eeg_faa_precond;eda_peakarea_precond;pupil_full_pupil_asymmetry_precond"
2025-12-19 16:20:28.737297,3,"stress_label",10,128,0.06,0.593023255813954,0.575581395348837,0.593023255813954,10,"top10","hr_sd_precond;eeg_fm_lbeta_power_precond;hr_med_precond;eda_med_precond;hrv_rmssd_precond;eeg_fm_specent_precond;eda_pkrate_precond;eeg_faa_precond;eda_peakarea_precond;pupil_full_pupil_asymmetry_precond"
2025-12-19 16:20:28.897483,3,"stress_label",10,256,0.06,0.575581395348837,0.598837209302326,NA,10,"top10","hr_sd_precond;eeg_fm_lbeta_power_precond;hr_med_precond;eda_med_precond;hrv_rmssd_precond;eeg_fm_specent_precond;eda_pkrate_precond;eeg_faa_precond;eda_peakarea_precond;pupil_full_pupil_asymmetry_precond"
2025-12-19 16:20:28.862608,3,"stress_label",10,2,0.1,0.534883720930233,0.517441860465116,NA,10,"top10","hr_sd_precond;eeg_fm_lbeta_power_precond;hr_med_precond;eda_med_precond;hrv_rmssd_precond;eeg_fm_specent_precond;eda_pkrate_precond;eeg_faa_precond;eda_peakarea_precond;pupil_full_pupil_asymmetry_precond"
2025-12-19 16:20:28.716316,3,"stress_label",10,4,0.1,0.5,0.505813953488372,NA,10,"top10","hr_sd_precond;eeg_fm_lbeta_power_precond;hr_med_precond;eda_med_precond;hrv_rmssd_precond;eeg_fm_specent_precond;eda_pkrate_precond;eeg_faa_precond;eda_peakarea_precond;pupil_full_pupil_asymmetry_precond"
2025-12-19 16:20:29.118468,3,"stress_label",10,8,0.1,0.529069767441861,0.540697674418605,NA,10,"top10","hr_sd_precond;eeg_fm_lbeta_power_precond;hr_med_precond;eda_med_precond;hrv_rmssd_precond;eeg_fm_specent_precond;eda_pkrate_precond;eeg_faa_precond;eda_peakarea_precond;pupil_full_pupil_asymmetry_precond"
2025-12-19 16:20:29.02263,3,"stress_label",10,16,0.1,0.546511627906977,0.546511627906977,0.543410852713178,10,"top10","hr_sd_precond;eeg_fm_lbeta_power_precond;hr_med_precond;eda_med_precond;hrv_rmssd_precond;eeg_fm_specent_precond;eda_pkrate_precond;eeg_faa_precond;eda_peakarea_precond;pupil_full_pupil_asymmetry_precond"
2025-12-19 16:20:29.309768,3,"stress_label",10,32,0.1,0.563953488372093,0.581395348837209,0.568217054263566,10,"top10","hr_sd_precond;eeg_fm_lbeta_power_precond;hr_med_precond;eda_med_precond;hrv_rmssd_precond;eeg_fm_specent_precond;eda_pkrate_precond;eeg_faa_precond;eda_peakarea_precond;pupil_full_pupil_asymmetry_precond"
2025-12-19 16:20:29.212647,3,"stress_label",10,64,0.1,0.569767441860465,0.587209302325581,0.561240310077519,10,"top10","hr_sd_precond;eeg_fm_lbeta_power_precond;hr_med_precond;eda_med_precond;hrv_rmssd_precond;eeg_fm_specent_precond;eda_pkrate_precond;eeg_faa_precond;eda_peakarea_precond;pupil_full_pupil_asymmetry_precond"
2025-12-19 16:20:29.217988,3,"stress_label",10,128,0.1,0.558139534883721,0.593023255813954,0.554263565891473,10,"top10","hr_sd_precond;eeg_fm_lbeta_power_precond;hr_med_precond;eda_med_precond;hrv_rmssd_precond;eeg_fm_specent_precond;eda_pkrate_precond;eeg_faa_precond;eda_peakarea_precond;pupil_full_pupil_asymmetry_precond"
2025-12-19 16:20:29.214607,3,"stress_label",10,256,0.1,0.558139534883721,0.569767441860465,0.554263565891473,10,"top10","hr_sd_precond;eeg_fm_lbeta_power_precond;hr_med_precond;eda_med_precond;hrv_rmssd_precond;eeg_fm_specent_precond;eda_pkrate_precond;eeg_faa_precond;eda_peakarea_precond;pupil_full_pupil_asymmetry_precond"
2025-12-19 16:20:30.861287,4,"stress_label",10,2,0.0078125,0.569767441860465,0.569767441860465,0.524806201550388,10,"top10","hr_sd_precond;hr_med_precond;eda_med_precond;hrv_rmssd_precond;eeg_fm_specent_precond;eeg_faa_precond;eda_pkrate_precond;pupil_full_pupil_asymmetry_precond;pupil_full_pupil_mean_precond;eda_peakarea_precond"
2025-12-19 16:20:30.88128,4,"stress_label",10,4,0.0078125,0.575581395348837,0.563953488372093,0.550387596899225,10,"top10","hr_sd_precond;hr_med_precond;eda_med_precond;hrv_rmssd_precond;eeg_fm_specent_precond;eeg_faa_precond;eda_pkrate_precond;pupil_full_pupil_asymmetry_precond;pupil_full_pupil_mean_precond;eda_peakarea_precond"
2025-12-19 16:20:30.892613,4,"stress_label",10,8,0.0078125,0.569767441860465,0.558139534883721,0.532558139534884,10,"top10","hr_sd_precond;hr_med_precond;eda_med_precond;hrv_rmssd_precond;eeg_fm_specent_precond;eeg_faa_precond;eda_pkrate_precond;pupil_full_pupil_asymmetry_precond;pupil_full_pupil_mean_precond;eda_peakarea_precond"
2025-12-19 16:20:30.872198,4,"stress_label",10,16,0.0078125,0.563953488372093,0.569767441860465,0.527131782945736,10,"top10","hr_sd_precond;hr_med_precond;eda_med_precond;hrv_rmssd_precond;eeg_fm_specent_precond;eeg_faa_precond;eda_pkrate_precond;pupil_full_pupil_asymmetry_precond;pupil_full_pupil_mean_precond;eda_peakarea_precond"
2025-12-19 16:20:30.902915,4,"stress_label",10,32,0.0078125,0.575581395348837,0.587209302325581,NA,10,"top10","hr_sd_precond;hr_med_precond;eda_med_precond;hrv_rmssd_precond;eeg_fm_specent_precond;eeg_faa_precond;eda_pkrate_precond;pupil_full_pupil_asymmetry_precond;pupil_full_pupil_mean_precond;eda_peakarea_precond"
2025-12-19 16:20:30.942856,4,"stress_label",10,64,0.0078125,0.575581395348837,0.604651162790698,NA,10,"top10","hr_sd_precond;hr_med_precond;eda_med_precond;hrv_rmssd_precond;eeg_fm_specent_precond;eeg_faa_precond;eda_pkrate_precond;pupil_full_pupil_asymmetry_precond;pupil_full_pupil_mean_precond;eda_peakarea_precond"
2025-12-19 16:20:30.98627,4,"stress_label",10,128,0.0078125,0.517441860465116,0.627906976744186,NA,10,"top10","hr_sd_precond;hr_med_precond;eda_med_precond;hrv_rmssd_precond;eeg_fm_specent_precond;eeg_faa_precond;eda_pkrate_precond;pupil_full_pupil_asymmetry_precond;pupil_full_pupil_mean_precond;eda_peakarea_precond"
2025-12-19 16:20:31.452215,4,"stress_label",10,256,0.0078125,0.558139534883721,0.622093023255814,NA,10,"top10","hr_sd_precond;hr_med_precond;eda_med_precond;hrv_rmssd_precond;eeg_fm_specent_precond;eeg_faa_precond;eda_pkrate_precond;pupil_full_pupil_asymmetry_precond;pupil_full_pupil_mean_precond;eda_peakarea_precond"
2025-12-19 16:20:30.878652,4,"stress_label",10,2,0.015625,0.575581395348837,0.569767441860465,0.548062015503876,10,"top10","hr_sd_precond;hr_med_precond;eda_med_precond;hrv_rmssd_precond;eeg_fm_specent_precond;eeg_faa_precond;eda_pkrate_precond;pupil_full_pupil_asymmetry_precond;pupil_full_pupil_mean_precond;eda_peakarea_precond"
2025-12-19 16:20:30.88384,4,"stress_label",10,4,0.015625,0.558139534883721,0.575581395348837,NA,10,"top10","hr_sd_precond;hr_med_precond;eda_med_precond;hrv_rmssd_precond;eeg_fm_specent_precond;eeg_faa_precond;eda_pkrate_precond;pupil_full_pupil_asymmetry_precond;pupil_full_pupil_mean_precond;eda_peakarea_precond"
2025-12-19 16:20:30.925754,4,"stress_label",10,8,0.015625,0.575581395348837,0.604651162790698,NA,10,"top10","hr_sd_precond;hr_med_precond;eda_med_precond;hrv_rmssd_precond;eeg_fm_specent_precond;eeg_faa_precond;eda_pkrate_precond;pupil_full_pupil_asymmetry_precond;pupil_full_pupil_mean_precond;eda_peakarea_precond"
2025-12-19 16:20:30.906403,4,"stress_label",10,16,0.015625,0.575581395348837,0.61046511627907,NA,10,"top10","hr_sd_precond;hr_med_precond;eda_med_precond;hrv_rmssd_precond;eeg_fm_specent_precond;eeg_faa_precond;eda_pkrate_precond;pupil_full_pupil_asymmetry_precond;pupil_full_pupil_mean_precond;eda_peakarea_precond"
2025-12-19 16:20:31.221591,4,"stress_label",10,32,0.015625,0.517441860465116,0.622093023255814,NA,10,"top10","hr_sd_precond;hr_med_precond;eda_med_precond;hrv_rmssd_precond;eeg_fm_specent_precond;eeg_faa_precond;eda_pkrate_precond;pupil_full_pupil_asymmetry_precond;pupil_full_pupil_mean_precond;eda_peakarea_precond"
2025-12-19 16:20:31.283534,4,"stress_label",10,64,0.015625,0.581395348837209,0.622093023255814,NA,10,"top10","hr_sd_precond;hr_med_precond;eda_med_precond;hrv_rmssd_precond;eeg_fm_specent_precond;eeg_faa_precond;eda_pkrate_precond;pupil_full_pupil_asymmetry_precond;pupil_full_pupil_mean_precond;eda_peakarea_precond"
2025-12-19 16:20:32.299758,4,"stress_label",10,128,0.015625,0.598837209302326,0.61046511627907,NA,10,"top10","hr_sd_precond;hr_med_precond;eda_med_precond;hrv_rmssd_precond;eeg_fm_specent_precond;eeg_faa_precond;eda_pkrate_precond;pupil_full_pupil_asymmetry_precond;pupil_full_pupil_mean_precond;eda_peakarea_precond"
2025-12-19 16:20:32.614048,4,"stress_label",10,256,0.015625,0.517441860465116,0.540697674418605,NA,10,"top10","hr_sd_precond;hr_med_precond;eda_med_precond;hrv_rmssd_precond;eeg_fm_specent_precond;eeg_faa_precond;eda_pkrate_precond;pupil_full_pupil_asymmetry_precond;pupil_full_pupil_mean_precond;eda_peakarea_precond"
2025-12-19 16:20:32.012061,4,"stress_label",10,2,0.03125,0.546511627906977,0.569767441860465,NA,10,"top10","hr_sd_precond;hr_med_precond;eda_med_precond;hrv_rmssd_precond;eeg_fm_specent_precond;eeg_faa_precond;eda_pkrate_precond;pupil_full_pupil_asymmetry_precond;pupil_full_pupil_mean_precond;eda_peakarea_precond"
2025-12-19 16:20:32.060352,4,"stress_label",10,4,0.03125,0.581395348837209,0.593023255813954,NA,10,"top10","hr_sd_precond;hr_med_precond;eda_med_precond;hrv_rmssd_precond;eeg_fm_specent_precond;eeg_faa_precond;eda_pkrate_precond;pupil_full_pupil_asymmetry_precond;pupil_full_pupil_mean_precond;eda_peakarea_precond"
2025-12-19 16:20:32.041945,4,"stress_label",10,8,0.03125,0.529069767441861,0.61046511627907,NA,10,"top10","hr_sd_precond;hr_med_precond;eda_med_precond;hrv_rmssd_precond;eeg_fm_specent_precond;eeg_faa_precond;eda_pkrate_precond;pupil_full_pupil_asymmetry_precond;pupil_full_pupil_mean_precond;eda_peakarea_precond"
2025-12-19 16:20:32.076792,4,"stress_label",10,16,0.03125,0.534883720930233,0.587209302325581,NA,10,"top10","hr_sd_precond;hr_med_precond;eda_med_precond;hrv_rmssd_precond;eeg_fm_specent_precond;eeg_faa_precond;eda_pkrate_precond;pupil_full_pupil_asymmetry_precond;pupil_full_pupil_mean_precond;eda_peakarea_precond"
2025-12-19 16:20:32.116763,4,"stress_label",10,32,0.03125,0.587209302325581,0.616279069767442,0.597674418604651,10,"top10","hr_sd_precond;hr_med_precond;eda_med_precond;hrv_rmssd_precond;eeg_fm_specent_precond;eeg_faa_precond;eda_pkrate_precond;pupil_full_pupil_asymmetry_precond;pupil_full_pupil_mean_precond;eda_peakarea_precond"
2025-12-19 16:20:32.329285,4,"stress_label",10,64,0.03125,0.552325581395349,0.587209302325581,NA,10,"top10","hr_sd_precond;hr_med_precond;eda_med_precond;hrv_rmssd_precond;eeg_fm_specent_precond;eeg_faa_precond;eda_pkrate_precond;pupil_full_pupil_asymmetry_precond;pupil_full_pupil_mean_precond;eda_peakarea_precond"
2025-12-19 16:20:32.594593,4,"stress_label",10,128,0.03125,0.581395348837209,0.563953488372093,NA,10,"top10","hr_sd_precond;hr_med_precond;eda_med_precond;hrv_rmssd_precond;eeg_fm_specent_precond;eeg_faa_precond;eda_pkrate_precond;pupil_full_pupil_asymmetry_precond;pupil_full_pupil_mean_precond;eda_peakarea_precond"
2025-12-19 16:20:32.941649,4,"stress_label",10,256,0.03125,0.581395348837209,0.569767441860465,NA,10,"top10","hr_sd_precond;hr_med_precond;eda_med_precond;hrv_rmssd_precond;eeg_fm_specent_precond;eeg_faa_precond;eda_pkrate_precond;pupil_full_pupil_asymmetry_precond;pupil_full_pupil_mean_precond;eda_peakarea_precond"
2025-12-19 16:20:32.15271,4,"stress_label",10,2,0.0625,0.5,0.569767441860465,NA,10,"top10","hr_sd_precond;hr_med_precond;eda_med_precond;hrv_rmssd_precond;eeg_fm_specent_precond;eeg_faa_precond;eda_pkrate_precond;pupil_full_pupil_asymmetry_precond;pupil_full_pupil_mean_precond;eda_peakarea_precond"
2025-12-19 16:20:32.390096,4,"stress_label",10,4,0.0625,0.529069767441861,0.593023255813954,NA,10,"top10","hr_sd_precond;hr_med_precond;eda_med_precond;hrv_rmssd_precond;eeg_fm_specent_precond;eeg_faa_precond;eda_pkrate_precond;pupil_full_pupil_asymmetry_precond;pupil_full_pupil_mean_precond;eda_peakarea_precond"
2025-12-19 16:20:32.472845,4,"stress_label",10,8,0.0625,0.587209302325581,0.627906976744186,0.589922480620155,10,"top10","hr_sd_precond;hr_med_precond;eda_med_precond;hrv_rmssd_precond;eeg_fm_specent_precond;eeg_faa_precond;eda_pkrate_precond;pupil_full_pupil_asymmetry_precond;pupil_full_pupil_mean_precond;eda_peakarea_precond"
2025-12-19 16:20:32.725014,4,"stress_label",10,16,0.0625,0.581395348837209,0.569767441860465,NA,10,"top10","hr_sd_precond;hr_med_precond;eda_med_precond;hrv_rmssd_precond;eeg_fm_specent_precond;eeg_faa_precond;eda_pkrate_precond;pupil_full_pupil_asymmetry_precond;pupil_full_pupil_mean_precond;eda_peakarea_precond"
2025-12-19 16:20:33.437783,4,"stress_label",10,32,0.0625,0.569767441860465,0.569767441860465,NA,10,"top10","hr_sd_precond;hr_med_precond;eda_med_precond;hrv_rmssd_precond;eeg_fm_specent_precond;eeg_faa_precond;eda_pkrate_precond;pupil_full_pupil_asymmetry_precond;pupil_full_pupil_mean_precond;eda_peakarea_precond"
2025-12-19 16:20:33.51938,4,"stress_label",10,64,0.0625,0.552325581395349,0.529069767441861,0.542635658914729,10,"top10","hr_sd_precond;hr_med_precond;eda_med_precond;hrv_rmssd_precond;eeg_fm_specent_precond;eeg_faa_precond;eda_pkrate_precond;pupil_full_pupil_asymmetry_precond;pupil_full_pupil_mean_precond;eda_peakarea_precond"
2025-12-19 16:20:33.631007,4,"stress_label",10,128,0.0625,0.546511627906977,0.540697674418605,NA,10,"top10","hr_sd_precond;hr_med_precond;eda_med_precond;hrv_rmssd_precond;eeg_fm_specent_precond;eeg_faa_precond;eda_pkrate_precond;pupil_full_pupil_asymmetry_precond;pupil_full_pupil_mean_precond;eda_peakarea_precond"
2025-12-19 16:20:33.673504,4,"stress_label",10,256,0.0625,0.581395348837209,0.534883720930233,0.565116279069767,10,"top10","hr_sd_precond;hr_med_precond;eda_med_precond;hrv_rmssd_precond;eeg_fm_specent_precond;eeg_faa_precond;eda_pkrate_precond;pupil_full_pupil_asymmetry_precond;pupil_full_pupil_mean_precond;eda_peakarea_precond"
2025-12-19 16:20:33.247249,4,"stress_label",10,2,0.125,0.581395348837209,0.581395348837209,0.586046511627907,10,"top10","hr_sd_precond;hr_med_precond;eda_med_precond;hrv_rmssd_precond;eeg_fm_specent_precond;eeg_faa_precond;eda_pkrate_precond;pupil_full_pupil_asymmetry_precond;pupil_full_pupil_mean_precond;eda_peakarea_precond"
2025-12-19 16:20:33.339355,4,"stress_label",10,4,0.125,0.569767441860465,0.575581395348837,0.572093023255814,10,"top10","hr_sd_precond;hr_med_precond;eda_med_precond;hrv_rmssd_precond;eeg_fm_specent_precond;eeg_faa_precond;eda_pkrate_precond;pupil_full_pupil_asymmetry_precond;pupil_full_pupil_mean_precond;eda_peakarea_precond"
2025-12-19 16:20:33.521091,4,"stress_label",10,8,0.125,0.546511627906977,0.575581395348837,0.54031007751938,10,"top10","hr_sd_precond;hr_med_precond;eda_med_precond;hrv_rmssd_precond;eeg_fm_specent_precond;eeg_faa_precond;eda_pkrate_precond;pupil_full_pupil_asymmetry_precond;pupil_full_pupil_mean_precond;eda_peakarea_precond"
2025-12-19 16:20:33.636401,4,"stress_label",10,16,0.125,0.540697674418605,0.569767441860465,0.52015503875969,10,"top10","hr_sd_precond;hr_med_precond;eda_med_precond;hrv_rmssd_precond;eeg_fm_specent_precond;eeg_faa_precond;eda_pkrate_precond;pupil_full_pupil_asymmetry_precond;pupil_full_pupil_mean_precond;eda_peakarea_precond"
2025-12-19 16:20:33.69599,4,"stress_label",10,32,0.125,0.575581395348837,0.581395348837209,0.55968992248062,10,"top10","hr_sd_precond;hr_med_precond;eda_med_precond;hrv_rmssd_precond;eeg_fm_specent_precond;eeg_faa_precond;eda_pkrate_precond;pupil_full_pupil_asymmetry_precond;pupil_full_pupil_mean_precond;eda_peakarea_precond"
2025-12-19 16:20:33.829607,4,"stress_label",10,64,0.125,0.569767441860465,0.587209302325581,0.548837209302326,10,"top10","hr_sd_precond;hr_med_precond;eda_med_precond;hrv_rmssd_precond;eeg_fm_specent_precond;eeg_faa_precond;eda_pkrate_precond;pupil_full_pupil_asymmetry_precond;pupil_full_pupil_mean_precond;eda_peakarea_precond"
2025-12-19 16:20:33.884847,4,"stress_label",10,128,0.125,0.569767441860465,0.587209302325581,0.548837209302326,10,"top10","hr_sd_precond;hr_med_precond;eda_med_precond;hrv_rmssd_precond;eeg_fm_specent_precond;eeg_faa_precond;eda_pkrate_precond;pupil_full_pupil_asymmetry_precond;pupil_full_pupil_mean_precond;eda_peakarea_precond"
2025-12-19 16:20:33.930854,4,"stress_label",10,256,0.125,0.569767441860465,0.587209302325581,0.548837209302326,10,"top10","hr_sd_precond;hr_med_precond;eda_med_precond;hrv_rmssd_precond;eeg_fm_specent_precond;eeg_faa_precond;eda_pkrate_precond;pupil_full_pupil_asymmetry_precond;pupil_full_pupil_mean_precond;eda_peakarea_precond"
2025-12-19 16:20:33.823506,4,"stress_label",10,2,0.03,0.534883720930233,0.569767441860465,NA,10,"top10","hr_sd_precond;hr_med_precond;eda_med_precond;hrv_rmssd_precond;eeg_fm_specent_precond;eeg_faa_precond;eda_pkrate_precond;pupil_full_pupil_asymmetry_precond;pupil_full_pupil_mean_precond;eda_peakarea_precond"
2025-12-19 16:20:34.104547,4,"stress_label",10,4,0.03,0.581395348837209,0.598837209302326,NA,10,"top10","hr_sd_precond;hr_med_precond;eda_med_precond;hrv_rmssd_precond;eeg_fm_specent_precond;eeg_faa_precond;eda_pkrate_precond;pupil_full_pupil_asymmetry_precond;pupil_full_pupil_mean_precond;eda_peakarea_precond"
2025-12-19 16:20:34.42343,4,"stress_label",10,8,0.03,0.546511627906977,0.61046511627907,NA,10,"top10","hr_sd_precond;hr_med_precond;eda_med_precond;hrv_rmssd_precond;eeg_fm_specent_precond;eeg_faa_precond;eda_pkrate_precond;pupil_full_pupil_asymmetry_precond;pupil_full_pupil_mean_precond;eda_peakarea_precond"
2025-12-19 16:20:34.497753,4,"stress_label",10,16,0.03,0.546511627906977,0.569767441860465,NA,10,"top10","hr_sd_precond;hr_med_precond;eda_med_precond;hrv_rmssd_precond;eeg_fm_specent_precond;eeg_faa_precond;eda_pkrate_precond;pupil_full_pupil_asymmetry_precond;pupil_full_pupil_mean_precond;eda_peakarea_precond"
2025-12-19 16:20:34.681139,4,"stress_label",10,32,0.03,0.593023255813954,0.63953488372093,0.6,10,"top10","hr_sd_precond;hr_med_precond;eda_med_precond;hrv_rmssd_precond;eeg_fm_specent_precond;eeg_faa_precond;eda_pkrate_precond;pupil_full_pupil_asymmetry_precond;pupil_full_pupil_mean_precond;eda_peakarea_precond"
2025-12-19 16:20:34.913099,4,"stress_label",10,64,0.03,0.552325581395349,0.563953488372093,NA,10,"top10","hr_sd_precond;hr_med_precond;eda_med_precond;hrv_rmssd_precond;eeg_fm_specent_precond;eeg_faa_precond;eda_pkrate_precond;pupil_full_pupil_asymmetry_precond;pupil_full_pupil_mean_precond;eda_peakarea_precond"
2025-12-19 16:20:35.167687,4,"stress_label",10,128,0.03,0.587209302325581,0.575581395348837,NA,10,"top10","hr_sd_precond;hr_med_precond;eda_med_precond;hrv_rmssd_precond;eeg_fm_specent_precond;eeg_faa_precond;eda_pkrate_precond;pupil_full_pupil_asymmetry_precond;pupil_full_pupil_mean_precond;eda_peakarea_precond"
2025-12-19 16:20:35.567069,4,"stress_label",10,256,0.03,0.598837209302326,0.523255813953488,NA,10,"top10","hr_sd_precond;hr_med_precond;eda_med_precond;hrv_rmssd_precond;eeg_fm_specent_precond;eeg_faa_precond;eda_pkrate_precond;pupil_full_pupil_asymmetry_precond;pupil_full_pupil_mean_precond;eda_peakarea_precond"
2025-12-19 16:20:34.809032,4,"stress_label",10,2,0.06,0.511627906976744,0.593023255813954,NA,10,"top10","hr_sd_precond;hr_med_precond;eda_med_precond;hrv_rmssd_precond;eeg_fm_specent_precond;eeg_faa_precond;eda_pkrate_precond;pupil_full_pupil_asymmetry_precond;pupil_full_pupil_mean_precond;eda_peakarea_precond"
2025-12-19 16:20:34.83016,4,"stress_label",10,4,0.06,0.529069767441861,0.587209302325581,NA,10,"top10","hr_sd_precond;hr_med_precond;eda_med_precond;hrv_rmssd_precond;eeg_fm_specent_precond;eeg_faa_precond;eda_pkrate_precond;pupil_full_pupil_asymmetry_precond;pupil_full_pupil_mean_precond;eda_peakarea_precond"
2025-12-19 16:20:34.831065,4,"stress_label",10,8,0.06,0.575581395348837,0.627906976744186,0.575968992248062,10,"top10","hr_sd_precond;hr_med_precond;eda_med_precond;hrv_rmssd_precond;eeg_fm_specent_precond;eeg_faa_precond;eda_pkrate_precond;pupil_full_pupil_asymmetry_precond;pupil_full_pupil_mean_precond;eda_peakarea_precond"
2025-12-19 16:20:35.070349,4,"stress_label",10,16,0.06,0.581395348837209,0.593023255813954,NA,10,"top10","hr_sd_precond;hr_med_precond;eda_med_precond;hrv_rmssd_precond;eeg_fm_specent_precond;eeg_faa_precond;eda_pkrate_precond;pupil_full_pupil_asymmetry_precond;pupil_full_pupil_mean_precond;eda_peakarea_precond"
2025-12-19 16:20:35.199719,4,"stress_label",10,32,0.06,0.581395348837209,0.540697674418605,NA,10,"top10","hr_sd_precond;hr_med_precond;eda_med_precond;hrv_rmssd_precond;eeg_fm_specent_precond;eeg_faa_precond;eda_pkrate_precond;pupil_full_pupil_asymmetry_precond;pupil_full_pupil_mean_precond;eda_peakarea_precond"
2025-12-19 16:20:35.340984,4,"stress_label",10,64,0.06,0.558139534883721,0.546511627906977,0.545736434108527,10,"top10","hr_sd_precond;hr_med_precond;eda_med_precond;hrv_rmssd_precond;eeg_fm_specent_precond;eeg_faa_precond;eda_pkrate_precond;pupil_full_pupil_asymmetry_precond;pupil_full_pupil_mean_precond;eda_peakarea_precond"
2025-12-19 16:20:35.502531,4,"stress_label",10,128,0.06,0.540697674418605,0.511627906976744,NA,10,"top10","hr_sd_precond;hr_med_precond;eda_med_precond;hrv_rmssd_precond;eeg_fm_specent_precond;eeg_faa_precond;eda_pkrate_precond;pupil_full_pupil_asymmetry_precond;pupil_full_pupil_mean_precond;eda_peakarea_precond"
2025-12-19 16:20:35.677798,4,"stress_label",10,256,0.06,0.581395348837209,0.534883720930233,0.565116279069767,10,"top10","hr_sd_precond;hr_med_precond;eda_med_precond;hrv_rmssd_precond;eeg_fm_specent_precond;eeg_faa_precond;eda_pkrate_precond;pupil_full_pupil_asymmetry_precond;pupil_full_pupil_mean_precond;eda_peakarea_precond"
2025-12-19 16:20:35.533533,4,"stress_label",10,2,0.1,0.546511627906977,0.593023255813954,NA,10,"top10","hr_sd_precond;hr_med_precond;eda_med_precond;hrv_rmssd_precond;eeg_fm_specent_precond;eeg_faa_precond;eda_pkrate_precond;pupil_full_pupil_asymmetry_precond;pupil_full_pupil_mean_precond;eda_peakarea_precond"
2025-12-19 16:20:35.587076,4,"stress_label",10,4,0.1,0.563953488372093,0.604651162790698,0.576744186046512,10,"top10","hr_sd_precond;hr_med_precond;eda_med_precond;hrv_rmssd_precond;eeg_fm_specent_precond;eeg_faa_precond;eda_pkrate_precond;pupil_full_pupil_asymmetry_precond;pupil_full_pupil_mean_precond;eda_peakarea_precond"
2025-12-19 16:20:35.79354,4,"stress_label",10,8,0.1,0.563953488372093,0.598837209302326,NA,10,"top10","hr_sd_precond;hr_med_precond;eda_med_precond;hrv_rmssd_precond;eeg_fm_specent_precond;eeg_faa_precond;eda_pkrate_precond;pupil_full_pupil_asymmetry_precond;pupil_full_pupil_mean_precond;eda_peakarea_precond"
2025-12-19 16:20:35.853123,4,"stress_label",10,16,0.1,0.558139534883721,0.563953488372093,0.53953488372093,10,"top10","hr_sd_precond;hr_med_precond;eda_med_precond;hrv_rmssd_precond;eeg_fm_specent_precond;eeg_faa_precond;eda_pkrate_precond;pupil_full_pupil_asymmetry_precond;pupil_full_pupil_mean_precond;eda_peakarea_precond"
2025-12-19 16:20:35.955298,4,"stress_label",10,32,0.1,0.540697674418605,0.563953488372093,0.531007751937985,10,"top10","hr_sd_precond;hr_med_precond;eda_med_precond;hrv_rmssd_precond;eeg_fm_specent_precond;eeg_faa_precond;eda_pkrate_precond;pupil_full_pupil_asymmetry_precond;pupil_full_pupil_mean_precond;eda_peakarea_precond"
2025-12-19 16:20:35.937579,4,"stress_label",10,64,0.1,0.569767441860465,0.581395348837209,0.561240310077519,10,"top10","hr_sd_precond;hr_med_precond;eda_med_precond;hrv_rmssd_precond;eeg_fm_specent_precond;eeg_faa_precond;eda_pkrate_precond;pupil_full_pupil_asymmetry_precond;pupil_full_pupil_mean_precond;eda_peakarea_precond"
2025-12-19 16:20:36.033866,4,"stress_label",10,128,0.1,0.575581395348837,0.581395348837209,0.565116279069767,10,"top10","hr_sd_precond;hr_med_precond;eda_med_precond;hrv_rmssd_precond;eeg_fm_specent_precond;eeg_faa_precond;eda_pkrate_precond;pupil_full_pupil_asymmetry_precond;pupil_full_pupil_mean_precond;eda_peakarea_precond"
2025-12-19 16:20:36.106135,4,"stress_label",10,256,0.1,0.575581395348837,0.534883720930233,0.565116279069767,10,"top10","hr_sd_precond;hr_med_precond;eda_med_precond;hrv_rmssd_precond;eeg_fm_specent_precond;eeg_faa_precond;eda_pkrate_precond;pupil_full_pupil_asymmetry_precond;pupil_full_pupil_mean_precond;eda_peakarea_precond"
2025-12-19 16:20:37.484263,5,"stress_label",10,2,0.0078125,0.575581395348837,0.575581395348837,0.568217054263566,10,"top10","hr_med_precond;hr_sd_precond;eda_med_precond;eeg_fm_lbeta_power_precond;eeg_fm_specent_precond;pupil_full_pupil_asymmetry_precond;hrv_rmssd_precond;eda_pkrate_precond;pupil_full_pupil_mean_precond;eeg_fr_theta_power_precond"
2025-12-19 16:20:37.483931,5,"stress_label",10,4,0.0078125,0.558139534883721,0.575581395348837,0.543410852713178,10,"top10","hr_med_precond;hr_sd_precond;eda_med_precond;eeg_fm_lbeta_power_precond;eeg_fm_specent_precond;pupil_full_pupil_asymmetry_precond;hrv_rmssd_precond;eda_pkrate_precond;pupil_full_pupil_mean_precond;eeg_fr_theta_power_precond"
2025-12-19 16:20:37.48802,5,"stress_label",10,8,0.0078125,0.593023255813954,0.645348837209302,0.564341085271318,10,"top10","hr_med_precond;hr_sd_precond;eda_med_precond;eeg_fm_lbeta_power_precond;eeg_fm_specent_precond;pupil_full_pupil_asymmetry_precond;hrv_rmssd_precond;eda_pkrate_precond;pupil_full_pupil_mean_precond;eeg_fr_theta_power_precond"
2025-12-19 16:20:37.446021,5,"stress_label",10,16,0.0078125,0.598837209302326,0.633720930232558,0.57906976744186,10,"top10","hr_med_precond;hr_sd_precond;eda_med_precond;eeg_fm_lbeta_power_precond;eeg_fm_specent_precond;pupil_full_pupil_asymmetry_precond;hrv_rmssd_precond;eda_pkrate_precond;pupil_full_pupil_mean_precond;eeg_fr_theta_power_precond"
2025-12-19 16:20:37.496609,5,"stress_label",10,32,0.0078125,0.558139534883721,0.61046511627907,0.530232558139535,10,"top10","hr_med_precond;hr_sd_precond;eda_med_precond;eeg_fm_lbeta_power_precond;eeg_fm_specent_precond;pupil_full_pupil_asymmetry_precond;hrv_rmssd_precond;eda_pkrate_precond;pupil_full_pupil_mean_precond;eeg_fr_theta_power_precond"
2025-12-19 16:20:37.486406,5,"stress_label",10,64,0.0078125,0.523255813953488,0.569767441860465,0.503875968992248,10,"top10","hr_med_precond;hr_sd_precond;eda_med_precond;eeg_fm_lbeta_power_precond;eeg_fm_specent_precond;pupil_full_pupil_asymmetry_precond;hrv_rmssd_precond;eda_pkrate_precond;pupil_full_pupil_mean_precond;eeg_fr_theta_power_precond"
2025-12-19 16:20:37.592342,5,"stress_label",10,128,0.0078125,0.459302325581395,0.476744186046512,NA,10,"top10","hr_med_precond;hr_sd_precond;eda_med_precond;eeg_fm_lbeta_power_precond;eeg_fm_specent_precond;pupil_full_pupil_asymmetry_precond;hrv_rmssd_precond;eda_pkrate_precond;pupil_full_pupil_mean_precond;eeg_fr_theta_power_precond"
2025-12-19 16:20:37.726026,5,"stress_label",10,256,0.0078125,0.424418604651163,0.453488372093023,NA,10,"top10","hr_med_precond;hr_sd_precond;eda_med_precond;eeg_fm_lbeta_power_precond;eeg_fm_specent_precond;pupil_full_pupil_asymmetry_precond;hrv_rmssd_precond;eda_pkrate_precond;pupil_full_pupil_mean_precond;eeg_fr_theta_power_precond"
2025-12-19 16:20:37.50106,5,"stress_label",10,2,0.015625,0.558139534883721,0.569767441860465,0.550387596899225,10,"top10","hr_med_precond;hr_sd_precond;eda_med_precond;eeg_fm_lbeta_power_precond;eeg_fm_specent_precond;pupil_full_pupil_asymmetry_precond;hrv_rmssd_precond;eda_pkrate_precond;pupil_full_pupil_mean_precond;eeg_fr_theta_power_precond"
2025-12-19 16:20:37.468266,5,"stress_label",10,4,0.015625,0.575581395348837,0.627906976744186,0.552713178294574,10,"top10","hr_med_precond;hr_sd_precond;eda_med_precond;eeg_fm_lbeta_power_precond;eeg_fm_specent_precond;pupil_full_pupil_asymmetry_precond;hrv_rmssd_precond;eda_pkrate_precond;pupil_full_pupil_mean_precond;eeg_fr_theta_power_precond"
2025-12-19 16:20:37.470352,5,"stress_label",10,8,0.015625,0.563953488372093,0.61046511627907,0.534108527131783,10,"top10","hr_med_precond;hr_sd_precond;eda_med_precond;eeg_fm_lbeta_power_precond;eeg_fm_specent_precond;pupil_full_pupil_asymmetry_precond;hrv_rmssd_precond;eda_pkrate_precond;pupil_full_pupil_mean_precond;eeg_fr_theta_power_precond"
2025-12-19 16:20:37.489942,5,"stress_label",10,16,0.015625,0.534883720930233,0.575581395348837,0.523255813953488,10,"top10","hr_med_precond;hr_sd_precond;eda_med_precond;eeg_fm_lbeta_power_precond;eeg_fm_specent_precond;pupil_full_pupil_asymmetry_precond;hrv_rmssd_precond;eda_pkrate_precond;pupil_full_pupil_mean_precond;eeg_fr_theta_power_precond"
2025-12-19 16:20:37.518341,5,"stress_label",10,32,0.015625,0.465116279069767,0.494186046511628,NA,10,"top10","hr_med_precond;hr_sd_precond;eda_med_precond;eeg_fm_lbeta_power_precond;eeg_fm_specent_precond;pupil_full_pupil_asymmetry_precond;hrv_rmssd_precond;eda_pkrate_precond;pupil_full_pupil_mean_precond;eeg_fr_theta_power_precond"
2025-12-19 16:20:37.575498,5,"stress_label",10,64,0.015625,0.424418604651163,0.377906976744186,0.410852713178295,10,"top10","hr_med_precond;hr_sd_precond;eda_med_precond;eeg_fm_lbeta_power_precond;eeg_fm_specent_precond;pupil_full_pupil_asymmetry_precond;hrv_rmssd_precond;eda_pkrate_precond;pupil_full_pupil_mean_precond;eeg_fr_theta_power_precond"
2025-12-19 16:20:38.858154,5,"stress_label",10,128,0.015625,0.412790697674419,0.447674418604651,NA,10,"top10","hr_med_precond;hr_sd_precond;eda_med_precond;eeg_fm_lbeta_power_precond;eeg_fm_specent_precond;pupil_full_pupil_asymmetry_precond;hrv_rmssd_precond;eda_pkrate_precond;pupil_full_pupil_mean_precond;eeg_fr_theta_power_precond"
2025-12-19 16:20:39.177626,5,"stress_label",10,256,0.015625,0.418604651162791,0.453488372093023,NA,10,"top10","hr_med_precond;hr_sd_precond;eda_med_precond;eeg_fm_lbeta_power_precond;eeg_fm_specent_precond;pupil_full_pupil_asymmetry_precond;hrv_rmssd_precond;eda_pkrate_precond;pupil_full_pupil_mean_precond;eeg_fr_theta_power_precond"
2025-12-19 16:20:38.625803,5,"stress_label",10,2,0.03125,0.563953488372093,0.604651162790698,0.541085271317829,10,"top10","hr_med_precond;hr_sd_precond;eda_med_precond;eeg_fm_lbeta_power_precond;eeg_fm_specent_precond;pupil_full_pupil_asymmetry_precond;hrv_rmssd_precond;eda_pkrate_precond;pupil_full_pupil_mean_precond;eeg_fr_theta_power_precond"
2025-12-19 16:20:38.638849,5,"stress_label",10,4,0.03125,0.540697674418605,0.575581395348837,0.525581395348837,10,"top10","hr_med_precond;hr_sd_precond;eda_med_precond;eeg_fm_lbeta_power_precond;eeg_fm_specent_precond;pupil_full_pupil_asymmetry_precond;hrv_rmssd_precond;eda_pkrate_precond;pupil_full_pupil_mean_precond;eeg_fr_theta_power_precond"
2025-12-19 16:20:38.645338,5,"stress_label",10,8,0.03125,0.5,0.505813953488372,NA,10,"top10","hr_med_precond;hr_sd_precond;eda_med_precond;eeg_fm_lbeta_power_precond;eeg_fm_specent_precond;pupil_full_pupil_asymmetry_precond;hrv_rmssd_precond;eda_pkrate_precond;pupil_full_pupil_mean_precond;eeg_fr_theta_power_precond"
2025-12-19 16:20:38.661343,5,"stress_label",10,16,0.03125,0.447674418604651,0.482558139534884,0.42015503875969,10,"top10","hr_med_precond;hr_sd_precond;eda_med_precond;eeg_fm_lbeta_power_precond;eeg_fm_specent_precond;pupil_full_pupil_asymmetry_precond;hrv_rmssd_precond;eda_pkrate_precond;pupil_full_pupil_mean_precond;eeg_fr_theta_power_precond"
2025-12-19 16:20:38.7532,5,"stress_label",10,32,0.03125,0.424418604651163,0.354651162790698,NA,10,"top10","hr_med_precond;hr_sd_precond;eda_med_precond;eeg_fm_lbeta_power_precond;eeg_fm_specent_precond;pupil_full_pupil_asymmetry_precond;hrv_rmssd_precond;eda_pkrate_precond;pupil_full_pupil_mean_precond;eeg_fr_theta_power_precond"
2025-12-19 16:20:38.899868,5,"stress_label",10,64,0.03125,0.406976744186047,0.465116279069767,NA,10,"top10","hr_med_precond;hr_sd_precond;eda_med_precond;eeg_fm_lbeta_power_precond;eeg_fm_specent_precond;pupil_full_pupil_asymmetry_precond;hrv_rmssd_precond;eda_pkrate_precond;pupil_full_pupil_mean_precond;eeg_fr_theta_power_precond"
2025-12-19 16:20:39.196291,5,"stress_label",10,128,0.03125,0.436046511627907,0.459302325581395,NA,10,"top10","hr_med_precond;hr_sd_precond;eda_med_precond;eeg_fm_lbeta_power_precond;eeg_fm_specent_precond;pupil_full_pupil_asymmetry_precond;hrv_rmssd_precond;eda_pkrate_precond;pupil_full_pupil_mean_precond;eeg_fr_theta_power_precond"
2025-12-19 16:20:39.568452,5,"stress_label",10,256,0.03125,0.436046511627907,0.546511627906977,NA,10,"top10","hr_med_precond;hr_sd_precond;eda_med_precond;eeg_fm_lbeta_power_precond;eeg_fm_specent_precond;pupil_full_pupil_asymmetry_precond;hrv_rmssd_precond;eda_pkrate_precond;pupil_full_pupil_mean_precond;eeg_fr_theta_power_precond"
2025-12-19 16:20:38.689224,5,"stress_label",10,2,0.0625,0.517441860465116,0.5,NA,10,"top10","hr_med_precond;hr_sd_precond;eda_med_precond;eeg_fm_lbeta_power_precond;eeg_fm_specent_precond;pupil_full_pupil_asymmetry_precond;hrv_rmssd_precond;eda_pkrate_precond;pupil_full_pupil_mean_precond;eeg_fr_theta_power_precond"
2025-12-19 16:20:38.716456,5,"stress_label",10,4,0.0625,0.459302325581395,0.406976744186047,0.441860465116279,10,"top10","hr_med_precond;hr_sd_precond;eda_med_precond;eeg_fm_lbeta_power_precond;eeg_fm_specent_precond;pupil_full_pupil_asymmetry_precond;hrv_rmssd_precond;eda_pkrate_precond;pupil_full_pupil_mean_precond;eeg_fr_theta_power_precond"
2025-12-19 16:20:38.764223,5,"stress_label",10,8,0.0625,0.436046511627907,0.436046511627907,0.423255813953488,10,"top10","hr_med_precond;hr_sd_precond;eda_med_precond;eeg_fm_lbeta_power_precond;eeg_fm_specent_precond;pupil_full_pupil_asymmetry_precond;hrv_rmssd_precond;eda_pkrate_precond;pupil_full_pupil_mean_precond;eeg_fr_theta_power_precond"
2025-12-19 16:20:38.967269,5,"stress_label",10,16,0.0625,0.401162790697674,0.482558139534884,NA,10,"top10","hr_med_precond;hr_sd_precond;eda_med_precond;eeg_fm_lbeta_power_precond;eeg_fm_specent_precond;pupil_full_pupil_asymmetry_precond;hrv_rmssd_precond;eda_pkrate_precond;pupil_full_pupil_mean_precond;eeg_fr_theta_power_precond"
2025-12-19 16:20:40.004341,5,"stress_label",10,32,0.0625,0.447674418604651,0.465116279069767,NA,10,"top10","hr_med_precond;hr_sd_precond;eda_med_precond;eeg_fm_lbeta_power_precond;eeg_fm_specent_precond;pupil_full_pupil_asymmetry_precond;hrv_rmssd_precond;eda_pkrate_precond;pupil_full_pupil_mean_precond;eeg_fr_theta_power_precond"
2025-12-19 16:20:40.205239,5,"stress_label",10,64,0.0625,0.430232558139535,0.581395348837209,NA,10,"top10","hr_med_precond;hr_sd_precond;eda_med_precond;eeg_fm_lbeta_power_precond;eeg_fm_specent_precond;pupil_full_pupil_asymmetry_precond;hrv_rmssd_precond;eda_pkrate_precond;pupil_full_pupil_mean_precond;eeg_fr_theta_power_precond"
2025-12-19 16:20:40.408645,5,"stress_label",10,128,0.0625,0.38953488372093,0.622093023255814,NA,10,"top10","hr_med_precond;hr_sd_precond;eda_med_precond;eeg_fm_lbeta_power_precond;eeg_fm_specent_precond;pupil_full_pupil_asymmetry_precond;hrv_rmssd_precond;eda_pkrate_precond;pupil_full_pupil_mean_precond;eeg_fr_theta_power_precond"
2025-12-19 16:20:40.421024,5,"stress_label",10,256,0.0625,0.395348837209302,0.575581395348837,NA,10,"top10","hr_med_precond;hr_sd_precond;eda_med_precond;eeg_fm_lbeta_power_precond;eeg_fm_specent_precond;pupil_full_pupil_asymmetry_precond;hrv_rmssd_precond;eda_pkrate_precond;pupil_full_pupil_mean_precond;eeg_fr_theta_power_precond"
2025-12-19 16:20:39.825705,5,"stress_label",10,2,0.125,0.447674418604651,0.430232558139535,0.445736434108527,10,"top10","hr_med_precond;hr_sd_precond;eda_med_precond;eeg_fm_lbeta_power_precond;eeg_fm_specent_precond;pupil_full_pupil_asymmetry_precond;hrv_rmssd_precond;eda_pkrate_precond;pupil_full_pupil_mean_precond;eeg_fr_theta_power_precond"
2025-12-19 16:20:39.924299,5,"stress_label",10,4,0.125,0.436046511627907,0.482558139534884,NA,10,"top10","hr_med_precond;hr_sd_precond;eda_med_precond;eeg_fm_lbeta_power_precond;eeg_fm_specent_precond;pupil_full_pupil_asymmetry_precond;hrv_rmssd_precond;eda_pkrate_precond;pupil_full_pupil_mean_precond;eeg_fr_theta_power_precond"
2025-12-19 16:20:39.979689,5,"stress_label",10,8,0.125,0.412790697674419,0.540697674418605,NA,10,"top10","hr_med_precond;hr_sd_precond;eda_med_precond;eeg_fm_lbeta_power_precond;eeg_fm_specent_precond;pupil_full_pupil_asymmetry_precond;hrv_rmssd_precond;eda_pkrate_precond;pupil_full_pupil_mean_precond;eeg_fr_theta_power_precond"
2025-12-19 16:20:40.097942,5,"stress_label",10,16,0.125,0.418604651162791,0.61046511627907,NA,10,"top10","hr_med_precond;hr_sd_precond;eda_med_precond;eeg_fm_lbeta_power_precond;eeg_fm_specent_precond;pupil_full_pupil_asymmetry_precond;hrv_rmssd_precond;eda_pkrate_precond;pupil_full_pupil_mean_precond;eeg_fr_theta_power_precond"
2025-12-19 16:20:40.246824,5,"stress_label",10,32,0.125,0.395348837209302,0.540697674418605,NA,10,"top10","hr_med_precond;hr_sd_precond;eda_med_precond;eeg_fm_lbeta_power_precond;eeg_fm_specent_precond;pupil_full_pupil_asymmetry_precond;hrv_rmssd_precond;eda_pkrate_precond;pupil_full_pupil_mean_precond;eeg_fr_theta_power_precond"
2025-12-19 16:20:40.305173,5,"stress_label",10,64,0.125,0.401162790697674,0.540697674418605,NA,10,"top10","hr_med_precond;hr_sd_precond;eda_med_precond;eeg_fm_lbeta_power_precond;eeg_fm_specent_precond;pupil_full_pupil_asymmetry_precond;hrv_rmssd_precond;eda_pkrate_precond;pupil_full_pupil_mean_precond;eeg_fr_theta_power_precond"
2025-12-19 16:20:40.35041,5,"stress_label",10,128,0.125,0.401162790697674,0.563953488372093,NA,10,"top10","hr_med_precond;hr_sd_precond;eda_med_precond;eeg_fm_lbeta_power_precond;eeg_fm_specent_precond;pupil_full_pupil_asymmetry_precond;hrv_rmssd_precond;eda_pkrate_precond;pupil_full_pupil_mean_precond;eeg_fr_theta_power_precond"
2025-12-19 16:20:40.557667,5,"stress_label",10,256,0.125,0.401162790697674,0.598837209302326,NA,10,"top10","hr_med_precond;hr_sd_precond;eda_med_precond;eeg_fm_lbeta_power_precond;eeg_fm_specent_precond;pupil_full_pupil_asymmetry_precond;hrv_rmssd_precond;eda_pkrate_precond;pupil_full_pupil_mean_precond;eeg_fr_theta_power_precond"
2025-12-19 16:20:40.30182,5,"stress_label",10,2,0.03,0.563953488372093,0.604651162790698,0.541085271317829,10,"top10","hr_med_precond;hr_sd_precond;eda_med_precond;eeg_fm_lbeta_power_precond;eeg_fm_specent_precond;pupil_full_pupil_asymmetry_precond;hrv_rmssd_precond;eda_pkrate_precond;pupil_full_pupil_mean_precond;eeg_fr_theta_power_precond"
2025-12-19 16:20:40.69616,5,"stress_label",10,4,0.03,0.534883720930233,0.593023255813954,0.513953488372093,10,"top10","hr_med_precond;hr_sd_precond;eda_med_precond;eeg_fm_lbeta_power_precond;eeg_fm_specent_precond;pupil_full_pupil_asymmetry_precond;hrv_rmssd_precond;eda_pkrate_precond;pupil_full_pupil_mean_precond;eeg_fr_theta_power_precond"
2025-12-19 16:20:40.984264,5,"stress_label",10,8,0.03,0.5,0.488372093023256,NA,10,"top10","hr_med_precond;hr_sd_precond;eda_med_precond;eeg_fm_lbeta_power_precond;eeg_fm_specent_precond;pupil_full_pupil_asymmetry_precond;hrv_rmssd_precond;eda_pkrate_precond;pupil_full_pupil_mean_precond;eeg_fr_theta_power_precond"
2025-12-19 16:20:41.100513,5,"stress_label",10,16,0.03,0.447674418604651,0.412790697674419,0.42093023255814,10,"top10","hr_med_precond;hr_sd_precond;eda_med_precond;eeg_fm_lbeta_power_precond;eeg_fm_specent_precond;pupil_full_pupil_asymmetry_precond;hrv_rmssd_precond;eda_pkrate_precond;pupil_full_pupil_mean_precond;eeg_fr_theta_power_precond"
2025-12-19 16:20:41.233737,5,"stress_label",10,32,0.03,0.430232558139535,0.412790697674419,NA,10,"top10","hr_med_precond;hr_sd_precond;eda_med_precond;eeg_fm_lbeta_power_precond;eeg_fm_specent_precond;pupil_full_pupil_asymmetry_precond;hrv_rmssd_precond;eda_pkrate_precond;pupil_full_pupil_mean_precond;eeg_fr_theta_power_precond"
2025-12-19 16:20:41.387775,5,"stress_label",10,64,0.03,0.401162790697674,0.482558139534884,NA,10,"top10","hr_med_precond;hr_sd_precond;eda_med_precond;eeg_fm_lbeta_power_precond;eeg_fm_specent_precond;pupil_full_pupil_asymmetry_precond;hrv_rmssd_precond;eda_pkrate_precond;pupil_full_pupil_mean_precond;eeg_fr_theta_power_precond"
2025-12-19 16:20:41.766178,5,"stress_label",10,128,0.03,0.436046511627907,0.447674418604651,NA,10,"top10","hr_med_precond;hr_sd_precond;eda_med_precond;eeg_fm_lbeta_power_precond;eeg_fm_specent_precond;pupil_full_pupil_asymmetry_precond;hrv_rmssd_precond;eda_pkrate_precond;pupil_full_pupil_mean_precond;eeg_fr_theta_power_precond"
2025-12-19 16:20:42.171299,5,"stress_label",10,256,0.03,0.459302325581395,0.529069767441861,NA,10,"top10","hr_med_precond;hr_sd_precond;eda_med_precond;eeg_fm_lbeta_power_precond;eeg_fm_specent_precond;pupil_full_pupil_asymmetry_precond;hrv_rmssd_precond;eda_pkrate_precond;pupil_full_pupil_mean_precond;eeg_fr_theta_power_precond"
2025-12-19 16:20:41.394092,5,"stress_label",10,2,0.06,0.517441860465116,0.5,NA,10,"top10","hr_med_precond;hr_sd_precond;eda_med_precond;eeg_fm_lbeta_power_precond;eeg_fm_specent_precond;pupil_full_pupil_asymmetry_precond;hrv_rmssd_precond;eda_pkrate_precond;pupil_full_pupil_mean_precond;eeg_fr_theta_power_precond"
2025-12-19 16:20:41.432487,5,"stress_label",10,4,0.06,0.476744186046512,0.482558139534884,0.449612403100775,10,"top10","hr_med_precond;hr_sd_precond;eda_med_precond;eeg_fm_lbeta_power_precond;eeg_fm_specent_precond;pupil_full_pupil_asymmetry_precond;hrv_rmssd_precond;eda_pkrate_precond;pupil_full_pupil_mean_precond;eeg_fr_theta_power_precond"
2025-12-19 16:20:41.462065,5,"stress_label",10,8,0.06,0.441860465116279,0.319767441860465,0.425581395348837,10,"top10","hr_med_precond;hr_sd_precond;eda_med_precond;eeg_fm_lbeta_power_precond;eeg_fm_specent_precond;pupil_full_pupil_asymmetry_precond;hrv_rmssd_precond;eda_pkrate_precond;pupil_full_pupil_mean_precond;eeg_fr_theta_power_precond"
2025-12-19 16:20:41.584858,5,"stress_label",10,16,0.06,0.401162790697674,0.5,NA,10,"top10","hr_med_precond;hr_sd_precond;eda_med_precond;eeg_fm_lbeta_power_precond;eeg_fm_specent_precond;pupil_full_pupil_asymmetry_precond;hrv_rmssd_precond;eda_pkrate_precond;pupil_full_pupil_mean_precond;eeg_fr_theta_power_precond"
2025-12-19 16:20:41.74106,5,"stress_label",10,32,0.06,0.441860465116279,0.441860465116279,0.441085271317829,10,"top10","hr_med_precond;hr_sd_precond;eda_med_precond;eeg_fm_lbeta_power_precond;eeg_fm_specent_precond;pupil_full_pupil_asymmetry_precond;hrv_rmssd_precond;eda_pkrate_precond;pupil_full_pupil_mean_precond;eeg_fr_theta_power_precond"
2025-12-19 16:20:41.968698,5,"stress_label",10,64,0.06,0.436046511627907,0.563953488372093,NA,10,"top10","hr_med_precond;hr_sd_precond;eda_med_precond;eeg_fm_lbeta_power_precond;eeg_fm_specent_precond;pupil_full_pupil_asymmetry_precond;hrv_rmssd_precond;eda_pkrate_precond;pupil_full_pupil_mean_precond;eeg_fr_theta_power_precond"
2025-12-19 16:20:42.20478,5,"stress_label",10,128,0.06,0.38953488372093,0.622093023255814,NA,10,"top10","hr_med_precond;hr_sd_precond;eda_med_precond;eeg_fm_lbeta_power_precond;eeg_fm_specent_precond;pupil_full_pupil_asymmetry_precond;hrv_rmssd_precond;eda_pkrate_precond;pupil_full_pupil_mean_precond;eeg_fr_theta_power_precond"
2025-12-19 16:20:42.371395,5,"stress_label",10,256,0.06,0.38953488372093,0.552325581395349,NA,10,"top10","hr_med_precond;hr_sd_precond;eda_med_precond;eeg_fm_lbeta_power_precond;eeg_fm_specent_precond;pupil_full_pupil_asymmetry_precond;hrv_rmssd_precond;eda_pkrate_precond;pupil_full_pupil_mean_precond;eeg_fr_theta_power_precond"
2025-12-19 16:20:42.07169,5,"stress_label",10,2,0.1,0.459302325581395,0.354651162790698,0.448062015503876,10,"top10","hr_med_precond;hr_sd_precond;eda_med_precond;eeg_fm_lbeta_power_precond;eeg_fm_specent_precond;pupil_full_pupil_asymmetry_precond;hrv_rmssd_precond;eda_pkrate_precond;pupil_full_pupil_mean_precond;eeg_fr_theta_power_precond"
2025-12-19 16:20:42.192714,5,"stress_label",10,4,0.1,0.418604651162791,0.441860465116279,0.413178294573643,10,"top10","hr_med_precond;hr_sd_precond;eda_med_precond;eeg_fm_lbeta_power_precond;eeg_fm_specent_precond;pupil_full_pupil_asymmetry_precond;hrv_rmssd_precond;eda_pkrate_precond;pupil_full_pupil_mean_precond;eeg_fr_theta_power_precond"
2025-12-19 16:20:42.384472,5,"stress_label",10,8,0.1,0.395348837209302,0.465116279069767,NA,10,"top10","hr_med_precond;hr_sd_precond;eda_med_precond;eeg_fm_lbeta_power_precond;eeg_fm_specent_precond;pupil_full_pupil_asymmetry_precond;hrv_rmssd_precond;eda_pkrate_precond;pupil_full_pupil_mean_precond;eeg_fr_theta_power_precond"
2025-12-19 16:20:42.502945,5,"stress_label",10,16,0.1,0.447674418604651,0.587209302325581,NA,10,"top10","hr_med_precond;hr_sd_precond;eda_med_precond;eeg_fm_lbeta_power_precond;eeg_fm_specent_precond;pupil_full_pupil_asymmetry_precond;hrv_rmssd_precond;eda_pkrate_precond;pupil_full_pupil_mean_precond;eeg_fr_theta_power_precond"
2025-12-19 16:20:42.57514,5,"stress_label",10,32,0.1,0.395348837209302,0.587209302325581,NA,10,"top10","hr_med_precond;hr_sd_precond;eda_med_precond;eeg_fm_lbeta_power_precond;eeg_fm_specent_precond;pupil_full_pupil_asymmetry_precond;hrv_rmssd_precond;eda_pkrate_precond;pupil_full_pupil_mean_precond;eeg_fr_theta_power_precond"
2025-12-19 16:20:42.624206,5,"stress_label",10,64,0.1,0.395348837209302,0.593023255813954,NA,10,"top10","hr_med_precond;hr_sd_precond;eda_med_precond;eeg_fm_lbeta_power_precond;eeg_fm_specent_precond;pupil_full_pupil_asymmetry_precond;hrv_rmssd_precond;eda_pkrate_precond;pupil_full_pupil_mean_precond;eeg_fr_theta_power_precond"
2025-12-19 16:20:42.628921,5,"stress_label",10,128,0.1,0.395348837209302,0.546511627906977,NA,10,"top10","hr_med_precond;hr_sd_precond;eda_med_precond;eeg_fm_lbeta_power_precond;eeg_fm_specent_precond;pupil_full_pupil_asymmetry_precond;hrv_rmssd_precond;eda_pkrate_precond;pupil_full_pupil_mean_precond;eeg_fr_theta_power_precond"
2025-12-19 16:20:42.700965,5,"stress_label",10,256,0.1,0.395348837209302,0.593023255813954,NA,10,"top10","hr_med_precond;hr_sd_precond;eda_med_precond;eeg_fm_lbeta_power_precond;eeg_fm_specent_precond;pupil_full_pupil_asymmetry_precond;hrv_rmssd_precond;eda_pkrate_precond;pupil_full_pupil_mean_precond;eeg_fr_theta_power_precond"
2025-12-19 16:20:44.054893,6,"stress_label",10,2,0.0078125,0.552325581395349,0.523255813953488,0.495348837209302,10,"top10","hr_sd_precond;hr_med_precond;eda_med_precond;eeg_fm_specent_precond;hrv_rmssd_precond;pupil_full_pupil_asymmetry_precond;eda_pkrate_precond;eeg_faa_precond;pupil_full_pupil_mean_precond;eda_peakarea_precond"
2025-12-19 16:20:44.08743,6,"stress_label",10,4,0.0078125,0.575581395348837,0.540697674418605,0.568992248062016,10,"top10","hr_sd_precond;hr_med_precond;eda_med_precond;eeg_fm_specent_precond;hrv_rmssd_precond;pupil_full_pupil_asymmetry_precond;eda_pkrate_precond;eeg_faa_precond;pupil_full_pupil_mean_precond;eda_peakarea_precond"
2025-12-19 16:20:44.058285,6,"stress_label",10,8,0.0078125,0.598837209302326,0.546511627906977,0.587596899224806,10,"top10","hr_sd_precond;hr_med_precond;eda_med_precond;eeg_fm_specent_precond;hrv_rmssd_precond;pupil_full_pupil_asymmetry_precond;eda_pkrate_precond;eeg_faa_precond;pupil_full_pupil_mean_precond;eda_peakarea_precond"
2025-12-19 16:20:44.074973,6,"stress_label",10,16,0.0078125,0.575581395348837,0.569767441860465,NA,10,"top10","hr_sd_precond;hr_med_precond;eda_med_precond;eeg_fm_specent_precond;hrv_rmssd_precond;pupil_full_pupil_asymmetry_precond;eda_pkrate_precond;eeg_faa_precond;pupil_full_pupil_mean_precond;eda_peakarea_precond"
2025-12-19 16:20:44.065989,6,"stress_label",10,32,0.0078125,0.604651162790698,0.593023255813954,0.586046511627907,10,"top10","hr_sd_precond;hr_med_precond;eda_med_precond;eeg_fm_specent_precond;hrv_rmssd_precond;pupil_full_pupil_asymmetry_precond;eda_pkrate_precond;eeg_faa_precond;pupil_full_pupil_mean_precond;eda_peakarea_precond"
2025-12-19 16:20:44.101588,6,"stress_label",10,64,0.0078125,0.587209302325581,0.593023255813954,0.569767441860465,10,"top10","hr_sd_precond;hr_med_precond;eda_med_precond;eeg_fm_specent_precond;hrv_rmssd_precond;pupil_full_pupil_asymmetry_precond;eda_pkrate_precond;eeg_faa_precond;pupil_full_pupil_mean_precond;eda_peakarea_precond"
2025-12-19 16:20:44.155758,6,"stress_label",10,128,0.0078125,0.575581395348837,0.581395348837209,0.571317829457364,10,"top10","hr_sd_precond;hr_med_precond;eda_med_precond;eeg_fm_specent_precond;hrv_rmssd_precond;pupil_full_pupil_asymmetry_precond;eda_pkrate_precond;eeg_faa_precond;pupil_full_pupil_mean_precond;eda_peakarea_precond"
2025-12-19 16:20:44.336726,6,"stress_label",10,256,0.0078125,0.581395348837209,0.616279069767442,0.574418604651163,10,"top10","hr_sd_precond;hr_med_precond;eda_med_precond;eeg_fm_specent_precond;hrv_rmssd_precond;pupil_full_pupil_asymmetry_precond;eda_pkrate_precond;eeg_faa_precond;pupil_full_pupil_mean_precond;eda_peakarea_precond"
2025-12-19 16:20:44.065683,6,"stress_label",10,2,0.015625,0.593023255813954,0.505813953488372,0.589147286821705,10,"top10","hr_sd_precond;hr_med_precond;eda_med_precond;eeg_fm_specent_precond;hrv_rmssd_precond;pupil_full_pupil_asymmetry_precond;eda_pkrate_precond;eeg_faa_precond;pupil_full_pupil_mean_precond;eda_peakarea_precond"
2025-12-19 16:20:44.037758,6,"stress_label",10,4,0.015625,0.558139534883721,0.558139534883721,NA,10,"top10","hr_sd_precond;hr_med_precond;eda_med_precond;eeg_fm_specent_precond;hrv_rmssd_precond;pupil_full_pupil_asymmetry_precond;eda_pkrate_precond;eeg_faa_precond;pupil_full_pupil_mean_precond;eda_peakarea_precond"
2025-12-19 16:20:44.045483,6,"stress_label",10,8,0.015625,0.581395348837209,0.575581395348837,0.563565891472868,10,"top10","hr_sd_precond;hr_med_precond;eda_med_precond;eeg_fm_specent_precond;hrv_rmssd_precond;pupil_full_pupil_asymmetry_precond;eda_pkrate_precond;eeg_faa_precond;pupil_full_pupil_mean_precond;eda_peakarea_precond"
2025-12-19 16:20:44.050635,6,"stress_label",10,16,0.015625,0.581395348837209,0.604651162790698,0.565891472868217,10,"top10","hr_sd_precond;hr_med_precond;eda_med_precond;eeg_fm_specent_precond;hrv_rmssd_precond;pupil_full_pupil_asymmetry_precond;eda_pkrate_precond;eeg_faa_precond;pupil_full_pupil_mean_precond;eda_peakarea_precond"
2025-12-19 16:20:44.130692,6,"stress_label",10,32,0.015625,0.569767441860465,0.587209302325581,0.563565891472868,10,"top10","hr_sd_precond;hr_med_precond;eda_med_precond;eeg_fm_specent_precond;hrv_rmssd_precond;pupil_full_pupil_asymmetry_precond;eda_pkrate_precond;eeg_faa_precond;pupil_full_pupil_mean_precond;eda_peakarea_precond"
2025-12-19 16:20:44.21468,6,"stress_label",10,64,0.015625,0.575581395348837,0.622093023255814,0.57906976744186,10,"top10","hr_sd_precond;hr_med_precond;eda_med_precond;eeg_fm_specent_precond;hrv_rmssd_precond;pupil_full_pupil_asymmetry_precond;eda_pkrate_precond;eeg_faa_precond;pupil_full_pupil_mean_precond;eda_peakarea_precond"
2025-12-19 16:20:45.452792,6,"stress_label",10,128,0.015625,0.598837209302326,0.622093023255814,0.605426356589147,10,"top10","hr_sd_precond;hr_med_precond;eda_med_precond;eeg_fm_specent_precond;hrv_rmssd_precond;pupil_full_pupil_asymmetry_precond;eda_pkrate_precond;eeg_faa_precond;pupil_full_pupil_mean_precond;eda_peakarea_precond"
2025-12-19 16:20:45.688304,6,"stress_label",10,256,0.015625,0.569767441860465,0.552325581395349,0.565891472868217,10,"top10","hr_sd_precond;hr_med_precond;eda_med_precond;eeg_fm_specent_precond;hrv_rmssd_precond;pupil_full_pupil_asymmetry_precond;eda_pkrate_precond;eeg_faa_precond;pupil_full_pupil_mean_precond;eda_peakarea_precond"
2025-12-19 16:20:45.173843,6,"stress_label",10,2,0.03125,0.552325581395349,0.575581395348837,0.529457364341085,10,"top10","hr_sd_precond;hr_med_precond;eda_med_precond;eeg_fm_specent_precond;hrv_rmssd_precond;pupil_full_pupil_asymmetry_precond;eda_pkrate_precond;eeg_faa_precond;pupil_full_pupil_mean_precond;eda_peakarea_precond"
2025-12-19 16:20:45.189488,6,"stress_label",10,4,0.03125,0.581395348837209,0.61046511627907,0.563565891472868,10,"top10","hr_sd_precond;hr_med_precond;eda_med_precond;eeg_fm_specent_precond;hrv_rmssd_precond;pupil_full_pupil_asymmetry_precond;eda_pkrate_precond;eeg_faa_precond;pupil_full_pupil_mean_precond;eda_peakarea_precond"
2025-12-19 16:20:45.184559,6,"stress_label",10,8,0.03125,0.569767441860465,0.593023255813954,0.565891472868217,10,"top10","hr_sd_precond;hr_med_precond;eda_med_precond;eeg_fm_specent_precond;hrv_rmssd_precond;pupil_full_pupil_asymmetry_precond;eda_pkrate_precond;eeg_faa_precond;pupil_full_pupil_mean_precond;eda_peakarea_precond"
2025-12-19 16:20:45.228069,6,"stress_label",10,16,0.03125,0.569767441860465,0.593023255813954,0.57906976744186,10,"top10","hr_sd_precond;hr_med_precond;eda_med_precond;eeg_fm_specent_precond;hrv_rmssd_precond;pupil_full_pupil_asymmetry_precond;eda_pkrate_precond;eeg_faa_precond;pupil_full_pupil_mean_precond;eda_peakarea_precond"
2025-12-19 16:20:45.330193,6,"stress_label",10,32,0.03125,0.587209302325581,0.633720930232558,0.596899224806202,10,"top10","hr_sd_precond;hr_med_precond;eda_med_precond;eeg_fm_specent_precond;hrv_rmssd_precond;pupil_full_pupil_asymmetry_precond;eda_pkrate_precond;eeg_faa_precond;pupil_full_pupil_mean_precond;eda_peakarea_precond"
2025-12-19 16:20:45.456893,6,"stress_label",10,64,0.03125,0.552325581395349,0.575581395348837,0.557364341085271,10,"top10","hr_sd_precond;hr_med_precond;eda_med_precond;eeg_fm_specent_precond;hrv_rmssd_precond;pupil_full_pupil_asymmetry_precond;eda_pkrate_precond;eeg_faa_precond;pupil_full_pupil_mean_precond;eda_peakarea_precond"
2025-12-19 16:20:45.721733,6,"stress_label",10,128,0.03125,0.563953488372093,0.558139534883721,NA,10,"top10","hr_sd_precond;hr_med_precond;eda_med_precond;eeg_fm_specent_precond;hrv_rmssd_precond;pupil_full_pupil_asymmetry_precond;eda_pkrate_precond;eeg_faa_precond;pupil_full_pupil_mean_precond;eda_peakarea_precond"
2025-12-19 16:20:46.131068,6,"stress_label",10,256,0.03125,0.558139534883721,0.552325581395349,NA,10,"top10","hr_sd_precond;hr_med_precond;eda_med_precond;eeg_fm_specent_precond;hrv_rmssd_precond;pupil_full_pupil_asymmetry_precond;eda_pkrate_precond;eeg_faa_precond;pupil_full_pupil_mean_precond;eda_peakarea_precond"
2025-12-19 16:20:45.28633,6,"stress_label",10,2,0.0625,0.569767441860465,0.604651162790698,0.573643410852713,10,"top10","hr_sd_precond;hr_med_precond;eda_med_precond;eeg_fm_specent_precond;hrv_rmssd_precond;pupil_full_pupil_asymmetry_precond;eda_pkrate_precond;eeg_faa_precond;pupil_full_pupil_mean_precond;eda_peakarea_precond"
2025-12-19 16:20:45.277525,6,"stress_label",10,4,0.0625,0.558139534883721,0.587209302325581,0.56046511627907,10,"top10","hr_sd_precond;hr_med_precond;eda_med_precond;eeg_fm_specent_precond;hrv_rmssd_precond;pupil_full_pupil_asymmetry_precond;eda_pkrate_precond;eeg_faa_precond;pupil_full_pupil_mean_precond;eda_peakarea_precond"
2025-12-19 16:20:45.378675,6,"stress_label",10,8,0.0625,0.563953488372093,0.587209302325581,0.570542635658915,10,"top10","hr_sd_precond;hr_med_precond;eda_med_precond;eeg_fm_specent_precond;hrv_rmssd_precond;pupil_full_pupil_asymmetry_precond;eda_pkrate_precond;eeg_faa_precond;pupil_full_pupil_mean_precond;eda_peakarea_precond"
2025-12-19 16:20:45.567439,6,"stress_label",10,16,0.0625,0.558139534883721,0.581395348837209,0.553488372093023,10,"top10","hr_sd_precond;hr_med_precond;eda_med_precond;eeg_fm_specent_precond;hrv_rmssd_precond;pupil_full_pupil_asymmetry_precond;eda_pkrate_precond;eeg_faa_precond;pupil_full_pupil_mean_precond;eda_peakarea_precond"
2025-12-19 16:20:46.507693,6,"stress_label",10,32,0.0625,0.575581395348837,0.563953488372093,NA,10,"top10","hr_sd_precond;hr_med_precond;eda_med_precond;eeg_fm_specent_precond;hrv_rmssd_precond;pupil_full_pupil_asymmetry_precond;eda_pkrate_precond;eeg_faa_precond;pupil_full_pupil_mean_precond;eda_peakarea_precond"
2025-12-19 16:20:46.662693,6,"stress_label",10,64,0.0625,0.552325581395349,0.558139534883721,0.541860465116279,10,"top10","hr_sd_precond;hr_med_precond;eda_med_precond;eeg_fm_specent_precond;hrv_rmssd_precond;pupil_full_pupil_asymmetry_precond;eda_pkrate_precond;eeg_faa_precond;pupil_full_pupil_mean_precond;eda_peakarea_precond"
2025-12-19 16:20:46.748172,6,"stress_label",10,128,0.0625,0.540697674418605,0.581395348837209,0.537209302325581,10,"top10","hr_sd_precond;hr_med_precond;eda_med_precond;eeg_fm_specent_precond;hrv_rmssd_precond;pupil_full_pupil_asymmetry_precond;eda_pkrate_precond;eeg_faa_precond;pupil_full_pupil_mean_precond;eda_peakarea_precond"
2025-12-19 16:20:46.871499,6,"stress_label",10,256,0.0625,0.558139534883721,0.563953488372093,0.555038759689922,10,"top10","hr_sd_precond;hr_med_precond;eda_med_precond;eeg_fm_specent_precond;hrv_rmssd_precond;pupil_full_pupil_asymmetry_precond;eda_pkrate_precond;eeg_faa_precond;pupil_full_pupil_mean_precond;eda_peakarea_precond"
2025-12-19 16:20:46.453626,6,"stress_label",10,2,0.125,0.593023255813954,0.593023255813954,0.598449612403101,10,"top10","hr_sd_precond;hr_med_precond;eda_med_precond;eeg_fm_specent_precond;hrv_rmssd_precond;pupil_full_pupil_asymmetry_precond;eda_pkrate_precond;eeg_faa_precond;pupil_full_pupil_mean_precond;eda_peakarea_precond"
2025-12-19 16:20:46.482246,6,"stress_label",10,4,0.125,0.581395348837209,0.581395348837209,0.57906976744186,10,"top10","hr_sd_precond;hr_med_precond;eda_med_precond;eeg_fm_specent_precond;hrv_rmssd_precond;pupil_full_pupil_asymmetry_precond;eda_pkrate_precond;eeg_faa_precond;pupil_full_pupil_mean_precond;eda_peakarea_precond"
2025-12-19 16:20:46.543642,6,"stress_label",10,8,0.125,0.540697674418605,0.598837209302326,0.524031007751938,10,"top10","hr_sd_precond;hr_med_precond;eda_med_precond;eeg_fm_specent_precond;hrv_rmssd_precond;pupil_full_pupil_asymmetry_precond;eda_pkrate_precond;eeg_faa_precond;pupil_full_pupil_mean_precond;eda_peakarea_precond"
2025-12-19 16:20:46.65042,6,"stress_label",10,16,0.125,0.546511627906977,0.575581395348837,0.524806201550388,10,"top10","hr_sd_precond;hr_med_precond;eda_med_precond;eeg_fm_specent_precond;hrv_rmssd_precond;pupil_full_pupil_asymmetry_precond;eda_pkrate_precond;eeg_faa_precond;pupil_full_pupil_mean_precond;eda_peakarea_precond"
2025-12-19 16:20:46.743728,6,"stress_label",10,32,0.125,0.563953488372093,0.575581395348837,0.542635658914729,10,"top10","hr_sd_precond;hr_med_precond;eda_med_precond;eeg_fm_specent_precond;hrv_rmssd_precond;pupil_full_pupil_asymmetry_precond;eda_pkrate_precond;eeg_faa_precond;pupil_full_pupil_mean_precond;eda_peakarea_precond"
2025-12-19 16:20:46.770193,6,"stress_label",10,64,0.125,0.558139534883721,0.581395348837209,0.54031007751938,10,"top10","hr_sd_precond;hr_med_precond;eda_med_precond;eeg_fm_specent_precond;hrv_rmssd_precond;pupil_full_pupil_asymmetry_precond;eda_pkrate_precond;eeg_faa_precond;pupil_full_pupil_mean_precond;eda_peakarea_precond"
2025-12-19 16:20:46.874894,6,"stress_label",10,128,0.125,0.558139534883721,0.581395348837209,0.54031007751938,10,"top10","hr_sd_precond;hr_med_precond;eda_med_precond;eeg_fm_specent_precond;hrv_rmssd_precond;pupil_full_pupil_asymmetry_precond;eda_pkrate_precond;eeg_faa_precond;pupil_full_pupil_mean_precond;eda_peakarea_precond"
2025-12-19 16:20:46.99353,6,"stress_label",10,256,0.125,0.558139534883721,0.581395348837209,0.54031007751938,10,"top10","hr_sd_precond;hr_med_precond;eda_med_precond;eeg_fm_specent_precond;hrv_rmssd_precond;pupil_full_pupil_asymmetry_precond;eda_pkrate_precond;eeg_faa_precond;pupil_full_pupil_mean_precond;eda_peakarea_precond"
2025-12-19 16:20:46.869412,6,"stress_label",10,2,0.03,0.558139534883721,0.563953488372093,0.534883720930233,10,"top10","hr_sd_precond;hr_med_precond;eda_med_precond;eeg_fm_specent_precond;hrv_rmssd_precond;pupil_full_pupil_asymmetry_precond;eda_pkrate_precond;eeg_faa_precond;pupil_full_pupil_mean_precond;eda_peakarea_precond"
2025-12-19 16:20:47.274632,6,"stress_label",10,4,0.03,0.581395348837209,0.61046511627907,0.568217054263566,10,"top10","hr_sd_precond;hr_med_precond;eda_med_precond;eeg_fm_specent_precond;hrv_rmssd_precond;pupil_full_pupil_asymmetry_precond;eda_pkrate_precond;eeg_faa_precond;pupil_full_pupil_mean_precond;eda_peakarea_precond"
2025-12-19 16:20:47.575191,6,"stress_label",10,8,0.03,0.563953488372093,0.598837209302326,0.558139534883721,10,"top10","hr_sd_precond;hr_med_precond;eda_med_precond;eeg_fm_specent_precond;hrv_rmssd_precond;pupil_full_pupil_asymmetry_precond;eda_pkrate_precond;eeg_faa_precond;pupil_full_pupil_mean_precond;eda_peakarea_precond"
2025-12-19 16:20:47.622033,6,"stress_label",10,16,0.03,0.558139534883721,0.598837209302326,0.565116279069767,10,"top10","hr_sd_precond;hr_med_precond;eda_med_precond;eeg_fm_specent_precond;hrv_rmssd_precond;pupil_full_pupil_asymmetry_precond;eda_pkrate_precond;eeg_faa_precond;pupil_full_pupil_mean_precond;eda_peakarea_precond"
2025-12-19 16:20:47.741251,6,"stress_label",10,32,0.03,0.581395348837209,0.622093023255814,0.586046511627907,10,"top10","hr_sd_precond;hr_med_precond;eda_med_precond;eeg_fm_specent_precond;hrv_rmssd_precond;pupil_full_pupil_asymmetry_precond;eda_pkrate_precond;eeg_faa_precond;pupil_full_pupil_mean_precond;eda_peakarea_precond"
2025-12-19 16:20:47.890098,6,"stress_label",10,64,0.03,0.546511627906977,0.558139534883721,0.549612403100775,10,"top10","hr_sd_precond;hr_med_precond;eda_med_precond;eeg_fm_specent_precond;hrv_rmssd_precond;pupil_full_pupil_asymmetry_precond;eda_pkrate_precond;eeg_faa_precond;pupil_full_pupil_mean_precond;eda_peakarea_precond"
2025-12-19 16:20:48.302231,6,"stress_label",10,128,0.03,0.563953488372093,0.575581395348837,NA,10,"top10","hr_sd_precond;hr_med_precond;eda_med_precond;eeg_fm_specent_precond;hrv_rmssd_precond;pupil_full_pupil_asymmetry_precond;eda_pkrate_precond;eeg_faa_precond;pupil_full_pupil_mean_precond;eda_peakarea_precond"
2025-12-19 16:20:48.591536,6,"stress_label",10,256,0.03,0.563953488372093,0.546511627906977,NA,10,"top10","hr_sd_precond;hr_med_precond;eda_med_precond;eeg_fm_specent_precond;hrv_rmssd_precond;pupil_full_pupil_asymmetry_precond;eda_pkrate_precond;eeg_faa_precond;pupil_full_pupil_mean_precond;eda_peakarea_precond"
2025-12-19 16:20:47.888551,6,"stress_label",10,2,0.06,0.569767441860465,0.604651162790698,0.573643410852713,10,"top10","hr_sd_precond;hr_med_precond;eda_med_precond;eeg_fm_specent_precond;hrv_rmssd_precond;pupil_full_pupil_asymmetry_precond;eda_pkrate_precond;eeg_faa_precond;pupil_full_pupil_mean_precond;eda_peakarea_precond"
2025-12-19 16:20:47.884091,6,"stress_label",10,4,0.06,0.546511627906977,0.587209302325581,0.549612403100775,10,"top10","hr_sd_precond;hr_med_precond;eda_med_precond;eeg_fm_specent_precond;hrv_rmssd_precond;pupil_full_pupil_asymmetry_precond;eda_pkrate_precond;eeg_faa_precond;pupil_full_pupil_mean_precond;eda_peakarea_precond"
2025-12-19 16:20:47.895726,6,"stress_label",10,8,0.06,0.563953488372093,0.581395348837209,0.570542635658915,10,"top10","hr_sd_precond;hr_med_precond;eda_med_precond;eeg_fm_specent_precond;hrv_rmssd_precond;pupil_full_pupil_asymmetry_precond;eda_pkrate_precond;eeg_faa_precond;pupil_full_pupil_mean_precond;eda_peakarea_precond"
2025-12-19 16:20:48.088536,6,"stress_label",10,16,0.06,0.558139534883721,0.569767441860465,0.552713178294574,10,"top10","hr_sd_precond;hr_med_precond;eda_med_precond;eeg_fm_specent_precond;hrv_rmssd_precond;pupil_full_pupil_asymmetry_precond;eda_pkrate_precond;eeg_faa_precond;pupil_full_pupil_mean_precond;eda_peakarea_precond"
2025-12-19 16:20:48.222949,6,"stress_label",10,32,0.06,0.575581395348837,0.575581395348837,NA,10,"top10","hr_sd_precond;hr_med_precond;eda_med_precond;eeg_fm_specent_precond;hrv_rmssd_precond;pupil_full_pupil_asymmetry_precond;eda_pkrate_precond;eeg_faa_precond;pupil_full_pupil_mean_precond;eda_peakarea_precond"
2025-12-19 16:20:48.340996,6,"stress_label",10,64,0.06,0.558139534883721,0.546511627906977,0.549612403100775,10,"top10","hr_sd_precond;hr_med_precond;eda_med_precond;eeg_fm_specent_precond;hrv_rmssd_precond;pupil_full_pupil_asymmetry_precond;eda_pkrate_precond;eeg_faa_precond;pupil_full_pupil_mean_precond;eda_peakarea_precond"
2025-12-19 16:20:48.519629,6,"stress_label",10,128,0.06,0.534883720930233,0.540697674418605,0.524806201550388,10,"top10","hr_sd_precond;hr_med_precond;eda_med_precond;eeg_fm_specent_precond;hrv_rmssd_precond;pupil_full_pupil_asymmetry_precond;eda_pkrate_precond;eeg_faa_precond;pupil_full_pupil_mean_precond;eda_peakarea_precond"
2025-12-19 16:20:48.793545,6,"stress_label",10,256,0.06,0.558139534883721,0.558139534883721,0.555038759689922,10,"top10","hr_sd_precond;hr_med_precond;eda_med_precond;eeg_fm_specent_precond;hrv_rmssd_precond;pupil_full_pupil_asymmetry_precond;eda_pkrate_precond;eeg_faa_precond;pupil_full_pupil_mean_precond;eda_peakarea_precond"
2025-12-19 16:20:48.662956,6,"stress_label",10,2,0.1,0.569767441860465,0.587209302325581,0.581395348837209,10,"top10","hr_sd_precond;hr_med_precond;eda_med_precond;eeg_fm_specent_precond;hrv_rmssd_precond;pupil_full_pupil_asymmetry_precond;eda_pkrate_precond;eeg_faa_precond;pupil_full_pupil_mean_precond;eda_peakarea_precond"
2025-12-19 16:20:48.687561,6,"stress_label",10,4,0.1,0.587209302325581,0.587209302325581,0.590697674418605,10,"top10","hr_sd_precond;hr_med_precond;eda_med_precond;eeg_fm_specent_precond;hrv_rmssd_precond;pupil_full_pupil_asymmetry_precond;eda_pkrate_precond;eeg_faa_precond;pupil_full_pupil_mean_precond;eda_peakarea_precond"
2025-12-19 16:20:48.814641,6,"stress_label",10,8,0.1,0.558139534883721,0.575581395348837,0.551937984496124,10,"top10","hr_sd_precond;hr_med_precond;eda_med_precond;eeg_fm_specent_precond;hrv_rmssd_precond;pupil_full_pupil_asymmetry_precond;eda_pkrate_precond;eeg_faa_precond;pupil_full_pupil_mean_precond;eda_peakarea_precond"
2025-12-19 16:20:48.934311,6,"stress_label",10,16,0.1,0.563953488372093,0.587209302325581,0.550387596899225,10,"top10","hr_sd_precond;hr_med_precond;eda_med_precond;eeg_fm_specent_precond;hrv_rmssd_precond;pupil_full_pupil_asymmetry_precond;eda_pkrate_precond;eeg_faa_precond;pupil_full_pupil_mean_precond;eda_peakarea_precond"
2025-12-19 16:20:49.005589,6,"stress_label",10,32,0.1,0.523255813953488,0.563953488372093,0.513953488372093,10,"top10","hr_sd_precond;hr_med_precond;eda_med_precond;eeg_fm_specent_precond;hrv_rmssd_precond;pupil_full_pupil_asymmetry_precond;eda_pkrate_precond;eeg_faa_precond;pupil_full_pupil_mean_precond;eda_peakarea_precond"
2025-12-19 16:20:49.015263,6,"stress_label",10,64,0.1,0.558139534883721,0.558139534883721,0.553488372093023,10,"top10","hr_sd_precond;hr_med_precond;eda_med_precond;eeg_fm_specent_precond;hrv_rmssd_precond;pupil_full_pupil_asymmetry_precond;eda_pkrate_precond;eeg_faa_precond;pupil_full_pupil_mean_precond;eda_peakarea_precond"
2025-12-19 16:20:49.011868,6,"stress_label",10,128,0.1,0.558139534883721,0.558139534883721,0.551162790697674,10,"top10","hr_sd_precond;hr_med_precond;eda_med_precond;eeg_fm_specent_precond;hrv_rmssd_precond;pupil_full_pupil_asymmetry_precond;eda_pkrate_precond;eeg_faa_precond;pupil_full_pupil_mean_precond;eda_peakarea_precond"
2025-12-19 16:20:49.15806,6,"stress_label",10,256,0.1,0.558139534883721,0.558139534883721,0.551162790697674,10,"top10","hr_sd_precond;hr_med_precond;eda_med_precond;eeg_fm_specent_precond;hrv_rmssd_precond;pupil_full_pupil_asymmetry_precond;eda_pkrate_precond;eeg_faa_precond;pupil_full_pupil_mean_precond;eda_peakarea_precond"
2025-12-19 16:20:50.516128,7,"stress_label",10,2,0.0078125,0.563953488372093,0.552325581395349,0.551162790697674,10,"top10","hr_sd_precond;hr_med_precond;eda_med_precond;eeg_fm_specent_precond;hrv_rmssd_precond;eda_pkrate_precond;eda_peakarea_precond;pupil_full_pupil_asymmetry_precond;pupil_full_pupil_mean_precond;eeg_faa_precond"
2025-12-19 16:20:50.515969,7,"stress_label",10,4,0.0078125,0.540697674418605,0.569767441860465,0.530232558139535,10,"top10","hr_sd_precond;hr_med_precond;eda_med_precond;eeg_fm_specent_precond;hrv_rmssd_precond;eda_pkrate_precond;eda_peakarea_precond;pupil_full_pupil_asymmetry_precond;pupil_full_pupil_mean_precond;eeg_faa_precond"
2025-12-19 16:20:50.550319,7,"stress_label",10,8,0.0078125,0.546511627906977,0.505813953488372,0.532558139534884,10,"top10","hr_sd_precond;hr_med_precond;eda_med_precond;eeg_fm_specent_precond;hrv_rmssd_precond;eda_pkrate_precond;eda_peakarea_precond;pupil_full_pupil_asymmetry_precond;pupil_full_pupil_mean_precond;eeg_faa_precond"
2025-12-19 16:20:50.518142,7,"stress_label",10,16,0.0078125,0.563953488372093,0.511627906976744,0.55968992248062,10,"top10","hr_sd_precond;hr_med_precond;eda_med_precond;eeg_fm_specent_precond;hrv_rmssd_precond;eda_pkrate_precond;eda_peakarea_precond;pupil_full_pupil_asymmetry_precond;pupil_full_pupil_mean_precond;eeg_faa_precond"
2025-12-19 16:20:50.529188,7,"stress_label",10,32,0.0078125,0.593023255813954,0.575581395348837,NA,10,"top10","hr_sd_precond;hr_med_precond;eda_med_precond;eeg_fm_specent_precond;hrv_rmssd_precond;eda_pkrate_precond;eda_peakarea_precond;pupil_full_pupil_asymmetry_precond;pupil_full_pupil_mean_precond;eeg_faa_precond"
2025-12-19 16:20:50.630881,7,"stress_label",10,64,0.0078125,0.569767441860465,0.604651162790698,NA,10,"top10","hr_sd_precond;hr_med_precond;eda_med_precond;eeg_fm_specent_precond;hrv_rmssd_precond;eda_pkrate_precond;eda_peakarea_precond;pupil_full_pupil_asymmetry_precond;pupil_full_pupil_mean_precond;eeg_faa_precond"
2025-12-19 16:20:50.674471,7,"stress_label",10,128,0.0078125,0.558139534883721,0.575581395348837,NA,10,"top10","hr_sd_precond;hr_med_precond;eda_med_precond;eeg_fm_specent_precond;hrv_rmssd_precond;eda_pkrate_precond;eda_peakarea_precond;pupil_full_pupil_asymmetry_precond;pupil_full_pupil_mean_precond;eeg_faa_precond"
2025-12-19 16:20:50.830564,7,"stress_label",10,256,0.0078125,0.523255813953488,0.61046511627907,NA,10,"top10","hr_sd_precond;hr_med_precond;eda_med_precond;eeg_fm_specent_precond;hrv_rmssd_precond;eda_pkrate_precond;eda_peakarea_precond;pupil_full_pupil_asymmetry_precond;pupil_full_pupil_mean_precond;eeg_faa_precond"
2025-12-19 16:20:50.523671,7,"stress_label",10,2,0.015625,0.540697674418605,0.552325581395349,0.527131782945736,10,"top10","hr_sd_precond;hr_med_precond;eda_med_precond;eeg_fm_specent_precond;hrv_rmssd_precond;eda_pkrate_precond;eda_peakarea_precond;pupil_full_pupil_asymmetry_precond;pupil_full_pupil_mean_precond;eeg_faa_precond"
2025-12-19 16:20:50.509176,7,"stress_label",10,4,0.015625,0.546511627906977,0.534883720930233,0.544186046511628,10,"top10","hr_sd_precond;hr_med_precond;eda_med_precond;eeg_fm_specent_precond;hrv_rmssd_precond;eda_pkrate_precond;eda_peakarea_precond;pupil_full_pupil_asymmetry_precond;pupil_full_pupil_mean_precond;eeg_faa_precond"
2025-12-19 16:20:50.542209,7,"stress_label",10,8,0.015625,0.575581395348837,0.593023255813954,NA,10,"top10","hr_sd_precond;hr_med_precond;eda_med_precond;eeg_fm_specent_precond;hrv_rmssd_precond;eda_pkrate_precond;eda_peakarea_precond;pupil_full_pupil_asymmetry_precond;pupil_full_pupil_mean_precond;eeg_faa_precond"
2025-12-19 16:20:50.557074,7,"stress_label",10,16,0.015625,0.575581395348837,0.604651162790698,NA,10,"top10","hr_sd_precond;hr_med_precond;eda_med_precond;eeg_fm_specent_precond;hrv_rmssd_precond;eda_pkrate_precond;eda_peakarea_precond;pupil_full_pupil_asymmetry_precond;pupil_full_pupil_mean_precond;eeg_faa_precond"
2025-12-19 16:20:50.639528,7,"stress_label",10,32,0.015625,0.569767441860465,0.604651162790698,NA,10,"top10","hr_sd_precond;hr_med_precond;eda_med_precond;eeg_fm_specent_precond;hrv_rmssd_precond;eda_pkrate_precond;eda_peakarea_precond;pupil_full_pupil_asymmetry_precond;pupil_full_pupil_mean_precond;eeg_faa_precond"
2025-12-19 16:20:50.695848,7,"stress_label",10,64,0.015625,0.529069767441861,0.581395348837209,NA,10,"top10","hr_sd_precond;hr_med_precond;eda_med_precond;eeg_fm_specent_precond;hrv_rmssd_precond;eda_pkrate_precond;eda_peakarea_precond;pupil_full_pupil_asymmetry_precond;pupil_full_pupil_mean_precond;eeg_faa_precond"
2025-12-19 16:20:51.936167,7,"stress_label",10,128,0.015625,0.494186046511628,0.569767441860465,NA,10,"top10","hr_sd_precond;hr_med_precond;eda_med_precond;eeg_fm_specent_precond;hrv_rmssd_precond;eda_pkrate_precond;eda_peakarea_precond;pupil_full_pupil_asymmetry_precond;pupil_full_pupil_mean_precond;eeg_faa_precond"
2025-12-19 16:20:52.235391,7,"stress_label",10,256,0.015625,0.5,0.424418604651163,NA,10,"top10","hr_sd_precond;hr_med_precond;eda_med_precond;eeg_fm_specent_precond;hrv_rmssd_precond;eda_pkrate_precond;eda_peakarea_precond;pupil_full_pupil_asymmetry_precond;pupil_full_pupil_mean_precond;eeg_faa_precond"
2025-12-19 16:20:51.672049,7,"stress_label",10,2,0.03125,0.540697674418605,0.523255813953488,NA,10,"top10","hr_sd_precond;hr_med_precond;eda_med_precond;eeg_fm_specent_precond;hrv_rmssd_precond;eda_pkrate_precond;eda_peakarea_precond;pupil_full_pupil_asymmetry_precond;pupil_full_pupil_mean_precond;eeg_faa_precond"
2025-12-19 16:20:51.683742,7,"stress_label",10,4,0.03125,0.563953488372093,0.587209302325581,NA,10,"top10","hr_sd_precond;hr_med_precond;eda_med_precond;eeg_fm_specent_precond;hrv_rmssd_precond;eda_pkrate_precond;eda_peakarea_precond;pupil_full_pupil_asymmetry_precond;pupil_full_pupil_mean_precond;eeg_faa_precond"
2025-12-19 16:20:51.701875,7,"stress_label",10,8,0.03125,0.540697674418605,0.587209302325581,NA,10,"top10","hr_sd_precond;hr_med_precond;eda_med_precond;eeg_fm_specent_precond;hrv_rmssd_precond;eda_pkrate_precond;eda_peakarea_precond;pupil_full_pupil_asymmetry_precond;pupil_full_pupil_mean_precond;eeg_faa_precond"
2025-12-19 16:20:51.729374,7,"stress_label",10,16,0.03125,0.523255813953488,0.587209302325581,NA,10,"top10","hr_sd_precond;hr_med_precond;eda_med_precond;eeg_fm_specent_precond;hrv_rmssd_precond;eda_pkrate_precond;eda_peakarea_precond;pupil_full_pupil_asymmetry_precond;pupil_full_pupil_mean_precond;eeg_faa_precond"
2025-12-19 16:20:51.836696,7,"stress_label",10,32,0.03125,0.505813953488372,0.47093023255814,NA,10,"top10","hr_sd_precond;hr_med_precond;eda_med_precond;eeg_fm_specent_precond;hrv_rmssd_precond;eda_pkrate_precond;eda_peakarea_precond;pupil_full_pupil_asymmetry_precond;pupil_full_pupil_mean_precond;eeg_faa_precond"
2025-12-19 16:20:51.926902,7,"stress_label",10,64,0.03125,0.511627906976744,0.494186046511628,NA,10,"top10","hr_sd_precond;hr_med_precond;eda_med_precond;eeg_fm_specent_precond;hrv_rmssd_precond;eda_pkrate_precond;eda_peakarea_precond;pupil_full_pupil_asymmetry_precond;pupil_full_pupil_mean_precond;eeg_faa_precond"
2025-12-19 16:20:52.26301,7,"stress_label",10,128,0.03125,0.593023255813954,0.505813953488372,NA,10,"top10","hr_sd_precond;hr_med_precond;eda_med_precond;eeg_fm_specent_precond;hrv_rmssd_precond;eda_pkrate_precond;eda_peakarea_precond;pupil_full_pupil_asymmetry_precond;pupil_full_pupil_mean_precond;eeg_faa_precond"
2025-12-19 16:20:52.657648,7,"stress_label",10,256,0.03125,0.569767441860465,0.47093023255814,0.551937984496124,10,"top10","hr_sd_precond;hr_med_precond;eda_med_precond;eeg_fm_specent_precond;hrv_rmssd_precond;eda_pkrate_precond;eda_peakarea_precond;pupil_full_pupil_asymmetry_precond;pupil_full_pupil_mean_precond;eeg_faa_precond"
2025-12-19 16:20:51.817312,7,"stress_label",10,2,0.0625,0.534883720930233,0.540697674418605,NA,10,"top10","hr_sd_precond;hr_med_precond;eda_med_precond;eeg_fm_specent_precond;hrv_rmssd_precond;eda_pkrate_precond;eda_peakarea_precond;pupil_full_pupil_asymmetry_precond;pupil_full_pupil_mean_precond;eeg_faa_precond"
2025-12-19 16:20:51.832537,7,"stress_label",10,4,0.0625,0.517441860465116,0.581395348837209,NA,10,"top10","hr_sd_precond;hr_med_precond;eda_med_precond;eeg_fm_specent_precond;hrv_rmssd_precond;eda_pkrate_precond;eda_peakarea_precond;pupil_full_pupil_asymmetry_precond;pupil_full_pupil_mean_precond;eeg_faa_precond"
2025-12-19 16:20:51.909908,7,"stress_label",10,8,0.0625,0.482558139534884,0.5,NA,10,"top10","hr_sd_precond;hr_med_precond;eda_med_precond;eeg_fm_specent_precond;hrv_rmssd_precond;eda_pkrate_precond;eda_peakarea_precond;pupil_full_pupil_asymmetry_precond;pupil_full_pupil_mean_precond;eeg_faa_precond"
2025-12-19 16:20:52.114303,7,"stress_label",10,16,0.0625,0.558139534883721,0.546511627906977,NA,10,"top10","hr_sd_precond;hr_med_precond;eda_med_precond;eeg_fm_specent_precond;hrv_rmssd_precond;eda_pkrate_precond;eda_peakarea_precond;pupil_full_pupil_asymmetry_precond;pupil_full_pupil_mean_precond;eeg_faa_precond"
2025-12-19 16:20:53.059542,7,"stress_label",10,32,0.0625,0.581395348837209,0.563953488372093,NA,10,"top10","hr_sd_precond;hr_med_precond;eda_med_precond;eeg_fm_specent_precond;hrv_rmssd_precond;eda_pkrate_precond;eda_peakarea_precond;pupil_full_pupil_asymmetry_precond;pupil_full_pupil_mean_precond;eeg_faa_precond"
2025-12-19 16:20:53.166554,7,"stress_label",10,64,0.0625,0.540697674418605,0.563953488372093,0.521705426356589,10,"top10","hr_sd_precond;hr_med_precond;eda_med_precond;eeg_fm_specent_precond;hrv_rmssd_precond;eda_pkrate_precond;eda_peakarea_precond;pupil_full_pupil_asymmetry_precond;pupil_full_pupil_mean_precond;eeg_faa_precond"
2025-12-19 16:20:53.287741,7,"stress_label",10,128,0.0625,0.558139534883721,0.5,0.541085271317829,10,"top10","hr_sd_precond;hr_med_precond;eda_med_precond;eeg_fm_specent_precond;hrv_rmssd_precond;eda_pkrate_precond;eda_peakarea_precond;pupil_full_pupil_asymmetry_precond;pupil_full_pupil_mean_precond;eeg_faa_precond"
2025-12-19 16:20:53.397209,7,"stress_label",10,256,0.0625,0.575581395348837,0.441860465116279,0.558914728682171,10,"top10","hr_sd_precond;hr_med_precond;eda_med_precond;eeg_fm_specent_precond;hrv_rmssd_precond;eda_pkrate_precond;eda_peakarea_precond;pupil_full_pupil_asymmetry_precond;pupil_full_pupil_mean_precond;eeg_faa_precond"
2025-12-19 16:20:52.99471,7,"stress_label",10,2,0.125,0.529069767441861,0.534883720930233,NA,10,"top10","hr_sd_precond;hr_med_precond;eda_med_precond;eeg_fm_specent_precond;hrv_rmssd_precond;eda_pkrate_precond;eda_peakarea_precond;pupil_full_pupil_asymmetry_precond;pupil_full_pupil_mean_precond;eeg_faa_precond"
2025-12-19 16:20:53.055046,7,"stress_label",10,4,0.125,0.546511627906977,0.517441860465116,NA,10,"top10","hr_sd_precond;hr_med_precond;eda_med_precond;eeg_fm_specent_precond;hrv_rmssd_precond;eda_pkrate_precond;eda_peakarea_precond;pupil_full_pupil_asymmetry_precond;pupil_full_pupil_mean_precond;eeg_faa_precond"
2025-12-19 16:20:53.07868,7,"stress_label",10,8,0.125,0.534883720930233,0.569767441860465,0.52015503875969,10,"top10","hr_sd_precond;hr_med_precond;eda_med_precond;eeg_fm_specent_precond;hrv_rmssd_precond;eda_pkrate_precond;eda_peakarea_precond;pupil_full_pupil_asymmetry_precond;pupil_full_pupil_mean_precond;eeg_faa_precond"
2025-12-19 16:20:53.193686,7,"stress_label",10,16,0.125,0.558139534883721,0.552325581395349,0.543410852713178,10,"top10","hr_sd_precond;hr_med_precond;eda_med_precond;eeg_fm_specent_precond;hrv_rmssd_precond;eda_pkrate_precond;eda_peakarea_precond;pupil_full_pupil_asymmetry_precond;pupil_full_pupil_mean_precond;eeg_faa_precond"
2025-12-19 16:20:53.235376,7,"stress_label",10,32,0.125,0.563953488372093,0.552325581395349,0.552713178294574,10,"top10","hr_sd_precond;hr_med_precond;eda_med_precond;eeg_fm_specent_precond;hrv_rmssd_precond;eda_pkrate_precond;eda_peakarea_precond;pupil_full_pupil_asymmetry_precond;pupil_full_pupil_mean_precond;eeg_faa_precond"
2025-12-19 16:20:53.275733,7,"stress_label",10,64,0.125,0.575581395348837,0.558139534883721,0.568217054263566,10,"top10","hr_sd_precond;hr_med_precond;eda_med_precond;eeg_fm_specent_precond;hrv_rmssd_precond;eda_pkrate_precond;eda_peakarea_precond;pupil_full_pupil_asymmetry_precond;pupil_full_pupil_mean_precond;eeg_faa_precond"
2025-12-19 16:20:53.433934,7,"stress_label",10,128,0.125,0.575581395348837,0.558139534883721,0.568217054263566,10,"top10","hr_sd_precond;hr_med_precond;eda_med_precond;eeg_fm_specent_precond;hrv_rmssd_precond;eda_pkrate_precond;eda_peakarea_precond;pupil_full_pupil_asymmetry_precond;pupil_full_pupil_mean_precond;eeg_faa_precond"
2025-12-19 16:20:53.549032,7,"stress_label",10,256,0.125,0.575581395348837,0.546511627906977,0.568217054263566,10,"top10","hr_sd_precond;hr_med_precond;eda_med_precond;eeg_fm_specent_precond;hrv_rmssd_precond;eda_pkrate_precond;eda_peakarea_precond;pupil_full_pupil_asymmetry_precond;pupil_full_pupil_mean_precond;eeg_faa_precond"
2025-12-19 16:20:53.4178,7,"stress_label",10,2,0.03,0.540697674418605,0.540697674418605,NA,10,"top10","hr_sd_precond;hr_med_precond;eda_med_precond;eeg_fm_specent_precond;hrv_rmssd_precond;eda_pkrate_precond;eda_peakarea_precond;pupil_full_pupil_asymmetry_precond;pupil_full_pupil_mean_precond;eeg_faa_precond"
2025-12-19 16:20:53.82086,7,"stress_label",10,4,0.03,0.558139534883721,0.587209302325581,NA,10,"top10","hr_sd_precond;hr_med_precond;eda_med_precond;eeg_fm_specent_precond;hrv_rmssd_precond;eda_pkrate_precond;eda_peakarea_precond;pupil_full_pupil_asymmetry_precond;pupil_full_pupil_mean_precond;eeg_faa_precond"
2025-12-19 16:20:54.177176,7,"stress_label",10,8,0.03,0.546511627906977,0.563953488372093,NA,10,"top10","hr_sd_precond;hr_med_precond;eda_med_precond;eeg_fm_specent_precond;hrv_rmssd_precond;eda_pkrate_precond;eda_peakarea_precond;pupil_full_pupil_asymmetry_precond;pupil_full_pupil_mean_precond;eeg_faa_precond"
2025-12-19 16:20:54.263524,7,"stress_label",10,16,0.03,0.523255813953488,0.581395348837209,NA,10,"top10","hr_sd_precond;hr_med_precond;eda_med_precond;eeg_fm_specent_precond;hrv_rmssd_precond;eda_pkrate_precond;eda_peakarea_precond;pupil_full_pupil_asymmetry_precond;pupil_full_pupil_mean_precond;eeg_faa_precond"
2025-12-19 16:20:54.362305,7,"stress_label",10,32,0.03,0.5,0.505813953488372,NA,10,"top10","hr_sd_precond;hr_med_precond;eda_med_precond;eeg_fm_specent_precond;hrv_rmssd_precond;eda_pkrate_precond;eda_peakarea_precond;pupil_full_pupil_asymmetry_precond;pupil_full_pupil_mean_precond;eeg_faa_precond"
2025-12-19 16:20:54.451244,7,"stress_label",10,64,0.03,0.5,0.47093023255814,NA,10,"top10","hr_sd_precond;hr_med_precond;eda_med_precond;eeg_fm_specent_precond;hrv_rmssd_precond;eda_pkrate_precond;eda_peakarea_precond;pupil_full_pupil_asymmetry_precond;pupil_full_pupil_mean_precond;eeg_faa_precond"
2025-12-19 16:20:54.825743,7,"stress_label",10,128,0.03,0.581395348837209,0.488372093023256,NA,10,"top10","hr_sd_precond;hr_med_precond;eda_med_precond;eeg_fm_specent_precond;hrv_rmssd_precond;eda_pkrate_precond;eda_peakarea_precond;pupil_full_pupil_asymmetry_precond;pupil_full_pupil_mean_precond;eeg_faa_precond"
2025-12-19 16:20:55.194033,7,"stress_label",10,256,0.03,0.587209302325581,0.488372093023256,NA,10,"top10","hr_sd_precond;hr_med_precond;eda_med_precond;eeg_fm_specent_precond;hrv_rmssd_precond;eda_pkrate_precond;eda_peakarea_precond;pupil_full_pupil_asymmetry_precond;pupil_full_pupil_mean_precond;eeg_faa_precond"
2025-12-19 16:20:54.425838,7,"stress_label",10,2,0.06,0.534883720930233,0.552325581395349,NA,10,"top10","hr_sd_precond;hr_med_precond;eda_med_precond;eeg_fm_specent_precond;hrv_rmssd_precond;eda_pkrate_precond;eda_peakarea_precond;pupil_full_pupil_asymmetry_precond;pupil_full_pupil_mean_precond;eeg_faa_precond"
2025-12-19 16:20:54.449737,7,"stress_label",10,4,0.06,0.511627906976744,0.575581395348837,NA,10,"top10","hr_sd_precond;hr_med_precond;eda_med_precond;eeg_fm_specent_precond;hrv_rmssd_precond;eda_pkrate_precond;eda_peakarea_precond;pupil_full_pupil_asymmetry_precond;pupil_full_pupil_mean_precond;eeg_faa_precond"
2025-12-19 16:20:54.473102,7,"stress_label",10,8,0.06,0.488372093023256,0.5,NA,10,"top10","hr_sd_precond;hr_med_precond;eda_med_precond;eeg_fm_specent_precond;hrv_rmssd_precond;eda_pkrate_precond;eda_peakarea_precond;pupil_full_pupil_asymmetry_precond;pupil_full_pupil_mean_precond;eeg_faa_precond"
2025-12-19 16:20:54.669901,7,"stress_label",10,16,0.06,0.552325581395349,0.494186046511628,NA,10,"top10","hr_sd_precond;hr_med_precond;eda_med_precond;eeg_fm_specent_precond;hrv_rmssd_precond;eda_pkrate_precond;eda_peakarea_precond;pupil_full_pupil_asymmetry_precond;pupil_full_pupil_mean_precond;eeg_faa_precond"
2025-12-19 16:20:54.781003,7,"stress_label",10,32,0.06,0.604651162790698,0.529069767441861,NA,10,"top10","hr_sd_precond;hr_med_precond;eda_med_precond;eeg_fm_specent_precond;hrv_rmssd_precond;eda_pkrate_precond;eda_peakarea_precond;pupil_full_pupil_asymmetry_precond;pupil_full_pupil_mean_precond;eeg_faa_precond"
2025-12-19 16:20:54.910842,7,"stress_label",10,64,0.06,0.546511627906977,0.459302325581395,0.524031007751938,10,"top10","hr_sd_precond;hr_med_precond;eda_med_precond;eeg_fm_specent_precond;hrv_rmssd_precond;eda_pkrate_precond;eda_peakarea_precond;pupil_full_pupil_asymmetry_precond;pupil_full_pupil_mean_precond;eeg_faa_precond"
2025-12-19 16:20:55.114815,7,"stress_label",10,128,0.06,0.563953488372093,0.511627906976744,0.548837209302326,10,"top10","hr_sd_precond;hr_med_precond;eda_med_precond;eeg_fm_specent_precond;hrv_rmssd_precond;eda_pkrate_precond;eda_peakarea_precond;pupil_full_pupil_asymmetry_precond;pupil_full_pupil_mean_precond;eeg_faa_precond"
2025-12-19 16:20:55.391617,7,"stress_label",10,256,0.06,0.569767441860465,0.517441860465116,0.564341085271318,10,"top10","hr_sd_precond;hr_med_precond;eda_med_precond;eeg_fm_specent_precond;hrv_rmssd_precond;eda_pkrate_precond;eda_peakarea_precond;pupil_full_pupil_asymmetry_precond;pupil_full_pupil_mean_precond;eeg_faa_precond"
2025-12-19 16:20:55.247053,7,"stress_label",10,2,0.1,0.558139534883721,0.563953488372093,NA,10,"top10","hr_sd_precond;hr_med_precond;eda_med_precond;eeg_fm_specent_precond;hrv_rmssd_precond;eda_pkrate_precond;eda_peakarea_precond;pupil_full_pupil_asymmetry_precond;pupil_full_pupil_mean_precond;eeg_faa_precond"
2025-12-19 16:20:55.345546,7,"stress_label",10,4,0.1,0.523255813953488,0.47093023255814,NA,10,"top10","hr_sd_precond;hr_med_precond;eda_med_precond;eeg_fm_specent_precond;hrv_rmssd_precond;eda_pkrate_precond;eda_peakarea_precond;pupil_full_pupil_asymmetry_precond;pupil_full_pupil_mean_precond;eeg_faa_precond"
2025-12-19 16:20:55.4493,7,"stress_label",10,8,0.1,0.563953488372093,0.546511627906977,NA,10,"top10","hr_sd_precond;hr_med_precond;eda_med_precond;eeg_fm_specent_precond;hrv_rmssd_precond;eda_pkrate_precond;eda_peakarea_precond;pupil_full_pupil_asymmetry_precond;pupil_full_pupil_mean_precond;eeg_faa_precond"
2025-12-19 16:20:55.512134,7,"stress_label",10,16,0.1,0.552325581395349,0.575581395348837,0.535658914728682,10,"top10","hr_sd_precond;hr_med_precond;eda_med_precond;eeg_fm_specent_precond;hrv_rmssd_precond;eda_pkrate_precond;eda_peakarea_precond;pupil_full_pupil_asymmetry_precond;pupil_full_pupil_mean_precond;eeg_faa_precond"
2025-12-19 16:20:55.576943,7,"stress_label",10,32,0.1,0.546511627906977,0.511627906976744,0.530232558139535,10,"top10","hr_sd_precond;hr_med_precond;eda_med_precond;eeg_fm_specent_precond;hrv_rmssd_precond;eda_pkrate_precond;eda_peakarea_precond;pupil_full_pupil_asymmetry_precond;pupil_full_pupil_mean_precond;eeg_faa_precond"
2025-12-19 16:20:55.586307,7,"stress_label",10,64,0.1,0.575581395348837,0.523255813953488,0.558914728682171,10,"top10","hr_sd_precond;hr_med_precond;eda_med_precond;eeg_fm_specent_precond;hrv_rmssd_precond;eda_pkrate_precond;eda_peakarea_precond;pupil_full_pupil_asymmetry_precond;pupil_full_pupil_mean_precond;eeg_faa_precond"
2025-12-19 16:20:55.616738,7,"stress_label",10,128,0.1,0.563953488372093,0.529069767441861,0.554263565891473,10,"top10","hr_sd_precond;hr_med_precond;eda_med_precond;eeg_fm_specent_precond;hrv_rmssd_precond;eda_pkrate_precond;eda_peakarea_precond;pupil_full_pupil_asymmetry_precond;pupil_full_pupil_mean_precond;eeg_faa_precond"
2025-12-19 16:20:55.740098,7,"stress_label",10,256,0.1,0.563953488372093,0.517441860465116,0.554263565891473,10,"top10","hr_sd_precond;hr_med_precond;eda_med_precond;eeg_fm_specent_precond;hrv_rmssd_precond;eda_pkrate_precond;eda_peakarea_precond;pupil_full_pupil_asymmetry_precond;pupil_full_pupil_mean_precond;eeg_faa_precond"
2025-12-19 16:20:57.110013,9,"stress_label",10,2,0.0078125,0.587209302325581,0.575581395348837,0.582170542635659,10,"top10","hr_sd_precond;hr_med_precond;eda_med_precond;eeg_fm_specent_precond;hrv_rmssd_precond;eda_pkrate_precond;eeg_faa_precond;eeg_tleft_lalpha_power_precond;pupil_full_pupil_asymmetry_precond;eeg_fl_theta_power_precond"
2025-12-19 16:20:57.086956,9,"stress_label",10,4,0.0078125,0.61046511627907,0.651162790697674,0.626356589147287,10,"top10","hr_sd_precond;hr_med_precond;eda_med_precond;eeg_fm_specent_precond;hrv_rmssd_precond;eda_pkrate_precond;eeg_faa_precond;eeg_tleft_lalpha_power_precond;pupil_full_pupil_asymmetry_precond;eeg_fl_theta_power_precond"
2025-12-19 16:20:57.129417,9,"stress_label",10,8,0.0078125,0.616279069767442,0.651162790697674,0.646511627906977,10,"top10","hr_sd_precond;hr_med_precond;eda_med_precond;eeg_fm_specent_precond;hrv_rmssd_precond;eda_pkrate_precond;eeg_faa_precond;eeg_tleft_lalpha_power_precond;pupil_full_pupil_asymmetry_precond;eeg_fl_theta_power_precond"
2025-12-19 16:20:57.098492,9,"stress_label",10,16,0.0078125,0.598837209302326,0.633720930232558,0.629457364341085,10,"top10","hr_sd_precond;hr_med_precond;eda_med_precond;eeg_fm_specent_precond;hrv_rmssd_precond;eda_pkrate_precond;eeg_faa_precond;eeg_tleft_lalpha_power_precond;pupil_full_pupil_asymmetry_precond;eeg_fl_theta_power_precond"
2025-12-19 16:20:57.137501,9,"stress_label",10,32,0.0078125,0.627906976744186,0.674418604651163,0.64031007751938,10,"top10","hr_sd_precond;hr_med_precond;eda_med_precond;eeg_fm_specent_precond;hrv_rmssd_precond;eda_pkrate_precond;eeg_faa_precond;eeg_tleft_lalpha_power_precond;pupil_full_pupil_asymmetry_precond;eeg_fl_theta_power_precond"
2025-12-19 16:20:57.182403,9,"stress_label",10,64,0.0078125,0.593023255813954,0.656976744186046,0.592248062015504,10,"top10","hr_sd_precond;hr_med_precond;eda_med_precond;eeg_fm_specent_precond;hrv_rmssd_precond;eda_pkrate_precond;eeg_faa_precond;eeg_tleft_lalpha_power_precond;pupil_full_pupil_asymmetry_precond;eeg_fl_theta_power_precond"
2025-12-19 16:20:57.224414,9,"stress_label",10,128,0.0078125,0.575581395348837,0.558139534883721,0.586821705426357,10,"top10","hr_sd_precond;hr_med_precond;eda_med_precond;eeg_fm_specent_precond;hrv_rmssd_precond;eda_pkrate_precond;eeg_faa_precond;eeg_tleft_lalpha_power_precond;pupil_full_pupil_asymmetry_precond;eeg_fl_theta_power_precond"
2025-12-19 16:20:57.43781,9,"stress_label",10,256,0.0078125,0.534883720930233,0.517441860465116,NA,10,"top10","hr_sd_precond;hr_med_precond;eda_med_precond;eeg_fm_specent_precond;hrv_rmssd_precond;eda_pkrate_precond;eeg_faa_precond;eeg_tleft_lalpha_power_precond;pupil_full_pupil_asymmetry_precond;eeg_fl_theta_power_precond"
2025-12-19 16:20:57.104505,9,"stress_label",10,2,0.015625,0.604651162790698,0.63953488372093,0.622480620155039,10,"top10","hr_sd_precond;hr_med_precond;eda_med_precond;eeg_fm_specent_precond;hrv_rmssd_precond;eda_pkrate_precond;eeg_faa_precond;eeg_tleft_lalpha_power_precond;pupil_full_pupil_asymmetry_precond;eeg_fl_theta_power_precond"
2025-12-19 16:20:57.106125,9,"stress_label",10,4,0.015625,0.604651162790698,0.651162790697674,0.629457364341085,10,"top10","hr_sd_precond;hr_med_precond;eda_med_precond;eeg_fm_specent_precond;hrv_rmssd_precond;eda_pkrate_precond;eeg_faa_precond;eeg_tleft_lalpha_power_precond;pupil_full_pupil_asymmetry_precond;eeg_fl_theta_power_precond"
2025-12-19 16:20:57.084474,9,"stress_label",10,8,0.015625,0.61046511627907,0.674418604651163,0.62093023255814,10,"top10","hr_sd_precond;hr_med_precond;eda_med_precond;eeg_fm_specent_precond;hrv_rmssd_precond;eda_pkrate_precond;eeg_faa_precond;eeg_tleft_lalpha_power_precond;pupil_full_pupil_asymmetry_precond;eeg_fl_theta_power_precond"
2025-12-19 16:20:57.13129,9,"stress_label",10,16,0.015625,0.604651162790698,0.656976744186046,0.604651162790698,10,"top10","hr_sd_precond;hr_med_precond;eda_med_precond;eeg_fm_specent_precond;hrv_rmssd_precond;eda_pkrate_precond;eeg_faa_precond;eeg_tleft_lalpha_power_precond;pupil_full_pupil_asymmetry_precond;eeg_fl_theta_power_precond"
2025-12-19 16:20:57.164713,9,"stress_label",10,32,0.015625,0.569767441860465,0.581395348837209,0.585271317829457,10,"top10","hr_sd_precond;hr_med_precond;eda_med_precond;eeg_fm_specent_precond;hrv_rmssd_precond;eda_pkrate_precond;eeg_faa_precond;eeg_tleft_lalpha_power_precond;pupil_full_pupil_asymmetry_precond;eeg_fl_theta_power_precond"
2025-12-19 16:20:57.261554,9,"stress_label",10,64,0.015625,0.517441860465116,0.511627906976744,NA,10,"top10","hr_sd_precond;hr_med_precond;eda_med_precond;eeg_fm_specent_precond;hrv_rmssd_precond;eda_pkrate_precond;eeg_faa_precond;eeg_tleft_lalpha_power_precond;pupil_full_pupil_asymmetry_precond;eeg_fl_theta_power_precond"
2025-12-19 16:20:58.597158,9,"stress_label",10,128,0.015625,0.546511627906977,0.476744186046512,NA,10,"top10","hr_sd_precond;hr_med_precond;eda_med_precond;eeg_fm_specent_precond;hrv_rmssd_precond;eda_pkrate_precond;eeg_faa_precond;eeg_tleft_lalpha_power_precond;pupil_full_pupil_asymmetry_precond;eeg_fl_theta_power_precond"
2025-12-19 16:20:58.972611,9,"stress_label",10,256,0.015625,0.534883720930233,0.552325581395349,NA,10,"top10","hr_sd_precond;hr_med_precond;eda_med_precond;eeg_fm_specent_precond;hrv_rmssd_precond;eda_pkrate_precond;eeg_faa_precond;eeg_tleft_lalpha_power_precond;pupil_full_pupil_asymmetry_precond;eeg_fl_theta_power_precond"
2025-12-19 16:20:58.292485,9,"stress_label",10,2,0.03125,0.593023255813954,0.616279069767442,0.603875968992248,10,"top10","hr_sd_precond;hr_med_precond;eda_med_precond;eeg_fm_specent_precond;hrv_rmssd_precond;eda_pkrate_precond;eeg_faa_precond;eeg_tleft_lalpha_power_precond;pupil_full_pupil_asymmetry_precond;eeg_fl_theta_power_precond"
2025-12-19 16:20:58.313884,9,"stress_label",10,4,0.03125,0.61046511627907,0.645348837209302,0.613953488372093,10,"top10","hr_sd_precond;hr_med_precond;eda_med_precond;eeg_fm_specent_precond;hrv_rmssd_precond;eda_pkrate_precond;eeg_faa_precond;eeg_tleft_lalpha_power_precond;pupil_full_pupil_asymmetry_precond;eeg_fl_theta_power_precond"
2025-12-19 16:20:58.281247,9,"stress_label",10,8,0.03125,0.569767441860465,0.61046511627907,0.582945736434109,10,"top10","hr_sd_precond;hr_med_precond;eda_med_precond;eeg_fm_specent_precond;hrv_rmssd_precond;eda_pkrate_precond;eeg_faa_precond;eeg_tleft_lalpha_power_precond;pupil_full_pupil_asymmetry_precond;eeg_fl_theta_power_precond"
2025-12-19 16:20:58.373303,9,"stress_label",10,16,0.03125,0.505813953488372,0.540697674418605,NA,10,"top10","hr_sd_precond;hr_med_precond;eda_med_precond;eeg_fm_specent_precond;hrv_rmssd_precond;eda_pkrate_precond;eeg_faa_precond;eeg_tleft_lalpha_power_precond;pupil_full_pupil_asymmetry_precond;eeg_fl_theta_power_precond"
2025-12-19 16:20:58.498415,9,"stress_label",10,32,0.03125,0.505813953488372,0.523255813953488,NA,10,"top10","hr_sd_precond;hr_med_precond;eda_med_precond;eeg_fm_specent_precond;hrv_rmssd_precond;eda_pkrate_precond;eeg_faa_precond;eeg_tleft_lalpha_power_precond;pupil_full_pupil_asymmetry_precond;eeg_fl_theta_power_precond"
2025-12-19 16:20:58.653058,9,"stress_label",10,64,0.03125,0.552325581395349,0.511627906976744,NA,10,"top10","hr_sd_precond;hr_med_precond;eda_med_precond;eeg_fm_specent_precond;hrv_rmssd_precond;eda_pkrate_precond;eeg_faa_precond;eeg_tleft_lalpha_power_precond;pupil_full_pupil_asymmetry_precond;eeg_fl_theta_power_precond"
2025-12-19 16:20:58.903792,9,"stress_label",10,128,0.03125,0.558139534883721,0.511627906976744,NA,10,"top10","hr_sd_precond;hr_med_precond;eda_med_precond;eeg_fm_specent_precond;hrv_rmssd_precond;eda_pkrate_precond;eeg_faa_precond;eeg_tleft_lalpha_power_precond;pupil_full_pupil_asymmetry_precond;eeg_fl_theta_power_precond"
2025-12-19 16:20:59.17808,9,"stress_label",10,256,0.03125,0.558139534883721,0.447674418604651,NA,10,"top10","hr_sd_precond;hr_med_precond;eda_med_precond;eeg_fm_specent_precond;hrv_rmssd_precond;eda_pkrate_precond;eeg_faa_precond;eeg_tleft_lalpha_power_precond;pupil_full_pupil_asymmetry_precond;eeg_fl_theta_power_precond"
2025-12-19 16:20:58.396172,9,"stress_label",10,2,0.0625,0.593023255813954,0.645348837209302,0.615503875968992,10,"top10","hr_sd_precond;hr_med_precond;eda_med_precond;eeg_fm_specent_precond;hrv_rmssd_precond;eda_pkrate_precond;eeg_faa_precond;eeg_tleft_lalpha_power_precond;pupil_full_pupil_asymmetry_precond;eeg_fl_theta_power_precond"
2025-12-19 16:20:58.412233,9,"stress_label",10,4,0.0625,0.552325581395349,0.581395348837209,0.571317829457364,10,"top10","hr_sd_precond;hr_med_precond;eda_med_precond;eeg_fm_specent_precond;hrv_rmssd_precond;eda_pkrate_precond;eeg_faa_precond;eeg_tleft_lalpha_power_precond;pupil_full_pupil_asymmetry_precond;eeg_fl_theta_power_precond"
2025-12-19 16:20:58.526212,9,"stress_label",10,8,0.0625,0.546511627906977,0.494186046511628,NA,10,"top10","hr_sd_precond;hr_med_precond;eda_med_precond;eeg_fm_specent_precond;hrv_rmssd_precond;eda_pkrate_precond;eeg_faa_precond;eeg_tleft_lalpha_power_precond;pupil_full_pupil_asymmetry_precond;eeg_fl_theta_power_precond"
2025-12-19 16:20:58.761139,9,"stress_label",10,16,0.0625,0.558139534883721,0.482558139534884,NA,10,"top10","hr_sd_precond;hr_med_precond;eda_med_precond;eeg_fm_specent_precond;hrv_rmssd_precond;eda_pkrate_precond;eeg_faa_precond;eeg_tleft_lalpha_power_precond;pupil_full_pupil_asymmetry_precond;eeg_fl_theta_power_precond"
2025-12-19 16:20:59.6721,9,"stress_label",10,32,0.0625,0.569767441860465,0.5,NA,10,"top10","hr_sd_precond;hr_med_precond;eda_med_precond;eeg_fm_specent_precond;hrv_rmssd_precond;eda_pkrate_precond;eeg_faa_precond;eeg_tleft_lalpha_power_precond;pupil_full_pupil_asymmetry_precond;eeg_fl_theta_power_precond"
2025-12-19 16:20:59.765144,9,"stress_label",10,64,0.0625,0.552325581395349,0.5,NA,10,"top10","hr_sd_precond;hr_med_precond;eda_med_precond;eeg_fm_specent_precond;hrv_rmssd_precond;eda_pkrate_precond;eeg_faa_precond;eeg_tleft_lalpha_power_precond;pupil_full_pupil_asymmetry_precond;eeg_fl_theta_power_precond"
2025-12-19 16:20:59.98283,9,"stress_label",10,128,0.0625,0.534883720930233,0.482558139534884,NA,10,"top10","hr_sd_precond;hr_med_precond;eda_med_precond;eeg_fm_specent_precond;hrv_rmssd_precond;eda_pkrate_precond;eeg_faa_precond;eeg_tleft_lalpha_power_precond;pupil_full_pupil_asymmetry_precond;eeg_fl_theta_power_precond"
2025-12-19 16:21:00.104753,9,"stress_label",10,256,0.0625,0.546511627906977,0.593023255813954,NA,10,"top10","hr_sd_precond;hr_med_precond;eda_med_precond;eeg_fm_specent_precond;hrv_rmssd_precond;eda_pkrate_precond;eeg_faa_precond;eeg_tleft_lalpha_power_precond;pupil_full_pupil_asymmetry_precond;eeg_fl_theta_power_precond"
2025-12-19 16:20:59.581392,9,"stress_label",10,2,0.125,0.546511627906977,0.575581395348837,NA,10,"top10","hr_sd_precond;hr_med_precond;eda_med_precond;eeg_fm_specent_precond;hrv_rmssd_precond;eda_pkrate_precond;eeg_faa_precond;eeg_tleft_lalpha_power_precond;pupil_full_pupil_asymmetry_precond;eeg_fl_theta_power_precond"
2025-12-19 16:20:59.633888,9,"stress_label",10,4,0.125,0.563953488372093,0.546511627906977,NA,10,"top10","hr_sd_precond;hr_med_precond;eda_med_precond;eeg_fm_specent_precond;hrv_rmssd_precond;eda_pkrate_precond;eeg_faa_precond;eeg_tleft_lalpha_power_precond;pupil_full_pupil_asymmetry_precond;eeg_fl_theta_power_precond"
2025-12-19 16:20:59.699711,9,"stress_label",10,8,0.125,0.558139534883721,0.558139534883721,NA,10,"top10","hr_sd_precond;hr_med_precond;eda_med_precond;eeg_fm_specent_precond;hrv_rmssd_precond;eda_pkrate_precond;eeg_faa_precond;eeg_tleft_lalpha_power_precond;pupil_full_pupil_asymmetry_precond;eeg_fl_theta_power_precond"
2025-12-19 16:20:59.853689,9,"stress_label",10,16,0.125,0.552325581395349,0.540697674418605,NA,10,"top10","hr_sd_precond;hr_med_precond;eda_med_precond;eeg_fm_specent_precond;hrv_rmssd_precond;eda_pkrate_precond;eeg_faa_precond;eeg_tleft_lalpha_power_precond;pupil_full_pupil_asymmetry_precond;eeg_fl_theta_power_precond"
2025-12-19 16:20:59.972387,9,"stress_label",10,32,0.125,0.540697674418605,0.517441860465116,NA,10,"top10","hr_sd_precond;hr_med_precond;eda_med_precond;eeg_fm_specent_precond;hrv_rmssd_precond;eda_pkrate_precond;eeg_faa_precond;eeg_tleft_lalpha_power_precond;pupil_full_pupil_asymmetry_precond;eeg_fl_theta_power_precond"
2025-12-19 16:21:00.030228,9,"stress_label",10,64,0.125,0.552325581395349,0.494186046511628,NA,10,"top10","hr_sd_precond;hr_med_precond;eda_med_precond;eeg_fm_specent_precond;hrv_rmssd_precond;eda_pkrate_precond;eeg_faa_precond;eeg_tleft_lalpha_power_precond;pupil_full_pupil_asymmetry_precond;eeg_fl_theta_power_precond"
2025-12-19 16:21:00.126369,9,"stress_label",10,128,0.125,0.552325581395349,0.517441860465116,NA,10,"top10","hr_sd_precond;hr_med_precond;eda_med_precond;eeg_fm_specent_precond;hrv_rmssd_precond;eda_pkrate_precond;eeg_faa_precond;eeg_tleft_lalpha_power_precond;pupil_full_pupil_asymmetry_precond;eeg_fl_theta_power_precond"
2025-12-19 16:21:00.277461,9,"stress_label",10,256,0.125,0.552325581395349,0.517441860465116,NA,10,"top10","hr_sd_precond;hr_med_precond;eda_med_precond;eeg_fm_specent_precond;hrv_rmssd_precond;eda_pkrate_precond;eeg_faa_precond;eeg_tleft_lalpha_power_precond;pupil_full_pupil_asymmetry_precond;eeg_fl_theta_power_precond"
2025-12-19 16:21:00.129821,9,"stress_label",10,2,0.03,0.598837209302326,0.622093023255814,0.613178294573643,10,"top10","hr_sd_precond;hr_med_precond;eda_med_precond;eeg_fm_specent_precond;hrv_rmssd_precond;eda_pkrate_precond;eeg_faa_precond;eeg_tleft_lalpha_power_precond;pupil_full_pupil_asymmetry_precond;eeg_fl_theta_power_precond"
2025-12-19 16:21:00.332803,9,"stress_label",10,4,0.03,0.61046511627907,0.674418604651163,0.613953488372093,10,"top10","hr_sd_precond;hr_med_precond;eda_med_precond;eeg_fm_specent_precond;hrv_rmssd_precond;eda_pkrate_precond;eeg_faa_precond;eeg_tleft_lalpha_power_precond;pupil_full_pupil_asymmetry_precond;eeg_fl_theta_power_precond"
2025-12-19 16:21:00.738843,9,"stress_label",10,8,0.03,0.569767441860465,0.593023255813954,0.582945736434109,10,"top10","hr_sd_precond;hr_med_precond;eda_med_precond;eeg_fm_specent_precond;hrv_rmssd_precond;eda_pkrate_precond;eeg_faa_precond;eeg_tleft_lalpha_power_precond;pupil_full_pupil_asymmetry_precond;eeg_fl_theta_power_precond"
2025-12-19 16:21:00.815656,9,"stress_label",10,16,0.03,0.529069767441861,0.552325581395349,0.546511627906977,10,"top10","hr_sd_precond;hr_med_precond;eda_med_precond;eeg_fm_specent_precond;hrv_rmssd_precond;eda_pkrate_precond;eeg_faa_precond;eeg_tleft_lalpha_power_precond;pupil_full_pupil_asymmetry_precond;eeg_fl_theta_power_precond"
2025-12-19 16:21:00.944512,9,"stress_label",10,32,0.03,0.511627906976744,0.523255813953488,NA,10,"top10","hr_sd_precond;hr_med_precond;eda_med_precond;eeg_fm_specent_precond;hrv_rmssd_precond;eda_pkrate_precond;eeg_faa_precond;eeg_tleft_lalpha_power_precond;pupil_full_pupil_asymmetry_precond;eeg_fl_theta_power_precond"
2025-12-19 16:21:01.192131,9,"stress_label",10,64,0.03,0.552325581395349,0.494186046511628,NA,10,"top10","hr_sd_precond;hr_med_precond;eda_med_precond;eeg_fm_specent_precond;hrv_rmssd_precond;eda_pkrate_precond;eeg_faa_precond;eeg_tleft_lalpha_power_precond;pupil_full_pupil_asymmetry_precond;eeg_fl_theta_power_precond"
2025-12-19 16:21:01.477895,9,"stress_label",10,128,0.03,0.569767441860465,0.552325581395349,NA,10,"top10","hr_sd_precond;hr_med_precond;eda_med_precond;eeg_fm_specent_precond;hrv_rmssd_precond;eda_pkrate_precond;eeg_faa_precond;eeg_tleft_lalpha_power_precond;pupil_full_pupil_asymmetry_precond;eeg_fl_theta_power_precond"
2025-12-19 16:21:01.824497,9,"stress_label",10,256,0.03,0.558139534883721,0.505813953488372,NA,10,"top10","hr_sd_precond;hr_med_precond;eda_med_precond;eeg_fm_specent_precond;hrv_rmssd_precond;eda_pkrate_precond;eeg_faa_precond;eeg_tleft_lalpha_power_precond;pupil_full_pupil_asymmetry_precond;eeg_fl_theta_power_precond"
2025-12-19 16:21:01.179734,9,"stress_label",10,2,0.06,0.598837209302326,0.656976744186046,0.618604651162791,10,"top10","hr_sd_precond;hr_med_precond;eda_med_precond;eeg_fm_specent_precond;hrv_rmssd_precond;eda_pkrate_precond;eeg_faa_precond;eeg_tleft_lalpha_power_precond;pupil_full_pupil_asymmetry_precond;eeg_fl_theta_power_precond"
2025-12-19 16:21:01.188384,9,"stress_label",10,4,0.06,0.546511627906977,0.587209302325581,0.564341085271318,10,"top10","hr_sd_precond;hr_med_precond;eda_med_precond;eeg_fm_specent_precond;hrv_rmssd_precond;eda_pkrate_precond;eeg_faa_precond;eeg_tleft_lalpha_power_precond;pupil_full_pupil_asymmetry_precond;eeg_fl_theta_power_precond"
2025-12-19 16:21:01.310175,9,"stress_label",10,8,0.06,0.540697674418605,0.558139534883721,NA,10,"top10","hr_sd_precond;hr_med_precond;eda_med_precond;eeg_fm_specent_precond;hrv_rmssd_precond;eda_pkrate_precond;eeg_faa_precond;eeg_tleft_lalpha_power_precond;pupil_full_pupil_asymmetry_precond;eeg_fl_theta_power_precond"
2025-12-19 16:21:01.431876,9,"stress_label",10,16,0.06,0.558139534883721,0.534883720930233,NA,10,"top10","hr_sd_precond;hr_med_precond;eda_med_precond;eeg_fm_specent_precond;hrv_rmssd_precond;eda_pkrate_precond;eeg_faa_precond;eeg_tleft_lalpha_power_precond;pupil_full_pupil_asymmetry_precond;eeg_fl_theta_power_precond"
2025-12-19 16:21:01.52902,9,"stress_label",10,32,0.06,0.569767441860465,0.494186046511628,NA,10,"top10","hr_sd_precond;hr_med_precond;eda_med_precond;eeg_fm_specent_precond;hrv_rmssd_precond;eda_pkrate_precond;eeg_faa_precond;eeg_tleft_lalpha_power_precond;pupil_full_pupil_asymmetry_precond;eeg_fl_theta_power_precond"
2025-12-19 16:21:01.679279,9,"stress_label",10,64,0.06,0.569767441860465,0.459302325581395,NA,10,"top10","hr_sd_precond;hr_med_precond;eda_med_precond;eeg_fm_specent_precond;hrv_rmssd_precond;eda_pkrate_precond;eeg_faa_precond;eeg_tleft_lalpha_power_precond;pupil_full_pupil_asymmetry_precond;eeg_fl_theta_power_precond"
2025-12-19 16:21:01.917148,9,"stress_label",10,128,0.06,0.534883720930233,0.447674418604651,NA,10,"top10","hr_sd_precond;hr_med_precond;eda_med_precond;eeg_fm_specent_precond;hrv_rmssd_precond;eda_pkrate_precond;eeg_faa_precond;eeg_tleft_lalpha_power_precond;pupil_full_pupil_asymmetry_precond;eeg_fl_theta_power_precond"
2025-12-19 16:21:02.028575,9,"stress_label",10,256,0.06,0.546511627906977,0.575581395348837,NA,10,"top10","hr_sd_precond;hr_med_precond;eda_med_precond;eeg_fm_specent_precond;hrv_rmssd_precond;eda_pkrate_precond;eeg_faa_precond;eeg_tleft_lalpha_power_precond;pupil_full_pupil_asymmetry_precond;eeg_fl_theta_power_precond"
2025-12-19 16:21:01.87403,9,"stress_label",10,2,0.1,0.569767441860465,0.575581395348837,NA,10,"top10","hr_sd_precond;hr_med_precond;eda_med_precond;eeg_fm_specent_precond;hrv_rmssd_precond;eda_pkrate_precond;eeg_faa_precond;eeg_tleft_lalpha_power_precond;pupil_full_pupil_asymmetry_precond;eeg_fl_theta_power_precond"
2025-12-19 16:21:01.990859,9,"stress_label",10,4,0.1,0.534883720930233,0.540697674418605,NA,10,"top10","hr_sd_precond;hr_med_precond;eda_med_precond;eeg_fm_specent_precond;hrv_rmssd_precond;eda_pkrate_precond;eeg_faa_precond;eeg_tleft_lalpha_power_precond;pupil_full_pupil_asymmetry_precond;eeg_fl_theta_power_precond"
2025-12-19 16:21:02.112539,9,"stress_label",10,8,0.1,0.558139534883721,0.546511627906977,NA,10,"top10","hr_sd_precond;hr_med_precond;eda_med_precond;eeg_fm_specent_precond;hrv_rmssd_precond;eda_pkrate_precond;eeg_faa_precond;eeg_tleft_lalpha_power_precond;pupil_full_pupil_asymmetry_precond;eeg_fl_theta_power_precond"
2025-12-19 16:21:02.291536,9,"stress_label",10,16,0.1,0.569767441860465,0.558139534883721,NA,10,"top10","hr_sd_precond;hr_med_precond;eda_med_precond;eeg_fm_specent_precond;hrv_rmssd_precond;eda_pkrate_precond;eeg_faa_precond;eeg_tleft_lalpha_power_precond;pupil_full_pupil_asymmetry_precond;eeg_fl_theta_power_precond"
2025-12-19 16:21:02.34926,9,"stress_label",10,32,0.1,0.540697674418605,0.529069767441861,NA,10,"top10","hr_sd_precond;hr_med_precond;eda_med_precond;eeg_fm_specent_precond;hrv_rmssd_precond;eda_pkrate_precond;eeg_faa_precond;eeg_tleft_lalpha_power_precond;pupil_full_pupil_asymmetry_precond;eeg_fl_theta_power_precond"
2025-12-19 16:21:02.341281,9,"stress_label",10,64,0.1,0.563953488372093,0.534883720930233,NA,10,"top10","hr_sd_precond;hr_med_precond;eda_med_precond;eeg_fm_specent_precond;hrv_rmssd_precond;eda_pkrate_precond;eeg_faa_precond;eeg_tleft_lalpha_power_precond;pupil_full_pupil_asymmetry_precond;eeg_fl_theta_power_precond"
2025-12-19 16:21:02.4108,9,"stress_label",10,128,0.1,0.563953488372093,0.546511627906977,NA,10,"top10","hr_sd_precond;hr_med_precond;eda_med_precond;eeg_fm_specent_precond;hrv_rmssd_precond;eda_pkrate_precond;eeg_faa_precond;eeg_tleft_lalpha_power_precond;pupil_full_pupil_asymmetry_precond;eeg_fl_theta_power_precond"
2025-12-19 16:21:02.524338,9,"stress_label",10,256,0.1,0.563953488372093,0.523255813953488,NA,10,"top10","hr_sd_precond;hr_med_precond;eda_med_precond;eeg_fm_specent_precond;hrv_rmssd_precond;eda_pkrate_precond;eeg_faa_precond;eeg_tleft_lalpha_power_precond;pupil_full_pupil_asymmetry_precond;eeg_fl_theta_power_precond"
2025-12-19 16:21:03.942657,10,"stress_label",10,2,0.0078125,0.523255813953488,0.540697674418605,0.473643410852713,10,"top10","hr_sd_precond;hr_med_precond;eda_med_precond;eeg_fm_lbeta_power_precond;eeg_fm_specent_precond;hrv_rmssd_precond;eeg_faa_precond;pupil_full_pupil_mean_precond;eda_pkrate_precond;pupil_full_pupil_asymmetry_precond"
2025-12-19 16:21:03.947515,10,"stress_label",10,4,0.0078125,0.546511627906977,0.569767441860465,0.51937984496124,10,"top10","hr_sd_precond;hr_med_precond;eda_med_precond;eeg_fm_lbeta_power_precond;eeg_fm_specent_precond;hrv_rmssd_precond;eeg_faa_precond;pupil_full_pupil_mean_precond;eda_pkrate_precond;pupil_full_pupil_asymmetry_precond"
2025-12-19 16:21:03.902061,10,"stress_label",10,8,0.0078125,0.569767441860465,0.569767441860465,0.545736434108527,10,"top10","hr_sd_precond;hr_med_precond;eda_med_precond;eeg_fm_lbeta_power_precond;eeg_fm_specent_precond;hrv_rmssd_precond;eeg_faa_precond;pupil_full_pupil_mean_precond;eda_pkrate_precond;pupil_full_pupil_asymmetry_precond"
2025-12-19 16:21:03.905695,10,"stress_label",10,16,0.0078125,0.587209302325581,0.593023255813954,0.561240310077519,10,"top10","hr_sd_precond;hr_med_precond;eda_med_precond;eeg_fm_lbeta_power_precond;eeg_fm_specent_precond;hrv_rmssd_precond;eeg_faa_precond;pupil_full_pupil_mean_precond;eda_pkrate_precond;pupil_full_pupil_asymmetry_precond"
2025-12-19 16:21:03.972352,10,"stress_label",10,32,0.0078125,0.569767441860465,0.598837209302326,NA,10,"top10","hr_sd_precond;hr_med_precond;eda_med_precond;eeg_fm_lbeta_power_precond;eeg_fm_specent_precond;hrv_rmssd_precond;eeg_faa_precond;pupil_full_pupil_mean_precond;eda_pkrate_precond;pupil_full_pupil_asymmetry_precond"
2025-12-19 16:21:04.018539,10,"stress_label",10,64,0.0078125,0.558139534883721,0.569767441860465,NA,10,"top10","hr_sd_precond;hr_med_precond;eda_med_precond;eeg_fm_lbeta_power_precond;eeg_fm_specent_precond;hrv_rmssd_precond;eeg_faa_precond;pupil_full_pupil_mean_precond;eda_pkrate_precond;pupil_full_pupil_asymmetry_precond"
2025-12-19 16:21:04.072301,10,"stress_label",10,128,0.0078125,0.534883720930233,0.505813953488372,NA,10,"top10","hr_sd_precond;hr_med_precond;eda_med_precond;eeg_fm_lbeta_power_precond;eeg_fm_specent_precond;hrv_rmssd_precond;eeg_faa_precond;pupil_full_pupil_mean_precond;eda_pkrate_precond;pupil_full_pupil_asymmetry_precond"
2025-12-19 16:21:04.223043,10,"stress_label",10,256,0.0078125,0.476744186046512,0.395348837209302,NA,10,"top10","hr_sd_precond;hr_med_precond;eda_med_precond;eeg_fm_lbeta_power_precond;eeg_fm_specent_precond;hrv_rmssd_precond;eeg_faa_precond;pupil_full_pupil_mean_precond;eda_pkrate_precond;pupil_full_pupil_asymmetry_precond"
2025-12-19 16:21:03.930387,10,"stress_label",10,2,0.015625,0.534883720930233,0.563953488372093,0.515503875968992,10,"top10","hr_sd_precond;hr_med_precond;eda_med_precond;eeg_fm_lbeta_power_precond;eeg_fm_specent_precond;hrv_rmssd_precond;eeg_faa_precond;pupil_full_pupil_mean_precond;eda_pkrate_precond;pupil_full_pupil_asymmetry_precond"
2025-12-19 16:21:03.885492,10,"stress_label",10,4,0.015625,0.563953488372093,0.61046511627907,0.543410852713178,10,"top10","hr_sd_precond;hr_med_precond;eda_med_precond;eeg_fm_lbeta_power_precond;eeg_fm_specent_precond;hrv_rmssd_precond;eeg_faa_precond;pupil_full_pupil_mean_precond;eda_pkrate_precond;pupil_full_pupil_asymmetry_precond"
2025-12-19 16:21:03.915211,10,"stress_label",10,8,0.015625,0.558139534883721,0.587209302325581,0.532558139534884,10,"top10","hr_sd_precond;hr_med_precond;eda_med_precond;eeg_fm_lbeta_power_precond;eeg_fm_specent_precond;hrv_rmssd_precond;eeg_faa_precond;pupil_full_pupil_mean_precond;eda_pkrate_precond;pupil_full_pupil_asymmetry_precond"
2025-12-19 16:21:03.91005,10,"stress_label",10,16,0.015625,0.558139534883721,0.575581395348837,NA,10,"top10","hr_sd_precond;hr_med_precond;eda_med_precond;eeg_fm_lbeta_power_precond;eeg_fm_specent_precond;hrv_rmssd_precond;eeg_faa_precond;pupil_full_pupil_mean_precond;eda_pkrate_precond;pupil_full_pupil_asymmetry_precond"
2025-12-19 16:21:03.986671,10,"stress_label",10,32,0.015625,0.534883720930233,0.488372093023256,NA,10,"top10","hr_sd_precond;hr_med_precond;eda_med_precond;eeg_fm_lbeta_power_precond;eeg_fm_specent_precond;hrv_rmssd_precond;eeg_faa_precond;pupil_full_pupil_mean_precond;eda_pkrate_precond;pupil_full_pupil_asymmetry_precond"
2025-12-19 16:21:04.059627,10,"stress_label",10,64,0.015625,0.482558139534884,0.406976744186047,NA,10,"top10","hr_sd_precond;hr_med_precond;eda_med_precond;eeg_fm_lbeta_power_precond;eeg_fm_specent_precond;hrv_rmssd_precond;eeg_faa_precond;pupil_full_pupil_mean_precond;eda_pkrate_precond;pupil_full_pupil_asymmetry_precond"
2025-12-19 16:21:05.349561,10,"stress_label",10,128,0.015625,0.459302325581395,0.418604651162791,NA,10,"top10","hr_sd_precond;hr_med_precond;eda_med_precond;eeg_fm_lbeta_power_precond;eeg_fm_specent_precond;hrv_rmssd_precond;eeg_faa_precond;pupil_full_pupil_mean_precond;eda_pkrate_precond;pupil_full_pupil_asymmetry_precond"
2025-12-19 16:21:05.69646,10,"stress_label",10,256,0.015625,0.441860465116279,0.465116279069767,NA,10,"top10","hr_sd_precond;hr_med_precond;eda_med_precond;eeg_fm_lbeta_power_precond;eeg_fm_specent_precond;hrv_rmssd_precond;eeg_faa_precond;pupil_full_pupil_mean_precond;eda_pkrate_precond;pupil_full_pupil_asymmetry_precond"
2025-12-19 16:21:05.050034,10,"stress_label",10,2,0.03125,0.552325581395349,0.593023255813954,0.528682170542636,10,"top10","hr_sd_precond;hr_med_precond;eda_med_precond;eeg_fm_lbeta_power_precond;eeg_fm_specent_precond;hrv_rmssd_precond;eeg_faa_precond;pupil_full_pupil_mean_precond;eda_pkrate_precond;pupil_full_pupil_asymmetry_precond"
2025-12-19 16:21:05.051552,10,"stress_label",10,4,0.03125,0.558139534883721,0.587209302325581,NA,10,"top10","hr_sd_precond;hr_med_precond;eda_med_precond;eeg_fm_lbeta_power_precond;eeg_fm_specent_precond;hrv_rmssd_precond;eeg_faa_precond;pupil_full_pupil_mean_precond;eda_pkrate_precond;pupil_full_pupil_asymmetry_precond"
2025-12-19 16:21:05.105518,10,"stress_label",10,8,0.03125,0.540697674418605,0.534883720930233,NA,10,"top10","hr_sd_precond;hr_med_precond;eda_med_precond;eeg_fm_lbeta_power_precond;eeg_fm_specent_precond;hrv_rmssd_precond;eeg_faa_precond;pupil_full_pupil_mean_precond;eda_pkrate_precond;pupil_full_pupil_asymmetry_precond"
2025-12-19 16:21:05.153004,10,"stress_label",10,16,0.03125,0.494186046511628,0.47093023255814,NA,10,"top10","hr_sd_precond;hr_med_precond;eda_med_precond;eeg_fm_lbeta_power_precond;eeg_fm_specent_precond;hrv_rmssd_precond;eeg_faa_precond;pupil_full_pupil_mean_precond;eda_pkrate_precond;pupil_full_pupil_asymmetry_precond"
2025-12-19 16:21:05.226573,10,"stress_label",10,32,0.03125,0.482558139534884,0.406976744186047,NA,10,"top10","hr_sd_precond;hr_med_precond;eda_med_precond;eeg_fm_lbeta_power_precond;eeg_fm_specent_precond;hrv_rmssd_precond;eeg_faa_precond;pupil_full_pupil_mean_precond;eda_pkrate_precond;pupil_full_pupil_asymmetry_precond"
2025-12-19 16:21:05.435614,10,"stress_label",10,64,0.03125,0.453488372093023,0.47093023255814,NA,10,"top10","hr_sd_precond;hr_med_precond;eda_med_precond;eeg_fm_lbeta_power_precond;eeg_fm_specent_precond;hrv_rmssd_precond;eeg_faa_precond;pupil_full_pupil_mean_precond;eda_pkrate_precond;pupil_full_pupil_asymmetry_precond"
2025-12-19 16:21:05.73831,10,"stress_label",10,128,0.03125,0.5,0.418604651162791,NA,10,"top10","hr_sd_precond;hr_med_precond;eda_med_precond;eeg_fm_lbeta_power_precond;eeg_fm_specent_precond;hrv_rmssd_precond;eeg_faa_precond;pupil_full_pupil_mean_precond;eda_pkrate_precond;pupil_full_pupil_asymmetry_precond"
2025-12-19 16:21:06.016741,10,"stress_label",10,256,0.03125,0.447674418604651,0.47093023255814,NA,10,"top10","hr_sd_precond;hr_med_precond;eda_med_precond;eeg_fm_lbeta_power_precond;eeg_fm_specent_precond;hrv_rmssd_precond;eeg_faa_precond;pupil_full_pupil_mean_precond;eda_pkrate_precond;pupil_full_pupil_asymmetry_precond"
2025-12-19 16:21:05.153725,10,"stress_label",10,2,0.0625,0.546511627906977,0.517441860465116,NA,10,"top10","hr_sd_precond;hr_med_precond;eda_med_precond;eeg_fm_lbeta_power_precond;eeg_fm_specent_precond;hrv_rmssd_precond;eeg_faa_precond;pupil_full_pupil_mean_precond;eda_pkrate_precond;pupil_full_pupil_asymmetry_precond"
2025-12-19 16:21:05.246735,10,"stress_label",10,4,0.0625,0.494186046511628,0.401162790697674,NA,10,"top10","hr_sd_precond;hr_med_precond;eda_med_precond;eeg_fm_lbeta_power_precond;eeg_fm_specent_precond;hrv_rmssd_precond;eeg_faa_precond;pupil_full_pupil_mean_precond;eda_pkrate_precond;pupil_full_pupil_asymmetry_precond"
2025-12-19 16:21:05.29836,10,"stress_label",10,8,0.0625,0.476744186046512,0.424418604651163,NA,10,"top10","hr_sd_precond;hr_med_precond;eda_med_precond;eeg_fm_lbeta_power_precond;eeg_fm_specent_precond;hrv_rmssd_precond;eeg_faa_precond;pupil_full_pupil_mean_precond;eda_pkrate_precond;pupil_full_pupil_asymmetry_precond"
2025-12-19 16:21:05.550326,10,"stress_label",10,16,0.0625,0.482558139534884,0.377906976744186,NA,10,"top10","hr_sd_precond;hr_med_precond;eda_med_precond;eeg_fm_lbeta_power_precond;eeg_fm_specent_precond;hrv_rmssd_precond;eeg_faa_precond;pupil_full_pupil_mean_precond;eda_pkrate_precond;pupil_full_pupil_asymmetry_precond"
2025-12-19 16:21:06.423675,10,"stress_label",10,32,0.0625,0.476744186046512,0.453488372093023,NA,10,"top10","hr_sd_precond;hr_med_precond;eda_med_precond;eeg_fm_lbeta_power_precond;eeg_fm_specent_precond;hrv_rmssd_precond;eeg_faa_precond;pupil_full_pupil_mean_precond;eda_pkrate_precond;pupil_full_pupil_asymmetry_precond"
2025-12-19 16:21:06.606257,10,"stress_label",10,64,0.0625,0.441860465116279,0.418604651162791,NA,10,"top10","hr_sd_precond;hr_med_precond;eda_med_precond;eeg_fm_lbeta_power_precond;eeg_fm_specent_precond;hrv_rmssd_precond;eeg_faa_precond;pupil_full_pupil_mean_precond;eda_pkrate_precond;pupil_full_pupil_asymmetry_precond"
2025-12-19 16:21:06.839286,10,"stress_label",10,128,0.0625,0.47093023255814,0.412790697674419,NA,10,"top10","hr_sd_precond;hr_med_precond;eda_med_precond;eeg_fm_lbeta_power_precond;eeg_fm_specent_precond;hrv_rmssd_precond;eeg_faa_precond;pupil_full_pupil_mean_precond;eda_pkrate_precond;pupil_full_pupil_asymmetry_precond"
2025-12-19 16:21:06.901728,10,"stress_label",10,256,0.0625,0.482558139534884,0.319767441860465,NA,10,"top10","hr_sd_precond;hr_med_precond;eda_med_precond;eeg_fm_lbeta_power_precond;eeg_fm_specent_precond;hrv_rmssd_precond;eeg_faa_precond;pupil_full_pupil_mean_precond;eda_pkrate_precond;pupil_full_pupil_asymmetry_precond"
2025-12-19 16:21:06.328274,10,"stress_label",10,2,0.125,0.476744186046512,0.348837209302326,NA,10,"top10","hr_sd_precond;hr_med_precond;eda_med_precond;eeg_fm_lbeta_power_precond;eeg_fm_specent_precond;hrv_rmssd_precond;eeg_faa_precond;pupil_full_pupil_mean_precond;eda_pkrate_precond;pupil_full_pupil_asymmetry_precond"
2025-12-19 16:21:06.43505,10,"stress_label",10,4,0.125,0.482558139534884,0.372093023255814,0.486821705426357,10,"top10","hr_sd_precond;hr_med_precond;eda_med_precond;eeg_fm_lbeta_power_precond;eeg_fm_specent_precond;hrv_rmssd_precond;eeg_faa_precond;pupil_full_pupil_mean_precond;eda_pkrate_precond;pupil_full_pupil_asymmetry_precond"
2025-12-19 16:21:06.51195,10,"stress_label",10,8,0.125,0.47093023255814,0.372093023255814,NA,10,"top10","hr_sd_precond;hr_med_precond;eda_med_precond;eeg_fm_lbeta_power_precond;eeg_fm_specent_precond;hrv_rmssd_precond;eeg_faa_precond;pupil_full_pupil_mean_precond;eda_pkrate_precond;pupil_full_pupil_asymmetry_precond"
2025-12-19 16:21:06.656063,10,"stress_label",10,16,0.125,0.459302325581395,0.476744186046512,NA,10,"top10","hr_sd_precond;hr_med_precond;eda_med_precond;eeg_fm_lbeta_power_precond;eeg_fm_specent_precond;hrv_rmssd_precond;eeg_faa_precond;pupil_full_pupil_mean_precond;eda_pkrate_precond;pupil_full_pupil_asymmetry_precond"
2025-12-19 16:21:06.721629,10,"stress_label",10,32,0.125,0.488372093023256,0.401162790697674,NA,10,"top10","hr_sd_precond;hr_med_precond;eda_med_precond;eeg_fm_lbeta_power_precond;eeg_fm_specent_precond;hrv_rmssd_precond;eeg_faa_precond;pupil_full_pupil_mean_precond;eda_pkrate_precond;pupil_full_pupil_asymmetry_precond"
2025-12-19 16:21:06.857298,10,"stress_label",10,64,0.125,0.488372093023256,0.5,NA,10,"top10","hr_sd_precond;hr_med_precond;eda_med_precond;eeg_fm_lbeta_power_precond;eeg_fm_specent_precond;hrv_rmssd_precond;eeg_faa_precond;pupil_full_pupil_mean_precond;eda_pkrate_precond;pupil_full_pupil_asymmetry_precond"
2025-12-19 16:21:06.959152,10,"stress_label",10,128,0.125,0.488372093023256,0.372093023255814,NA,10,"top10","hr_sd_precond;hr_med_precond;eda_med_precond;eeg_fm_lbeta_power_precond;eeg_fm_specent_precond;hrv_rmssd_precond;eeg_faa_precond;pupil_full_pupil_mean_precond;eda_pkrate_precond;pupil_full_pupil_asymmetry_precond"
2025-12-19 16:21:07.052928,10,"stress_label",10,256,0.125,0.488372093023256,0.348837209302326,NA,10,"top10","hr_sd_precond;hr_med_precond;eda_med_precond;eeg_fm_lbeta_power_precond;eeg_fm_specent_precond;hrv_rmssd_precond;eeg_faa_precond;pupil_full_pupil_mean_precond;eda_pkrate_precond;pupil_full_pupil_asymmetry_precond"
2025-12-19 16:21:06.867844,10,"stress_label",10,2,0.03,0.552325581395349,0.593023255813954,0.528682170542636,10,"top10","hr_sd_precond;hr_med_precond;eda_med_precond;eeg_fm_lbeta_power_precond;eeg_fm_specent_precond;hrv_rmssd_precond;eeg_faa_precond;pupil_full_pupil_mean_precond;eda_pkrate_precond;pupil_full_pupil_asymmetry_precond"
2025-12-19 16:21:07.162262,10,"stress_label",10,4,0.03,0.558139534883721,0.581395348837209,NA,10,"top10","hr_sd_precond;hr_med_precond;eda_med_precond;eeg_fm_lbeta_power_precond;eeg_fm_specent_precond;hrv_rmssd_precond;eeg_faa_precond;pupil_full_pupil_mean_precond;eda_pkrate_precond;pupil_full_pupil_asymmetry_precond"
2025-12-19 16:21:07.493385,10,"stress_label",10,8,0.03,0.540697674418605,0.511627906976744,NA,10,"top10","hr_sd_precond;hr_med_precond;eda_med_precond;eeg_fm_lbeta_power_precond;eeg_fm_specent_precond;hrv_rmssd_precond;eeg_faa_precond;pupil_full_pupil_mean_precond;eda_pkrate_precond;pupil_full_pupil_asymmetry_precond"
2025-12-19 16:21:07.60773,10,"stress_label",10,16,0.03,0.5,0.441860465116279,NA,10,"top10","hr_sd_precond;hr_med_precond;eda_med_precond;eeg_fm_lbeta_power_precond;eeg_fm_specent_precond;hrv_rmssd_precond;eeg_faa_precond;pupil_full_pupil_mean_precond;eda_pkrate_precond;pupil_full_pupil_asymmetry_precond"
2025-12-19 16:21:07.761319,10,"stress_label",10,32,0.03,0.476744186046512,0.331395348837209,NA,10,"top10","hr_sd_precond;hr_med_precond;eda_med_precond;eeg_fm_lbeta_power_precond;eeg_fm_specent_precond;hrv_rmssd_precond;eeg_faa_precond;pupil_full_pupil_mean_precond;eda_pkrate_precond;pupil_full_pupil_asymmetry_precond"
2025-12-19 16:21:08.020893,10,"stress_label",10,64,0.03,0.465116279069767,0.47093023255814,NA,10,"top10","hr_sd_precond;hr_med_precond;eda_med_precond;eeg_fm_lbeta_power_precond;eeg_fm_specent_precond;hrv_rmssd_precond;eeg_faa_precond;pupil_full_pupil_mean_precond;eda_pkrate_precond;pupil_full_pupil_asymmetry_precond"
2025-12-19 16:21:08.357803,10,"stress_label",10,128,0.03,0.5,0.441860465116279,NA,10,"top10","hr_sd_precond;hr_med_precond;eda_med_precond;eeg_fm_lbeta_power_precond;eeg_fm_specent_precond;hrv_rmssd_precond;eeg_faa_precond;pupil_full_pupil_mean_precond;eda_pkrate_precond;pupil_full_pupil_asymmetry_precond"
2025-12-19 16:21:08.731787,10,"stress_label",10,256,0.03,0.47093023255814,0.412790697674419,NA,10,"top10","hr_sd_precond;hr_med_precond;eda_med_precond;eeg_fm_lbeta_power_precond;eeg_fm_specent_precond;hrv_rmssd_precond;eeg_faa_precond;pupil_full_pupil_mean_precond;eda_pkrate_precond;pupil_full_pupil_asymmetry_precond"
2025-12-19 16:21:07.891912,10,"stress_label",10,2,0.06,0.546511627906977,0.488372093023256,NA,10,"top10","hr_sd_precond;hr_med_precond;eda_med_precond;eeg_fm_lbeta_power_precond;eeg_fm_specent_precond;hrv_rmssd_precond;eeg_faa_precond;pupil_full_pupil_mean_precond;eda_pkrate_precond;pupil_full_pupil_asymmetry_precond"
2025-12-19 16:21:08.043869,10,"stress_label",10,4,0.06,0.511627906976744,0.447674418604651,NA,10,"top10","hr_sd_precond;hr_med_precond;eda_med_precond;eeg_fm_lbeta_power_precond;eeg_fm_specent_precond;hrv_rmssd_precond;eeg_faa_precond;pupil_full_pupil_mean_precond;eda_pkrate_precond;pupil_full_pupil_asymmetry_precond"
2025-12-19 16:21:08.094354,10,"stress_label",10,8,0.06,0.482558139534884,0.401162790697674,NA,10,"top10","hr_sd_precond;hr_med_precond;eda_med_precond;eeg_fm_lbeta_power_precond;eeg_fm_specent_precond;hrv_rmssd_precond;eeg_faa_precond;pupil_full_pupil_mean_precond;eda_pkrate_precond;pupil_full_pupil_asymmetry_precond"
2025-12-19 16:21:08.197678,10,"stress_label",10,16,0.06,0.488372093023256,0.395348837209302,NA,10,"top10","hr_sd_precond;hr_med_precond;eda_med_precond;eeg_fm_lbeta_power_precond;eeg_fm_specent_precond;hrv_rmssd_precond;eeg_faa_precond;pupil_full_pupil_mean_precond;eda_pkrate_precond;pupil_full_pupil_asymmetry_precond"
2025-12-19 16:21:08.361773,10,"stress_label",10,32,0.06,0.476744186046512,0.546511627906977,NA,10,"top10","hr_sd_precond;hr_med_precond;eda_med_precond;eeg_fm_lbeta_power_precond;eeg_fm_specent_precond;hrv_rmssd_precond;eeg_faa_precond;pupil_full_pupil_mean_precond;eda_pkrate_precond;pupil_full_pupil_asymmetry_precond"
2025-12-19 16:21:08.511365,10,"stress_label",10,64,0.06,0.447674418604651,0.453488372093023,NA,10,"top10","hr_sd_precond;hr_med_precond;eda_med_precond;eeg_fm_lbeta_power_precond;eeg_fm_specent_precond;hrv_rmssd_precond;eeg_faa_precond;pupil_full_pupil_mean_precond;eda_pkrate_precond;pupil_full_pupil_asymmetry_precond"
2025-12-19 16:21:08.776632,10,"stress_label",10,128,0.06,0.465116279069767,0.418604651162791,NA,10,"top10","hr_sd_precond;hr_med_precond;eda_med_precond;eeg_fm_lbeta_power_precond;eeg_fm_specent_precond;hrv_rmssd_precond;eeg_faa_precond;pupil_full_pupil_mean_precond;eda_pkrate_precond;pupil_full_pupil_asymmetry_precond"
2025-12-19 16:21:08.814081,10,"stress_label",10,256,0.06,0.476744186046512,0.436046511627907,NA,10,"top10","hr_sd_precond;hr_med_precond;eda_med_precond;eeg_fm_lbeta_power_precond;eeg_fm_specent_precond;hrv_rmssd_precond;eeg_faa_precond;pupil_full_pupil_mean_precond;eda_pkrate_precond;pupil_full_pupil_asymmetry_precond"
2025-12-19 16:21:08.674835,10,"stress_label",10,2,0.1,0.488372093023256,0.354651162790698,NA,10,"top10","hr_sd_precond;hr_med_precond;eda_med_precond;eeg_fm_lbeta_power_precond;eeg_fm_specent_precond;hrv_rmssd_precond;eeg_faa_precond;pupil_full_pupil_mean_precond;eda_pkrate_precond;pupil_full_pupil_asymmetry_precond"
2025-12-19 16:21:08.708728,10,"stress_label",10,4,0.1,0.494186046511628,0.47093023255814,0.495348837209302,10,"top10","hr_sd_precond;hr_med_precond;eda_med_precond;eeg_fm_lbeta_power_precond;eeg_fm_specent_precond;hrv_rmssd_precond;eeg_faa_precond;pupil_full_pupil_mean_precond;eda_pkrate_precond;pupil_full_pupil_asymmetry_precond"
2025-12-19 16:21:08.896688,10,"stress_label",10,8,0.1,0.488372093023256,0.348837209302326,0.495348837209302,10,"top10","hr_sd_precond;hr_med_precond;eda_med_precond;eeg_fm_lbeta_power_precond;eeg_fm_specent_precond;hrv_rmssd_precond;eeg_faa_precond;pupil_full_pupil_mean_precond;eda_pkrate_precond;pupil_full_pupil_asymmetry_precond"
2025-12-19 16:21:09.029052,10,"stress_label",10,16,0.1,0.47093023255814,0.366279069767442,NA,10,"top10","hr_sd_precond;hr_med_precond;eda_med_precond;eeg_fm_lbeta_power_precond;eeg_fm_specent_precond;hrv_rmssd_precond;eeg_faa_precond;pupil_full_pupil_mean_precond;eda_pkrate_precond;pupil_full_pupil_asymmetry_precond"
2025-12-19 16:21:09.145757,10,"stress_label",10,32,0.1,0.453488372093023,0.482558139534884,NA,10,"top10","hr_sd_precond;hr_med_precond;eda_med_precond;eeg_fm_lbeta_power_precond;eeg_fm_specent_precond;hrv_rmssd_precond;eeg_faa_precond;pupil_full_pupil_mean_precond;eda_pkrate_precond;pupil_full_pupil_asymmetry_precond"
2025-12-19 16:21:09.186102,10,"stress_label",10,64,0.1,0.5,0.377906976744186,NA,10,"top10","hr_sd_precond;hr_med_precond;eda_med_precond;eeg_fm_lbeta_power_precond;eeg_fm_specent_precond;hrv_rmssd_precond;eeg_faa_precond;pupil_full_pupil_mean_precond;eda_pkrate_precond;pupil_full_pupil_asymmetry_precond"
2025-12-19 16:21:09.221322,10,"stress_label",10,128,0.1,0.5,0.436046511627907,NA,10,"top10","hr_sd_precond;hr_med_precond;eda_med_precond;eeg_fm_lbeta_power_precond;eeg_fm_specent_precond;hrv_rmssd_precond;eeg_faa_precond;pupil_full_pupil_mean_precond;eda_pkrate_precond;pupil_full_pupil_asymmetry_precond"
2025-12-19 16:21:09.286506,10,"stress_label",10,256,0.1,0.5,0.38953488372093,NA,10,"top10","hr_sd_precond;hr_med_precond;eda_med_precond;eeg_fm_lbeta_power_precond;eeg_fm_specent_precond;hrv_rmssd_precond;eeg_faa_precond;pupil_full_pupil_mean_precond;eda_pkrate_precond;pupil_full_pupil_asymmetry_precond"
2025-12-19 16:21:10.668477,11,"stress_label",10,2,0.0078125,0.517441860465116,0.517441860465116,0.463565891472868,10,"top10","hr_sd_precond;hr_med_precond;eda_med_precond;eeg_fm_specent_precond;hrv_rmssd_precond;eda_pkrate_precond;eeg_faa_precond;pupil_full_pupil_mean_precond;eda_peakarea_precond;pupil_full_pupil_asymmetry_precond"
2025-12-19 16:21:10.697081,11,"stress_label",10,4,0.0078125,0.569767441860465,0.534883720930233,0.533333333333333,10,"top10","hr_sd_precond;hr_med_precond;eda_med_precond;eeg_fm_specent_precond;hrv_rmssd_precond;eda_pkrate_precond;eeg_faa_precond;pupil_full_pupil_mean_precond;eda_peakarea_precond;pupil_full_pupil_asymmetry_precond"
2025-12-19 16:21:10.683323,11,"stress_label",10,8,0.0078125,0.534883720930233,0.529069767441861,0.496124031007752,10,"top10","hr_sd_precond;hr_med_precond;eda_med_precond;eeg_fm_specent_precond;hrv_rmssd_precond;eda_pkrate_precond;eeg_faa_precond;pupil_full_pupil_mean_precond;eda_peakarea_precond;pupil_full_pupil_asymmetry_precond"
2025-12-19 16:21:10.689467,11,"stress_label",10,16,0.0078125,0.517441860465116,0.563953488372093,NA,10,"top10","hr_sd_precond;hr_med_precond;eda_med_precond;eeg_fm_specent_precond;hrv_rmssd_precond;eda_pkrate_precond;eeg_faa_precond;pupil_full_pupil_mean_precond;eda_peakarea_precond;pupil_full_pupil_asymmetry_precond"
2025-12-19 16:21:10.686847,11,"stress_label",10,32,0.0078125,0.569767441860465,0.598837209302326,NA,10,"top10","hr_sd_precond;hr_med_precond;eda_med_precond;eeg_fm_specent_precond;hrv_rmssd_precond;eda_pkrate_precond;eeg_faa_precond;pupil_full_pupil_mean_precond;eda_peakarea_precond;pupil_full_pupil_asymmetry_precond"
2025-12-19 16:21:10.705003,11,"stress_label",10,64,0.0078125,0.552325581395349,0.563953488372093,NA,10,"top10","hr_sd_precond;hr_med_precond;eda_med_precond;eeg_fm_specent_precond;hrv_rmssd_precond;eda_pkrate_precond;eeg_faa_precond;pupil_full_pupil_mean_precond;eda_peakarea_precond;pupil_full_pupil_asymmetry_precond"
2025-12-19 16:21:10.801615,11,"stress_label",10,128,0.0078125,0.558139534883721,0.569767441860465,NA,10,"top10","hr_sd_precond;hr_med_precond;eda_med_precond;eeg_fm_specent_precond;hrv_rmssd_precond;eda_pkrate_precond;eeg_faa_precond;pupil_full_pupil_mean_precond;eda_peakarea_precond;pupil_full_pupil_asymmetry_precond"
2025-12-19 16:21:10.952785,11,"stress_label",10,256,0.0078125,0.575581395348837,0.627906976744186,NA,10,"top10","hr_sd_precond;hr_med_precond;eda_med_precond;eeg_fm_specent_precond;hrv_rmssd_precond;eda_pkrate_precond;eeg_faa_precond;pupil_full_pupil_mean_precond;eda_peakarea_precond;pupil_full_pupil_asymmetry_precond"
2025-12-19 16:21:10.682998,11,"stress_label",10,2,0.015625,0.569767441860465,0.546511627906977,NA,10,"top10","hr_sd_precond;hr_med_precond;eda_med_precond;eeg_fm_specent_precond;hrv_rmssd_precond;eda_pkrate_precond;eeg_faa_precond;pupil_full_pupil_mean_precond;eda_peakarea_precond;pupil_full_pupil_asymmetry_precond"
2025-12-19 16:21:10.659619,11,"stress_label",10,4,0.015625,0.534883720930233,0.546511627906977,0.49922480620155,10,"top10","hr_sd_precond;hr_med_precond;eda_med_precond;eeg_fm_specent_precond;hrv_rmssd_precond;eda_pkrate_precond;eeg_faa_precond;pupil_full_pupil_mean_precond;eda_peakarea_precond;pupil_full_pupil_asymmetry_precond"
2025-12-19 16:21:10.70655,11,"stress_label",10,8,0.015625,0.558139534883721,0.598837209302326,NA,10,"top10","hr_sd_precond;hr_med_precond;eda_med_precond;eeg_fm_specent_precond;hrv_rmssd_precond;eda_pkrate_precond;eeg_faa_precond;pupil_full_pupil_mean_precond;eda_peakarea_precond;pupil_full_pupil_asymmetry_precond"
2025-12-19 16:21:10.680667,11,"stress_label",10,16,0.015625,0.552325581395349,0.581395348837209,NA,10,"top10","hr_sd_precond;hr_med_precond;eda_med_precond;eeg_fm_specent_precond;hrv_rmssd_precond;eda_pkrate_precond;eeg_faa_precond;pupil_full_pupil_mean_precond;eda_peakarea_precond;pupil_full_pupil_asymmetry_precond"
2025-12-19 16:21:10.703612,11,"stress_label",10,32,0.015625,0.534883720930233,0.587209302325581,NA,10,"top10","hr_sd_precond;hr_med_precond;eda_med_precond;eeg_fm_specent_precond;hrv_rmssd_precond;eda_pkrate_precond;eeg_faa_precond;pupil_full_pupil_mean_precond;eda_peakarea_precond;pupil_full_pupil_asymmetry_precond"
2025-12-19 16:21:10.774577,11,"stress_label",10,64,0.015625,0.581395348837209,0.616279069767442,NA,10,"top10","hr_sd_precond;hr_med_precond;eda_med_precond;eeg_fm_specent_precond;hrv_rmssd_precond;eda_pkrate_precond;eeg_faa_precond;pupil_full_pupil_mean_precond;eda_peakarea_precond;pupil_full_pupil_asymmetry_precond"
2025-12-19 16:21:12.116608,11,"stress_label",10,128,0.015625,0.616279069767442,0.633720930232558,NA,10,"top10","hr_sd_precond;hr_med_precond;eda_med_precond;eeg_fm_specent_precond;hrv_rmssd_precond;eda_pkrate_precond;eeg_faa_precond;pupil_full_pupil_mean_precond;eda_peakarea_precond;pupil_full_pupil_asymmetry_precond"
2025-12-19 16:21:12.377989,11,"stress_label",10,256,0.015625,0.563953488372093,0.552325581395349,NA,10,"top10","hr_sd_precond;hr_med_precond;eda_med_precond;eeg_fm_specent_precond;hrv_rmssd_precond;eda_pkrate_precond;eeg_faa_precond;pupil_full_pupil_mean_precond;eda_peakarea_precond;pupil_full_pupil_asymmetry_precond"
2025-12-19 16:21:11.825337,11,"stress_label",10,2,0.03125,0.552325581395349,0.569767441860465,0.530232558139535,10,"top10","hr_sd_precond;hr_med_precond;eda_med_precond;eeg_fm_specent_precond;hrv_rmssd_precond;eda_pkrate_precond;eeg_faa_precond;pupil_full_pupil_mean_precond;eda_peakarea_precond;pupil_full_pupil_asymmetry_precond"
2025-12-19 16:21:11.815666,11,"stress_label",10,4,0.03125,0.558139534883721,0.581395348837209,0.549612403100775,10,"top10","hr_sd_precond;hr_med_precond;eda_med_precond;eeg_fm_specent_precond;hrv_rmssd_precond;eda_pkrate_precond;eeg_faa_precond;pupil_full_pupil_mean_precond;eda_peakarea_precond;pupil_full_pupil_asymmetry_precond"
2025-12-19 16:21:11.856469,11,"stress_label",10,8,0.03125,0.517441860465116,0.558139534883721,NA,10,"top10","hr_sd_precond;hr_med_precond;eda_med_precond;eeg_fm_specent_precond;hrv_rmssd_precond;eda_pkrate_precond;eeg_faa_precond;pupil_full_pupil_mean_precond;eda_peakarea_precond;pupil_full_pupil_asymmetry_precond"
2025-12-19 16:21:11.858202,11,"stress_label",10,16,0.03125,0.569767441860465,0.604651162790698,0.562790697674419,10,"top10","hr_sd_precond;hr_med_precond;eda_med_precond;eeg_fm_specent_precond;hrv_rmssd_precond;eda_pkrate_precond;eeg_faa_precond;pupil_full_pupil_mean_precond;eda_peakarea_precond;pupil_full_pupil_asymmetry_precond"
2025-12-19 16:21:11.988236,11,"stress_label",10,32,0.03125,0.598837209302326,0.627906976744186,NA,10,"top10","hr_sd_precond;hr_med_precond;eda_med_precond;eeg_fm_specent_precond;hrv_rmssd_precond;eda_pkrate_precond;eeg_faa_precond;pupil_full_pupil_mean_precond;eda_peakarea_precond;pupil_full_pupil_asymmetry_precond"
2025-12-19 16:21:12.109851,11,"stress_label",10,64,0.03125,0.575581395348837,0.581395348837209,NA,10,"top10","hr_sd_precond;hr_med_precond;eda_med_precond;eeg_fm_specent_precond;hrv_rmssd_precond;eda_pkrate_precond;eeg_faa_precond;pupil_full_pupil_mean_precond;eda_peakarea_precond;pupil_full_pupil_asymmetry_precond"
2025-12-19 16:21:12.399037,11,"stress_label",10,128,0.03125,0.598837209302326,0.482558139534884,NA,10,"top10","hr_sd_precond;hr_med_precond;eda_med_precond;eeg_fm_specent_precond;hrv_rmssd_precond;eda_pkrate_precond;eeg_faa_precond;pupil_full_pupil_mean_precond;eda_peakarea_precond;pupil_full_pupil_asymmetry_precond"
2025-12-19 16:21:12.781855,11,"stress_label",10,256,0.03125,0.587209302325581,0.511627906976744,NA,10,"top10","hr_sd_precond;hr_med_precond;eda_med_precond;eeg_fm_specent_precond;hrv_rmssd_precond;eda_pkrate_precond;eeg_faa_precond;pupil_full_pupil_mean_precond;eda_peakarea_precond;pupil_full_pupil_asymmetry_precond"
2025-12-19 16:21:11.860089,11,"stress_label",10,2,0.0625,0.517441860465116,0.558139534883721,NA,10,"top10","hr_sd_precond;hr_med_precond;eda_med_precond;eeg_fm_specent_precond;hrv_rmssd_precond;eda_pkrate_precond;eeg_faa_precond;pupil_full_pupil_mean_precond;eda_peakarea_precond;pupil_full_pupil_asymmetry_precond"
2025-12-19 16:21:11.927579,11,"stress_label",10,4,0.0625,0.546511627906977,0.575581395348837,0.536434108527132,10,"top10","hr_sd_precond;hr_med_precond;eda_med_precond;eeg_fm_specent_precond;hrv_rmssd_precond;eda_pkrate_precond;eeg_faa_precond;pupil_full_pupil_mean_precond;eda_peakarea_precond;pupil_full_pupil_asymmetry_precond"
2025-12-19 16:21:12.009789,11,"stress_label",10,8,0.0625,0.593023255813954,0.598837209302326,NA,10,"top10","hr_sd_precond;hr_med_precond;eda_med_precond;eeg_fm_specent_precond;hrv_rmssd_precond;eda_pkrate_precond;eeg_faa_precond;pupil_full_pupil_mean_precond;eda_peakarea_precond;pupil_full_pupil_asymmetry_precond"
2025-12-19 16:21:12.211546,11,"stress_label",10,16,0.0625,0.598837209302326,0.558139534883721,NA,10,"top10","hr_sd_precond;hr_med_precond;eda_med_precond;eeg_fm_specent_precond;hrv_rmssd_precond;eda_pkrate_precond;eeg_faa_precond;pupil_full_pupil_mean_precond;eda_peakarea_precond;pupil_full_pupil_asymmetry_precond"
2025-12-19 16:21:13.233716,11,"stress_label",10,32,0.0625,0.593023255813954,0.569767441860465,NA,10,"top10","hr_sd_precond;hr_med_precond;eda_med_precond;eeg_fm_specent_precond;hrv_rmssd_precond;eda_pkrate_precond;eeg_faa_precond;pupil_full_pupil_mean_precond;eda_peakarea_precond;pupil_full_pupil_asymmetry_precond"
2025-12-19 16:21:13.341575,11,"stress_label",10,64,0.0625,0.534883720930233,0.552325581395349,NA,10,"top10","hr_sd_precond;hr_med_precond;eda_med_precond;eeg_fm_specent_precond;hrv_rmssd_precond;eda_pkrate_precond;eeg_faa_precond;pupil_full_pupil_mean_precond;eda_peakarea_precond;pupil_full_pupil_asymmetry_precond"
2025-12-19 16:21:13.471594,11,"stress_label",10,128,0.0625,0.563953488372093,0.430232558139535,0.541860465116279,10,"top10","hr_sd_precond;hr_med_precond;eda_med_precond;eeg_fm_specent_precond;hrv_rmssd_precond;eda_pkrate_precond;eeg_faa_precond;pupil_full_pupil_mean_precond;eda_peakarea_precond;pupil_full_pupil_asymmetry_precond"
2025-12-19 16:21:13.510534,11,"stress_label",10,256,0.0625,0.563953488372093,0.517441860465116,0.547286821705426,10,"top10","hr_sd_precond;hr_med_precond;eda_med_precond;eeg_fm_specent_precond;hrv_rmssd_precond;eda_pkrate_precond;eeg_faa_precond;pupil_full_pupil_mean_precond;eda_peakarea_precond;pupil_full_pupil_asymmetry_precond"
2025-12-19 16:21:13.063207,11,"stress_label",10,2,0.125,0.534883720930233,0.552325581395349,0.54031007751938,10,"top10","hr_sd_precond;hr_med_precond;eda_med_precond;eeg_fm_specent_precond;hrv_rmssd_precond;eda_pkrate_precond;eeg_faa_precond;pupil_full_pupil_mean_precond;eda_peakarea_precond;pupil_full_pupil_asymmetry_precond"
2025-12-19 16:21:13.17742,11,"stress_label",10,4,0.125,0.569767441860465,0.546511627906977,NA,10,"top10","hr_sd_precond;hr_med_precond;eda_med_precond;eeg_fm_specent_precond;hrv_rmssd_precond;eda_pkrate_precond;eeg_faa_precond;pupil_full_pupil_mean_precond;eda_peakarea_precond;pupil_full_pupil_asymmetry_precond"
2025-12-19 16:21:13.27937,11,"stress_label",10,8,0.125,0.558139534883721,0.61046511627907,0.545736434108527,10,"top10","hr_sd_precond;hr_med_precond;eda_med_precond;eeg_fm_specent_precond;hrv_rmssd_precond;eda_pkrate_precond;eeg_faa_precond;pupil_full_pupil_mean_precond;eda_peakarea_precond;pupil_full_pupil_asymmetry_precond"
2025-12-19 16:21:13.322378,11,"stress_label",10,16,0.125,0.540697674418605,0.581395348837209,0.527131782945736,10,"top10","hr_sd_precond;hr_med_precond;eda_med_precond;eeg_fm_specent_precond;hrv_rmssd_precond;eda_pkrate_precond;eeg_faa_precond;pupil_full_pupil_mean_precond;eda_peakarea_precond;pupil_full_pupil_asymmetry_precond"
2025-12-19 16:21:13.435749,11,"stress_label",10,32,0.125,0.552325581395349,0.534883720930233,0.54031007751938,10,"top10","hr_sd_precond;hr_med_precond;eda_med_precond;eeg_fm_specent_precond;hrv_rmssd_precond;eda_pkrate_precond;eeg_faa_precond;pupil_full_pupil_mean_precond;eda_peakarea_precond;pupil_full_pupil_asymmetry_precond"
2025-12-19 16:21:13.489704,11,"stress_label",10,64,0.125,0.552325581395349,0.546511627906977,0.543410852713178,10,"top10","hr_sd_precond;hr_med_precond;eda_med_precond;eeg_fm_specent_precond;hrv_rmssd_precond;eda_pkrate_precond;eeg_faa_precond;pupil_full_pupil_mean_precond;eda_peakarea_precond;pupil_full_pupil_asymmetry_precond"
2025-12-19 16:21:13.562448,11,"stress_label",10,128,0.125,0.552325581395349,0.546511627906977,0.543410852713178,10,"top10","hr_sd_precond;hr_med_precond;eda_med_precond;eeg_fm_specent_precond;hrv_rmssd_precond;eda_pkrate_precond;eeg_faa_precond;pupil_full_pupil_mean_precond;eda_peakarea_precond;pupil_full_pupil_asymmetry_precond"
2025-12-19 16:21:13.728998,11,"stress_label",10,256,0.125,0.552325581395349,0.546511627906977,0.543410852713178,10,"top10","hr_sd_precond;hr_med_precond;eda_med_precond;eeg_fm_specent_precond;hrv_rmssd_precond;eda_pkrate_precond;eeg_faa_precond;pupil_full_pupil_mean_precond;eda_peakarea_precond;pupil_full_pupil_asymmetry_precond"
2025-12-19 16:21:13.552522,11,"stress_label",10,2,0.03,0.552325581395349,0.569767441860465,0.530232558139535,10,"top10","hr_sd_precond;hr_med_precond;eda_med_precond;eeg_fm_specent_precond;hrv_rmssd_precond;eda_pkrate_precond;eeg_faa_precond;pupil_full_pupil_mean_precond;eda_peakarea_precond;pupil_full_pupil_asymmetry_precond"
2025-12-19 16:21:13.913655,11,"stress_label",10,4,0.03,0.563953488372093,0.575581395348837,0.557364341085271,10,"top10","hr_sd_precond;hr_med_precond;eda_med_precond;eeg_fm_specent_precond;hrv_rmssd_precond;eda_pkrate_precond;eeg_faa_precond;pupil_full_pupil_mean_precond;eda_peakarea_precond;pupil_full_pupil_asymmetry_precond"
2025-12-19 16:21:14.185046,11,"stress_label",10,8,0.03,0.523255813953488,0.558139534883721,NA,10,"top10","hr_sd_precond;hr_med_precond;eda_med_precond;eeg_fm_specent_precond;hrv_rmssd_precond;eda_pkrate_precond;eeg_faa_precond;pupil_full_pupil_mean_precond;eda_peakarea_precond;pupil_full_pupil_asymmetry_precond"
2025-12-19 16:21:14.347083,11,"stress_label",10,16,0.03,0.546511627906977,0.604651162790698,0.541860465116279,10,"top10","hr_sd_precond;hr_med_precond;eda_med_precond;eeg_fm_specent_precond;hrv_rmssd_precond;eda_pkrate_precond;eeg_faa_precond;pupil_full_pupil_mean_precond;eda_peakarea_precond;pupil_full_pupil_asymmetry_precond"
2025-12-19 16:21:14.516255,11,"stress_label",10,32,0.03,0.604651162790698,0.627906976744186,NA,10,"top10","hr_sd_precond;hr_med_precond;eda_med_precond;eeg_fm_specent_precond;hrv_rmssd_precond;eda_pkrate_precond;eeg_faa_precond;pupil_full_pupil_mean_precond;eda_peakarea_precond;pupil_full_pupil_asymmetry_precond"
2025-12-19 16:21:14.683201,11,"stress_label",10,64,0.03,0.587209302325581,0.604651162790698,NA,10,"top10","hr_sd_precond;hr_med_precond;eda_med_precond;eeg_fm_specent_precond;hrv_rmssd_precond;eda_pkrate_precond;eeg_faa_precond;pupil_full_pupil_mean_precond;eda_peakarea_precond;pupil_full_pupil_asymmetry_precond"
2025-12-19 16:21:14.970096,11,"stress_label",10,128,0.03,0.593023255813954,0.488372093023256,NA,10,"top10","hr_sd_precond;hr_med_precond;eda_med_precond;eeg_fm_specent_precond;hrv_rmssd_precond;eda_pkrate_precond;eeg_faa_precond;pupil_full_pupil_mean_precond;eda_peakarea_precond;pupil_full_pupil_asymmetry_precond"
2025-12-19 16:21:15.304812,11,"stress_label",10,256,0.03,0.587209302325581,0.552325581395349,NA,10,"top10","hr_sd_precond;hr_med_precond;eda_med_precond;eeg_fm_specent_precond;hrv_rmssd_precond;eda_pkrate_precond;eeg_faa_precond;pupil_full_pupil_mean_precond;eda_peakarea_precond;pupil_full_pupil_asymmetry_precond"
2025-12-19 16:21:14.618111,11,"stress_label",10,2,0.06,0.523255813953488,0.540697674418605,NA,10,"top10","hr_sd_precond;hr_med_precond;eda_med_precond;eeg_fm_specent_precond;hrv_rmssd_precond;eda_pkrate_precond;eeg_faa_precond;pupil_full_pupil_mean_precond;eda_peakarea_precond;pupil_full_pupil_asymmetry_precond"
2025-12-19 16:21:14.594093,11,"stress_label",10,4,0.06,0.552325581395349,0.575581395348837,0.533333333333333,10,"top10","hr_sd_precond;hr_med_precond;eda_med_precond;eeg_fm_specent_precond;hrv_rmssd_precond;eda_pkrate_precond;eeg_faa_precond;pupil_full_pupil_mean_precond;eda_peakarea_precond;pupil_full_pupil_asymmetry_precond"
2025-12-19 16:21:14.725603,11,"stress_label",10,8,0.06,0.587209302325581,0.563953488372093,NA,10,"top10","hr_sd_precond;hr_med_precond;eda_med_precond;eeg_fm_specent_precond;hrv_rmssd_precond;eda_pkrate_precond;eeg_faa_precond;pupil_full_pupil_mean_precond;eda_peakarea_precond;pupil_full_pupil_asymmetry_precond"
2025-12-19 16:21:14.754196,11,"stress_label",10,16,0.06,0.593023255813954,0.529069767441861,NA,10,"top10","hr_sd_precond;hr_med_precond;eda_med_precond;eeg_fm_specent_precond;hrv_rmssd_precond;eda_pkrate_precond;eeg_faa_precond;pupil_full_pupil_mean_precond;eda_peakarea_precond;pupil_full_pupil_asymmetry_precond"
2025-12-19 16:21:14.935367,11,"stress_label",10,32,0.06,0.598837209302326,0.604651162790698,NA,10,"top10","hr_sd_precond;hr_med_precond;eda_med_precond;eeg_fm_specent_precond;hrv_rmssd_precond;eda_pkrate_precond;eeg_faa_precond;pupil_full_pupil_mean_precond;eda_peakarea_precond;pupil_full_pupil_asymmetry_precond"
2025-12-19 16:21:15.053758,11,"stress_label",10,64,0.06,0.540697674418605,0.540697674418605,0.521705426356589,10,"top10","hr_sd_precond;hr_med_precond;eda_med_precond;eeg_fm_specent_precond;hrv_rmssd_precond;eda_pkrate_precond;eeg_faa_precond;pupil_full_pupil_mean_precond;eda_peakarea_precond;pupil_full_pupil_asymmetry_precond"
2025-12-19 16:21:15.335007,11,"stress_label",10,128,0.06,0.540697674418605,0.5,NA,10,"top10","hr_sd_precond;hr_med_precond;eda_med_precond;eeg_fm_specent_precond;hrv_rmssd_precond;eda_pkrate_precond;eeg_faa_precond;pupil_full_pupil_mean_precond;eda_peakarea_precond;pupil_full_pupil_asymmetry_precond"
2025-12-19 16:21:15.466513,11,"stress_label",10,256,0.06,0.563953488372093,0.511627906976744,0.547286821705426,10,"top10","hr_sd_precond;hr_med_precond;eda_med_precond;eeg_fm_specent_precond;hrv_rmssd_precond;eda_pkrate_precond;eeg_faa_precond;pupil_full_pupil_mean_precond;eda_peakarea_precond;pupil_full_pupil_asymmetry_precond"
2025-12-19 16:21:15.298763,11,"stress_label",10,2,0.1,0.540697674418605,0.575581395348837,NA,10,"top10","hr_sd_precond;hr_med_precond;eda_med_precond;eeg_fm_specent_precond;hrv_rmssd_precond;eda_pkrate_precond;eeg_faa_precond;pupil_full_pupil_mean_precond;eda_peakarea_precond;pupil_full_pupil_asymmetry_precond"
2025-12-19 16:21:15.437852,11,"stress_label",10,4,0.1,0.587209302325581,0.598837209302326,NA,10,"top10","hr_sd_precond;hr_med_precond;eda_med_precond;eeg_fm_specent_precond;hrv_rmssd_precond;eda_pkrate_precond;eeg_faa_precond;pupil_full_pupil_mean_precond;eda_peakarea_precond;pupil_full_pupil_asymmetry_precond"
2025-12-19 16:21:15.644355,11,"stress_label",10,8,0.1,0.563953488372093,0.523255813953488,NA,10,"top10","hr_sd_precond;hr_med_precond;eda_med_precond;eeg_fm_specent_precond;hrv_rmssd_precond;eda_pkrate_precond;eeg_faa_precond;pupil_full_pupil_mean_precond;eda_peakarea_precond;pupil_full_pupil_asymmetry_precond"
2025-12-19 16:21:15.706557,11,"stress_label",10,16,0.1,0.575581395348837,0.575581395348837,0.563565891472868,10,"top10","hr_sd_precond;hr_med_precond;eda_med_precond;eeg_fm_specent_precond;hrv_rmssd_precond;eda_pkrate_precond;eeg_faa_precond;pupil_full_pupil_mean_precond;eda_peakarea_precond;pupil_full_pupil_asymmetry_precond"
2025-12-19 16:21:15.746978,11,"stress_label",10,32,0.1,0.540697674418605,0.552325581395349,0.523255813953488,10,"top10","hr_sd_precond;hr_med_precond;eda_med_precond;eeg_fm_specent_precond;hrv_rmssd_precond;eda_pkrate_precond;eeg_faa_precond;pupil_full_pupil_mean_precond;eda_peakarea_precond;pupil_full_pupil_asymmetry_precond"
2025-12-19 16:21:15.827006,11,"stress_label",10,64,0.1,0.575581395348837,0.552325581395349,0.561240310077519,10,"top10","hr_sd_precond;hr_med_precond;eda_med_precond;eeg_fm_specent_precond;hrv_rmssd_precond;eda_pkrate_precond;eeg_faa_precond;pupil_full_pupil_mean_precond;eda_peakarea_precond;pupil_full_pupil_asymmetry_precond"
2025-12-19 16:21:15.816131,11,"stress_label",10,128,0.1,0.563953488372093,0.523255813953488,0.551162790697674,10,"top10","hr_sd_precond;hr_med_precond;eda_med_precond;eeg_fm_specent_precond;hrv_rmssd_precond;eda_pkrate_precond;eeg_faa_precond;pupil_full_pupil_mean_precond;eda_peakarea_precond;pupil_full_pupil_asymmetry_precond"
2025-12-19 16:21:15.826768,11,"stress_label",10,256,0.1,0.563953488372093,0.581395348837209,0.551162790697674,10,"top10","hr_sd_precond;hr_med_precond;eda_med_precond;eeg_fm_specent_precond;hrv_rmssd_precond;eda_pkrate_precond;eeg_faa_precond;pupil_full_pupil_mean_precond;eda_peakarea_precond;pupil_full_pupil_asymmetry_precond"
2025-12-19 16:21:17.181377,12,"stress_label",10,2,0.0078125,0.569767441860465,0.534883720930233,0.558914728682171,10,"top10","hr_med_precond;hr_sd_precond;eeg_fm_lbeta_power_precond;eda_med_precond;eeg_fm_specent_precond;hrv_rmssd_precond;eda_pkrate_precond;eda_peakarea_precond;eeg_faa_precond;pupil_full_pupil_asymmetry_precond"
2025-12-19 16:21:17.206297,12,"stress_label",10,4,0.0078125,0.581395348837209,0.598837209302326,0.571317829457364,10,"top10","hr_med_precond;hr_sd_precond;eeg_fm_lbeta_power_precond;eda_med_precond;eeg_fm_specent_precond;hrv_rmssd_precond;eda_pkrate_precond;eda_peakarea_precond;eeg_faa_precond;pupil_full_pupil_asymmetry_precond"
2025-12-19 16:21:17.176133,12,"stress_label",10,8,0.0078125,0.558139534883721,0.598837209302326,0.531782945736434,10,"top10","hr_med_precond;hr_sd_precond;eeg_fm_lbeta_power_precond;eda_med_precond;eeg_fm_specent_precond;hrv_rmssd_precond;eda_pkrate_precond;eda_peakarea_precond;eeg_faa_precond;pupil_full_pupil_asymmetry_precond"
2025-12-19 16:21:17.206926,12,"stress_label",10,16,0.0078125,0.558139534883721,0.587209302325581,0.536434108527132,10,"top10","hr_med_precond;hr_sd_precond;eeg_fm_lbeta_power_precond;eda_med_precond;eeg_fm_specent_precond;hrv_rmssd_precond;eda_pkrate_precond;eda_peakarea_precond;eeg_faa_precond;pupil_full_pupil_asymmetry_precond"
2025-12-19 16:21:17.186075,12,"stress_label",10,32,0.0078125,0.558139534883721,0.581395348837209,0.532558139534884,10,"top10","hr_med_precond;hr_sd_precond;eeg_fm_lbeta_power_precond;eda_med_precond;eeg_fm_specent_precond;hrv_rmssd_precond;eda_pkrate_precond;eda_peakarea_precond;eeg_faa_precond;pupil_full_pupil_asymmetry_precond"
2025-12-19 16:21:17.239803,12,"stress_label",10,64,0.0078125,0.558139534883721,0.575581395348837,0.532558139534884,10,"top10","hr_med_precond;hr_sd_precond;eeg_fm_lbeta_power_precond;eda_med_precond;eeg_fm_specent_precond;hrv_rmssd_precond;eda_pkrate_precond;eda_peakarea_precond;eeg_faa_precond;pupil_full_pupil_asymmetry_precond"
2025-12-19 16:21:17.325278,12,"stress_label",10,128,0.0078125,0.558139534883721,0.552325581395349,0.530232558139535,10,"top10","hr_med_precond;hr_sd_precond;eeg_fm_lbeta_power_precond;eda_med_precond;eeg_fm_specent_precond;hrv_rmssd_precond;eda_pkrate_precond;eda_peakarea_precond;eeg_faa_precond;pupil_full_pupil_asymmetry_precond"
2025-12-19 16:21:17.573502,12,"stress_label",10,256,0.0078125,0.575581395348837,0.581395348837209,NA,10,"top10","hr_med_precond;hr_sd_precond;eeg_fm_lbeta_power_precond;eda_med_precond;eeg_fm_specent_precond;hrv_rmssd_precond;eda_pkrate_precond;eda_peakarea_precond;eeg_faa_precond;pupil_full_pupil_asymmetry_precond"
2025-12-19 16:21:17.205019,12,"stress_label",10,2,0.015625,0.558139534883721,0.552325581395349,0.548837209302326,10,"top10","hr_med_precond;hr_sd_precond;eeg_fm_lbeta_power_precond;eda_med_precond;eeg_fm_specent_precond;hrv_rmssd_precond;eda_pkrate_precond;eda_peakarea_precond;eeg_faa_precond;pupil_full_pupil_asymmetry_precond"
2025-12-19 16:21:17.173681,12,"stress_label",10,4,0.015625,0.563953488372093,0.575581395348837,0.557364341085271,10,"top10","hr_med_precond;hr_sd_precond;eeg_fm_lbeta_power_precond;eda_med_precond;eeg_fm_specent_precond;hrv_rmssd_precond;eda_pkrate_precond;eda_peakarea_precond;eeg_faa_precond;pupil_full_pupil_asymmetry_precond"
2025-12-19 16:21:17.161445,12,"stress_label",10,8,0.015625,0.558139534883721,0.581395348837209,0.530232558139535,10,"top10","hr_med_precond;hr_sd_precond;eeg_fm_lbeta_power_precond;eda_med_precond;eeg_fm_specent_precond;hrv_rmssd_precond;eda_pkrate_precond;eda_peakarea_precond;eeg_faa_precond;pupil_full_pupil_asymmetry_precond"
2025-12-19 16:21:17.202419,12,"stress_label",10,16,0.015625,0.558139534883721,0.581395348837209,0.527906976744186,10,"top10","hr_med_precond;hr_sd_precond;eeg_fm_lbeta_power_precond;eda_med_precond;eeg_fm_specent_precond;hrv_rmssd_precond;eda_pkrate_precond;eda_peakarea_precond;eeg_faa_precond;pupil_full_pupil_asymmetry_precond"
2025-12-19 16:21:17.242513,12,"stress_label",10,32,0.015625,0.558139534883721,0.558139534883721,NA,10,"top10","hr_med_precond;hr_sd_precond;eeg_fm_lbeta_power_precond;eda_med_precond;eeg_fm_specent_precond;hrv_rmssd_precond;eda_pkrate_precond;eda_peakarea_precond;eeg_faa_precond;pupil_full_pupil_asymmetry_precond"
2025-12-19 16:21:17.324552,12,"stress_label",10,64,0.015625,0.563953488372093,0.558139534883721,NA,10,"top10","hr_med_precond;hr_sd_precond;eeg_fm_lbeta_power_precond;eda_med_precond;eeg_fm_specent_precond;hrv_rmssd_precond;eda_pkrate_precond;eda_peakarea_precond;eeg_faa_precond;pupil_full_pupil_asymmetry_precond"
2025-12-19 16:21:18.657923,12,"stress_label",10,128,0.015625,0.511627906976744,0.5,NA,10,"top10","hr_med_precond;hr_sd_precond;eeg_fm_lbeta_power_precond;eda_med_precond;eeg_fm_specent_precond;hrv_rmssd_precond;eda_pkrate_precond;eda_peakarea_precond;eeg_faa_precond;pupil_full_pupil_asymmetry_precond"
2025-12-19 16:21:18.93416,12,"stress_label",10,256,0.015625,0.523255813953488,0.453488372093023,NA,10,"top10","hr_med_precond;hr_sd_precond;eeg_fm_lbeta_power_precond;eda_med_precond;eeg_fm_specent_precond;hrv_rmssd_precond;eda_pkrate_precond;eda_peakarea_precond;eeg_faa_precond;pupil_full_pupil_asymmetry_precond"
2025-12-19 16:21:18.367892,12,"stress_label",10,2,0.03125,0.569767441860465,0.546511627906977,0.537209302325581,10,"top10","hr_med_precond;hr_sd_precond;eeg_fm_lbeta_power_precond;eda_med_precond;eeg_fm_specent_precond;hrv_rmssd_precond;eda_pkrate_precond;eda_peakarea_precond;eeg_faa_precond;pupil_full_pupil_asymmetry_precond"
2025-12-19 16:21:18.376059,12,"stress_label",10,4,0.03125,0.569767441860465,0.575581395348837,NA,10,"top10","hr_med_precond;hr_sd_precond;eeg_fm_lbeta_power_precond;eda_med_precond;eeg_fm_specent_precond;hrv_rmssd_precond;eda_pkrate_precond;eda_peakarea_precond;eeg_faa_precond;pupil_full_pupil_asymmetry_precond"
2025-12-19 16:21:18.389444,12,"stress_label",10,8,0.03125,0.569767441860465,0.534883720930233,NA,10,"top10","hr_med_precond;hr_sd_precond;eeg_fm_lbeta_power_precond;eda_med_precond;eeg_fm_specent_precond;hrv_rmssd_precond;eda_pkrate_precond;eda_peakarea_precond;eeg_faa_precond;pupil_full_pupil_asymmetry_precond"
2025-12-19 16:21:18.399643,12,"stress_label",10,16,0.03125,0.552325581395349,0.540697674418605,NA,10,"top10","hr_med_precond;hr_sd_precond;eeg_fm_lbeta_power_precond;eda_med_precond;eeg_fm_specent_precond;hrv_rmssd_precond;eda_pkrate_precond;eda_peakarea_precond;eeg_faa_precond;pupil_full_pupil_asymmetry_precond"
2025-12-19 16:21:18.553967,12,"stress_label",10,32,0.03125,0.511627906976744,0.482558139534884,NA,10,"top10","hr_med_precond;hr_sd_precond;eeg_fm_lbeta_power_precond;eda_med_precond;eeg_fm_specent_precond;hrv_rmssd_precond;eda_pkrate_precond;eda_peakarea_precond;eeg_faa_precond;pupil_full_pupil_asymmetry_precond"
2025-12-19 16:21:18.655585,12,"stress_label",10,64,0.03125,0.517441860465116,0.482558139534884,NA,10,"top10","hr_med_precond;hr_sd_precond;eeg_fm_lbeta_power_precond;eda_med_precond;eeg_fm_specent_precond;hrv_rmssd_precond;eda_pkrate_precond;eda_peakarea_precond;eeg_faa_precond;pupil_full_pupil_asymmetry_precond"
2025-12-19 16:21:18.936774,12,"stress_label",10,128,0.03125,0.5,0.505813953488372,NA,10,"top10","hr_med_precond;hr_sd_precond;eeg_fm_lbeta_power_precond;eda_med_precond;eeg_fm_specent_precond;hrv_rmssd_precond;eda_pkrate_precond;eda_peakarea_precond;eeg_faa_precond;pupil_full_pupil_asymmetry_precond"
2025-12-19 16:21:19.337693,12,"stress_label",10,256,0.03125,0.529069767441861,0.517441860465116,0.512403100775194,10,"top10","hr_med_precond;hr_sd_precond;eeg_fm_lbeta_power_precond;eda_med_precond;eeg_fm_specent_precond;hrv_rmssd_precond;eda_pkrate_precond;eda_peakarea_precond;eeg_faa_precond;pupil_full_pupil_asymmetry_precond"
2025-12-19 16:21:18.43958,12,"stress_label",10,2,0.0625,0.563953488372093,0.558139534883721,NA,10,"top10","hr_med_precond;hr_sd_precond;eeg_fm_lbeta_power_precond;eda_med_precond;eeg_fm_specent_precond;hrv_rmssd_precond;eda_pkrate_precond;eda_peakarea_precond;eeg_faa_precond;pupil_full_pupil_asymmetry_precond"
2025-12-19 16:21:18.529993,12,"stress_label",10,4,0.0625,0.552325581395349,0.523255813953488,NA,10,"top10","hr_med_precond;hr_sd_precond;eeg_fm_lbeta_power_precond;eda_med_precond;eeg_fm_specent_precond;hrv_rmssd_precond;eda_pkrate_precond;eda_peakarea_precond;eeg_faa_precond;pupil_full_pupil_asymmetry_precond"
2025-12-19 16:21:18.565224,12,"stress_label",10,8,0.0625,0.540697674418605,0.488372093023256,NA,10,"top10","hr_med_precond;hr_sd_precond;eeg_fm_lbeta_power_precond;eda_med_precond;eeg_fm_specent_precond;hrv_rmssd_precond;eda_pkrate_precond;eda_peakarea_precond;eeg_faa_precond;pupil_full_pupil_asymmetry_precond"
2025-12-19 16:21:18.850529,12,"stress_label",10,16,0.0625,0.517441860465116,0.441860465116279,NA,10,"top10","hr_med_precond;hr_sd_precond;eeg_fm_lbeta_power_precond;eda_med_precond;eeg_fm_specent_precond;hrv_rmssd_precond;eda_pkrate_precond;eda_peakarea_precond;eeg_faa_precond;pupil_full_pupil_asymmetry_precond"
2025-12-19 16:21:19.732382,12,"stress_label",10,32,0.0625,0.534883720930233,0.418604651162791,0.517829457364341,10,"top10","hr_med_precond;hr_sd_precond;eeg_fm_lbeta_power_precond;eda_med_precond;eeg_fm_specent_precond;hrv_rmssd_precond;eda_pkrate_precond;eda_peakarea_precond;eeg_faa_precond;pupil_full_pupil_asymmetry_precond"
2025-12-19 16:21:19.898514,12,"stress_label",10,64,0.0625,0.529069767441861,0.482558139534884,NA,10,"top10","hr_med_precond;hr_sd_precond;eeg_fm_lbeta_power_precond;eda_med_precond;eeg_fm_specent_precond;hrv_rmssd_precond;eda_pkrate_precond;eda_peakarea_precond;eeg_faa_precond;pupil_full_pupil_asymmetry_precond"
2025-12-19 16:21:20.071532,12,"stress_label",10,128,0.0625,0.517441860465116,0.482558139534884,NA,10,"top10","hr_med_precond;hr_sd_precond;eeg_fm_lbeta_power_precond;eda_med_precond;eeg_fm_specent_precond;hrv_rmssd_precond;eda_pkrate_precond;eda_peakarea_precond;eeg_faa_precond;pupil_full_pupil_asymmetry_precond"
2025-12-19 16:21:20.109032,12,"stress_label",10,256,0.0625,0.511627906976744,0.447674418604651,NA,10,"top10","hr_med_precond;hr_sd_precond;eeg_fm_lbeta_power_precond;eda_med_precond;eeg_fm_specent_precond;hrv_rmssd_precond;eda_pkrate_precond;eda_peakarea_precond;eeg_faa_precond;pupil_full_pupil_asymmetry_precond"
2025-12-19 16:21:19.579494,12,"stress_label",10,2,0.125,0.529069767441861,0.494186046511628,NA,10,"top10","hr_med_precond;hr_sd_precond;eeg_fm_lbeta_power_precond;eda_med_precond;eeg_fm_specent_precond;hrv_rmssd_precond;eda_pkrate_precond;eda_peakarea_precond;eeg_faa_precond;pupil_full_pupil_asymmetry_precond"
2025-12-19 16:21:19.732609,12,"stress_label",10,4,0.125,0.534883720930233,0.465116279069767,NA,10,"top10","hr_med_precond;hr_sd_precond;eeg_fm_lbeta_power_precond;eda_med_precond;eeg_fm_specent_precond;hrv_rmssd_precond;eda_pkrate_precond;eda_peakarea_precond;eeg_faa_precond;pupil_full_pupil_asymmetry_precond"
2025-12-19 16:21:19.800234,12,"stress_label",10,8,0.125,0.534883720930233,0.459302325581395,0.524806201550388,10,"top10","hr_med_precond;hr_sd_precond;eeg_fm_lbeta_power_precond;eda_med_precond;eeg_fm_specent_precond;hrv_rmssd_precond;eda_pkrate_precond;eda_peakarea_precond;eeg_faa_precond;pupil_full_pupil_asymmetry_precond"
2025-12-19 16:21:19.86199,12,"stress_label",10,16,0.125,0.517441860465116,0.523255813953488,NA,10,"top10","hr_med_precond;hr_sd_precond;eeg_fm_lbeta_power_precond;eda_med_precond;eeg_fm_specent_precond;hrv_rmssd_precond;eda_pkrate_precond;eda_peakarea_precond;eeg_faa_precond;pupil_full_pupil_asymmetry_precond"
2025-12-19 16:21:20.02204,12,"stress_label",10,32,0.125,0.517441860465116,0.476744186046512,NA,10,"top10","hr_med_precond;hr_sd_precond;eeg_fm_lbeta_power_precond;eda_med_precond;eeg_fm_specent_precond;hrv_rmssd_precond;eda_pkrate_precond;eda_peakarea_precond;eeg_faa_precond;pupil_full_pupil_asymmetry_precond"
2025-12-19 16:21:19.99203,12,"stress_label",10,64,0.125,0.511627906976744,0.459302325581395,NA,10,"top10","hr_med_precond;hr_sd_precond;eeg_fm_lbeta_power_precond;eda_med_precond;eeg_fm_specent_precond;hrv_rmssd_precond;eda_pkrate_precond;eda_peakarea_precond;eeg_faa_precond;pupil_full_pupil_asymmetry_precond"
2025-12-19 16:21:20.252389,12,"stress_label",10,128,0.125,0.529069767441861,0.38953488372093,0.526356589147287,10,"top10","hr_med_precond;hr_sd_precond;eeg_fm_lbeta_power_precond;eda_med_precond;eeg_fm_specent_precond;hrv_rmssd_precond;eda_pkrate_precond;eda_peakarea_precond;eeg_faa_precond;pupil_full_pupil_asymmetry_precond"
2025-12-19 16:21:20.312028,12,"stress_label",10,256,0.125,0.529069767441861,0.377906976744186,0.526356589147287,10,"top10","hr_med_precond;hr_sd_precond;eeg_fm_lbeta_power_precond;eda_med_precond;eeg_fm_specent_precond;hrv_rmssd_precond;eda_pkrate_precond;eda_peakarea_precond;eeg_faa_precond;pupil_full_pupil_asymmetry_precond"
2025-12-19 16:21:20.052091,12,"stress_label",10,2,0.03,0.569767441860465,0.534883720930233,0.546511627906977,10,"top10","hr_med_precond;hr_sd_precond;eeg_fm_lbeta_power_precond;eda_med_precond;eeg_fm_specent_precond;hrv_rmssd_precond;eda_pkrate_precond;eda_peakarea_precond;eeg_faa_precond;pupil_full_pupil_asymmetry_precond"
2025-12-19 16:21:20.460977,12,"stress_label",10,4,0.03,0.581395348837209,0.581395348837209,0.551937984496124,10,"top10","hr_med_precond;hr_sd_precond;eeg_fm_lbeta_power_precond;eda_med_precond;eeg_fm_specent_precond;hrv_rmssd_precond;eda_pkrate_precond;eda_peakarea_precond;eeg_faa_precond;pupil_full_pupil_asymmetry_precond"
2025-12-19 16:21:20.73913,12,"stress_label",10,8,0.03,0.569767441860465,0.552325581395349,NA,10,"top10","hr_med_precond;hr_sd_precond;eeg_fm_lbeta_power_precond;eda_med_precond;eeg_fm_specent_precond;hrv_rmssd_precond;eda_pkrate_precond;eda_peakarea_precond;eeg_faa_precond;pupil_full_pupil_asymmetry_precond"
2025-12-19 16:21:20.9344,12,"stress_label",10,16,0.03,0.552325581395349,0.540697674418605,NA,10,"top10","hr_med_precond;hr_sd_precond;eeg_fm_lbeta_power_precond;eda_med_precond;eeg_fm_specent_precond;hrv_rmssd_precond;eda_pkrate_precond;eda_peakarea_precond;eeg_faa_precond;pupil_full_pupil_asymmetry_precond"
2025-12-19 16:21:21.005016,12,"stress_label",10,32,0.03,0.523255813953488,0.511627906976744,NA,10,"top10","hr_med_precond;hr_sd_precond;eeg_fm_lbeta_power_precond;eda_med_precond;eeg_fm_specent_precond;hrv_rmssd_precond;eda_pkrate_precond;eda_peakarea_precond;eeg_faa_precond;pupil_full_pupil_asymmetry_precond"
2025-12-19 16:21:21.198753,12,"stress_label",10,64,0.03,0.517441860465116,0.5,NA,10,"top10","hr_med_precond;hr_sd_precond;eeg_fm_lbeta_power_precond;eda_med_precond;eeg_fm_specent_precond;hrv_rmssd_precond;eda_pkrate_precond;eda_peakarea_precond;eeg_faa_precond;pupil_full_pupil_asymmetry_precond"
2025-12-19 16:21:21.516623,12,"stress_label",10,128,0.03,0.505813953488372,0.482558139534884,NA,10,"top10","hr_med_precond;hr_sd_precond;eeg_fm_lbeta_power_precond;eda_med_precond;eeg_fm_specent_precond;hrv_rmssd_precond;eda_pkrate_precond;eda_peakarea_precond;eeg_faa_precond;pupil_full_pupil_asymmetry_precond"
2025-12-19 16:21:21.920604,12,"stress_label",10,256,0.03,0.529069767441861,0.465116279069767,0.516279069767442,10,"top10","hr_med_precond;hr_sd_precond;eeg_fm_lbeta_power_precond;eda_med_precond;eeg_fm_specent_precond;hrv_rmssd_precond;eda_pkrate_precond;eda_peakarea_precond;eeg_faa_precond;pupil_full_pupil_asymmetry_precond"
2025-12-19 16:21:21.167992,12,"stress_label",10,2,0.06,0.558139534883721,0.563953488372093,NA,10,"top10","hr_med_precond;hr_sd_precond;eeg_fm_lbeta_power_precond;eda_med_precond;eeg_fm_specent_precond;hrv_rmssd_precond;eda_pkrate_precond;eda_peakarea_precond;eeg_faa_precond;pupil_full_pupil_asymmetry_precond"
2025-12-19 16:21:21.183378,12,"stress_label",10,4,0.06,0.558139534883721,0.546511627906977,NA,10,"top10","hr_med_precond;hr_sd_precond;eeg_fm_lbeta_power_precond;eda_med_precond;eeg_fm_specent_precond;hrv_rmssd_precond;eda_pkrate_precond;eda_peakarea_precond;eeg_faa_precond;pupil_full_pupil_asymmetry_precond"
2025-12-19 16:21:21.287697,12,"stress_label",10,8,0.06,0.540697674418605,0.505813953488372,NA,10,"top10","hr_med_precond;hr_sd_precond;eeg_fm_lbeta_power_precond;eda_med_precond;eeg_fm_specent_precond;hrv_rmssd_precond;eda_pkrate_precond;eda_peakarea_precond;eeg_faa_precond;pupil_full_pupil_asymmetry_precond"
2025-12-19 16:21:21.363372,12,"stress_label",10,16,0.06,0.523255813953488,0.494186046511628,NA,10,"top10","hr_med_precond;hr_sd_precond;eeg_fm_lbeta_power_precond;eda_med_precond;eeg_fm_specent_precond;hrv_rmssd_precond;eda_pkrate_precond;eda_peakarea_precond;eeg_faa_precond;pupil_full_pupil_asymmetry_precond"
2025-12-19 16:21:21.454422,12,"stress_label",10,32,0.06,0.529069767441861,0.418604651162791,0.511627906976744,10,"top10","hr_med_precond;hr_sd_precond;eeg_fm_lbeta_power_precond;eda_med_precond;eeg_fm_specent_precond;hrv_rmssd_precond;eda_pkrate_precond;eda_peakarea_precond;eeg_faa_precond;pupil_full_pupil_asymmetry_precond"
2025-12-19 16:21:21.769326,12,"stress_label",10,64,0.06,0.529069767441861,0.511627906976744,NA,10,"top10","hr_med_precond;hr_sd_precond;eeg_fm_lbeta_power_precond;eda_med_precond;eeg_fm_specent_precond;hrv_rmssd_precond;eda_pkrate_precond;eda_peakarea_precond;eeg_faa_precond;pupil_full_pupil_asymmetry_precond"
2025-12-19 16:21:21.945555,12,"stress_label",10,128,0.06,0.523255813953488,0.476744186046512,NA,10,"top10","hr_med_precond;hr_sd_precond;eeg_fm_lbeta_power_precond;eda_med_precond;eeg_fm_specent_precond;hrv_rmssd_precond;eda_pkrate_precond;eda_peakarea_precond;eeg_faa_precond;pupil_full_pupil_asymmetry_precond"
2025-12-19 16:21:22.10251,12,"stress_label",10,256,0.06,0.511627906976744,0.552325581395349,NA,10,"top10","hr_med_precond;hr_sd_precond;eeg_fm_lbeta_power_precond;eda_med_precond;eeg_fm_specent_precond;hrv_rmssd_precond;eda_pkrate_precond;eda_peakarea_precond;eeg_faa_precond;pupil_full_pupil_asymmetry_precond"
2025-12-19 16:21:21.868412,12,"stress_label",10,2,0.1,0.558139534883721,0.540697674418605,NA,10,"top10","hr_med_precond;hr_sd_precond;eeg_fm_lbeta_power_precond;eda_med_precond;eeg_fm_specent_precond;hrv_rmssd_precond;eda_pkrate_precond;eda_peakarea_precond;eeg_faa_precond;pupil_full_pupil_asymmetry_precond"
2025-12-19 16:21:22.030966,12,"stress_label",10,4,0.1,0.523255813953488,0.5,NA,10,"top10","hr_med_precond;hr_sd_precond;eeg_fm_lbeta_power_precond;eda_med_precond;eeg_fm_specent_precond;hrv_rmssd_precond;eda_pkrate_precond;eda_peakarea_precond;eeg_faa_precond;pupil_full_pupil_asymmetry_precond"
2025-12-19 16:21:22.111071,12,"stress_label",10,8,0.1,0.529069767441861,0.412790697674419,NA,10,"top10","hr_med_precond;hr_sd_precond;eeg_fm_lbeta_power_precond;eda_med_precond;eeg_fm_specent_precond;hrv_rmssd_precond;eda_pkrate_precond;eda_peakarea_precond;eeg_faa_precond;pupil_full_pupil_asymmetry_precond"
2025-12-19 16:21:22.258831,12,"stress_label",10,16,0.1,0.546511627906977,0.505813953488372,0.541085271317829,10,"top10","hr_med_precond;hr_sd_precond;eeg_fm_lbeta_power_precond;eda_med_precond;eeg_fm_specent_precond;hrv_rmssd_precond;eda_pkrate_precond;eda_peakarea_precond;eeg_faa_precond;pupil_full_pupil_asymmetry_precond"
2025-12-19 16:21:22.386477,12,"stress_label",10,32,0.1,0.534883720930233,0.476744186046512,NA,10,"top10","hr_med_precond;hr_sd_precond;eeg_fm_lbeta_power_precond;eda_med_precond;eeg_fm_specent_precond;hrv_rmssd_precond;eda_pkrate_precond;eda_peakarea_precond;eeg_faa_precond;pupil_full_pupil_asymmetry_precond"
2025-12-19 16:21:22.388931,12,"stress_label",10,64,0.1,0.517441860465116,0.459302325581395,NA,10,"top10","hr_med_precond;hr_sd_precond;eeg_fm_lbeta_power_precond;eda_med_precond;eeg_fm_specent_precond;hrv_rmssd_precond;eda_pkrate_precond;eda_peakarea_precond;eeg_faa_precond;pupil_full_pupil_asymmetry_precond"
2025-12-19 16:21:22.414811,12,"stress_label",10,128,0.1,0.534883720930233,0.523255813953488,0.547286821705426,10,"top10","hr_med_precond;hr_sd_precond;eeg_fm_lbeta_power_precond;eda_med_precond;eeg_fm_specent_precond;hrv_rmssd_precond;eda_pkrate_precond;eda_peakarea_precond;eeg_faa_precond;pupil_full_pupil_asymmetry_precond"
2025-12-19 16:21:22.455385,12,"stress_label",10,256,0.1,0.534883720930233,0.418604651162791,0.547286821705426,10,"top10","hr_med_precond;hr_sd_precond;eeg_fm_lbeta_power_precond;eda_med_precond;eeg_fm_specent_precond;hrv_rmssd_precond;eda_pkrate_precond;eda_peakarea_precond;eeg_faa_precond;pupil_full_pupil_asymmetry_precond"
2025-12-19 16:21:23.854049,13,"stress_label",10,2,0.0078125,0.558139534883721,0.511627906976744,0.526356589147287,10,"top10","hr_med_precond;hr_sd_precond;eda_med_precond;eeg_fm_specent_precond;hrv_rmssd_precond;eeg_faa_precond;eda_peakarea_precond;eda_pkrate_precond;pupil_full_pupil_asymmetry_precond;eeg_tright_halpha_power_precond"
2025-12-19 16:21:23.80845,13,"stress_label",10,4,0.0078125,0.552325581395349,0.540697674418605,0.52015503875969,10,"top10","hr_med_precond;hr_sd_precond;eda_med_precond;eeg_fm_specent_precond;hrv_rmssd_precond;eeg_faa_precond;eda_peakarea_precond;eda_pkrate_precond;pupil_full_pupil_asymmetry_precond;eeg_tright_halpha_power_precond"
2025-12-19 16:21:23.856935,13,"stress_label",10,8,0.0078125,0.558139534883721,0.540697674418605,0.522480620155039,10,"top10","hr_med_precond;hr_sd_precond;eda_med_precond;eeg_fm_specent_precond;hrv_rmssd_precond;eeg_faa_precond;eda_peakarea_precond;eda_pkrate_precond;pupil_full_pupil_asymmetry_precond;eeg_tright_halpha_power_precond"
2025-12-19 16:21:23.836587,13,"stress_label",10,16,0.0078125,0.575581395348837,0.552325581395349,0.544961240310078,10,"top10","hr_med_precond;hr_sd_precond;eda_med_precond;eeg_fm_specent_precond;hrv_rmssd_precond;eeg_faa_precond;eda_peakarea_precond;eda_pkrate_precond;pupil_full_pupil_asymmetry_precond;eeg_tright_halpha_power_precond"
2025-12-19 16:21:23.827101,13,"stress_label",10,32,0.0078125,0.593023255813954,0.563953488372093,0.582945736434109,10,"top10","hr_med_precond;hr_sd_precond;eda_med_precond;eeg_fm_specent_precond;hrv_rmssd_precond;eeg_faa_precond;eda_peakarea_precond;eda_pkrate_precond;pupil_full_pupil_asymmetry_precond;eeg_tright_halpha_power_precond"
2025-12-19 16:21:23.907366,13,"stress_label",10,64,0.0078125,0.587209302325581,0.581395348837209,0.592248062015504,10,"top10","hr_med_precond;hr_sd_precond;eda_med_precond;eeg_fm_specent_precond;hrv_rmssd_precond;eeg_faa_precond;eda_peakarea_precond;eda_pkrate_precond;pupil_full_pupil_asymmetry_precond;eeg_tright_halpha_power_precond"
2025-12-19 16:21:23.965161,13,"stress_label",10,128,0.0078125,0.569767441860465,0.587209302325581,0.60077519379845,10,"top10","hr_med_precond;hr_sd_precond;eda_med_precond;eeg_fm_specent_precond;hrv_rmssd_precond;eeg_faa_precond;eda_peakarea_precond;eda_pkrate_precond;pupil_full_pupil_asymmetry_precond;eeg_tright_halpha_power_precond"
2025-12-19 16:21:24.08993,13,"stress_label",10,256,0.0078125,0.546511627906977,0.552325581395349,0.55968992248062,10,"top10","hr_med_precond;hr_sd_precond;eda_med_precond;eeg_fm_specent_precond;hrv_rmssd_precond;eeg_faa_precond;eda_peakarea_precond;eda_pkrate_precond;pupil_full_pupil_asymmetry_precond;eeg_tright_halpha_power_precond"
2025-12-19 16:21:23.835249,13,"stress_label",10,2,0.015625,0.546511627906977,0.552325581395349,0.521705426356589,10,"top10","hr_med_precond;hr_sd_precond;eda_med_precond;eeg_fm_specent_precond;hrv_rmssd_precond;eeg_faa_precond;eda_peakarea_precond;eda_pkrate_precond;pupil_full_pupil_asymmetry_precond;eeg_tright_halpha_power_precond"
2025-12-19 16:21:23.818605,13,"stress_label",10,4,0.015625,0.563953488372093,0.540697674418605,0.538759689922481,10,"top10","hr_med_precond;hr_sd_precond;eda_med_precond;eeg_fm_specent_precond;hrv_rmssd_precond;eeg_faa_precond;eda_peakarea_precond;eda_pkrate_precond;pupil_full_pupil_asymmetry_precond;eeg_tright_halpha_power_precond"
2025-12-19 16:21:23.812449,13,"stress_label",10,8,0.015625,0.587209302325581,0.569767441860465,0.565891472868217,10,"top10","hr_med_precond;hr_sd_precond;eda_med_precond;eeg_fm_specent_precond;hrv_rmssd_precond;eeg_faa_precond;eda_peakarea_precond;eda_pkrate_precond;pupil_full_pupil_asymmetry_precond;eeg_tright_halpha_power_precond"
2025-12-19 16:21:23.837006,13,"stress_label",10,16,0.015625,0.575581395348837,0.569767441860465,0.57906976744186,10,"top10","hr_med_precond;hr_sd_precond;eda_med_precond;eeg_fm_specent_precond;hrv_rmssd_precond;eeg_faa_precond;eda_peakarea_precond;eda_pkrate_precond;pupil_full_pupil_asymmetry_precond;eeg_tright_halpha_power_precond"
2025-12-19 16:21:23.877703,13,"stress_label",10,32,0.015625,0.558139534883721,0.581395348837209,0.581395348837209,10,"top10","hr_med_precond;hr_sd_precond;eda_med_precond;eeg_fm_specent_precond;hrv_rmssd_precond;eeg_faa_precond;eda_peakarea_precond;eda_pkrate_precond;pupil_full_pupil_asymmetry_precond;eeg_tright_halpha_power_precond"
2025-12-19 16:21:23.944295,13,"stress_label",10,64,0.015625,0.552325581395349,0.563953488372093,0.562015503875969,10,"top10","hr_med_precond;hr_sd_precond;eda_med_precond;eeg_fm_specent_precond;hrv_rmssd_precond;eeg_faa_precond;eda_peakarea_precond;eda_pkrate_precond;pupil_full_pupil_asymmetry_precond;eeg_tright_halpha_power_precond"
2025-12-19 16:21:25.349376,13,"stress_label",10,128,0.015625,0.517441860465116,0.540697674418605,NA,10,"top10","hr_med_precond;hr_sd_precond;eda_med_precond;eeg_fm_specent_precond;hrv_rmssd_precond;eeg_faa_precond;eda_peakarea_precond;eda_pkrate_precond;pupil_full_pupil_asymmetry_precond;eeg_tright_halpha_power_precond"
2025-12-19 16:21:25.669464,13,"stress_label",10,256,0.015625,0.517441860465116,0.540697674418605,NA,10,"top10","hr_med_precond;hr_sd_precond;eda_med_precond;eeg_fm_specent_precond;hrv_rmssd_precond;eeg_faa_precond;eda_peakarea_precond;eda_pkrate_precond;pupil_full_pupil_asymmetry_precond;eeg_tright_halpha_power_precond"
2025-12-19 16:21:25.007486,13,"stress_label",10,2,0.03125,0.569767441860465,0.540697674418605,0.554263565891473,10,"top10","hr_med_precond;hr_sd_precond;eda_med_precond;eeg_fm_specent_precond;hrv_rmssd_precond;eeg_faa_precond;eda_peakarea_precond;eda_pkrate_precond;pupil_full_pupil_asymmetry_precond;eeg_tright_halpha_power_precond"
2025-12-19 16:21:25.023481,13,"stress_label",10,4,0.03125,0.587209302325581,0.540697674418605,0.57984496124031,10,"top10","hr_med_precond;hr_sd_precond;eda_med_precond;eeg_fm_specent_precond;hrv_rmssd_precond;eeg_faa_precond;eda_peakarea_precond;eda_pkrate_precond;pupil_full_pupil_asymmetry_precond;eeg_tright_halpha_power_precond"
2025-12-19 16:21:25.048153,13,"stress_label",10,8,0.03125,0.558139534883721,0.563953488372093,0.558139534883721,10,"top10","hr_med_precond;hr_sd_precond;eda_med_precond;eeg_fm_specent_precond;hrv_rmssd_precond;eeg_faa_precond;eda_peakarea_precond;eda_pkrate_precond;pupil_full_pupil_asymmetry_precond;eeg_tright_halpha_power_precond"
2025-12-19 16:21:25.102539,13,"stress_label",10,16,0.03125,0.563953488372093,0.587209302325581,0.574418604651163,10,"top10","hr_med_precond;hr_sd_precond;eda_med_precond;eeg_fm_specent_precond;hrv_rmssd_precond;eeg_faa_precond;eda_peakarea_precond;eda_pkrate_precond;pupil_full_pupil_asymmetry_precond;eeg_tright_halpha_power_precond"
2025-12-19 16:21:25.207871,13,"stress_label",10,32,0.03125,0.558139534883721,0.569767441860465,NA,10,"top10","hr_med_precond;hr_sd_precond;eda_med_precond;eeg_fm_specent_precond;hrv_rmssd_precond;eeg_faa_precond;eda_peakarea_precond;eda_pkrate_precond;pupil_full_pupil_asymmetry_precond;eeg_tright_halpha_power_precond"
2025-12-19 16:21:25.350011,13,"stress_label",10,64,0.03125,0.540697674418605,0.569767441860465,NA,10,"top10","hr_med_precond;hr_sd_precond;eda_med_precond;eeg_fm_specent_precond;hrv_rmssd_precond;eeg_faa_precond;eda_peakarea_precond;eda_pkrate_precond;pupil_full_pupil_asymmetry_precond;eeg_tright_halpha_power_precond"
2025-12-19 16:21:25.632791,13,"stress_label",10,128,0.03125,0.575581395348837,0.563953488372093,NA,10,"top10","hr_med_precond;hr_sd_precond;eda_med_precond;eeg_fm_specent_precond;hrv_rmssd_precond;eeg_faa_precond;eda_peakarea_precond;eda_pkrate_precond;pupil_full_pupil_asymmetry_precond;eeg_tright_halpha_power_precond"
2025-12-19 16:21:26.036968,13,"stress_label",10,256,0.03125,0.575581395348837,0.523255813953488,NA,10,"top10","hr_med_precond;hr_sd_precond;eda_med_precond;eeg_fm_specent_precond;hrv_rmssd_precond;eeg_faa_precond;eda_peakarea_precond;eda_pkrate_precond;pupil_full_pupil_asymmetry_precond;eeg_tright_halpha_power_precond"
2025-12-19 16:21:25.129974,13,"stress_label",10,2,0.0625,0.587209302325581,0.563953488372093,0.597674418604651,10,"top10","hr_med_precond;hr_sd_precond;eda_med_precond;eeg_fm_specent_precond;hrv_rmssd_precond;eeg_faa_precond;eda_peakarea_precond;eda_pkrate_precond;pupil_full_pupil_asymmetry_precond;eeg_tright_halpha_power_precond"
2025-12-19 16:21:25.16294,13,"stress_label",10,4,0.0625,0.575581395348837,0.587209302325581,NA,10,"top10","hr_med_precond;hr_sd_precond;eda_med_precond;eeg_fm_specent_precond;hrv_rmssd_precond;eeg_faa_precond;eda_peakarea_precond;eda_pkrate_precond;pupil_full_pupil_asymmetry_precond;eeg_tright_halpha_power_precond"
2025-12-19 16:21:25.233268,13,"stress_label",10,8,0.0625,0.593023255813954,0.598837209302326,NA,10,"top10","hr_med_precond;hr_sd_precond;eda_med_precond;eeg_fm_specent_precond;hrv_rmssd_precond;eeg_faa_precond;eda_peakarea_precond;eda_pkrate_precond;pupil_full_pupil_asymmetry_precond;eeg_tright_halpha_power_precond"
2025-12-19 16:21:25.439885,13,"stress_label",10,16,0.0625,0.558139534883721,0.61046511627907,NA,10,"top10","hr_med_precond;hr_sd_precond;eda_med_precond;eeg_fm_specent_precond;hrv_rmssd_precond;eeg_faa_precond;eda_peakarea_precond;eda_pkrate_precond;pupil_full_pupil_asymmetry_precond;eeg_tright_halpha_power_precond"
2025-12-19 16:21:26.494836,13,"stress_label",10,32,0.0625,0.587209302325581,0.587209302325581,NA,10,"top10","hr_med_precond;hr_sd_precond;eda_med_precond;eeg_fm_specent_precond;hrv_rmssd_precond;eeg_faa_precond;eda_peakarea_precond;eda_pkrate_precond;pupil_full_pupil_asymmetry_precond;eeg_tright_halpha_power_precond"
2025-12-19 16:21:26.633571,13,"stress_label",10,64,0.0625,0.587209302325581,0.581395348837209,NA,10,"top10","hr_med_precond;hr_sd_precond;eda_med_precond;eeg_fm_specent_precond;hrv_rmssd_precond;eeg_faa_precond;eda_peakarea_precond;eda_pkrate_precond;pupil_full_pupil_asymmetry_precond;eeg_tright_halpha_power_precond"
2025-12-19 16:21:26.703927,13,"stress_label",10,128,0.0625,0.546511627906977,0.552325581395349,NA,10,"top10","hr_med_precond;hr_sd_precond;eda_med_precond;eeg_fm_specent_precond;hrv_rmssd_precond;eeg_faa_precond;eda_peakarea_precond;eda_pkrate_precond;pupil_full_pupil_asymmetry_precond;eeg_tright_halpha_power_precond"
2025-12-19 16:21:26.850262,13,"stress_label",10,256,0.0625,0.546511627906977,0.523255813953488,NA,10,"top10","hr_med_precond;hr_sd_precond;eda_med_precond;eeg_fm_specent_precond;hrv_rmssd_precond;eeg_faa_precond;eda_peakarea_precond;eda_pkrate_precond;pupil_full_pupil_asymmetry_precond;eeg_tright_halpha_power_precond"
2025-12-19 16:21:26.345872,13,"stress_label",10,2,0.125,0.61046511627907,0.598837209302326,NA,10,"top10","hr_med_precond;hr_sd_precond;eda_med_precond;eeg_fm_specent_precond;hrv_rmssd_precond;eeg_faa_precond;eda_peakarea_precond;eda_pkrate_precond;pupil_full_pupil_asymmetry_precond;eeg_tright_halpha_power_precond"
2025-12-19 16:21:26.416607,13,"stress_label",10,4,0.125,0.604651162790698,0.616279069767442,NA,10,"top10","hr_med_precond;hr_sd_precond;eda_med_precond;eeg_fm_specent_precond;hrv_rmssd_precond;eeg_faa_precond;eda_peakarea_precond;eda_pkrate_precond;pupil_full_pupil_asymmetry_precond;eeg_tright_halpha_power_precond"
2025-12-19 16:21:26.460131,13,"stress_label",10,8,0.125,0.616279069767442,0.622093023255814,NA,10,"top10","hr_med_precond;hr_sd_precond;eda_med_precond;eeg_fm_specent_precond;hrv_rmssd_precond;eeg_faa_precond;eda_peakarea_precond;eda_pkrate_precond;pupil_full_pupil_asymmetry_precond;eeg_tright_halpha_power_precond"
2025-12-19 16:21:26.588274,13,"stress_label",10,16,0.125,0.575581395348837,0.604651162790698,NA,10,"top10","hr_med_precond;hr_sd_precond;eda_med_precond;eeg_fm_specent_precond;hrv_rmssd_precond;eeg_faa_precond;eda_peakarea_precond;eda_pkrate_precond;pupil_full_pupil_asymmetry_precond;eeg_tright_halpha_power_precond"
2025-12-19 16:21:26.717415,13,"stress_label",10,32,0.125,0.563953488372093,0.587209302325581,NA,10,"top10","hr_med_precond;hr_sd_precond;eda_med_precond;eeg_fm_specent_precond;hrv_rmssd_precond;eeg_faa_precond;eda_peakarea_precond;eda_pkrate_precond;pupil_full_pupil_asymmetry_precond;eeg_tright_halpha_power_precond"
2025-12-19 16:21:26.758104,13,"stress_label",10,64,0.125,0.529069767441861,0.558139534883721,0.505426356589147,10,"top10","hr_med_precond;hr_sd_precond;eda_med_precond;eeg_fm_specent_precond;hrv_rmssd_precond;eeg_faa_precond;eda_peakarea_precond;eda_pkrate_precond;pupil_full_pupil_asymmetry_precond;eeg_tright_halpha_power_precond"
2025-12-19 16:21:26.778922,13,"stress_label",10,128,0.125,0.540697674418605,0.494186046511628,0.512403100775194,10,"top10","hr_med_precond;hr_sd_precond;eda_med_precond;eeg_fm_specent_precond;hrv_rmssd_precond;eeg_faa_precond;eda_peakarea_precond;eda_pkrate_precond;pupil_full_pupil_asymmetry_precond;eeg_tright_halpha_power_precond"
2025-12-19 16:21:26.95034,13,"stress_label",10,256,0.125,0.540697674418605,0.563953488372093,0.512403100775194,10,"top10","hr_med_precond;hr_sd_precond;eda_med_precond;eeg_fm_specent_precond;hrv_rmssd_precond;eeg_faa_precond;eda_peakarea_precond;eda_pkrate_precond;pupil_full_pupil_asymmetry_precond;eeg_tright_halpha_power_precond"
2025-12-19 16:21:26.817062,13,"stress_label",10,2,0.03,0.558139534883721,0.558139534883721,0.544186046511628,10,"top10","hr_med_precond;hr_sd_precond;eda_med_precond;eeg_fm_specent_precond;hrv_rmssd_precond;eeg_faa_precond;eda_peakarea_precond;eda_pkrate_precond;pupil_full_pupil_asymmetry_precond;eeg_tright_halpha_power_precond"
2025-12-19 16:21:27.228637,13,"stress_label",10,4,0.03,0.569767441860465,0.569767441860465,0.558914728682171,10,"top10","hr_med_precond;hr_sd_precond;eda_med_precond;eeg_fm_specent_precond;hrv_rmssd_precond;eeg_faa_precond;eda_peakarea_precond;eda_pkrate_precond;pupil_full_pupil_asymmetry_precond;eeg_tright_halpha_power_precond"
2025-12-19 16:21:27.529848,13,"stress_label",10,8,0.03,0.575581395348837,0.563953488372093,0.575968992248062,10,"top10","hr_med_precond;hr_sd_precond;eda_med_precond;eeg_fm_specent_precond;hrv_rmssd_precond;eeg_faa_precond;eda_peakarea_precond;eda_pkrate_precond;pupil_full_pupil_asymmetry_precond;eeg_tright_halpha_power_precond"
2025-12-19 16:21:27.682953,13,"stress_label",10,16,0.03,0.563953488372093,0.593023255813954,0.574418604651163,10,"top10","hr_med_precond;hr_sd_precond;eda_med_precond;eeg_fm_specent_precond;hrv_rmssd_precond;eeg_faa_precond;eda_peakarea_precond;eda_pkrate_precond;pupil_full_pupil_asymmetry_precond;eeg_tright_halpha_power_precond"
2025-12-19 16:21:27.792044,13,"stress_label",10,32,0.03,0.546511627906977,0.540697674418605,NA,10,"top10","hr_med_precond;hr_sd_precond;eda_med_precond;eeg_fm_specent_precond;hrv_rmssd_precond;eeg_faa_precond;eda_peakarea_precond;eda_pkrate_precond;pupil_full_pupil_asymmetry_precond;eeg_tright_halpha_power_precond"
2025-12-19 16:21:27.976311,13,"stress_label",10,64,0.03,0.546511627906977,0.563953488372093,NA,10,"top10","hr_med_precond;hr_sd_precond;eda_med_precond;eeg_fm_specent_precond;hrv_rmssd_precond;eeg_faa_precond;eda_peakarea_precond;eda_pkrate_precond;pupil_full_pupil_asymmetry_precond;eeg_tright_halpha_power_precond"
2025-12-19 16:21:28.285992,13,"stress_label",10,128,0.03,0.558139534883721,0.505813953488372,NA,10,"top10","hr_med_precond;hr_sd_precond;eda_med_precond;eeg_fm_specent_precond;hrv_rmssd_precond;eeg_faa_precond;eda_peakarea_precond;eda_pkrate_precond;pupil_full_pupil_asymmetry_precond;eeg_tright_halpha_power_precond"
2025-12-19 16:21:28.668096,13,"stress_label",10,256,0.03,0.569767441860465,0.5,NA,10,"top10","hr_med_precond;hr_sd_precond;eda_med_precond;eeg_fm_specent_precond;hrv_rmssd_precond;eeg_faa_precond;eda_peakarea_precond;eda_pkrate_precond;pupil_full_pupil_asymmetry_precond;eeg_tright_halpha_power_precond"
2025-12-19 16:21:27.885452,13,"stress_label",10,2,0.06,0.575581395348837,0.558139534883721,0.576744186046512,10,"top10","hr_med_precond;hr_sd_precond;eda_med_precond;eeg_fm_specent_precond;hrv_rmssd_precond;eeg_faa_precond;eda_peakarea_precond;eda_pkrate_precond;pupil_full_pupil_asymmetry_precond;eeg_tright_halpha_power_precond"
2025-12-19 16:21:27.942077,13,"stress_label",10,4,0.06,0.587209302325581,0.593023255813954,NA,10,"top10","hr_med_precond;hr_sd_precond;eda_med_precond;eeg_fm_specent_precond;hrv_rmssd_precond;eeg_faa_precond;eda_peakarea_precond;eda_pkrate_precond;pupil_full_pupil_asymmetry_precond;eeg_tright_halpha_power_precond"
2025-12-19 16:21:28.013349,13,"stress_label",10,8,0.06,0.587209302325581,0.598837209302326,NA,10,"top10","hr_med_precond;hr_sd_precond;eda_med_precond;eeg_fm_specent_precond;hrv_rmssd_precond;eeg_faa_precond;eda_peakarea_precond;eda_pkrate_precond;pupil_full_pupil_asymmetry_precond;eeg_tright_halpha_power_precond"
2025-12-19 16:21:28.106044,13,"stress_label",10,16,0.06,0.558139534883721,0.616279069767442,NA,10,"top10","hr_med_precond;hr_sd_precond;eda_med_precond;eeg_fm_specent_precond;hrv_rmssd_precond;eeg_faa_precond;eda_peakarea_precond;eda_pkrate_precond;pupil_full_pupil_asymmetry_precond;eeg_tright_halpha_power_precond"
2025-12-19 16:21:28.265648,13,"stress_label",10,32,0.06,0.587209302325581,0.581395348837209,NA,10,"top10","hr_med_precond;hr_sd_precond;eda_med_precond;eeg_fm_specent_precond;hrv_rmssd_precond;eeg_faa_precond;eda_peakarea_precond;eda_pkrate_precond;pupil_full_pupil_asymmetry_precond;eeg_tright_halpha_power_precond"
2025-12-19 16:21:28.451497,13,"stress_label",10,64,0.06,0.593023255813954,0.593023255813954,NA,10,"top10","hr_med_precond;hr_sd_precond;eda_med_precond;eeg_fm_specent_precond;hrv_rmssd_precond;eeg_faa_precond;eda_peakarea_precond;eda_pkrate_precond;pupil_full_pupil_asymmetry_precond;eeg_tright_halpha_power_precond"
2025-12-19 16:21:28.635383,13,"stress_label",10,128,0.06,0.552325581395349,0.569767441860465,NA,10,"top10","hr_med_precond;hr_sd_precond;eda_med_precond;eeg_fm_specent_precond;hrv_rmssd_precond;eeg_faa_precond;eda_peakarea_precond;eda_pkrate_precond;pupil_full_pupil_asymmetry_precond;eeg_tright_halpha_power_precond"
2025-12-19 16:21:28.853713,13,"stress_label",10,256,0.06,0.540697674418605,0.558139534883721,NA,10,"top10","hr_med_precond;hr_sd_precond;eda_med_precond;eeg_fm_specent_precond;hrv_rmssd_precond;eeg_faa_precond;eda_peakarea_precond;eda_pkrate_precond;pupil_full_pupil_asymmetry_precond;eeg_tright_halpha_power_precond"
2025-12-19 16:21:28.672062,13,"stress_label",10,2,0.1,0.633720930232558,0.598837209302326,NA,10,"top10","hr_med_precond;hr_sd_precond;eda_med_precond;eeg_fm_specent_precond;hrv_rmssd_precond;eeg_faa_precond;eda_peakarea_precond;eda_pkrate_precond;pupil_full_pupil_asymmetry_precond;eeg_tright_halpha_power_precond"
2025-12-19 16:21:28.786282,13,"stress_label",10,4,0.1,0.598837209302326,0.61046511627907,NA,10,"top10","hr_med_precond;hr_sd_precond;eda_med_precond;eeg_fm_specent_precond;hrv_rmssd_precond;eeg_faa_precond;eda_peakarea_precond;eda_pkrate_precond;pupil_full_pupil_asymmetry_precond;eeg_tright_halpha_power_precond"
2025-12-19 16:21:28.925863,13,"stress_label",10,8,0.1,0.581395348837209,0.598837209302326,NA,10,"top10","hr_med_precond;hr_sd_precond;eda_med_precond;eeg_fm_specent_precond;hrv_rmssd_precond;eeg_faa_precond;eda_peakarea_precond;eda_pkrate_precond;pupil_full_pupil_asymmetry_precond;eeg_tright_halpha_power_precond"
2025-12-19 16:21:29.006272,13,"stress_label",10,16,0.1,0.593023255813954,0.616279069767442,NA,10,"top10","hr_med_precond;hr_sd_precond;eda_med_precond;eeg_fm_specent_precond;hrv_rmssd_precond;eeg_faa_precond;eda_peakarea_precond;eda_pkrate_precond;pupil_full_pupil_asymmetry_precond;eeg_tright_halpha_power_precond"
2025-12-19 16:21:29.094698,13,"stress_label",10,32,0.1,0.575581395348837,0.569767441860465,NA,10,"top10","hr_med_precond;hr_sd_precond;eda_med_precond;eeg_fm_specent_precond;hrv_rmssd_precond;eeg_faa_precond;eda_peakarea_precond;eda_pkrate_precond;pupil_full_pupil_asymmetry_precond;eeg_tright_halpha_power_precond"
2025-12-19 16:21:29.138364,13,"stress_label",10,64,0.1,0.540697674418605,0.575581395348837,NA,10,"top10","hr_med_precond;hr_sd_precond;eda_med_precond;eeg_fm_specent_precond;hrv_rmssd_precond;eeg_faa_precond;eda_peakarea_precond;eda_pkrate_precond;pupil_full_pupil_asymmetry_precond;eeg_tright_halpha_power_precond"
2025-12-19 16:21:29.160348,13,"stress_label",10,128,0.1,0.534883720930233,0.569767441860465,NA,10,"top10","hr_med_precond;hr_sd_precond;eda_med_precond;eeg_fm_specent_precond;hrv_rmssd_precond;eeg_faa_precond;eda_peakarea_precond;eda_pkrate_precond;pupil_full_pupil_asymmetry_precond;eeg_tright_halpha_power_precond"
2025-12-19 16:21:29.237905,13,"stress_label",10,256,0.1,0.546511627906977,0.523255813953488,NA,10,"top10","hr_med_precond;hr_sd_precond;eda_med_precond;eeg_fm_specent_precond;hrv_rmssd_precond;eeg_faa_precond;eda_peakarea_precond;eda_pkrate_precond;pupil_full_pupil_asymmetry_precond;eeg_tright_halpha_power_precond"
2025-12-19 16:21:30.628789,15,"stress_label",10,2,0.0078125,0.558139534883721,0.581395348837209,0.543410852713178,10,"top10","hr_sd_precond;eda_med_precond;hr_med_precond;eeg_fm_lbeta_power_precond;eeg_fm_specent_precond;hrv_rmssd_precond;pupil_full_pupil_asymmetry_precond;eeg_faa_precond;eeg_tleft_lbeta_power_precond;eda_pkrate_precond"
2025-12-19 16:21:30.633507,15,"stress_label",10,4,0.0078125,0.529069767441861,0.563953488372093,0.517829457364341,10,"top10","hr_sd_precond;eda_med_precond;hr_med_precond;eeg_fm_lbeta_power_precond;eeg_fm_specent_precond;hrv_rmssd_precond;pupil_full_pupil_asymmetry_precond;eeg_faa_precond;eeg_tleft_lbeta_power_precond;eda_pkrate_precond"
2025-12-19 16:21:30.628771,15,"stress_label",10,8,0.0078125,0.534883720930233,0.569767441860465,0.503875968992248,10,"top10","hr_sd_precond;eda_med_precond;hr_med_precond;eeg_fm_lbeta_power_precond;eeg_fm_specent_precond;hrv_rmssd_precond;pupil_full_pupil_asymmetry_precond;eeg_faa_precond;eeg_tleft_lbeta_power_precond;eda_pkrate_precond"
2025-12-19 16:21:30.605508,15,"stress_label",10,16,0.0078125,0.529069767441861,0.552325581395349,0.502325581395349,10,"top10","hr_sd_precond;eda_med_precond;hr_med_precond;eeg_fm_lbeta_power_precond;eeg_fm_specent_precond;hrv_rmssd_precond;pupil_full_pupil_asymmetry_precond;eeg_faa_precond;eeg_tleft_lbeta_power_precond;eda_pkrate_precond"
2025-12-19 16:21:30.641737,15,"stress_label",10,32,0.0078125,0.546511627906977,0.552325581395349,0.517829457364341,10,"top10","hr_sd_precond;eda_med_precond;hr_med_precond;eeg_fm_lbeta_power_precond;eeg_fm_specent_precond;hrv_rmssd_precond;pupil_full_pupil_asymmetry_precond;eeg_faa_precond;eeg_tleft_lbeta_power_precond;eda_pkrate_precond"
2025-12-19 16:21:30.672654,15,"stress_label",10,64,0.0078125,0.534883720930233,0.511627906976744,0.509302325581395,10,"top10","hr_sd_precond;eda_med_precond;hr_med_precond;eeg_fm_lbeta_power_precond;eeg_fm_specent_precond;hrv_rmssd_precond;pupil_full_pupil_asymmetry_precond;eeg_faa_precond;eeg_tleft_lbeta_power_precond;eda_pkrate_precond"
2025-12-19 16:21:30.714322,15,"stress_label",10,128,0.0078125,0.505813953488372,0.534883720930233,0.487596899224806,10,"top10","hr_sd_precond;eda_med_precond;hr_med_precond;eeg_fm_lbeta_power_precond;eeg_fm_specent_precond;hrv_rmssd_precond;pupil_full_pupil_asymmetry_precond;eeg_faa_precond;eeg_tleft_lbeta_power_precond;eda_pkrate_precond"
2025-12-19 16:21:30.855122,15,"stress_label",10,256,0.0078125,0.505813953488372,0.459302325581395,0.506976744186047,10,"top10","hr_sd_precond;eda_med_precond;hr_med_precond;eeg_fm_lbeta_power_precond;eeg_fm_specent_precond;hrv_rmssd_precond;pupil_full_pupil_asymmetry_precond;eeg_faa_precond;eeg_tleft_lbeta_power_precond;eda_pkrate_precond"
2025-12-19 16:21:30.582172,15,"stress_label",10,2,0.015625,0.534883720930233,0.552325581395349,0.525581395348837,10,"top10","hr_sd_precond;eda_med_precond;hr_med_precond;eeg_fm_lbeta_power_precond;eeg_fm_specent_precond;hrv_rmssd_precond;pupil_full_pupil_asymmetry_precond;eeg_faa_precond;eeg_tleft_lbeta_power_precond;eda_pkrate_precond"
2025-12-19 16:21:30.567819,15,"stress_label",10,4,0.015625,0.517441860465116,0.563953488372093,0.491472868217054,10,"top10","hr_sd_precond;eda_med_precond;hr_med_precond;eeg_fm_lbeta_power_precond;eeg_fm_specent_precond;hrv_rmssd_precond;pupil_full_pupil_asymmetry_precond;eeg_faa_precond;eeg_tleft_lbeta_power_precond;eda_pkrate_precond"
2025-12-19 16:21:30.611633,15,"stress_label",10,8,0.015625,0.534883720930233,0.552325581395349,0.510077519379845,10,"top10","hr_sd_precond;eda_med_precond;hr_med_precond;eeg_fm_lbeta_power_precond;eeg_fm_specent_precond;hrv_rmssd_precond;pupil_full_pupil_asymmetry_precond;eeg_faa_precond;eeg_tleft_lbeta_power_precond;eda_pkrate_precond"
2025-12-19 16:21:30.600511,15,"stress_label",10,16,0.015625,0.529069767441861,0.540697674418605,0.50077519379845,10,"top10","hr_sd_precond;eda_med_precond;hr_med_precond;eeg_fm_lbeta_power_precond;eeg_fm_specent_precond;hrv_rmssd_precond;pupil_full_pupil_asymmetry_precond;eeg_faa_precond;eeg_tleft_lbeta_power_precond;eda_pkrate_precond"
2025-12-19 16:21:30.669389,15,"stress_label",10,32,0.015625,0.505813953488372,0.529069767441861,0.486046511627907,10,"top10","hr_sd_precond;eda_med_precond;hr_med_precond;eeg_fm_lbeta_power_precond;eeg_fm_specent_precond;hrv_rmssd_precond;pupil_full_pupil_asymmetry_precond;eeg_faa_precond;eeg_tleft_lbeta_power_precond;eda_pkrate_precond"
2025-12-19 16:21:30.737598,15,"stress_label",10,64,0.015625,0.511627906976744,0.505813953488372,0.514728682170543,10,"top10","hr_sd_precond;eda_med_precond;hr_med_precond;eeg_fm_lbeta_power_precond;eeg_fm_specent_precond;hrv_rmssd_precond;pupil_full_pupil_asymmetry_precond;eeg_faa_precond;eeg_tleft_lbeta_power_precond;eda_pkrate_precond"
2025-12-19 16:21:32.013145,15,"stress_label",10,128,0.015625,0.511627906976744,0.494186046511628,NA,10,"top10","hr_sd_precond;eda_med_precond;hr_med_precond;eeg_fm_lbeta_power_precond;eeg_fm_specent_precond;hrv_rmssd_precond;pupil_full_pupil_asymmetry_precond;eeg_faa_precond;eeg_tleft_lbeta_power_precond;eda_pkrate_precond"
2025-12-19 16:21:32.357189,15,"stress_label",10,256,0.015625,0.482558139534884,0.395348837209302,NA,10,"top10","hr_sd_precond;eda_med_precond;hr_med_precond;eeg_fm_lbeta_power_precond;eeg_fm_specent_precond;hrv_rmssd_precond;pupil_full_pupil_asymmetry_precond;eeg_faa_precond;eeg_tleft_lbeta_power_precond;eda_pkrate_precond"
2025-12-19 16:21:31.748258,15,"stress_label",10,2,0.03125,0.517441860465116,0.563953488372093,0.496899224806202,10,"top10","hr_sd_precond;eda_med_precond;hr_med_precond;eeg_fm_lbeta_power_precond;eeg_fm_specent_precond;hrv_rmssd_precond;pupil_full_pupil_asymmetry_precond;eeg_faa_precond;eeg_tleft_lbeta_power_precond;eda_pkrate_precond"
2025-12-19 16:21:31.764826,15,"stress_label",10,4,0.03125,0.540697674418605,0.558139534883721,0.517054263565891,10,"top10","hr_sd_precond;eda_med_precond;hr_med_precond;eeg_fm_lbeta_power_precond;eeg_fm_specent_precond;hrv_rmssd_precond;pupil_full_pupil_asymmetry_precond;eeg_faa_precond;eeg_tleft_lbeta_power_precond;eda_pkrate_precond"
2025-12-19 16:21:31.786081,15,"stress_label",10,8,0.03125,0.511627906976744,0.534883720930233,NA,10,"top10","hr_sd_precond;eda_med_precond;hr_med_precond;eeg_fm_lbeta_power_precond;eeg_fm_specent_precond;hrv_rmssd_precond;pupil_full_pupil_asymmetry_precond;eeg_faa_precond;eeg_tleft_lbeta_power_precond;eda_pkrate_precond"
2025-12-19 16:21:31.814601,15,"stress_label",10,16,0.03125,0.523255813953488,0.47093023255814,0.521705426356589,10,"top10","hr_sd_precond;eda_med_precond;hr_med_precond;eeg_fm_lbeta_power_precond;eeg_fm_specent_precond;hrv_rmssd_precond;pupil_full_pupil_asymmetry_precond;eeg_faa_precond;eeg_tleft_lbeta_power_precond;eda_pkrate_precond"
2025-12-19 16:21:31.871491,15,"stress_label",10,32,0.03125,0.482558139534884,0.412790697674419,0.481395348837209,10,"top10","hr_sd_precond;eda_med_precond;hr_med_precond;eeg_fm_lbeta_power_precond;eeg_fm_specent_precond;hrv_rmssd_precond;pupil_full_pupil_asymmetry_precond;eeg_faa_precond;eeg_tleft_lbeta_power_precond;eda_pkrate_precond"
2025-12-19 16:21:32.107763,15,"stress_label",10,64,0.03125,0.453488372093023,0.406976744186047,NA,10,"top10","hr_sd_precond;eda_med_precond;hr_med_precond;eeg_fm_lbeta_power_precond;eeg_fm_specent_precond;hrv_rmssd_precond;pupil_full_pupil_asymmetry_precond;eeg_faa_precond;eeg_tleft_lbeta_power_precond;eda_pkrate_precond"
2025-12-19 16:21:32.274306,15,"stress_label",10,128,0.03125,0.505813953488372,0.459302325581395,NA,10,"top10","hr_sd_precond;eda_med_precond;hr_med_precond;eeg_fm_lbeta_power_precond;eeg_fm_specent_precond;hrv_rmssd_precond;pupil_full_pupil_asymmetry_precond;eeg_faa_precond;eeg_tleft_lbeta_power_precond;eda_pkrate_precond"
2025-12-19 16:21:32.697057,15,"stress_label",10,256,0.03125,0.511627906976744,0.5,NA,10,"top10","hr_sd_precond;eda_med_precond;hr_med_precond;eeg_fm_lbeta_power_precond;eeg_fm_specent_precond;hrv_rmssd_precond;pupil_full_pupil_asymmetry_precond;eeg_faa_precond;eeg_tleft_lbeta_power_precond;eda_pkrate_precond"
2025-12-19 16:21:31.856187,15,"stress_label",10,2,0.0625,0.534883720930233,0.517441860465116,NA,10,"top10","hr_sd_precond;eda_med_precond;hr_med_precond;eeg_fm_lbeta_power_precond;eeg_fm_specent_precond;hrv_rmssd_precond;pupil_full_pupil_asymmetry_precond;eeg_faa_precond;eeg_tleft_lbeta_power_precond;eda_pkrate_precond"
2025-12-19 16:21:31.845502,15,"stress_label",10,4,0.0625,0.511627906976744,0.476744186046512,NA,10,"top10","hr_sd_precond;eda_med_precond;hr_med_precond;eeg_fm_lbeta_power_precond;eeg_fm_specent_precond;hrv_rmssd_precond;pupil_full_pupil_asymmetry_precond;eeg_faa_precond;eeg_tleft_lbeta_power_precond;eda_pkrate_precond"
2025-12-19 16:21:31.939517,15,"stress_label",10,8,0.0625,0.5,0.424418604651163,0.493023255813954,10,"top10","hr_sd_precond;eda_med_precond;hr_med_precond;eeg_fm_lbeta_power_precond;eeg_fm_specent_precond;hrv_rmssd_precond;pupil_full_pupil_asymmetry_precond;eeg_faa_precond;eeg_tleft_lbeta_power_precond;eda_pkrate_precond"
2025-12-19 16:21:32.126712,15,"stress_label",10,16,0.0625,0.494186046511628,0.441860465116279,NA,10,"top10","hr_sd_precond;eda_med_precond;hr_med_precond;eeg_fm_lbeta_power_precond;eeg_fm_specent_precond;hrv_rmssd_precond;pupil_full_pupil_asymmetry_precond;eeg_faa_precond;eeg_tleft_lbeta_power_precond;eda_pkrate_precond"
2025-12-19 16:21:33.152853,15,"stress_label",10,32,0.0625,0.5,0.436046511627907,NA,10,"top10","hr_sd_precond;eda_med_precond;hr_med_precond;eeg_fm_lbeta_power_precond;eeg_fm_specent_precond;hrv_rmssd_precond;pupil_full_pupil_asymmetry_precond;eeg_faa_precond;eeg_tleft_lbeta_power_precond;eda_pkrate_precond"
2025-12-19 16:21:33.306284,15,"stress_label",10,64,0.0625,0.505813953488372,0.523255813953488,NA,10,"top10","hr_sd_precond;eda_med_precond;hr_med_precond;eeg_fm_lbeta_power_precond;eeg_fm_specent_precond;hrv_rmssd_precond;pupil_full_pupil_asymmetry_precond;eeg_faa_precond;eeg_tleft_lbeta_power_precond;eda_pkrate_precond"
2025-12-19 16:21:33.473336,15,"stress_label",10,128,0.0625,0.476744186046512,0.5,NA,10,"top10","hr_sd_precond;eda_med_precond;hr_med_precond;eeg_fm_lbeta_power_precond;eeg_fm_specent_precond;hrv_rmssd_precond;pupil_full_pupil_asymmetry_precond;eeg_faa_precond;eeg_tleft_lbeta_power_precond;eda_pkrate_precond"
2025-12-19 16:21:33.561666,15,"stress_label",10,256,0.0625,0.482558139534884,0.377906976744186,NA,10,"top10","hr_sd_precond;eda_med_precond;hr_med_precond;eeg_fm_lbeta_power_precond;eeg_fm_specent_precond;hrv_rmssd_precond;pupil_full_pupil_asymmetry_precond;eeg_faa_precond;eeg_tleft_lbeta_power_precond;eda_pkrate_precond"
2025-12-19 16:21:33.034104,15,"stress_label",10,2,0.125,0.505813953488372,0.476744186046512,NA,10,"top10","hr_sd_precond;eda_med_precond;hr_med_precond;eeg_fm_lbeta_power_precond;eeg_fm_specent_precond;hrv_rmssd_precond;pupil_full_pupil_asymmetry_precond;eeg_faa_precond;eeg_tleft_lbeta_power_precond;eda_pkrate_precond"
2025-12-19 16:21:33.041652,15,"stress_label",10,4,0.125,0.5,0.412790697674419,NA,10,"top10","hr_sd_precond;eda_med_precond;hr_med_precond;eeg_fm_lbeta_power_precond;eeg_fm_specent_precond;hrv_rmssd_precond;pupil_full_pupil_asymmetry_precond;eeg_faa_precond;eeg_tleft_lbeta_power_precond;eda_pkrate_precond"
2025-12-19 16:21:33.141126,15,"stress_label",10,8,0.125,0.534883720930233,0.441860465116279,NA,10,"top10","hr_sd_precond;eda_med_precond;hr_med_precond;eeg_fm_lbeta_power_precond;eeg_fm_specent_precond;hrv_rmssd_precond;pupil_full_pupil_asymmetry_precond;eeg_faa_precond;eeg_tleft_lbeta_power_precond;eda_pkrate_precond"
2025-12-19 16:21:33.276395,15,"stress_label",10,16,0.125,0.517441860465116,0.383720930232558,NA,10,"top10","hr_sd_precond;eda_med_precond;hr_med_precond;eeg_fm_lbeta_power_precond;eeg_fm_specent_precond;hrv_rmssd_precond;pupil_full_pupil_asymmetry_precond;eeg_faa_precond;eeg_tleft_lbeta_power_precond;eda_pkrate_precond"
2025-12-19 16:21:33.411023,15,"stress_label",10,32,0.125,0.488372093023256,0.418604651162791,NA,10,"top10","hr_sd_precond;eda_med_precond;hr_med_precond;eeg_fm_lbeta_power_precond;eeg_fm_specent_precond;hrv_rmssd_precond;pupil_full_pupil_asymmetry_precond;eeg_faa_precond;eeg_tleft_lbeta_power_precond;eda_pkrate_precond"
2025-12-19 16:21:33.508121,15,"stress_label",10,64,0.125,0.494186046511628,0.482558139534884,NA,10,"top10","hr_sd_precond;eda_med_precond;hr_med_precond;eeg_fm_lbeta_power_precond;eeg_fm_specent_precond;hrv_rmssd_precond;pupil_full_pupil_asymmetry_precond;eeg_faa_precond;eeg_tleft_lbeta_power_precond;eda_pkrate_precond"
2025-12-19 16:21:33.557036,15,"stress_label",10,128,0.125,0.494186046511628,0.447674418604651,NA,10,"top10","hr_sd_precond;eda_med_precond;hr_med_precond;eeg_fm_lbeta_power_precond;eeg_fm_specent_precond;hrv_rmssd_precond;pupil_full_pupil_asymmetry_precond;eeg_faa_precond;eeg_tleft_lbeta_power_precond;eda_pkrate_precond"
2025-12-19 16:21:33.633789,15,"stress_label",10,256,0.125,0.494186046511628,0.540697674418605,NA,10,"top10","hr_sd_precond;eda_med_precond;hr_med_precond;eeg_fm_lbeta_power_precond;eeg_fm_specent_precond;hrv_rmssd_precond;pupil_full_pupil_asymmetry_precond;eeg_faa_precond;eeg_tleft_lbeta_power_precond;eda_pkrate_precond"
2025-12-19 16:21:33.495285,15,"stress_label",10,2,0.03,0.517441860465116,0.563953488372093,0.496899224806202,10,"top10","hr_sd_precond;eda_med_precond;hr_med_precond;eeg_fm_lbeta_power_precond;eeg_fm_specent_precond;hrv_rmssd_precond;pupil_full_pupil_asymmetry_precond;eeg_faa_precond;eeg_tleft_lbeta_power_precond;eda_pkrate_precond"
2025-12-19 16:21:33.839309,15,"stress_label",10,4,0.03,0.540697674418605,0.552325581395349,0.517054263565891,10,"top10","hr_sd_precond;eda_med_precond;hr_med_precond;eeg_fm_lbeta_power_precond;eeg_fm_specent_precond;hrv_rmssd_precond;pupil_full_pupil_asymmetry_precond;eeg_faa_precond;eeg_tleft_lbeta_power_precond;eda_pkrate_precond"
2025-12-19 16:21:34.175516,15,"stress_label",10,8,0.03,0.505813953488372,0.534883720930233,NA,10,"top10","hr_sd_precond;eda_med_precond;hr_med_precond;eeg_fm_lbeta_power_precond;eeg_fm_specent_precond;hrv_rmssd_precond;pupil_full_pupil_asymmetry_precond;eeg_faa_precond;eeg_tleft_lbeta_power_precond;eda_pkrate_precond"
2025-12-19 16:21:34.207248,15,"stress_label",10,16,0.03,0.517441860465116,0.529069767441861,0.517829457364341,10,"top10","hr_sd_precond;eda_med_precond;hr_med_precond;eeg_fm_lbeta_power_precond;eeg_fm_specent_precond;hrv_rmssd_precond;pupil_full_pupil_asymmetry_precond;eeg_faa_precond;eeg_tleft_lbeta_power_precond;eda_pkrate_precond"
2025-12-19 16:21:34.396505,15,"stress_label",10,32,0.03,0.494186046511628,0.395348837209302,0.495348837209302,10,"top10","hr_sd_precond;eda_med_precond;hr_med_precond;eeg_fm_lbeta_power_precond;eeg_fm_specent_precond;hrv_rmssd_precond;pupil_full_pupil_asymmetry_precond;eeg_faa_precond;eeg_tleft_lbeta_power_precond;eda_pkrate_precond"
2025-12-19 16:21:34.600355,15,"stress_label",10,64,0.03,0.465116279069767,0.476744186046512,NA,10,"top10","hr_sd_precond;eda_med_precond;hr_med_precond;eeg_fm_lbeta_power_precond;eeg_fm_specent_precond;hrv_rmssd_precond;pupil_full_pupil_asymmetry_precond;eeg_faa_precond;eeg_tleft_lbeta_power_precond;eda_pkrate_precond"
2025-12-19 16:21:34.954605,15,"stress_label",10,128,0.03,0.494186046511628,0.395348837209302,NA,10,"top10","hr_sd_precond;eda_med_precond;hr_med_precond;eeg_fm_lbeta_power_precond;eeg_fm_specent_precond;hrv_rmssd_precond;pupil_full_pupil_asymmetry_precond;eeg_faa_precond;eeg_tleft_lbeta_power_precond;eda_pkrate_precond"
2025-12-19 16:21:35.25775,15,"stress_label",10,256,0.03,0.494186046511628,0.47093023255814,0.477519379844961,10,"top10","hr_sd_precond;eda_med_precond;hr_med_precond;eeg_fm_lbeta_power_precond;eeg_fm_specent_precond;hrv_rmssd_precond;pupil_full_pupil_asymmetry_precond;eeg_faa_precond;eeg_tleft_lbeta_power_precond;eda_pkrate_precond"
2025-12-19 16:21:34.588453,15,"stress_label",10,2,0.06,0.534883720930233,0.552325581395349,NA,10,"top10","hr_sd_precond;eda_med_precond;hr_med_precond;eeg_fm_lbeta_power_precond;eeg_fm_specent_precond;hrv_rmssd_precond;pupil_full_pupil_asymmetry_precond;eeg_faa_precond;eeg_tleft_lbeta_power_precond;eda_pkrate_precond"
2025-12-19 16:21:34.629562,15,"stress_label",10,4,0.06,0.511627906976744,0.5,NA,10,"top10","hr_sd_precond;eda_med_precond;hr_med_precond;eeg_fm_lbeta_power_precond;eeg_fm_specent_precond;hrv_rmssd_precond;pupil_full_pupil_asymmetry_precond;eeg_faa_precond;eeg_tleft_lbeta_power_precond;eda_pkrate_precond"
2025-12-19 16:21:34.67166,15,"stress_label",10,8,0.06,0.494186046511628,0.331395348837209,0.490697674418605,10,"top10","hr_sd_precond;eda_med_precond;hr_med_precond;eeg_fm_lbeta_power_precond;eeg_fm_specent_precond;hrv_rmssd_precond;pupil_full_pupil_asymmetry_precond;eeg_faa_precond;eeg_tleft_lbeta_power_precond;eda_pkrate_precond"
2025-12-19 16:21:34.799392,15,"stress_label",10,16,0.06,0.494186046511628,0.406976744186047,NA,10,"top10","hr_sd_precond;eda_med_precond;hr_med_precond;eeg_fm_lbeta_power_precond;eeg_fm_specent_precond;hrv_rmssd_precond;pupil_full_pupil_asymmetry_precond;eeg_faa_precond;eeg_tleft_lbeta_power_precond;eda_pkrate_precond"
2025-12-19 16:21:34.972258,15,"stress_label",10,32,0.06,0.523255813953488,0.38953488372093,NA,10,"top10","hr_sd_precond;eda_med_precond;hr_med_precond;eeg_fm_lbeta_power_precond;eeg_fm_specent_precond;hrv_rmssd_precond;pupil_full_pupil_asymmetry_precond;eeg_faa_precond;eeg_tleft_lbeta_power_precond;eda_pkrate_precond"
2025-12-19 16:21:35.120969,15,"stress_label",10,64,0.06,0.517441860465116,0.424418604651163,NA,10,"top10","hr_sd_precond;eda_med_precond;hr_med_precond;eeg_fm_lbeta_power_precond;eeg_fm_specent_precond;hrv_rmssd_precond;pupil_full_pupil_asymmetry_precond;eeg_faa_precond;eeg_tleft_lbeta_power_precond;eda_pkrate_precond"
2025-12-19 16:21:35.312877,15,"stress_label",10,128,0.06,0.47093023255814,0.395348837209302,NA,10,"top10","hr_sd_precond;eda_med_precond;hr_med_precond;eeg_fm_lbeta_power_precond;eeg_fm_specent_precond;hrv_rmssd_precond;pupil_full_pupil_asymmetry_precond;eeg_faa_precond;eeg_tleft_lbeta_power_precond;eda_pkrate_precond"
2025-12-19 16:21:35.517928,15,"stress_label",10,256,0.06,0.488372093023256,0.459302325581395,NA,10,"top10","hr_sd_precond;eda_med_precond;hr_med_precond;eeg_fm_lbeta_power_precond;eeg_fm_specent_precond;hrv_rmssd_precond;pupil_full_pupil_asymmetry_precond;eeg_faa_precond;eeg_tleft_lbeta_power_precond;eda_pkrate_precond"
2025-12-19 16:21:35.291145,15,"stress_label",10,2,0.1,0.540697674418605,0.529069767441861,NA,10,"top10","hr_sd_precond;eda_med_precond;hr_med_precond;eeg_fm_lbeta_power_precond;eeg_fm_specent_precond;hrv_rmssd_precond;pupil_full_pupil_asymmetry_precond;eeg_faa_precond;eeg_tleft_lbeta_power_precond;eda_pkrate_precond"
2025-12-19 16:21:35.346924,15,"stress_label",10,4,0.1,0.494186046511628,0.441860465116279,NA,10,"top10","hr_sd_precond;eda_med_precond;hr_med_precond;eeg_fm_lbeta_power_precond;eeg_fm_specent_precond;hrv_rmssd_precond;pupil_full_pupil_asymmetry_precond;eeg_faa_precond;eeg_tleft_lbeta_power_precond;eda_pkrate_precond"
2025-12-19 16:21:35.494203,15,"stress_label",10,8,0.1,0.517441860465116,0.453488372093023,NA,10,"top10","hr_sd_precond;eda_med_precond;hr_med_precond;eeg_fm_lbeta_power_precond;eeg_fm_specent_precond;hrv_rmssd_precond;pupil_full_pupil_asymmetry_precond;eeg_faa_precond;eeg_tleft_lbeta_power_precond;eda_pkrate_precond"
2025-12-19 16:21:35.708536,15,"stress_label",10,16,0.1,0.534883720930233,0.447674418604651,NA,10,"top10","hr_sd_precond;eda_med_precond;hr_med_precond;eeg_fm_lbeta_power_precond;eeg_fm_specent_precond;hrv_rmssd_precond;pupil_full_pupil_asymmetry_precond;eeg_faa_precond;eeg_tleft_lbeta_power_precond;eda_pkrate_precond"
2025-12-19 16:21:35.758745,15,"stress_label",10,32,0.1,0.494186046511628,0.395348837209302,NA,10,"top10","hr_sd_precond;eda_med_precond;hr_med_precond;eeg_fm_lbeta_power_precond;eeg_fm_specent_precond;hrv_rmssd_precond;pupil_full_pupil_asymmetry_precond;eeg_faa_precond;eeg_tleft_lbeta_power_precond;eda_pkrate_precond"
2025-12-19 16:21:35.826895,15,"stress_label",10,64,0.1,0.488372093023256,0.505813953488372,NA,10,"top10","hr_sd_precond;eda_med_precond;hr_med_precond;eeg_fm_lbeta_power_precond;eeg_fm_specent_precond;hrv_rmssd_precond;pupil_full_pupil_asymmetry_precond;eeg_faa_precond;eeg_tleft_lbeta_power_precond;eda_pkrate_precond"
2025-12-19 16:21:35.866738,15,"stress_label",10,128,0.1,0.488372093023256,0.436046511627907,NA,10,"top10","hr_sd_precond;eda_med_precond;hr_med_precond;eeg_fm_lbeta_power_precond;eeg_fm_specent_precond;hrv_rmssd_precond;pupil_full_pupil_asymmetry_precond;eeg_faa_precond;eeg_tleft_lbeta_power_precond;eda_pkrate_precond"
2025-12-19 16:21:35.90423,15,"stress_label",10,256,0.1,0.488372093023256,0.447674418604651,NA,10,"top10","hr_sd_precond;eda_med_precond;hr_med_precond;eeg_fm_lbeta_power_precond;eeg_fm_specent_precond;hrv_rmssd_precond;pupil_full_pupil_asymmetry_precond;eeg_faa_precond;eeg_tleft_lbeta_power_precond;eda_pkrate_precond"
2025-12-19 16:21:37.320272,16,"stress_label",10,2,0.0078125,0.517441860465116,0.540697674418605,0.464341085271318,10,"top10","hr_sd_precond;hr_med_precond;eda_med_precond;eeg_fm_specent_precond;hrv_rmssd_precond;eeg_faa_precond;pupil_full_pupil_mean_precond;eda_peakarea_precond;eda_pkrate_precond;pupil_full_pupil_asymmetry_precond"
2025-12-19 16:21:37.308357,16,"stress_label",10,4,0.0078125,0.529069767441861,0.546511627906977,0.482945736434109,10,"top10","hr_sd_precond;hr_med_precond;eda_med_precond;eeg_fm_specent_precond;hrv_rmssd_precond;eeg_faa_precond;pupil_full_pupil_mean_precond;eda_peakarea_precond;eda_pkrate_precond;pupil_full_pupil_asymmetry_precond"
2025-12-19 16:21:37.315038,16,"stress_label",10,8,0.0078125,0.552325581395349,0.552325581395349,NA,10,"top10","hr_sd_precond;hr_med_precond;eda_med_precond;eeg_fm_specent_precond;hrv_rmssd_precond;eeg_faa_precond;pupil_full_pupil_mean_precond;eda_peakarea_precond;eda_pkrate_precond;pupil_full_pupil_asymmetry_precond"
2025-12-19 16:21:37.358446,16,"stress_label",10,16,0.0078125,0.529069767441861,0.552325581395349,NA,10,"top10","hr_sd_precond;hr_med_precond;eda_med_precond;eeg_fm_specent_precond;hrv_rmssd_precond;eeg_faa_precond;pupil_full_pupil_mean_precond;eda_peakarea_precond;eda_pkrate_precond;pupil_full_pupil_asymmetry_precond"
2025-12-19 16:21:37.295185,16,"stress_label",10,32,0.0078125,0.575581395348837,0.569767441860465,NA,10,"top10","hr_sd_precond;hr_med_precond;eda_med_precond;eeg_fm_specent_precond;hrv_rmssd_precond;eeg_faa_precond;pupil_full_pupil_mean_precond;eda_peakarea_precond;eda_pkrate_precond;pupil_full_pupil_asymmetry_precond"
2025-12-19 16:21:37.34717,16,"stress_label",10,64,0.0078125,0.546511627906977,0.563953488372093,NA,10,"top10","hr_sd_precond;hr_med_precond;eda_med_precond;eeg_fm_specent_precond;hrv_rmssd_precond;eeg_faa_precond;pupil_full_pupil_mean_precond;eda_peakarea_precond;eda_pkrate_precond;pupil_full_pupil_asymmetry_precond"
2025-12-19 16:21:37.472988,16,"stress_label",10,128,0.0078125,0.569767441860465,0.569767441860465,NA,10,"top10","hr_sd_precond;hr_med_precond;eda_med_precond;eeg_fm_specent_precond;hrv_rmssd_precond;eeg_faa_precond;pupil_full_pupil_mean_precond;eda_peakarea_precond;eda_pkrate_precond;pupil_full_pupil_asymmetry_precond"
2025-12-19 16:21:37.571991,16,"stress_label",10,256,0.0078125,0.546511627906977,0.593023255813954,NA,10,"top10","hr_sd_precond;hr_med_precond;eda_med_precond;eeg_fm_specent_precond;hrv_rmssd_precond;eeg_faa_precond;pupil_full_pupil_mean_precond;eda_peakarea_precond;eda_pkrate_precond;pupil_full_pupil_asymmetry_precond"
2025-12-19 16:21:37.283495,16,"stress_label",10,2,0.015625,0.523255813953488,0.529069767441861,0.481395348837209,10,"top10","hr_sd_precond;hr_med_precond;eda_med_precond;eeg_fm_specent_precond;hrv_rmssd_precond;eeg_faa_precond;pupil_full_pupil_mean_precond;eda_peakarea_precond;eda_pkrate_precond;pupil_full_pupil_asymmetry_precond"
2025-12-19 16:21:37.326582,16,"stress_label",10,4,0.015625,0.558139534883721,0.563953488372093,NA,10,"top10","hr_sd_precond;hr_med_precond;eda_med_precond;eeg_fm_specent_precond;hrv_rmssd_precond;eeg_faa_precond;pupil_full_pupil_mean_precond;eda_peakarea_precond;eda_pkrate_precond;pupil_full_pupil_asymmetry_precond"
2025-12-19 16:21:37.284201,16,"stress_label",10,8,0.015625,0.581395348837209,0.552325581395349,NA,10,"top10","hr_sd_precond;hr_med_precond;eda_med_precond;eeg_fm_specent_precond;hrv_rmssd_precond;eeg_faa_precond;pupil_full_pupil_mean_precond;eda_peakarea_precond;eda_pkrate_precond;pupil_full_pupil_asymmetry_precond"
2025-12-19 16:21:37.318021,16,"stress_label",10,16,0.015625,0.558139534883721,0.575581395348837,NA,10,"top10","hr_sd_precond;hr_med_precond;eda_med_precond;eeg_fm_specent_precond;hrv_rmssd_precond;eeg_faa_precond;pupil_full_pupil_mean_precond;eda_peakarea_precond;eda_pkrate_precond;pupil_full_pupil_asymmetry_precond"
2025-12-19 16:21:37.409229,16,"stress_label",10,32,0.015625,0.558139534883721,0.563953488372093,NA,10,"top10","hr_sd_precond;hr_med_precond;eda_med_precond;eeg_fm_specent_precond;hrv_rmssd_precond;eeg_faa_precond;pupil_full_pupil_mean_precond;eda_peakarea_precond;eda_pkrate_precond;pupil_full_pupil_asymmetry_precond"
2025-12-19 16:21:37.43463,16,"stress_label",10,64,0.015625,0.540697674418605,0.575581395348837,NA,10,"top10","hr_sd_precond;hr_med_precond;eda_med_precond;eeg_fm_specent_precond;hrv_rmssd_precond;eeg_faa_precond;pupil_full_pupil_mean_precond;eda_peakarea_precond;eda_pkrate_precond;pupil_full_pupil_asymmetry_precond"
2025-12-19 16:21:38.755301,16,"stress_label",10,128,0.015625,0.552325581395349,0.581395348837209,NA,10,"top10","hr_sd_precond;hr_med_precond;eda_med_precond;eeg_fm_specent_precond;hrv_rmssd_precond;eeg_faa_precond;pupil_full_pupil_mean_precond;eda_peakarea_precond;eda_pkrate_precond;pupil_full_pupil_asymmetry_precond"
2025-12-19 16:21:39.01725,16,"stress_label",10,256,0.015625,0.488372093023256,0.441860465116279,NA,10,"top10","hr_sd_precond;hr_med_precond;eda_med_precond;eeg_fm_specent_precond;hrv_rmssd_precond;eeg_faa_precond;pupil_full_pupil_mean_precond;eda_peakarea_precond;eda_pkrate_precond;pupil_full_pupil_asymmetry_precond"
2025-12-19 16:21:38.43783,16,"stress_label",10,2,0.03125,0.546511627906977,0.540697674418605,NA,10,"top10","hr_sd_precond;hr_med_precond;eda_med_precond;eeg_fm_specent_precond;hrv_rmssd_precond;eeg_faa_precond;pupil_full_pupil_mean_precond;eda_peakarea_precond;eda_pkrate_precond;pupil_full_pupil_asymmetry_precond"
2025-12-19 16:21:38.486502,16,"stress_label",10,4,0.03125,0.581395348837209,0.569767441860465,NA,10,"top10","hr_sd_precond;hr_med_precond;eda_med_precond;eeg_fm_specent_precond;hrv_rmssd_precond;eeg_faa_precond;pupil_full_pupil_mean_precond;eda_peakarea_precond;eda_pkrate_precond;pupil_full_pupil_asymmetry_precond"
2025-12-19 16:21:38.478319,16,"stress_label",10,8,0.03125,0.558139534883721,0.546511627906977,NA,10,"top10","hr_sd_precond;hr_med_precond;eda_med_precond;eeg_fm_specent_precond;hrv_rmssd_precond;eeg_faa_precond;pupil_full_pupil_mean_precond;eda_peakarea_precond;eda_pkrate_precond;pupil_full_pupil_asymmetry_precond"
2025-12-19 16:21:38.502371,16,"stress_label",10,16,0.03125,0.540697674418605,0.563953488372093,NA,10,"top10","hr_sd_precond;hr_med_precond;eda_med_precond;eeg_fm_specent_precond;hrv_rmssd_precond;eeg_faa_precond;pupil_full_pupil_mean_precond;eda_peakarea_precond;eda_pkrate_precond;pupil_full_pupil_asymmetry_precond"
2025-12-19 16:21:38.656826,16,"stress_label",10,32,0.03125,0.546511627906977,0.575581395348837,NA,10,"top10","hr_sd_precond;hr_med_precond;eda_med_precond;eeg_fm_specent_precond;hrv_rmssd_precond;eeg_faa_precond;pupil_full_pupil_mean_precond;eda_peakarea_precond;eda_pkrate_precond;pupil_full_pupil_asymmetry_precond"
2025-12-19 16:21:38.733565,16,"stress_label",10,64,0.03125,0.540697674418605,0.540697674418605,NA,10,"top10","hr_sd_precond;hr_med_precond;eda_med_precond;eeg_fm_specent_precond;hrv_rmssd_precond;eeg_faa_precond;pupil_full_pupil_mean_precond;eda_peakarea_precond;eda_pkrate_precond;pupil_full_pupil_asymmetry_precond"
2025-12-19 16:21:38.997508,16,"stress_label",10,128,0.03125,0.581395348837209,0.511627906976744,NA,10,"top10","hr_sd_precond;hr_med_precond;eda_med_precond;eeg_fm_specent_precond;hrv_rmssd_precond;eeg_faa_precond;pupil_full_pupil_mean_precond;eda_peakarea_precond;eda_pkrate_precond;pupil_full_pupil_asymmetry_precond"
2025-12-19 16:21:39.350811,16,"stress_label",10,256,0.03125,0.569767441860465,0.418604651162791,NA,10,"top10","hr_sd_precond;hr_med_precond;eda_med_precond;eeg_fm_specent_precond;hrv_rmssd_precond;eeg_faa_precond;pupil_full_pupil_mean_precond;eda_peakarea_precond;eda_pkrate_precond;pupil_full_pupil_asymmetry_precond"
2025-12-19 16:21:38.548172,16,"stress_label",10,2,0.0625,0.546511627906977,0.552325581395349,0.550387596899225,10,"top10","hr_sd_precond;hr_med_precond;eda_med_precond;eeg_fm_specent_precond;hrv_rmssd_precond;eeg_faa_precond;pupil_full_pupil_mean_precond;eda_peakarea_precond;eda_pkrate_precond;pupil_full_pupil_asymmetry_precond"
2025-12-19 16:21:38.602186,16,"stress_label",10,4,0.0625,0.505813953488372,0.587209302325581,0.501550387596899,10,"top10","hr_sd_precond;hr_med_precond;eda_med_precond;eeg_fm_specent_precond;hrv_rmssd_precond;eeg_faa_precond;pupil_full_pupil_mean_precond;eda_peakarea_precond;eda_pkrate_precond;pupil_full_pupil_asymmetry_precond"
2025-12-19 16:21:38.675011,16,"stress_label",10,8,0.0625,0.558139534883721,0.563953488372093,NA,10,"top10","hr_sd_precond;hr_med_precond;eda_med_precond;eeg_fm_specent_precond;hrv_rmssd_precond;eeg_faa_precond;pupil_full_pupil_mean_precond;eda_peakarea_precond;eda_pkrate_precond;pupil_full_pupil_asymmetry_precond"
2025-12-19 16:21:38.833796,16,"stress_label",10,16,0.0625,0.581395348837209,0.540697674418605,NA,10,"top10","hr_sd_precond;hr_med_precond;eda_med_precond;eeg_fm_specent_precond;hrv_rmssd_precond;eeg_faa_precond;pupil_full_pupil_mean_precond;eda_peakarea_precond;eda_pkrate_precond;pupil_full_pupil_asymmetry_precond"
2025-12-19 16:21:39.854684,16,"stress_label",10,32,0.0625,0.61046511627907,0.546511627906977,NA,10,"top10","hr_sd_precond;hr_med_precond;eda_med_precond;eeg_fm_specent_precond;hrv_rmssd_precond;eeg_faa_precond;pupil_full_pupil_mean_precond;eda_peakarea_precond;eda_pkrate_precond;pupil_full_pupil_asymmetry_precond"
2025-12-19 16:21:40.005876,16,"stress_label",10,64,0.0625,0.552325581395349,0.546511627906977,NA,10,"top10","hr_sd_precond;hr_med_precond;eda_med_precond;eeg_fm_specent_precond;hrv_rmssd_precond;eeg_faa_precond;pupil_full_pupil_mean_precond;eda_peakarea_precond;eda_pkrate_precond;pupil_full_pupil_asymmetry_precond"
2025-12-19 16:21:40.090041,16,"stress_label",10,128,0.0625,0.558139534883721,0.476744186046512,0.544961240310078,10,"top10","hr_sd_precond;hr_med_precond;eda_med_precond;eeg_fm_specent_precond;hrv_rmssd_precond;eeg_faa_precond;pupil_full_pupil_mean_precond;eda_peakarea_precond;eda_pkrate_precond;pupil_full_pupil_asymmetry_precond"
2025-12-19 16:21:40.153262,16,"stress_label",10,256,0.0625,0.546511627906977,0.476744186046512,0.53953488372093,10,"top10","hr_sd_precond;hr_med_precond;eda_med_precond;eeg_fm_specent_precond;hrv_rmssd_precond;eeg_faa_precond;pupil_full_pupil_mean_precond;eda_peakarea_precond;eda_pkrate_precond;pupil_full_pupil_asymmetry_precond"
2025-12-19 16:21:39.725386,16,"stress_label",10,2,0.125,0.552325581395349,0.546511627906977,0.551162790697674,10,"top10","hr_sd_precond;hr_med_precond;eda_med_precond;eeg_fm_specent_precond;hrv_rmssd_precond;eeg_faa_precond;pupil_full_pupil_mean_precond;eda_peakarea_precond;eda_pkrate_precond;pupil_full_pupil_asymmetry_precond"
2025-12-19 16:21:39.835076,16,"stress_label",10,4,0.125,0.558139534883721,0.5,0.552713178294574,10,"top10","hr_sd_precond;hr_med_precond;eda_med_precond;eeg_fm_specent_precond;hrv_rmssd_precond;eeg_faa_precond;pupil_full_pupil_mean_precond;eda_peakarea_precond;eda_pkrate_precond;pupil_full_pupil_asymmetry_precond"
2025-12-19 16:21:39.89983,16,"stress_label",10,8,0.125,0.558139534883721,0.569767441860465,NA,10,"top10","hr_sd_precond;hr_med_precond;eda_med_precond;eeg_fm_specent_precond;hrv_rmssd_precond;eeg_faa_precond;pupil_full_pupil_mean_precond;eda_peakarea_precond;eda_pkrate_precond;pupil_full_pupil_asymmetry_precond"
2025-12-19 16:21:39.94199,16,"stress_label",10,16,0.125,0.540697674418605,0.517441860465116,0.534883720930233,10,"top10","hr_sd_precond;hr_med_precond;eda_med_precond;eeg_fm_specent_precond;hrv_rmssd_precond;eeg_faa_precond;pupil_full_pupil_mean_precond;eda_peakarea_precond;eda_pkrate_precond;pupil_full_pupil_asymmetry_precond"
2025-12-19 16:21:40.078435,16,"stress_label",10,32,0.125,0.552325581395349,0.552325581395349,0.549612403100775,10,"top10","hr_sd_precond;hr_med_precond;eda_med_precond;eeg_fm_specent_precond;hrv_rmssd_precond;eeg_faa_precond;pupil_full_pupil_mean_precond;eda_peakarea_precond;eda_pkrate_precond;pupil_full_pupil_asymmetry_precond"
2025-12-19 16:21:40.080516,16,"stress_label",10,64,0.125,0.558139534883721,0.534883720930233,0.557364341085271,10,"top10","hr_sd_precond;hr_med_precond;eda_med_precond;eeg_fm_specent_precond;hrv_rmssd_precond;eeg_faa_precond;pupil_full_pupil_mean_precond;eda_peakarea_precond;eda_pkrate_precond;pupil_full_pupil_asymmetry_precond"
2025-12-19 16:21:40.183224,16,"stress_label",10,128,0.125,0.558139534883721,0.488372093023256,0.557364341085271,10,"top10","hr_sd_precond;hr_med_precond;eda_med_precond;eeg_fm_specent_precond;hrv_rmssd_precond;eeg_faa_precond;pupil_full_pupil_mean_precond;eda_peakarea_precond;eda_pkrate_precond;pupil_full_pupil_asymmetry_precond"
2025-12-19 16:21:40.321668,16,"stress_label",10,256,0.125,0.558139534883721,0.546511627906977,0.557364341085271,10,"top10","hr_sd_precond;hr_med_precond;eda_med_precond;eeg_fm_specent_precond;hrv_rmssd_precond;eeg_faa_precond;pupil_full_pupil_mean_precond;eda_peakarea_precond;eda_pkrate_precond;pupil_full_pupil_asymmetry_precond"
2025-12-19 16:21:40.16378,16,"stress_label",10,2,0.03,0.558139534883721,0.529069767441861,NA,10,"top10","hr_sd_precond;hr_med_precond;eda_med_precond;eeg_fm_specent_precond;hrv_rmssd_precond;eeg_faa_precond;pupil_full_pupil_mean_precond;eda_peakarea_precond;eda_pkrate_precond;pupil_full_pupil_asymmetry_precond"
2025-12-19 16:21:40.510433,16,"stress_label",10,4,0.03,0.581395348837209,0.569767441860465,NA,10,"top10","hr_sd_precond;hr_med_precond;eda_med_precond;eeg_fm_specent_precond;hrv_rmssd_precond;eeg_faa_precond;pupil_full_pupil_mean_precond;eda_peakarea_precond;eda_pkrate_precond;pupil_full_pupil_asymmetry_precond"
2025-12-19 16:21:40.883982,16,"stress_label",10,8,0.03,0.552325581395349,0.569767441860465,NA,10,"top10","hr_sd_precond;hr_med_precond;eda_med_precond;eeg_fm_specent_precond;hrv_rmssd_precond;eeg_faa_precond;pupil_full_pupil_mean_precond;eda_peakarea_precond;eda_pkrate_precond;pupil_full_pupil_asymmetry_precond"
2025-12-19 16:21:41.039225,16,"stress_label",10,16,0.03,0.529069767441861,0.563953488372093,NA,10,"top10","hr_sd_precond;hr_med_precond;eda_med_precond;eeg_fm_specent_precond;hrv_rmssd_precond;eeg_faa_precond;pupil_full_pupil_mean_precond;eda_peakarea_precond;eda_pkrate_precond;pupil_full_pupil_asymmetry_precond"
2025-12-19 16:21:41.154281,16,"stress_label",10,32,0.03,0.540697674418605,0.552325581395349,NA,10,"top10","hr_sd_precond;hr_med_precond;eda_med_precond;eeg_fm_specent_precond;hrv_rmssd_precond;eeg_faa_precond;pupil_full_pupil_mean_precond;eda_peakarea_precond;eda_pkrate_precond;pupil_full_pupil_asymmetry_precond"
2025-12-19 16:21:41.307112,16,"stress_label",10,64,0.03,0.540697674418605,0.494186046511628,NA,10,"top10","hr_sd_precond;hr_med_precond;eda_med_precond;eeg_fm_specent_precond;hrv_rmssd_precond;eeg_faa_precond;pupil_full_pupil_mean_precond;eda_peakarea_precond;eda_pkrate_precond;pupil_full_pupil_asymmetry_precond"
2025-12-19 16:21:41.600076,16,"stress_label",10,128,0.03,0.575581395348837,0.534883720930233,NA,10,"top10","hr_sd_precond;hr_med_precond;eda_med_precond;eeg_fm_specent_precond;hrv_rmssd_precond;eeg_faa_precond;pupil_full_pupil_mean_precond;eda_peakarea_precond;eda_pkrate_precond;pupil_full_pupil_asymmetry_precond"
2025-12-19 16:21:41.992252,16,"stress_label",10,256,0.03,0.587209302325581,0.523255813953488,NA,10,"top10","hr_sd_precond;hr_med_precond;eda_med_precond;eeg_fm_specent_precond;hrv_rmssd_precond;eeg_faa_precond;pupil_full_pupil_mean_precond;eda_peakarea_precond;eda_pkrate_precond;pupil_full_pupil_asymmetry_precond"
2025-12-19 16:21:41.220741,16,"stress_label",10,2,0.06,0.552325581395349,0.552325581395349,0.552713178294574,10,"top10","hr_sd_precond;hr_med_precond;eda_med_precond;eeg_fm_specent_precond;hrv_rmssd_precond;eeg_faa_precond;pupil_full_pupil_mean_precond;eda_peakarea_precond;eda_pkrate_precond;pupil_full_pupil_asymmetry_precond"
2025-12-19 16:21:41.231394,16,"stress_label",10,4,0.06,0.511627906976744,0.552325581395349,0.503875968992248,10,"top10","hr_sd_precond;hr_med_precond;eda_med_precond;eeg_fm_specent_precond;hrv_rmssd_precond;eeg_faa_precond;pupil_full_pupil_mean_precond;eda_peakarea_precond;eda_pkrate_precond;pupil_full_pupil_asymmetry_precond"
2025-12-19 16:21:41.285133,16,"stress_label",10,8,0.06,0.563953488372093,0.558139534883721,NA,10,"top10","hr_sd_precond;hr_med_precond;eda_med_precond;eeg_fm_specent_precond;hrv_rmssd_precond;eeg_faa_precond;pupil_full_pupil_mean_precond;eda_peakarea_precond;eda_pkrate_precond;pupil_full_pupil_asymmetry_precond"
2025-12-19 16:21:41.434228,16,"stress_label",10,16,0.06,0.563953488372093,0.505813953488372,NA,10,"top10","hr_sd_precond;hr_med_precond;eda_med_precond;eeg_fm_specent_precond;hrv_rmssd_precond;eeg_faa_precond;pupil_full_pupil_mean_precond;eda_peakarea_precond;eda_pkrate_precond;pupil_full_pupil_asymmetry_precond"
2025-12-19 16:21:41.550342,16,"stress_label",10,32,0.06,0.604651162790698,0.563953488372093,NA,10,"top10","hr_sd_precond;hr_med_precond;eda_med_precond;eeg_fm_specent_precond;hrv_rmssd_precond;eeg_faa_precond;pupil_full_pupil_mean_precond;eda_peakarea_precond;eda_pkrate_precond;pupil_full_pupil_asymmetry_precond"
2025-12-19 16:21:41.707922,16,"stress_label",10,64,0.06,0.540697674418605,0.517441860465116,NA,10,"top10","hr_sd_precond;hr_med_precond;eda_med_precond;eeg_fm_specent_precond;hrv_rmssd_precond;eeg_faa_precond;pupil_full_pupil_mean_precond;eda_peakarea_precond;eda_pkrate_precond;pupil_full_pupil_asymmetry_precond"
2025-12-19 16:21:41.897684,16,"stress_label",10,128,0.06,0.546511627906977,0.563953488372093,0.531007751937984,10,"top10","hr_sd_precond;hr_med_precond;eda_med_precond;eeg_fm_specent_precond;hrv_rmssd_precond;eeg_faa_precond;pupil_full_pupil_mean_precond;eda_peakarea_precond;eda_pkrate_precond;pupil_full_pupil_asymmetry_precond"
2025-12-19 16:21:42.087792,16,"stress_label",10,256,0.06,0.540697674418605,0.5,0.532558139534884,10,"top10","hr_sd_precond;hr_med_precond;eda_med_precond;eeg_fm_specent_precond;hrv_rmssd_precond;eeg_faa_precond;pupil_full_pupil_mean_precond;eda_peakarea_precond;eda_pkrate_precond;pupil_full_pupil_asymmetry_precond"
2025-12-19 16:21:41.997324,16,"stress_label",10,2,0.1,0.540697674418605,0.558139534883721,NA,10,"top10","hr_sd_precond;hr_med_precond;eda_med_precond;eeg_fm_specent_precond;hrv_rmssd_precond;eeg_faa_precond;pupil_full_pupil_mean_precond;eda_peakarea_precond;eda_pkrate_precond;pupil_full_pupil_asymmetry_precond"
2025-12-19 16:21:42.10555,16,"stress_label",10,4,0.1,0.575581395348837,0.575581395348837,0.572093023255814,10,"top10","hr_sd_precond;hr_med_precond;eda_med_precond;eeg_fm_specent_precond;hrv_rmssd_precond;eeg_faa_precond;pupil_full_pupil_mean_precond;eda_peakarea_precond;eda_pkrate_precond;pupil_full_pupil_asymmetry_precond"
2025-12-19 16:21:42.262957,16,"stress_label",10,8,0.1,0.563953488372093,0.575581395348837,NA,10,"top10","hr_sd_precond;hr_med_precond;eda_med_precond;eeg_fm_specent_precond;hrv_rmssd_precond;eeg_faa_precond;pupil_full_pupil_mean_precond;eda_peakarea_precond;eda_pkrate_precond;pupil_full_pupil_asymmetry_precond"
2025-12-19 16:21:42.322475,16,"stress_label",10,16,0.1,0.563953488372093,0.575581395348837,NA,10,"top10","hr_sd_precond;hr_med_precond;eda_med_precond;eeg_fm_specent_precond;hrv_rmssd_precond;eeg_faa_precond;pupil_full_pupil_mean_precond;eda_peakarea_precond;eda_pkrate_precond;pupil_full_pupil_asymmetry_precond"
2025-12-19 16:21:42.347032,16,"stress_label",10,32,0.1,0.534883720930233,0.494186046511628,0.524031007751938,10,"top10","hr_sd_precond;hr_med_precond;eda_med_precond;eeg_fm_specent_precond;hrv_rmssd_precond;eeg_faa_precond;pupil_full_pupil_mean_precond;eda_peakarea_precond;eda_pkrate_precond;pupil_full_pupil_asymmetry_precond"
2025-12-19 16:21:42.428962,16,"stress_label",10,64,0.1,0.563953488372093,0.540697674418605,0.557364341085271,10,"top10","hr_sd_precond;hr_med_precond;eda_med_precond;eeg_fm_specent_precond;hrv_rmssd_precond;eeg_faa_precond;pupil_full_pupil_mean_precond;eda_peakarea_precond;eda_pkrate_precond;pupil_full_pupil_asymmetry_precond"
2025-12-19 16:21:42.46048,16,"stress_label",10,128,0.1,0.563953488372093,0.552325581395349,0.555038759689922,10,"top10","hr_sd_precond;hr_med_precond;eda_med_precond;eeg_fm_specent_precond;hrv_rmssd_precond;eeg_faa_precond;pupil_full_pupil_mean_precond;eda_peakarea_precond;eda_pkrate_precond;pupil_full_pupil_asymmetry_precond"
2025-12-19 16:21:42.507664,16,"stress_label",10,256,0.1,0.563953488372093,0.517441860465116,0.555038759689922,10,"top10","hr_sd_precond;hr_med_precond;eda_med_precond;eeg_fm_specent_precond;hrv_rmssd_precond;eeg_faa_precond;pupil_full_pupil_mean_precond;eda_peakarea_precond;eda_pkrate_precond;pupil_full_pupil_asymmetry_precond"
2025-12-19 16:21:43.884264,17,"stress_label",10,2,0.0078125,0.587209302325581,0.569767441860465,0.584496124031008,10,"top10","hr_sd_precond;hr_med_precond;eda_med_precond;eeg_fm_lbeta_power_precond;hrv_rmssd_precond;pupil_full_pupil_asymmetry_precond;eeg_fm_specent_precond;eeg_faa_precond;eeg_tleft_lbeta_power_precond;eeg_fl_theta_power_precond"
2025-12-19 16:21:43.870372,17,"stress_label",10,4,0.0078125,0.563953488372093,0.563953488372093,0.546511627906977,10,"top10","hr_sd_precond;hr_med_precond;eda_med_precond;eeg_fm_lbeta_power_precond;hrv_rmssd_precond;pupil_full_pupil_asymmetry_precond;eeg_fm_specent_precond;eeg_faa_precond;eeg_tleft_lbeta_power_precond;eeg_fl_theta_power_precond"
2025-12-19 16:21:43.885189,17,"stress_label",10,8,0.0078125,0.534883720930233,0.540697674418605,0.518604651162791,10,"top10","hr_sd_precond;hr_med_precond;eda_med_precond;eeg_fm_lbeta_power_precond;hrv_rmssd_precond;pupil_full_pupil_asymmetry_precond;eeg_fm_specent_precond;eeg_faa_precond;eeg_tleft_lbeta_power_precond;eeg_fl_theta_power_precond"
2025-12-19 16:21:43.872056,17,"stress_label",10,16,0.0078125,0.540697674418605,0.511627906976744,0.532558139534884,10,"top10","hr_sd_precond;hr_med_precond;eda_med_precond;eeg_fm_lbeta_power_precond;hrv_rmssd_precond;pupil_full_pupil_asymmetry_precond;eeg_fm_specent_precond;eeg_faa_precond;eeg_tleft_lbeta_power_precond;eeg_fl_theta_power_precond"
2025-12-19 16:21:43.921197,17,"stress_label",10,32,0.0078125,0.563953488372093,0.558139534883721,0.569767441860465,10,"top10","hr_sd_precond;hr_med_precond;eda_med_precond;eeg_fm_lbeta_power_precond;hrv_rmssd_precond;pupil_full_pupil_asymmetry_precond;eeg_fm_specent_precond;eeg_faa_precond;eeg_tleft_lbeta_power_precond;eeg_fl_theta_power_precond"
2025-12-19 16:21:43.953684,17,"stress_label",10,64,0.0078125,0.558139534883721,0.540697674418605,0.562015503875969,10,"top10","hr_sd_precond;hr_med_precond;eda_med_precond;eeg_fm_lbeta_power_precond;hrv_rmssd_precond;pupil_full_pupil_asymmetry_precond;eeg_fm_specent_precond;eeg_faa_precond;eeg_tleft_lbeta_power_precond;eeg_fl_theta_power_precond"
2025-12-19 16:21:44.025827,17,"stress_label",10,128,0.0078125,0.540697674418605,0.395348837209302,NA,10,"top10","hr_sd_precond;hr_med_precond;eda_med_precond;eeg_fm_lbeta_power_precond;hrv_rmssd_precond;pupil_full_pupil_asymmetry_precond;eeg_fm_specent_precond;eeg_faa_precond;eeg_tleft_lbeta_power_precond;eeg_fl_theta_power_precond"
2025-12-19 16:21:44.220297,17,"stress_label",10,256,0.0078125,0.488372093023256,0.337209302325581,NA,10,"top10","hr_sd_precond;hr_med_precond;eda_med_precond;eeg_fm_lbeta_power_precond;hrv_rmssd_precond;pupil_full_pupil_asymmetry_precond;eeg_fm_specent_precond;eeg_faa_precond;eeg_tleft_lbeta_power_precond;eeg_fl_theta_power_precond"
2025-12-19 16:21:43.866424,17,"stress_label",10,2,0.015625,0.558139534883721,0.569767441860465,0.542635658914729,10,"top10","hr_sd_precond;hr_med_precond;eda_med_precond;eeg_fm_lbeta_power_precond;hrv_rmssd_precond;pupil_full_pupil_asymmetry_precond;eeg_fm_specent_precond;eeg_faa_precond;eeg_tleft_lbeta_power_precond;eeg_fl_theta_power_precond"
2025-12-19 16:21:43.898198,17,"stress_label",10,4,0.015625,0.552325581395349,0.529069767441861,0.533333333333333,10,"top10","hr_sd_precond;hr_med_precond;eda_med_precond;eeg_fm_lbeta_power_precond;hrv_rmssd_precond;pupil_full_pupil_asymmetry_precond;eeg_fm_specent_precond;eeg_faa_precond;eeg_tleft_lbeta_power_precond;eeg_fl_theta_power_precond"
2025-12-19 16:21:43.873794,17,"stress_label",10,8,0.015625,0.546511627906977,0.534883720930233,0.543410852713178,10,"top10","hr_sd_precond;hr_med_precond;eda_med_precond;eeg_fm_lbeta_power_precond;hrv_rmssd_precond;pupil_full_pupil_asymmetry_precond;eeg_fm_specent_precond;eeg_faa_precond;eeg_tleft_lbeta_power_precond;eeg_fl_theta_power_precond"
2025-12-19 16:21:43.890092,17,"stress_label",10,16,0.015625,0.558139534883721,0.523255813953488,0.562015503875969,10,"top10","hr_sd_precond;hr_med_precond;eda_med_precond;eeg_fm_lbeta_power_precond;hrv_rmssd_precond;pupil_full_pupil_asymmetry_precond;eeg_fm_specent_precond;eeg_faa_precond;eeg_tleft_lbeta_power_precond;eeg_fl_theta_power_precond"
2025-12-19 16:21:43.99487,17,"stress_label",10,32,0.015625,0.534883720930233,0.372093023255814,NA,10,"top10","hr_sd_precond;hr_med_precond;eda_med_precond;eeg_fm_lbeta_power_precond;hrv_rmssd_precond;pupil_full_pupil_asymmetry_precond;eeg_fm_specent_precond;eeg_faa_precond;eeg_tleft_lbeta_power_precond;eeg_fl_theta_power_precond"
2025-12-19 16:21:44.020819,17,"stress_label",10,64,0.015625,0.476744186046512,0.343023255813953,NA,10,"top10","hr_sd_precond;hr_med_precond;eda_med_precond;eeg_fm_lbeta_power_precond;hrv_rmssd_precond;pupil_full_pupil_asymmetry_precond;eeg_fm_specent_precond;eeg_faa_precond;eeg_tleft_lbeta_power_precond;eeg_fl_theta_power_precond"
2025-12-19 16:21:45.306913,17,"stress_label",10,128,0.015625,0.441860465116279,0.482558139534884,NA,10,"top10","hr_sd_precond;hr_med_precond;eda_med_precond;eeg_fm_lbeta_power_precond;hrv_rmssd_precond;pupil_full_pupil_asymmetry_precond;eeg_fm_specent_precond;eeg_faa_precond;eeg_tleft_lbeta_power_precond;eeg_fl_theta_power_precond"
2025-12-19 16:21:45.628085,17,"stress_label",10,256,0.015625,0.436046511627907,0.546511627906977,NA,10,"top10","hr_sd_precond;hr_med_precond;eda_med_precond;eeg_fm_lbeta_power_precond;hrv_rmssd_precond;pupil_full_pupil_asymmetry_precond;eeg_fm_specent_precond;eeg_faa_precond;eeg_tleft_lbeta_power_precond;eeg_fl_theta_power_precond"
2025-12-19 16:21:45.025543,17,"stress_label",10,2,0.03125,0.546511627906977,0.534883720930233,0.532558139534884,10,"top10","hr_sd_precond;hr_med_precond;eda_med_precond;eeg_fm_lbeta_power_precond;hrv_rmssd_precond;pupil_full_pupil_asymmetry_precond;eeg_fm_specent_precond;eeg_faa_precond;eeg_tleft_lbeta_power_precond;eeg_fl_theta_power_precond"
2025-12-19 16:21:45.038831,17,"stress_label",10,4,0.03125,0.534883720930233,0.494186046511628,0.528682170542636,10,"top10","hr_sd_precond;hr_med_precond;eda_med_precond;eeg_fm_lbeta_power_precond;hrv_rmssd_precond;pupil_full_pupil_asymmetry_precond;eeg_fm_specent_precond;eeg_faa_precond;eeg_tleft_lbeta_power_precond;eeg_fl_theta_power_precond"
2025-12-19 16:21:45.062127,17,"stress_label",10,8,0.03125,0.540697674418605,0.383720930232558,NA,10,"top10","hr_sd_precond;hr_med_precond;eda_med_precond;eeg_fm_lbeta_power_precond;hrv_rmssd_precond;pupil_full_pupil_asymmetry_precond;eeg_fm_specent_precond;eeg_faa_precond;eeg_tleft_lbeta_power_precond;eeg_fl_theta_power_precond"
2025-12-19 16:21:45.087034,17,"stress_label",10,16,0.03125,0.494186046511628,0.366279069767442,NA,10,"top10","hr_sd_precond;hr_med_precond;eda_med_precond;eeg_fm_lbeta_power_precond;hrv_rmssd_precond;pupil_full_pupil_asymmetry_precond;eeg_fm_specent_precond;eeg_faa_precond;eeg_tleft_lbeta_power_precond;eeg_fl_theta_power_precond"
2025-12-19 16:21:45.157901,17,"stress_label",10,32,0.03125,0.47093023255814,0.441860465116279,NA,10,"top10","hr_sd_precond;hr_med_precond;eda_med_precond;eeg_fm_lbeta_power_precond;hrv_rmssd_precond;pupil_full_pupil_asymmetry_precond;eeg_fm_specent_precond;eeg_faa_precond;eeg_tleft_lbeta_power_precond;eeg_fl_theta_power_precond"
2025-12-19 16:21:45.323992,17,"stress_label",10,64,0.03125,0.453488372093023,0.505813953488372,NA,10,"top10","hr_sd_precond;hr_med_precond;eda_med_precond;eeg_fm_lbeta_power_precond;hrv_rmssd_precond;pupil_full_pupil_asymmetry_precond;eeg_fm_specent_precond;eeg_faa_precond;eeg_tleft_lbeta_power_precond;eeg_fl_theta_power_precond"
2025-12-19 16:21:45.64323,17,"stress_label",10,128,0.03125,0.430232558139535,0.505813953488372,NA,10,"top10","hr_sd_precond;hr_med_precond;eda_med_precond;eeg_fm_lbeta_power_precond;hrv_rmssd_precond;pupil_full_pupil_asymmetry_precond;eeg_fm_specent_precond;eeg_faa_precond;eeg_tleft_lbeta_power_precond;eeg_fl_theta_power_precond"
2025-12-19 16:21:46.045322,17,"stress_label",10,256,0.03125,0.453488372093023,0.459302325581395,NA,10,"top10","hr_sd_precond;hr_med_precond;eda_med_precond;eeg_fm_lbeta_power_precond;hrv_rmssd_precond;pupil_full_pupil_asymmetry_precond;eeg_fm_specent_precond;eeg_faa_precond;eeg_tleft_lbeta_power_precond;eeg_fl_theta_power_precond"
2025-12-19 16:21:45.163437,17,"stress_label",10,2,0.0625,0.523255813953488,0.412790697674419,NA,10,"top10","hr_sd_precond;hr_med_precond;eda_med_precond;eeg_fm_lbeta_power_precond;hrv_rmssd_precond;pupil_full_pupil_asymmetry_precond;eeg_fm_specent_precond;eeg_faa_precond;eeg_tleft_lbeta_power_precond;eeg_fl_theta_power_precond"
2025-12-19 16:21:45.192929,17,"stress_label",10,4,0.0625,0.505813953488372,0.372093023255814,NA,10,"top10","hr_sd_precond;hr_med_precond;eda_med_precond;eeg_fm_lbeta_power_precond;hrv_rmssd_precond;pupil_full_pupil_asymmetry_precond;eeg_fm_specent_precond;eeg_faa_precond;eeg_tleft_lbeta_power_precond;eeg_fl_theta_power_precond"
2025-12-19 16:21:45.225877,17,"stress_label",10,8,0.0625,0.482558139534884,0.331395348837209,NA,10,"top10","hr_sd_precond;hr_med_precond;eda_med_precond;eeg_fm_lbeta_power_precond;hrv_rmssd_precond;pupil_full_pupil_asymmetry_precond;eeg_fm_specent_precond;eeg_faa_precond;eeg_tleft_lbeta_power_precond;eeg_fl_theta_power_precond"
2025-12-19 16:21:45.450477,17,"stress_label",10,16,0.0625,0.447674418604651,0.581395348837209,NA,10,"top10","hr_sd_precond;hr_med_precond;eda_med_precond;eeg_fm_lbeta_power_precond;hrv_rmssd_precond;pupil_full_pupil_asymmetry_precond;eeg_fm_specent_precond;eeg_faa_precond;eeg_tleft_lbeta_power_precond;eeg_fl_theta_power_precond"
2025-12-19 16:21:46.385739,17,"stress_label",10,32,0.0625,0.424418604651163,0.494186046511628,NA,10,"top10","hr_sd_precond;hr_med_precond;eda_med_precond;eeg_fm_lbeta_power_precond;hrv_rmssd_precond;pupil_full_pupil_asymmetry_precond;eeg_fm_specent_precond;eeg_faa_precond;eeg_tleft_lbeta_power_precond;eeg_fl_theta_power_precond"
2025-12-19 16:21:46.5992,17,"stress_label",10,64,0.0625,0.441860465116279,0.5,NA,10,"top10","hr_sd_precond;hr_med_precond;eda_med_precond;eeg_fm_lbeta_power_precond;hrv_rmssd_precond;pupil_full_pupil_asymmetry_precond;eeg_fm_specent_precond;eeg_faa_precond;eeg_tleft_lbeta_power_precond;eeg_fl_theta_power_precond"
2025-12-19 16:21:46.772541,17,"stress_label",10,128,0.0625,0.465116279069767,0.494186046511628,NA,10,"top10","hr_sd_precond;hr_med_precond;eda_med_precond;eeg_fm_lbeta_power_precond;hrv_rmssd_precond;pupil_full_pupil_asymmetry_precond;eeg_fm_specent_precond;eeg_faa_precond;eeg_tleft_lbeta_power_precond;eeg_fl_theta_power_precond"
2025-12-19 16:21:46.841095,17,"stress_label",10,256,0.0625,0.476744186046512,0.395348837209302,NA,10,"top10","hr_sd_precond;hr_med_precond;eda_med_precond;eeg_fm_lbeta_power_precond;hrv_rmssd_precond;pupil_full_pupil_asymmetry_precond;eeg_fm_specent_precond;eeg_faa_precond;eeg_tleft_lbeta_power_precond;eeg_fl_theta_power_precond"
2025-12-19 16:21:46.331521,17,"stress_label",10,2,0.125,0.517441860465116,0.372093023255814,NA,10,"top10","hr_sd_precond;hr_med_precond;eda_med_precond;eeg_fm_lbeta_power_precond;hrv_rmssd_precond;pupil_full_pupil_asymmetry_precond;eeg_fm_specent_precond;eeg_faa_precond;eeg_tleft_lbeta_power_precond;eeg_fl_theta_power_precond"
2025-12-19 16:21:46.355788,17,"stress_label",10,4,0.125,0.459302325581395,0.441860465116279,NA,10,"top10","hr_sd_precond;hr_med_precond;eda_med_precond;eeg_fm_lbeta_power_precond;hrv_rmssd_precond;pupil_full_pupil_asymmetry_precond;eeg_fm_specent_precond;eeg_faa_precond;eeg_tleft_lbeta_power_precond;eeg_fl_theta_power_precond"
2025-12-19 16:21:46.474575,17,"stress_label",10,8,0.125,0.459302325581395,0.459302325581395,NA,10,"top10","hr_sd_precond;hr_med_precond;eda_med_precond;eeg_fm_lbeta_power_precond;hrv_rmssd_precond;pupil_full_pupil_asymmetry_precond;eeg_fm_specent_precond;eeg_faa_precond;eeg_tleft_lbeta_power_precond;eeg_fl_theta_power_precond"
2025-12-19 16:21:46.540105,17,"stress_label",10,16,0.125,0.459302325581395,0.482558139534884,NA,10,"top10","hr_sd_precond;hr_med_precond;eda_med_precond;eeg_fm_lbeta_power_precond;hrv_rmssd_precond;pupil_full_pupil_asymmetry_precond;eeg_fm_specent_precond;eeg_faa_precond;eeg_tleft_lbeta_power_precond;eeg_fl_theta_power_precond"
2025-12-19 16:21:46.661918,17,"stress_label",10,32,0.125,0.465116279069767,0.482558139534884,NA,10,"top10","hr_sd_precond;hr_med_precond;eda_med_precond;eeg_fm_lbeta_power_precond;hrv_rmssd_precond;pupil_full_pupil_asymmetry_precond;eeg_fm_specent_precond;eeg_faa_precond;eeg_tleft_lbeta_power_precond;eeg_fl_theta_power_precond"
2025-12-19 16:21:46.693696,17,"stress_label",10,64,0.125,0.488372093023256,0.401162790697674,NA,10,"top10","hr_sd_precond;hr_med_precond;eda_med_precond;eeg_fm_lbeta_power_precond;hrv_rmssd_precond;pupil_full_pupil_asymmetry_precond;eeg_fm_specent_precond;eeg_faa_precond;eeg_tleft_lbeta_power_precond;eeg_fl_theta_power_precond"
2025-12-19 16:21:46.825021,17,"stress_label",10,128,0.125,0.488372093023256,0.424418604651163,NA,10,"top10","hr_sd_precond;hr_med_precond;eda_med_precond;eeg_fm_lbeta_power_precond;hrv_rmssd_precond;pupil_full_pupil_asymmetry_precond;eeg_fm_specent_precond;eeg_faa_precond;eeg_tleft_lbeta_power_precond;eeg_fl_theta_power_precond"
2025-12-19 16:21:47.003895,17,"stress_label",10,256,0.125,0.488372093023256,0.494186046511628,NA,10,"top10","hr_sd_precond;hr_med_precond;eda_med_precond;eeg_fm_lbeta_power_precond;hrv_rmssd_precond;pupil_full_pupil_asymmetry_precond;eeg_fm_specent_precond;eeg_faa_precond;eeg_tleft_lbeta_power_precond;eeg_fl_theta_power_precond"
2025-12-19 16:21:46.812617,17,"stress_label",10,2,0.03,0.546511627906977,0.511627906976744,0.532558139534884,10,"top10","hr_sd_precond;hr_med_precond;eda_med_precond;eeg_fm_lbeta_power_precond;hrv_rmssd_precond;pupil_full_pupil_asymmetry_precond;eeg_fm_specent_precond;eeg_faa_precond;eeg_tleft_lbeta_power_precond;eeg_fl_theta_power_precond"
2025-12-19 16:21:47.185485,17,"stress_label",10,4,0.03,0.534883720930233,0.517441860465116,0.528682170542636,10,"top10","hr_sd_precond;hr_med_precond;eda_med_precond;eeg_fm_lbeta_power_precond;hrv_rmssd_precond;pupil_full_pupil_asymmetry_precond;eeg_fm_specent_precond;eeg_faa_precond;eeg_tleft_lbeta_power_precond;eeg_fl_theta_power_precond"
2025-12-19 16:21:47.524218,17,"stress_label",10,8,0.03,0.540697674418605,0.5,NA,10,"top10","hr_sd_precond;hr_med_precond;eda_med_precond;eeg_fm_lbeta_power_precond;hrv_rmssd_precond;pupil_full_pupil_asymmetry_precond;eeg_fm_specent_precond;eeg_faa_precond;eeg_tleft_lbeta_power_precond;eeg_fl_theta_power_precond"
2025-12-19 16:21:47.552327,17,"stress_label",10,16,0.03,0.5,0.395348837209302,NA,10,"top10","hr_sd_precond;hr_med_precond;eda_med_precond;eeg_fm_lbeta_power_precond;hrv_rmssd_precond;pupil_full_pupil_asymmetry_precond;eeg_fm_specent_precond;eeg_faa_precond;eeg_tleft_lbeta_power_precond;eeg_fl_theta_power_precond"
2025-12-19 16:21:47.64547,17,"stress_label",10,32,0.03,0.476744186046512,0.406976744186047,NA,10,"top10","hr_sd_precond;hr_med_precond;eda_med_precond;eeg_fm_lbeta_power_precond;hrv_rmssd_precond;pupil_full_pupil_asymmetry_precond;eeg_fm_specent_precond;eeg_faa_precond;eeg_tleft_lbeta_power_precond;eeg_fl_theta_power_precond"
2025-12-19 16:21:47.906939,17,"stress_label",10,64,0.03,0.459302325581395,0.517441860465116,NA,10,"top10","hr_sd_precond;hr_med_precond;eda_med_precond;eeg_fm_lbeta_power_precond;hrv_rmssd_precond;pupil_full_pupil_asymmetry_precond;eeg_fm_specent_precond;eeg_faa_precond;eeg_tleft_lbeta_power_precond;eeg_fl_theta_power_precond"
2025-12-19 16:21:48.233851,17,"stress_label",10,128,0.03,0.441860465116279,0.505813953488372,NA,10,"top10","hr_sd_precond;hr_med_precond;eda_med_precond;eeg_fm_lbeta_power_precond;hrv_rmssd_precond;pupil_full_pupil_asymmetry_precond;eeg_fm_specent_precond;eeg_faa_precond;eeg_tleft_lbeta_power_precond;eeg_fl_theta_power_precond"
2025-12-19 16:21:48.651911,17,"stress_label",10,256,0.03,0.436046511627907,0.505813953488372,NA,10,"top10","hr_sd_precond;hr_med_precond;eda_med_precond;eeg_fm_lbeta_power_precond;hrv_rmssd_precond;pupil_full_pupil_asymmetry_precond;eeg_fm_specent_precond;eeg_faa_precond;eeg_tleft_lbeta_power_precond;eeg_fl_theta_power_precond"
2025-12-19 16:21:47.793895,17,"stress_label",10,2,0.06,0.523255813953488,0.465116279069767,NA,10,"top10","hr_sd_precond;hr_med_precond;eda_med_precond;eeg_fm_lbeta_power_precond;hrv_rmssd_precond;pupil_full_pupil_asymmetry_precond;eeg_fm_specent_precond;eeg_faa_precond;eeg_tleft_lbeta_power_precond;eeg_fl_theta_power_precond"
2025-12-19 16:21:47.87743,17,"stress_label",10,4,0.06,0.5,0.406976744186047,NA,10,"top10","hr_sd_precond;hr_med_precond;eda_med_precond;eeg_fm_lbeta_power_precond;hrv_rmssd_precond;pupil_full_pupil_asymmetry_precond;eeg_fm_specent_precond;eeg_faa_precond;eeg_tleft_lbeta_power_precond;eeg_fl_theta_power_precond"
2025-12-19 16:21:47.9381,17,"stress_label",10,8,0.06,0.494186046511628,0.372093023255814,NA,10,"top10","hr_sd_precond;hr_med_precond;eda_med_precond;eeg_fm_lbeta_power_precond;hrv_rmssd_precond;pupil_full_pupil_asymmetry_precond;eeg_fm_specent_precond;eeg_faa_precond;eeg_tleft_lbeta_power_precond;eeg_fl_theta_power_precond"
2025-12-19 16:21:48.059565,17,"stress_label",10,16,0.06,0.453488372093023,0.546511627906977,NA,10,"top10","hr_sd_precond;hr_med_precond;eda_med_precond;eeg_fm_lbeta_power_precond;hrv_rmssd_precond;pupil_full_pupil_asymmetry_precond;eeg_fm_specent_precond;eeg_faa_precond;eeg_tleft_lbeta_power_precond;eeg_fl_theta_power_precond"
2025-12-19 16:21:48.208181,17,"stress_label",10,32,0.06,0.424418604651163,0.523255813953488,NA,10,"top10","hr_sd_precond;hr_med_precond;eda_med_precond;eeg_fm_lbeta_power_precond;hrv_rmssd_precond;pupil_full_pupil_asymmetry_precond;eeg_fm_specent_precond;eeg_faa_precond;eeg_tleft_lbeta_power_precond;eeg_fl_theta_power_precond"
2025-12-19 16:21:48.389342,17,"stress_label",10,64,0.06,0.441860465116279,0.459302325581395,NA,10,"top10","hr_sd_precond;hr_med_precond;eda_med_precond;eeg_fm_lbeta_power_precond;hrv_rmssd_precond;pupil_full_pupil_asymmetry_precond;eeg_fm_specent_precond;eeg_faa_precond;eeg_tleft_lbeta_power_precond;eeg_fl_theta_power_precond"
2025-12-19 16:21:48.674765,17,"stress_label",10,128,0.06,0.47093023255814,0.441860465116279,NA,10,"top10","hr_sd_precond;hr_med_precond;eda_med_precond;eeg_fm_lbeta_power_precond;hrv_rmssd_precond;pupil_full_pupil_asymmetry_precond;eeg_fm_specent_precond;eeg_faa_precond;eeg_tleft_lbeta_power_precond;eeg_fl_theta_power_precond"
2025-12-19 16:21:48.795053,17,"stress_label",10,256,0.06,0.482558139534884,0.436046511627907,NA,10,"top10","hr_sd_precond;hr_med_precond;eda_med_precond;eeg_fm_lbeta_power_precond;hrv_rmssd_precond;pupil_full_pupil_asymmetry_precond;eeg_fm_specent_precond;eeg_faa_precond;eeg_tleft_lbeta_power_precond;eeg_fl_theta_power_precond"
2025-12-19 16:21:48.662777,17,"stress_label",10,2,0.1,0.534883720930233,0.296511627906977,NA,10,"top10","hr_sd_precond;hr_med_precond;eda_med_precond;eeg_fm_lbeta_power_precond;hrv_rmssd_precond;pupil_full_pupil_asymmetry_precond;eeg_fm_specent_precond;eeg_faa_precond;eeg_tleft_lbeta_power_precond;eeg_fl_theta_power_precond"
2025-12-19 16:21:48.683184,17,"stress_label",10,4,0.1,0.476744186046512,0.453488372093023,NA,10,"top10","hr_sd_precond;hr_med_precond;eda_med_precond;eeg_fm_lbeta_power_precond;hrv_rmssd_precond;pupil_full_pupil_asymmetry_precond;eeg_fm_specent_precond;eeg_faa_precond;eeg_tleft_lbeta_power_precond;eeg_fl_theta_power_precond"
2025-12-19 16:21:48.787876,17,"stress_label",10,8,0.1,0.465116279069767,0.552325581395349,NA,10,"top10","hr_sd_precond;hr_med_precond;eda_med_precond;eeg_fm_lbeta_power_precond;hrv_rmssd_precond;pupil_full_pupil_asymmetry_precond;eeg_fm_specent_precond;eeg_faa_precond;eeg_tleft_lbeta_power_precond;eeg_fl_theta_power_precond"
2025-12-19 16:21:48.928273,17,"stress_label",10,16,0.1,0.430232558139535,0.447674418604651,NA,10,"top10","hr_sd_precond;hr_med_precond;eda_med_precond;eeg_fm_lbeta_power_precond;hrv_rmssd_precond;pupil_full_pupil_asymmetry_precond;eeg_fm_specent_precond;eeg_faa_precond;eeg_tleft_lbeta_power_precond;eeg_fl_theta_power_precond"
2025-12-19 16:21:49.05879,17,"stress_label",10,32,0.1,0.459302325581395,0.418604651162791,NA,10,"top10","hr_sd_precond;hr_med_precond;eda_med_precond;eeg_fm_lbeta_power_precond;hrv_rmssd_precond;pupil_full_pupil_asymmetry_precond;eeg_fm_specent_precond;eeg_faa_precond;eeg_tleft_lbeta_power_precond;eeg_fl_theta_power_precond"
2025-12-19 16:21:49.072413,17,"stress_label",10,64,0.1,0.47093023255814,0.383720930232558,NA,10,"top10","hr_sd_precond;hr_med_precond;eda_med_precond;eeg_fm_lbeta_power_precond;hrv_rmssd_precond;pupil_full_pupil_asymmetry_precond;eeg_fm_specent_precond;eeg_faa_precond;eeg_tleft_lbeta_power_precond;eeg_fl_theta_power_precond"
2025-12-19 16:21:49.110892,17,"stress_label",10,128,0.1,0.488372093023256,0.476744186046512,NA,10,"top10","hr_sd_precond;hr_med_precond;eda_med_precond;eeg_fm_lbeta_power_precond;hrv_rmssd_precond;pupil_full_pupil_asymmetry_precond;eeg_fm_specent_precond;eeg_faa_precond;eeg_tleft_lbeta_power_precond;eeg_fl_theta_power_precond"
2025-12-19 16:21:49.162824,17,"stress_label",10,256,0.1,0.488372093023256,0.511627906976744,NA,10,"top10","hr_sd_precond;hr_med_precond;eda_med_precond;eeg_fm_lbeta_power_precond;hrv_rmssd_precond;pupil_full_pupil_asymmetry_precond;eeg_fm_specent_precond;eeg_faa_precond;eeg_tleft_lbeta_power_precond;eeg_fl_theta_power_precond"
2025-12-19 16:21:50.509762,18,"stress_label",10,2,0.0078125,0.529069767441861,0.540697674418605,0.493023255813954,10,"top10","hr_sd_precond;eda_med_precond;hr_med_precond;eeg_fm_lbeta_power_precond;eeg_fm_specent_precond;hrv_rmssd_precond;pupil_full_pupil_asymmetry_precond;eeg_faa_precond;eda_pkrate_precond;pupil_full_pupil_mean_precond"
2025-12-19 16:21:50.556872,18,"stress_label",10,4,0.0078125,0.546511627906977,0.563953488372093,0.523255813953488,10,"top10","hr_sd_precond;eda_med_precond;hr_med_precond;eeg_fm_lbeta_power_precond;eeg_fm_specent_precond;hrv_rmssd_precond;pupil_full_pupil_asymmetry_precond;eeg_faa_precond;eda_pkrate_precond;pupil_full_pupil_mean_precond"
2025-12-19 16:21:50.532174,18,"stress_label",10,8,0.0078125,0.552325581395349,0.593023255813954,0.525581395348837,10,"top10","hr_sd_precond;eda_med_precond;hr_med_precond;eeg_fm_lbeta_power_precond;eeg_fm_specent_precond;hrv_rmssd_precond;pupil_full_pupil_asymmetry_precond;eeg_faa_precond;eda_pkrate_precond;pupil_full_pupil_mean_precond"
2025-12-19 16:21:50.533394,18,"stress_label",10,16,0.0078125,0.581395348837209,0.616279069767442,0.548837209302326,10,"top10","hr_sd_precond;eda_med_precond;hr_med_precond;eeg_fm_lbeta_power_precond;eeg_fm_specent_precond;hrv_rmssd_precond;pupil_full_pupil_asymmetry_precond;eeg_faa_precond;eda_pkrate_precond;pupil_full_pupil_mean_precond"
2025-12-19 16:21:50.535597,18,"stress_label",10,32,0.0078125,0.581395348837209,0.61046511627907,0.534883720930233,10,"top10","hr_sd_precond;eda_med_precond;hr_med_precond;eeg_fm_lbeta_power_precond;eeg_fm_specent_precond;hrv_rmssd_precond;pupil_full_pupil_asymmetry_precond;eeg_faa_precond;eda_pkrate_precond;pupil_full_pupil_mean_precond"
2025-12-19 16:21:50.607854,18,"stress_label",10,64,0.0078125,0.552325581395349,0.581395348837209,0.513953488372093,10,"top10","hr_sd_precond;eda_med_precond;hr_med_precond;eeg_fm_lbeta_power_precond;eeg_fm_specent_precond;hrv_rmssd_precond;pupil_full_pupil_asymmetry_precond;eeg_faa_precond;eda_pkrate_precond;pupil_full_pupil_mean_precond"
2025-12-19 16:21:50.636861,18,"stress_label",10,128,0.0078125,0.552325581395349,0.534883720930233,0.527131782945736,10,"top10","hr_sd_precond;eda_med_precond;hr_med_precond;eeg_fm_lbeta_power_precond;eeg_fm_specent_precond;hrv_rmssd_precond;pupil_full_pupil_asymmetry_precond;eeg_faa_precond;eda_pkrate_precond;pupil_full_pupil_mean_precond"
2025-12-19 16:21:50.842203,18,"stress_label",10,256,0.0078125,0.465116279069767,0.441860465116279,NA,10,"top10","hr_sd_precond;eda_med_precond;hr_med_precond;eeg_fm_lbeta_power_precond;eeg_fm_specent_precond;hrv_rmssd_precond;pupil_full_pupil_asymmetry_precond;eeg_faa_precond;eda_pkrate_precond;pupil_full_pupil_mean_precond"
2025-12-19 16:21:50.555476,18,"stress_label",10,2,0.015625,0.540697674418605,0.540697674418605,0.507751937984496,10,"top10","hr_sd_precond;eda_med_precond;hr_med_precond;eeg_fm_lbeta_power_precond;eeg_fm_specent_precond;hrv_rmssd_precond;pupil_full_pupil_asymmetry_precond;eeg_faa_precond;eda_pkrate_precond;pupil_full_pupil_mean_precond"
2025-12-19 16:21:50.50438,18,"stress_label",10,4,0.015625,0.558139534883721,0.581395348837209,0.525581395348837,10,"top10","hr_sd_precond;eda_med_precond;hr_med_precond;eeg_fm_lbeta_power_precond;eeg_fm_specent_precond;hrv_rmssd_precond;pupil_full_pupil_asymmetry_precond;eeg_faa_precond;eda_pkrate_precond;pupil_full_pupil_mean_precond"
2025-12-19 16:21:50.513855,18,"stress_label",10,8,0.015625,0.581395348837209,0.604651162790698,0.534883720930233,10,"top10","hr_sd_precond;eda_med_precond;hr_med_precond;eeg_fm_lbeta_power_precond;eeg_fm_specent_precond;hrv_rmssd_precond;pupil_full_pupil_asymmetry_precond;eeg_faa_precond;eda_pkrate_precond;pupil_full_pupil_mean_precond"
2025-12-19 16:21:50.564346,18,"stress_label",10,16,0.015625,0.563953488372093,0.587209302325581,0.529457364341085,10,"top10","hr_sd_precond;eda_med_precond;hr_med_precond;eeg_fm_lbeta_power_precond;eeg_fm_specent_precond;hrv_rmssd_precond;pupil_full_pupil_asymmetry_precond;eeg_faa_precond;eda_pkrate_precond;pupil_full_pupil_mean_precond"
2025-12-19 16:21:50.583761,18,"stress_label",10,32,0.015625,0.558139534883721,0.540697674418605,0.529457364341085,10,"top10","hr_sd_precond;eda_med_precond;hr_med_precond;eeg_fm_lbeta_power_precond;eeg_fm_specent_precond;hrv_rmssd_precond;pupil_full_pupil_asymmetry_precond;eeg_faa_precond;eda_pkrate_precond;pupil_full_pupil_mean_precond"
2025-12-19 16:21:50.666089,18,"stress_label",10,64,0.015625,0.494186046511628,0.401162790697674,NA,10,"top10","hr_sd_precond;eda_med_precond;hr_med_precond;eeg_fm_lbeta_power_precond;eeg_fm_specent_precond;hrv_rmssd_precond;pupil_full_pupil_asymmetry_precond;eeg_faa_precond;eda_pkrate_precond;pupil_full_pupil_mean_precond"
2025-12-19 16:21:52.000083,18,"stress_label",10,128,0.015625,0.465116279069767,0.383720930232558,NA,10,"top10","hr_sd_precond;eda_med_precond;hr_med_precond;eeg_fm_lbeta_power_precond;eeg_fm_specent_precond;hrv_rmssd_precond;pupil_full_pupil_asymmetry_precond;eeg_faa_precond;eda_pkrate_precond;pupil_full_pupil_mean_precond"
2025-12-19 16:21:52.36985,18,"stress_label",10,256,0.015625,0.465116279069767,0.441860465116279,NA,10,"top10","hr_sd_precond;eda_med_precond;hr_med_precond;eeg_fm_lbeta_power_precond;eeg_fm_specent_precond;hrv_rmssd_precond;pupil_full_pupil_asymmetry_precond;eeg_faa_precond;eda_pkrate_precond;pupil_full_pupil_mean_precond"
2025-12-19 16:21:51.673337,18,"stress_label",10,2,0.03125,0.563953488372093,0.575581395348837,0.521705426356589,10,"top10","hr_sd_precond;eda_med_precond;hr_med_precond;eeg_fm_lbeta_power_precond;eeg_fm_specent_precond;hrv_rmssd_precond;pupil_full_pupil_asymmetry_precond;eeg_faa_precond;eda_pkrate_precond;pupil_full_pupil_mean_precond"
2025-12-19 16:21:51.688376,18,"stress_label",10,4,0.03125,0.563953488372093,0.581395348837209,NA,10,"top10","hr_sd_precond;eda_med_precond;hr_med_precond;eeg_fm_lbeta_power_precond;eeg_fm_specent_precond;hrv_rmssd_precond;pupil_full_pupil_asymmetry_precond;eeg_faa_precond;eda_pkrate_precond;pupil_full_pupil_mean_precond"
2025-12-19 16:21:51.709848,18,"stress_label",10,8,0.03125,0.575581395348837,0.563953488372093,NA,10,"top10","hr_sd_precond;eda_med_precond;hr_med_precond;eeg_fm_lbeta_power_precond;eeg_fm_specent_precond;hrv_rmssd_precond;pupil_full_pupil_asymmetry_precond;eeg_faa_precond;eda_pkrate_precond;pupil_full_pupil_mean_precond"
2025-12-19 16:21:51.759903,18,"stress_label",10,16,0.03125,0.517441860465116,0.540697674418605,NA,10,"top10","hr_sd_precond;eda_med_precond;hr_med_precond;eeg_fm_lbeta_power_precond;eeg_fm_specent_precond;hrv_rmssd_precond;pupil_full_pupil_asymmetry_precond;eeg_faa_precond;eda_pkrate_precond;pupil_full_pupil_mean_precond"
2025-12-19 16:21:51.88799,18,"stress_label",10,32,0.03125,0.482558139534884,0.366279069767442,NA,10,"top10","hr_sd_precond;eda_med_precond;hr_med_precond;eeg_fm_lbeta_power_precond;eeg_fm_specent_precond;hrv_rmssd_precond;pupil_full_pupil_asymmetry_precond;eeg_faa_precond;eda_pkrate_precond;pupil_full_pupil_mean_precond"
2025-12-19 16:21:52.008065,18,"stress_label",10,64,0.03125,0.482558139534884,0.406976744186047,NA,10,"top10","hr_sd_precond;eda_med_precond;hr_med_precond;eeg_fm_lbeta_power_precond;eeg_fm_specent_precond;hrv_rmssd_precond;pupil_full_pupil_asymmetry_precond;eeg_faa_precond;eda_pkrate_precond;pupil_full_pupil_mean_precond"
2025-12-19 16:21:52.308959,18,"stress_label",10,128,0.03125,0.517441860465116,0.401162790697674,NA,10,"top10","hr_sd_precond;eda_med_precond;hr_med_precond;eeg_fm_lbeta_power_precond;eeg_fm_specent_precond;hrv_rmssd_precond;pupil_full_pupil_asymmetry_precond;eeg_faa_precond;eda_pkrate_precond;pupil_full_pupil_mean_precond"
2025-12-19 16:21:52.641512,18,"stress_label",10,256,0.03125,0.494186046511628,0.36046511627907,NA,10,"top10","hr_sd_precond;eda_med_precond;hr_med_precond;eeg_fm_lbeta_power_precond;eeg_fm_specent_precond;hrv_rmssd_precond;pupil_full_pupil_asymmetry_precond;eeg_faa_precond;eda_pkrate_precond;pupil_full_pupil_mean_precond"
2025-12-19 16:21:51.761428,18,"stress_label",10,2,0.0625,0.558139534883721,0.505813953488372,NA,10,"top10","hr_sd_precond;eda_med_precond;hr_med_precond;eeg_fm_lbeta_power_precond;eeg_fm_specent_precond;hrv_rmssd_precond;pupil_full_pupil_asymmetry_precond;eeg_faa_precond;eda_pkrate_precond;pupil_full_pupil_mean_precond"
2025-12-19 16:21:51.801632,18,"stress_label",10,4,0.0625,0.517441860465116,0.494186046511628,NA,10,"top10","hr_sd_precond;eda_med_precond;hr_med_precond;eeg_fm_lbeta_power_precond;eeg_fm_specent_precond;hrv_rmssd_precond;pupil_full_pupil_asymmetry_precond;eeg_faa_precond;eda_pkrate_precond;pupil_full_pupil_mean_precond"
2025-12-19 16:21:51.892949,18,"stress_label",10,8,0.0625,0.5,0.36046511627907,NA,10,"top10","hr_sd_precond;eda_med_precond;hr_med_precond;eeg_fm_lbeta_power_precond;eeg_fm_specent_precond;hrv_rmssd_precond;pupil_full_pupil_asymmetry_precond;eeg_faa_precond;eda_pkrate_precond;pupil_full_pupil_mean_precond"
2025-12-19 16:21:52.170092,18,"stress_label",10,16,0.0625,0.47093023255814,0.418604651162791,NA,10,"top10","hr_sd_precond;eda_med_precond;hr_med_precond;eeg_fm_lbeta_power_precond;eeg_fm_specent_precond;hrv_rmssd_precond;pupil_full_pupil_asymmetry_precond;eeg_faa_precond;eda_pkrate_precond;pupil_full_pupil_mean_precond"
2025-12-19 16:21:53.12801,18,"stress_label",10,32,0.0625,0.488372093023256,0.395348837209302,NA,10,"top10","hr_sd_precond;eda_med_precond;hr_med_precond;eeg_fm_lbeta_power_precond;eeg_fm_specent_precond;hrv_rmssd_precond;pupil_full_pupil_asymmetry_precond;eeg_faa_precond;eda_pkrate_precond;pupil_full_pupil_mean_precond"
2025-12-19 16:21:53.222179,18,"stress_label",10,64,0.0625,0.482558139534884,0.343023255813953,NA,10,"top10","hr_sd_precond;eda_med_precond;hr_med_precond;eeg_fm_lbeta_power_precond;eeg_fm_specent_precond;hrv_rmssd_precond;pupil_full_pupil_asymmetry_precond;eeg_faa_precond;eda_pkrate_precond;pupil_full_pupil_mean_precond"
2025-12-19 16:21:53.384015,18,"stress_label",10,128,0.0625,0.494186046511628,0.395348837209302,NA,10,"top10","hr_sd_precond;eda_med_precond;hr_med_precond;eeg_fm_lbeta_power_precond;eeg_fm_specent_precond;hrv_rmssd_precond;pupil_full_pupil_asymmetry_precond;eeg_faa_precond;eda_pkrate_precond;pupil_full_pupil_mean_precond"
2025-12-19 16:21:53.519173,18,"stress_label",10,256,0.0625,0.505813953488372,0.453488372093023,NA,10,"top10","hr_sd_precond;eda_med_precond;hr_med_precond;eeg_fm_lbeta_power_precond;eeg_fm_specent_precond;hrv_rmssd_precond;pupil_full_pupil_asymmetry_precond;eeg_faa_precond;eda_pkrate_precond;pupil_full_pupil_mean_precond"
2025-12-19 16:21:52.969065,18,"stress_label",10,2,0.125,0.494186046511628,0.313953488372093,NA,10,"top10","hr_sd_precond;eda_med_precond;hr_med_precond;eeg_fm_lbeta_power_precond;eeg_fm_specent_precond;hrv_rmssd_precond;pupil_full_pupil_asymmetry_precond;eeg_faa_precond;eda_pkrate_precond;pupil_full_pupil_mean_precond"
2025-12-19 16:21:53.073798,18,"stress_label",10,4,0.125,0.482558139534884,0.482558139534884,NA,10,"top10","hr_sd_precond;eda_med_precond;hr_med_precond;eeg_fm_lbeta_power_precond;eeg_fm_specent_precond;hrv_rmssd_precond;pupil_full_pupil_asymmetry_precond;eeg_faa_precond;eda_pkrate_precond;pupil_full_pupil_mean_precond"
2025-12-19 16:21:53.151957,18,"stress_label",10,8,0.125,0.494186046511628,0.302325581395349,NA,10,"top10","hr_sd_precond;eda_med_precond;hr_med_precond;eeg_fm_lbeta_power_precond;eeg_fm_specent_precond;hrv_rmssd_precond;pupil_full_pupil_asymmetry_precond;eeg_faa_precond;eda_pkrate_precond;pupil_full_pupil_mean_precond"
2025-12-19 16:21:53.285127,18,"stress_label",10,16,0.125,0.47093023255814,0.372093023255814,NA,10,"top10","hr_sd_precond;eda_med_precond;hr_med_precond;eeg_fm_lbeta_power_precond;eeg_fm_specent_precond;hrv_rmssd_precond;pupil_full_pupil_asymmetry_precond;eeg_faa_precond;eda_pkrate_precond;pupil_full_pupil_mean_precond"
2025-12-19 16:21:53.418644,18,"stress_label",10,32,0.125,0.505813953488372,0.331395348837209,NA,10,"top10","hr_sd_precond;eda_med_precond;hr_med_precond;eeg_fm_lbeta_power_precond;eeg_fm_specent_precond;hrv_rmssd_precond;pupil_full_pupil_asymmetry_precond;eeg_faa_precond;eda_pkrate_precond;pupil_full_pupil_mean_precond"
2025-12-19 16:21:53.404757,18,"stress_label",10,64,0.125,0.511627906976744,0.377906976744186,NA,10,"top10","hr_sd_precond;eda_med_precond;hr_med_precond;eeg_fm_lbeta_power_precond;eeg_fm_specent_precond;hrv_rmssd_precond;pupil_full_pupil_asymmetry_precond;eeg_faa_precond;eda_pkrate_precond;pupil_full_pupil_mean_precond"
2025-12-19 16:21:53.602492,18,"stress_label",10,128,0.125,0.511627906976744,0.436046511627907,NA,10,"top10","hr_sd_precond;eda_med_precond;hr_med_precond;eeg_fm_lbeta_power_precond;eeg_fm_specent_precond;hrv_rmssd_precond;pupil_full_pupil_asymmetry_precond;eeg_faa_precond;eda_pkrate_precond;pupil_full_pupil_mean_precond"
2025-12-19 16:21:53.739642,18,"stress_label",10,256,0.125,0.511627906976744,0.424418604651163,NA,10,"top10","hr_sd_precond;eda_med_precond;hr_med_precond;eeg_fm_lbeta_power_precond;eeg_fm_specent_precond;hrv_rmssd_precond;pupil_full_pupil_asymmetry_precond;eeg_faa_precond;eda_pkrate_precond;pupil_full_pupil_mean_precond"
2025-12-19 16:21:53.549101,18,"stress_label",10,2,0.03,0.563953488372093,0.575581395348837,0.521705426356589,10,"top10","hr_sd_precond;eda_med_precond;hr_med_precond;eeg_fm_lbeta_power_precond;eeg_fm_specent_precond;hrv_rmssd_precond;pupil_full_pupil_asymmetry_precond;eeg_faa_precond;eda_pkrate_precond;pupil_full_pupil_mean_precond"
2025-12-19 16:21:53.798264,18,"stress_label",10,4,0.03,0.563953488372093,0.581395348837209,NA,10,"top10","hr_sd_precond;eda_med_precond;hr_med_precond;eeg_fm_lbeta_power_precond;eeg_fm_specent_precond;hrv_rmssd_precond;pupil_full_pupil_asymmetry_precond;eeg_faa_precond;eda_pkrate_precond;pupil_full_pupil_mean_precond"
2025-12-19 16:21:54.090467,18,"stress_label",10,8,0.03,0.569767441860465,0.569767441860465,NA,10,"top10","hr_sd_precond;eda_med_precond;hr_med_precond;eeg_fm_lbeta_power_precond;eeg_fm_specent_precond;hrv_rmssd_precond;pupil_full_pupil_asymmetry_precond;eeg_faa_precond;eda_pkrate_precond;pupil_full_pupil_mean_precond"
2025-12-19 16:21:54.28004,18,"stress_label",10,16,0.03,0.517441860465116,0.494186046511628,NA,10,"top10","hr_sd_precond;eda_med_precond;hr_med_precond;eeg_fm_lbeta_power_precond;eeg_fm_specent_precond;hrv_rmssd_precond;pupil_full_pupil_asymmetry_precond;eeg_faa_precond;eda_pkrate_precond;pupil_full_pupil_mean_precond"
2025-12-19 16:21:54.435293,18,"stress_label",10,32,0.03,0.482558139534884,0.38953488372093,NA,10,"top10","hr_sd_precond;eda_med_precond;hr_med_precond;eeg_fm_lbeta_power_precond;eeg_fm_specent_precond;hrv_rmssd_precond;pupil_full_pupil_asymmetry_precond;eeg_faa_precond;eda_pkrate_precond;pupil_full_pupil_mean_precond"
2025-12-19 16:21:54.602669,18,"stress_label",10,64,0.03,0.476744186046512,0.401162790697674,NA,10,"top10","hr_sd_precond;eda_med_precond;hr_med_precond;eeg_fm_lbeta_power_precond;eeg_fm_specent_precond;hrv_rmssd_precond;pupil_full_pupil_asymmetry_precond;eeg_faa_precond;eda_pkrate_precond;pupil_full_pupil_mean_precond"
2025-12-19 16:21:54.937859,18,"stress_label",10,128,0.03,0.488372093023256,0.505813953488372,NA,10,"top10","hr_sd_precond;eda_med_precond;hr_med_precond;eeg_fm_lbeta_power_precond;eeg_fm_specent_precond;hrv_rmssd_precond;pupil_full_pupil_asymmetry_precond;eeg_faa_precond;eda_pkrate_precond;pupil_full_pupil_mean_precond"
2025-12-19 16:21:55.26147,18,"stress_label",10,256,0.03,0.511627906976744,0.47093023255814,0.502325581395349,10,"top10","hr_sd_precond;eda_med_precond;hr_med_precond;eeg_fm_lbeta_power_precond;eeg_fm_specent_precond;hrv_rmssd_precond;pupil_full_pupil_asymmetry_precond;eeg_faa_precond;eda_pkrate_precond;pupil_full_pupil_mean_precond"
2025-12-19 16:21:54.560488,18,"stress_label",10,2,0.06,0.552325581395349,0.546511627906977,NA,10,"top10","hr_sd_precond;eda_med_precond;hr_med_precond;eeg_fm_lbeta_power_precond;eeg_fm_specent_precond;hrv_rmssd_precond;pupil_full_pupil_asymmetry_precond;eeg_faa_precond;eda_pkrate_precond;pupil_full_pupil_mean_precond"
2025-12-19 16:21:54.573787,18,"stress_label",10,4,0.06,0.534883720930233,0.482558139534884,NA,10,"top10","hr_sd_precond;eda_med_precond;hr_med_precond;eeg_fm_lbeta_power_precond;eeg_fm_specent_precond;hrv_rmssd_precond;pupil_full_pupil_asymmetry_precond;eeg_faa_precond;eda_pkrate_precond;pupil_full_pupil_mean_precond"
2025-12-19 16:21:54.669512,18,"stress_label",10,8,0.06,0.494186046511628,0.302325581395349,NA,10,"top10","hr_sd_precond;eda_med_precond;hr_med_precond;eeg_fm_lbeta_power_precond;eeg_fm_specent_precond;hrv_rmssd_precond;pupil_full_pupil_asymmetry_precond;eeg_faa_precond;eda_pkrate_precond;pupil_full_pupil_mean_precond"
2025-12-19 16:21:54.781482,18,"stress_label",10,16,0.06,0.476744186046512,0.383720930232558,NA,10,"top10","hr_sd_precond;eda_med_precond;hr_med_precond;eeg_fm_lbeta_power_precond;eeg_fm_specent_precond;hrv_rmssd_precond;pupil_full_pupil_asymmetry_precond;eeg_faa_precond;eda_pkrate_precond;pupil_full_pupil_mean_precond"
2025-12-19 16:21:54.94777,18,"stress_label",10,32,0.06,0.488372093023256,0.395348837209302,NA,10,"top10","hr_sd_precond;eda_med_precond;hr_med_precond;eeg_fm_lbeta_power_precond;eeg_fm_specent_precond;hrv_rmssd_precond;pupil_full_pupil_asymmetry_precond;eeg_faa_precond;eda_pkrate_precond;pupil_full_pupil_mean_precond"
2025-12-19 16:21:55.09147,18,"stress_label",10,64,0.06,0.488372093023256,0.372093023255814,NA,10,"top10","hr_sd_precond;eda_med_precond;hr_med_precond;eeg_fm_lbeta_power_precond;eeg_fm_specent_precond;hrv_rmssd_precond;pupil_full_pupil_asymmetry_precond;eeg_faa_precond;eda_pkrate_precond;pupil_full_pupil_mean_precond"
2025-12-19 16:21:55.332578,18,"stress_label",10,128,0.06,0.482558139534884,0.459302325581395,NA,10,"top10","hr_sd_precond;eda_med_precond;hr_med_precond;eeg_fm_lbeta_power_precond;eeg_fm_specent_precond;hrv_rmssd_precond;pupil_full_pupil_asymmetry_precond;eeg_faa_precond;eda_pkrate_precond;pupil_full_pupil_mean_precond"
2025-12-19 16:21:55.429673,18,"stress_label",10,256,0.06,0.5,0.348837209302326,NA,10,"top10","hr_sd_precond;eda_med_precond;hr_med_precond;eeg_fm_lbeta_power_precond;eeg_fm_specent_precond;hrv_rmssd_precond;pupil_full_pupil_asymmetry_precond;eeg_faa_precond;eda_pkrate_precond;pupil_full_pupil_mean_precond"
2025-12-19 16:21:55.243652,18,"stress_label",10,2,0.1,0.523255813953488,0.395348837209302,NA,10,"top10","hr_sd_precond;eda_med_precond;hr_med_precond;eeg_fm_lbeta_power_precond;eeg_fm_specent_precond;hrv_rmssd_precond;pupil_full_pupil_asymmetry_precond;eeg_faa_precond;eda_pkrate_precond;pupil_full_pupil_mean_precond"
2025-12-19 16:21:55.393899,18,"stress_label",10,4,0.1,0.482558139534884,0.377906976744186,NA,10,"top10","hr_sd_precond;eda_med_precond;hr_med_precond;eeg_fm_lbeta_power_precond;eeg_fm_specent_precond;hrv_rmssd_precond;pupil_full_pupil_asymmetry_precond;eeg_faa_precond;eda_pkrate_precond;pupil_full_pupil_mean_precond"
2025-12-19 16:21:55.556739,18,"stress_label",10,8,0.1,0.482558139534884,0.343023255813953,NA,10,"top10","hr_sd_precond;eda_med_precond;hr_med_precond;eeg_fm_lbeta_power_precond;eeg_fm_specent_precond;hrv_rmssd_precond;pupil_full_pupil_asymmetry_precond;eeg_faa_precond;eda_pkrate_precond;pupil_full_pupil_mean_precond"
2025-12-19 16:21:55.676867,18,"stress_label",10,16,0.1,0.5,0.319767441860465,NA,10,"top10","hr_sd_precond;eda_med_precond;hr_med_precond;eeg_fm_lbeta_power_precond;eeg_fm_specent_precond;hrv_rmssd_precond;pupil_full_pupil_asymmetry_precond;eeg_faa_precond;eda_pkrate_precond;pupil_full_pupil_mean_precond"
2025-12-19 16:21:55.744529,18,"stress_label",10,32,0.1,0.482558139534884,0.401162790697674,NA,10,"top10","hr_sd_precond;eda_med_precond;hr_med_precond;eeg_fm_lbeta_power_precond;eeg_fm_specent_precond;hrv_rmssd_precond;pupil_full_pupil_asymmetry_precond;eeg_faa_precond;eda_pkrate_precond;pupil_full_pupil_mean_precond"
2025-12-19 16:21:55.799926,18,"stress_label",10,64,0.1,0.511627906976744,0.441860465116279,NA,10,"top10","hr_sd_precond;eda_med_precond;hr_med_precond;eeg_fm_lbeta_power_precond;eeg_fm_specent_precond;hrv_rmssd_precond;pupil_full_pupil_asymmetry_precond;eeg_faa_precond;eda_pkrate_precond;pupil_full_pupil_mean_precond"
2025-12-19 16:21:55.82115,18,"stress_label",10,128,0.1,0.511627906976744,0.36046511627907,NA,10,"top10","hr_sd_precond;eda_med_precond;hr_med_precond;eeg_fm_lbeta_power_precond;eeg_fm_specent_precond;hrv_rmssd_precond;pupil_full_pupil_asymmetry_precond;eeg_faa_precond;eda_pkrate_precond;pupil_full_pupil_mean_precond"
2025-12-19 16:21:55.87914,18,"stress_label",10,256,0.1,0.511627906976744,0.406976744186047,NA,10,"top10","hr_sd_precond;eda_med_precond;hr_med_precond;eeg_fm_lbeta_power_precond;eeg_fm_specent_precond;hrv_rmssd_precond;pupil_full_pupil_asymmetry_precond;eeg_faa_precond;eda_pkrate_precond;pupil_full_pupil_mean_precond"
2025-12-19 16:21:57.262968,19,"stress_label",10,2,0.0078125,0.587209302325581,0.546511627906977,0.574418604651163,10,"top10","hr_sd_precond;hr_med_precond;eda_med_precond;eeg_fm_specent_precond;hrv_rmssd_precond;pupil_full_pupil_asymmetry_precond;pupil_full_pupil_mean_precond;eda_pkrate_precond;eda_peakarea_precond;eeg_faa_precond"
2025-12-19 16:21:57.239341,19,"stress_label",10,4,0.0078125,0.546511627906977,0.558139534883721,0.537984496124031,10,"top10","hr_sd_precond;hr_med_precond;eda_med_precond;eeg_fm_specent_precond;hrv_rmssd_precond;pupil_full_pupil_asymmetry_precond;pupil_full_pupil_mean_precond;eda_pkrate_precond;eda_peakarea_precond;eeg_faa_precond"
2025-12-19 16:21:57.260845,19,"stress_label",10,8,0.0078125,0.558139534883721,0.569767441860465,NA,10,"top10","hr_sd_precond;hr_med_precond;eda_med_precond;eeg_fm_specent_precond;hrv_rmssd_precond;pupil_full_pupil_asymmetry_precond;pupil_full_pupil_mean_precond;eda_pkrate_precond;eda_peakarea_precond;eeg_faa_precond"
2025-12-19 16:21:57.248416,19,"stress_label",10,16,0.0078125,0.569767441860465,0.593023255813954,NA,10,"top10","hr_sd_precond;hr_med_precond;eda_med_precond;eeg_fm_specent_precond;hrv_rmssd_precond;pupil_full_pupil_asymmetry_precond;pupil_full_pupil_mean_precond;eda_pkrate_precond;eda_peakarea_precond;eeg_faa_precond"
2025-12-19 16:21:57.256652,19,"stress_label",10,32,0.0078125,0.593023255813954,0.627906976744186,NA,10,"top10","hr_sd_precond;hr_med_precond;eda_med_precond;eeg_fm_specent_precond;hrv_rmssd_precond;pupil_full_pupil_asymmetry_precond;pupil_full_pupil_mean_precond;eda_pkrate_precond;eda_peakarea_precond;eeg_faa_precond"
2025-12-19 16:21:57.299037,19,"stress_label",10,64,0.0078125,0.61046511627907,0.651162790697674,0.582170542635659,10,"top10","hr_sd_precond;hr_med_precond;eda_med_precond;eeg_fm_specent_precond;hrv_rmssd_precond;pupil_full_pupil_asymmetry_precond;pupil_full_pupil_mean_precond;eda_pkrate_precond;eda_peakarea_precond;eeg_faa_precond"
2025-12-19 16:21:57.432569,19,"stress_label",10,128,0.0078125,0.604651162790698,0.651162790697674,NA,10,"top10","hr_sd_precond;hr_med_precond;eda_med_precond;eeg_fm_specent_precond;hrv_rmssd_precond;pupil_full_pupil_asymmetry_precond;pupil_full_pupil_mean_precond;eda_pkrate_precond;eda_peakarea_precond;eeg_faa_precond"
2025-12-19 16:21:57.54573,19,"stress_label",10,256,0.0078125,0.569767441860465,0.61046511627907,NA,10,"top10","hr_sd_precond;hr_med_precond;eda_med_precond;eeg_fm_specent_precond;hrv_rmssd_precond;pupil_full_pupil_asymmetry_precond;pupil_full_pupil_mean_precond;eda_pkrate_precond;eda_peakarea_precond;eeg_faa_precond"
2025-12-19 16:21:57.228427,19,"stress_label",10,2,0.015625,0.552325581395349,0.558139534883721,0.548062015503876,10,"top10","hr_sd_precond;hr_med_precond;eda_med_precond;eeg_fm_specent_precond;hrv_rmssd_precond;pupil_full_pupil_asymmetry_precond;pupil_full_pupil_mean_precond;eda_pkrate_precond;eda_peakarea_precond;eeg_faa_precond"
2025-12-19 16:21:57.273499,19,"stress_label",10,4,0.015625,0.581395348837209,0.569767441860465,NA,10,"top10","hr_sd_precond;hr_med_precond;eda_med_precond;eeg_fm_specent_precond;hrv_rmssd_precond;pupil_full_pupil_asymmetry_precond;pupil_full_pupil_mean_precond;eda_pkrate_precond;eda_peakarea_precond;eeg_faa_precond"
2025-12-19 16:21:57.229228,19,"stress_label",10,8,0.015625,0.587209302325581,0.616279069767442,NA,10,"top10","hr_sd_precond;hr_med_precond;eda_med_precond;eeg_fm_specent_precond;hrv_rmssd_precond;pupil_full_pupil_asymmetry_precond;pupil_full_pupil_mean_precond;eda_pkrate_precond;eda_peakarea_precond;eeg_faa_precond"
2025-12-19 16:21:57.309173,19,"stress_label",10,16,0.015625,0.604651162790698,0.656976744186046,NA,10,"top10","hr_sd_precond;hr_med_precond;eda_med_precond;eeg_fm_specent_precond;hrv_rmssd_precond;pupil_full_pupil_asymmetry_precond;pupil_full_pupil_mean_precond;eda_pkrate_precond;eda_peakarea_precond;eeg_faa_precond"
2025-12-19 16:21:57.33003,19,"stress_label",10,32,0.015625,0.598837209302326,0.645348837209302,NA,10,"top10","hr_sd_precond;hr_med_precond;eda_med_precond;eeg_fm_specent_precond;hrv_rmssd_precond;pupil_full_pupil_asymmetry_precond;pupil_full_pupil_mean_precond;eda_pkrate_precond;eda_peakarea_precond;eeg_faa_precond"
2025-12-19 16:21:57.384544,19,"stress_label",10,64,0.015625,0.575581395348837,0.61046511627907,NA,10,"top10","hr_sd_precond;hr_med_precond;eda_med_precond;eeg_fm_specent_precond;hrv_rmssd_precond;pupil_full_pupil_asymmetry_precond;pupil_full_pupil_mean_precond;eda_pkrate_precond;eda_peakarea_precond;eeg_faa_precond"
2025-12-19 16:21:58.672599,19,"stress_label",10,128,0.015625,0.563953488372093,0.587209302325581,0.568217054263566,10,"top10","hr_sd_precond;hr_med_precond;eda_med_precond;eeg_fm_specent_precond;hrv_rmssd_precond;pupil_full_pupil_asymmetry_precond;pupil_full_pupil_mean_precond;eda_pkrate_precond;eda_peakarea_precond;eeg_faa_precond"
2025-12-19 16:21:58.956942,19,"stress_label",10,256,0.015625,0.511627906976744,0.540697674418605,NA,10,"top10","hr_sd_precond;hr_med_precond;eda_med_precond;eeg_fm_specent_precond;hrv_rmssd_precond;pupil_full_pupil_asymmetry_precond;pupil_full_pupil_mean_precond;eda_pkrate_precond;eda_peakarea_precond;eeg_faa_precond"
2025-12-19 16:21:58.420136,19,"stress_label",10,2,0.03125,0.575581395348837,0.558139534883721,0.565116279069767,10,"top10","hr_sd_precond;hr_med_precond;eda_med_precond;eeg_fm_specent_precond;hrv_rmssd_precond;pupil_full_pupil_asymmetry_precond;pupil_full_pupil_mean_precond;eda_pkrate_precond;eda_peakarea_precond;eeg_faa_precond"
2025-12-19 16:21:58.471182,19,"stress_label",10,4,0.03125,0.593023255813954,0.616279069767442,NA,10,"top10","hr_sd_precond;hr_med_precond;eda_med_precond;eeg_fm_specent_precond;hrv_rmssd_precond;pupil_full_pupil_asymmetry_precond;pupil_full_pupil_mean_precond;eda_pkrate_precond;eda_peakarea_precond;eeg_faa_precond"
2025-12-19 16:21:58.475179,19,"stress_label",10,8,0.03125,0.598837209302326,0.645348837209302,NA,10,"top10","hr_sd_precond;hr_med_precond;eda_med_precond;eeg_fm_specent_precond;hrv_rmssd_precond;pupil_full_pupil_asymmetry_precond;pupil_full_pupil_mean_precond;eda_pkrate_precond;eda_peakarea_precond;eeg_faa_precond"
2025-12-19 16:21:58.464843,19,"stress_label",10,16,0.03125,0.563953488372093,0.604651162790698,NA,10,"top10","hr_sd_precond;hr_med_precond;eda_med_precond;eeg_fm_specent_precond;hrv_rmssd_precond;pupil_full_pupil_asymmetry_precond;pupil_full_pupil_mean_precond;eda_pkrate_precond;eda_peakarea_precond;eeg_faa_precond"
2025-12-19 16:21:58.543806,19,"stress_label",10,32,0.03125,0.558139534883721,0.593023255813954,NA,10,"top10","hr_sd_precond;hr_med_precond;eda_med_precond;eeg_fm_specent_precond;hrv_rmssd_precond;pupil_full_pupil_asymmetry_precond;pupil_full_pupil_mean_precond;eda_pkrate_precond;eda_peakarea_precond;eeg_faa_precond"
2025-12-19 16:21:58.702232,19,"stress_label",10,64,0.03125,0.523255813953488,0.569767441860465,NA,10,"top10","hr_sd_precond;hr_med_precond;eda_med_precond;eeg_fm_specent_precond;hrv_rmssd_precond;pupil_full_pupil_asymmetry_precond;pupil_full_pupil_mean_precond;eda_pkrate_precond;eda_peakarea_precond;eeg_faa_precond"
2025-12-19 16:21:58.920013,19,"stress_label",10,128,0.03125,0.569767441860465,0.563953488372093,NA,10,"top10","hr_sd_precond;hr_med_precond;eda_med_precond;eeg_fm_specent_precond;hrv_rmssd_precond;pupil_full_pupil_asymmetry_precond;pupil_full_pupil_mean_precond;eda_pkrate_precond;eda_peakarea_precond;eeg_faa_precond"
2025-12-19 16:21:59.274323,19,"stress_label",10,256,0.03125,0.563953488372093,0.575581395348837,0.533333333333333,10,"top10","hr_sd_precond;hr_med_precond;eda_med_precond;eeg_fm_specent_precond;hrv_rmssd_precond;pupil_full_pupil_asymmetry_precond;pupil_full_pupil_mean_precond;eda_pkrate_precond;eda_peakarea_precond;eeg_faa_precond"
2025-12-19 16:21:58.55449,19,"stress_label",10,2,0.0625,0.552325581395349,0.616279069767442,NA,10,"top10","hr_sd_precond;hr_med_precond;eda_med_precond;eeg_fm_specent_precond;hrv_rmssd_precond;pupil_full_pupil_asymmetry_precond;pupil_full_pupil_mean_precond;eda_pkrate_precond;eda_peakarea_precond;eeg_faa_precond"
2025-12-19 16:21:58.62476,19,"stress_label",10,4,0.0625,0.552325581395349,0.598837209302326,NA,10,"top10","hr_sd_precond;hr_med_precond;eda_med_precond;eeg_fm_specent_precond;hrv_rmssd_precond;pupil_full_pupil_asymmetry_precond;pupil_full_pupil_mean_precond;eda_pkrate_precond;eda_peakarea_precond;eeg_faa_precond"
2025-12-19 16:21:58.638656,19,"stress_label",10,8,0.0625,0.575581395348837,0.587209302325581,NA,10,"top10","hr_sd_precond;hr_med_precond;eda_med_precond;eeg_fm_specent_precond;hrv_rmssd_precond;pupil_full_pupil_asymmetry_precond;pupil_full_pupil_mean_precond;eda_pkrate_precond;eda_peakarea_precond;eeg_faa_precond"
2025-12-19 16:21:58.807457,19,"stress_label",10,16,0.0625,0.593023255813954,0.604651162790698,NA,10,"top10","hr_sd_precond;hr_med_precond;eda_med_precond;eeg_fm_specent_precond;hrv_rmssd_precond;pupil_full_pupil_asymmetry_precond;pupil_full_pupil_mean_precond;eda_pkrate_precond;eda_peakarea_precond;eeg_faa_precond"
2025-12-19 16:21:59.800759,19,"stress_label",10,32,0.0625,0.593023255813954,0.622093023255814,NA,10,"top10","hr_sd_precond;hr_med_precond;eda_med_precond;eeg_fm_specent_precond;hrv_rmssd_precond;pupil_full_pupil_asymmetry_precond;pupil_full_pupil_mean_precond;eda_pkrate_precond;eda_peakarea_precond;eeg_faa_precond"
2025-12-19 16:21:59.920866,19,"stress_label",10,64,0.0625,0.581395348837209,0.575581395348837,NA,10,"top10","hr_sd_precond;hr_med_precond;eda_med_precond;eeg_fm_specent_precond;hrv_rmssd_precond;pupil_full_pupil_asymmetry_precond;pupil_full_pupil_mean_precond;eda_pkrate_precond;eda_peakarea_precond;eeg_faa_precond"
2025-12-19 16:22:00.051873,19,"stress_label",10,128,0.0625,0.587209302325581,0.604651162790698,NA,10,"top10","hr_sd_precond;hr_med_precond;eda_med_precond;eeg_fm_specent_precond;hrv_rmssd_precond;pupil_full_pupil_asymmetry_precond;pupil_full_pupil_mean_precond;eda_pkrate_precond;eda_peakarea_precond;eeg_faa_precond"
2025-12-19 16:22:00.081991,19,"stress_label",10,256,0.0625,0.593023255813954,0.587209302325581,NA,10,"top10","hr_sd_precond;hr_med_precond;eda_med_precond;eeg_fm_specent_precond;hrv_rmssd_precond;pupil_full_pupil_asymmetry_precond;pupil_full_pupil_mean_precond;eda_pkrate_precond;eda_peakarea_precond;eeg_faa_precond"
2025-12-19 16:21:59.740654,19,"stress_label",10,2,0.125,0.558139534883721,0.598837209302326,NA,10,"top10","hr_sd_precond;hr_med_precond;eda_med_precond;eeg_fm_specent_precond;hrv_rmssd_precond;pupil_full_pupil_asymmetry_precond;pupil_full_pupil_mean_precond;eda_pkrate_precond;eda_peakarea_precond;eeg_faa_precond"
2025-12-19 16:21:59.803152,19,"stress_label",10,4,0.125,0.575581395348837,0.616279069767442,NA,10,"top10","hr_sd_precond;hr_med_precond;eda_med_precond;eeg_fm_specent_precond;hrv_rmssd_precond;pupil_full_pupil_asymmetry_precond;pupil_full_pupil_mean_precond;eda_pkrate_precond;eda_peakarea_precond;eeg_faa_precond"
2025-12-19 16:21:59.889957,19,"stress_label",10,8,0.125,0.575581395348837,0.627906976744186,0.568217054263566,10,"top10","hr_sd_precond;hr_med_precond;eda_med_precond;eeg_fm_specent_precond;hrv_rmssd_precond;pupil_full_pupil_asymmetry_precond;pupil_full_pupil_mean_precond;eda_pkrate_precond;eda_peakarea_precond;eeg_faa_precond"
2025-12-19 16:21:59.91812,19,"stress_label",10,16,0.125,0.575581395348837,0.61046511627907,0.568992248062016,10,"top10","hr_sd_precond;hr_med_precond;eda_med_precond;eeg_fm_specent_precond;hrv_rmssd_precond;pupil_full_pupil_asymmetry_precond;pupil_full_pupil_mean_precond;eda_pkrate_precond;eda_peakarea_precond;eeg_faa_precond"
2025-12-19 16:21:59.954263,19,"stress_label",10,32,0.125,0.581395348837209,0.61046511627907,0.574418604651163,10,"top10","hr_sd_precond;hr_med_precond;eda_med_precond;eeg_fm_specent_precond;hrv_rmssd_precond;pupil_full_pupil_asymmetry_precond;pupil_full_pupil_mean_precond;eda_pkrate_precond;eda_peakarea_precond;eeg_faa_precond"
2025-12-19 16:21:59.998758,19,"stress_label",10,64,0.125,0.587209302325581,0.61046511627907,0.586821705426357,10,"top10","hr_sd_precond;hr_med_precond;eda_med_precond;eeg_fm_specent_precond;hrv_rmssd_precond;pupil_full_pupil_asymmetry_precond;pupil_full_pupil_mean_precond;eda_pkrate_precond;eda_peakarea_precond;eeg_faa_precond"
2025-12-19 16:22:00.151,19,"stress_label",10,128,0.125,0.587209302325581,0.61046511627907,0.586821705426357,10,"top10","hr_sd_precond;hr_med_precond;eda_med_precond;eeg_fm_specent_precond;hrv_rmssd_precond;pupil_full_pupil_asymmetry_precond;pupil_full_pupil_mean_precond;eda_pkrate_precond;eda_peakarea_precond;eeg_faa_precond"
2025-12-19 16:22:00.248149,19,"stress_label",10,256,0.125,0.587209302325581,0.61046511627907,0.586821705426357,10,"top10","hr_sd_precond;hr_med_precond;eda_med_precond;eeg_fm_specent_precond;hrv_rmssd_precond;pupil_full_pupil_asymmetry_precond;pupil_full_pupil_mean_precond;eda_pkrate_precond;eda_peakarea_precond;eeg_faa_precond"
2025-12-19 16:22:00.076349,19,"stress_label",10,2,0.03,0.581395348837209,0.552325581395349,0.568992248062016,10,"top10","hr_sd_precond;hr_med_precond;eda_med_precond;eeg_fm_specent_precond;hrv_rmssd_precond;pupil_full_pupil_asymmetry_precond;pupil_full_pupil_mean_precond;eda_pkrate_precond;eda_peakarea_precond;eeg_faa_precond"
2025-12-19 16:22:00.464515,19,"stress_label",10,4,0.03,0.593023255813954,0.61046511627907,NA,10,"top10","hr_sd_precond;hr_med_precond;eda_med_precond;eeg_fm_specent_precond;hrv_rmssd_precond;pupil_full_pupil_asymmetry_precond;pupil_full_pupil_mean_precond;eda_pkrate_precond;eda_peakarea_precond;eeg_faa_precond"
2025-12-19 16:22:00.947103,19,"stress_label",10,8,0.03,0.598837209302326,0.645348837209302,NA,10,"top10","hr_sd_precond;hr_med_precond;eda_med_precond;eeg_fm_specent_precond;hrv_rmssd_precond;pupil_full_pupil_asymmetry_precond;pupil_full_pupil_mean_precond;eda_pkrate_precond;eda_peakarea_precond;eeg_faa_precond"
2025-12-19 16:22:01.045915,19,"stress_label",10,16,0.03,0.569767441860465,0.61046511627907,NA,10,"top10","hr_sd_precond;hr_med_precond;eda_med_precond;eeg_fm_specent_precond;hrv_rmssd_precond;pupil_full_pupil_asymmetry_precond;pupil_full_pupil_mean_precond;eda_pkrate_precond;eda_peakarea_precond;eeg_faa_precond"
2025-12-19 16:22:01.085697,19,"stress_label",10,32,0.03,0.552325581395349,0.581395348837209,NA,10,"top10","hr_sd_precond;hr_med_precond;eda_med_precond;eeg_fm_specent_precond;hrv_rmssd_precond;pupil_full_pupil_asymmetry_precond;pupil_full_pupil_mean_precond;eda_pkrate_precond;eda_peakarea_precond;eeg_faa_precond"
2025-12-19 16:22:01.3192,19,"stress_label",10,64,0.03,0.529069767441861,0.552325581395349,NA,10,"top10","hr_sd_precond;hr_med_precond;eda_med_precond;eeg_fm_specent_precond;hrv_rmssd_precond;pupil_full_pupil_asymmetry_precond;pupil_full_pupil_mean_precond;eda_pkrate_precond;eda_peakarea_precond;eeg_faa_precond"
2025-12-19 16:22:01.562954,19,"stress_label",10,128,0.03,0.558139534883721,0.552325581395349,NA,10,"top10","hr_sd_precond;hr_med_precond;eda_med_precond;eeg_fm_specent_precond;hrv_rmssd_precond;pupil_full_pupil_asymmetry_precond;pupil_full_pupil_mean_precond;eda_pkrate_precond;eda_peakarea_precond;eeg_faa_precond"
2025-12-19 16:22:01.788985,19,"stress_label",10,256,0.03,0.558139534883721,0.575581395348837,NA,10,"top10","hr_sd_precond;hr_med_precond;eda_med_precond;eeg_fm_specent_precond;hrv_rmssd_precond;pupil_full_pupil_asymmetry_precond;pupil_full_pupil_mean_precond;eda_pkrate_precond;eda_peakarea_precond;eeg_faa_precond"
2025-12-19 16:22:01.165088,19,"stress_label",10,2,0.06,0.558139534883721,0.622093023255814,NA,10,"top10","hr_sd_precond;hr_med_precond;eda_med_precond;eeg_fm_specent_precond;hrv_rmssd_precond;pupil_full_pupil_asymmetry_precond;pupil_full_pupil_mean_precond;eda_pkrate_precond;eda_peakarea_precond;eeg_faa_precond"
2025-12-19 16:22:01.228652,19,"stress_label",10,4,0.06,0.552325581395349,0.587209302325581,NA,10,"top10","hr_sd_precond;hr_med_precond;eda_med_precond;eeg_fm_specent_precond;hrv_rmssd_precond;pupil_full_pupil_asymmetry_precond;pupil_full_pupil_mean_precond;eda_pkrate_precond;eda_peakarea_precond;eeg_faa_precond"
2025-12-19 16:22:01.287262,19,"stress_label",10,8,0.06,0.575581395348837,0.604651162790698,NA,10,"top10","hr_sd_precond;hr_med_precond;eda_med_precond;eeg_fm_specent_precond;hrv_rmssd_precond;pupil_full_pupil_asymmetry_precond;pupil_full_pupil_mean_precond;eda_pkrate_precond;eda_peakarea_precond;eeg_faa_precond"
2025-12-19 16:22:01.356045,19,"stress_label",10,16,0.06,0.581395348837209,0.587209302325581,NA,10,"top10","hr_sd_precond;hr_med_precond;eda_med_precond;eeg_fm_specent_precond;hrv_rmssd_precond;pupil_full_pupil_asymmetry_precond;pupil_full_pupil_mean_precond;eda_pkrate_precond;eda_peakarea_precond;eeg_faa_precond"
2025-12-19 16:22:01.502036,19,"stress_label",10,32,0.06,0.598837209302326,0.61046511627907,NA,10,"top10","hr_sd_precond;hr_med_precond;eda_med_precond;eeg_fm_specent_precond;hrv_rmssd_precond;pupil_full_pupil_asymmetry_precond;pupil_full_pupil_mean_precond;eda_pkrate_precond;eda_peakarea_precond;eeg_faa_precond"
2025-12-19 16:22:01.630325,19,"stress_label",10,64,0.06,0.569767441860465,0.575581395348837,0.550387596899225,10,"top10","hr_sd_precond;hr_med_precond;eda_med_precond;eeg_fm_specent_precond;hrv_rmssd_precond;pupil_full_pupil_asymmetry_precond;pupil_full_pupil_mean_precond;eda_pkrate_precond;eda_peakarea_precond;eeg_faa_precond"
2025-12-19 16:22:01.806452,19,"stress_label",10,128,0.06,0.587209302325581,0.604651162790698,NA,10,"top10","hr_sd_precond;hr_med_precond;eda_med_precond;eeg_fm_specent_precond;hrv_rmssd_precond;pupil_full_pupil_asymmetry_precond;pupil_full_pupil_mean_precond;eda_pkrate_precond;eda_peakarea_precond;eeg_faa_precond"
2025-12-19 16:22:02.049468,19,"stress_label",10,256,0.06,0.587209302325581,0.604651162790698,NA,10,"top10","hr_sd_precond;hr_med_precond;eda_med_precond;eeg_fm_specent_precond;hrv_rmssd_precond;pupil_full_pupil_asymmetry_precond;pupil_full_pupil_mean_precond;eda_pkrate_precond;eda_peakarea_precond;eeg_faa_precond"
2025-12-19 16:22:02.010863,19,"stress_label",10,2,0.1,0.546511627906977,0.61046511627907,NA,10,"top10","hr_sd_precond;hr_med_precond;eda_med_precond;eeg_fm_specent_precond;hrv_rmssd_precond;pupil_full_pupil_asymmetry_precond;pupil_full_pupil_mean_precond;eda_pkrate_precond;eda_peakarea_precond;eeg_faa_precond"
2025-12-19 16:22:02.122732,19,"stress_label",10,4,0.1,0.587209302325581,0.61046511627907,NA,10,"top10","hr_sd_precond;hr_med_precond;eda_med_precond;eeg_fm_specent_precond;hrv_rmssd_precond;pupil_full_pupil_asymmetry_precond;pupil_full_pupil_mean_precond;eda_pkrate_precond;eda_peakarea_precond;eeg_faa_precond"
2025-12-19 16:22:02.196737,19,"stress_label",10,8,0.1,0.587209302325581,0.627906976744186,NA,10,"top10","hr_sd_precond;hr_med_precond;eda_med_precond;eeg_fm_specent_precond;hrv_rmssd_precond;pupil_full_pupil_asymmetry_precond;pupil_full_pupil_mean_precond;eda_pkrate_precond;eda_peakarea_precond;eeg_faa_precond"
2025-12-19 16:22:02.264854,19,"stress_label",10,16,0.1,0.61046511627907,0.627906976744186,0.603875968992248,10,"top10","hr_sd_precond;hr_med_precond;eda_med_precond;eeg_fm_specent_precond;hrv_rmssd_precond;pupil_full_pupil_asymmetry_precond;pupil_full_pupil_mean_precond;eda_pkrate_precond;eda_peakarea_precond;eeg_faa_precond"
2025-12-19 16:22:02.348288,19,"stress_label",10,32,0.1,0.604651162790698,0.61046511627907,0.59922480620155,10,"top10","hr_sd_precond;hr_med_precond;eda_med_precond;eeg_fm_specent_precond;hrv_rmssd_precond;pupil_full_pupil_asymmetry_precond;pupil_full_pupil_mean_precond;eda_pkrate_precond;eda_peakarea_precond;eeg_faa_precond"
2025-12-19 16:22:02.375661,19,"stress_label",10,64,0.1,0.593023255813954,0.61046511627907,NA,10,"top10","hr_sd_precond;hr_med_precond;eda_med_precond;eeg_fm_specent_precond;hrv_rmssd_precond;pupil_full_pupil_asymmetry_precond;pupil_full_pupil_mean_precond;eda_pkrate_precond;eda_peakarea_precond;eeg_faa_precond"
2025-12-19 16:22:02.418302,19,"stress_label",10,128,0.1,0.593023255813954,0.61046511627907,NA,10,"top10","hr_sd_precond;hr_med_precond;eda_med_precond;eeg_fm_specent_precond;hrv_rmssd_precond;pupil_full_pupil_asymmetry_precond;pupil_full_pupil_mean_precond;eda_pkrate_precond;eda_peakarea_precond;eeg_faa_precond"
2025-12-19 16:22:02.428136,19,"stress_label",10,256,0.1,0.593023255813954,0.61046511627907,NA,10,"top10","hr_sd_precond;hr_med_precond;eda_med_precond;eeg_fm_specent_precond;hrv_rmssd_precond;pupil_full_pupil_asymmetry_precond;pupil_full_pupil_mean_precond;eda_pkrate_precond;eda_peakarea_precond;eeg_faa_precond"
2025-12-19 16:22:03.860163,20,"stress_label",10,2,0.0078125,0.563953488372093,0.482558139534884,0.529457364341085,10,"top10","hr_med_precond;eda_med_precond;hr_sd_precond;eeg_fm_specent_precond;hrv_rmssd_precond;pupil_full_pupil_asymmetry_precond;eeg_faa_precond;eda_pkrate_precond;eeg_fl_theta_power_precond;pupil_full_pupil_mean_precond"
2025-12-19 16:22:03.824402,20,"stress_label",10,4,0.0078125,0.587209302325581,0.569767441860465,0.584496124031008,10,"top10","hr_med_precond;eda_med_precond;hr_sd_precond;eeg_fm_specent_precond;hrv_rmssd_precond;pupil_full_pupil_asymmetry_precond;eeg_faa_precond;eda_pkrate_precond;eeg_fl_theta_power_precond;pupil_full_pupil_mean_precond"
2025-12-19 16:22:03.838937,20,"stress_label",10,8,0.0078125,0.581395348837209,0.563953488372093,0.60077519379845,10,"top10","hr_med_precond;eda_med_precond;hr_sd_precond;eeg_fm_specent_precond;hrv_rmssd_precond;pupil_full_pupil_asymmetry_precond;eeg_faa_precond;eda_pkrate_precond;eeg_fl_theta_power_precond;pupil_full_pupil_mean_precond"
2025-12-19 16:22:03.824968,20,"stress_label",10,16,0.0078125,0.558139534883721,0.558139534883721,0.555813953488372,10,"top10","hr_med_precond;eda_med_precond;hr_sd_precond;eeg_fm_specent_precond;hrv_rmssd_precond;pupil_full_pupil_asymmetry_precond;eeg_faa_precond;eda_pkrate_precond;eeg_fl_theta_power_precond;pupil_full_pupil_mean_precond"
2025-12-19 16:22:03.868078,20,"stress_label",10,32,0.0078125,0.552325581395349,0.563953488372093,0.546511627906977,10,"top10","hr_med_precond;eda_med_precond;hr_sd_precond;eeg_fm_specent_precond;hrv_rmssd_precond;pupil_full_pupil_asymmetry_precond;eeg_faa_precond;eda_pkrate_precond;eeg_fl_theta_power_precond;pupil_full_pupil_mean_precond"
2025-12-19 16:22:03.942446,20,"stress_label",10,64,0.0078125,0.593023255813954,0.581395348837209,0.582170542635659,10,"top10","hr_med_precond;eda_med_precond;hr_sd_precond;eeg_fm_specent_precond;hrv_rmssd_precond;pupil_full_pupil_asymmetry_precond;eeg_faa_precond;eda_pkrate_precond;eeg_fl_theta_power_precond;pupil_full_pupil_mean_precond"
2025-12-19 16:22:03.949199,20,"stress_label",10,128,0.0078125,0.563953488372093,0.505813953488372,0.56046511627907,10,"top10","hr_med_precond;eda_med_precond;hr_sd_precond;eeg_fm_specent_precond;hrv_rmssd_precond;pupil_full_pupil_asymmetry_precond;eeg_faa_precond;eda_pkrate_precond;eeg_fl_theta_power_precond;pupil_full_pupil_mean_precond"
2025-12-19 16:22:04.116715,20,"stress_label",10,256,0.0078125,0.517441860465116,0.5,NA,10,"top10","hr_med_precond;eda_med_precond;hr_sd_precond;eeg_fm_specent_precond;hrv_rmssd_precond;pupil_full_pupil_asymmetry_precond;eeg_faa_precond;eda_pkrate_precond;eeg_fl_theta_power_precond;pupil_full_pupil_mean_precond"
2025-12-19 16:22:03.867328,20,"stress_label",10,2,0.015625,0.593023255813954,0.558139534883721,0.593023255813954,10,"top10","hr_med_precond;eda_med_precond;hr_sd_precond;eeg_fm_specent_precond;hrv_rmssd_precond;pupil_full_pupil_asymmetry_precond;eeg_faa_precond;eda_pkrate_precond;eeg_fl_theta_power_precond;pupil_full_pupil_mean_precond"
2025-12-19 16:22:03.848281,20,"stress_label",10,4,0.015625,0.569767441860465,0.546511627906977,0.589922480620155,10,"top10","hr_med_precond;eda_med_precond;hr_sd_precond;eeg_fm_specent_precond;hrv_rmssd_precond;pupil_full_pupil_asymmetry_precond;eeg_faa_precond;eda_pkrate_precond;eeg_fl_theta_power_precond;pupil_full_pupil_mean_precond"
2025-12-19 16:22:03.838731,20,"stress_label",10,8,0.015625,0.569767441860465,0.563953488372093,0.568217054263566,10,"top10","hr_med_precond;eda_med_precond;hr_sd_precond;eeg_fm_specent_precond;hrv_rmssd_precond;pupil_full_pupil_asymmetry_precond;eeg_faa_precond;eda_pkrate_precond;eeg_fl_theta_power_precond;pupil_full_pupil_mean_precond"
2025-12-19 16:22:03.862803,20,"stress_label",10,16,0.015625,0.587209302325581,0.587209302325581,0.57984496124031,10,"top10","hr_med_precond;eda_med_precond;hr_sd_precond;eeg_fm_specent_precond;hrv_rmssd_precond;pupil_full_pupil_asymmetry_precond;eeg_faa_precond;eda_pkrate_precond;eeg_fl_theta_power_precond;pupil_full_pupil_mean_precond"
2025-12-19 16:22:03.910709,20,"stress_label",10,32,0.015625,0.558139534883721,0.505813953488372,0.551162790697674,10,"top10","hr_med_precond;eda_med_precond;hr_sd_precond;eeg_fm_specent_precond;hrv_rmssd_precond;pupil_full_pupil_asymmetry_precond;eeg_faa_precond;eda_pkrate_precond;eeg_fl_theta_power_precond;pupil_full_pupil_mean_precond"
2025-12-19 16:22:04.019284,20,"stress_label",10,64,0.015625,0.511627906976744,0.430232558139535,NA,10,"top10","hr_med_precond;eda_med_precond;hr_sd_precond;eeg_fm_specent_precond;hrv_rmssd_precond;pupil_full_pupil_asymmetry_precond;eeg_faa_precond;eda_pkrate_precond;eeg_fl_theta_power_precond;pupil_full_pupil_mean_precond"
2025-12-19 16:22:05.384497,20,"stress_label",10,128,0.015625,0.488372093023256,0.290697674418605,NA,10,"top10","hr_med_precond;eda_med_precond;hr_sd_precond;eeg_fm_specent_precond;hrv_rmssd_precond;pupil_full_pupil_asymmetry_precond;eeg_faa_precond;eda_pkrate_precond;eeg_fl_theta_power_precond;pupil_full_pupil_mean_precond"
2025-12-19 16:22:05.695328,20,"stress_label",10,256,0.015625,0.482558139534884,0.337209302325581,NA,10,"top10","hr_med_precond;eda_med_precond;hr_sd_precond;eeg_fm_specent_precond;hrv_rmssd_precond;pupil_full_pupil_asymmetry_precond;eeg_faa_precond;eda_pkrate_precond;eeg_fl_theta_power_precond;pupil_full_pupil_mean_precond"
2025-12-19 16:22:05.028387,20,"stress_label",10,2,0.03125,0.552325581395349,0.546511627906977,0.572093023255814,10,"top10","hr_med_precond;eda_med_precond;hr_sd_precond;eeg_fm_specent_precond;hrv_rmssd_precond;pupil_full_pupil_asymmetry_precond;eeg_faa_precond;eda_pkrate_precond;eeg_fl_theta_power_precond;pupil_full_pupil_mean_precond"
2025-12-19 16:22:05.017922,20,"stress_label",10,4,0.03125,0.575581395348837,0.61046511627907,0.575193798449612,10,"top10","hr_med_precond;eda_med_precond;hr_sd_precond;eeg_fm_specent_precond;hrv_rmssd_precond;pupil_full_pupil_asymmetry_precond;eeg_faa_precond;eda_pkrate_precond;eeg_fl_theta_power_precond;pupil_full_pupil_mean_precond"
2025-12-19 16:22:05.275507,20,"stress_label",10,8,0.03125,0.534883720930233,0.511627906976744,0.538759689922481,10,"top10","hr_med_precond;eda_med_precond;hr_sd_precond;eeg_fm_specent_precond;hrv_rmssd_precond;pupil_full_pupil_asymmetry_precond;eeg_faa_precond;eda_pkrate_precond;eeg_fl_theta_power_precond;pupil_full_pupil_mean_precond"
2025-12-19 16:22:05.100072,20,"stress_label",10,16,0.03125,0.482558139534884,0.436046511627907,NA,10,"top10","hr_med_precond;eda_med_precond;hr_sd_precond;eeg_fm_specent_precond;hrv_rmssd_precond;pupil_full_pupil_asymmetry_precond;eeg_faa_precond;eda_pkrate_precond;eeg_fl_theta_power_precond;pupil_full_pupil_mean_precond"
2025-12-19 16:22:05.186025,20,"stress_label",10,32,0.03125,0.488372093023256,0.424418604651163,NA,10,"top10","hr_med_precond;eda_med_precond;hr_sd_precond;eeg_fm_specent_precond;hrv_rmssd_precond;pupil_full_pupil_asymmetry_precond;eeg_faa_precond;eda_pkrate_precond;eeg_fl_theta_power_precond;pupil_full_pupil_mean_precond"
2025-12-19 16:22:05.558394,20,"stress_label",10,64,0.03125,0.494186046511628,0.418604651162791,NA,10,"top10","hr_med_precond;eda_med_precond;hr_sd_precond;eeg_fm_specent_precond;hrv_rmssd_precond;pupil_full_pupil_asymmetry_precond;eeg_faa_precond;eda_pkrate_precond;eeg_fl_theta_power_precond;pupil_full_pupil_mean_precond"
2025-12-19 16:22:05.540969,20,"stress_label",10,128,0.03125,0.488372093023256,0.430232558139535,NA,10,"top10","hr_med_precond;eda_med_precond;hr_sd_precond;eeg_fm_specent_precond;hrv_rmssd_precond;pupil_full_pupil_asymmetry_precond;eeg_faa_precond;eda_pkrate_precond;eeg_fl_theta_power_precond;pupil_full_pupil_mean_precond"
2025-12-19 16:22:06.030723,20,"stress_label",10,256,0.03125,0.47093023255814,0.418604651162791,NA,10,"top10","hr_med_precond;eda_med_precond;hr_sd_precond;eeg_fm_specent_precond;hrv_rmssd_precond;pupil_full_pupil_asymmetry_precond;eeg_faa_precond;eda_pkrate_precond;eeg_fl_theta_power_precond;pupil_full_pupil_mean_precond"
2025-12-19 16:22:05.139197,20,"stress_label",10,2,0.0625,0.563953488372093,0.569767441860465,NA,10,"top10","hr_med_precond;eda_med_precond;hr_sd_precond;eeg_fm_specent_precond;hrv_rmssd_precond;pupil_full_pupil_asymmetry_precond;eeg_faa_precond;eda_pkrate_precond;eeg_fl_theta_power_precond;pupil_full_pupil_mean_precond"
2025-12-19 16:22:05.179438,20,"stress_label",10,4,0.0625,0.517441860465116,0.424418604651163,NA,10,"top10","hr_med_precond;eda_med_precond;hr_sd_precond;eeg_fm_specent_precond;hrv_rmssd_precond;pupil_full_pupil_asymmetry_precond;eeg_faa_precond;eda_pkrate_precond;eeg_fl_theta_power_precond;pupil_full_pupil_mean_precond"
2025-12-19 16:22:05.253857,20,"stress_label",10,8,0.0625,0.511627906976744,0.476744186046512,NA,10,"top10","hr_med_precond;eda_med_precond;hr_sd_precond;eeg_fm_specent_precond;hrv_rmssd_precond;pupil_full_pupil_asymmetry_precond;eeg_faa_precond;eda_pkrate_precond;eeg_fl_theta_power_precond;pupil_full_pupil_mean_precond"
2025-12-19 16:22:05.409863,20,"stress_label",10,16,0.0625,0.5,0.354651162790698,NA,10,"top10","hr_med_precond;eda_med_precond;hr_sd_precond;eeg_fm_specent_precond;hrv_rmssd_precond;pupil_full_pupil_asymmetry_precond;eeg_faa_precond;eda_pkrate_precond;eeg_fl_theta_power_precond;pupil_full_pupil_mean_precond"
2025-12-19 16:22:06.428352,20,"stress_label",10,32,0.0625,0.488372093023256,0.418604651162791,NA,10,"top10","hr_med_precond;eda_med_precond;hr_sd_precond;eeg_fm_specent_precond;hrv_rmssd_precond;pupil_full_pupil_asymmetry_precond;eeg_faa_precond;eda_pkrate_precond;eeg_fl_theta_power_precond;pupil_full_pupil_mean_precond"
2025-12-19 16:22:06.549067,20,"stress_label",10,64,0.0625,0.476744186046512,0.488372093023256,NA,10,"top10","hr_med_precond;eda_med_precond;hr_sd_precond;eeg_fm_specent_precond;hrv_rmssd_precond;pupil_full_pupil_asymmetry_precond;eeg_faa_precond;eda_pkrate_precond;eeg_fl_theta_power_precond;pupil_full_pupil_mean_precond"
2025-12-19 16:22:06.825071,20,"stress_label",10,128,0.0625,0.47093023255814,0.366279069767442,NA,10,"top10","hr_med_precond;eda_med_precond;hr_sd_precond;eeg_fm_specent_precond;hrv_rmssd_precond;pupil_full_pupil_asymmetry_precond;eeg_faa_precond;eda_pkrate_precond;eeg_fl_theta_power_precond;pupil_full_pupil_mean_precond"
2025-12-19 16:22:06.787327,20,"stress_label",10,256,0.0625,0.47093023255814,0.377906976744186,NA,10,"top10","hr_med_precond;eda_med_precond;hr_sd_precond;eeg_fm_specent_precond;hrv_rmssd_precond;pupil_full_pupil_asymmetry_precond;eeg_faa_precond;eda_pkrate_precond;eeg_fl_theta_power_precond;pupil_full_pupil_mean_precond"
2025-12-19 16:22:06.355588,20,"stress_label",10,2,0.125,0.575581395348837,0.482558139534884,0.595348837209302,10,"top10","hr_med_precond;eda_med_precond;hr_sd_precond;eeg_fm_specent_precond;hrv_rmssd_precond;pupil_full_pupil_asymmetry_precond;eeg_faa_precond;eda_pkrate_precond;eeg_fl_theta_power_precond;pupil_full_pupil_mean_precond"
2025-12-19 16:22:06.39511,20,"stress_label",10,4,0.125,0.529069767441861,0.436046511627907,0.534108527131783,10,"top10","hr_med_precond;eda_med_precond;hr_sd_precond;eeg_fm_specent_precond;hrv_rmssd_precond;pupil_full_pupil_asymmetry_precond;eeg_faa_precond;eda_pkrate_precond;eeg_fl_theta_power_precond;pupil_full_pupil_mean_precond"
2025-12-19 16:22:06.522595,20,"stress_label",10,8,0.125,0.494186046511628,0.406976744186047,NA,10,"top10","hr_med_precond;eda_med_precond;hr_sd_precond;eeg_fm_specent_precond;hrv_rmssd_precond;pupil_full_pupil_asymmetry_precond;eeg_faa_precond;eda_pkrate_precond;eeg_fl_theta_power_precond;pupil_full_pupil_mean_precond"
2025-12-19 16:22:06.604567,20,"stress_label",10,16,0.125,0.511627906976744,0.546511627906977,NA,10,"top10","hr_med_precond;eda_med_precond;hr_sd_precond;eeg_fm_specent_precond;hrv_rmssd_precond;pupil_full_pupil_asymmetry_precond;eeg_faa_precond;eda_pkrate_precond;eeg_fl_theta_power_precond;pupil_full_pupil_mean_precond"
2025-12-19 16:22:06.783624,20,"stress_label",10,32,0.125,0.482558139534884,0.453488372093023,NA,10,"top10","hr_med_precond;eda_med_precond;hr_sd_precond;eeg_fm_specent_precond;hrv_rmssd_precond;pupil_full_pupil_asymmetry_precond;eeg_faa_precond;eda_pkrate_precond;eeg_fl_theta_power_precond;pupil_full_pupil_mean_precond"
2025-12-19 16:22:06.789587,20,"stress_label",10,64,0.125,0.488372093023256,0.366279069767442,NA,10,"top10","hr_med_precond;eda_med_precond;hr_sd_precond;eeg_fm_specent_precond;hrv_rmssd_precond;pupil_full_pupil_asymmetry_precond;eeg_faa_precond;eda_pkrate_precond;eeg_fl_theta_power_precond;pupil_full_pupil_mean_precond"
2025-12-19 16:22:06.939548,20,"stress_label",10,128,0.125,0.488372093023256,0.412790697674419,NA,10,"top10","hr_med_precond;eda_med_precond;hr_sd_precond;eeg_fm_specent_precond;hrv_rmssd_precond;pupil_full_pupil_asymmetry_precond;eeg_faa_precond;eda_pkrate_precond;eeg_fl_theta_power_precond;pupil_full_pupil_mean_precond"
2025-12-19 16:22:06.927759,20,"stress_label",10,256,0.125,0.488372093023256,0.424418604651163,NA,10,"top10","hr_med_precond;eda_med_precond;hr_sd_precond;eeg_fm_specent_precond;hrv_rmssd_precond;pupil_full_pupil_asymmetry_precond;eeg_faa_precond;eda_pkrate_precond;eeg_fl_theta_power_precond;pupil_full_pupil_mean_precond"
2025-12-19 16:22:06.852946,20,"stress_label",10,2,0.03,0.563953488372093,0.529069767441861,0.587596899224806,10,"top10","hr_med_precond;eda_med_precond;hr_sd_precond;eeg_fm_specent_precond;hrv_rmssd_precond;pupil_full_pupil_asymmetry_precond;eeg_faa_precond;eda_pkrate_precond;eeg_fl_theta_power_precond;pupil_full_pupil_mean_precond"
2025-12-19 16:22:07.197037,20,"stress_label",10,4,0.03,0.581395348837209,0.598837209302326,0.586821705426357,10,"top10","hr_med_precond;eda_med_precond;hr_sd_precond;eeg_fm_specent_precond;hrv_rmssd_precond;pupil_full_pupil_asymmetry_precond;eeg_faa_precond;eda_pkrate_precond;eeg_fl_theta_power_precond;pupil_full_pupil_mean_precond"
2025-12-19 16:22:07.519884,20,"stress_label",10,8,0.03,0.552325581395349,0.540697674418605,0.552713178294574,10,"top10","hr_med_precond;eda_med_precond;hr_sd_precond;eeg_fm_specent_precond;hrv_rmssd_precond;pupil_full_pupil_asymmetry_precond;eeg_faa_precond;eda_pkrate_precond;eeg_fl_theta_power_precond;pupil_full_pupil_mean_precond"
2025-12-19 16:22:07.605757,20,"stress_label",10,16,0.03,0.488372093023256,0.47093023255814,NA,10,"top10","hr_med_precond;eda_med_precond;hr_sd_precond;eeg_fm_specent_precond;hrv_rmssd_precond;pupil_full_pupil_asymmetry_precond;eeg_faa_precond;eda_pkrate_precond;eeg_fl_theta_power_precond;pupil_full_pupil_mean_precond"
2025-12-19 16:22:07.73394,20,"stress_label",10,32,0.03,0.488372093023256,0.430232558139535,NA,10,"top10","hr_med_precond;eda_med_precond;hr_sd_precond;eeg_fm_specent_precond;hrv_rmssd_precond;pupil_full_pupil_asymmetry_precond;eeg_faa_precond;eda_pkrate_precond;eeg_fl_theta_power_precond;pupil_full_pupil_mean_precond"
2025-12-19 16:22:07.989654,20,"stress_label",10,64,0.03,0.511627906976744,0.424418604651163,NA,10,"top10","hr_med_precond;eda_med_precond;hr_sd_precond;eeg_fm_specent_precond;hrv_rmssd_precond;pupil_full_pupil_asymmetry_precond;eeg_faa_precond;eda_pkrate_precond;eeg_fl_theta_power_precond;pupil_full_pupil_mean_precond"
2025-12-19 16:22:08.243171,20,"stress_label",10,128,0.03,0.488372093023256,0.418604651162791,NA,10,"top10","hr_med_precond;eda_med_precond;hr_sd_precond;eeg_fm_specent_precond;hrv_rmssd_precond;pupil_full_pupil_asymmetry_precond;eeg_faa_precond;eda_pkrate_precond;eeg_fl_theta_power_precond;pupil_full_pupil_mean_precond"
2025-12-19 16:22:08.588927,20,"stress_label",10,256,0.03,0.459302325581395,0.337209302325581,NA,10,"top10","hr_med_precond;eda_med_precond;hr_sd_precond;eeg_fm_specent_precond;hrv_rmssd_precond;pupil_full_pupil_asymmetry_precond;eeg_faa_precond;eda_pkrate_precond;eeg_fl_theta_power_precond;pupil_full_pupil_mean_precond"
2025-12-19 16:22:07.929916,20,"stress_label",10,2,0.06,0.563953488372093,0.569767441860465,NA,10,"top10","hr_med_precond;eda_med_precond;hr_sd_precond;eeg_fm_specent_precond;hrv_rmssd_precond;pupil_full_pupil_asymmetry_precond;eeg_faa_precond;eda_pkrate_precond;eeg_fl_theta_power_precond;pupil_full_pupil_mean_precond"
2025-12-19 16:22:07.989805,20,"stress_label",10,4,0.06,0.517441860465116,0.505813953488372,NA,10,"top10","hr_med_precond;eda_med_precond;hr_sd_precond;eeg_fm_specent_precond;hrv_rmssd_precond;pupil_full_pupil_asymmetry_precond;eeg_faa_precond;eda_pkrate_precond;eeg_fl_theta_power_precond;pupil_full_pupil_mean_precond"
2025-12-19 16:22:07.993329,20,"stress_label",10,8,0.06,0.511627906976744,0.563953488372093,NA,10,"top10","hr_med_precond;eda_med_precond;hr_sd_precond;eeg_fm_specent_precond;hrv_rmssd_precond;pupil_full_pupil_asymmetry_precond;eeg_faa_precond;eda_pkrate_precond;eeg_fl_theta_power_precond;pupil_full_pupil_mean_precond"
2025-12-19 16:22:08.110192,20,"stress_label",10,16,0.06,0.505813953488372,0.395348837209302,NA,10,"top10","hr_med_precond;eda_med_precond;hr_sd_precond;eeg_fm_specent_precond;hrv_rmssd_precond;pupil_full_pupil_asymmetry_precond;eeg_faa_precond;eda_pkrate_precond;eeg_fl_theta_power_precond;pupil_full_pupil_mean_precond"
2025-12-19 16:22:08.271782,20,"stress_label",10,32,0.06,0.488372093023256,0.343023255813953,NA,10,"top10","hr_med_precond;eda_med_precond;hr_sd_precond;eeg_fm_specent_precond;hrv_rmssd_precond;pupil_full_pupil_asymmetry_precond;eeg_faa_precond;eda_pkrate_precond;eeg_fl_theta_power_precond;pupil_full_pupil_mean_precond"
2025-12-19 16:22:08.40961,20,"stress_label",10,64,0.06,0.476744186046512,0.395348837209302,NA,10,"top10","hr_med_precond;eda_med_precond;hr_sd_precond;eeg_fm_specent_precond;hrv_rmssd_precond;pupil_full_pupil_asymmetry_precond;eeg_faa_precond;eda_pkrate_precond;eeg_fl_theta_power_precond;pupil_full_pupil_mean_precond"
2025-12-19 16:22:08.78443,20,"stress_label",10,128,0.06,0.465116279069767,0.418604651162791,NA,10,"top10","hr_med_precond;eda_med_precond;hr_sd_precond;eeg_fm_specent_precond;hrv_rmssd_precond;pupil_full_pupil_asymmetry_precond;eeg_faa_precond;eda_pkrate_precond;eeg_fl_theta_power_precond;pupil_full_pupil_mean_precond"
2025-12-19 16:22:08.820646,20,"stress_label",10,256,0.06,0.47093023255814,0.418604651162791,NA,10,"top10","hr_med_precond;eda_med_precond;hr_sd_precond;eeg_fm_specent_precond;hrv_rmssd_precond;pupil_full_pupil_asymmetry_precond;eeg_faa_precond;eda_pkrate_precond;eeg_fl_theta_power_precond;pupil_full_pupil_mean_precond"
2025-12-19 16:22:08.673276,20,"stress_label",10,2,0.1,0.563953488372093,0.447674418604651,NA,10,"top10","hr_med_precond;eda_med_precond;hr_sd_precond;eeg_fm_specent_precond;hrv_rmssd_precond;pupil_full_pupil_asymmetry_precond;eeg_faa_precond;eda_pkrate_precond;eeg_fl_theta_power_precond;pupil_full_pupil_mean_precond"
2025-12-19 16:22:08.744081,20,"stress_label",10,4,0.1,0.529069767441861,0.406976744186047,0.52093023255814,10,"top10","hr_med_precond;eda_med_precond;hr_sd_precond;eeg_fm_specent_precond;hrv_rmssd_precond;pupil_full_pupil_asymmetry_precond;eeg_faa_precond;eda_pkrate_precond;eeg_fl_theta_power_precond;pupil_full_pupil_mean_precond"
2025-12-19 16:22:08.848572,20,"stress_label",10,8,0.1,0.523255813953488,0.488372093023256,0.521705426356589,10,"top10","hr_med_precond;eda_med_precond;hr_sd_precond;eeg_fm_specent_precond;hrv_rmssd_precond;pupil_full_pupil_asymmetry_precond;eeg_faa_precond;eda_pkrate_precond;eeg_fl_theta_power_precond;pupil_full_pupil_mean_precond"
2025-12-19 16:22:09.181069,20,"stress_label",10,16,0.1,0.5,0.354651162790698,NA,10,"top10","hr_med_precond;eda_med_precond;hr_sd_precond;eeg_fm_specent_precond;hrv_rmssd_precond;pupil_full_pupil_asymmetry_precond;eeg_faa_precond;eda_pkrate_precond;eeg_fl_theta_power_precond;pupil_full_pupil_mean_precond"
2025-12-19 16:22:09.142937,20,"stress_label",10,32,0.1,0.482558139534884,0.337209302325581,NA,10,"top10","hr_med_precond;eda_med_precond;hr_sd_precond;eeg_fm_specent_precond;hrv_rmssd_precond;pupil_full_pupil_asymmetry_precond;eeg_faa_precond;eda_pkrate_precond;eeg_fl_theta_power_precond;pupil_full_pupil_mean_precond"
2025-12-19 16:22:09.193115,20,"stress_label",10,64,0.1,0.476744186046512,0.459302325581395,NA,10,"top10","hr_med_precond;eda_med_precond;hr_sd_precond;eeg_fm_specent_precond;hrv_rmssd_precond;pupil_full_pupil_asymmetry_precond;eeg_faa_precond;eda_pkrate_precond;eeg_fl_theta_power_precond;pupil_full_pupil_mean_precond"
2025-12-19 16:22:09.161614,20,"stress_label",10,128,0.1,0.476744186046512,0.47093023255814,NA,10,"top10","hr_med_precond;eda_med_precond;hr_sd_precond;eeg_fm_specent_precond;hrv_rmssd_precond;pupil_full_pupil_asymmetry_precond;eeg_faa_precond;eda_pkrate_precond;eeg_fl_theta_power_precond;pupil_full_pupil_mean_precond"
2025-12-19 16:22:09.244117,20,"stress_label",10,256,0.1,0.476744186046512,0.343023255813953,NA,10,"top10","hr_med_precond;eda_med_precond;hr_sd_precond;eeg_fm_specent_precond;hrv_rmssd_precond;pupil_full_pupil_asymmetry_precond;eeg_faa_precond;eda_pkrate_precond;eeg_fl_theta_power_precond;pupil_full_pupil_mean_precond"
2025-12-19 16:22:10.905884,21,"stress_label",10,2,0.0078125,0.569767441860465,0.517441860465116,0.558139534883721,10,"top10","hr_sd_precond;hr_med_precond;eda_med_precond;eeg_fm_lbeta_power_precond;pupil_full_pupil_asymmetry_precond;hrv_rmssd_precond;eeg_fm_specent_precond;eda_pkrate_precond;eeg_fl_theta_power_precond;eeg_faa_precond"
2025-12-19 16:22:10.649512,21,"stress_label",10,4,0.0078125,0.517441860465116,0.563953488372093,0.52093023255814,10,"top10","hr_sd_precond;hr_med_precond;eda_med_precond;eeg_fm_lbeta_power_precond;pupil_full_pupil_asymmetry_precond;hrv_rmssd_precond;eeg_fm_specent_precond;eda_pkrate_precond;eeg_fl_theta_power_precond;eeg_faa_precond"
2025-12-19 16:22:10.915823,21,"stress_label",10,8,0.0078125,0.569767441860465,0.61046511627907,NA,10,"top10","hr_sd_precond;hr_med_precond;eda_med_precond;eeg_fm_lbeta_power_precond;pupil_full_pupil_asymmetry_precond;hrv_rmssd_precond;eeg_fm_specent_precond;eda_pkrate_precond;eeg_fl_theta_power_precond;eeg_faa_precond"
2025-12-19 16:22:10.917724,21,"stress_label",10,16,0.0078125,0.587209302325581,0.593023255813954,0.58062015503876,10,"top10","hr_sd_precond;hr_med_precond;eda_med_precond;eeg_fm_lbeta_power_precond;pupil_full_pupil_asymmetry_precond;hrv_rmssd_precond;eeg_fm_specent_precond;eda_pkrate_precond;eeg_fl_theta_power_precond;eeg_faa_precond"
2025-12-19 16:22:10.653091,21,"stress_label",10,32,0.0078125,0.587209302325581,0.575581395348837,0.575968992248062,10,"top10","hr_sd_precond;hr_med_precond;eda_med_precond;eeg_fm_lbeta_power_precond;pupil_full_pupil_asymmetry_precond;hrv_rmssd_precond;eeg_fm_specent_precond;eda_pkrate_precond;eeg_fl_theta_power_precond;eeg_faa_precond"
2025-12-19 16:22:10.728842,21,"stress_label",10,64,0.0078125,0.552325581395349,0.540697674418605,0.549612403100775,10,"top10","hr_sd_precond;hr_med_precond;eda_med_precond;eeg_fm_lbeta_power_precond;pupil_full_pupil_asymmetry_precond;hrv_rmssd_precond;eeg_fm_specent_precond;eda_pkrate_precond;eeg_fl_theta_power_precond;eeg_faa_precond"
2025-12-19 16:22:10.794645,21,"stress_label",10,128,0.0078125,0.5,0.441860465116279,NA,10,"top10","hr_sd_precond;hr_med_precond;eda_med_precond;eeg_fm_lbeta_power_precond;pupil_full_pupil_asymmetry_precond;hrv_rmssd_precond;eeg_fm_specent_precond;eda_pkrate_precond;eeg_fl_theta_power_precond;eeg_faa_precond"
2025-12-19 16:22:10.988111,21,"stress_label",10,256,0.0078125,0.5,0.447674418604651,NA,10,"top10","hr_sd_precond;hr_med_precond;eda_med_precond;eeg_fm_lbeta_power_precond;pupil_full_pupil_asymmetry_precond;hrv_rmssd_precond;eeg_fm_specent_precond;eda_pkrate_precond;eeg_fl_theta_power_precond;eeg_faa_precond"
2025-12-19 16:22:10.660696,21,"stress_label",10,2,0.015625,0.546511627906977,0.569767441860465,0.547286821705426,10,"top10","hr_sd_precond;hr_med_precond;eda_med_precond;eeg_fm_lbeta_power_precond;pupil_full_pupil_asymmetry_precond;hrv_rmssd_precond;eeg_fm_specent_precond;eda_pkrate_precond;eeg_fl_theta_power_precond;eeg_faa_precond"
2025-12-19 16:22:10.664161,21,"stress_label",10,4,0.015625,0.563953488372093,0.604651162790698,0.556589147286822,10,"top10","hr_sd_precond;hr_med_precond;eda_med_precond;eeg_fm_lbeta_power_precond;pupil_full_pupil_asymmetry_precond;hrv_rmssd_precond;eeg_fm_specent_precond;eda_pkrate_precond;eeg_fl_theta_power_precond;eeg_faa_precond"
2025-12-19 16:22:10.879167,21,"stress_label",10,8,0.015625,0.581395348837209,0.563953488372093,0.568992248062016,10,"top10","hr_sd_precond;hr_med_precond;eda_med_precond;eeg_fm_lbeta_power_precond;pupil_full_pupil_asymmetry_precond;hrv_rmssd_precond;eeg_fm_specent_precond;eda_pkrate_precond;eeg_fl_theta_power_precond;eeg_faa_precond"
2025-12-19 16:22:10.889343,21,"stress_label",10,16,0.015625,0.563953488372093,0.558139534883721,0.553488372093023,10,"top10","hr_sd_precond;hr_med_precond;eda_med_precond;eeg_fm_lbeta_power_precond;pupil_full_pupil_asymmetry_precond;hrv_rmssd_precond;eeg_fm_specent_precond;eda_pkrate_precond;eeg_fl_theta_power_precond;eeg_faa_precond"
2025-12-19 16:22:10.75771,21,"stress_label",10,32,0.015625,0.511627906976744,0.47093023255814,NA,10,"top10","hr_sd_precond;hr_med_precond;eda_med_precond;eeg_fm_lbeta_power_precond;pupil_full_pupil_asymmetry_precond;hrv_rmssd_precond;eeg_fm_specent_precond;eda_pkrate_precond;eeg_fl_theta_power_precond;eeg_faa_precond"
2025-12-19 16:22:10.827744,21,"stress_label",10,64,0.015625,0.494186046511628,0.36046511627907,NA,10,"top10","hr_sd_precond;hr_med_precond;eda_med_precond;eeg_fm_lbeta_power_precond;pupil_full_pupil_asymmetry_precond;hrv_rmssd_precond;eeg_fm_specent_precond;eda_pkrate_precond;eeg_fl_theta_power_precond;eeg_faa_precond"
2025-12-19 16:22:12.144251,21,"stress_label",10,128,0.015625,0.476744186046512,0.331395348837209,NA,10,"top10","hr_sd_precond;hr_med_precond;eda_med_precond;eeg_fm_lbeta_power_precond;pupil_full_pupil_asymmetry_precond;hrv_rmssd_precond;eeg_fm_specent_precond;eda_pkrate_precond;eeg_fl_theta_power_precond;eeg_faa_precond"
2025-12-19 16:22:12.471262,21,"stress_label",10,256,0.015625,0.465116279069767,0.453488372093023,NA,10,"top10","hr_sd_precond;hr_med_precond;eda_med_precond;eeg_fm_lbeta_power_precond;pupil_full_pupil_asymmetry_precond;hrv_rmssd_precond;eeg_fm_specent_precond;eda_pkrate_precond;eeg_fl_theta_power_precond;eeg_faa_precond"
2025-12-19 16:22:11.846517,21,"stress_label",10,2,0.03125,0.534883720930233,0.558139534883721,0.527131782945736,10,"top10","hr_sd_precond;hr_med_precond;eda_med_precond;eeg_fm_lbeta_power_precond;pupil_full_pupil_asymmetry_precond;hrv_rmssd_precond;eeg_fm_specent_precond;eda_pkrate_precond;eeg_fl_theta_power_precond;eeg_faa_precond"
2025-12-19 16:22:11.832451,21,"stress_label",10,4,0.03125,0.563953488372093,0.581395348837209,0.563565891472868,10,"top10","hr_sd_precond;hr_med_precond;eda_med_precond;eeg_fm_lbeta_power_precond;pupil_full_pupil_asymmetry_precond;hrv_rmssd_precond;eeg_fm_specent_precond;eda_pkrate_precond;eeg_fl_theta_power_precond;eeg_faa_precond"
2025-12-19 16:22:11.931031,21,"stress_label",10,8,0.03125,0.534883720930233,0.517441860465116,0.541085271317829,10,"top10","hr_sd_precond;hr_med_precond;eda_med_precond;eeg_fm_lbeta_power_precond;pupil_full_pupil_asymmetry_precond;hrv_rmssd_precond;eeg_fm_specent_precond;eda_pkrate_precond;eeg_fl_theta_power_precond;eeg_faa_precond"
2025-12-19 16:22:12.042101,21,"stress_label",10,16,0.03125,0.5,0.406976744186047,NA,10,"top10","hr_sd_precond;hr_med_precond;eda_med_precond;eeg_fm_lbeta_power_precond;pupil_full_pupil_asymmetry_precond;hrv_rmssd_precond;eeg_fm_specent_precond;eda_pkrate_precond;eeg_fl_theta_power_precond;eeg_faa_precond"
2025-12-19 16:22:12.359349,21,"stress_label",10,32,0.03125,0.505813953488372,0.406976744186047,NA,10,"top10","hr_sd_precond;hr_med_precond;eda_med_precond;eeg_fm_lbeta_power_precond;pupil_full_pupil_asymmetry_precond;hrv_rmssd_precond;eeg_fm_specent_precond;eda_pkrate_precond;eeg_fl_theta_power_precond;eeg_faa_precond"
2025-12-19 16:22:12.58808,21,"stress_label",10,64,0.03125,0.494186046511628,0.319767441860465,NA,10,"top10","hr_sd_precond;hr_med_precond;eda_med_precond;eeg_fm_lbeta_power_precond;pupil_full_pupil_asymmetry_precond;hrv_rmssd_precond;eeg_fm_specent_precond;eda_pkrate_precond;eeg_fl_theta_power_precond;eeg_faa_precond"
2025-12-19 16:22:12.590447,21,"stress_label",10,128,0.03125,0.465116279069767,0.453488372093023,NA,10,"top10","hr_sd_precond;hr_med_precond;eda_med_precond;eeg_fm_lbeta_power_precond;pupil_full_pupil_asymmetry_precond;hrv_rmssd_precond;eeg_fm_specent_precond;eda_pkrate_precond;eeg_fl_theta_power_precond;eeg_faa_precond"
2025-12-19 16:22:12.978766,21,"stress_label",10,256,0.03125,0.459302325581395,0.465116279069767,NA,10,"top10","hr_sd_precond;hr_med_precond;eda_med_precond;eeg_fm_lbeta_power_precond;pupil_full_pupil_asymmetry_precond;hrv_rmssd_precond;eeg_fm_specent_precond;eda_pkrate_precond;eeg_fl_theta_power_precond;eeg_faa_precond"
2025-12-19 16:22:12.071876,21,"stress_label",10,2,0.0625,0.511627906976744,0.482558139534884,0.529457364341085,10,"top10","hr_sd_precond;hr_med_precond;eda_med_precond;eeg_fm_lbeta_power_precond;pupil_full_pupil_asymmetry_precond;hrv_rmssd_precond;eeg_fm_specent_precond;eda_pkrate_precond;eeg_fl_theta_power_precond;eeg_faa_precond"
2025-12-19 16:22:12.146301,21,"stress_label",10,4,0.0625,0.505813953488372,0.383720930232558,NA,10,"top10","hr_sd_precond;hr_med_precond;eda_med_precond;eeg_fm_lbeta_power_precond;pupil_full_pupil_asymmetry_precond;hrv_rmssd_precond;eeg_fm_specent_precond;eda_pkrate_precond;eeg_fl_theta_power_precond;eeg_faa_precond"
2025-12-19 16:22:12.198707,21,"stress_label",10,8,0.0625,0.523255813953488,0.465116279069767,NA,10,"top10","hr_sd_precond;hr_med_precond;eda_med_precond;eeg_fm_lbeta_power_precond;pupil_full_pupil_asymmetry_precond;hrv_rmssd_precond;eeg_fm_specent_precond;eda_pkrate_precond;eeg_fl_theta_power_precond;eeg_faa_precond"
2025-12-19 16:22:12.335731,21,"stress_label",10,16,0.0625,0.5,0.424418604651163,NA,10,"top10","hr_sd_precond;hr_med_precond;eda_med_precond;eeg_fm_lbeta_power_precond;pupil_full_pupil_asymmetry_precond;hrv_rmssd_precond;eeg_fm_specent_precond;eda_pkrate_precond;eeg_fl_theta_power_precond;eeg_faa_precond"
2025-12-19 16:22:13.257694,21,"stress_label",10,32,0.0625,0.453488372093023,0.453488372093023,NA,10,"top10","hr_sd_precond;hr_med_precond;eda_med_precond;eeg_fm_lbeta_power_precond;pupil_full_pupil_asymmetry_precond;hrv_rmssd_precond;eeg_fm_specent_precond;eda_pkrate_precond;eeg_fl_theta_power_precond;eeg_faa_precond"
2025-12-19 16:22:13.375243,21,"stress_label",10,64,0.0625,0.424418604651163,0.529069767441861,NA,10,"top10","hr_sd_precond;hr_med_precond;eda_med_precond;eeg_fm_lbeta_power_precond;pupil_full_pupil_asymmetry_precond;hrv_rmssd_precond;eeg_fm_specent_precond;eda_pkrate_precond;eeg_fl_theta_power_precond;eeg_faa_precond"
2025-12-19 16:22:13.792154,21,"stress_label",10,128,0.0625,0.465116279069767,0.546511627906977,0.481395348837209,10,"top10","hr_sd_precond;hr_med_precond;eda_med_precond;eeg_fm_lbeta_power_precond;pupil_full_pupil_asymmetry_precond;hrv_rmssd_precond;eeg_fm_specent_precond;eda_pkrate_precond;eeg_fl_theta_power_precond;eeg_faa_precond"
2025-12-19 16:22:13.97664,21,"stress_label",10,256,0.0625,0.447674418604651,0.5,0.447286821705426,10,"top10","hr_sd_precond;hr_med_precond;eda_med_precond;eeg_fm_lbeta_power_precond;pupil_full_pupil_asymmetry_precond;hrv_rmssd_precond;eeg_fm_specent_precond;eda_pkrate_precond;eeg_fl_theta_power_precond;eeg_faa_precond"
2025-12-19 16:22:13.181534,21,"stress_label",10,2,0.125,0.529069767441861,0.343023255813953,NA,10,"top10","hr_sd_precond;hr_med_precond;eda_med_precond;eeg_fm_lbeta_power_precond;pupil_full_pupil_asymmetry_precond;hrv_rmssd_precond;eeg_fm_specent_precond;eda_pkrate_precond;eeg_fl_theta_power_precond;eeg_faa_precond"
2025-12-19 16:22:13.367194,21,"stress_label",10,4,0.125,0.529069767441861,0.430232558139535,NA,10,"top10","hr_sd_precond;hr_med_precond;eda_med_precond;eeg_fm_lbeta_power_precond;pupil_full_pupil_asymmetry_precond;hrv_rmssd_precond;eeg_fm_specent_precond;eda_pkrate_precond;eeg_fl_theta_power_precond;eeg_faa_precond"
2025-12-19 16:22:13.425945,21,"stress_label",10,8,0.125,0.47093023255814,0.476744186046512,NA,10,"top10","hr_sd_precond;hr_med_precond;eda_med_precond;eeg_fm_lbeta_power_precond;pupil_full_pupil_asymmetry_precond;hrv_rmssd_precond;eeg_fm_specent_precond;eda_pkrate_precond;eeg_fl_theta_power_precond;eeg_faa_precond"
2025-12-19 16:22:13.525873,21,"stress_label",10,16,0.125,0.412790697674419,0.523255813953488,NA,10,"top10","hr_sd_precond;hr_med_precond;eda_med_precond;eeg_fm_lbeta_power_precond;pupil_full_pupil_asymmetry_precond;hrv_rmssd_precond;eeg_fm_specent_precond;eda_pkrate_precond;eeg_fl_theta_power_precond;eeg_faa_precond"
2025-12-19 16:22:13.732014,21,"stress_label",10,32,0.125,0.441860465116279,0.540697674418605,NA,10,"top10","hr_sd_precond;hr_med_precond;eda_med_precond;eeg_fm_lbeta_power_precond;pupil_full_pupil_asymmetry_precond;hrv_rmssd_precond;eeg_fm_specent_precond;eda_pkrate_precond;eeg_fl_theta_power_precond;eeg_faa_precond"
2025-12-19 16:22:13.729934,21,"stress_label",10,64,0.125,0.447674418604651,0.453488372093023,NA,10,"top10","hr_sd_precond;hr_med_precond;eda_med_precond;eeg_fm_lbeta_power_precond;pupil_full_pupil_asymmetry_precond;hrv_rmssd_precond;eeg_fm_specent_precond;eda_pkrate_precond;eeg_fl_theta_power_precond;eeg_faa_precond"
2025-12-19 16:22:13.842432,21,"stress_label",10,128,0.125,0.447674418604651,0.511627906976744,NA,10,"top10","hr_sd_precond;hr_med_precond;eda_med_precond;eeg_fm_lbeta_power_precond;pupil_full_pupil_asymmetry_precond;hrv_rmssd_precond;eeg_fm_specent_precond;eda_pkrate_precond;eeg_fl_theta_power_precond;eeg_faa_precond"
2025-12-19 16:22:13.976607,21,"stress_label",10,256,0.125,0.447674418604651,0.511627906976744,NA,10,"top10","hr_sd_precond;hr_med_precond;eda_med_precond;eeg_fm_lbeta_power_precond;pupil_full_pupil_asymmetry_precond;hrv_rmssd_precond;eeg_fm_specent_precond;eda_pkrate_precond;eeg_fl_theta_power_precond;eeg_faa_precond"
2025-12-19 16:22:13.717478,21,"stress_label",10,2,0.03,0.534883720930233,0.540697674418605,0.527131782945736,10,"top10","hr_sd_precond;hr_med_precond;eda_med_precond;eeg_fm_lbeta_power_precond;pupil_full_pupil_asymmetry_precond;hrv_rmssd_precond;eeg_fm_specent_precond;eda_pkrate_precond;eeg_fl_theta_power_precond;eeg_faa_precond"
2025-12-19 16:22:14.101264,21,"stress_label",10,4,0.03,0.563953488372093,0.587209302325581,0.558914728682171,10,"top10","hr_sd_precond;hr_med_precond;eda_med_precond;eeg_fm_lbeta_power_precond;pupil_full_pupil_asymmetry_precond;hrv_rmssd_precond;eeg_fm_specent_precond;eda_pkrate_precond;eeg_fl_theta_power_precond;eeg_faa_precond"
2025-12-19 16:22:14.269059,21,"stress_label",10,8,0.03,0.540697674418605,0.47093023255814,0.544186046511628,10,"top10","hr_sd_precond;hr_med_precond;eda_med_precond;eeg_fm_lbeta_power_precond;pupil_full_pupil_asymmetry_precond;hrv_rmssd_precond;eeg_fm_specent_precond;eda_pkrate_precond;eeg_fl_theta_power_precond;eeg_faa_precond"
2025-12-19 16:22:14.45261,21,"stress_label",10,16,0.03,0.5,0.441860465116279,NA,10,"top10","hr_sd_precond;hr_med_precond;eda_med_precond;eeg_fm_lbeta_power_precond;pupil_full_pupil_asymmetry_precond;hrv_rmssd_precond;eeg_fm_specent_precond;eda_pkrate_precond;eeg_fl_theta_power_precond;eeg_faa_precond"
2025-12-19 16:22:14.631822,21,"stress_label",10,32,0.03,0.505813953488372,0.372093023255814,NA,10,"top10","hr_sd_precond;hr_med_precond;eda_med_precond;eeg_fm_lbeta_power_precond;pupil_full_pupil_asymmetry_precond;hrv_rmssd_precond;eeg_fm_specent_precond;eda_pkrate_precond;eeg_fl_theta_power_precond;eeg_faa_precond"
2025-12-19 16:22:14.791184,21,"stress_label",10,64,0.03,0.5,0.441860465116279,NA,10,"top10","hr_sd_precond;hr_med_precond;eda_med_precond;eeg_fm_lbeta_power_precond;pupil_full_pupil_asymmetry_precond;hrv_rmssd_precond;eeg_fm_specent_precond;eda_pkrate_precond;eeg_fl_theta_power_precond;eeg_faa_precond"
2025-12-19 16:22:15.065192,21,"stress_label",10,128,0.03,0.465116279069767,0.517441860465116,NA,10,"top10","hr_sd_precond;hr_med_precond;eda_med_precond;eeg_fm_lbeta_power_precond;pupil_full_pupil_asymmetry_precond;hrv_rmssd_precond;eeg_fm_specent_precond;eda_pkrate_precond;eeg_fl_theta_power_precond;eeg_faa_precond"
2025-12-19 16:22:15.516693,21,"stress_label",10,256,0.03,0.488372093023256,0.494186046511628,NA,10,"top10","hr_sd_precond;hr_med_precond;eda_med_precond;eeg_fm_lbeta_power_precond;pupil_full_pupil_asymmetry_precond;hrv_rmssd_precond;eeg_fm_specent_precond;eda_pkrate_precond;eeg_fl_theta_power_precond;eeg_faa_precond"
2025-12-19 16:22:14.843104,21,"stress_label",10,2,0.06,0.505813953488372,0.482558139534884,0.521705426356589,10,"top10","hr_sd_precond;hr_med_precond;eda_med_precond;eeg_fm_lbeta_power_precond;pupil_full_pupil_asymmetry_precond;hrv_rmssd_precond;eeg_fm_specent_precond;eda_pkrate_precond;eeg_fl_theta_power_precond;eeg_faa_precond"
2025-12-19 16:22:14.844552,21,"stress_label",10,4,0.06,0.505813953488372,0.337209302325581,NA,10,"top10","hr_sd_precond;hr_med_precond;eda_med_precond;eeg_fm_lbeta_power_precond;pupil_full_pupil_asymmetry_precond;hrv_rmssd_precond;eeg_fm_specent_precond;eda_pkrate_precond;eeg_fl_theta_power_precond;eeg_faa_precond"
2025-12-19 16:22:14.927644,21,"stress_label",10,8,0.06,0.511627906976744,0.372093023255814,NA,10,"top10","hr_sd_precond;hr_med_precond;eda_med_precond;eeg_fm_lbeta_power_precond;pupil_full_pupil_asymmetry_precond;hrv_rmssd_precond;eeg_fm_specent_precond;eda_pkrate_precond;eeg_fl_theta_power_precond;eeg_faa_precond"
2025-12-19 16:22:15.051192,21,"stress_label",10,16,0.06,0.505813953488372,0.395348837209302,NA,10,"top10","hr_sd_precond;hr_med_precond;eda_med_precond;eeg_fm_lbeta_power_precond;pupil_full_pupil_asymmetry_precond;hrv_rmssd_precond;eeg_fm_specent_precond;eda_pkrate_precond;eeg_fl_theta_power_precond;eeg_faa_precond"
2025-12-19 16:22:15.206774,21,"stress_label",10,32,0.06,0.459302325581395,0.383720930232558,NA,10,"top10","hr_sd_precond;hr_med_precond;eda_med_precond;eeg_fm_lbeta_power_precond;pupil_full_pupil_asymmetry_precond;hrv_rmssd_precond;eeg_fm_specent_precond;eda_pkrate_precond;eeg_fl_theta_power_precond;eeg_faa_precond"
2025-12-19 16:22:15.438462,21,"stress_label",10,64,0.06,0.424418604651163,0.511627906976744,NA,10,"top10","hr_sd_precond;hr_med_precond;eda_med_precond;eeg_fm_lbeta_power_precond;pupil_full_pupil_asymmetry_precond;hrv_rmssd_precond;eeg_fm_specent_precond;eda_pkrate_precond;eeg_fl_theta_power_precond;eeg_faa_precond"
2025-12-19 16:22:15.588938,21,"stress_label",10,128,0.06,0.465116279069767,0.540697674418605,NA,10,"top10","hr_sd_precond;hr_med_precond;eda_med_precond;eeg_fm_lbeta_power_precond;pupil_full_pupil_asymmetry_precond;hrv_rmssd_precond;eeg_fm_specent_precond;eda_pkrate_precond;eeg_fl_theta_power_precond;eeg_faa_precond"
2025-12-19 16:22:15.738531,21,"stress_label",10,256,0.06,0.453488372093023,0.523255813953488,0.451937984496124,10,"top10","hr_sd_precond;hr_med_precond;eda_med_precond;eeg_fm_lbeta_power_precond;pupil_full_pupil_asymmetry_precond;hrv_rmssd_precond;eeg_fm_specent_precond;eda_pkrate_precond;eeg_fl_theta_power_precond;eeg_faa_precond"
2025-12-19 16:22:15.386504,21,"stress_label",10,2,0.1,0.517441860465116,0.401162790697674,NA,10,"top10","hr_sd_precond;hr_med_precond;eda_med_precond;eeg_fm_lbeta_power_precond;pupil_full_pupil_asymmetry_precond;hrv_rmssd_precond;eeg_fm_specent_precond;eda_pkrate_precond;eeg_fl_theta_power_precond;eeg_faa_precond"
2025-12-19 16:22:15.564403,21,"stress_label",10,4,0.1,0.517441860465116,0.377906976744186,NA,10,"top10","hr_sd_precond;hr_med_precond;eda_med_precond;eeg_fm_lbeta_power_precond;pupil_full_pupil_asymmetry_precond;hrv_rmssd_precond;eeg_fm_specent_precond;eda_pkrate_precond;eeg_fl_theta_power_precond;eeg_faa_precond"
2025-12-19 16:22:15.74984,21,"stress_label",10,8,0.1,0.488372093023256,0.465116279069767,NA,10,"top10","hr_sd_precond;hr_med_precond;eda_med_precond;eeg_fm_lbeta_power_precond;pupil_full_pupil_asymmetry_precond;hrv_rmssd_precond;eeg_fm_specent_precond;eda_pkrate_precond;eeg_fl_theta_power_precond;eeg_faa_precond"
2025-12-19 16:22:15.874945,21,"stress_label",10,16,0.1,0.430232558139535,0.511627906976744,NA,10,"top10","hr_sd_precond;hr_med_precond;eda_med_precond;eeg_fm_lbeta_power_precond;pupil_full_pupil_asymmetry_precond;hrv_rmssd_precond;eeg_fm_specent_precond;eda_pkrate_precond;eeg_fl_theta_power_precond;eeg_faa_precond"
2025-12-19 16:22:15.946452,21,"stress_label",10,32,0.1,0.441860465116279,0.441860465116279,NA,10,"top10","hr_sd_precond;hr_med_precond;eda_med_precond;eeg_fm_lbeta_power_precond;pupil_full_pupil_asymmetry_precond;hrv_rmssd_precond;eeg_fm_specent_precond;eda_pkrate_precond;eeg_fl_theta_power_precond;eeg_faa_precond"
2025-12-19 16:22:16.002709,21,"stress_label",10,64,0.1,0.459302325581395,0.505813953488372,0.475968992248062,10,"top10","hr_sd_precond;hr_med_precond;eda_med_precond;eeg_fm_lbeta_power_precond;pupil_full_pupil_asymmetry_precond;hrv_rmssd_precond;eeg_fm_specent_precond;eda_pkrate_precond;eeg_fl_theta_power_precond;eeg_faa_precond"
2025-12-19 16:22:16.06044,21,"stress_label",10,128,0.1,0.453488372093023,0.5,0.473643410852713,10,"top10","hr_sd_precond;hr_med_precond;eda_med_precond;eeg_fm_lbeta_power_precond;pupil_full_pupil_asymmetry_precond;hrv_rmssd_precond;eeg_fm_specent_precond;eda_pkrate_precond;eeg_fl_theta_power_precond;eeg_faa_precond"
2025-12-19 16:22:16.122472,21,"stress_label",10,256,0.1,0.453488372093023,0.511627906976744,0.473643410852713,10,"top10","hr_sd_precond;hr_med_precond;eda_med_precond;eeg_fm_lbeta_power_precond;pupil_full_pupil_asymmetry_precond;hrv_rmssd_precond;eeg_fm_specent_precond;eda_pkrate_precond;eeg_fl_theta_power_precond;eeg_faa_precond"
2025-12-19 16:22:17.522178,22,"stress_label",10,2,0.0078125,0.558139534883721,0.558139534883721,0.512403100775194,10,"top10","hr_sd_precond;hr_med_precond;eda_med_precond;hrv_rmssd_precond;eeg_fm_specent_precond;eeg_faa_precond;pupil_full_pupil_asymmetry_precond;eda_pkrate_precond;eeg_fl_theta_power_precond;pupil_full_pupil_mean_precond"
2025-12-19 16:22:17.55141,22,"stress_label",10,4,0.0078125,0.540697674418605,0.552325581395349,0.544186046511628,10,"top10","hr_sd_precond;hr_med_precond;eda_med_precond;hrv_rmssd_precond;eeg_fm_specent_precond;eeg_faa_precond;pupil_full_pupil_asymmetry_precond;eda_pkrate_precond;eeg_fl_theta_power_precond;pupil_full_pupil_mean_precond"
2025-12-19 16:22:17.496076,22,"stress_label",10,8,0.0078125,0.546511627906977,0.546511627906977,0.548837209302326,10,"top10","hr_sd_precond;hr_med_precond;eda_med_precond;hrv_rmssd_precond;eeg_fm_specent_precond;eeg_faa_precond;pupil_full_pupil_asymmetry_precond;eda_pkrate_precond;eeg_fl_theta_power_precond;pupil_full_pupil_mean_precond"
2025-12-19 16:22:17.505879,22,"stress_label",10,16,0.0078125,0.558139534883721,0.569767441860465,0.542635658914729,10,"top10","hr_sd_precond;hr_med_precond;eda_med_precond;hrv_rmssd_precond;eeg_fm_specent_precond;eeg_faa_precond;pupil_full_pupil_asymmetry_precond;eda_pkrate_precond;eeg_fl_theta_power_precond;pupil_full_pupil_mean_precond"
2025-12-19 16:22:17.470445,22,"stress_label",10,32,0.0078125,0.604651162790698,0.604651162790698,0.593023255813953,10,"top10","hr_sd_precond;hr_med_precond;eda_med_precond;hrv_rmssd_precond;eeg_fm_specent_precond;eeg_faa_precond;pupil_full_pupil_asymmetry_precond;eda_pkrate_precond;eeg_fl_theta_power_precond;pupil_full_pupil_mean_precond"
2025-12-19 16:22:17.551901,22,"stress_label",10,64,0.0078125,0.593023255813954,0.575581395348837,NA,10,"top10","hr_sd_precond;hr_med_precond;eda_med_precond;hrv_rmssd_precond;eeg_fm_specent_precond;eeg_faa_precond;pupil_full_pupil_asymmetry_precond;eda_pkrate_precond;eeg_fl_theta_power_precond;pupil_full_pupil_mean_precond"
2025-12-19 16:22:17.637563,22,"stress_label",10,128,0.0078125,0.552325581395349,0.540697674418605,0.544186046511628,10,"top10","hr_sd_precond;hr_med_precond;eda_med_precond;hrv_rmssd_precond;eeg_fm_specent_precond;eeg_faa_precond;pupil_full_pupil_asymmetry_precond;eda_pkrate_precond;eeg_fl_theta_power_precond;pupil_full_pupil_mean_precond"
2025-12-19 16:22:18.042423,22,"stress_label",10,256,0.0078125,0.529069767441861,0.505813953488372,NA,10,"top10","hr_sd_precond;hr_med_precond;eda_med_precond;hrv_rmssd_precond;eeg_fm_specent_precond;eeg_faa_precond;pupil_full_pupil_asymmetry_precond;eda_pkrate_precond;eeg_fl_theta_power_precond;pupil_full_pupil_mean_precond"
2025-12-19 16:22:17.513573,22,"stress_label",10,2,0.015625,0.540697674418605,0.540697674418605,0.54031007751938,10,"top10","hr_sd_precond;hr_med_precond;eda_med_precond;hrv_rmssd_precond;eeg_fm_specent_precond;eeg_faa_precond;pupil_full_pupil_asymmetry_precond;eda_pkrate_precond;eeg_fl_theta_power_precond;pupil_full_pupil_mean_precond"
2025-12-19 16:22:17.528953,22,"stress_label",10,4,0.015625,0.558139534883721,0.534883720930233,0.551937984496124,10,"top10","hr_sd_precond;hr_med_precond;eda_med_precond;hrv_rmssd_precond;eeg_fm_specent_precond;eeg_faa_precond;pupil_full_pupil_asymmetry_precond;eda_pkrate_precond;eeg_fl_theta_power_precond;pupil_full_pupil_mean_precond"
2025-12-19 16:22:17.545343,22,"stress_label",10,8,0.015625,0.587209302325581,0.569767441860465,NA,10,"top10","hr_sd_precond;hr_med_precond;eda_med_precond;hrv_rmssd_precond;eeg_fm_specent_precond;eeg_faa_precond;pupil_full_pupil_asymmetry_precond;eda_pkrate_precond;eeg_fl_theta_power_precond;pupil_full_pupil_mean_precond"
2025-12-19 16:22:17.525665,22,"stress_label",10,16,0.015625,0.593023255813954,0.587209302325581,NA,10,"top10","hr_sd_precond;hr_med_precond;eda_med_precond;hrv_rmssd_precond;eeg_fm_specent_precond;eeg_faa_precond;pupil_full_pupil_asymmetry_precond;eda_pkrate_precond;eeg_fl_theta_power_precond;pupil_full_pupil_mean_precond"
2025-12-19 16:22:17.574883,22,"stress_label",10,32,0.015625,0.563953488372093,0.569767441860465,NA,10,"top10","hr_sd_precond;hr_med_precond;eda_med_precond;hrv_rmssd_precond;eeg_fm_specent_precond;eeg_faa_precond;pupil_full_pupil_asymmetry_precond;eda_pkrate_precond;eeg_fl_theta_power_precond;pupil_full_pupil_mean_precond"
2025-12-19 16:22:17.685125,22,"stress_label",10,64,0.015625,0.540697674418605,0.552325581395349,NA,10,"top10","hr_sd_precond;hr_med_precond;eda_med_precond;hrv_rmssd_precond;eeg_fm_specent_precond;eeg_faa_precond;pupil_full_pupil_asymmetry_precond;eda_pkrate_precond;eeg_fl_theta_power_precond;pupil_full_pupil_mean_precond"
2025-12-19 16:22:18.863935,22,"stress_label",10,128,0.015625,0.529069767441861,0.488372093023256,NA,10,"top10","hr_sd_precond;hr_med_precond;eda_med_precond;hrv_rmssd_precond;eeg_fm_specent_precond;eeg_faa_precond;pupil_full_pupil_asymmetry_precond;eda_pkrate_precond;eeg_fl_theta_power_precond;pupil_full_pupil_mean_precond"
2025-12-19 16:22:19.19421,22,"stress_label",10,256,0.015625,0.494186046511628,0.412790697674419,NA,10,"top10","hr_sd_precond;hr_med_precond;eda_med_precond;hrv_rmssd_precond;eeg_fm_specent_precond;eeg_faa_precond;pupil_full_pupil_asymmetry_precond;eda_pkrate_precond;eeg_fl_theta_power_precond;pupil_full_pupil_mean_precond"
2025-12-19 16:22:18.643873,22,"stress_label",10,2,0.03125,0.575581395348837,0.546511627906977,0.586821705426357,10,"top10","hr_sd_precond;hr_med_precond;eda_med_precond;hrv_rmssd_precond;eeg_fm_specent_precond;eeg_faa_precond;pupil_full_pupil_asymmetry_precond;eda_pkrate_precond;eeg_fl_theta_power_precond;pupil_full_pupil_mean_precond"
2025-12-19 16:22:18.644803,22,"stress_label",10,4,0.03125,0.593023255813954,0.581395348837209,NA,10,"top10","hr_sd_precond;hr_med_precond;eda_med_precond;hrv_rmssd_precond;eeg_fm_specent_precond;eeg_faa_precond;pupil_full_pupil_asymmetry_precond;eda_pkrate_precond;eeg_fl_theta_power_precond;pupil_full_pupil_mean_precond"
2025-12-19 16:22:18.669491,22,"stress_label",10,8,0.03125,0.581395348837209,0.558139534883721,NA,10,"top10","hr_sd_precond;hr_med_precond;eda_med_precond;hrv_rmssd_precond;eeg_fm_specent_precond;eeg_faa_precond;pupil_full_pupil_asymmetry_precond;eda_pkrate_precond;eeg_fl_theta_power_precond;pupil_full_pupil_mean_precond"
2025-12-19 16:22:18.726366,22,"stress_label",10,16,0.03125,0.523255813953488,0.546511627906977,NA,10,"top10","hr_sd_precond;hr_med_precond;eda_med_precond;hrv_rmssd_precond;eeg_fm_specent_precond;eeg_faa_precond;pupil_full_pupil_asymmetry_precond;eda_pkrate_precond;eeg_fl_theta_power_precond;pupil_full_pupil_mean_precond"
2025-12-19 16:22:18.815336,22,"stress_label",10,32,0.03125,0.523255813953488,0.494186046511628,NA,10,"top10","hr_sd_precond;hr_med_precond;eda_med_precond;hrv_rmssd_precond;eeg_fm_specent_precond;eeg_faa_precond;pupil_full_pupil_asymmetry_precond;eda_pkrate_precond;eeg_fl_theta_power_precond;pupil_full_pupil_mean_precond"
2025-12-19 16:22:18.95979,22,"stress_label",10,64,0.03125,0.465116279069767,0.488372093023256,NA,10,"top10","hr_sd_precond;hr_med_precond;eda_med_precond;hrv_rmssd_precond;eeg_fm_specent_precond;eeg_faa_precond;pupil_full_pupil_asymmetry_precond;eda_pkrate_precond;eeg_fl_theta_power_precond;pupil_full_pupil_mean_precond"
2025-12-19 16:22:19.190801,22,"stress_label",10,128,0.03125,0.5,0.372093023255814,NA,10,"top10","hr_sd_precond;hr_med_precond;eda_med_precond;hrv_rmssd_precond;eeg_fm_specent_precond;eeg_faa_precond;pupil_full_pupil_asymmetry_precond;eda_pkrate_precond;eeg_fl_theta_power_precond;pupil_full_pupil_mean_precond"
2025-12-19 16:22:19.540884,22,"stress_label",10,256,0.03125,0.476744186046512,0.406976744186047,NA,10,"top10","hr_sd_precond;hr_med_precond;eda_med_precond;hrv_rmssd_precond;eeg_fm_specent_precond;eeg_faa_precond;pupil_full_pupil_asymmetry_precond;eda_pkrate_precond;eeg_fl_theta_power_precond;pupil_full_pupil_mean_precond"
2025-12-19 16:22:18.714923,22,"stress_label",10,2,0.0625,0.563953488372093,0.558139534883721,0.575193798449612,10,"top10","hr_sd_precond;hr_med_precond;eda_med_precond;hrv_rmssd_precond;eeg_fm_specent_precond;eeg_faa_precond;pupil_full_pupil_asymmetry_precond;eda_pkrate_precond;eeg_fl_theta_power_precond;pupil_full_pupil_mean_precond"
2025-12-19 16:22:18.77673,22,"stress_label",10,4,0.0625,0.5,0.523255813953488,0.497674418604651,10,"top10","hr_sd_precond;hr_med_precond;eda_med_precond;hrv_rmssd_precond;eeg_fm_specent_precond;eeg_faa_precond;pupil_full_pupil_asymmetry_precond;eda_pkrate_precond;eeg_fl_theta_power_precond;pupil_full_pupil_mean_precond"
2025-12-19 16:22:18.875049,22,"stress_label",10,8,0.0625,0.517441860465116,0.558139534883721,NA,10,"top10","hr_sd_precond;hr_med_precond;eda_med_precond;hrv_rmssd_precond;eeg_fm_specent_precond;eeg_faa_precond;pupil_full_pupil_asymmetry_precond;eda_pkrate_precond;eeg_fl_theta_power_precond;pupil_full_pupil_mean_precond"
2025-12-19 16:22:19.307912,22,"stress_label",10,16,0.0625,0.459302325581395,0.453488372093023,NA,10,"top10","hr_sd_precond;hr_med_precond;eda_med_precond;hrv_rmssd_precond;eeg_fm_specent_precond;eeg_faa_precond;pupil_full_pupil_asymmetry_precond;eda_pkrate_precond;eeg_fl_theta_power_precond;pupil_full_pupil_mean_precond"
2025-12-19 16:22:19.983248,22,"stress_label",10,32,0.0625,0.47093023255814,0.430232558139535,NA,10,"top10","hr_sd_precond;hr_med_precond;eda_med_precond;hrv_rmssd_precond;eeg_fm_specent_precond;eeg_faa_precond;pupil_full_pupil_asymmetry_precond;eda_pkrate_precond;eeg_fl_theta_power_precond;pupil_full_pupil_mean_precond"
2025-12-19 16:22:20.198826,22,"stress_label",10,64,0.0625,0.476744186046512,0.534883720930233,NA,10,"top10","hr_sd_precond;hr_med_precond;eda_med_precond;hrv_rmssd_precond;eeg_fm_specent_precond;eeg_faa_precond;pupil_full_pupil_asymmetry_precond;eda_pkrate_precond;eeg_fl_theta_power_precond;pupil_full_pupil_mean_precond"
2025-12-19 16:22:20.351727,22,"stress_label",10,128,0.0625,0.459302325581395,0.38953488372093,NA,10,"top10","hr_sd_precond;hr_med_precond;eda_med_precond;hrv_rmssd_precond;eeg_fm_specent_precond;eeg_faa_precond;pupil_full_pupil_asymmetry_precond;eda_pkrate_precond;eeg_fl_theta_power_precond;pupil_full_pupil_mean_precond"
2025-12-19 16:22:20.404279,22,"stress_label",10,256,0.0625,0.459302325581395,0.424418604651163,NA,10,"top10","hr_sd_precond;hr_med_precond;eda_med_precond;hrv_rmssd_precond;eeg_fm_specent_precond;eeg_faa_precond;pupil_full_pupil_asymmetry_precond;eda_pkrate_precond;eeg_fl_theta_power_precond;pupil_full_pupil_mean_precond"
2025-12-19 16:22:19.878167,22,"stress_label",10,2,0.125,0.517441860465116,0.529069767441861,0.516279069767442,10,"top10","hr_sd_precond;hr_med_precond;eda_med_precond;hrv_rmssd_precond;eeg_fm_specent_precond;eeg_faa_precond;pupil_full_pupil_asymmetry_precond;eda_pkrate_precond;eeg_fl_theta_power_precond;pupil_full_pupil_mean_precond"
2025-12-19 16:22:19.926425,22,"stress_label",10,4,0.125,0.505813953488372,0.447674418604651,0.49922480620155,10,"top10","hr_sd_precond;hr_med_precond;eda_med_precond;hrv_rmssd_precond;eeg_fm_specent_precond;eeg_faa_precond;pupil_full_pupil_asymmetry_precond;eda_pkrate_precond;eeg_fl_theta_power_precond;pupil_full_pupil_mean_precond"
2025-12-19 16:22:20.080625,22,"stress_label",10,8,0.125,0.5,0.38953488372093,NA,10,"top10","hr_sd_precond;hr_med_precond;eda_med_precond;hrv_rmssd_precond;eeg_fm_specent_precond;eeg_faa_precond;pupil_full_pupil_asymmetry_precond;eda_pkrate_precond;eeg_fl_theta_power_precond;pupil_full_pupil_mean_precond"
2025-12-19 16:22:20.195687,22,"stress_label",10,16,0.125,0.482558139534884,0.494186046511628,NA,10,"top10","hr_sd_precond;hr_med_precond;eda_med_precond;hrv_rmssd_precond;eeg_fm_specent_precond;eeg_faa_precond;pupil_full_pupil_asymmetry_precond;eda_pkrate_precond;eeg_fl_theta_power_precond;pupil_full_pupil_mean_precond"
2025-12-19 16:22:20.249743,22,"stress_label",10,32,0.125,0.494186046511628,0.377906976744186,NA,10,"top10","hr_sd_precond;hr_med_precond;eda_med_precond;hrv_rmssd_precond;eeg_fm_specent_precond;eeg_faa_precond;pupil_full_pupil_asymmetry_precond;eda_pkrate_precond;eeg_fl_theta_power_precond;pupil_full_pupil_mean_precond"
2025-12-19 16:22:20.321964,22,"stress_label",10,64,0.125,0.494186046511628,0.354651162790698,NA,10,"top10","hr_sd_precond;hr_med_precond;eda_med_precond;hrv_rmssd_precond;eeg_fm_specent_precond;eeg_faa_precond;pupil_full_pupil_asymmetry_precond;eda_pkrate_precond;eeg_fl_theta_power_precond;pupil_full_pupil_mean_precond"
2025-12-19 16:22:20.539405,22,"stress_label",10,128,0.125,0.494186046511628,0.482558139534884,NA,10,"top10","hr_sd_precond;hr_med_precond;eda_med_precond;hrv_rmssd_precond;eeg_fm_specent_precond;eeg_faa_precond;pupil_full_pupil_asymmetry_precond;eda_pkrate_precond;eeg_fl_theta_power_precond;pupil_full_pupil_mean_precond"
2025-12-19 16:22:20.595108,22,"stress_label",10,256,0.125,0.494186046511628,0.47093023255814,NA,10,"top10","hr_sd_precond;hr_med_precond;eda_med_precond;hrv_rmssd_precond;eeg_fm_specent_precond;eeg_faa_precond;pupil_full_pupil_asymmetry_precond;eda_pkrate_precond;eeg_fl_theta_power_precond;pupil_full_pupil_mean_precond"
2025-12-19 16:22:20.397537,22,"stress_label",10,2,0.03,0.558139534883721,0.546511627906977,0.575193798449612,10,"top10","hr_sd_precond;hr_med_precond;eda_med_precond;hrv_rmssd_precond;eeg_fm_specent_precond;eeg_faa_precond;pupil_full_pupil_asymmetry_precond;eda_pkrate_precond;eeg_fl_theta_power_precond;pupil_full_pupil_mean_precond"
2025-12-19 16:22:20.691427,22,"stress_label",10,4,0.03,0.593023255813954,0.598837209302326,NA,10,"top10","hr_sd_precond;hr_med_precond;eda_med_precond;hrv_rmssd_precond;eeg_fm_specent_precond;eeg_faa_precond;pupil_full_pupil_asymmetry_precond;eda_pkrate_precond;eeg_fl_theta_power_precond;pupil_full_pupil_mean_precond"
2025-12-19 16:22:21.006309,22,"stress_label",10,8,0.03,0.587209302325581,0.552325581395349,NA,10,"top10","hr_sd_precond;hr_med_precond;eda_med_precond;hrv_rmssd_precond;eeg_fm_specent_precond;eeg_faa_precond;pupil_full_pupil_asymmetry_precond;eda_pkrate_precond;eeg_fl_theta_power_precond;pupil_full_pupil_mean_precond"
2025-12-19 16:22:21.102153,22,"stress_label",10,16,0.03,0.529069767441861,0.529069767441861,NA,10,"top10","hr_sd_precond;hr_med_precond;eda_med_precond;hrv_rmssd_precond;eeg_fm_specent_precond;eeg_faa_precond;pupil_full_pupil_asymmetry_precond;eda_pkrate_precond;eeg_fl_theta_power_precond;pupil_full_pupil_mean_precond"
2025-12-19 16:22:21.227595,22,"stress_label",10,32,0.03,0.534883720930233,0.505813953488372,NA,10,"top10","hr_sd_precond;hr_med_precond;eda_med_precond;hrv_rmssd_precond;eeg_fm_specent_precond;eeg_faa_precond;pupil_full_pupil_asymmetry_precond;eda_pkrate_precond;eeg_fl_theta_power_precond;pupil_full_pupil_mean_precond"
2025-12-19 16:22:21.449171,22,"stress_label",10,64,0.03,0.47093023255814,0.348837209302326,NA,10,"top10","hr_sd_precond;hr_med_precond;eda_med_precond;hrv_rmssd_precond;eeg_fm_specent_precond;eeg_faa_precond;pupil_full_pupil_asymmetry_precond;eda_pkrate_precond;eeg_fl_theta_power_precond;pupil_full_pupil_mean_precond"
2025-12-19 16:22:21.855254,22,"stress_label",10,128,0.03,0.488372093023256,0.36046511627907,NA,10,"top10","hr_sd_precond;hr_med_precond;eda_med_precond;hrv_rmssd_precond;eeg_fm_specent_precond;eeg_faa_precond;pupil_full_pupil_asymmetry_precond;eda_pkrate_precond;eeg_fl_theta_power_precond;pupil_full_pupil_mean_precond"
2025-12-19 16:22:22.176931,22,"stress_label",10,256,0.03,0.476744186046512,0.412790697674419,NA,10,"top10","hr_sd_precond;hr_med_precond;eda_med_precond;hrv_rmssd_precond;eeg_fm_specent_precond;eeg_faa_precond;pupil_full_pupil_asymmetry_precond;eda_pkrate_precond;eeg_fl_theta_power_precond;pupil_full_pupil_mean_precond"
2025-12-19 16:22:21.38372,22,"stress_label",10,2,0.06,0.569767441860465,0.563953488372093,0.578294573643411,10,"top10","hr_sd_precond;hr_med_precond;eda_med_precond;hrv_rmssd_precond;eeg_fm_specent_precond;eeg_faa_precond;pupil_full_pupil_asymmetry_precond;eda_pkrate_precond;eeg_fl_theta_power_precond;pupil_full_pupil_mean_precond"
2025-12-19 16:22:21.44223,22,"stress_label",10,4,0.06,0.505813953488372,0.540697674418605,0.509302325581395,10,"top10","hr_sd_precond;hr_med_precond;eda_med_precond;hrv_rmssd_precond;eeg_fm_specent_precond;eeg_faa_precond;pupil_full_pupil_asymmetry_precond;eda_pkrate_precond;eeg_fl_theta_power_precond;pupil_full_pupil_mean_precond"
2025-12-19 16:22:21.511199,22,"stress_label",10,8,0.06,0.523255813953488,0.517441860465116,NA,10,"top10","hr_sd_precond;hr_med_precond;eda_med_precond;hrv_rmssd_precond;eeg_fm_specent_precond;eeg_faa_precond;pupil_full_pupil_asymmetry_precond;eda_pkrate_precond;eeg_fl_theta_power_precond;pupil_full_pupil_mean_precond"
2025-12-19 16:22:21.626528,22,"stress_label",10,16,0.06,0.453488372093023,0.494186046511628,NA,10,"top10","hr_sd_precond;hr_med_precond;eda_med_precond;hrv_rmssd_precond;eeg_fm_specent_precond;eeg_faa_precond;pupil_full_pupil_asymmetry_precond;eda_pkrate_precond;eeg_fl_theta_power_precond;pupil_full_pupil_mean_precond"
2025-12-19 16:22:21.791566,22,"stress_label",10,32,0.06,0.465116279069767,0.476744186046512,NA,10,"top10","hr_sd_precond;hr_med_precond;eda_med_precond;hrv_rmssd_precond;eeg_fm_specent_precond;eeg_faa_precond;pupil_full_pupil_asymmetry_precond;eda_pkrate_precond;eeg_fl_theta_power_precond;pupil_full_pupil_mean_precond"
2025-12-19 16:22:22.057971,22,"stress_label",10,64,0.06,0.465116279069767,0.453488372093023,NA,10,"top10","hr_sd_precond;hr_med_precond;eda_med_precond;hrv_rmssd_precond;eeg_fm_specent_precond;eeg_faa_precond;pupil_full_pupil_asymmetry_precond;eda_pkrate_precond;eeg_fl_theta_power_precond;pupil_full_pupil_mean_precond"
2025-12-19 16:22:22.237269,22,"stress_label",10,128,0.06,0.465116279069767,0.430232558139535,NA,10,"top10","hr_sd_precond;hr_med_precond;eda_med_precond;hrv_rmssd_precond;eeg_fm_specent_precond;eeg_faa_precond;pupil_full_pupil_asymmetry_precond;eda_pkrate_precond;eeg_fl_theta_power_precond;pupil_full_pupil_mean_precond"
2025-12-19 16:22:22.335193,22,"stress_label",10,256,0.06,0.465116279069767,0.482558139534884,NA,10,"top10","hr_sd_precond;hr_med_precond;eda_med_precond;hrv_rmssd_precond;eeg_fm_specent_precond;eeg_faa_precond;pupil_full_pupil_asymmetry_precond;eda_pkrate_precond;eeg_fl_theta_power_precond;pupil_full_pupil_mean_precond"
2025-12-19 16:22:22.108079,22,"stress_label",10,2,0.1,0.540697674418605,0.529069767441861,0.545736434108527,10,"top10","hr_sd_precond;hr_med_precond;eda_med_precond;hrv_rmssd_precond;eeg_fm_specent_precond;eeg_faa_precond;pupil_full_pupil_asymmetry_precond;eda_pkrate_precond;eeg_fl_theta_power_precond;pupil_full_pupil_mean_precond"
2025-12-19 16:22:22.232964,22,"stress_label",10,4,0.1,0.511627906976744,0.5,0.489922480620155,10,"top10","hr_sd_precond;hr_med_precond;eda_med_precond;hrv_rmssd_precond;eeg_fm_specent_precond;eeg_faa_precond;pupil_full_pupil_asymmetry_precond;eda_pkrate_precond;eeg_fl_theta_power_precond;pupil_full_pupil_mean_precond"
2025-12-19 16:22:22.386001,22,"stress_label",10,8,0.1,0.505813953488372,0.47093023255814,NA,10,"top10","hr_sd_precond;hr_med_precond;eda_med_precond;hrv_rmssd_precond;eeg_fm_specent_precond;eeg_faa_precond;pupil_full_pupil_asymmetry_precond;eda_pkrate_precond;eeg_fl_theta_power_precond;pupil_full_pupil_mean_precond"
2025-12-19 16:22:22.548881,22,"stress_label",10,16,0.1,0.494186046511628,0.401162790697674,NA,10,"top10","hr_sd_precond;hr_med_precond;eda_med_precond;hrv_rmssd_precond;eeg_fm_specent_precond;eeg_faa_precond;pupil_full_pupil_asymmetry_precond;eda_pkrate_precond;eeg_fl_theta_power_precond;pupil_full_pupil_mean_precond"
2025-12-19 16:22:22.628823,22,"stress_label",10,32,0.1,0.482558139534884,0.430232558139535,NA,10,"top10","hr_sd_precond;hr_med_precond;eda_med_precond;hrv_rmssd_precond;eeg_fm_specent_precond;eeg_faa_precond;pupil_full_pupil_asymmetry_precond;eda_pkrate_precond;eeg_fl_theta_power_precond;pupil_full_pupil_mean_precond"
2025-12-19 16:22:22.685734,22,"stress_label",10,64,0.1,0.482558139534884,0.441860465116279,NA,10,"top10","hr_sd_precond;hr_med_precond;eda_med_precond;hrv_rmssd_precond;eeg_fm_specent_precond;eeg_faa_precond;pupil_full_pupil_asymmetry_precond;eda_pkrate_precond;eeg_fl_theta_power_precond;pupil_full_pupil_mean_precond"
2025-12-19 16:22:22.700885,22,"stress_label",10,128,0.1,0.482558139534884,0.418604651162791,NA,10,"top10","hr_sd_precond;hr_med_precond;eda_med_precond;hrv_rmssd_precond;eeg_fm_specent_precond;eeg_faa_precond;pupil_full_pupil_asymmetry_precond;eda_pkrate_precond;eeg_fl_theta_power_precond;pupil_full_pupil_mean_precond"
2025-12-19 16:22:22.767703,22,"stress_label",10,256,0.1,0.482558139534884,0.441860465116279,NA,10,"top10","hr_sd_precond;hr_med_precond;eda_med_precond;hrv_rmssd_precond;eeg_fm_specent_precond;eeg_faa_precond;pupil_full_pupil_asymmetry_precond;eda_pkrate_precond;eeg_fl_theta_power_precond;pupil_full_pupil_mean_precond"
2025-12-19 16:22:24.076357,23,"stress_label",10,2,0.0078125,0.552325581395349,0.482558139534884,0.516279069767442,10,"top10","hr_sd_precond;hr_med_precond;eda_med_precond;hrv_rmssd_precond;eeg_fm_specent_precond;eeg_faa_precond;eda_pkrate_precond;eeg_fl_theta_power_precond;pupil_full_pupil_asymmetry_precond;pupil_full_pupil_mean_precond"
2025-12-19 16:22:24.127446,23,"stress_label",10,4,0.0078125,0.517441860465116,0.505813953488372,0.509302325581395,10,"top10","hr_sd_precond;hr_med_precond;eda_med_precond;hrv_rmssd_precond;eeg_fm_specent_precond;eeg_faa_precond;eda_pkrate_precond;eeg_fl_theta_power_precond;pupil_full_pupil_asymmetry_precond;pupil_full_pupil_mean_precond"
2025-12-19 16:22:24.131758,23,"stress_label",10,8,0.0078125,0.529069767441861,0.534883720930233,0.538759689922481,10,"top10","hr_sd_precond;hr_med_precond;eda_med_precond;hrv_rmssd_precond;eeg_fm_specent_precond;eeg_faa_precond;eda_pkrate_precond;eeg_fl_theta_power_precond;pupil_full_pupil_asymmetry_precond;pupil_full_pupil_mean_precond"
2025-12-19 16:22:24.11324,23,"stress_label",10,16,0.0078125,0.529069767441861,0.540697674418605,0.534883720930233,10,"top10","hr_sd_precond;hr_med_precond;eda_med_precond;hrv_rmssd_precond;eeg_fm_specent_precond;eeg_faa_precond;eda_pkrate_precond;eeg_fl_theta_power_precond;pupil_full_pupil_asymmetry_precond;pupil_full_pupil_mean_precond"
2025-12-19 16:22:24.139402,23,"stress_label",10,32,0.0078125,0.581395348837209,0.569767441860465,0.570542635658915,10,"top10","hr_sd_precond;hr_med_precond;eda_med_precond;hrv_rmssd_precond;eeg_fm_specent_precond;eeg_faa_precond;eda_pkrate_precond;eeg_fl_theta_power_precond;pupil_full_pupil_asymmetry_precond;pupil_full_pupil_mean_precond"
2025-12-19 16:22:24.187137,23,"stress_label",10,64,0.0078125,0.569767441860465,0.587209302325581,0.567441860465116,10,"top10","hr_sd_precond;hr_med_precond;eda_med_precond;hrv_rmssd_precond;eeg_fm_specent_precond;eeg_faa_precond;eda_pkrate_precond;eeg_fl_theta_power_precond;pupil_full_pupil_asymmetry_precond;pupil_full_pupil_mean_precond"
2025-12-19 16:22:24.210668,23,"stress_label",10,128,0.0078125,0.505813953488372,0.534883720930233,0.497674418604651,10,"top10","hr_sd_precond;hr_med_precond;eda_med_precond;hrv_rmssd_precond;eeg_fm_specent_precond;eeg_faa_precond;eda_pkrate_precond;eeg_fl_theta_power_precond;pupil_full_pupil_asymmetry_precond;pupil_full_pupil_mean_precond"
2025-12-19 16:22:24.434856,23,"stress_label",10,256,0.0078125,0.488372093023256,0.436046511627907,NA,10,"top10","hr_sd_precond;hr_med_precond;eda_med_precond;hrv_rmssd_precond;eeg_fm_specent_precond;eeg_faa_precond;eda_pkrate_precond;eeg_fl_theta_power_precond;pupil_full_pupil_asymmetry_precond;pupil_full_pupil_mean_precond"
2025-12-19 16:22:24.146424,23,"stress_label",10,2,0.015625,0.523255813953488,0.5,0.52015503875969,10,"top10","hr_sd_precond;hr_med_precond;eda_med_precond;hrv_rmssd_precond;eeg_fm_specent_precond;eeg_faa_precond;eda_pkrate_precond;eeg_fl_theta_power_precond;pupil_full_pupil_asymmetry_precond;pupil_full_pupil_mean_precond"
2025-12-19 16:22:24.133641,23,"stress_label",10,4,0.015625,0.511627906976744,0.552325581395349,0.52015503875969,10,"top10","hr_sd_precond;hr_med_precond;eda_med_precond;hrv_rmssd_precond;eeg_fm_specent_precond;eeg_faa_precond;eda_pkrate_precond;eeg_fl_theta_power_precond;pupil_full_pupil_asymmetry_precond;pupil_full_pupil_mean_precond"
2025-12-19 16:22:24.100557,23,"stress_label",10,8,0.015625,0.558139534883721,0.558139534883721,0.55968992248062,10,"top10","hr_sd_precond;hr_med_precond;eda_med_precond;hrv_rmssd_precond;eeg_fm_specent_precond;eeg_faa_precond;eda_pkrate_precond;eeg_fl_theta_power_precond;pupil_full_pupil_asymmetry_precond;pupil_full_pupil_mean_precond"
2025-12-19 16:22:24.149501,23,"stress_label",10,16,0.015625,0.581395348837209,0.546511627906977,0.576744186046512,10,"top10","hr_sd_precond;hr_med_precond;eda_med_precond;hrv_rmssd_precond;eeg_fm_specent_precond;eeg_faa_precond;eda_pkrate_precond;eeg_fl_theta_power_precond;pupil_full_pupil_asymmetry_precond;pupil_full_pupil_mean_precond"
2025-12-19 16:22:24.176127,23,"stress_label",10,32,0.015625,0.505813953488372,0.523255813953488,0.504651162790698,10,"top10","hr_sd_precond;hr_med_precond;eda_med_precond;hrv_rmssd_precond;eeg_fm_specent_precond;eeg_faa_precond;eda_pkrate_precond;eeg_fl_theta_power_precond;pupil_full_pupil_asymmetry_precond;pupil_full_pupil_mean_precond"
2025-12-19 16:22:24.283055,23,"stress_label",10,64,0.015625,0.494186046511628,0.476744186046512,NA,10,"top10","hr_sd_precond;hr_med_precond;eda_med_precond;hrv_rmssd_precond;eeg_fm_specent_precond;eeg_faa_precond;eda_pkrate_precond;eeg_fl_theta_power_precond;pupil_full_pupil_asymmetry_precond;pupil_full_pupil_mean_precond"
2025-12-19 16:22:25.572349,23,"stress_label",10,128,0.015625,0.517441860465116,0.430232558139535,NA,10,"top10","hr_sd_precond;hr_med_precond;eda_med_precond;hrv_rmssd_precond;eeg_fm_specent_precond;eeg_faa_precond;eda_pkrate_precond;eeg_fl_theta_power_precond;pupil_full_pupil_asymmetry_precond;pupil_full_pupil_mean_precond"
2025-12-19 16:22:25.938986,23,"stress_label",10,256,0.015625,0.488372093023256,0.366279069767442,NA,10,"top10","hr_sd_precond;hr_med_precond;eda_med_precond;hrv_rmssd_precond;eeg_fm_specent_precond;eeg_faa_precond;eda_pkrate_precond;eeg_fl_theta_power_precond;pupil_full_pupil_asymmetry_precond;pupil_full_pupil_mean_precond"
2025-12-19 16:22:25.2887,23,"stress_label",10,2,0.03125,0.546511627906977,0.529069767441861,0.548062015503876,10,"top10","hr_sd_precond;hr_med_precond;eda_med_precond;hrv_rmssd_precond;eeg_fm_specent_precond;eeg_faa_precond;eda_pkrate_precond;eeg_fl_theta_power_precond;pupil_full_pupil_asymmetry_precond;pupil_full_pupil_mean_precond"
2025-12-19 16:22:25.333394,23,"stress_label",10,4,0.03125,0.558139534883721,0.523255813953488,0.562790697674419,10,"top10","hr_sd_precond;hr_med_precond;eda_med_precond;hrv_rmssd_precond;eeg_fm_specent_precond;eeg_faa_precond;eda_pkrate_precond;eeg_fl_theta_power_precond;pupil_full_pupil_asymmetry_precond;pupil_full_pupil_mean_precond"
2025-12-19 16:22:25.303699,23,"stress_label",10,8,0.03125,0.494186046511628,0.476744186046512,0.489147286821705,10,"top10","hr_sd_precond;hr_med_precond;eda_med_precond;hrv_rmssd_precond;eeg_fm_specent_precond;eeg_faa_precond;eda_pkrate_precond;eeg_fl_theta_power_precond;pupil_full_pupil_asymmetry_precond;pupil_full_pupil_mean_precond"
2025-12-19 16:22:25.357691,23,"stress_label",10,16,0.03125,0.488372093023256,0.511627906976744,0.487596899224806,10,"top10","hr_sd_precond;hr_med_precond;eda_med_precond;hrv_rmssd_precond;eeg_fm_specent_precond;eeg_faa_precond;eda_pkrate_precond;eeg_fl_theta_power_precond;pupil_full_pupil_asymmetry_precond;pupil_full_pupil_mean_precond"
2025-12-19 16:22:25.417576,23,"stress_label",10,32,0.03125,0.488372093023256,0.430232558139535,NA,10,"top10","hr_sd_precond;hr_med_precond;eda_med_precond;hrv_rmssd_precond;eeg_fm_specent_precond;eeg_faa_precond;eda_pkrate_precond;eeg_fl_theta_power_precond;pupil_full_pupil_asymmetry_precond;pupil_full_pupil_mean_precond"
2025-12-19 16:22:25.539445,23,"stress_label",10,64,0.03125,0.494186046511628,0.424418604651163,NA,10,"top10","hr_sd_precond;hr_med_precond;eda_med_precond;hrv_rmssd_precond;eeg_fm_specent_precond;eeg_faa_precond;eda_pkrate_precond;eeg_fl_theta_power_precond;pupil_full_pupil_asymmetry_precond;pupil_full_pupil_mean_precond"
2025-12-19 16:22:25.860155,23,"stress_label",10,128,0.03125,0.5,0.377906976744186,NA,10,"top10","hr_sd_precond;hr_med_precond;eda_med_precond;hrv_rmssd_precond;eeg_fm_specent_precond;eeg_faa_precond;eda_pkrate_precond;eeg_fl_theta_power_precond;pupil_full_pupil_asymmetry_precond;pupil_full_pupil_mean_precond"
2025-12-19 16:22:26.259899,23,"stress_label",10,256,0.03125,0.505813953488372,0.476744186046512,NA,10,"top10","hr_sd_precond;hr_med_precond;eda_med_precond;hrv_rmssd_precond;eeg_fm_specent_precond;eeg_faa_precond;eda_pkrate_precond;eeg_fl_theta_power_precond;pupil_full_pupil_asymmetry_precond;pupil_full_pupil_mean_precond"
2025-12-19 16:22:25.411925,23,"stress_label",10,2,0.0625,0.523255813953488,0.494186046511628,0.533333333333333,10,"top10","hr_sd_precond;hr_med_precond;eda_med_precond;hrv_rmssd_precond;eeg_fm_specent_precond;eeg_faa_precond;eda_pkrate_precond;eeg_fl_theta_power_precond;pupil_full_pupil_asymmetry_precond;pupil_full_pupil_mean_precond"
2025-12-19 16:22:25.375301,23,"stress_label",10,4,0.0625,0.47093023255814,0.517441860465116,0.47984496124031,10,"top10","hr_sd_precond;hr_med_precond;eda_med_precond;hrv_rmssd_precond;eeg_fm_specent_precond;eeg_faa_precond;eda_pkrate_precond;eeg_fl_theta_power_precond;pupil_full_pupil_asymmetry_precond;pupil_full_pupil_mean_precond"
2025-12-19 16:22:25.502702,23,"stress_label",10,8,0.0625,0.5,0.476744186046512,0.491472868217054,10,"top10","hr_sd_precond;hr_med_precond;eda_med_precond;hrv_rmssd_precond;eeg_fm_specent_precond;eeg_faa_precond;eda_pkrate_precond;eeg_fl_theta_power_precond;pupil_full_pupil_asymmetry_precond;pupil_full_pupil_mean_precond"
2025-12-19 16:22:25.675783,23,"stress_label",10,16,0.0625,0.494186046511628,0.424418604651163,NA,10,"top10","hr_sd_precond;hr_med_precond;eda_med_precond;hrv_rmssd_precond;eeg_fm_specent_precond;eeg_faa_precond;eda_pkrate_precond;eeg_fl_theta_power_precond;pupil_full_pupil_asymmetry_precond;pupil_full_pupil_mean_precond"
2025-12-19 16:22:26.660048,23,"stress_label",10,32,0.0625,0.476744186046512,0.418604651162791,0.458914728682171,10,"top10","hr_sd_precond;hr_med_precond;eda_med_precond;hrv_rmssd_precond;eeg_fm_specent_precond;eeg_faa_precond;eda_pkrate_precond;eeg_fl_theta_power_precond;pupil_full_pupil_asymmetry_precond;pupil_full_pupil_mean_precond"
2025-12-19 16:22:26.75903,23,"stress_label",10,64,0.0625,0.5,0.424418604651163,0.468217054263566,10,"top10","hr_sd_precond;hr_med_precond;eda_med_precond;hrv_rmssd_precond;eeg_fm_specent_precond;eeg_faa_precond;eda_pkrate_precond;eeg_fl_theta_power_precond;pupil_full_pupil_asymmetry_precond;pupil_full_pupil_mean_precond"
2025-12-19 16:22:26.998908,23,"stress_label",10,128,0.0625,0.453488372093023,0.424418604651163,NA,10,"top10","hr_sd_precond;hr_med_precond;eda_med_precond;hrv_rmssd_precond;eeg_fm_specent_precond;eeg_faa_precond;eda_pkrate_precond;eeg_fl_theta_power_precond;pupil_full_pupil_asymmetry_precond;pupil_full_pupil_mean_precond"
2025-12-19 16:22:27.008548,23,"stress_label",10,256,0.0625,0.459302325581395,0.441860465116279,NA,10,"top10","hr_sd_precond;hr_med_precond;eda_med_precond;hrv_rmssd_precond;eeg_fm_specent_precond;eeg_faa_precond;eda_pkrate_precond;eeg_fl_theta_power_precond;pupil_full_pupil_asymmetry_precond;pupil_full_pupil_mean_precond"
2025-12-19 16:22:26.536492,23,"stress_label",10,2,0.125,0.523255813953488,0.505813953488372,0.524031007751938,10,"top10","hr_sd_precond;hr_med_precond;eda_med_precond;hrv_rmssd_precond;eeg_fm_specent_precond;eeg_faa_precond;eda_pkrate_precond;eeg_fl_theta_power_precond;pupil_full_pupil_asymmetry_precond;pupil_full_pupil_mean_precond"
2025-12-19 16:22:26.578977,23,"stress_label",10,4,0.125,0.534883720930233,0.436046511627907,0.533333333333333,10,"top10","hr_sd_precond;hr_med_precond;eda_med_precond;hrv_rmssd_precond;eeg_fm_specent_precond;eeg_faa_precond;eda_pkrate_precond;eeg_fl_theta_power_precond;pupil_full_pupil_asymmetry_precond;pupil_full_pupil_mean_precond"
2025-12-19 16:22:26.68105,23,"stress_label",10,8,0.125,0.505813953488372,0.453488372093023,NA,10,"top10","hr_sd_precond;hr_med_precond;eda_med_precond;hrv_rmssd_precond;eeg_fm_specent_precond;eeg_faa_precond;eda_pkrate_precond;eeg_fl_theta_power_precond;pupil_full_pupil_asymmetry_precond;pupil_full_pupil_mean_precond"
2025-12-19 16:22:26.801717,23,"stress_label",10,16,0.125,0.488372093023256,0.436046511627907,NA,10,"top10","hr_sd_precond;hr_med_precond;eda_med_precond;hrv_rmssd_precond;eeg_fm_specent_precond;eeg_faa_precond;eda_pkrate_precond;eeg_fl_theta_power_precond;pupil_full_pupil_asymmetry_precond;pupil_full_pupil_mean_precond"
2025-12-19 16:22:26.883743,23,"stress_label",10,32,0.125,0.494186046511628,0.38953488372093,NA,10,"top10","hr_sd_precond;hr_med_precond;eda_med_precond;hrv_rmssd_precond;eeg_fm_specent_precond;eeg_faa_precond;eda_pkrate_precond;eeg_fl_theta_power_precond;pupil_full_pupil_asymmetry_precond;pupil_full_pupil_mean_precond"
2025-12-19 16:22:26.930394,23,"stress_label",10,64,0.125,0.494186046511628,0.430232558139535,NA,10,"top10","hr_sd_precond;hr_med_precond;eda_med_precond;hrv_rmssd_precond;eeg_fm_specent_precond;eeg_faa_precond;eda_pkrate_precond;eeg_fl_theta_power_precond;pupil_full_pupil_asymmetry_precond;pupil_full_pupil_mean_precond"
2025-12-19 16:22:27.052762,23,"stress_label",10,128,0.125,0.494186046511628,0.383720930232558,NA,10,"top10","hr_sd_precond;hr_med_precond;eda_med_precond;hrv_rmssd_precond;eeg_fm_specent_precond;eeg_faa_precond;eda_pkrate_precond;eeg_fl_theta_power_precond;pupil_full_pupil_asymmetry_precond;pupil_full_pupil_mean_precond"
2025-12-19 16:22:27.238402,23,"stress_label",10,256,0.125,0.494186046511628,0.372093023255814,NA,10,"top10","hr_sd_precond;hr_med_precond;eda_med_precond;hrv_rmssd_precond;eeg_fm_specent_precond;eeg_faa_precond;eda_pkrate_precond;eeg_fl_theta_power_precond;pupil_full_pupil_asymmetry_precond;pupil_full_pupil_mean_precond"
2025-12-19 16:22:27.067,23,"stress_label",10,2,0.03,0.546511627906977,0.540697674418605,0.557364341085271,10,"top10","hr_sd_precond;hr_med_precond;eda_med_precond;hrv_rmssd_precond;eeg_fm_specent_precond;eeg_faa_precond;eda_pkrate_precond;eeg_fl_theta_power_precond;pupil_full_pupil_asymmetry_precond;pupil_full_pupil_mean_precond"
2025-12-19 16:22:27.369857,23,"stress_label",10,4,0.03,0.563953488372093,0.529069767441861,0.566666666666667,10,"top10","hr_sd_precond;hr_med_precond;eda_med_precond;hrv_rmssd_precond;eeg_fm_specent_precond;eeg_faa_precond;eda_pkrate_precond;eeg_fl_theta_power_precond;pupil_full_pupil_asymmetry_precond;pupil_full_pupil_mean_precond"
2025-12-19 16:22:27.68506,23,"stress_label",10,8,0.03,0.5,0.552325581395349,0.50077519379845,10,"top10","hr_sd_precond;hr_med_precond;eda_med_precond;hrv_rmssd_precond;eeg_fm_specent_precond;eeg_faa_precond;eda_pkrate_precond;eeg_fl_theta_power_precond;pupil_full_pupil_asymmetry_precond;pupil_full_pupil_mean_precond"
2025-12-19 16:22:27.721118,23,"stress_label",10,16,0.03,0.494186046511628,0.482558139534884,0.495348837209302,10,"top10","hr_sd_precond;hr_med_precond;eda_med_precond;hrv_rmssd_precond;eeg_fm_specent_precond;eeg_faa_precond;eda_pkrate_precond;eeg_fl_theta_power_precond;pupil_full_pupil_asymmetry_precond;pupil_full_pupil_mean_precond"
2025-12-19 16:22:27.938207,23,"stress_label",10,32,0.03,0.476744186046512,0.517441860465116,NA,10,"top10","hr_sd_precond;hr_med_precond;eda_med_precond;hrv_rmssd_precond;eeg_fm_specent_precond;eeg_faa_precond;eda_pkrate_precond;eeg_fl_theta_power_precond;pupil_full_pupil_asymmetry_precond;pupil_full_pupil_mean_precond"
2025-12-19 16:22:28.116202,23,"stress_label",10,64,0.03,0.505813953488372,0.343023255813953,NA,10,"top10","hr_sd_precond;hr_med_precond;eda_med_precond;hrv_rmssd_precond;eeg_fm_specent_precond;eeg_faa_precond;eda_pkrate_precond;eeg_fl_theta_power_precond;pupil_full_pupil_asymmetry_precond;pupil_full_pupil_mean_precond"
2025-12-19 16:22:28.415061,23,"stress_label",10,128,0.03,0.494186046511628,0.354651162790698,NA,10,"top10","hr_sd_precond;hr_med_precond;eda_med_precond;hrv_rmssd_precond;eeg_fm_specent_precond;eeg_faa_precond;eda_pkrate_precond;eeg_fl_theta_power_precond;pupil_full_pupil_asymmetry_precond;pupil_full_pupil_mean_precond"
2025-12-19 16:22:28.804896,23,"stress_label",10,256,0.03,0.505813953488372,0.406976744186047,NA,10,"top10","hr_sd_precond;hr_med_precond;eda_med_precond;hrv_rmssd_precond;eeg_fm_specent_precond;eeg_faa_precond;eda_pkrate_precond;eeg_fl_theta_power_precond;pupil_full_pupil_asymmetry_precond;pupil_full_pupil_mean_precond"
2025-12-19 16:22:28.036594,23,"stress_label",10,2,0.06,0.523255813953488,0.482558139534884,0.533333333333333,10,"top10","hr_sd_precond;hr_med_precond;eda_med_precond;hrv_rmssd_precond;eeg_fm_specent_precond;eeg_faa_precond;eda_pkrate_precond;eeg_fl_theta_power_precond;pupil_full_pupil_asymmetry_precond;pupil_full_pupil_mean_precond"
2025-12-19 16:22:28.08705,23,"stress_label",10,4,0.06,0.47093023255814,0.5,0.47984496124031,10,"top10","hr_sd_precond;hr_med_precond;eda_med_precond;hrv_rmssd_precond;eeg_fm_specent_precond;eeg_faa_precond;eda_pkrate_precond;eeg_fl_theta_power_precond;pupil_full_pupil_asymmetry_precond;pupil_full_pupil_mean_precond"
2025-12-19 16:22:28.196846,23,"stress_label",10,8,0.06,0.494186046511628,0.511627906976744,0.484496124031008,10,"top10","hr_sd_precond;hr_med_precond;eda_med_precond;hrv_rmssd_precond;eeg_fm_specent_precond;eeg_faa_precond;eda_pkrate_precond;eeg_fl_theta_power_precond;pupil_full_pupil_asymmetry_precond;pupil_full_pupil_mean_precond"
2025-12-19 16:22:28.272734,23,"stress_label",10,16,0.06,0.5,0.436046511627907,NA,10,"top10","hr_sd_precond;hr_med_precond;eda_med_precond;hrv_rmssd_precond;eeg_fm_specent_precond;eeg_faa_precond;eda_pkrate_precond;eeg_fl_theta_power_precond;pupil_full_pupil_asymmetry_precond;pupil_full_pupil_mean_precond"
2025-12-19 16:22:28.418787,23,"stress_label",10,32,0.06,0.488372093023256,0.401162790697674,0.473643410852713,10,"top10","hr_sd_precond;hr_med_precond;eda_med_precond;hrv_rmssd_precond;eeg_fm_specent_precond;eeg_faa_precond;eda_pkrate_precond;eeg_fl_theta_power_precond;pupil_full_pupil_asymmetry_precond;pupil_full_pupil_mean_precond"
2025-12-19 16:22:28.590059,23,"stress_label",10,64,0.06,0.5,0.476744186046512,0.473643410852713,10,"top10","hr_sd_precond;hr_med_precond;eda_med_precond;hrv_rmssd_precond;eeg_fm_specent_precond;eeg_faa_precond;eda_pkrate_precond;eeg_fl_theta_power_precond;pupil_full_pupil_asymmetry_precond;pupil_full_pupil_mean_precond"
2025-12-19 16:22:28.882048,23,"stress_label",10,128,0.06,0.476744186046512,0.424418604651163,NA,10,"top10","hr_sd_precond;hr_med_precond;eda_med_precond;hrv_rmssd_precond;eeg_fm_specent_precond;eeg_faa_precond;eda_pkrate_precond;eeg_fl_theta_power_precond;pupil_full_pupil_asymmetry_precond;pupil_full_pupil_mean_precond"
2025-12-19 16:22:28.946189,23,"stress_label",10,256,0.06,0.459302325581395,0.395348837209302,NA,10,"top10","hr_sd_precond;hr_med_precond;eda_med_precond;hrv_rmssd_precond;eeg_fm_specent_precond;eeg_faa_precond;eda_pkrate_precond;eeg_fl_theta_power_precond;pupil_full_pupil_asymmetry_precond;pupil_full_pupil_mean_precond"
2025-12-19 16:22:28.777931,23,"stress_label",10,2,0.1,0.505813953488372,0.406976744186047,0.509302325581395,10,"top10","hr_sd_precond;hr_med_precond;eda_med_precond;hrv_rmssd_precond;eeg_fm_specent_precond;eeg_faa_precond;eda_pkrate_precond;eeg_fl_theta_power_precond;pupil_full_pupil_asymmetry_precond;pupil_full_pupil_mean_precond"
2025-12-19 16:22:28.807356,23,"stress_label",10,4,0.1,0.523255813953488,0.494186046511628,0.517054263565891,10,"top10","hr_sd_precond;hr_med_precond;eda_med_precond;hrv_rmssd_precond;eeg_fm_specent_precond;eeg_faa_precond;eda_pkrate_precond;eeg_fl_theta_power_precond;pupil_full_pupil_asymmetry_precond;pupil_full_pupil_mean_precond"
2025-12-19 16:22:29.045646,23,"stress_label",10,8,0.1,0.494186046511628,0.459302325581395,0.494573643410853,10,"top10","hr_sd_precond;hr_med_precond;eda_med_precond;hrv_rmssd_precond;eeg_fm_specent_precond;eeg_faa_precond;eda_pkrate_precond;eeg_fl_theta_power_precond;pupil_full_pupil_asymmetry_precond;pupil_full_pupil_mean_precond"
2025-12-19 16:22:29.136292,23,"stress_label",10,16,0.1,0.488372093023256,0.441860465116279,NA,10,"top10","hr_sd_precond;hr_med_precond;eda_med_precond;hrv_rmssd_precond;eeg_fm_specent_precond;eeg_faa_precond;eda_pkrate_precond;eeg_fl_theta_power_precond;pupil_full_pupil_asymmetry_precond;pupil_full_pupil_mean_precond"
2025-12-19 16:22:29.202772,23,"stress_label",10,32,0.1,0.511627906976744,0.418604651162791,0.494573643410853,10,"top10","hr_sd_precond;hr_med_precond;eda_med_precond;hrv_rmssd_precond;eeg_fm_specent_precond;eeg_faa_precond;eda_pkrate_precond;eeg_fl_theta_power_precond;pupil_full_pupil_asymmetry_precond;pupil_full_pupil_mean_precond"
2025-12-19 16:22:29.264542,23,"stress_label",10,64,0.1,0.482558139534884,0.406976744186047,NA,10,"top10","hr_sd_precond;hr_med_precond;eda_med_precond;hrv_rmssd_precond;eeg_fm_specent_precond;eeg_faa_precond;eda_pkrate_precond;eeg_fl_theta_power_precond;pupil_full_pupil_asymmetry_precond;pupil_full_pupil_mean_precond"
2025-12-19 16:22:29.309298,23,"stress_label",10,128,0.1,0.482558139534884,0.453488372093023,NA,10,"top10","hr_sd_precond;hr_med_precond;eda_med_precond;hrv_rmssd_precond;eeg_fm_specent_precond;eeg_faa_precond;eda_pkrate_precond;eeg_fl_theta_power_precond;pupil_full_pupil_asymmetry_precond;pupil_full_pupil_mean_precond"
2025-12-19 16:22:29.349519,23,"stress_label",10,256,0.1,0.482558139534884,0.441860465116279,NA,10,"top10","hr_sd_precond;hr_med_precond;eda_med_precond;hrv_rmssd_precond;eeg_fm_specent_precond;eeg_faa_precond;eda_pkrate_precond;eeg_fl_theta_power_precond;pupil_full_pupil_asymmetry_precond;pupil_full_pupil_mean_precond"
2025-12-19 16:22:30.683113,24,"stress_label",10,2,0.0078125,0.534883720930233,0.482558139534884,0.469767441860465,10,"top10","hr_sd_precond;hr_med_precond;eda_med_precond;eeg_fm_specent_precond;hrv_rmssd_precond;pupil_full_pupil_asymmetry_precond;pupil_full_pupil_mean_precond;eeg_faa_precond;eda_pkrate_precond;eda_peakarea_precond"
2025-12-19 16:22:30.712195,24,"stress_label",10,4,0.0078125,0.552325581395349,0.534883720930233,0.528682170542636,10,"top10","hr_sd_precond;hr_med_precond;eda_med_precond;eeg_fm_specent_precond;hrv_rmssd_precond;pupil_full_pupil_asymmetry_precond;pupil_full_pupil_mean_precond;eeg_faa_precond;eda_pkrate_precond;eda_peakarea_precond"
2025-12-19 16:22:30.688328,24,"stress_label",10,8,0.0078125,0.534883720930233,0.546511627906977,0.509302325581395,10,"top10","hr_sd_precond;hr_med_precond;eda_med_precond;eeg_fm_specent_precond;hrv_rmssd_precond;pupil_full_pupil_asymmetry_precond;pupil_full_pupil_mean_precond;eeg_faa_precond;eda_pkrate_precond;eda_peakarea_precond"
2025-12-19 16:22:30.666906,24,"stress_label",10,16,0.0078125,0.540697674418605,0.511627906976744,0.511627906976744,10,"top10","hr_sd_precond;hr_med_precond;eda_med_precond;eeg_fm_specent_precond;hrv_rmssd_precond;pupil_full_pupil_asymmetry_precond;pupil_full_pupil_mean_precond;eeg_faa_precond;eda_pkrate_precond;eda_peakarea_precond"
2025-12-19 16:22:30.707838,24,"stress_label",10,32,0.0078125,0.523255813953488,0.534883720930233,0.503875968992248,10,"top10","hr_sd_precond;hr_med_precond;eda_med_precond;eeg_fm_specent_precond;hrv_rmssd_precond;pupil_full_pupil_asymmetry_precond;pupil_full_pupil_mean_precond;eeg_faa_precond;eda_pkrate_precond;eda_peakarea_precond"
2025-12-19 16:22:30.79203,24,"stress_label",10,64,0.0078125,0.558139534883721,0.604651162790698,NA,10,"top10","hr_sd_precond;hr_med_precond;eda_med_precond;eeg_fm_specent_precond;hrv_rmssd_precond;pupil_full_pupil_asymmetry_precond;pupil_full_pupil_mean_precond;eeg_faa_precond;eda_pkrate_precond;eda_peakarea_precond"
2025-12-19 16:22:30.839393,24,"stress_label",10,128,0.0078125,0.546511627906977,0.552325581395349,NA,10,"top10","hr_sd_precond;hr_med_precond;eda_med_precond;eeg_fm_specent_precond;hrv_rmssd_precond;pupil_full_pupil_asymmetry_precond;pupil_full_pupil_mean_precond;eeg_faa_precond;eda_pkrate_precond;eda_peakarea_precond"
2025-12-19 16:22:30.989948,24,"stress_label",10,256,0.0078125,0.488372093023256,0.529069767441861,0.49922480620155,10,"top10","hr_sd_precond;hr_med_precond;eda_med_precond;eeg_fm_specent_precond;hrv_rmssd_precond;pupil_full_pupil_asymmetry_precond;pupil_full_pupil_mean_precond;eeg_faa_precond;eda_pkrate_precond;eda_peakarea_precond"
2025-12-19 16:22:30.697576,24,"stress_label",10,2,0.015625,0.552325581395349,0.529069767441861,0.541085271317829,10,"top10","hr_sd_precond;hr_med_precond;eda_med_precond;eeg_fm_specent_precond;hrv_rmssd_precond;pupil_full_pupil_asymmetry_precond;pupil_full_pupil_mean_precond;eeg_faa_precond;eda_pkrate_precond;eda_peakarea_precond"
2025-12-19 16:22:30.725192,24,"stress_label",10,4,0.015625,0.534883720930233,0.540697674418605,NA,10,"top10","hr_sd_precond;hr_med_precond;eda_med_precond;eeg_fm_specent_precond;hrv_rmssd_precond;pupil_full_pupil_asymmetry_precond;pupil_full_pupil_mean_precond;eeg_faa_precond;eda_pkrate_precond;eda_peakarea_precond"
2025-12-19 16:22:30.710955,24,"stress_label",10,8,0.015625,0.534883720930233,0.558139534883721,0.529457364341085,10,"top10","hr_sd_precond;hr_med_precond;eda_med_precond;eeg_fm_specent_precond;hrv_rmssd_precond;pupil_full_pupil_asymmetry_precond;pupil_full_pupil_mean_precond;eeg_faa_precond;eda_pkrate_precond;eda_peakarea_precond"
2025-12-19 16:22:30.772915,24,"stress_label",10,16,0.015625,0.558139534883721,0.587209302325581,NA,10,"top10","hr_sd_precond;hr_med_precond;eda_med_precond;eeg_fm_specent_precond;hrv_rmssd_precond;pupil_full_pupil_asymmetry_precond;pupil_full_pupil_mean_precond;eeg_faa_precond;eda_pkrate_precond;eda_peakarea_precond"
2025-12-19 16:22:30.783129,24,"stress_label",10,32,0.015625,0.540697674418605,0.575581395348837,NA,10,"top10","hr_sd_precond;hr_med_precond;eda_med_precond;eeg_fm_specent_precond;hrv_rmssd_precond;pupil_full_pupil_asymmetry_precond;pupil_full_pupil_mean_precond;eeg_faa_precond;eda_pkrate_precond;eda_peakarea_precond"
2025-12-19 16:22:30.831111,24,"stress_label",10,64,0.015625,0.482558139534884,0.558139534883721,0.492248062015504,10,"top10","hr_sd_precond;hr_med_precond;eda_med_precond;eeg_fm_specent_precond;hrv_rmssd_precond;pupil_full_pupil_asymmetry_precond;pupil_full_pupil_mean_precond;eeg_faa_precond;eda_pkrate_precond;eda_peakarea_precond"
2025-12-19 16:22:32.126766,24,"stress_label",10,128,0.015625,0.517441860465116,0.569767441860465,0.524806201550388,10,"top10","hr_sd_precond;hr_med_precond;eda_med_precond;eeg_fm_specent_precond;hrv_rmssd_precond;pupil_full_pupil_asymmetry_precond;pupil_full_pupil_mean_precond;eeg_faa_precond;eda_pkrate_precond;eda_peakarea_precond"
2025-12-19 16:22:32.441246,24,"stress_label",10,256,0.015625,0.488372093023256,0.534883720930233,NA,10,"top10","hr_sd_precond;hr_med_precond;eda_med_precond;eeg_fm_specent_precond;hrv_rmssd_precond;pupil_full_pupil_asymmetry_precond;pupil_full_pupil_mean_precond;eeg_faa_precond;eda_pkrate_precond;eda_peakarea_precond"
2025-12-19 16:22:31.847023,24,"stress_label",10,2,0.03125,0.534883720930233,0.540697674418605,0.544961240310078,10,"top10","hr_sd_precond;hr_med_precond;eda_med_precond;eeg_fm_specent_precond;hrv_rmssd_precond;pupil_full_pupil_asymmetry_precond;pupil_full_pupil_mean_precond;eeg_faa_precond;eda_pkrate_precond;eda_peakarea_precond"
2025-12-19 16:22:31.845633,24,"stress_label",10,4,0.03125,0.552325581395349,0.569767441860465,0.556589147286822,10,"top10","hr_sd_precond;hr_med_precond;eda_med_precond;eeg_fm_specent_precond;hrv_rmssd_precond;pupil_full_pupil_asymmetry_precond;pupil_full_pupil_mean_precond;eeg_faa_precond;eda_pkrate_precond;eda_peakarea_precond"
2025-12-19 16:22:31.897008,24,"stress_label",10,8,0.03125,0.540697674418605,0.569767441860465,NA,10,"top10","hr_sd_precond;hr_med_precond;eda_med_precond;eeg_fm_specent_precond;hrv_rmssd_precond;pupil_full_pupil_asymmetry_precond;pupil_full_pupil_mean_precond;eeg_faa_precond;eda_pkrate_precond;eda_peakarea_precond"
2025-12-19 16:22:31.910895,24,"stress_label",10,16,0.03125,0.488372093023256,0.558139534883721,0.494573643410853,10,"top10","hr_sd_precond;hr_med_precond;eda_med_precond;eeg_fm_specent_precond;hrv_rmssd_precond;pupil_full_pupil_asymmetry_precond;pupil_full_pupil_mean_precond;eeg_faa_precond;eda_pkrate_precond;eda_peakarea_precond"
2025-12-19 16:22:31.991046,24,"stress_label",10,32,0.03125,0.494186046511628,0.546511627906977,0.504651162790698,10,"top10","hr_sd_precond;hr_med_precond;eda_med_precond;eeg_fm_specent_precond;hrv_rmssd_precond;pupil_full_pupil_asymmetry_precond;pupil_full_pupil_mean_precond;eeg_faa_precond;eda_pkrate_precond;eda_peakarea_precond"
2025-12-19 16:22:32.136473,24,"stress_label",10,64,0.03125,0.505813953488372,0.5,0.518604651162791,10,"top10","hr_sd_precond;hr_med_precond;eda_med_precond;eeg_fm_specent_precond;hrv_rmssd_precond;pupil_full_pupil_asymmetry_precond;pupil_full_pupil_mean_precond;eeg_faa_precond;eda_pkrate_precond;eda_peakarea_precond"
2025-12-19 16:22:32.472304,24,"stress_label",10,128,0.03125,0.604651162790698,0.529069767441861,0.60077519379845,10,"top10","hr_sd_precond;hr_med_precond;eda_med_precond;eeg_fm_specent_precond;hrv_rmssd_precond;pupil_full_pupil_asymmetry_precond;pupil_full_pupil_mean_precond;eeg_faa_precond;eda_pkrate_precond;eda_peakarea_precond"
2025-12-19 16:22:32.906451,24,"stress_label",10,256,0.03125,0.593023255813954,0.581395348837209,0.589147286821705,10,"top10","hr_sd_precond;hr_med_precond;eda_med_precond;eeg_fm_specent_precond;hrv_rmssd_precond;pupil_full_pupil_asymmetry_precond;pupil_full_pupil_mean_precond;eeg_faa_precond;eda_pkrate_precond;eda_peakarea_precond"
2025-12-19 16:22:31.922958,24,"stress_label",10,2,0.0625,0.523255813953488,0.569767441860465,0.527131782945736,10,"top10","hr_sd_precond;hr_med_precond;eda_med_precond;eeg_fm_specent_precond;hrv_rmssd_precond;pupil_full_pupil_asymmetry_precond;pupil_full_pupil_mean_precond;eeg_faa_precond;eda_pkrate_precond;eda_peakarea_precond"
2025-12-19 16:22:31.973984,24,"stress_label",10,4,0.0625,0.540697674418605,0.575581395348837,0.532558139534884,10,"top10","hr_sd_precond;hr_med_precond;eda_med_precond;eeg_fm_specent_precond;hrv_rmssd_precond;pupil_full_pupil_asymmetry_precond;pupil_full_pupil_mean_precond;eeg_faa_precond;eda_pkrate_precond;eda_peakarea_precond"
2025-12-19 16:22:32.048722,24,"stress_label",10,8,0.0625,0.517441860465116,0.552325581395349,0.524031007751938,10,"top10","hr_sd_precond;hr_med_precond;eda_med_precond;eeg_fm_specent_precond;hrv_rmssd_precond;pupil_full_pupil_asymmetry_precond;pupil_full_pupil_mean_precond;eeg_faa_precond;eda_pkrate_precond;eda_peakarea_precond"
2025-12-19 16:22:32.278155,24,"stress_label",10,16,0.0625,0.569767441860465,0.505813953488372,0.569767441860465,10,"top10","hr_sd_precond;hr_med_precond;eda_med_precond;eeg_fm_specent_precond;hrv_rmssd_precond;pupil_full_pupil_asymmetry_precond;pupil_full_pupil_mean_precond;eeg_faa_precond;eda_pkrate_precond;eda_peakarea_precond"
2025-12-19 16:22:33.271121,24,"stress_label",10,32,0.0625,0.61046511627907,0.552325581395349,0.602325581395349,10,"top10","hr_sd_precond;hr_med_precond;eda_med_precond;eeg_fm_specent_precond;hrv_rmssd_precond;pupil_full_pupil_asymmetry_precond;pupil_full_pupil_mean_precond;eeg_faa_precond;eda_pkrate_precond;eda_peakarea_precond"
2025-12-19 16:22:33.381058,24,"stress_label",10,64,0.0625,0.552325581395349,0.540697674418605,NA,10,"top10","hr_sd_precond;hr_med_precond;eda_med_precond;eeg_fm_specent_precond;hrv_rmssd_precond;pupil_full_pupil_asymmetry_precond;pupil_full_pupil_mean_precond;eeg_faa_precond;eda_pkrate_precond;eda_peakarea_precond"
2025-12-19 16:22:33.571361,24,"stress_label",10,128,0.0625,0.569767441860465,0.47093023255814,0.562790697674419,10,"top10","hr_sd_precond;hr_med_precond;eda_med_precond;eeg_fm_specent_precond;hrv_rmssd_precond;pupil_full_pupil_asymmetry_precond;pupil_full_pupil_mean_precond;eeg_faa_precond;eda_pkrate_precond;eda_peakarea_precond"
2025-12-19 16:22:33.62228,24,"stress_label",10,256,0.0625,0.552325581395349,0.488372093023256,0.544186046511628,10,"top10","hr_sd_precond;hr_med_precond;eda_med_precond;eeg_fm_specent_precond;hrv_rmssd_precond;pupil_full_pupil_asymmetry_precond;pupil_full_pupil_mean_precond;eeg_faa_precond;eda_pkrate_precond;eda_peakarea_precond"
2025-12-19 16:22:33.074849,24,"stress_label",10,2,0.125,0.523255813953488,0.540697674418605,0.529457364341085,10,"top10","hr_sd_precond;hr_med_precond;eda_med_precond;eeg_fm_specent_precond;hrv_rmssd_precond;pupil_full_pupil_asymmetry_precond;pupil_full_pupil_mean_precond;eeg_faa_precond;eda_pkrate_precond;eda_peakarea_precond"
2025-12-19 16:22:33.184765,24,"stress_label",10,4,0.125,0.552325581395349,0.517441860465116,NA,10,"top10","hr_sd_precond;hr_med_precond;eda_med_precond;eeg_fm_specent_precond;hrv_rmssd_precond;pupil_full_pupil_asymmetry_precond;pupil_full_pupil_mean_precond;eeg_faa_precond;eda_pkrate_precond;eda_peakarea_precond"
2025-12-19 16:22:33.257228,24,"stress_label",10,8,0.125,0.575581395348837,0.534883720930233,0.570542635658915,10,"top10","hr_sd_precond;hr_med_precond;eda_med_precond;eeg_fm_specent_precond;hrv_rmssd_precond;pupil_full_pupil_asymmetry_precond;pupil_full_pupil_mean_precond;eeg_faa_precond;eda_pkrate_precond;eda_peakarea_precond"
2025-12-19 16:22:33.335802,24,"stress_label",10,16,0.125,0.558139534883721,0.540697674418605,NA,10,"top10","hr_sd_precond;hr_med_precond;eda_med_precond;eeg_fm_specent_precond;hrv_rmssd_precond;pupil_full_pupil_asymmetry_precond;pupil_full_pupil_mean_precond;eeg_faa_precond;eda_pkrate_precond;eda_peakarea_precond"
2025-12-19 16:22:33.435568,24,"stress_label",10,32,0.125,0.552325581395349,0.540697674418605,0.551937984496124,10,"top10","hr_sd_precond;hr_med_precond;eda_med_precond;eeg_fm_specent_precond;hrv_rmssd_precond;pupil_full_pupil_asymmetry_precond;pupil_full_pupil_mean_precond;eeg_faa_precond;eda_pkrate_precond;eda_peakarea_precond"
2025-12-19 16:22:33.484874,24,"stress_label",10,64,0.125,0.563953488372093,0.523255813953488,0.55968992248062,10,"top10","hr_sd_precond;hr_med_precond;eda_med_precond;eeg_fm_specent_precond;hrv_rmssd_precond;pupil_full_pupil_asymmetry_precond;pupil_full_pupil_mean_precond;eeg_faa_precond;eda_pkrate_precond;eda_peakarea_precond"
2025-12-19 16:22:33.600332,24,"stress_label",10,128,0.125,0.563953488372093,0.546511627906977,0.55968992248062,10,"top10","hr_sd_precond;hr_med_precond;eda_med_precond;eeg_fm_specent_precond;hrv_rmssd_precond;pupil_full_pupil_asymmetry_precond;pupil_full_pupil_mean_precond;eeg_faa_precond;eda_pkrate_precond;eda_peakarea_precond"
2025-12-19 16:22:33.740078,24,"stress_label",10,256,0.125,0.563953488372093,0.546511627906977,0.55968992248062,10,"top10","hr_sd_precond;hr_med_precond;eda_med_precond;eeg_fm_specent_precond;hrv_rmssd_precond;pupil_full_pupil_asymmetry_precond;pupil_full_pupil_mean_precond;eeg_faa_precond;eda_pkrate_precond;eda_peakarea_precond"
2025-12-19 16:22:33.597755,24,"stress_label",10,2,0.03,0.540697674418605,0.523255813953488,0.546511627906977,10,"top10","hr_sd_precond;hr_med_precond;eda_med_precond;eeg_fm_specent_precond;hrv_rmssd_precond;pupil_full_pupil_asymmetry_precond;pupil_full_pupil_mean_precond;eeg_faa_precond;eda_pkrate_precond;eda_peakarea_precond"
2025-12-19 16:22:34.031181,24,"stress_label",10,4,0.03,0.552325581395349,0.569767441860465,0.556589147286822,10,"top10","hr_sd_precond;hr_med_precond;eda_med_precond;eeg_fm_specent_precond;hrv_rmssd_precond;pupil_full_pupil_asymmetry_precond;pupil_full_pupil_mean_precond;eeg_faa_precond;eda_pkrate_precond;eda_peakarea_precond"
2025-12-19 16:22:34.232911,24,"stress_label",10,8,0.03,0.546511627906977,0.581395348837209,NA,10,"top10","hr_sd_precond;hr_med_precond;eda_med_precond;eeg_fm_specent_precond;hrv_rmssd_precond;pupil_full_pupil_asymmetry_precond;pupil_full_pupil_mean_precond;eeg_faa_precond;eda_pkrate_precond;eda_peakarea_precond"
2025-12-19 16:22:34.338364,24,"stress_label",10,16,0.03,0.494186046511628,0.529069767441861,0.494573643410853,10,"top10","hr_sd_precond;hr_med_precond;eda_med_precond;eeg_fm_specent_precond;hrv_rmssd_precond;pupil_full_pupil_asymmetry_precond;pupil_full_pupil_mean_precond;eeg_faa_precond;eda_pkrate_precond;eda_peakarea_precond"
2025-12-19 16:22:34.495273,24,"stress_label",10,32,0.03,0.5,0.593023255813954,0.506976744186047,10,"top10","hr_sd_precond;hr_med_precond;eda_med_precond;eeg_fm_specent_precond;hrv_rmssd_precond;pupil_full_pupil_asymmetry_precond;pupil_full_pupil_mean_precond;eeg_faa_precond;eda_pkrate_precond;eda_peakarea_precond"
2025-12-19 16:22:34.662149,24,"stress_label",10,64,0.03,0.488372093023256,0.488372093023256,0.498449612403101,10,"top10","hr_sd_precond;hr_med_precond;eda_med_precond;eeg_fm_specent_precond;hrv_rmssd_precond;pupil_full_pupil_asymmetry_precond;pupil_full_pupil_mean_precond;eeg_faa_precond;eda_pkrate_precond;eda_peakarea_precond"
2025-12-19 16:22:34.98116,24,"stress_label",10,128,0.03,0.598837209302326,0.575581395348837,0.596124031007752,10,"top10","hr_sd_precond;hr_med_precond;eda_med_precond;eeg_fm_specent_precond;hrv_rmssd_precond;pupil_full_pupil_asymmetry_precond;pupil_full_pupil_mean_precond;eeg_faa_precond;eda_pkrate_precond;eda_peakarea_precond"
2025-12-19 16:22:35.390484,24,"stress_label",10,256,0.03,0.598837209302326,0.575581395348837,0.591472868217054,10,"top10","hr_sd_precond;hr_med_precond;eda_med_precond;eeg_fm_specent_precond;hrv_rmssd_precond;pupil_full_pupil_asymmetry_precond;pupil_full_pupil_mean_precond;eeg_faa_precond;eda_pkrate_precond;eda_peakarea_precond"
2025-12-19 16:22:34.565101,24,"stress_label",10,2,0.06,0.529069767441861,0.563953488372093,0.534883720930233,10,"top10","hr_sd_precond;hr_med_precond;eda_med_precond;eeg_fm_specent_precond;hrv_rmssd_precond;pupil_full_pupil_asymmetry_precond;pupil_full_pupil_mean_precond;eeg_faa_precond;eda_pkrate_precond;eda_peakarea_precond"
2025-12-19 16:22:34.62698,24,"stress_label",10,4,0.06,0.534883720930233,0.540697674418605,0.525581395348837,10,"top10","hr_sd_precond;hr_med_precond;eda_med_precond;eeg_fm_specent_precond;hrv_rmssd_precond;pupil_full_pupil_asymmetry_precond;pupil_full_pupil_mean_precond;eeg_faa_precond;eda_pkrate_precond;eda_peakarea_precond"
2025-12-19 16:22:34.730764,24,"stress_label",10,8,0.06,0.523255813953488,0.558139534883721,0.528682170542636,10,"top10","hr_sd_precond;hr_med_precond;eda_med_precond;eeg_fm_specent_precond;hrv_rmssd_precond;pupil_full_pupil_asymmetry_precond;pupil_full_pupil_mean_precond;eeg_faa_precond;eda_pkrate_precond;eda_peakarea_precond"
2025-12-19 16:22:34.811515,24,"stress_label",10,16,0.06,0.546511627906977,0.488372093023256,0.546511627906977,10,"top10","hr_sd_precond;hr_med_precond;eda_med_precond;eeg_fm_specent_precond;hrv_rmssd_precond;pupil_full_pupil_asymmetry_precond;pupil_full_pupil_mean_precond;eeg_faa_precond;eda_pkrate_precond;eda_peakarea_precond"
2025-12-19 16:22:34.940522,24,"stress_label",10,32,0.06,0.604651162790698,0.552325581395349,0.6,10,"top10","hr_sd_precond;hr_med_precond;eda_med_precond;eeg_fm_specent_precond;hrv_rmssd_precond;pupil_full_pupil_asymmetry_precond;pupil_full_pupil_mean_precond;eeg_faa_precond;eda_pkrate_precond;eda_peakarea_precond"
2025-12-19 16:22:35.122193,24,"stress_label",10,64,0.06,0.558139534883721,0.540697674418605,NA,10,"top10","hr_sd_precond;hr_med_precond;eda_med_precond;eeg_fm_specent_precond;hrv_rmssd_precond;pupil_full_pupil_asymmetry_precond;pupil_full_pupil_mean_precond;eeg_faa_precond;eda_pkrate_precond;eda_peakarea_precond"
2025-12-19 16:22:35.289289,24,"stress_label",10,128,0.06,0.563953488372093,0.482558139534884,0.558139534883721,10,"top10","hr_sd_precond;hr_med_precond;eda_med_precond;eeg_fm_specent_precond;hrv_rmssd_precond;pupil_full_pupil_asymmetry_precond;pupil_full_pupil_mean_precond;eeg_faa_precond;eda_pkrate_precond;eda_peakarea_precond"
2025-12-19 16:22:35.598626,24,"stress_label",10,256,0.06,0.546511627906977,0.558139534883721,0.54031007751938,10,"top10","hr_sd_precond;hr_med_precond;eda_med_precond;eeg_fm_specent_precond;hrv_rmssd_precond;pupil_full_pupil_asymmetry_precond;pupil_full_pupil_mean_precond;eeg_faa_precond;eda_pkrate_precond;eda_peakarea_precond"
2025-12-19 16:22:35.303615,24,"stress_label",10,2,0.1,0.534883720930233,0.558139534883721,0.526356589147287,10,"top10","hr_sd_precond;hr_med_precond;eda_med_precond;eeg_fm_specent_precond;hrv_rmssd_precond;pupil_full_pupil_asymmetry_precond;pupil_full_pupil_mean_precond;eeg_faa_precond;eda_pkrate_precond;eda_peakarea_precond"
2025-12-19 16:22:35.408256,24,"stress_label",10,4,0.1,0.534883720930233,0.546511627906977,0.537209302325581,10,"top10","hr_sd_precond;hr_med_precond;eda_med_precond;eeg_fm_specent_precond;hrv_rmssd_precond;pupil_full_pupil_asymmetry_precond;pupil_full_pupil_mean_precond;eeg_faa_precond;eda_pkrate_precond;eda_peakarea_precond"
2025-12-19 16:22:35.568758,24,"stress_label",10,8,0.1,0.558139534883721,0.575581395348837,0.563565891472868,10,"top10","hr_sd_precond;hr_med_precond;eda_med_precond;eeg_fm_specent_precond;hrv_rmssd_precond;pupil_full_pupil_asymmetry_precond;pupil_full_pupil_mean_precond;eeg_faa_precond;eda_pkrate_precond;eda_peakarea_precond"
2025-12-19 16:22:35.681061,24,"stress_label",10,16,0.1,0.575581395348837,0.540697674418605,NA,10,"top10","hr_sd_precond;hr_med_precond;eda_med_precond;eeg_fm_specent_precond;hrv_rmssd_precond;pupil_full_pupil_asymmetry_precond;pupil_full_pupil_mean_precond;eeg_faa_precond;eda_pkrate_precond;eda_peakarea_precond"
2025-12-19 16:22:35.727722,24,"stress_label",10,32,0.1,0.540697674418605,0.488372093023256,0.528682170542636,10,"top10","hr_sd_precond;hr_med_precond;eda_med_precond;eeg_fm_specent_precond;hrv_rmssd_precond;pupil_full_pupil_asymmetry_precond;pupil_full_pupil_mean_precond;eeg_faa_precond;eda_pkrate_precond;eda_peakarea_precond"
2025-12-19 16:22:35.805485,24,"stress_label",10,64,0.1,0.569767441860465,0.552325581395349,0.563565891472868,10,"top10","hr_sd_precond;hr_med_precond;eda_med_precond;eeg_fm_specent_precond;hrv_rmssd_precond;pupil_full_pupil_asymmetry_precond;pupil_full_pupil_mean_precond;eeg_faa_precond;eda_pkrate_precond;eda_peakarea_precond"
2025-12-19 16:22:35.825216,24,"stress_label",10,128,0.1,0.569767441860465,0.523255813953488,0.563565891472868,10,"top10","hr_sd_precond;hr_med_precond;eda_med_precond;eeg_fm_specent_precond;hrv_rmssd_precond;pupil_full_pupil_asymmetry_precond;pupil_full_pupil_mean_precond;eeg_faa_precond;eda_pkrate_precond;eda_peakarea_precond"
2025-12-19 16:22:35.87633,24,"stress_label",10,256,0.1,0.569767441860465,0.523255813953488,0.563565891472868,10,"top10","hr_sd_precond;hr_med_precond;eda_med_precond;eeg_fm_specent_precond;hrv_rmssd_precond;pupil_full_pupil_asymmetry_precond;pupil_full_pupil_mean_precond;eeg_faa_precond;eda_pkrate_precond;eda_peakarea_precond"
2025-12-19 16:22:37.258897,25,"stress_label",10,2,0.0078125,0.558139534883721,0.424418604651163,0.549612403100775,10,"top10","hr_sd_precond;hr_med_precond;eda_med_precond;eeg_fm_specent_precond;hrv_rmssd_precond;pupil_full_pupil_mean_precond;pupil_full_pupil_asymmetry_precond;eeg_faa_precond;eda_pkrate_precond;pupil_full_pupil_sd_precond"
2025-12-19 16:22:37.28143,25,"stress_label",10,4,0.0078125,0.534883720930233,0.488372093023256,0.531007751937985,10,"top10","hr_sd_precond;hr_med_precond;eda_med_precond;eeg_fm_specent_precond;hrv_rmssd_precond;pupil_full_pupil_mean_precond;pupil_full_pupil_asymmetry_precond;eeg_faa_precond;eda_pkrate_precond;pupil_full_pupil_sd_precond"
2025-12-19 16:22:37.261316,25,"stress_label",10,8,0.0078125,0.575581395348837,0.558139534883721,0.561240310077519,10,"top10","hr_sd_precond;hr_med_precond;eda_med_precond;eeg_fm_specent_precond;hrv_rmssd_precond;pupil_full_pupil_mean_precond;pupil_full_pupil_asymmetry_precond;eeg_faa_precond;eda_pkrate_precond;pupil_full_pupil_sd_precond"
2025-12-19 16:22:37.280146,25,"stress_label",10,16,0.0078125,0.534883720930233,0.523255813953488,NA,10,"top10","hr_sd_precond;hr_med_precond;eda_med_precond;eeg_fm_specent_precond;hrv_rmssd_precond;pupil_full_pupil_mean_precond;pupil_full_pupil_asymmetry_precond;eeg_faa_precond;eda_pkrate_precond;pupil_full_pupil_sd_precond"
2025-12-19 16:22:37.299476,25,"stress_label",10,32,0.0078125,0.552325581395349,0.540697674418605,NA,10,"top10","hr_sd_precond;hr_med_precond;eda_med_precond;eeg_fm_specent_precond;hrv_rmssd_precond;pupil_full_pupil_mean_precond;pupil_full_pupil_asymmetry_precond;eeg_faa_precond;eda_pkrate_precond;pupil_full_pupil_sd_precond"
2025-12-19 16:22:37.361241,25,"stress_label",10,64,0.0078125,0.540697674418605,0.523255813953488,NA,10,"top10","hr_sd_precond;hr_med_precond;eda_med_precond;eeg_fm_specent_precond;hrv_rmssd_precond;pupil_full_pupil_mean_precond;pupil_full_pupil_asymmetry_precond;eeg_faa_precond;eda_pkrate_precond;pupil_full_pupil_sd_precond"
2025-12-19 16:22:37.411757,25,"stress_label",10,128,0.0078125,0.540697674418605,0.453488372093023,NA,10,"top10","hr_sd_precond;hr_med_precond;eda_med_precond;eeg_fm_specent_precond;hrv_rmssd_precond;pupil_full_pupil_mean_precond;pupil_full_pupil_asymmetry_precond;eeg_faa_precond;eda_pkrate_precond;pupil_full_pupil_sd_precond"
2025-12-19 16:22:37.574553,25,"stress_label",10,256,0.0078125,0.488372093023256,0.424418604651163,NA,10,"top10","hr_sd_precond;hr_med_precond;eda_med_precond;eeg_fm_specent_precond;hrv_rmssd_precond;pupil_full_pupil_mean_precond;pupil_full_pupil_asymmetry_precond;eeg_faa_precond;eda_pkrate_precond;pupil_full_pupil_sd_precond"
2025-12-19 16:22:37.271222,25,"stress_label",10,2,0.015625,0.523255813953488,0.476744186046512,0.528682170542636,10,"top10","hr_sd_precond;hr_med_precond;eda_med_precond;eeg_fm_specent_precond;hrv_rmssd_precond;pupil_full_pupil_mean_precond;pupil_full_pupil_asymmetry_precond;eeg_faa_precond;eda_pkrate_precond;pupil_full_pupil_sd_precond"
2025-12-19 16:22:37.266253,25,"stress_label",10,4,0.015625,0.534883720930233,0.552325581395349,0.5,10,"top10","hr_sd_precond;hr_med_precond;eda_med_precond;eeg_fm_specent_precond;hrv_rmssd_precond;pupil_full_pupil_mean_precond;pupil_full_pupil_asymmetry_precond;eeg_faa_precond;eda_pkrate_precond;pupil_full_pupil_sd_precond"
2025-12-19 16:22:37.285852,25,"stress_label",10,8,0.015625,0.552325581395349,0.552325581395349,NA,10,"top10","hr_sd_precond;hr_med_precond;eda_med_precond;eeg_fm_specent_precond;hrv_rmssd_precond;pupil_full_pupil_mean_precond;pupil_full_pupil_asymmetry_precond;eeg_faa_precond;eda_pkrate_precond;pupil_full_pupil_sd_precond"
2025-12-19 16:22:37.339945,25,"stress_label",10,16,0.015625,0.534883720930233,0.511627906976744,NA,10,"top10","hr_sd_precond;hr_med_precond;eda_med_precond;eeg_fm_specent_precond;hrv_rmssd_precond;pupil_full_pupil_mean_precond;pupil_full_pupil_asymmetry_precond;eeg_faa_precond;eda_pkrate_precond;pupil_full_pupil_sd_precond"
2025-12-19 16:22:37.355572,25,"stress_label",10,32,0.015625,0.534883720930233,0.494186046511628,NA,10,"top10","hr_sd_precond;hr_med_precond;eda_med_precond;eeg_fm_specent_precond;hrv_rmssd_precond;pupil_full_pupil_mean_precond;pupil_full_pupil_asymmetry_precond;eeg_faa_precond;eda_pkrate_precond;pupil_full_pupil_sd_precond"
2025-12-19 16:22:37.424226,25,"stress_label",10,64,0.015625,0.517441860465116,0.47093023255814,0.49922480620155,10,"top10","hr_sd_precond;hr_med_precond;eda_med_precond;eeg_fm_specent_precond;hrv_rmssd_precond;pupil_full_pupil_mean_precond;pupil_full_pupil_asymmetry_precond;eeg_faa_precond;eda_pkrate_precond;pupil_full_pupil_sd_precond"
2025-12-19 16:22:38.690956,25,"stress_label",10,128,0.015625,0.482558139534884,0.412790697674419,NA,10,"top10","hr_sd_precond;hr_med_precond;eda_med_precond;eeg_fm_specent_precond;hrv_rmssd_precond;pupil_full_pupil_mean_precond;pupil_full_pupil_asymmetry_precond;eeg_faa_precond;eda_pkrate_precond;pupil_full_pupil_sd_precond"
2025-12-19 16:22:39.066341,25,"stress_label",10,256,0.015625,0.511627906976744,0.38953488372093,NA,10,"top10","hr_sd_precond;hr_med_precond;eda_med_precond;eeg_fm_specent_precond;hrv_rmssd_precond;pupil_full_pupil_mean_precond;pupil_full_pupil_asymmetry_precond;eeg_faa_precond;eda_pkrate_precond;pupil_full_pupil_sd_precond"
2025-12-19 16:22:38.384882,25,"stress_label",10,2,0.03125,0.552325581395349,0.529069767441861,NA,10,"top10","hr_sd_precond;hr_med_precond;eda_med_precond;eeg_fm_specent_precond;hrv_rmssd_precond;pupil_full_pupil_mean_precond;pupil_full_pupil_asymmetry_precond;eeg_faa_precond;eda_pkrate_precond;pupil_full_pupil_sd_precond"
2025-12-19 16:22:38.471724,25,"stress_label",10,4,0.03125,0.546511627906977,0.552325581395349,NA,10,"top10","hr_sd_precond;hr_med_precond;eda_med_precond;eeg_fm_specent_precond;hrv_rmssd_precond;pupil_full_pupil_mean_precond;pupil_full_pupil_asymmetry_precond;eeg_faa_precond;eda_pkrate_precond;pupil_full_pupil_sd_precond"
2025-12-19 16:22:38.475345,25,"stress_label",10,8,0.03125,0.540697674418605,0.476744186046512,NA,10,"top10","hr_sd_precond;hr_med_precond;eda_med_precond;eeg_fm_specent_precond;hrv_rmssd_precond;pupil_full_pupil_mean_precond;pupil_full_pupil_asymmetry_precond;eeg_faa_precond;eda_pkrate_precond;pupil_full_pupil_sd_precond"
2025-12-19 16:22:38.498384,25,"stress_label",10,16,0.03125,0.517441860465116,0.406976744186047,NA,10,"top10","hr_sd_precond;hr_med_precond;eda_med_precond;eeg_fm_specent_precond;hrv_rmssd_precond;pupil_full_pupil_mean_precond;pupil_full_pupil_asymmetry_precond;eeg_faa_precond;eda_pkrate_precond;pupil_full_pupil_sd_precond"
2025-12-19 16:22:38.586937,25,"stress_label",10,32,0.03125,0.5,0.38953488372093,NA,10,"top10","hr_sd_precond;hr_med_precond;eda_med_precond;eeg_fm_specent_precond;hrv_rmssd_precond;pupil_full_pupil_mean_precond;pupil_full_pupil_asymmetry_precond;eeg_faa_precond;eda_pkrate_precond;pupil_full_pupil_sd_precond"
2025-12-19 16:22:38.734308,25,"stress_label",10,64,0.03125,0.517441860465116,0.430232558139535,0.497674418604651,10,"top10","hr_sd_precond;hr_med_precond;eda_med_precond;eeg_fm_specent_precond;hrv_rmssd_precond;pupil_full_pupil_mean_precond;pupil_full_pupil_asymmetry_precond;eeg_faa_precond;eda_pkrate_precond;pupil_full_pupil_sd_precond"
2025-12-19 16:22:39.020029,25,"stress_label",10,128,0.03125,0.517441860465116,0.424418604651163,NA,10,"top10","hr_sd_precond;hr_med_precond;eda_med_precond;eeg_fm_specent_precond;hrv_rmssd_precond;pupil_full_pupil_mean_precond;pupil_full_pupil_asymmetry_precond;eeg_faa_precond;eda_pkrate_precond;pupil_full_pupil_sd_precond"
2025-12-19 16:22:39.497426,25,"stress_label",10,256,0.03125,0.529069767441861,0.424418604651163,NA,10,"top10","hr_sd_precond;hr_med_precond;eda_med_precond;eeg_fm_specent_precond;hrv_rmssd_precond;pupil_full_pupil_mean_precond;pupil_full_pupil_asymmetry_precond;eeg_faa_precond;eda_pkrate_precond;pupil_full_pupil_sd_precond"
2025-12-19 16:22:38.544795,25,"stress_label",10,2,0.0625,0.534883720930233,0.476744186046512,NA,10,"top10","hr_sd_precond;hr_med_precond;eda_med_precond;eeg_fm_specent_precond;hrv_rmssd_precond;pupil_full_pupil_mean_precond;pupil_full_pupil_asymmetry_precond;eeg_faa_precond;eda_pkrate_precond;pupil_full_pupil_sd_precond"
2025-12-19 16:22:38.547287,25,"stress_label",10,4,0.0625,0.505813953488372,0.436046511627907,NA,10,"top10","hr_sd_precond;hr_med_precond;eda_med_precond;eeg_fm_specent_precond;hrv_rmssd_precond;pupil_full_pupil_mean_precond;pupil_full_pupil_asymmetry_precond;eeg_faa_precond;eda_pkrate_precond;pupil_full_pupil_sd_precond"
2025-12-19 16:22:38.612152,25,"stress_label",10,8,0.0625,0.517441860465116,0.447674418604651,0.505426356589147,10,"top10","hr_sd_precond;hr_med_precond;eda_med_precond;eeg_fm_specent_precond;hrv_rmssd_precond;pupil_full_pupil_mean_precond;pupil_full_pupil_asymmetry_precond;eeg_faa_precond;eda_pkrate_precond;pupil_full_pupil_sd_precond"
2025-12-19 16:22:38.852038,25,"stress_label",10,16,0.0625,0.529069767441861,0.343023255813953,0.516279069767442,10,"top10","hr_sd_precond;hr_med_precond;eda_med_precond;eeg_fm_specent_precond;hrv_rmssd_precond;pupil_full_pupil_mean_precond;pupil_full_pupil_asymmetry_precond;eeg_faa_precond;eda_pkrate_precond;pupil_full_pupil_sd_precond"
2025-12-19 16:22:39.807228,25,"stress_label",10,32,0.0625,0.534883720930233,0.406976744186047,NA,10,"top10","hr_sd_precond;hr_med_precond;eda_med_precond;eeg_fm_specent_precond;hrv_rmssd_precond;pupil_full_pupil_mean_precond;pupil_full_pupil_asymmetry_precond;eeg_faa_precond;eda_pkrate_precond;pupil_full_pupil_sd_precond"
2025-12-19 16:22:40.055053,25,"stress_label",10,64,0.0625,0.552325581395349,0.465116279069767,0.535658914728682,10,"top10","hr_sd_precond;hr_med_precond;eda_med_precond;eeg_fm_specent_precond;hrv_rmssd_precond;pupil_full_pupil_mean_precond;pupil_full_pupil_asymmetry_precond;eeg_faa_precond;eda_pkrate_precond;pupil_full_pupil_sd_precond"
2025-12-19 16:22:40.106438,25,"stress_label",10,128,0.0625,0.517441860465116,0.453488372093023,0.524806201550388,10,"top10","hr_sd_precond;hr_med_precond;eda_med_precond;eeg_fm_specent_precond;hrv_rmssd_precond;pupil_full_pupil_mean_precond;pupil_full_pupil_asymmetry_precond;eeg_faa_precond;eda_pkrate_precond;pupil_full_pupil_sd_precond"
2025-12-19 16:22:40.142475,25,"stress_label",10,256,0.0625,0.529069767441861,0.38953488372093,0.531782945736434,10,"top10","hr_sd_precond;hr_med_precond;eda_med_precond;eeg_fm_specent_precond;hrv_rmssd_precond;pupil_full_pupil_mean_precond;pupil_full_pupil_asymmetry_precond;eeg_faa_precond;eda_pkrate_precond;pupil_full_pupil_sd_precond"
2025-12-19 16:22:39.701331,25,"stress_label",10,2,0.125,0.505813953488372,0.430232558139535,0.49922480620155,10,"top10","hr_sd_precond;hr_med_precond;eda_med_precond;eeg_fm_specent_precond;hrv_rmssd_precond;pupil_full_pupil_mean_precond;pupil_full_pupil_asymmetry_precond;eeg_faa_precond;eda_pkrate_precond;pupil_full_pupil_sd_precond"
2025-12-19 16:22:39.733381,25,"stress_label",10,4,0.125,0.517441860465116,0.406976744186047,0.508527131782946,10,"top10","hr_sd_precond;hr_med_precond;eda_med_precond;eeg_fm_specent_precond;hrv_rmssd_precond;pupil_full_pupil_mean_precond;pupil_full_pupil_asymmetry_precond;eeg_faa_precond;eda_pkrate_precond;pupil_full_pupil_sd_precond"
2025-12-19 16:22:39.868217,25,"stress_label",10,8,0.125,0.529069767441861,0.38953488372093,NA,10,"top10","hr_sd_precond;hr_med_precond;eda_med_precond;eeg_fm_specent_precond;hrv_rmssd_precond;pupil_full_pupil_mean_precond;pupil_full_pupil_asymmetry_precond;eeg_faa_precond;eda_pkrate_precond;pupil_full_pupil_sd_precond"
2025-12-19 16:22:39.919415,25,"stress_label",10,16,0.125,0.540697674418605,0.424418604651163,0.548062015503876,10,"top10","hr_sd_precond;hr_med_precond;eda_med_precond;eeg_fm_specent_precond;hrv_rmssd_precond;pupil_full_pupil_mean_precond;pupil_full_pupil_asymmetry_precond;eeg_faa_precond;eda_pkrate_precond;pupil_full_pupil_sd_precond"
2025-12-19 16:22:40.014869,25,"stress_label",10,32,0.125,0.540697674418605,0.5,0.544186046511628,10,"top10","hr_sd_precond;hr_med_precond;eda_med_precond;eeg_fm_specent_precond;hrv_rmssd_precond;pupil_full_pupil_mean_precond;pupil_full_pupil_asymmetry_precond;eeg_faa_precond;eda_pkrate_precond;pupil_full_pupil_sd_precond"
2025-12-19 16:22:40.04686,25,"stress_label",10,64,0.125,0.529069767441861,0.511627906976744,0.53953488372093,10,"top10","hr_sd_precond;hr_med_precond;eda_med_precond;eeg_fm_specent_precond;hrv_rmssd_precond;pupil_full_pupil_mean_precond;pupil_full_pupil_asymmetry_precond;eeg_faa_precond;eda_pkrate_precond;pupil_full_pupil_sd_precond"
2025-12-19 16:22:40.220814,25,"stress_label",10,128,0.125,0.529069767441861,0.523255813953488,0.53953488372093,10,"top10","hr_sd_precond;hr_med_precond;eda_med_precond;eeg_fm_specent_precond;hrv_rmssd_precond;pupil_full_pupil_mean_precond;pupil_full_pupil_asymmetry_precond;eeg_faa_precond;eda_pkrate_precond;pupil_full_pupil_sd_precond"
2025-12-19 16:22:40.346647,25,"stress_label",10,256,0.125,0.529069767441861,0.395348837209302,0.53953488372093,10,"top10","hr_sd_precond;hr_med_precond;eda_med_precond;eeg_fm_specent_precond;hrv_rmssd_precond;pupil_full_pupil_mean_precond;pupil_full_pupil_asymmetry_precond;eeg_faa_precond;eda_pkrate_precond;pupil_full_pupil_sd_precond"
2025-12-19 16:22:40.205057,25,"stress_label",10,2,0.03,0.552325581395349,0.436046511627907,NA,10,"top10","hr_sd_precond;hr_med_precond;eda_med_precond;eeg_fm_specent_precond;hrv_rmssd_precond;pupil_full_pupil_mean_precond;pupil_full_pupil_asymmetry_precond;eeg_faa_precond;eda_pkrate_precond;pupil_full_pupil_sd_precond"
2025-12-19 16:22:40.648638,25,"stress_label",10,4,0.03,0.546511627906977,0.534883720930233,NA,10,"top10","hr_sd_precond;hr_med_precond;eda_med_precond;eeg_fm_specent_precond;hrv_rmssd_precond;pupil_full_pupil_mean_precond;pupil_full_pupil_asymmetry_precond;eeg_faa_precond;eda_pkrate_precond;pupil_full_pupil_sd_precond"
2025-12-19 16:22:40.864571,25,"stress_label",10,8,0.03,0.540697674418605,0.523255813953488,NA,10,"top10","hr_sd_precond;hr_med_precond;eda_med_precond;eeg_fm_specent_precond;hrv_rmssd_precond;pupil_full_pupil_mean_precond;pupil_full_pupil_asymmetry_precond;eeg_faa_precond;eda_pkrate_precond;pupil_full_pupil_sd_precond"
2025-12-19 16:22:40.918845,25,"stress_label",10,16,0.03,0.505813953488372,0.430232558139535,NA,10,"top10","hr_sd_precond;hr_med_precond;eda_med_precond;eeg_fm_specent_precond;hrv_rmssd_precond;pupil_full_pupil_mean_precond;pupil_full_pupil_asymmetry_precond;eeg_faa_precond;eda_pkrate_precond;pupil_full_pupil_sd_precond"
2025-12-19 16:22:41.020954,25,"stress_label",10,32,0.03,0.5,0.424418604651163,0.485271317829457,10,"top10","hr_sd_precond;hr_med_precond;eda_med_precond;eeg_fm_specent_precond;hrv_rmssd_precond;pupil_full_pupil_mean_precond;pupil_full_pupil_asymmetry_precond;eeg_faa_precond;eda_pkrate_precond;pupil_full_pupil_sd_precond"
2025-12-19 16:22:41.295505,25,"stress_label",10,64,0.03,0.511627906976744,0.354651162790698,0.497674418604651,10,"top10","hr_sd_precond;hr_med_precond;eda_med_precond;eeg_fm_specent_precond;hrv_rmssd_precond;pupil_full_pupil_mean_precond;pupil_full_pupil_asymmetry_precond;eeg_faa_precond;eda_pkrate_precond;pupil_full_pupil_sd_precond"
2025-12-19 16:22:41.643029,25,"stress_label",10,128,0.03,0.534883720930233,0.36046511627907,0.512403100775194,10,"top10","hr_sd_precond;hr_med_precond;eda_med_precond;eeg_fm_specent_precond;hrv_rmssd_precond;pupil_full_pupil_mean_precond;pupil_full_pupil_asymmetry_precond;eeg_faa_precond;eda_pkrate_precond;pupil_full_pupil_sd_precond"
2025-12-19 16:22:42.095675,25,"stress_label",10,256,0.03,0.529069767441861,0.430232558139535,NA,10,"top10","hr_sd_precond;hr_med_precond;eda_med_precond;eeg_fm_specent_precond;hrv_rmssd_precond;pupil_full_pupil_mean_precond;pupil_full_pupil_asymmetry_precond;eeg_faa_precond;eda_pkrate_precond;pupil_full_pupil_sd_precond"
2025-12-19 16:22:41.227928,25,"stress_label",10,2,0.06,0.540697674418605,0.5,NA,10,"top10","hr_sd_precond;hr_med_precond;eda_med_precond;eeg_fm_specent_precond;hrv_rmssd_precond;pupil_full_pupil_mean_precond;pupil_full_pupil_asymmetry_precond;eeg_faa_precond;eda_pkrate_precond;pupil_full_pupil_sd_precond"
2025-12-19 16:22:41.232595,25,"stress_label",10,4,0.06,0.517441860465116,0.447674418604651,NA,10,"top10","hr_sd_precond;hr_med_precond;eda_med_precond;eeg_fm_specent_precond;hrv_rmssd_precond;pupil_full_pupil_mean_precond;pupil_full_pupil_asymmetry_precond;eeg_faa_precond;eda_pkrate_precond;pupil_full_pupil_sd_precond"
2025-12-19 16:22:41.31766,25,"stress_label",10,8,0.06,0.523255813953488,0.406976744186047,0.503875968992248,10,"top10","hr_sd_precond;hr_med_precond;eda_med_precond;eeg_fm_specent_precond;hrv_rmssd_precond;pupil_full_pupil_mean_precond;pupil_full_pupil_asymmetry_precond;eeg_faa_precond;eda_pkrate_precond;pupil_full_pupil_sd_precond"
2025-12-19 16:22:41.420292,25,"stress_label",10,16,0.06,0.517441860465116,0.441860465116279,0.512403100775194,10,"top10","hr_sd_precond;hr_med_precond;eda_med_precond;eeg_fm_specent_precond;hrv_rmssd_precond;pupil_full_pupil_mean_precond;pupil_full_pupil_asymmetry_precond;eeg_faa_precond;eda_pkrate_precond;pupil_full_pupil_sd_precond"
2025-12-19 16:22:41.596409,25,"stress_label",10,32,0.06,0.529069767441861,0.401162790697674,NA,10,"top10","hr_sd_precond;hr_med_precond;eda_med_precond;eeg_fm_specent_precond;hrv_rmssd_precond;pupil_full_pupil_mean_precond;pupil_full_pupil_asymmetry_precond;eeg_faa_precond;eda_pkrate_precond;pupil_full_pupil_sd_precond"
2025-12-19 16:22:41.755742,25,"stress_label",10,64,0.06,0.552325581395349,0.436046511627907,0.53953488372093,10,"top10","hr_sd_precond;hr_med_precond;eda_med_precond;eeg_fm_specent_precond;hrv_rmssd_precond;pupil_full_pupil_mean_precond;pupil_full_pupil_asymmetry_precond;eeg_faa_precond;eda_pkrate_precond;pupil_full_pupil_sd_precond"
2025-12-19 16:22:41.970092,25,"stress_label",10,128,0.06,0.529069767441861,0.476744186046512,0.524031007751938,10,"top10","hr_sd_precond;hr_med_precond;eda_med_precond;eeg_fm_specent_precond;hrv_rmssd_precond;pupil_full_pupil_mean_precond;pupil_full_pupil_asymmetry_precond;eeg_faa_precond;eda_pkrate_precond;pupil_full_pupil_sd_precond"
2025-12-19 16:22:42.172895,25,"stress_label",10,256,0.06,0.529069767441861,0.47093023255814,0.531782945736434,10,"top10","hr_sd_precond;hr_med_precond;eda_med_precond;eeg_fm_specent_precond;hrv_rmssd_precond;pupil_full_pupil_mean_precond;pupil_full_pupil_asymmetry_precond;eeg_faa_precond;eda_pkrate_precond;pupil_full_pupil_sd_precond"
2025-12-19 16:22:41.971781,25,"stress_label",10,2,0.1,0.505813953488372,0.453488372093023,0.505426356589147,10,"top10","hr_sd_precond;hr_med_precond;eda_med_precond;eeg_fm_specent_precond;hrv_rmssd_precond;pupil_full_pupil_mean_precond;pupil_full_pupil_asymmetry_precond;eeg_faa_precond;eda_pkrate_precond;pupil_full_pupil_sd_precond"
2025-12-19 16:22:42.004505,25,"stress_label",10,4,0.1,0.5,0.476744186046512,0.478294573643411,10,"top10","hr_sd_precond;hr_med_precond;eda_med_precond;eeg_fm_specent_precond;hrv_rmssd_precond;pupil_full_pupil_mean_precond;pupil_full_pupil_asymmetry_precond;eeg_faa_precond;eda_pkrate_precond;pupil_full_pupil_sd_precond"
2025-12-19 16:22:42.147122,25,"stress_label",10,8,0.1,0.529069767441861,0.436046511627907,NA,10,"top10","hr_sd_precond;hr_med_precond;eda_med_precond;eeg_fm_specent_precond;hrv_rmssd_precond;pupil_full_pupil_mean_precond;pupil_full_pupil_asymmetry_precond;eeg_faa_precond;eda_pkrate_precond;pupil_full_pupil_sd_precond"
2025-12-19 16:22:42.369471,25,"stress_label",10,16,0.1,0.546511627906977,0.36046511627907,NA,10,"top10","hr_sd_precond;hr_med_precond;eda_med_precond;eeg_fm_specent_precond;hrv_rmssd_precond;pupil_full_pupil_mean_precond;pupil_full_pupil_asymmetry_precond;eeg_faa_precond;eda_pkrate_precond;pupil_full_pupil_sd_precond"
2025-12-19 16:22:42.400886,25,"stress_label",10,32,0.1,0.523255813953488,0.395348837209302,0.531007751937985,10,"top10","hr_sd_precond;hr_med_precond;eda_med_precond;eeg_fm_specent_precond;hrv_rmssd_precond;pupil_full_pupil_mean_precond;pupil_full_pupil_asymmetry_precond;eeg_faa_precond;eda_pkrate_precond;pupil_full_pupil_sd_precond"
2025-12-19 16:22:42.416437,25,"stress_label",10,64,0.1,0.517441860465116,0.465116279069767,0.527906976744186,10,"top10","hr_sd_precond;hr_med_precond;eda_med_precond;eeg_fm_specent_precond;hrv_rmssd_precond;pupil_full_pupil_mean_precond;pupil_full_pupil_asymmetry_precond;eeg_faa_precond;eda_pkrate_precond;pupil_full_pupil_sd_precond"
2025-12-19 16:22:42.445261,25,"stress_label",10,128,0.1,0.517441860465116,0.546511627906977,0.52015503875969,10,"top10","hr_sd_precond;hr_med_precond;eda_med_precond;eeg_fm_specent_precond;hrv_rmssd_precond;pupil_full_pupil_mean_precond;pupil_full_pupil_asymmetry_precond;eeg_faa_precond;eda_pkrate_precond;pupil_full_pupil_sd_precond"
2025-12-19 16:22:42.543059,25,"stress_label",10,256,0.1,0.517441860465116,0.488372093023256,0.52015503875969,10,"top10","hr_sd_precond;hr_med_precond;eda_med_precond;eeg_fm_specent_precond;hrv_rmssd_precond;pupil_full_pupil_mean_precond;pupil_full_pupil_asymmetry_precond;eeg_faa_precond;eda_pkrate_precond;pupil_full_pupil_sd_precond"
2025-12-19 16:22:43.935722,26,"stress_label",10,2,0.0078125,0.540697674418605,0.453488372093023,0.496124031007752,10,"top10","hr_sd_precond;hr_med_precond;eda_med_precond;eeg_fm_specent_precond;hrv_rmssd_precond;pupil_full_pupil_asymmetry_precond;eda_pkrate_precond;eda_peakarea_precond;pupil_full_pupil_mean_precond;eeg_faa_precond"
2025-12-19 16:22:43.919544,26,"stress_label",10,4,0.0078125,0.575581395348837,0.558139534883721,0.554263565891473,10,"top10","hr_sd_precond;hr_med_precond;eda_med_precond;eeg_fm_specent_precond;hrv_rmssd_precond;pupil_full_pupil_asymmetry_precond;eda_pkrate_precond;eda_peakarea_precond;pupil_full_pupil_mean_precond;eeg_faa_precond"
2025-12-19 16:22:43.929128,26,"stress_label",10,8,0.0078125,0.529069767441861,0.523255813953488,0.507751937984496,10,"top10","hr_sd_precond;hr_med_precond;eda_med_precond;eeg_fm_specent_precond;hrv_rmssd_precond;pupil_full_pupil_asymmetry_precond;eda_pkrate_precond;eda_peakarea_precond;pupil_full_pupil_mean_precond;eeg_faa_precond"
2025-12-19 16:22:43.974114,26,"stress_label",10,16,0.0078125,0.523255813953488,0.523255813953488,0.493798449612403,10,"top10","hr_sd_precond;hr_med_precond;eda_med_precond;eeg_fm_specent_precond;hrv_rmssd_precond;pupil_full_pupil_asymmetry_precond;eda_pkrate_precond;eda_peakarea_precond;pupil_full_pupil_mean_precond;eeg_faa_precond"
2025-12-19 16:22:43.899204,26,"stress_label",10,32,0.0078125,0.575581395348837,0.569767441860465,0.551937984496124,10,"top10","hr_sd_precond;hr_med_precond;eda_med_precond;eeg_fm_specent_precond;hrv_rmssd_precond;pupil_full_pupil_asymmetry_precond;eda_pkrate_precond;eda_peakarea_precond;pupil_full_pupil_mean_precond;eeg_faa_precond"
2025-12-19 16:22:44.001333,26,"stress_label",10,64,0.0078125,0.569767441860465,0.61046511627907,NA,10,"top10","hr_sd_precond;hr_med_precond;eda_med_precond;eeg_fm_specent_precond;hrv_rmssd_precond;pupil_full_pupil_asymmetry_precond;eda_pkrate_precond;eda_peakarea_precond;pupil_full_pupil_mean_precond;eeg_faa_precond"
2025-12-19 16:22:44.066416,26,"stress_label",10,128,0.0078125,0.523255813953488,0.575581395348837,NA,10,"top10","hr_sd_precond;hr_med_precond;eda_med_precond;eeg_fm_specent_precond;hrv_rmssd_precond;pupil_full_pupil_asymmetry_precond;eda_pkrate_precond;eda_peakarea_precond;pupil_full_pupil_mean_precond;eeg_faa_precond"
2025-12-19 16:22:44.197425,26,"stress_label",10,256,0.0078125,0.575581395348837,0.587209302325581,0.572868217054264,10,"top10","hr_sd_precond;hr_med_precond;eda_med_precond;eeg_fm_specent_precond;hrv_rmssd_precond;pupil_full_pupil_asymmetry_precond;eda_pkrate_precond;eda_peakarea_precond;pupil_full_pupil_mean_precond;eeg_faa_precond"
2025-12-19 16:22:43.918801,26,"stress_label",10,2,0.015625,0.552325581395349,0.529069767441861,0.526356589147287,10,"top10","hr_sd_precond;hr_med_precond;eda_med_precond;eeg_fm_specent_precond;hrv_rmssd_precond;pupil_full_pupil_asymmetry_precond;eda_pkrate_precond;eda_peakarea_precond;pupil_full_pupil_mean_precond;eeg_faa_precond"
2025-12-19 16:22:43.90419,26,"stress_label",10,4,0.015625,0.511627906976744,0.523255813953488,0.47984496124031,10,"top10","hr_sd_precond;hr_med_precond;eda_med_precond;eeg_fm_specent_precond;hrv_rmssd_precond;pupil_full_pupil_asymmetry_precond;eda_pkrate_precond;eda_peakarea_precond;pupil_full_pupil_mean_precond;eeg_faa_precond"
2025-12-19 16:22:43.930124,26,"stress_label",10,8,0.015625,0.581395348837209,0.587209302325581,0.567441860465116,10,"top10","hr_sd_precond;hr_med_precond;eda_med_precond;eeg_fm_specent_precond;hrv_rmssd_precond;pupil_full_pupil_asymmetry_precond;eda_pkrate_precond;eda_peakarea_precond;pupil_full_pupil_mean_precond;eeg_faa_precond"
2025-12-19 16:22:43.914748,26,"stress_label",10,16,0.015625,0.581395348837209,0.622093023255814,NA,10,"top10","hr_sd_precond;hr_med_precond;eda_med_precond;eeg_fm_specent_precond;hrv_rmssd_precond;pupil_full_pupil_asymmetry_precond;eda_pkrate_precond;eda_peakarea_precond;pupil_full_pupil_mean_precond;eeg_faa_precond"
2025-12-19 16:22:43.963452,26,"stress_label",10,32,0.015625,0.523255813953488,0.552325581395349,NA,10,"top10","hr_sd_precond;hr_med_precond;eda_med_precond;eeg_fm_specent_precond;hrv_rmssd_precond;pupil_full_pupil_asymmetry_precond;eda_pkrate_precond;eda_peakarea_precond;pupil_full_pupil_mean_precond;eeg_faa_precond"
2025-12-19 16:22:44.066769,26,"stress_label",10,64,0.015625,0.575581395348837,0.575581395348837,0.575968992248062,10,"top10","hr_sd_precond;hr_med_precond;eda_med_precond;eeg_fm_specent_precond;hrv_rmssd_precond;pupil_full_pupil_asymmetry_precond;eda_pkrate_precond;eda_peakarea_precond;pupil_full_pupil_mean_precond;eeg_faa_precond"
2025-12-19 16:22:45.340128,26,"stress_label",10,128,0.015625,0.563953488372093,0.575581395348837,NA,10,"top10","hr_sd_precond;hr_med_precond;eda_med_precond;eeg_fm_specent_precond;hrv_rmssd_precond;pupil_full_pupil_asymmetry_precond;eda_pkrate_precond;eda_peakarea_precond;pupil_full_pupil_mean_precond;eeg_faa_precond"
2025-12-19 16:22:45.628213,26,"stress_label",10,256,0.015625,0.534883720930233,0.505813953488372,NA,10,"top10","hr_sd_precond;hr_med_precond;eda_med_precond;eeg_fm_specent_precond;hrv_rmssd_precond;pupil_full_pupil_asymmetry_precond;eda_pkrate_precond;eda_peakarea_precond;pupil_full_pupil_mean_precond;eeg_faa_precond"
2025-12-19 16:22:45.076381,26,"stress_label",10,2,0.03125,0.534883720930233,0.546511627906977,0.525581395348837,10,"top10","hr_sd_precond;hr_med_precond;eda_med_precond;eeg_fm_specent_precond;hrv_rmssd_precond;pupil_full_pupil_asymmetry_precond;eda_pkrate_precond;eda_peakarea_precond;pupil_full_pupil_mean_precond;eeg_faa_precond"
2025-12-19 16:22:45.076951,26,"stress_label",10,4,0.03125,0.575581395348837,0.604651162790698,0.565891472868217,10,"top10","hr_sd_precond;hr_med_precond;eda_med_precond;eeg_fm_specent_precond;hrv_rmssd_precond;pupil_full_pupil_asymmetry_precond;eda_pkrate_precond;eda_peakarea_precond;pupil_full_pupil_mean_precond;eeg_faa_precond"
2025-12-19 16:22:45.076887,26,"stress_label",10,8,0.03125,0.540697674418605,0.604651162790698,0.531782945736434,10,"top10","hr_sd_precond;hr_med_precond;eda_med_precond;eeg_fm_specent_precond;hrv_rmssd_precond;pupil_full_pupil_asymmetry_precond;eda_pkrate_precond;eda_peakarea_precond;pupil_full_pupil_mean_precond;eeg_faa_precond"
2025-12-19 16:22:45.099723,26,"stress_label",10,16,0.03125,0.575581395348837,0.604651162790698,0.578294573643411,10,"top10","hr_sd_precond;hr_med_precond;eda_med_precond;eeg_fm_specent_precond;hrv_rmssd_precond;pupil_full_pupil_asymmetry_precond;eda_pkrate_precond;eda_peakarea_precond;pupil_full_pupil_mean_precond;eeg_faa_precond"
2025-12-19 16:22:45.184362,26,"stress_label",10,32,0.03125,0.552325581395349,0.581395348837209,NA,10,"top10","hr_sd_precond;hr_med_precond;eda_med_precond;eeg_fm_specent_precond;hrv_rmssd_precond;pupil_full_pupil_asymmetry_precond;eda_pkrate_precond;eda_peakarea_precond;pupil_full_pupil_mean_precond;eeg_faa_precond"
2025-12-19 16:22:45.368739,26,"stress_label",10,64,0.03125,0.558139534883721,0.540697674418605,NA,10,"top10","hr_sd_precond;hr_med_precond;eda_med_precond;eeg_fm_specent_precond;hrv_rmssd_precond;pupil_full_pupil_asymmetry_precond;eda_pkrate_precond;eda_peakarea_precond;pupil_full_pupil_mean_precond;eeg_faa_precond"
2025-12-19 16:22:45.642531,26,"stress_label",10,128,0.03125,0.598837209302326,0.476744186046512,NA,10,"top10","hr_sd_precond;hr_med_precond;eda_med_precond;eeg_fm_specent_precond;hrv_rmssd_precond;pupil_full_pupil_asymmetry_precond;eda_pkrate_precond;eda_peakarea_precond;pupil_full_pupil_mean_precond;eeg_faa_precond"
2025-12-19 16:22:46.014412,26,"stress_label",10,256,0.03125,0.616279069767442,0.563953488372093,NA,10,"top10","hr_sd_precond;hr_med_precond;eda_med_precond;eeg_fm_specent_precond;hrv_rmssd_precond;pupil_full_pupil_asymmetry_precond;eda_pkrate_precond;eda_peakarea_precond;pupil_full_pupil_mean_precond;eeg_faa_precond"
2025-12-19 16:22:45.172714,26,"stress_label",10,2,0.0625,0.534883720930233,0.587209302325581,0.54031007751938,10,"top10","hr_sd_precond;hr_med_precond;eda_med_precond;eeg_fm_specent_precond;hrv_rmssd_precond;pupil_full_pupil_asymmetry_precond;eda_pkrate_precond;eda_peakarea_precond;pupil_full_pupil_mean_precond;eeg_faa_precond"
2025-12-19 16:22:45.216501,26,"stress_label",10,4,0.0625,0.540697674418605,0.604651162790698,0.529457364341085,10,"top10","hr_sd_precond;hr_med_precond;eda_med_precond;eeg_fm_specent_precond;hrv_rmssd_precond;pupil_full_pupil_asymmetry_precond;eda_pkrate_precond;eda_peakarea_precond;pupil_full_pupil_mean_precond;eeg_faa_precond"
2025-12-19 16:22:45.274515,26,"stress_label",10,8,0.0625,0.563953488372093,0.604651162790698,NA,10,"top10","hr_sd_precond;hr_med_precond;eda_med_precond;eeg_fm_specent_precond;hrv_rmssd_precond;pupil_full_pupil_asymmetry_precond;eda_pkrate_precond;eda_peakarea_precond;pupil_full_pupil_mean_precond;eeg_faa_precond"
2025-12-19 16:22:45.47373,26,"stress_label",10,16,0.0625,0.563953488372093,0.529069767441861,NA,10,"top10","hr_sd_precond;hr_med_precond;eda_med_precond;eeg_fm_specent_precond;hrv_rmssd_precond;pupil_full_pupil_asymmetry_precond;eda_pkrate_precond;eda_peakarea_precond;pupil_full_pupil_mean_precond;eeg_faa_precond"
2025-12-19 16:22:46.444223,26,"stress_label",10,32,0.0625,0.598837209302326,0.593023255813954,NA,10,"top10","hr_sd_precond;hr_med_precond;eda_med_precond;eeg_fm_specent_precond;hrv_rmssd_precond;pupil_full_pupil_asymmetry_precond;eda_pkrate_precond;eda_peakarea_precond;pupil_full_pupil_mean_precond;eeg_faa_precond"
2025-12-19 16:22:46.551339,26,"stress_label",10,64,0.0625,0.558139534883721,0.482558139534884,0.541860465116279,10,"top10","hr_sd_precond;hr_med_precond;eda_med_precond;eeg_fm_specent_precond;hrv_rmssd_precond;pupil_full_pupil_asymmetry_precond;eda_pkrate_precond;eda_peakarea_precond;pupil_full_pupil_mean_precond;eeg_faa_precond"
2025-12-19 16:22:46.659229,26,"stress_label",10,128,0.0625,0.552325581395349,0.430232558139535,0.528682170542636,10,"top10","hr_sd_precond;hr_med_precond;eda_med_precond;eeg_fm_specent_precond;hrv_rmssd_precond;pupil_full_pupil_asymmetry_precond;eda_pkrate_precond;eda_peakarea_precond;pupil_full_pupil_mean_precond;eeg_faa_precond"
2025-12-19 16:22:46.722424,26,"stress_label",10,256,0.0625,0.587209302325581,0.505813953488372,0.577519379844961,10,"top10","hr_sd_precond;hr_med_precond;eda_med_precond;eeg_fm_specent_precond;hrv_rmssd_precond;pupil_full_pupil_asymmetry_precond;eda_pkrate_precond;eda_peakarea_precond;pupil_full_pupil_mean_precond;eeg_faa_precond"
2025-12-19 16:22:46.313891,26,"stress_label",10,2,0.125,0.546511627906977,0.569767441860465,0.564341085271318,10,"top10","hr_sd_precond;hr_med_precond;eda_med_precond;eeg_fm_specent_precond;hrv_rmssd_precond;pupil_full_pupil_asymmetry_precond;eda_pkrate_precond;eda_peakarea_precond;pupil_full_pupil_mean_precond;eeg_faa_precond"
2025-12-19 16:22:46.363938,26,"stress_label",10,4,0.125,0.552325581395349,0.534883720930233,0.555813953488372,10,"top10","hr_sd_precond;hr_med_precond;eda_med_precond;eeg_fm_specent_precond;hrv_rmssd_precond;pupil_full_pupil_asymmetry_precond;eda_pkrate_precond;eda_peakarea_precond;pupil_full_pupil_mean_precond;eeg_faa_precond"
2025-12-19 16:22:46.408288,26,"stress_label",10,8,0.125,0.552325581395349,0.575581395348837,0.547286821705426,10,"top10","hr_sd_precond;hr_med_precond;eda_med_precond;eeg_fm_specent_precond;hrv_rmssd_precond;pupil_full_pupil_asymmetry_precond;eda_pkrate_precond;eda_peakarea_precond;pupil_full_pupil_mean_precond;eeg_faa_precond"
2025-12-19 16:22:46.572971,26,"stress_label",10,16,0.125,0.552325581395349,0.558139534883721,0.537984496124031,10,"top10","hr_sd_precond;hr_med_precond;eda_med_precond;eeg_fm_specent_precond;hrv_rmssd_precond;pupil_full_pupil_asymmetry_precond;eda_pkrate_precond;eda_peakarea_precond;pupil_full_pupil_mean_precond;eeg_faa_precond"
2025-12-19 16:22:46.634989,26,"stress_label",10,32,0.125,0.546511627906977,0.563953488372093,0.529457364341085,10,"top10","hr_sd_precond;hr_med_precond;eda_med_precond;eeg_fm_specent_precond;hrv_rmssd_precond;pupil_full_pupil_asymmetry_precond;eda_pkrate_precond;eda_peakarea_precond;pupil_full_pupil_mean_precond;eeg_faa_precond"
2025-12-19 16:22:46.690785,26,"stress_label",10,64,0.125,0.558139534883721,0.563953488372093,0.546511627906977,10,"top10","hr_sd_precond;hr_med_precond;eda_med_precond;eeg_fm_specent_precond;hrv_rmssd_precond;pupil_full_pupil_asymmetry_precond;eda_pkrate_precond;eda_peakarea_precond;pupil_full_pupil_mean_precond;eeg_faa_precond"
2025-12-19 16:22:46.782279,26,"stress_label",10,128,0.125,0.558139534883721,0.563953488372093,0.546511627906977,10,"top10","hr_sd_precond;hr_med_precond;eda_med_precond;eeg_fm_specent_precond;hrv_rmssd_precond;pupil_full_pupil_asymmetry_precond;eda_pkrate_precond;eda_peakarea_precond;pupil_full_pupil_mean_precond;eeg_faa_precond"
2025-12-19 16:22:46.930129,26,"stress_label",10,256,0.125,0.558139534883721,0.552325581395349,0.546511627906977,10,"top10","hr_sd_precond;hr_med_precond;eda_med_precond;eeg_fm_specent_precond;hrv_rmssd_precond;pupil_full_pupil_asymmetry_precond;eda_pkrate_precond;eda_peakarea_precond;pupil_full_pupil_mean_precond;eeg_faa_precond"
2025-12-19 16:22:46.74487,26,"stress_label",10,2,0.03,0.529069767441861,0.552325581395349,0.523255813953488,10,"top10","hr_sd_precond;hr_med_precond;eda_med_precond;eeg_fm_specent_precond;hrv_rmssd_precond;pupil_full_pupil_asymmetry_precond;eda_pkrate_precond;eda_peakarea_precond;pupil_full_pupil_mean_precond;eeg_faa_precond"
2025-12-19 16:22:47.170085,26,"stress_label",10,4,0.03,0.569767441860465,0.593023255813954,0.563565891472868,10,"top10","hr_sd_precond;hr_med_precond;eda_med_precond;eeg_fm_specent_precond;hrv_rmssd_precond;pupil_full_pupil_asymmetry_precond;eda_pkrate_precond;eda_peakarea_precond;pupil_full_pupil_mean_precond;eeg_faa_precond"
2025-12-19 16:22:47.439538,26,"stress_label",10,8,0.03,0.558139534883721,0.593023255813954,0.551162790697674,10,"top10","hr_sd_precond;hr_med_precond;eda_med_precond;eeg_fm_specent_precond;hrv_rmssd_precond;pupil_full_pupil_asymmetry_precond;eda_pkrate_precond;eda_peakarea_precond;pupil_full_pupil_mean_precond;eeg_faa_precond"
2025-12-19 16:22:47.536535,26,"stress_label",10,16,0.03,0.558139534883721,0.593023255813954,0.562790697674419,10,"top10","hr_sd_precond;hr_med_precond;eda_med_precond;eeg_fm_specent_precond;hrv_rmssd_precond;pupil_full_pupil_asymmetry_precond;eda_pkrate_precond;eda_peakarea_precond;pupil_full_pupil_mean_precond;eeg_faa_precond"
2025-12-19 16:22:47.673745,26,"stress_label",10,32,0.03,0.552325581395349,0.575581395348837,NA,10,"top10","hr_sd_precond;hr_med_precond;eda_med_precond;eeg_fm_specent_precond;hrv_rmssd_precond;pupil_full_pupil_asymmetry_precond;eda_pkrate_precond;eda_peakarea_precond;pupil_full_pupil_mean_precond;eeg_faa_precond"
2025-12-19 16:22:47.8523,26,"stress_label",10,64,0.03,0.540697674418605,0.552325581395349,NA,10,"top10","hr_sd_precond;hr_med_precond;eda_med_precond;eeg_fm_specent_precond;hrv_rmssd_precond;pupil_full_pupil_asymmetry_precond;eda_pkrate_precond;eda_peakarea_precond;pupil_full_pupil_mean_precond;eeg_faa_precond"
2025-12-19 16:22:48.192219,26,"stress_label",10,128,0.03,0.593023255813954,0.534883720930233,NA,10,"top10","hr_sd_precond;hr_med_precond;eda_med_precond;eeg_fm_specent_precond;hrv_rmssd_precond;pupil_full_pupil_asymmetry_precond;eda_pkrate_precond;eda_peakarea_precond;pupil_full_pupil_mean_precond;eeg_faa_precond"
2025-12-19 16:22:48.534968,26,"stress_label",10,256,0.03,0.627906976744186,0.529069767441861,NA,10,"top10","hr_sd_precond;hr_med_precond;eda_med_precond;eeg_fm_specent_precond;hrv_rmssd_precond;pupil_full_pupil_asymmetry_precond;eda_pkrate_precond;eda_peakarea_precond;pupil_full_pupil_mean_precond;eeg_faa_precond"
2025-12-19 16:22:47.75257,26,"stress_label",10,2,0.06,0.540697674418605,0.587209302325581,0.544186046511628,10,"top10","hr_sd_precond;hr_med_precond;eda_med_precond;eeg_fm_specent_precond;hrv_rmssd_precond;pupil_full_pupil_asymmetry_precond;eda_pkrate_precond;eda_peakarea_precond;pupil_full_pupil_mean_precond;eeg_faa_precond"
2025-12-19 16:22:47.781035,26,"stress_label",10,4,0.06,0.529069767441861,0.593023255813954,0.524806201550388,10,"top10","hr_sd_precond;hr_med_precond;eda_med_precond;eeg_fm_specent_precond;hrv_rmssd_precond;pupil_full_pupil_asymmetry_precond;eda_pkrate_precond;eda_peakarea_precond;pupil_full_pupil_mean_precond;eeg_faa_precond"
2025-12-19 16:22:47.866734,26,"stress_label",10,8,0.06,0.563953488372093,0.593023255813954,NA,10,"top10","hr_sd_precond;hr_med_precond;eda_med_precond;eeg_fm_specent_precond;hrv_rmssd_precond;pupil_full_pupil_asymmetry_precond;eda_pkrate_precond;eda_peakarea_precond;pupil_full_pupil_mean_precond;eeg_faa_precond"
2025-12-19 16:22:47.990943,26,"stress_label",10,16,0.06,0.569767441860465,0.575581395348837,NA,10,"top10","hr_sd_precond;hr_med_precond;eda_med_precond;eeg_fm_specent_precond;hrv_rmssd_precond;pupil_full_pupil_asymmetry_precond;eda_pkrate_precond;eda_peakarea_precond;pupil_full_pupil_mean_precond;eeg_faa_precond"
2025-12-19 16:22:48.154141,26,"stress_label",10,32,0.06,0.581395348837209,0.529069767441861,NA,10,"top10","hr_sd_precond;hr_med_precond;eda_med_precond;eeg_fm_specent_precond;hrv_rmssd_precond;pupil_full_pupil_asymmetry_precond;eda_pkrate_precond;eda_peakarea_precond;pupil_full_pupil_mean_precond;eeg_faa_precond"
2025-12-19 16:22:48.24523,26,"stress_label",10,64,0.06,0.563953488372093,0.534883720930233,0.547286821705426,10,"top10","hr_sd_precond;hr_med_precond;eda_med_precond;eeg_fm_specent_precond;hrv_rmssd_precond;pupil_full_pupil_asymmetry_precond;eda_pkrate_precond;eda_peakarea_precond;pupil_full_pupil_mean_precond;eeg_faa_precond"
2025-12-19 16:22:48.476856,26,"stress_label",10,128,0.06,0.552325581395349,0.459302325581395,0.528682170542636,10,"top10","hr_sd_precond;hr_med_precond;eda_med_precond;eeg_fm_specent_precond;hrv_rmssd_precond;pupil_full_pupil_asymmetry_precond;eda_pkrate_precond;eda_peakarea_precond;pupil_full_pupil_mean_precond;eeg_faa_precond"
2025-12-19 16:22:48.70529,26,"stress_label",10,256,0.06,0.563953488372093,0.534883720930233,0.555813953488372,10,"top10","hr_sd_precond;hr_med_precond;eda_med_precond;eeg_fm_specent_precond;hrv_rmssd_precond;pupil_full_pupil_asymmetry_precond;eda_pkrate_precond;eda_peakarea_precond;pupil_full_pupil_mean_precond;eeg_faa_precond"
2025-12-19 16:22:48.543835,26,"stress_label",10,2,0.1,0.552325581395349,0.558139534883721,0.552713178294574,10,"top10","hr_sd_precond;hr_med_precond;eda_med_precond;eeg_fm_specent_precond;hrv_rmssd_precond;pupil_full_pupil_asymmetry_precond;eda_pkrate_precond;eda_peakarea_precond;pupil_full_pupil_mean_precond;eeg_faa_precond"
2025-12-19 16:22:48.620899,26,"stress_label",10,4,0.1,0.540697674418605,0.575581395348837,0.557364341085271,10,"top10","hr_sd_precond;hr_med_precond;eda_med_precond;eeg_fm_specent_precond;hrv_rmssd_precond;pupil_full_pupil_asymmetry_precond;eda_pkrate_precond;eda_peakarea_precond;pupil_full_pupil_mean_precond;eeg_faa_precond"
2025-12-19 16:22:48.738383,26,"stress_label",10,8,0.1,0.581395348837209,0.563953488372093,0.590697674418605,10,"top10","hr_sd_precond;hr_med_precond;eda_med_precond;eeg_fm_specent_precond;hrv_rmssd_precond;pupil_full_pupil_asymmetry_precond;eda_pkrate_precond;eda_peakarea_precond;pupil_full_pupil_mean_precond;eeg_faa_precond"
2025-12-19 16:22:48.829098,26,"stress_label",10,16,0.1,0.558139534883721,0.546511627906977,0.536434108527132,10,"top10","hr_sd_precond;hr_med_precond;eda_med_precond;eeg_fm_specent_precond;hrv_rmssd_precond;pupil_full_pupil_asymmetry_precond;eda_pkrate_precond;eda_peakarea_precond;pupil_full_pupil_mean_precond;eeg_faa_precond"
2025-12-19 16:22:48.927215,26,"stress_label",10,32,0.1,0.534883720930233,0.534883720930233,0.514728682170543,10,"top10","hr_sd_precond;hr_med_precond;eda_med_precond;eeg_fm_specent_precond;hrv_rmssd_precond;pupil_full_pupil_asymmetry_precond;eda_pkrate_precond;eda_peakarea_precond;pupil_full_pupil_mean_precond;eeg_faa_precond"
2025-12-19 16:22:48.952479,26,"stress_label",10,64,0.1,0.558139534883721,0.552325581395349,0.546511627906977,10,"top10","hr_sd_precond;hr_med_precond;eda_med_precond;eeg_fm_specent_precond;hrv_rmssd_precond;pupil_full_pupil_asymmetry_precond;eda_pkrate_precond;eda_peakarea_precond;pupil_full_pupil_mean_precond;eeg_faa_precond"
2025-12-19 16:22:48.971049,26,"stress_label",10,128,0.1,0.558139534883721,0.546511627906977,0.546511627906977,10,"top10","hr_sd_precond;hr_med_precond;eda_med_precond;eeg_fm_specent_precond;hrv_rmssd_precond;pupil_full_pupil_asymmetry_precond;eda_pkrate_precond;eda_peakarea_precond;pupil_full_pupil_mean_precond;eeg_faa_precond"
2025-12-19 16:22:49.056737,26,"stress_label",10,256,0.1,0.558139534883721,0.569767441860465,0.546511627906977,10,"top10","hr_sd_precond;hr_med_precond;eda_med_precond;eeg_fm_specent_precond;hrv_rmssd_precond;pupil_full_pupil_asymmetry_precond;eda_pkrate_precond;eda_peakarea_precond;pupil_full_pupil_mean_precond;eeg_faa_precond"
2025-12-19 16:22:50.425792,27,"stress_label",10,2,0.0078125,0.534883720930233,0.546511627906977,0.486821705426357,10,"top10","hr_sd_precond;hr_med_precond;eda_med_precond;eeg_fm_specent_precond;hrv_rmssd_precond;pupil_full_pupil_asymmetry_precond;eda_peakarea_precond;pupil_full_pupil_mean_precond;eda_pkrate_precond;eeg_faa_precond"
2025-12-19 16:22:50.459982,27,"stress_label",10,4,0.0078125,0.546511627906977,0.529069767441861,0.54031007751938,10,"top10","hr_sd_precond;hr_med_precond;eda_med_precond;eeg_fm_specent_precond;hrv_rmssd_precond;pupil_full_pupil_asymmetry_precond;eda_peakarea_precond;pupil_full_pupil_mean_precond;eda_pkrate_precond;eeg_faa_precond"
2025-12-19 16:22:50.408985,27,"stress_label",10,8,0.0078125,0.540697674418605,0.546511627906977,0.526356589147287,10,"top10","hr_sd_precond;hr_med_precond;eda_med_precond;eeg_fm_specent_precond;hrv_rmssd_precond;pupil_full_pupil_asymmetry_precond;eda_peakarea_precond;pupil_full_pupil_mean_precond;eda_pkrate_precond;eeg_faa_precond"
2025-12-19 16:22:50.46281,27,"stress_label",10,16,0.0078125,0.529069767441861,0.529069767441861,0.513953488372093,10,"top10","hr_sd_precond;hr_med_precond;eda_med_precond;eeg_fm_specent_precond;hrv_rmssd_precond;pupil_full_pupil_asymmetry_precond;eda_peakarea_precond;pupil_full_pupil_mean_precond;eda_pkrate_precond;eeg_faa_precond"
2025-12-19 16:22:50.44772,27,"stress_label",10,32,0.0078125,0.563953488372093,0.558139534883721,NA,10,"top10","hr_sd_precond;hr_med_precond;eda_med_precond;eeg_fm_specent_precond;hrv_rmssd_precond;pupil_full_pupil_asymmetry_precond;eda_peakarea_precond;pupil_full_pupil_mean_precond;eda_pkrate_precond;eeg_faa_precond"
2025-12-19 16:22:50.475005,27,"stress_label",10,64,0.0078125,0.569767441860465,0.61046511627907,NA,10,"top10","hr_sd_precond;hr_med_precond;eda_med_precond;eeg_fm_specent_precond;hrv_rmssd_precond;pupil_full_pupil_asymmetry_precond;eda_peakarea_precond;pupil_full_pupil_mean_precond;eda_pkrate_precond;eeg_faa_precond"
2025-12-19 16:22:50.585086,27,"stress_label",10,128,0.0078125,0.546511627906977,0.563953488372093,NA,10,"top10","hr_sd_precond;hr_med_precond;eda_med_precond;eeg_fm_specent_precond;hrv_rmssd_precond;pupil_full_pupil_asymmetry_precond;eda_peakarea_precond;pupil_full_pupil_mean_precond;eda_pkrate_precond;eeg_faa_precond"
2025-12-19 16:22:50.759331,27,"stress_label",10,256,0.0078125,0.511627906976744,0.546511627906977,NA,10,"top10","hr_sd_precond;hr_med_precond;eda_med_precond;eeg_fm_specent_precond;hrv_rmssd_precond;pupil_full_pupil_asymmetry_precond;eda_peakarea_precond;pupil_full_pupil_mean_precond;eda_pkrate_precond;eeg_faa_precond"
2025-12-19 16:22:50.426907,27,"stress_label",10,2,0.015625,0.569767441860465,0.546511627906977,0.568992248062016,10,"top10","hr_sd_precond;hr_med_precond;eda_med_precond;eeg_fm_specent_precond;hrv_rmssd_precond;pupil_full_pupil_asymmetry_precond;eda_peakarea_precond;pupil_full_pupil_mean_precond;eda_pkrate_precond;eeg_faa_precond"
2025-12-19 16:22:50.435008,27,"stress_label",10,4,0.015625,0.523255813953488,0.558139534883721,0.518604651162791,10,"top10","hr_sd_precond;hr_med_precond;eda_med_precond;eeg_fm_specent_precond;hrv_rmssd_precond;pupil_full_pupil_asymmetry_precond;eda_peakarea_precond;pupil_full_pupil_mean_precond;eda_pkrate_precond;eeg_faa_precond"
2025-12-19 16:22:50.437274,27,"stress_label",10,8,0.015625,0.552325581395349,0.581395348837209,0.549612403100775,10,"top10","hr_sd_precond;hr_med_precond;eda_med_precond;eeg_fm_specent_precond;hrv_rmssd_precond;pupil_full_pupil_asymmetry_precond;eda_peakarea_precond;pupil_full_pupil_mean_precond;eda_pkrate_precond;eeg_faa_precond"
2025-12-19 16:22:50.445264,27,"stress_label",10,16,0.015625,0.569767441860465,0.622093023255814,NA,10,"top10","hr_sd_precond;hr_med_precond;eda_med_precond;eeg_fm_specent_precond;hrv_rmssd_precond;pupil_full_pupil_asymmetry_precond;eda_peakarea_precond;pupil_full_pupil_mean_precond;eda_pkrate_precond;eeg_faa_precond"
2025-12-19 16:22:50.485986,27,"stress_label",10,32,0.015625,0.558139534883721,0.563953488372093,NA,10,"top10","hr_sd_precond;hr_med_precond;eda_med_precond;eeg_fm_specent_precond;hrv_rmssd_precond;pupil_full_pupil_asymmetry_precond;eda_peakarea_precond;pupil_full_pupil_mean_precond;eda_pkrate_precond;eeg_faa_precond"
2025-12-19 16:22:50.584902,27,"stress_label",10,64,0.015625,0.523255813953488,0.563953488372093,NA,10,"top10","hr_sd_precond;hr_med_precond;eda_med_precond;eeg_fm_specent_precond;hrv_rmssd_precond;pupil_full_pupil_asymmetry_precond;eda_peakarea_precond;pupil_full_pupil_mean_precond;eda_pkrate_precond;eeg_faa_precond"
2025-12-19 16:22:51.845106,27,"stress_label",10,128,0.015625,0.494186046511628,0.453488372093023,NA,10,"top10","hr_sd_precond;hr_med_precond;eda_med_precond;eeg_fm_specent_precond;hrv_rmssd_precond;pupil_full_pupil_asymmetry_precond;eda_peakarea_precond;pupil_full_pupil_mean_precond;eda_pkrate_precond;eeg_faa_precond"
2025-12-19 16:22:52.147108,27,"stress_label",10,256,0.015625,0.5,0.441860465116279,NA,10,"top10","hr_sd_precond;hr_med_precond;eda_med_precond;eeg_fm_specent_precond;hrv_rmssd_precond;pupil_full_pupil_asymmetry_precond;eda_peakarea_precond;pupil_full_pupil_mean_precond;eda_pkrate_precond;eeg_faa_precond"
2025-12-19 16:22:51.577024,27,"stress_label",10,2,0.03125,0.529069767441861,0.558139534883721,NA,10,"top10","hr_sd_precond;hr_med_precond;eda_med_precond;eeg_fm_specent_precond;hrv_rmssd_precond;pupil_full_pupil_asymmetry_precond;eda_peakarea_precond;pupil_full_pupil_mean_precond;eda_pkrate_precond;eeg_faa_precond"
2025-12-19 16:22:51.575612,27,"stress_label",10,4,0.03125,0.558139534883721,0.61046511627907,NA,10,"top10","hr_sd_precond;hr_med_precond;eda_med_precond;eeg_fm_specent_precond;hrv_rmssd_precond;pupil_full_pupil_asymmetry_precond;eda_peakarea_precond;pupil_full_pupil_mean_precond;eda_pkrate_precond;eeg_faa_precond"
2025-12-19 16:22:51.576299,27,"stress_label",10,8,0.03125,0.575581395348837,0.587209302325581,NA,10,"top10","hr_sd_precond;hr_med_precond;eda_med_precond;eeg_fm_specent_precond;hrv_rmssd_precond;pupil_full_pupil_asymmetry_precond;eda_peakarea_precond;pupil_full_pupil_mean_precond;eda_pkrate_precond;eeg_faa_precond"
2025-12-19 16:22:51.628213,27,"stress_label",10,16,0.03125,0.505813953488372,0.563953488372093,NA,10,"top10","hr_sd_precond;hr_med_precond;eda_med_precond;eeg_fm_specent_precond;hrv_rmssd_precond;pupil_full_pupil_asymmetry_precond;eda_peakarea_precond;pupil_full_pupil_mean_precond;eda_pkrate_precond;eeg_faa_precond"
2025-12-19 16:22:51.745873,27,"stress_label",10,32,0.03125,0.517441860465116,0.552325581395349,NA,10,"top10","hr_sd_precond;hr_med_precond;eda_med_precond;eeg_fm_specent_precond;hrv_rmssd_precond;pupil_full_pupil_asymmetry_precond;eda_peakarea_precond;pupil_full_pupil_mean_precond;eda_pkrate_precond;eeg_faa_precond"
2025-12-19 16:22:51.888435,27,"stress_label",10,64,0.03125,0.511627906976744,0.488372093023256,NA,10,"top10","hr_sd_precond;hr_med_precond;eda_med_precond;eeg_fm_specent_precond;hrv_rmssd_precond;pupil_full_pupil_asymmetry_precond;eda_peakarea_precond;pupil_full_pupil_mean_precond;eda_pkrate_precond;eeg_faa_precond"
2025-12-19 16:22:52.15874,27,"stress_label",10,128,0.03125,0.563953488372093,0.534883720930233,NA,10,"top10","hr_sd_precond;hr_med_precond;eda_med_precond;eeg_fm_specent_precond;hrv_rmssd_precond;pupil_full_pupil_asymmetry_precond;eda_peakarea_precond;pupil_full_pupil_mean_precond;eda_pkrate_precond;eeg_faa_precond"
2025-12-19 16:22:52.536517,27,"stress_label",10,256,0.03125,0.563953488372093,0.505813953488372,NA,10,"top10","hr_sd_precond;hr_med_precond;eda_med_precond;eeg_fm_specent_precond;hrv_rmssd_precond;pupil_full_pupil_asymmetry_precond;eda_peakarea_precond;pupil_full_pupil_mean_precond;eda_pkrate_precond;eeg_faa_precond"
2025-12-19 16:22:51.662757,27,"stress_label",10,2,0.0625,0.523255813953488,0.552325581395349,NA,10,"top10","hr_sd_precond;hr_med_precond;eda_med_precond;eeg_fm_specent_precond;hrv_rmssd_precond;pupil_full_pupil_asymmetry_precond;eda_peakarea_precond;pupil_full_pupil_mean_precond;eda_pkrate_precond;eeg_faa_precond"
2025-12-19 16:22:51.77392,27,"stress_label",10,4,0.0625,0.534883720930233,0.581395348837209,NA,10,"top10","hr_sd_precond;hr_med_precond;eda_med_precond;eeg_fm_specent_precond;hrv_rmssd_precond;pupil_full_pupil_asymmetry_precond;eda_peakarea_precond;pupil_full_pupil_mean_precond;eda_pkrate_precond;eeg_faa_precond"
2025-12-19 16:22:51.764847,27,"stress_label",10,8,0.0625,0.523255813953488,0.558139534883721,NA,10,"top10","hr_sd_precond;hr_med_precond;eda_med_precond;eeg_fm_specent_precond;hrv_rmssd_precond;pupil_full_pupil_asymmetry_precond;eda_peakarea_precond;pupil_full_pupil_mean_precond;eda_pkrate_precond;eeg_faa_precond"
2025-12-19 16:22:51.997293,27,"stress_label",10,16,0.0625,0.552325581395349,0.523255813953488,NA,10,"top10","hr_sd_precond;hr_med_precond;eda_med_precond;eeg_fm_specent_precond;hrv_rmssd_precond;pupil_full_pupil_asymmetry_precond;eda_peakarea_precond;pupil_full_pupil_mean_precond;eda_pkrate_precond;eeg_faa_precond"
2025-12-19 16:22:52.957599,27,"stress_label",10,32,0.0625,0.581395348837209,0.552325581395349,NA,10,"top10","hr_sd_precond;hr_med_precond;eda_med_precond;eeg_fm_specent_precond;hrv_rmssd_precond;pupil_full_pupil_asymmetry_precond;eda_peakarea_precond;pupil_full_pupil_mean_precond;eda_pkrate_precond;eeg_faa_precond"
2025-12-19 16:22:53.075005,27,"stress_label",10,64,0.0625,0.517441860465116,0.558139534883721,0.503100775193798,10,"top10","hr_sd_precond;hr_med_precond;eda_med_precond;eeg_fm_specent_precond;hrv_rmssd_precond;pupil_full_pupil_asymmetry_precond;eda_peakarea_precond;pupil_full_pupil_mean_precond;eda_pkrate_precond;eeg_faa_precond"
2025-12-19 16:22:53.196054,27,"stress_label",10,128,0.0625,0.546511627906977,0.523255813953488,0.530232558139535,10,"top10","hr_sd_precond;hr_med_precond;eda_med_precond;eeg_fm_specent_precond;hrv_rmssd_precond;pupil_full_pupil_asymmetry_precond;eda_peakarea_precond;pupil_full_pupil_mean_precond;eda_pkrate_precond;eeg_faa_precond"
2025-12-19 16:22:53.240711,27,"stress_label",10,256,0.0625,0.552325581395349,0.5,0.541860465116279,10,"top10","hr_sd_precond;hr_med_precond;eda_med_precond;eeg_fm_specent_precond;hrv_rmssd_precond;pupil_full_pupil_asymmetry_precond;eda_peakarea_precond;pupil_full_pupil_mean_precond;eda_pkrate_precond;eeg_faa_precond"
2025-12-19 16:22:52.806214,27,"stress_label",10,2,0.125,0.558139534883721,0.534883720930233,NA,10,"top10","hr_sd_precond;hr_med_precond;eda_med_precond;eeg_fm_specent_precond;hrv_rmssd_precond;pupil_full_pupil_asymmetry_precond;eda_peakarea_precond;pupil_full_pupil_mean_precond;eda_pkrate_precond;eeg_faa_precond"
2025-12-19 16:22:52.955909,27,"stress_label",10,4,0.125,0.558139534883721,0.534883720930233,NA,10,"top10","hr_sd_precond;hr_med_precond;eda_med_precond;eeg_fm_specent_precond;hrv_rmssd_precond;pupil_full_pupil_asymmetry_precond;eda_peakarea_precond;pupil_full_pupil_mean_precond;eda_pkrate_precond;eeg_faa_precond"
2025-12-19 16:22:52.956264,27,"stress_label",10,8,0.125,0.534883720930233,0.546511627906977,0.526356589147287,10,"top10","hr_sd_precond;hr_med_precond;eda_med_precond;eeg_fm_specent_precond;hrv_rmssd_precond;pupil_full_pupil_asymmetry_precond;eda_peakarea_precond;pupil_full_pupil_mean_precond;eda_pkrate_precond;eeg_faa_precond"
2025-12-19 16:22:53.050287,27,"stress_label",10,16,0.125,0.534883720930233,0.546511627906977,0.52015503875969,10,"top10","hr_sd_precond;hr_med_precond;eda_med_precond;eeg_fm_specent_precond;hrv_rmssd_precond;pupil_full_pupil_asymmetry_precond;eda_peakarea_precond;pupil_full_pupil_mean_precond;eda_pkrate_precond;eeg_faa_precond"
2025-12-19 16:22:53.176019,27,"stress_label",10,32,0.125,0.529069767441861,0.563953488372093,0.529457364341085,10,"top10","hr_sd_precond;hr_med_precond;eda_med_precond;eeg_fm_specent_precond;hrv_rmssd_precond;pupil_full_pupil_asymmetry_precond;eda_peakarea_precond;pupil_full_pupil_mean_precond;eda_pkrate_precond;eeg_faa_precond"
2025-12-19 16:22:53.19139,27,"stress_label",10,64,0.125,0.552325581395349,0.552325581395349,0.548062015503876,10,"top10","hr_sd_precond;hr_med_precond;eda_med_precond;eeg_fm_specent_precond;hrv_rmssd_precond;pupil_full_pupil_asymmetry_precond;eda_peakarea_precond;pupil_full_pupil_mean_precond;eda_pkrate_precond;eeg_faa_precond"
2025-12-19 16:22:53.318303,27,"stress_label",10,128,0.125,0.552325581395349,0.563953488372093,0.548062015503876,10,"top10","hr_sd_precond;hr_med_precond;eda_med_precond;eeg_fm_specent_precond;hrv_rmssd_precond;pupil_full_pupil_asymmetry_precond;eda_peakarea_precond;pupil_full_pupil_mean_precond;eda_pkrate_precond;eeg_faa_precond"
2025-12-19 16:22:53.473057,27,"stress_label",10,256,0.125,0.552325581395349,0.517441860465116,0.548062015503876,10,"top10","hr_sd_precond;hr_med_precond;eda_med_precond;eeg_fm_specent_precond;hrv_rmssd_precond;pupil_full_pupil_asymmetry_precond;eda_peakarea_precond;pupil_full_pupil_mean_precond;eda_pkrate_precond;eeg_faa_precond"
2025-12-19 16:22:53.274977,27,"stress_label",10,2,0.03,0.523255813953488,0.552325581395349,NA,10,"top10","hr_sd_precond;hr_med_precond;eda_med_precond;eeg_fm_specent_precond;hrv_rmssd_precond;pupil_full_pupil_asymmetry_precond;eda_peakarea_precond;pupil_full_pupil_mean_precond;eda_pkrate_precond;eeg_faa_precond"
2025-12-19 16:22:53.67899,27,"stress_label",10,4,0.03,0.552325581395349,0.604651162790698,NA,10,"top10","hr_sd_precond;hr_med_precond;eda_med_precond;eeg_fm_specent_precond;hrv_rmssd_precond;pupil_full_pupil_asymmetry_precond;eda_peakarea_precond;pupil_full_pupil_mean_precond;eda_pkrate_precond;eeg_faa_precond"
2025-12-19 16:22:53.952195,27,"stress_label",10,8,0.03,0.575581395348837,0.593023255813954,NA,10,"top10","hr_sd_precond;hr_med_precond;eda_med_precond;eeg_fm_specent_precond;hrv_rmssd_precond;pupil_full_pupil_asymmetry_precond;eda_peakarea_precond;pupil_full_pupil_mean_precond;eda_pkrate_precond;eeg_faa_precond"
2025-12-19 16:22:54.184757,27,"stress_label",10,16,0.03,0.505813953488372,0.569767441860465,NA,10,"top10","hr_sd_precond;hr_med_precond;eda_med_precond;eeg_fm_specent_precond;hrv_rmssd_precond;pupil_full_pupil_asymmetry_precond;eda_peakarea_precond;pupil_full_pupil_mean_precond;eda_pkrate_precond;eeg_faa_precond"
2025-12-19 16:22:54.213681,27,"stress_label",10,32,0.03,0.505813953488372,0.534883720930233,NA,10,"top10","hr_sd_precond;hr_med_precond;eda_med_precond;eeg_fm_specent_precond;hrv_rmssd_precond;pupil_full_pupil_asymmetry_precond;eda_peakarea_precond;pupil_full_pupil_mean_precond;eda_pkrate_precond;eeg_faa_precond"
2025-12-19 16:22:54.359135,27,"stress_label",10,64,0.03,0.5,0.447674418604651,NA,10,"top10","hr_sd_precond;hr_med_precond;eda_med_precond;eeg_fm_specent_precond;hrv_rmssd_precond;pupil_full_pupil_asymmetry_precond;eda_peakarea_precond;pupil_full_pupil_mean_precond;eda_pkrate_precond;eeg_faa_precond"
2025-12-19 16:22:54.663017,27,"stress_label",10,128,0.03,0.563953488372093,0.523255813953488,NA,10,"top10","hr_sd_precond;hr_med_precond;eda_med_precond;eeg_fm_specent_precond;hrv_rmssd_precond;pupil_full_pupil_asymmetry_precond;eda_peakarea_precond;pupil_full_pupil_mean_precond;eda_pkrate_precond;eeg_faa_precond"
2025-12-19 16:22:55.04019,27,"stress_label",10,256,0.03,0.569767441860465,0.447674418604651,NA,10,"top10","hr_sd_precond;hr_med_precond;eda_med_precond;eeg_fm_specent_precond;hrv_rmssd_precond;pupil_full_pupil_asymmetry_precond;eda_peakarea_precond;pupil_full_pupil_mean_precond;eda_pkrate_precond;eeg_faa_precond"
2025-12-19 16:22:54.328644,27,"stress_label",10,2,0.06,0.523255813953488,0.529069767441861,NA,10,"top10","hr_sd_precond;hr_med_precond;eda_med_precond;eeg_fm_specent_precond;hrv_rmssd_precond;pupil_full_pupil_asymmetry_precond;eda_peakarea_precond;pupil_full_pupil_mean_precond;eda_pkrate_precond;eeg_faa_precond"
2025-12-19 16:22:54.356916,27,"stress_label",10,4,0.06,0.540697674418605,0.581395348837209,NA,10,"top10","hr_sd_precond;hr_med_precond;eda_med_precond;eeg_fm_specent_precond;hrv_rmssd_precond;pupil_full_pupil_asymmetry_precond;eda_peakarea_precond;pupil_full_pupil_mean_precond;eda_pkrate_precond;eeg_faa_precond"
2025-12-19 16:22:54.437479,27,"stress_label",10,8,0.06,0.529069767441861,0.563953488372093,NA,10,"top10","hr_sd_precond;hr_med_precond;eda_med_precond;eeg_fm_specent_precond;hrv_rmssd_precond;pupil_full_pupil_asymmetry_precond;eda_peakarea_precond;pupil_full_pupil_mean_precond;eda_pkrate_precond;eeg_faa_precond"
2025-12-19 16:22:54.499588,27,"stress_label",10,16,0.06,0.540697674418605,0.534883720930233,NA,10,"top10","hr_sd_precond;hr_med_precond;eda_med_precond;eeg_fm_specent_precond;hrv_rmssd_precond;pupil_full_pupil_asymmetry_precond;eda_peakarea_precond;pupil_full_pupil_mean_precond;eda_pkrate_precond;eeg_faa_precond"
2025-12-19 16:22:54.689188,27,"stress_label",10,32,0.06,0.575581395348837,0.552325581395349,NA,10,"top10","hr_sd_precond;hr_med_precond;eda_med_precond;eeg_fm_specent_precond;hrv_rmssd_precond;pupil_full_pupil_asymmetry_precond;eda_peakarea_precond;pupil_full_pupil_mean_precond;eda_pkrate_precond;eeg_faa_precond"
2025-12-19 16:22:54.819702,27,"stress_label",10,64,0.06,0.517441860465116,0.436046511627907,0.503100775193798,10,"top10","hr_sd_precond;hr_med_precond;eda_med_precond;eeg_fm_specent_precond;hrv_rmssd_precond;pupil_full_pupil_asymmetry_precond;eda_peakarea_precond;pupil_full_pupil_mean_precond;eda_pkrate_precond;eeg_faa_precond"
2025-12-19 16:22:55.025739,27,"stress_label",10,128,0.06,0.546511627906977,0.436046511627907,0.527906976744186,10,"top10","hr_sd_precond;hr_med_precond;eda_med_precond;eeg_fm_specent_precond;hrv_rmssd_precond;pupil_full_pupil_asymmetry_precond;eda_peakarea_precond;pupil_full_pupil_mean_precond;eda_pkrate_precond;eeg_faa_precond"
2025-12-19 16:22:55.24644,27,"stress_label",10,256,0.06,0.552325581395349,0.523255813953488,0.541860465116279,10,"top10","hr_sd_precond;hr_med_precond;eda_med_precond;eeg_fm_specent_precond;hrv_rmssd_precond;pupil_full_pupil_asymmetry_precond;eda_peakarea_precond;pupil_full_pupil_mean_precond;eda_pkrate_precond;eeg_faa_precond"
2025-12-19 16:22:55.020425,27,"stress_label",10,2,0.1,0.552325581395349,0.581395348837209,NA,10,"top10","hr_sd_precond;hr_med_precond;eda_med_precond;eeg_fm_specent_precond;hrv_rmssd_precond;pupil_full_pupil_asymmetry_precond;eda_peakarea_precond;pupil_full_pupil_mean_precond;eda_pkrate_precond;eeg_faa_precond"
2025-12-19 16:22:55.265692,27,"stress_label",10,4,0.1,0.534883720930233,0.529069767441861,NA,10,"top10","hr_sd_precond;hr_med_precond;eda_med_precond;eeg_fm_specent_precond;hrv_rmssd_precond;pupil_full_pupil_asymmetry_precond;eda_peakarea_precond;pupil_full_pupil_mean_precond;eda_pkrate_precond;eeg_faa_precond"
2025-12-19 16:22:55.293253,27,"stress_label",10,8,0.1,0.552325581395349,0.517441860465116,NA,10,"top10","hr_sd_precond;hr_med_precond;eda_med_precond;eeg_fm_specent_precond;hrv_rmssd_precond;pupil_full_pupil_asymmetry_precond;eda_peakarea_precond;pupil_full_pupil_mean_precond;eda_pkrate_precond;eeg_faa_precond"
2025-12-19 16:22:55.414657,27,"stress_label",10,16,0.1,0.552325581395349,0.558139534883721,0.538759689922481,10,"top10","hr_sd_precond;hr_med_precond;eda_med_precond;eeg_fm_specent_precond;hrv_rmssd_precond;pupil_full_pupil_asymmetry_precond;eda_peakarea_precond;pupil_full_pupil_mean_precond;eda_pkrate_precond;eeg_faa_precond"
2025-12-19 16:22:55.452694,27,"stress_label",10,32,0.1,0.534883720930233,0.540697674418605,0.514728682170543,10,"top10","hr_sd_precond;hr_med_precond;eda_med_precond;eeg_fm_specent_precond;hrv_rmssd_precond;pupil_full_pupil_asymmetry_precond;eda_peakarea_precond;pupil_full_pupil_mean_precond;eda_pkrate_precond;eeg_faa_precond"
2025-12-19 16:22:55.491206,27,"stress_label",10,64,0.1,0.552325581395349,0.517441860465116,0.545736434108527,10,"top10","hr_sd_precond;hr_med_precond;eda_med_precond;eeg_fm_specent_precond;hrv_rmssd_precond;pupil_full_pupil_asymmetry_precond;eda_peakarea_precond;pupil_full_pupil_mean_precond;eda_pkrate_precond;eeg_faa_precond"
2025-12-19 16:22:55.588774,27,"stress_label",10,128,0.1,0.546511627906977,0.511627906976744,0.543410852713178,10,"top10","hr_sd_precond;hr_med_precond;eda_med_precond;eeg_fm_specent_precond;hrv_rmssd_precond;pupil_full_pupil_asymmetry_precond;eda_peakarea_precond;pupil_full_pupil_mean_precond;eda_pkrate_precond;eeg_faa_precond"
2025-12-19 16:22:55.620747,27,"stress_label",10,256,0.1,0.546511627906977,0.511627906976744,0.543410852713178,10,"top10","hr_sd_precond;hr_med_precond;eda_med_precond;eeg_fm_specent_precond;hrv_rmssd_precond;pupil_full_pupil_asymmetry_precond;eda_peakarea_precond;pupil_full_pupil_mean_precond;eda_pkrate_precond;eeg_faa_precond"
2025-12-19 16:22:57.010378,28,"stress_label",10,2,0.0078125,0.523255813953488,0.517441860465116,0.481395348837209,10,"top10","hr_sd_precond;hr_med_precond;eda_med_precond;eeg_fm_specent_precond;hrv_rmssd_precond;eeg_faa_precond;pupil_full_pupil_asymmetry_precond;eda_pkrate_precond;pupil_full_pupil_mean_precond;eda_peakarea_precond"
2025-12-19 16:22:56.9993,28,"stress_label",10,4,0.0078125,0.569767441860465,0.552325581395349,0.578294573643411,10,"top10","hr_sd_precond;hr_med_precond;eda_med_precond;eeg_fm_specent_precond;hrv_rmssd_precond;eeg_faa_precond;pupil_full_pupil_asymmetry_precond;eda_pkrate_precond;pupil_full_pupil_mean_precond;eda_peakarea_precond"
2025-12-19 16:22:57.002891,28,"stress_label",10,8,0.0078125,0.552325581395349,0.552325581395349,0.544186046511628,10,"top10","hr_sd_precond;hr_med_precond;eda_med_precond;eeg_fm_specent_precond;hrv_rmssd_precond;eeg_faa_precond;pupil_full_pupil_asymmetry_precond;eda_pkrate_precond;pupil_full_pupil_mean_precond;eda_peakarea_precond"
2025-12-19 16:22:56.961609,28,"stress_label",10,16,0.0078125,0.540697674418605,0.540697674418605,0.544961240310078,10,"top10","hr_sd_precond;hr_med_precond;eda_med_precond;eeg_fm_specent_precond;hrv_rmssd_precond;eeg_faa_precond;pupil_full_pupil_asymmetry_precond;eda_pkrate_precond;pupil_full_pupil_mean_precond;eda_peakarea_precond"
2025-12-19 16:22:57.010625,28,"stress_label",10,32,0.0078125,0.575581395348837,0.587209302325581,0.569767441860465,10,"top10","hr_sd_precond;hr_med_precond;eda_med_precond;eeg_fm_specent_precond;hrv_rmssd_precond;eeg_faa_precond;pupil_full_pupil_asymmetry_precond;eda_pkrate_precond;pupil_full_pupil_mean_precond;eda_peakarea_precond"
2025-12-19 16:22:57.028978,28,"stress_label",10,64,0.0078125,0.563953488372093,0.604651162790698,NA,10,"top10","hr_sd_precond;hr_med_precond;eda_med_precond;eeg_fm_specent_precond;hrv_rmssd_precond;eeg_faa_precond;pupil_full_pupil_asymmetry_precond;eda_pkrate_precond;pupil_full_pupil_mean_precond;eda_peakarea_precond"
2025-12-19 16:22:57.098552,28,"stress_label",10,128,0.0078125,0.558139534883721,0.604651162790698,0.552713178294574,10,"top10","hr_sd_precond;hr_med_precond;eda_med_precond;eeg_fm_specent_precond;hrv_rmssd_precond;eeg_faa_precond;pupil_full_pupil_asymmetry_precond;eda_pkrate_precond;pupil_full_pupil_mean_precond;eda_peakarea_precond"
2025-12-19 16:22:57.270086,28,"stress_label",10,256,0.0078125,0.552325581395349,0.61046511627907,0.548837209302326,10,"top10","hr_sd_precond;hr_med_precond;eda_med_precond;eeg_fm_specent_precond;hrv_rmssd_precond;eeg_faa_precond;pupil_full_pupil_asymmetry_precond;eda_pkrate_precond;pupil_full_pupil_mean_precond;eda_peakarea_precond"
2025-12-19 16:22:56.973958,28,"stress_label",10,2,0.015625,0.569767441860465,0.529069767441861,0.582945736434109,10,"top10","hr_sd_precond;hr_med_precond;eda_med_precond;eeg_fm_specent_precond;hrv_rmssd_precond;eeg_faa_precond;pupil_full_pupil_asymmetry_precond;eda_pkrate_precond;pupil_full_pupil_mean_precond;eda_peakarea_precond"
2025-12-19 16:22:56.956408,28,"stress_label",10,4,0.015625,0.558139534883721,0.540697674418605,0.564341085271318,10,"top10","hr_sd_precond;hr_med_precond;eda_med_precond;eeg_fm_specent_precond;hrv_rmssd_precond;eeg_faa_precond;pupil_full_pupil_asymmetry_precond;eda_pkrate_precond;pupil_full_pupil_mean_precond;eda_peakarea_precond"
2025-12-19 16:22:56.946371,28,"stress_label",10,8,0.015625,0.552325581395349,0.575581395348837,0.555813953488372,10,"top10","hr_sd_precond;hr_med_precond;eda_med_precond;eeg_fm_specent_precond;hrv_rmssd_precond;eeg_faa_precond;pupil_full_pupil_asymmetry_precond;eda_pkrate_precond;pupil_full_pupil_mean_precond;eda_peakarea_precond"
2025-12-19 16:22:56.995314,28,"stress_label",10,16,0.015625,0.546511627906977,0.604651162790698,0.541860465116279,10,"top10","hr_sd_precond;hr_med_precond;eda_med_precond;eeg_fm_specent_precond;hrv_rmssd_precond;eeg_faa_precond;pupil_full_pupil_asymmetry_precond;eda_pkrate_precond;pupil_full_pupil_mean_precond;eda_peakarea_precond"
2025-12-19 16:22:57.02968,28,"stress_label",10,32,0.015625,0.552325581395349,0.598837209302326,0.546511627906977,10,"top10","hr_sd_precond;hr_med_precond;eda_med_precond;eeg_fm_specent_precond;hrv_rmssd_precond;eeg_faa_precond;pupil_full_pupil_asymmetry_precond;eda_pkrate_precond;pupil_full_pupil_mean_precond;eda_peakarea_precond"
2025-12-19 16:22:57.075337,28,"stress_label",10,64,0.015625,0.540697674418605,0.581395348837209,0.531782945736434,10,"top10","hr_sd_precond;hr_med_precond;eda_med_precond;eeg_fm_specent_precond;hrv_rmssd_precond;eeg_faa_precond;pupil_full_pupil_asymmetry_precond;eda_pkrate_precond;pupil_full_pupil_mean_precond;eda_peakarea_precond"
2025-12-19 16:22:58.39705,28,"stress_label",10,128,0.015625,0.558139534883721,0.581395348837209,NA,10,"top10","hr_sd_precond;hr_med_precond;eda_med_precond;eeg_fm_specent_precond;hrv_rmssd_precond;eeg_faa_precond;pupil_full_pupil_asymmetry_precond;eda_pkrate_precond;pupil_full_pupil_mean_precond;eda_peakarea_precond"
2025-12-19 16:22:58.715312,28,"stress_label",10,256,0.015625,0.534883720930233,0.534883720930233,NA,10,"top10","hr_sd_precond;hr_med_precond;eda_med_precond;eeg_fm_specent_precond;hrv_rmssd_precond;eeg_faa_precond;pupil_full_pupil_asymmetry_precond;eda_pkrate_precond;pupil_full_pupil_mean_precond;eda_peakarea_precond"
2025-12-19 16:22:58.078253,28,"stress_label",10,2,0.03125,0.546511627906977,0.523255813953488,0.553488372093023,10,"top10","hr_sd_precond;hr_med_precond;eda_med_precond;eeg_fm_specent_precond;hrv_rmssd_precond;eeg_faa_precond;pupil_full_pupil_asymmetry_precond;eda_pkrate_precond;pupil_full_pupil_mean_precond;eda_peakarea_precond"
2025-12-19 16:22:58.120922,28,"stress_label",10,4,0.03125,0.563953488372093,0.604651162790698,0.562015503875969,10,"top10","hr_sd_precond;hr_med_precond;eda_med_precond;eeg_fm_specent_precond;hrv_rmssd_precond;eeg_faa_precond;pupil_full_pupil_asymmetry_precond;eda_pkrate_precond;pupil_full_pupil_mean_precond;eda_peakarea_precond"
2025-12-19 16:22:58.131356,28,"stress_label",10,8,0.03125,0.552325581395349,0.598837209302326,0.546511627906977,10,"top10","hr_sd_precond;hr_med_precond;eda_med_precond;eeg_fm_specent_precond;hrv_rmssd_precond;eeg_faa_precond;pupil_full_pupil_asymmetry_precond;eda_pkrate_precond;pupil_full_pupil_mean_precond;eda_peakarea_precond"
2025-12-19 16:22:58.180345,28,"stress_label",10,16,0.03125,0.523255813953488,0.563953488372093,0.511627906976744,10,"top10","hr_sd_precond;hr_med_precond;eda_med_precond;eeg_fm_specent_precond;hrv_rmssd_precond;eeg_faa_precond;pupil_full_pupil_asymmetry_precond;eda_pkrate_precond;pupil_full_pupil_mean_precond;eda_peakarea_precond"
2025-12-19 16:22:58.272513,28,"stress_label",10,32,0.03125,0.575581395348837,0.569767441860465,0.57906976744186,10,"top10","hr_sd_precond;hr_med_precond;eda_med_precond;eeg_fm_specent_precond;hrv_rmssd_precond;eeg_faa_precond;pupil_full_pupil_asymmetry_precond;eda_pkrate_precond;pupil_full_pupil_mean_precond;eda_peakarea_precond"
2025-12-19 16:22:58.427783,28,"stress_label",10,64,0.03125,0.529069767441861,0.517441860465116,NA,10,"top10","hr_sd_precond;hr_med_precond;eda_med_precond;eeg_fm_specent_precond;hrv_rmssd_precond;eeg_faa_precond;pupil_full_pupil_asymmetry_precond;eda_pkrate_precond;pupil_full_pupil_mean_precond;eda_peakarea_precond"
2025-12-19 16:22:58.697579,28,"stress_label",10,128,0.03125,0.575581395348837,0.563953488372093,NA,10,"top10","hr_sd_precond;hr_med_precond;eda_med_precond;eeg_fm_specent_precond;hrv_rmssd_precond;eeg_faa_precond;pupil_full_pupil_asymmetry_precond;eda_pkrate_precond;pupil_full_pupil_mean_precond;eda_peakarea_precond"
2025-12-19 16:22:59.078504,28,"stress_label",10,256,0.03125,0.575581395348837,0.581395348837209,NA,10,"top10","hr_sd_precond;hr_med_precond;eda_med_precond;eeg_fm_specent_precond;hrv_rmssd_precond;eeg_faa_precond;pupil_full_pupil_asymmetry_precond;eda_pkrate_precond;pupil_full_pupil_mean_precond;eda_peakarea_precond"
2025-12-19 16:22:58.175447,28,"stress_label",10,2,0.0625,0.546511627906977,0.593023255813954,0.547286821705426,10,"top10","hr_sd_precond;hr_med_precond;eda_med_precond;eeg_fm_specent_precond;hrv_rmssd_precond;eeg_faa_precond;pupil_full_pupil_asymmetry_precond;eda_pkrate_precond;pupil_full_pupil_mean_precond;eda_peakarea_precond"
2025-12-19 16:22:58.218282,28,"stress_label",10,4,0.0625,0.546511627906977,0.575581395348837,0.533333333333333,10,"top10","hr_sd_precond;hr_med_precond;eda_med_precond;eeg_fm_specent_precond;hrv_rmssd_precond;eeg_faa_precond;pupil_full_pupil_asymmetry_precond;eda_pkrate_precond;pupil_full_pupil_mean_precond;eda_peakarea_precond"
2025-12-19 16:22:58.286462,28,"stress_label",10,8,0.0625,0.558139534883721,0.598837209302326,0.56046511627907,10,"top10","hr_sd_precond;hr_med_precond;eda_med_precond;eeg_fm_specent_precond;hrv_rmssd_precond;eeg_faa_precond;pupil_full_pupil_asymmetry_precond;eda_pkrate_precond;pupil_full_pupil_mean_precond;eda_peakarea_precond"
2025-12-19 16:22:58.528402,28,"stress_label",10,16,0.0625,0.575581395348837,0.593023255813954,0.591472868217054,10,"top10","hr_sd_precond;hr_med_precond;eda_med_precond;eeg_fm_specent_precond;hrv_rmssd_precond;eeg_faa_precond;pupil_full_pupil_asymmetry_precond;eda_pkrate_precond;pupil_full_pupil_mean_precond;eda_peakarea_precond"
2025-12-19 16:22:59.462964,28,"stress_label",10,32,0.0625,0.593023255813954,0.581395348837209,NA,10,"top10","hr_sd_precond;hr_med_precond;eda_med_precond;eeg_fm_specent_precond;hrv_rmssd_precond;eeg_faa_precond;pupil_full_pupil_asymmetry_precond;eda_pkrate_precond;pupil_full_pupil_mean_precond;eda_peakarea_precond"
2025-12-19 16:22:59.617287,28,"stress_label",10,64,0.0625,0.558139534883721,0.616279069767442,0.537984496124031,10,"top10","hr_sd_precond;hr_med_precond;eda_med_precond;eeg_fm_specent_precond;hrv_rmssd_precond;eeg_faa_precond;pupil_full_pupil_asymmetry_precond;eda_pkrate_precond;pupil_full_pupil_mean_precond;eda_peakarea_precond"
2025-12-19 16:22:59.708964,28,"stress_label",10,128,0.0625,0.563953488372093,0.587209302325581,0.549612403100775,10,"top10","hr_sd_precond;hr_med_precond;eda_med_precond;eeg_fm_specent_precond;hrv_rmssd_precond;eeg_faa_precond;pupil_full_pupil_asymmetry_precond;eda_pkrate_precond;pupil_full_pupil_mean_precond;eda_peakarea_precond"
2025-12-19 16:22:59.855337,28,"stress_label",10,256,0.0625,0.593023255813954,0.581395348837209,0.588372093023256,10,"top10","hr_sd_precond;hr_med_precond;eda_med_precond;eeg_fm_specent_precond;hrv_rmssd_precond;eeg_faa_precond;pupil_full_pupil_asymmetry_precond;eda_pkrate_precond;pupil_full_pupil_mean_precond;eda_peakarea_precond"
2025-12-19 16:22:59.353217,28,"stress_label",10,2,0.125,0.546511627906977,0.593023255813954,0.541860465116279,10,"top10","hr_sd_precond;hr_med_precond;eda_med_precond;eeg_fm_specent_precond;hrv_rmssd_precond;eeg_faa_precond;pupil_full_pupil_asymmetry_precond;eda_pkrate_precond;pupil_full_pupil_mean_precond;eda_peakarea_precond"
2025-12-19 16:22:59.416096,28,"stress_label",10,4,0.125,0.558139534883721,0.581395348837209,0.570542635658915,10,"top10","hr_sd_precond;hr_med_precond;eda_med_precond;eeg_fm_specent_precond;hrv_rmssd_precond;eeg_faa_precond;pupil_full_pupil_asymmetry_precond;eda_pkrate_precond;pupil_full_pupil_mean_precond;eda_peakarea_precond"
2025-12-19 16:22:59.497691,28,"stress_label",10,8,0.125,0.569767441860465,0.61046511627907,0.562790697674419,10,"top10","hr_sd_precond;hr_med_precond;eda_med_precond;eeg_fm_specent_precond;hrv_rmssd_precond;eeg_faa_precond;pupil_full_pupil_asymmetry_precond;eda_pkrate_precond;pupil_full_pupil_mean_precond;eda_peakarea_precond"
2025-12-19 16:22:59.581212,28,"stress_label",10,16,0.125,0.552325581395349,0.627906976744186,0.534883720930233,10,"top10","hr_sd_precond;hr_med_precond;eda_med_precond;eeg_fm_specent_precond;hrv_rmssd_precond;eeg_faa_precond;pupil_full_pupil_asymmetry_precond;eda_pkrate_precond;pupil_full_pupil_mean_precond;eda_peakarea_precond"
2025-12-19 16:22:59.745266,28,"stress_label",10,32,0.125,0.581395348837209,0.598837209302326,0.573643410852713,10,"top10","hr_sd_precond;hr_med_precond;eda_med_precond;eeg_fm_specent_precond;hrv_rmssd_precond;eeg_faa_precond;pupil_full_pupil_asymmetry_precond;eda_pkrate_precond;pupil_full_pupil_mean_precond;eda_peakarea_precond"
2025-12-19 16:22:59.752418,28,"stress_label",10,64,0.125,0.581395348837209,0.61046511627907,0.57984496124031,10,"top10","hr_sd_precond;hr_med_precond;eda_med_precond;eeg_fm_specent_precond;hrv_rmssd_precond;eeg_faa_precond;pupil_full_pupil_asymmetry_precond;eda_pkrate_precond;pupil_full_pupil_mean_precond;eda_peakarea_precond"
2025-12-19 16:22:59.851226,28,"stress_label",10,128,0.125,0.581395348837209,0.587209302325581,0.57984496124031,10,"top10","hr_sd_precond;hr_med_precond;eda_med_precond;eeg_fm_specent_precond;hrv_rmssd_precond;eeg_faa_precond;pupil_full_pupil_asymmetry_precond;eda_pkrate_precond;pupil_full_pupil_mean_precond;eda_peakarea_precond"
2025-12-19 16:23:00.049272,28,"stress_label",10,256,0.125,0.581395348837209,0.61046511627907,0.57984496124031,10,"top10","hr_sd_precond;hr_med_precond;eda_med_precond;eeg_fm_specent_precond;hrv_rmssd_precond;eeg_faa_precond;pupil_full_pupil_asymmetry_precond;eda_pkrate_precond;pupil_full_pupil_mean_precond;eda_peakarea_precond"
2025-12-19 16:22:59.881831,28,"stress_label",10,2,0.03,0.558139534883721,0.558139534883721,0.557364341085271,10,"top10","hr_sd_precond;hr_med_precond;eda_med_precond;eeg_fm_specent_precond;hrv_rmssd_precond;eeg_faa_precond;pupil_full_pupil_asymmetry_precond;eda_pkrate_precond;pupil_full_pupil_mean_precond;eda_peakarea_precond"
2025-12-19 16:23:00.232001,28,"stress_label",10,4,0.03,0.563953488372093,0.598837209302326,0.562015503875969,10,"top10","hr_sd_precond;hr_med_precond;eda_med_precond;eeg_fm_specent_precond;hrv_rmssd_precond;eeg_faa_precond;pupil_full_pupil_asymmetry_precond;eda_pkrate_precond;pupil_full_pupil_mean_precond;eda_peakarea_precond"
2025-12-19 16:23:00.566428,28,"stress_label",10,8,0.03,0.552325581395349,0.598837209302326,0.546511627906977,10,"top10","hr_sd_precond;hr_med_precond;eda_med_precond;eeg_fm_specent_precond;hrv_rmssd_precond;eeg_faa_precond;pupil_full_pupil_asymmetry_precond;eda_pkrate_precond;pupil_full_pupil_mean_precond;eda_peakarea_precond"
2025-12-19 16:23:00.640087,28,"stress_label",10,16,0.03,0.523255813953488,0.569767441860465,0.510077519379845,10,"top10","hr_sd_precond;hr_med_precond;eda_med_precond;eeg_fm_specent_precond;hrv_rmssd_precond;eeg_faa_precond;pupil_full_pupil_asymmetry_precond;eda_pkrate_precond;pupil_full_pupil_mean_precond;eda_peakarea_precond"
2025-12-19 16:23:00.749379,28,"stress_label",10,32,0.03,0.563953488372093,0.604651162790698,0.572093023255814,10,"top10","hr_sd_precond;hr_med_precond;eda_med_precond;eeg_fm_specent_precond;hrv_rmssd_precond;eeg_faa_precond;pupil_full_pupil_asymmetry_precond;eda_pkrate_precond;pupil_full_pupil_mean_precond;eda_peakarea_precond"
2025-12-19 16:23:00.941459,28,"stress_label",10,64,0.03,0.534883720930233,0.505813953488372,NA,10,"top10","hr_sd_precond;hr_med_precond;eda_med_precond;eeg_fm_specent_precond;hrv_rmssd_precond;eeg_faa_precond;pupil_full_pupil_asymmetry_precond;eda_pkrate_precond;pupil_full_pupil_mean_precond;eda_peakarea_precond"
2025-12-19 16:23:01.274978,28,"stress_label",10,128,0.03,0.581395348837209,0.558139534883721,NA,10,"top10","hr_sd_precond;hr_med_precond;eda_med_precond;eeg_fm_specent_precond;hrv_rmssd_precond;eeg_faa_precond;pupil_full_pupil_asymmetry_precond;eda_pkrate_precond;pupil_full_pupil_mean_precond;eda_peakarea_precond"
2025-12-19 16:23:01.634884,28,"stress_label",10,256,0.03,0.598837209302326,0.552325581395349,NA,10,"top10","hr_sd_precond;hr_med_precond;eda_med_precond;eeg_fm_specent_precond;hrv_rmssd_precond;eeg_faa_precond;pupil_full_pupil_asymmetry_precond;eda_pkrate_precond;pupil_full_pupil_mean_precond;eda_peakarea_precond"
2025-12-19 16:23:00.869434,28,"stress_label",10,2,0.06,0.552325581395349,0.604651162790698,0.556589147286822,10,"top10","hr_sd_precond;hr_med_precond;eda_med_precond;eeg_fm_specent_precond;hrv_rmssd_precond;eeg_faa_precond;pupil_full_pupil_asymmetry_precond;eda_pkrate_precond;pupil_full_pupil_mean_precond;eda_peakarea_precond"
2025-12-19 16:23:00.917753,28,"stress_label",10,4,0.06,0.540697674418605,0.575581395348837,0.527906976744186,10,"top10","hr_sd_precond;hr_med_precond;eda_med_precond;eeg_fm_specent_precond;hrv_rmssd_precond;eeg_faa_precond;pupil_full_pupil_asymmetry_precond;eda_pkrate_precond;pupil_full_pupil_mean_precond;eda_peakarea_precond"
2025-12-19 16:23:00.933285,28,"stress_label",10,8,0.06,0.558139534883721,0.598837209302326,0.56046511627907,10,"top10","hr_sd_precond;hr_med_precond;eda_med_precond;eeg_fm_specent_precond;hrv_rmssd_precond;eeg_faa_precond;pupil_full_pupil_asymmetry_precond;eda_pkrate_precond;pupil_full_pupil_mean_precond;eda_peakarea_precond"
2025-12-19 16:23:01.118849,28,"stress_label",10,16,0.06,0.575581395348837,0.587209302325581,0.589147286821705,10,"top10","hr_sd_precond;hr_med_precond;eda_med_precond;eeg_fm_specent_precond;hrv_rmssd_precond;eeg_faa_precond;pupil_full_pupil_asymmetry_precond;eda_pkrate_precond;pupil_full_pupil_mean_precond;eda_peakarea_precond"
2025-12-19 16:23:01.255419,28,"stress_label",10,32,0.06,0.587209302325581,0.575581395348837,NA,10,"top10","hr_sd_precond;hr_med_precond;eda_med_precond;eeg_fm_specent_precond;hrv_rmssd_precond;eeg_faa_precond;pupil_full_pupil_asymmetry_precond;eda_pkrate_precond;pupil_full_pupil_mean_precond;eda_peakarea_precond"
2025-12-19 16:23:01.394456,28,"stress_label",10,64,0.06,0.558139534883721,0.558139534883721,0.541085271317829,10,"top10","hr_sd_precond;hr_med_precond;eda_med_precond;eeg_fm_specent_precond;hrv_rmssd_precond;eeg_faa_precond;pupil_full_pupil_asymmetry_precond;eda_pkrate_precond;pupil_full_pupil_mean_precond;eda_peakarea_precond"
2025-12-19 16:23:01.605372,28,"stress_label",10,128,0.06,0.569767441860465,0.593023255813954,0.562015503875969,10,"top10","hr_sd_precond;hr_med_precond;eda_med_precond;eeg_fm_specent_precond;hrv_rmssd_precond;eeg_faa_precond;pupil_full_pupil_asymmetry_precond;eda_pkrate_precond;pupil_full_pupil_mean_precond;eda_peakarea_precond"
2025-12-19 16:23:01.749323,28,"stress_label",10,256,0.06,0.581395348837209,0.558139534883721,0.58062015503876,10,"top10","hr_sd_precond;hr_med_precond;eda_med_precond;eeg_fm_specent_precond;hrv_rmssd_precond;eeg_faa_precond;pupil_full_pupil_asymmetry_precond;eda_pkrate_precond;pupil_full_pupil_mean_precond;eda_peakarea_precond"
2025-12-19 16:23:01.671901,28,"stress_label",10,2,0.1,0.540697674418605,0.563953488372093,0.531782945736434,10,"top10","hr_sd_precond;hr_med_precond;eda_med_precond;eeg_fm_specent_precond;hrv_rmssd_precond;eeg_faa_precond;pupil_full_pupil_asymmetry_precond;eda_pkrate_precond;pupil_full_pupil_mean_precond;eda_peakarea_precond"
2025-12-19 16:23:01.720695,28,"stress_label",10,4,0.1,0.563953488372093,0.593023255813954,0.566666666666667,10,"top10","hr_sd_precond;hr_med_precond;eda_med_precond;eeg_fm_specent_precond;hrv_rmssd_precond;eeg_faa_precond;pupil_full_pupil_asymmetry_precond;eda_pkrate_precond;pupil_full_pupil_mean_precond;eda_peakarea_precond"
2025-12-19 16:23:01.84435,28,"stress_label",10,8,0.1,0.575581395348837,0.598837209302326,0.594573643410853,10,"top10","hr_sd_precond;hr_med_precond;eda_med_precond;eeg_fm_specent_precond;hrv_rmssd_precond;eeg_faa_precond;pupil_full_pupil_asymmetry_precond;eda_pkrate_precond;pupil_full_pupil_mean_precond;eda_peakarea_precond"
2025-12-19 16:23:01.947008,28,"stress_label",10,16,0.1,0.598837209302326,0.581395348837209,0.593023255813953,10,"top10","hr_sd_precond;hr_med_precond;eda_med_precond;eeg_fm_specent_precond;hrv_rmssd_precond;eeg_faa_precond;pupil_full_pupil_asymmetry_precond;eda_pkrate_precond;pupil_full_pupil_mean_precond;eda_peakarea_precond"
2025-12-19 16:23:02.028974,28,"stress_label",10,32,0.1,0.563953488372093,0.616279069767442,0.550387596899225,10,"top10","hr_sd_precond;hr_med_precond;eda_med_precond;eeg_fm_specent_precond;hrv_rmssd_precond;eeg_faa_precond;pupil_full_pupil_asymmetry_precond;eda_pkrate_precond;pupil_full_pupil_mean_precond;eda_peakarea_precond"
2025-12-19 16:23:02.076055,28,"stress_label",10,64,0.1,0.563953488372093,0.61046511627907,0.562015503875969,10,"top10","hr_sd_precond;hr_med_precond;eda_med_precond;eeg_fm_specent_precond;hrv_rmssd_precond;eeg_faa_precond;pupil_full_pupil_asymmetry_precond;eda_pkrate_precond;pupil_full_pupil_mean_precond;eda_peakarea_precond"
2025-12-19 16:23:02.046889,28,"stress_label",10,128,0.1,0.575581395348837,0.616279069767442,0.573643410852713,10,"top10","hr_sd_precond;hr_med_precond;eda_med_precond;eeg_fm_specent_precond;hrv_rmssd_precond;eeg_faa_precond;pupil_full_pupil_asymmetry_precond;eda_pkrate_precond;pupil_full_pupil_mean_precond;eda_peakarea_precond"
2025-12-19 16:23:02.17237,28,"stress_label",10,256,0.1,0.575581395348837,0.616279069767442,0.573643410852713,10,"top10","hr_sd_precond;hr_med_precond;eda_med_precond;eeg_fm_specent_precond;hrv_rmssd_precond;eeg_faa_precond;pupil_full_pupil_asymmetry_precond;eda_pkrate_precond;pupil_full_pupil_mean_precond;eda_peakarea_precond"
2025-12-19 16:23:03.583679,29,"stress_label",10,2,0.0078125,0.552325581395349,0.563953488372093,0.516279069767442,10,"top10","hr_sd_precond;hr_med_precond;eeg_fm_lbeta_power_precond;eda_med_precond;eeg_fm_specent_precond;hrv_rmssd_precond;eeg_faa_precond;pupil_full_pupil_mean_precond;eda_pkrate_precond;pupil_full_pupil_asymmetry_precond"
2025-12-19 16:23:03.601644,29,"stress_label",10,4,0.0078125,0.552325581395349,0.569767441860465,0.517054263565891,10,"top10","hr_sd_precond;hr_med_precond;eeg_fm_lbeta_power_precond;eda_med_precond;eeg_fm_specent_precond;hrv_rmssd_precond;eeg_faa_precond;pupil_full_pupil_mean_precond;eda_pkrate_precond;pupil_full_pupil_asymmetry_precond"
2025-12-19 16:23:03.541209,29,"stress_label",10,8,0.0078125,0.563953488372093,0.558139534883721,0.511627906976744,10,"top10","hr_sd_precond;hr_med_precond;eeg_fm_lbeta_power_precond;eda_med_precond;eeg_fm_specent_precond;hrv_rmssd_precond;eeg_faa_precond;pupil_full_pupil_mean_precond;eda_pkrate_precond;pupil_full_pupil_asymmetry_precond"
2025-12-19 16:23:03.532536,29,"stress_label",10,16,0.0078125,0.534883720930233,0.581395348837209,0.489147286821705,10,"top10","hr_sd_precond;hr_med_precond;eeg_fm_lbeta_power_precond;eda_med_precond;eeg_fm_specent_precond;hrv_rmssd_precond;eeg_faa_precond;pupil_full_pupil_mean_precond;eda_pkrate_precond;pupil_full_pupil_asymmetry_precond"
2025-12-19 16:23:03.604927,29,"stress_label",10,32,0.0078125,0.540697674418605,0.563953488372093,NA,10,"top10","hr_sd_precond;hr_med_precond;eeg_fm_lbeta_power_precond;eda_med_precond;eeg_fm_specent_precond;hrv_rmssd_precond;eeg_faa_precond;pupil_full_pupil_mean_precond;eda_pkrate_precond;pupil_full_pupil_asymmetry_precond"
2025-12-19 16:23:03.644034,29,"stress_label",10,64,0.0078125,0.529069767441861,0.552325581395349,NA,10,"top10","hr_sd_precond;hr_med_precond;eeg_fm_lbeta_power_precond;eda_med_precond;eeg_fm_specent_precond;hrv_rmssd_precond;eeg_faa_precond;pupil_full_pupil_mean_precond;eda_pkrate_precond;pupil_full_pupil_asymmetry_precond"
2025-12-19 16:23:03.716068,29,"stress_label",10,128,0.0078125,0.534883720930233,0.488372093023256,NA,10,"top10","hr_sd_precond;hr_med_precond;eeg_fm_lbeta_power_precond;eda_med_precond;eeg_fm_specent_precond;hrv_rmssd_precond;eeg_faa_precond;pupil_full_pupil_mean_precond;eda_pkrate_precond;pupil_full_pupil_asymmetry_precond"
2025-12-19 16:23:03.858397,29,"stress_label",10,256,0.0078125,0.465116279069767,0.459302325581395,NA,10,"top10","hr_sd_precond;hr_med_precond;eeg_fm_lbeta_power_precond;eda_med_precond;eeg_fm_specent_precond;hrv_rmssd_precond;eeg_faa_precond;pupil_full_pupil_mean_precond;eda_pkrate_precond;pupil_full_pupil_asymmetry_precond"
2025-12-19 16:23:03.56194,29,"stress_label",10,2,0.015625,0.546511627906977,0.540697674418605,0.517054263565891,10,"top10","hr_sd_precond;hr_med_precond;eeg_fm_lbeta_power_precond;eda_med_precond;eeg_fm_specent_precond;hrv_rmssd_precond;eeg_faa_precond;pupil_full_pupil_mean_precond;eda_pkrate_precond;pupil_full_pupil_asymmetry_precond"
2025-12-19 16:23:03.565724,29,"stress_label",10,4,0.015625,0.540697674418605,0.552325581395349,0.504651162790698,10,"top10","hr_sd_precond;hr_med_precond;eeg_fm_lbeta_power_precond;eda_med_precond;eeg_fm_specent_precond;hrv_rmssd_precond;eeg_faa_precond;pupil_full_pupil_mean_precond;eda_pkrate_precond;pupil_full_pupil_asymmetry_precond"
2025-12-19 16:23:03.573044,29,"stress_label",10,8,0.015625,0.540697674418605,0.569767441860465,NA,10,"top10","hr_sd_precond;hr_med_precond;eeg_fm_lbeta_power_precond;eda_med_precond;eeg_fm_specent_precond;hrv_rmssd_precond;eeg_faa_precond;pupil_full_pupil_mean_precond;eda_pkrate_precond;pupil_full_pupil_asymmetry_precond"
2025-12-19 16:23:03.568166,29,"stress_label",10,16,0.015625,0.540697674418605,0.552325581395349,NA,10,"top10","hr_sd_precond;hr_med_precond;eeg_fm_lbeta_power_precond;eda_med_precond;eeg_fm_specent_precond;hrv_rmssd_precond;eeg_faa_precond;pupil_full_pupil_mean_precond;eda_pkrate_precond;pupil_full_pupil_asymmetry_precond"
2025-12-19 16:23:03.639684,29,"stress_label",10,32,0.015625,0.523255813953488,0.523255813953488,NA,10,"top10","hr_sd_precond;hr_med_precond;eeg_fm_lbeta_power_precond;eda_med_precond;eeg_fm_specent_precond;hrv_rmssd_precond;eeg_faa_precond;pupil_full_pupil_mean_precond;eda_pkrate_precond;pupil_full_pupil_asymmetry_precond"
2025-12-19 16:23:03.703213,29,"stress_label",10,64,0.015625,0.465116279069767,0.418604651162791,NA,10,"top10","hr_sd_precond;hr_med_precond;eeg_fm_lbeta_power_precond;eda_med_precond;eeg_fm_specent_precond;hrv_rmssd_precond;eeg_faa_precond;pupil_full_pupil_mean_precond;eda_pkrate_precond;pupil_full_pupil_asymmetry_precond"
2025-12-19 16:23:04.960436,29,"stress_label",10,128,0.015625,0.447674418604651,0.366279069767442,NA,10,"top10","hr_sd_precond;hr_med_precond;eeg_fm_lbeta_power_precond;eda_med_precond;eeg_fm_specent_precond;hrv_rmssd_precond;eeg_faa_precond;pupil_full_pupil_mean_precond;eda_pkrate_precond;pupil_full_pupil_asymmetry_precond"
2025-12-19 16:23:05.323789,29,"stress_label",10,256,0.015625,0.436046511627907,0.377906976744186,NA,10,"top10","hr_sd_precond;hr_med_precond;eeg_fm_lbeta_power_precond;eda_med_precond;eeg_fm_specent_precond;hrv_rmssd_precond;eeg_faa_precond;pupil_full_pupil_mean_precond;eda_pkrate_precond;pupil_full_pupil_asymmetry_precond"
2025-12-19 16:23:04.696786,29,"stress_label",10,2,0.03125,0.540697674418605,0.546511627906977,NA,10,"top10","hr_sd_precond;hr_med_precond;eeg_fm_lbeta_power_precond;eda_med_precond;eeg_fm_specent_precond;hrv_rmssd_precond;eeg_faa_precond;pupil_full_pupil_mean_precond;eda_pkrate_precond;pupil_full_pupil_asymmetry_precond"
2025-12-19 16:23:04.703147,29,"stress_label",10,4,0.03125,0.540697674418605,0.569767441860465,NA,10,"top10","hr_sd_precond;hr_med_precond;eeg_fm_lbeta_power_precond;eda_med_precond;eeg_fm_specent_precond;hrv_rmssd_precond;eeg_faa_precond;pupil_full_pupil_mean_precond;eda_pkrate_precond;pupil_full_pupil_asymmetry_precond"
2025-12-19 16:23:04.709193,29,"stress_label",10,8,0.03125,0.529069767441861,0.511627906976744,NA,10,"top10","hr_sd_precond;hr_med_precond;eeg_fm_lbeta_power_precond;eda_med_precond;eeg_fm_specent_precond;hrv_rmssd_precond;eeg_faa_precond;pupil_full_pupil_mean_precond;eda_pkrate_precond;pupil_full_pupil_asymmetry_precond"
2025-12-19 16:23:04.762514,29,"stress_label",10,16,0.03125,0.5,0.441860465116279,0.503875968992248,10,"top10","hr_sd_precond;hr_med_precond;eeg_fm_lbeta_power_precond;eda_med_precond;eeg_fm_specent_precond;hrv_rmssd_precond;eeg_faa_precond;pupil_full_pupil_mean_precond;eda_pkrate_precond;pupil_full_pupil_asymmetry_precond"
2025-12-19 16:23:04.871668,29,"stress_label",10,32,0.03125,0.476744186046512,0.395348837209302,NA,10,"top10","hr_sd_precond;hr_med_precond;eeg_fm_lbeta_power_precond;eda_med_precond;eeg_fm_specent_precond;hrv_rmssd_precond;eeg_faa_precond;pupil_full_pupil_mean_precond;eda_pkrate_precond;pupil_full_pupil_asymmetry_precond"
2025-12-19 16:23:05.043712,29,"stress_label",10,64,0.03125,0.459302325581395,0.418604651162791,NA,10,"top10","hr_sd_precond;hr_med_precond;eeg_fm_lbeta_power_precond;eda_med_precond;eeg_fm_specent_precond;hrv_rmssd_precond;eeg_faa_precond;pupil_full_pupil_mean_precond;eda_pkrate_precond;pupil_full_pupil_asymmetry_precond"
2025-12-19 16:23:05.332492,29,"stress_label",10,128,0.03125,0.505813953488372,0.377906976744186,NA,10,"top10","hr_sd_precond;hr_med_precond;eeg_fm_lbeta_power_precond;eda_med_precond;eeg_fm_specent_precond;hrv_rmssd_precond;eeg_faa_precond;pupil_full_pupil_mean_precond;eda_pkrate_precond;pupil_full_pupil_asymmetry_precond"
2025-12-19 16:23:05.665079,29,"stress_label",10,256,0.03125,0.47093023255814,0.476744186046512,0.468217054263566,10,"top10","hr_sd_precond;hr_med_precond;eeg_fm_lbeta_power_precond;eda_med_precond;eeg_fm_specent_precond;hrv_rmssd_precond;eeg_faa_precond;pupil_full_pupil_mean_precond;eda_pkrate_precond;pupil_full_pupil_asymmetry_precond"
2025-12-19 16:23:04.791809,29,"stress_label",10,2,0.0625,0.540697674418605,0.511627906976744,NA,10,"top10","hr_sd_precond;hr_med_precond;eeg_fm_lbeta_power_precond;eda_med_precond;eeg_fm_specent_precond;hrv_rmssd_precond;eeg_faa_precond;pupil_full_pupil_mean_precond;eda_pkrate_precond;pupil_full_pupil_asymmetry_precond"
2025-12-19 16:23:04.864591,29,"stress_label",10,4,0.0625,0.511627906976744,0.424418604651163,NA,10,"top10","hr_sd_precond;hr_med_precond;eeg_fm_lbeta_power_precond;eda_med_precond;eeg_fm_specent_precond;hrv_rmssd_precond;eeg_faa_precond;pupil_full_pupil_mean_precond;eda_pkrate_precond;pupil_full_pupil_asymmetry_precond"
2025-12-19 16:23:04.877399,29,"stress_label",10,8,0.0625,0.482558139534884,0.430232558139535,NA,10,"top10","hr_sd_precond;hr_med_precond;eeg_fm_lbeta_power_precond;eda_med_precond;eeg_fm_specent_precond;hrv_rmssd_precond;eeg_faa_precond;pupil_full_pupil_mean_precond;eda_pkrate_precond;pupil_full_pupil_asymmetry_precond"
2025-12-19 16:23:05.124845,29,"stress_label",10,16,0.0625,0.494186046511628,0.430232558139535,NA,10,"top10","hr_sd_precond;hr_med_precond;eeg_fm_lbeta_power_precond;eda_med_precond;eeg_fm_specent_precond;hrv_rmssd_precond;eeg_faa_precond;pupil_full_pupil_mean_precond;eda_pkrate_precond;pupil_full_pupil_asymmetry_precond"
2025-12-19 16:23:06.063954,29,"stress_label",10,32,0.0625,0.5,0.424418604651163,NA,10,"top10","hr_sd_precond;hr_med_precond;eeg_fm_lbeta_power_precond;eda_med_precond;eeg_fm_specent_precond;hrv_rmssd_precond;eeg_faa_precond;pupil_full_pupil_mean_precond;eda_pkrate_precond;pupil_full_pupil_asymmetry_precond"
2025-12-19 16:23:06.264607,29,"stress_label",10,64,0.0625,0.465116279069767,0.441860465116279,NA,10,"top10","hr_sd_precond;hr_med_precond;eeg_fm_lbeta_power_precond;eda_med_precond;eeg_fm_specent_precond;hrv_rmssd_precond;eeg_faa_precond;pupil_full_pupil_mean_precond;eda_pkrate_precond;pupil_full_pupil_asymmetry_precond"
2025-12-19 16:23:06.403363,29,"stress_label",10,128,0.0625,0.465116279069767,0.337209302325581,NA,10,"top10","hr_sd_precond;hr_med_precond;eeg_fm_lbeta_power_precond;eda_med_precond;eeg_fm_specent_precond;hrv_rmssd_precond;eeg_faa_precond;pupil_full_pupil_mean_precond;eda_pkrate_precond;pupil_full_pupil_asymmetry_precond"
2025-12-19 16:23:06.509439,29,"stress_label",10,256,0.0625,0.482558139534884,0.372093023255814,NA,10,"top10","hr_sd_precond;hr_med_precond;eeg_fm_lbeta_power_precond;eda_med_precond;eeg_fm_specent_precond;hrv_rmssd_precond;eeg_faa_precond;pupil_full_pupil_mean_precond;eda_pkrate_precond;pupil_full_pupil_asymmetry_precond"
2025-12-19 16:23:05.963544,29,"stress_label",10,2,0.125,0.482558139534884,0.424418604651163,NA,10,"top10","hr_sd_precond;hr_med_precond;eeg_fm_lbeta_power_precond;eda_med_precond;eeg_fm_specent_precond;hrv_rmssd_precond;eeg_faa_precond;pupil_full_pupil_mean_precond;eda_pkrate_precond;pupil_full_pupil_asymmetry_precond"
2025-12-19 16:23:06.085533,29,"stress_label",10,4,0.125,0.482558139534884,0.302325581395349,NA,10,"top10","hr_sd_precond;hr_med_precond;eeg_fm_lbeta_power_precond;eda_med_precond;eeg_fm_specent_precond;hrv_rmssd_precond;eeg_faa_precond;pupil_full_pupil_mean_precond;eda_pkrate_precond;pupil_full_pupil_asymmetry_precond"
2025-12-19 16:23:06.137491,29,"stress_label",10,8,0.125,0.482558139534884,0.354651162790698,NA,10,"top10","hr_sd_precond;hr_med_precond;eeg_fm_lbeta_power_precond;eda_med_precond;eeg_fm_specent_precond;hrv_rmssd_precond;eeg_faa_precond;pupil_full_pupil_mean_precond;eda_pkrate_precond;pupil_full_pupil_asymmetry_precond"
2025-12-19 16:23:06.199927,29,"stress_label",10,16,0.125,0.459302325581395,0.424418604651163,NA,10,"top10","hr_sd_precond;hr_med_precond;eeg_fm_lbeta_power_precond;eda_med_precond;eeg_fm_specent_precond;hrv_rmssd_precond;eeg_faa_precond;pupil_full_pupil_mean_precond;eda_pkrate_precond;pupil_full_pupil_asymmetry_precond"
2025-12-19 16:23:06.3299,29,"stress_label",10,32,0.125,0.494186046511628,0.465116279069767,NA,10,"top10","hr_sd_precond;hr_med_precond;eeg_fm_lbeta_power_precond;eda_med_precond;eeg_fm_specent_precond;hrv_rmssd_precond;eeg_faa_precond;pupil_full_pupil_mean_precond;eda_pkrate_precond;pupil_full_pupil_asymmetry_precond"
2025-12-19 16:23:06.403793,29,"stress_label",10,64,0.125,0.494186046511628,0.395348837209302,NA,10,"top10","hr_sd_precond;hr_med_precond;eeg_fm_lbeta_power_precond;eda_med_precond;eeg_fm_specent_precond;hrv_rmssd_precond;eeg_faa_precond;pupil_full_pupil_mean_precond;eda_pkrate_precond;pupil_full_pupil_asymmetry_precond"
2025-12-19 16:23:06.47958,29,"stress_label",10,128,0.125,0.494186046511628,0.348837209302326,NA,10,"top10","hr_sd_precond;hr_med_precond;eeg_fm_lbeta_power_precond;eda_med_precond;eeg_fm_specent_precond;hrv_rmssd_precond;eeg_faa_precond;pupil_full_pupil_mean_precond;eda_pkrate_precond;pupil_full_pupil_asymmetry_precond"
2025-12-19 16:23:06.704736,29,"stress_label",10,256,0.125,0.494186046511628,0.372093023255814,NA,10,"top10","hr_sd_precond;hr_med_precond;eeg_fm_lbeta_power_precond;eda_med_precond;eeg_fm_specent_precond;hrv_rmssd_precond;eeg_faa_precond;pupil_full_pupil_mean_precond;eda_pkrate_precond;pupil_full_pupil_asymmetry_precond"
2025-12-19 16:23:06.470089,29,"stress_label",10,2,0.03,0.546511627906977,0.558139534883721,NA,10,"top10","hr_sd_precond;hr_med_precond;eeg_fm_lbeta_power_precond;eda_med_precond;eeg_fm_specent_precond;hrv_rmssd_precond;eeg_faa_precond;pupil_full_pupil_mean_precond;eda_pkrate_precond;pupil_full_pupil_asymmetry_precond"
2025-12-19 16:23:06.806023,29,"stress_label",10,4,0.03,0.534883720930233,0.569767441860465,NA,10,"top10","hr_sd_precond;hr_med_precond;eeg_fm_lbeta_power_precond;eda_med_precond;eeg_fm_specent_precond;hrv_rmssd_precond;eeg_faa_precond;pupil_full_pupil_mean_precond;eda_pkrate_precond;pupil_full_pupil_asymmetry_precond"
2025-12-19 16:23:07.122712,29,"stress_label",10,8,0.03,0.534883720930233,0.540697674418605,NA,10,"top10","hr_sd_precond;hr_med_precond;eeg_fm_lbeta_power_precond;eda_med_precond;eeg_fm_specent_precond;hrv_rmssd_precond;eeg_faa_precond;pupil_full_pupil_mean_precond;eda_pkrate_precond;pupil_full_pupil_asymmetry_precond"
2025-12-19 16:23:07.252282,29,"stress_label",10,16,0.03,0.488372093023256,0.494186046511628,0.485271317829457,10,"top10","hr_sd_precond;hr_med_precond;eeg_fm_lbeta_power_precond;eda_med_precond;eeg_fm_specent_precond;hrv_rmssd_precond;eeg_faa_precond;pupil_full_pupil_mean_precond;eda_pkrate_precond;pupil_full_pupil_asymmetry_precond"
2025-12-19 16:23:07.346323,29,"stress_label",10,32,0.03,0.476744186046512,0.383720930232558,NA,10,"top10","hr_sd_precond;hr_med_precond;eeg_fm_lbeta_power_precond;eda_med_precond;eeg_fm_specent_precond;hrv_rmssd_precond;eeg_faa_precond;pupil_full_pupil_mean_precond;eda_pkrate_precond;pupil_full_pupil_asymmetry_precond"
2025-12-19 16:23:07.560621,29,"stress_label",10,64,0.03,0.47093023255814,0.441860465116279,NA,10,"top10","hr_sd_precond;hr_med_precond;eeg_fm_lbeta_power_precond;eda_med_precond;eeg_fm_specent_precond;hrv_rmssd_precond;eeg_faa_precond;pupil_full_pupil_mean_precond;eda_pkrate_precond;pupil_full_pupil_asymmetry_precond"
2025-12-19 16:23:07.912258,29,"stress_label",10,128,0.03,0.488372093023256,0.441860465116279,NA,10,"top10","hr_sd_precond;hr_med_precond;eeg_fm_lbeta_power_precond;eda_med_precond;eeg_fm_specent_precond;hrv_rmssd_precond;eeg_faa_precond;pupil_full_pupil_mean_precond;eda_pkrate_precond;pupil_full_pupil_asymmetry_precond"
2025-12-19 16:23:08.244675,29,"stress_label",10,256,0.03,0.476744186046512,0.401162790697674,0.475968992248062,10,"top10","hr_sd_precond;hr_med_precond;eeg_fm_lbeta_power_precond;eda_med_precond;eeg_fm_specent_precond;hrv_rmssd_precond;eeg_faa_precond;pupil_full_pupil_mean_precond;eda_pkrate_precond;pupil_full_pupil_asymmetry_precond"
2025-12-19 16:23:07.456234,29,"stress_label",10,2,0.06,0.540697674418605,0.523255813953488,NA,10,"top10","hr_sd_precond;hr_med_precond;eeg_fm_lbeta_power_precond;eda_med_precond;eeg_fm_specent_precond;hrv_rmssd_precond;eeg_faa_precond;pupil_full_pupil_mean_precond;eda_pkrate_precond;pupil_full_pupil_asymmetry_precond"
2025-12-19 16:23:07.563695,29,"stress_label",10,4,0.06,0.511627906976744,0.453488372093023,NA,10,"top10","hr_sd_precond;hr_med_precond;eeg_fm_lbeta_power_precond;eda_med_precond;eeg_fm_specent_precond;hrv_rmssd_precond;eeg_faa_precond;pupil_full_pupil_mean_precond;eda_pkrate_precond;pupil_full_pupil_asymmetry_precond"
2025-12-19 16:23:07.610137,29,"stress_label",10,8,0.06,0.494186046511628,0.325581395348837,NA,10,"top10","hr_sd_precond;hr_med_precond;eeg_fm_lbeta_power_precond;eda_med_precond;eeg_fm_specent_precond;hrv_rmssd_precond;eeg_faa_precond;pupil_full_pupil_mean_precond;eda_pkrate_precond;pupil_full_pupil_asymmetry_precond"
2025-12-19 16:23:07.762832,29,"stress_label",10,16,0.06,0.476744186046512,0.319767441860465,NA,10,"top10","hr_sd_precond;hr_med_precond;eeg_fm_lbeta_power_precond;eda_med_precond;eeg_fm_specent_precond;hrv_rmssd_precond;eeg_faa_precond;pupil_full_pupil_mean_precond;eda_pkrate_precond;pupil_full_pupil_asymmetry_precond"
2025-12-19 16:23:07.855108,29,"stress_label",10,32,0.06,0.5,0.377906976744186,NA,10,"top10","hr_sd_precond;hr_med_precond;eeg_fm_lbeta_power_precond;eda_med_precond;eeg_fm_specent_precond;hrv_rmssd_precond;eeg_faa_precond;pupil_full_pupil_mean_precond;eda_pkrate_precond;pupil_full_pupil_asymmetry_precond"
2025-12-19 16:23:08.053037,29,"stress_label",10,64,0.06,0.47093023255814,0.441860465116279,NA,10,"top10","hr_sd_precond;hr_med_precond;eeg_fm_lbeta_power_precond;eda_med_precond;eeg_fm_specent_precond;hrv_rmssd_precond;eeg_faa_precond;pupil_full_pupil_mean_precond;eda_pkrate_precond;pupil_full_pupil_asymmetry_precond"
2025-12-19 16:23:08.320026,29,"stress_label",10,128,0.06,0.447674418604651,0.366279069767442,NA,10,"top10","hr_sd_precond;hr_med_precond;eeg_fm_lbeta_power_precond;eda_med_precond;eeg_fm_specent_precond;hrv_rmssd_precond;eeg_faa_precond;pupil_full_pupil_mean_precond;eda_pkrate_precond;pupil_full_pupil_asymmetry_precond"
2025-12-19 16:23:08.439692,29,"stress_label",10,256,0.06,0.482558139534884,0.406976744186047,NA,10,"top10","hr_sd_precond;hr_med_precond;eeg_fm_lbeta_power_precond;eda_med_precond;eeg_fm_specent_precond;hrv_rmssd_precond;eeg_faa_precond;pupil_full_pupil_mean_precond;eda_pkrate_precond;pupil_full_pupil_asymmetry_precond"
2025-12-19 16:23:08.232657,29,"stress_label",10,2,0.1,0.511627906976744,0.465116279069767,NA,10,"top10","hr_sd_precond;hr_med_precond;eeg_fm_lbeta_power_precond;eda_med_precond;eeg_fm_specent_precond;hrv_rmssd_precond;eeg_faa_precond;pupil_full_pupil_mean_precond;eda_pkrate_precond;pupil_full_pupil_asymmetry_precond"
2025-12-19 16:23:08.339909,29,"stress_label",10,4,0.1,0.47093023255814,0.412790697674419,NA,10,"top10","hr_sd_precond;hr_med_precond;eeg_fm_lbeta_power_precond;eda_med_precond;eeg_fm_specent_precond;hrv_rmssd_precond;eeg_faa_precond;pupil_full_pupil_mean_precond;eda_pkrate_precond;pupil_full_pupil_asymmetry_precond"
2025-12-19 16:23:08.459618,29,"stress_label",10,8,0.1,0.482558139534884,0.38953488372093,NA,10,"top10","hr_sd_precond;hr_med_precond;eeg_fm_lbeta_power_precond;eda_med_precond;eeg_fm_specent_precond;hrv_rmssd_precond;eeg_faa_precond;pupil_full_pupil_mean_precond;eda_pkrate_precond;pupil_full_pupil_asymmetry_precond"
2025-12-19 16:23:08.579065,29,"stress_label",10,16,0.1,0.476744186046512,0.5,NA,10,"top10","hr_sd_precond;hr_med_precond;eeg_fm_lbeta_power_precond;eda_med_precond;eeg_fm_specent_precond;hrv_rmssd_precond;eeg_faa_precond;pupil_full_pupil_mean_precond;eda_pkrate_precond;pupil_full_pupil_asymmetry_precond"
2025-12-19 16:23:08.680594,29,"stress_label",10,32,0.1,0.47093023255814,0.354651162790698,NA,10,"top10","hr_sd_precond;hr_med_precond;eeg_fm_lbeta_power_precond;eda_med_precond;eeg_fm_specent_precond;hrv_rmssd_precond;eeg_faa_precond;pupil_full_pupil_mean_precond;eda_pkrate_precond;pupil_full_pupil_asymmetry_precond"
2025-12-19 16:23:08.743643,29,"stress_label",10,64,0.1,0.482558139534884,0.406976744186047,NA,10,"top10","hr_sd_precond;hr_med_precond;eeg_fm_lbeta_power_precond;eda_med_precond;eeg_fm_specent_precond;hrv_rmssd_precond;eeg_faa_precond;pupil_full_pupil_mean_precond;eda_pkrate_precond;pupil_full_pupil_asymmetry_precond"
2025-12-19 16:23:08.78653,29,"stress_label",10,128,0.1,0.482558139534884,0.430232558139535,NA,10,"top10","hr_sd_precond;hr_med_precond;eeg_fm_lbeta_power_precond;eda_med_precond;eeg_fm_specent_precond;hrv_rmssd_precond;eeg_faa_precond;pupil_full_pupil_mean_precond;eda_pkrate_precond;pupil_full_pupil_asymmetry_precond"
2025-12-19 16:23:08.876139,29,"stress_label",10,256,0.1,0.482558139534884,0.395348837209302,NA,10,"top10","hr_sd_precond;hr_med_precond;eeg_fm_lbeta_power_precond;eda_med_precond;eeg_fm_specent_precond;hrv_rmssd_precond;eeg_faa_precond;pupil_full_pupil_mean_precond;eda_pkrate_precond;pupil_full_pupil_asymmetry_precond"
2025-12-19 16:23:10.264581,30,"stress_label",10,2,0.0078125,0.529069767441861,0.465116279069767,0.472093023255814,10,"top10","hr_med_precond;hr_sd_precond;eda_med_precond;eeg_fm_specent_precond;hrv_rmssd_precond;eda_pkrate_precond;eeg_faa_precond;eda_peakarea_precond;pupil_full_pupil_asymmetry_precond;pupil_full_pupil_mean_precond"
2025-12-19 16:23:10.272995,30,"stress_label",10,4,0.0078125,0.540697674418605,0.5,0.517829457364341,10,"top10","hr_med_precond;hr_sd_precond;eda_med_precond;eeg_fm_specent_precond;hrv_rmssd_precond;eda_pkrate_precond;eeg_faa_precond;eda_peakarea_precond;pupil_full_pupil_asymmetry_precond;pupil_full_pupil_mean_precond"
2025-12-19 16:23:10.246487,30,"stress_label",10,8,0.0078125,0.505813953488372,0.505813953488372,0.476744186046512,10,"top10","hr_med_precond;hr_sd_precond;eda_med_precond;eeg_fm_specent_precond;hrv_rmssd_precond;eda_pkrate_precond;eeg_faa_precond;eda_peakarea_precond;pupil_full_pupil_asymmetry_precond;pupil_full_pupil_mean_precond"
2025-12-19 16:23:10.265523,30,"stress_label",10,16,0.0078125,0.523255813953488,0.534883720930233,0.485271317829457,10,"top10","hr_med_precond;hr_sd_precond;eda_med_precond;eeg_fm_specent_precond;hrv_rmssd_precond;eda_pkrate_precond;eeg_faa_precond;eda_peakarea_precond;pupil_full_pupil_asymmetry_precond;pupil_full_pupil_mean_precond"
2025-12-19 16:23:10.269075,30,"stress_label",10,32,0.0078125,0.569767441860465,0.581395348837209,NA,10,"top10","hr_med_precond;hr_sd_precond;eda_med_precond;eeg_fm_specent_precond;hrv_rmssd_precond;eda_pkrate_precond;eeg_faa_precond;eda_peakarea_precond;pupil_full_pupil_asymmetry_precond;pupil_full_pupil_mean_precond"
2025-12-19 16:23:10.314422,30,"stress_label",10,64,0.0078125,0.569767441860465,0.569767441860465,NA,10,"top10","hr_med_precond;hr_sd_precond;eda_med_precond;eeg_fm_specent_precond;hrv_rmssd_precond;eda_pkrate_precond;eeg_faa_precond;eda_peakarea_precond;pupil_full_pupil_asymmetry_precond;pupil_full_pupil_mean_precond"
2025-12-19 16:23:10.384063,30,"stress_label",10,128,0.0078125,0.552325581395349,0.563953488372093,0.544961240310078,10,"top10","hr_med_precond;hr_sd_precond;eda_med_precond;eeg_fm_specent_precond;hrv_rmssd_precond;eda_pkrate_precond;eeg_faa_precond;eda_peakarea_precond;pupil_full_pupil_asymmetry_precond;pupil_full_pupil_mean_precond"
2025-12-19 16:23:10.500421,30,"stress_label",10,256,0.0078125,0.523255813953488,0.482558139534884,0.521705426356589,10,"top10","hr_med_precond;hr_sd_precond;eda_med_precond;eeg_fm_specent_precond;hrv_rmssd_precond;eda_pkrate_precond;eeg_faa_precond;eda_peakarea_precond;pupil_full_pupil_asymmetry_precond;pupil_full_pupil_mean_precond"
2025-12-19 16:23:10.263242,30,"stress_label",10,2,0.015625,0.563953488372093,0.47093023255814,0.566666666666667,10,"top10","hr_med_precond;hr_sd_precond;eda_med_precond;eeg_fm_specent_precond;hrv_rmssd_precond;eda_pkrate_precond;eeg_faa_precond;eda_peakarea_precond;pupil_full_pupil_asymmetry_precond;pupil_full_pupil_mean_precond"
2025-12-19 16:23:10.255877,30,"stress_label",10,4,0.015625,0.511627906976744,0.523255813953488,0.48062015503876,10,"top10","hr_med_precond;hr_sd_precond;eda_med_precond;eeg_fm_specent_precond;hrv_rmssd_precond;eda_pkrate_precond;eeg_faa_precond;eda_peakarea_precond;pupil_full_pupil_asymmetry_precond;pupil_full_pupil_mean_precond"
2025-12-19 16:23:10.289273,30,"stress_label",10,8,0.015625,0.523255813953488,0.546511627906977,NA,10,"top10","hr_med_precond;hr_sd_precond;eda_med_precond;eeg_fm_specent_precond;hrv_rmssd_precond;eda_pkrate_precond;eeg_faa_precond;eda_peakarea_precond;pupil_full_pupil_asymmetry_precond;pupil_full_pupil_mean_precond"
2025-12-19 16:23:10.287549,30,"stress_label",10,16,0.015625,0.563953488372093,0.575581395348837,NA,10,"top10","hr_med_precond;hr_sd_precond;eda_med_precond;eeg_fm_specent_precond;hrv_rmssd_precond;eda_pkrate_precond;eeg_faa_precond;eda_peakarea_precond;pupil_full_pupil_asymmetry_precond;pupil_full_pupil_mean_precond"
2025-12-19 16:23:10.328077,30,"stress_label",10,32,0.015625,0.552325581395349,0.575581395348837,0.542635658914729,10,"top10","hr_med_precond;hr_sd_precond;eda_med_precond;eeg_fm_specent_precond;hrv_rmssd_precond;eda_pkrate_precond;eeg_faa_precond;eda_peakarea_precond;pupil_full_pupil_asymmetry_precond;pupil_full_pupil_mean_precond"
2025-12-19 16:23:10.350149,30,"stress_label",10,64,0.015625,0.529069767441861,0.558139534883721,0.535658914728682,10,"top10","hr_med_precond;hr_sd_precond;eda_med_precond;eeg_fm_specent_precond;hrv_rmssd_precond;eda_pkrate_precond;eeg_faa_precond;eda_peakarea_precond;pupil_full_pupil_asymmetry_precond;pupil_full_pupil_mean_precond"
2025-12-19 16:23:11.708177,30,"stress_label",10,128,0.015625,0.511627906976744,0.476744186046512,0.526356589147287,10,"top10","hr_med_precond;hr_sd_precond;eda_med_precond;eeg_fm_specent_precond;hrv_rmssd_precond;eda_pkrate_precond;eeg_faa_precond;eda_peakarea_precond;pupil_full_pupil_asymmetry_precond;pupil_full_pupil_mean_precond"
2025-12-19 16:23:11.9547,30,"stress_label",10,256,0.015625,0.47093023255814,0.424418604651163,NA,10,"top10","hr_med_precond;hr_sd_precond;eda_med_precond;eeg_fm_specent_precond;hrv_rmssd_precond;eda_pkrate_precond;eeg_faa_precond;eda_peakarea_precond;pupil_full_pupil_asymmetry_precond;pupil_full_pupil_mean_precond"
2025-12-19 16:23:11.383408,30,"stress_label",10,2,0.03125,0.529069767441861,0.511627906976744,0.522480620155039,10,"top10","hr_med_precond;hr_sd_precond;eda_med_precond;eeg_fm_specent_precond;hrv_rmssd_precond;eda_pkrate_precond;eeg_faa_precond;eda_peakarea_precond;pupil_full_pupil_asymmetry_precond;pupil_full_pupil_mean_precond"
2025-12-19 16:23:11.401731,30,"stress_label",10,4,0.03125,0.546511627906977,0.552325581395349,0.542635658914729,10,"top10","hr_med_precond;hr_sd_precond;eda_med_precond;eeg_fm_specent_precond;hrv_rmssd_precond;eda_pkrate_precond;eeg_faa_precond;eda_peakarea_precond;pupil_full_pupil_asymmetry_precond;pupil_full_pupil_mean_precond"
2025-12-19 16:23:11.407485,30,"stress_label",10,8,0.03125,0.546511627906977,0.563953488372093,0.534108527131783,10,"top10","hr_med_precond;hr_sd_precond;eda_med_precond;eeg_fm_specent_precond;hrv_rmssd_precond;eda_pkrate_precond;eeg_faa_precond;eda_peakarea_precond;pupil_full_pupil_asymmetry_precond;pupil_full_pupil_mean_precond"
2025-12-19 16:23:11.456407,30,"stress_label",10,16,0.03125,0.529069767441861,0.546511627906977,0.531782945736434,10,"top10","hr_med_precond;hr_sd_precond;eda_med_precond;eeg_fm_specent_precond;hrv_rmssd_precond;eda_pkrate_precond;eeg_faa_precond;eda_peakarea_precond;pupil_full_pupil_asymmetry_precond;pupil_full_pupil_mean_precond"
2025-12-19 16:23:11.538176,30,"stress_label",10,32,0.03125,0.534883720930233,0.523255813953488,0.543410852713178,10,"top10","hr_med_precond;hr_sd_precond;eda_med_precond;eeg_fm_specent_precond;hrv_rmssd_precond;eda_pkrate_precond;eeg_faa_precond;eda_peakarea_precond;pupil_full_pupil_asymmetry_precond;pupil_full_pupil_mean_precond"
2025-12-19 16:23:11.699794,30,"stress_label",10,64,0.03125,0.482558139534884,0.465116279069767,NA,10,"top10","hr_med_precond;hr_sd_precond;eda_med_precond;eeg_fm_specent_precond;hrv_rmssd_precond;eda_pkrate_precond;eeg_faa_precond;eda_peakarea_precond;pupil_full_pupil_asymmetry_precond;pupil_full_pupil_mean_precond"
2025-12-19 16:23:12.004799,30,"stress_label",10,128,0.03125,0.587209302325581,0.418604651162791,NA,10,"top10","hr_med_precond;hr_sd_precond;eda_med_precond;eeg_fm_specent_precond;hrv_rmssd_precond;eda_pkrate_precond;eeg_faa_precond;eda_peakarea_precond;pupil_full_pupil_asymmetry_precond;pupil_full_pupil_mean_precond"
2025-12-19 16:23:12.349716,30,"stress_label",10,256,0.03125,0.575581395348837,0.441860465116279,NA,10,"top10","hr_med_precond;hr_sd_precond;eda_med_precond;eeg_fm_specent_precond;hrv_rmssd_precond;eda_pkrate_precond;eeg_faa_precond;eda_peakarea_precond;pupil_full_pupil_asymmetry_precond;pupil_full_pupil_mean_precond"
2025-12-19 16:23:11.456398,30,"stress_label",10,2,0.0625,0.534883720930233,0.546511627906977,0.541860465116279,10,"top10","hr_med_precond;hr_sd_precond;eda_med_precond;eeg_fm_specent_precond;hrv_rmssd_precond;eda_pkrate_precond;eeg_faa_precond;eda_peakarea_precond;pupil_full_pupil_asymmetry_precond;pupil_full_pupil_mean_precond"
2025-12-19 16:23:11.485072,30,"stress_label",10,4,0.0625,0.529069767441861,0.563953488372093,0.527906976744186,10,"top10","hr_med_precond;hr_sd_precond;eda_med_precond;eeg_fm_specent_precond;hrv_rmssd_precond;eda_pkrate_precond;eeg_faa_precond;eda_peakarea_precond;pupil_full_pupil_asymmetry_precond;pupil_full_pupil_mean_precond"
2025-12-19 16:23:11.543394,30,"stress_label",10,8,0.0625,0.540697674418605,0.465116279069767,0.548062015503876,10,"top10","hr_med_precond;hr_sd_precond;eda_med_precond;eeg_fm_specent_precond;hrv_rmssd_precond;eda_pkrate_precond;eeg_faa_precond;eda_peakarea_precond;pupil_full_pupil_asymmetry_precond;pupil_full_pupil_mean_precond"
2025-12-19 16:23:11.755531,30,"stress_label",10,16,0.0625,0.593023255813954,0.465116279069767,0.602325581395349,10,"top10","hr_med_precond;hr_sd_precond;eda_med_precond;eeg_fm_specent_precond;hrv_rmssd_precond;eda_pkrate_precond;eeg_faa_precond;eda_peakarea_precond;pupil_full_pupil_asymmetry_precond;pupil_full_pupil_mean_precond"
2025-12-19 16:23:12.848489,30,"stress_label",10,32,0.0625,0.598837209302326,0.540697674418605,NA,10,"top10","hr_med_precond;hr_sd_precond;eda_med_precond;eeg_fm_specent_precond;hrv_rmssd_precond;eda_pkrate_precond;eeg_faa_precond;eda_peakarea_precond;pupil_full_pupil_asymmetry_precond;pupil_full_pupil_mean_precond"
2025-12-19 16:23:12.940402,30,"stress_label",10,64,0.0625,0.534883720930233,0.476744186046512,0.514728682170543,10,"top10","hr_med_precond;hr_sd_precond;eda_med_precond;eeg_fm_specent_precond;hrv_rmssd_precond;eda_pkrate_precond;eeg_faa_precond;eda_peakarea_precond;pupil_full_pupil_asymmetry_precond;pupil_full_pupil_mean_precond"
2025-12-19 16:23:13.049547,30,"stress_label",10,128,0.0625,0.546511627906977,0.441860465116279,0.534883720930233,10,"top10","hr_med_precond;hr_sd_precond;eda_med_precond;eeg_fm_specent_precond;hrv_rmssd_precond;eda_pkrate_precond;eeg_faa_precond;eda_peakarea_precond;pupil_full_pupil_asymmetry_precond;pupil_full_pupil_mean_precond"
2025-12-19 16:23:13.044846,30,"stress_label",10,256,0.0625,0.546511627906977,0.540697674418605,0.544961240310078,10,"top10","hr_med_precond;hr_sd_precond;eda_med_precond;eeg_fm_specent_precond;hrv_rmssd_precond;eda_pkrate_precond;eeg_faa_precond;eda_peakarea_precond;pupil_full_pupil_asymmetry_precond;pupil_full_pupil_mean_precond"
2025-12-19 16:23:12.592206,30,"stress_label",10,2,0.125,0.540697674418605,0.534883720930233,0.547286821705426,10,"top10","hr_med_precond;hr_sd_precond;eda_med_precond;eeg_fm_specent_precond;hrv_rmssd_precond;eda_pkrate_precond;eeg_faa_precond;eda_peakarea_precond;pupil_full_pupil_asymmetry_precond;pupil_full_pupil_mean_precond"
2025-12-19 16:23:12.660993,30,"stress_label",10,4,0.125,0.552325581395349,0.511627906976744,0.553488372093023,10,"top10","hr_med_precond;hr_sd_precond;eda_med_precond;eeg_fm_specent_precond;hrv_rmssd_precond;eda_pkrate_precond;eeg_faa_precond;eda_peakarea_precond;pupil_full_pupil_asymmetry_precond;pupil_full_pupil_mean_precond"
2025-12-19 16:23:12.79319,30,"stress_label",10,8,0.125,0.540697674418605,0.540697674418605,0.524031007751938,10,"top10","hr_med_precond;hr_sd_precond;eda_med_precond;eeg_fm_specent_precond;hrv_rmssd_precond;eda_pkrate_precond;eeg_faa_precond;eda_peakarea_precond;pupil_full_pupil_asymmetry_precond;pupil_full_pupil_mean_precond"
2025-12-19 16:23:12.824456,30,"stress_label",10,16,0.125,0.529069767441861,0.546511627906977,0.507751937984496,10,"top10","hr_med_precond;hr_sd_precond;eda_med_precond;eeg_fm_specent_precond;hrv_rmssd_precond;eda_pkrate_precond;eeg_faa_precond;eda_peakarea_precond;pupil_full_pupil_asymmetry_precond;pupil_full_pupil_mean_precond"
2025-12-19 16:23:13.000371,30,"stress_label",10,32,0.125,0.540697674418605,0.563953488372093,0.537984496124031,10,"top10","hr_med_precond;hr_sd_precond;eda_med_precond;eeg_fm_specent_precond;hrv_rmssd_precond;eda_pkrate_precond;eeg_faa_precond;eda_peakarea_precond;pupil_full_pupil_asymmetry_precond;pupil_full_pupil_mean_precond"
2025-12-19 16:23:13.054179,30,"stress_label",10,64,0.125,0.546511627906977,0.558139534883721,0.544961240310078,10,"top10","hr_med_precond;hr_sd_precond;eda_med_precond;eeg_fm_specent_precond;hrv_rmssd_precond;eda_pkrate_precond;eeg_faa_precond;eda_peakarea_precond;pupil_full_pupil_asymmetry_precond;pupil_full_pupil_mean_precond"
2025-12-19 16:23:13.068538,30,"stress_label",10,128,0.125,0.546511627906977,0.558139534883721,0.544961240310078,10,"top10","hr_med_precond;hr_sd_precond;eda_med_precond;eeg_fm_specent_precond;hrv_rmssd_precond;eda_pkrate_precond;eeg_faa_precond;eda_peakarea_precond;pupil_full_pupil_asymmetry_precond;pupil_full_pupil_mean_precond"
2025-12-19 16:23:13.301431,30,"stress_label",10,256,0.125,0.546511627906977,0.546511627906977,0.544961240310078,10,"top10","hr_med_precond;hr_sd_precond;eda_med_precond;eeg_fm_specent_precond;hrv_rmssd_precond;eda_pkrate_precond;eeg_faa_precond;eda_peakarea_precond;pupil_full_pupil_asymmetry_precond;pupil_full_pupil_mean_precond"
2025-12-19 16:23:13.130091,30,"stress_label",10,2,0.03,0.523255813953488,0.482558139534884,0.510852713178295,10,"top10","hr_med_precond;hr_sd_precond;eda_med_precond;eeg_fm_specent_precond;hrv_rmssd_precond;eda_pkrate_precond;eeg_faa_precond;eda_peakarea_precond;pupil_full_pupil_asymmetry_precond;pupil_full_pupil_mean_precond"
2025-12-19 16:23:13.511806,30,"stress_label",10,4,0.03,0.540697674418605,0.563953488372093,0.54031007751938,10,"top10","hr_med_precond;hr_sd_precond;eda_med_precond;eeg_fm_specent_precond;hrv_rmssd_precond;eda_pkrate_precond;eeg_faa_precond;eda_peakarea_precond;pupil_full_pupil_asymmetry_precond;pupil_full_pupil_mean_precond"
2025-12-19 16:23:13.738515,30,"stress_label",10,8,0.03,0.558139534883721,0.546511627906977,0.545736434108527,10,"top10","hr_med_precond;hr_sd_precond;eda_med_precond;eeg_fm_specent_precond;hrv_rmssd_precond;eda_pkrate_precond;eeg_faa_precond;eda_peakarea_precond;pupil_full_pupil_asymmetry_precond;pupil_full_pupil_mean_precond"
2025-12-19 16:23:13.8362,30,"stress_label",10,16,0.03,0.529069767441861,0.534883720930233,0.531782945736434,10,"top10","hr_med_precond;hr_sd_precond;eda_med_precond;eeg_fm_specent_precond;hrv_rmssd_precond;eda_pkrate_precond;eeg_faa_precond;eda_peakarea_precond;pupil_full_pupil_asymmetry_precond;pupil_full_pupil_mean_precond"
2025-12-19 16:23:14.052972,30,"stress_label",10,32,0.03,0.517441860465116,0.5,0.527131782945736,10,"top10","hr_med_precond;hr_sd_precond;eda_med_precond;eeg_fm_specent_precond;hrv_rmssd_precond;eda_pkrate_precond;eeg_faa_precond;eda_peakarea_precond;pupil_full_pupil_asymmetry_precond;pupil_full_pupil_mean_precond"
2025-12-19 16:23:14.222838,30,"stress_label",10,64,0.03,0.488372093023256,0.459302325581395,NA,10,"top10","hr_med_precond;hr_sd_precond;eda_med_precond;eeg_fm_specent_precond;hrv_rmssd_precond;eda_pkrate_precond;eeg_faa_precond;eda_peakarea_precond;pupil_full_pupil_asymmetry_precond;pupil_full_pupil_mean_precond"
2025-12-19 16:23:14.525311,30,"stress_label",10,128,0.03,0.569767441860465,0.494186046511628,NA,10,"top10","hr_med_precond;hr_sd_precond;eda_med_precond;eeg_fm_specent_precond;hrv_rmssd_precond;eda_pkrate_precond;eeg_faa_precond;eda_peakarea_precond;pupil_full_pupil_asymmetry_precond;pupil_full_pupil_mean_precond"
2025-12-19 16:23:14.898754,30,"stress_label",10,256,0.03,0.581395348837209,0.406976744186047,NA,10,"top10","hr_med_precond;hr_sd_precond;eda_med_precond;eeg_fm_specent_precond;hrv_rmssd_precond;eda_pkrate_precond;eeg_faa_precond;eda_peakarea_precond;pupil_full_pupil_asymmetry_precond;pupil_full_pupil_mean_precond"
2025-12-19 16:23:14.138858,30,"stress_label",10,2,0.06,0.546511627906977,0.534883720930233,0.548062015503876,10,"top10","hr_med_precond;hr_sd_precond;eda_med_precond;eeg_fm_specent_precond;hrv_rmssd_precond;eda_pkrate_precond;eeg_faa_precond;eda_peakarea_precond;pupil_full_pupil_asymmetry_precond;pupil_full_pupil_mean_precond"
2025-12-19 16:23:14.180558,30,"stress_label",10,4,0.06,0.517441860465116,0.558139534883721,0.513178294573643,10,"top10","hr_med_precond;hr_sd_precond;eda_med_precond;eeg_fm_specent_precond;hrv_rmssd_precond;eda_pkrate_precond;eeg_faa_precond;eda_peakarea_precond;pupil_full_pupil_asymmetry_precond;pupil_full_pupil_mean_precond"
2025-12-19 16:23:14.220666,30,"stress_label",10,8,0.06,0.540697674418605,0.540697674418605,0.542635658914729,10,"top10","hr_med_precond;hr_sd_precond;eda_med_precond;eeg_fm_specent_precond;hrv_rmssd_precond;eda_pkrate_precond;eeg_faa_precond;eda_peakarea_precond;pupil_full_pupil_asymmetry_precond;pupil_full_pupil_mean_precond"
2025-12-19 16:23:14.271706,30,"stress_label",10,16,0.06,0.569767441860465,0.540697674418605,0.57984496124031,10,"top10","hr_med_precond;hr_sd_precond;eda_med_precond;eeg_fm_specent_precond;hrv_rmssd_precond;eda_pkrate_precond;eeg_faa_precond;eda_peakarea_precond;pupil_full_pupil_asymmetry_precond;pupil_full_pupil_mean_precond"
2025-12-19 16:23:14.453659,30,"stress_label",10,32,0.06,0.604651162790698,0.540697674418605,NA,10,"top10","hr_med_precond;hr_sd_precond;eda_med_precond;eeg_fm_specent_precond;hrv_rmssd_precond;eda_pkrate_precond;eeg_faa_precond;eda_peakarea_precond;pupil_full_pupil_asymmetry_precond;pupil_full_pupil_mean_precond"
2025-12-19 16:23:14.639356,30,"stress_label",10,64,0.06,0.546511627906977,0.534883720930233,0.52015503875969,10,"top10","hr_med_precond;hr_sd_precond;eda_med_precond;eeg_fm_specent_precond;hrv_rmssd_precond;eda_pkrate_precond;eeg_faa_precond;eda_peakarea_precond;pupil_full_pupil_asymmetry_precond;pupil_full_pupil_mean_precond"
2025-12-19 16:23:14.844228,30,"stress_label",10,128,0.06,0.558139534883721,0.494186046511628,0.542635658914729,10,"top10","hr_med_precond;hr_sd_precond;eda_med_precond;eeg_fm_specent_precond;hrv_rmssd_precond;eda_pkrate_precond;eeg_faa_precond;eda_peakarea_precond;pupil_full_pupil_asymmetry_precond;pupil_full_pupil_mean_precond"
2025-12-19 16:23:15.037313,30,"stress_label",10,256,0.06,0.546511627906977,0.517441860465116,0.544961240310078,10,"top10","hr_med_precond;hr_sd_precond;eda_med_precond;eeg_fm_specent_precond;hrv_rmssd_precond;eda_pkrate_precond;eeg_faa_precond;eda_peakarea_precond;pupil_full_pupil_asymmetry_precond;pupil_full_pupil_mean_precond"
2025-12-19 16:23:14.835711,30,"stress_label",10,2,0.1,0.540697674418605,0.482558139534884,0.547286821705426,10,"top10","hr_med_precond;hr_sd_precond;eda_med_precond;eeg_fm_specent_precond;hrv_rmssd_precond;eda_pkrate_precond;eeg_faa_precond;eda_peakarea_precond;pupil_full_pupil_asymmetry_precond;pupil_full_pupil_mean_precond"
2025-12-19 16:23:14.944593,30,"stress_label",10,4,0.1,0.546511627906977,0.523255813953488,0.551162790697674,10,"top10","hr_med_precond;hr_sd_precond;eda_med_precond;eeg_fm_specent_precond;hrv_rmssd_precond;eda_pkrate_precond;eeg_faa_precond;eda_peakarea_precond;pupil_full_pupil_asymmetry_precond;pupil_full_pupil_mean_precond"
2025-12-19 16:23:15.157374,30,"stress_label",10,8,0.1,0.581395348837209,0.529069767441861,0.581395348837209,10,"top10","hr_med_precond;hr_sd_precond;eda_med_precond;eeg_fm_specent_precond;hrv_rmssd_precond;eda_pkrate_precond;eeg_faa_precond;eda_peakarea_precond;pupil_full_pupil_asymmetry_precond;pupil_full_pupil_mean_precond"
2025-12-19 16:23:15.239398,30,"stress_label",10,16,0.1,0.546511627906977,0.517441860465116,0.524031007751938,10,"top10","hr_med_precond;hr_sd_precond;eda_med_precond;eeg_fm_specent_precond;hrv_rmssd_precond;eda_pkrate_precond;eeg_faa_precond;eda_peakarea_precond;pupil_full_pupil_asymmetry_precond;pupil_full_pupil_mean_precond"
2025-12-19 16:23:15.301063,30,"stress_label",10,32,0.1,0.546511627906977,0.540697674418605,0.538759689922481,10,"top10","hr_med_precond;hr_sd_precond;eda_med_precond;eeg_fm_specent_precond;hrv_rmssd_precond;eda_pkrate_precond;eeg_faa_precond;eda_peakarea_precond;pupil_full_pupil_asymmetry_precond;pupil_full_pupil_mean_precond"
2025-12-19 16:23:15.335658,30,"stress_label",10,64,0.1,0.534883720930233,0.540697674418605,0.542635658914729,10,"top10","hr_med_precond;hr_sd_precond;eda_med_precond;eeg_fm_specent_precond;hrv_rmssd_precond;eda_pkrate_precond;eeg_faa_precond;eda_peakarea_precond;pupil_full_pupil_asymmetry_precond;pupil_full_pupil_mean_precond"
2025-12-19 16:23:15.364036,30,"stress_label",10,128,0.1,0.534883720930233,0.447674418604651,0.542635658914729,10,"top10","hr_med_precond;hr_sd_precond;eda_med_precond;eeg_fm_specent_precond;hrv_rmssd_precond;eda_pkrate_precond;eeg_faa_precond;eda_peakarea_precond;pupil_full_pupil_asymmetry_precond;pupil_full_pupil_mean_precond"
2025-12-19 16:23:15.390532,30,"stress_label",10,256,0.1,0.534883720930233,0.540697674418605,0.542635658914729,10,"top10","hr_med_precond;hr_sd_precond;eda_med_precond;eeg_fm_specent_precond;hrv_rmssd_precond;eda_pkrate_precond;eeg_faa_precond;eda_peakarea_precond;pupil_full_pupil_asymmetry_precond;pupil_full_pupil_mean_precond"
2025-12-19 16:23:16.766127,31,"stress_label",10,2,0.0078125,0.534883720930233,0.552325581395349,0.489147286821705,10,"top10","hr_sd_precond;hr_med_precond;eda_med_precond;hrv_rmssd_precond;eeg_fm_specent_precond;pupil_full_pupil_asymmetry_precond;eda_peakarea_precond;pupil_full_pupil_mean_precond;eeg_fl_theta_power_precond;eeg_faa_precond"
2025-12-19 16:23:16.763906,31,"stress_label",10,4,0.0078125,0.569767441860465,0.598837209302326,0.548062015503876,10,"top10","hr_sd_precond;hr_med_precond;eda_med_precond;hrv_rmssd_precond;eeg_fm_specent_precond;pupil_full_pupil_asymmetry_precond;eda_peakarea_precond;pupil_full_pupil_mean_precond;eeg_fl_theta_power_precond;eeg_faa_precond"
2025-12-19 16:23:16.743973,31,"stress_label",10,8,0.0078125,0.569767441860465,0.598837209302326,0.546511627906977,10,"top10","hr_sd_precond;hr_med_precond;eda_med_precond;hrv_rmssd_precond;eeg_fm_specent_precond;pupil_full_pupil_asymmetry_precond;eda_peakarea_precond;pupil_full_pupil_mean_precond;eeg_fl_theta_power_precond;eeg_faa_precond"
2025-12-19 16:23:16.75128,31,"stress_label",10,16,0.0078125,0.581395348837209,0.593023255813954,0.585271317829457,10,"top10","hr_sd_precond;hr_med_precond;eda_med_precond;hrv_rmssd_precond;eeg_fm_specent_precond;pupil_full_pupil_asymmetry_precond;eda_peakarea_precond;pupil_full_pupil_mean_precond;eeg_fl_theta_power_precond;eeg_faa_precond"
2025-12-19 16:23:16.779441,31,"stress_label",10,32,0.0078125,0.587209302325581,0.604651162790698,0.574418604651163,10,"top10","hr_sd_precond;hr_med_precond;eda_med_precond;hrv_rmssd_precond;eeg_fm_specent_precond;pupil_full_pupil_asymmetry_precond;eda_peakarea_precond;pupil_full_pupil_mean_precond;eeg_fl_theta_power_precond;eeg_faa_precond"
2025-12-19 16:23:16.789964,31,"stress_label",10,64,0.0078125,0.598837209302326,0.616279069767442,0.60077519379845,10,"top10","hr_sd_precond;hr_med_precond;eda_med_precond;hrv_rmssd_precond;eeg_fm_specent_precond;pupil_full_pupil_asymmetry_precond;eda_peakarea_precond;pupil_full_pupil_mean_precond;eeg_fl_theta_power_precond;eeg_faa_precond"
2025-12-19 16:23:16.88908,31,"stress_label",10,128,0.0078125,0.558139534883721,0.598837209302326,0.549612403100775,10,"top10","hr_sd_precond;hr_med_precond;eda_med_precond;hrv_rmssd_precond;eeg_fm_specent_precond;pupil_full_pupil_asymmetry_precond;eda_peakarea_precond;pupil_full_pupil_mean_precond;eeg_fl_theta_power_precond;eeg_faa_precond"
2025-12-19 16:23:17.060382,31,"stress_label",10,256,0.0078125,0.546511627906977,0.598837209302326,0.544961240310078,10,"top10","hr_sd_precond;hr_med_precond;eda_med_precond;hrv_rmssd_precond;eeg_fm_specent_precond;pupil_full_pupil_asymmetry_precond;eda_peakarea_precond;pupil_full_pupil_mean_precond;eeg_fl_theta_power_precond;eeg_faa_precond"
2025-12-19 16:23:16.755211,31,"stress_label",10,2,0.015625,0.552325581395349,0.604651162790698,0.527131782945736,10,"top10","hr_sd_precond;hr_med_precond;eda_med_precond;hrv_rmssd_precond;eeg_fm_specent_precond;pupil_full_pupil_asymmetry_precond;eda_peakarea_precond;pupil_full_pupil_mean_precond;eeg_fl_theta_power_precond;eeg_faa_precond"
2025-12-19 16:23:16.741128,31,"stress_label",10,4,0.015625,0.558139534883721,0.587209302325581,0.542635658914729,10,"top10","hr_sd_precond;hr_med_precond;eda_med_precond;hrv_rmssd_precond;eeg_fm_specent_precond;pupil_full_pupil_asymmetry_precond;eda_peakarea_precond;pupil_full_pupil_mean_precond;eeg_fl_theta_power_precond;eeg_faa_precond"
2025-12-19 16:23:16.755296,31,"stress_label",10,8,0.015625,0.569767441860465,0.581395348837209,0.56046511627907,10,"top10","hr_sd_precond;hr_med_precond;eda_med_precond;hrv_rmssd_precond;eeg_fm_specent_precond;pupil_full_pupil_asymmetry_precond;eda_peakarea_precond;pupil_full_pupil_mean_precond;eeg_fl_theta_power_precond;eeg_faa_precond"
2025-12-19 16:23:16.805921,31,"stress_label",10,16,0.015625,0.587209302325581,0.593023255813954,0.591472868217054,10,"top10","hr_sd_precond;hr_med_precond;eda_med_precond;hrv_rmssd_precond;eeg_fm_specent_precond;pupil_full_pupil_asymmetry_precond;eda_peakarea_precond;pupil_full_pupil_mean_precond;eeg_fl_theta_power_precond;eeg_faa_precond"
2025-12-19 16:23:16.806946,31,"stress_label",10,32,0.015625,0.552325581395349,0.575581395348837,0.546511627906977,10,"top10","hr_sd_precond;hr_med_precond;eda_med_precond;hrv_rmssd_precond;eeg_fm_specent_precond;pupil_full_pupil_asymmetry_precond;eda_peakarea_precond;pupil_full_pupil_mean_precond;eeg_fl_theta_power_precond;eeg_faa_precond"
2025-12-19 16:23:16.87843,31,"stress_label",10,64,0.015625,0.534883720930233,0.581395348837209,0.534108527131783,10,"top10","hr_sd_precond;hr_med_precond;eda_med_precond;hrv_rmssd_precond;eeg_fm_specent_precond;pupil_full_pupil_asymmetry_precond;eda_peakarea_precond;pupil_full_pupil_mean_precond;eeg_fl_theta_power_precond;eeg_faa_precond"
2025-12-19 16:23:18.184537,31,"stress_label",10,128,0.015625,0.5,0.546511627906977,NA,10,"top10","hr_sd_precond;hr_med_precond;eda_med_precond;hrv_rmssd_precond;eeg_fm_specent_precond;pupil_full_pupil_asymmetry_precond;eda_peakarea_precond;pupil_full_pupil_mean_precond;eeg_fl_theta_power_precond;eeg_faa_precond"
2025-12-19 16:23:18.505229,31,"stress_label",10,256,0.015625,0.540697674418605,0.505813953488372,NA,10,"top10","hr_sd_precond;hr_med_precond;eda_med_precond;hrv_rmssd_precond;eeg_fm_specent_precond;pupil_full_pupil_asymmetry_precond;eda_peakarea_precond;pupil_full_pupil_mean_precond;eeg_fl_theta_power_precond;eeg_faa_precond"
2025-12-19 16:23:17.89609,31,"stress_label",10,2,0.03125,0.552325581395349,0.581395348837209,0.541860465116279,10,"top10","hr_sd_precond;hr_med_precond;eda_med_precond;hrv_rmssd_precond;eeg_fm_specent_precond;pupil_full_pupil_asymmetry_precond;eda_peakarea_precond;pupil_full_pupil_mean_precond;eeg_fl_theta_power_precond;eeg_faa_precond"
2025-12-19 16:23:17.928824,31,"stress_label",10,4,0.03125,0.563953488372093,0.604651162790698,0.562790697674419,10,"top10","hr_sd_precond;hr_med_precond;eda_med_precond;hrv_rmssd_precond;eeg_fm_specent_precond;pupil_full_pupil_asymmetry_precond;eda_peakarea_precond;pupil_full_pupil_mean_precond;eeg_fl_theta_power_precond;eeg_faa_precond"
2025-12-19 16:23:17.907938,31,"stress_label",10,8,0.03125,0.540697674418605,0.581395348837209,0.544186046511628,10,"top10","hr_sd_precond;hr_med_precond;eda_med_precond;hrv_rmssd_precond;eeg_fm_specent_precond;pupil_full_pupil_asymmetry_precond;eda_peakarea_precond;pupil_full_pupil_mean_precond;eeg_fl_theta_power_precond;eeg_faa_precond"
2025-12-19 16:23:17.971301,31,"stress_label",10,16,0.03125,0.511627906976744,0.569767441860465,NA,10,"top10","hr_sd_precond;hr_med_precond;eda_med_precond;hrv_rmssd_precond;eeg_fm_specent_precond;pupil_full_pupil_asymmetry_precond;eda_peakarea_precond;pupil_full_pupil_mean_precond;eeg_fl_theta_power_precond;eeg_faa_precond"
2025-12-19 16:23:18.050644,31,"stress_label",10,32,0.03125,0.482558139534884,0.546511627906977,NA,10,"top10","hr_sd_precond;hr_med_precond;eda_med_precond;hrv_rmssd_precond;eeg_fm_specent_precond;pupil_full_pupil_asymmetry_precond;eda_peakarea_precond;pupil_full_pupil_mean_precond;eeg_fl_theta_power_precond;eeg_faa_precond"
2025-12-19 16:23:18.229527,31,"stress_label",10,64,0.03125,0.511627906976744,0.488372093023256,NA,10,"top10","hr_sd_precond;hr_med_precond;eda_med_precond;hrv_rmssd_precond;eeg_fm_specent_precond;pupil_full_pupil_asymmetry_precond;eda_peakarea_precond;pupil_full_pupil_mean_precond;eeg_fl_theta_power_precond;eeg_faa_precond"
2025-12-19 16:23:18.430936,31,"stress_label",10,128,0.03125,0.540697674418605,0.511627906976744,NA,10,"top10","hr_sd_precond;hr_med_precond;eda_med_precond;hrv_rmssd_precond;eeg_fm_specent_precond;pupil_full_pupil_asymmetry_precond;eda_peakarea_precond;pupil_full_pupil_mean_precond;eeg_fl_theta_power_precond;eeg_faa_precond"
2025-12-19 16:23:18.758891,31,"stress_label",10,256,0.03125,0.517441860465116,0.482558139534884,NA,10,"top10","hr_sd_precond;hr_med_precond;eda_med_precond;hrv_rmssd_precond;eeg_fm_specent_precond;pupil_full_pupil_asymmetry_precond;eda_peakarea_precond;pupil_full_pupil_mean_precond;eeg_fl_theta_power_precond;eeg_faa_precond"
2025-12-19 16:23:17.960525,31,"stress_label",10,2,0.0625,0.563953488372093,0.593023255813954,NA,10,"top10","hr_sd_precond;hr_med_precond;eda_med_precond;hrv_rmssd_precond;eeg_fm_specent_precond;pupil_full_pupil_asymmetry_precond;eda_peakarea_precond;pupil_full_pupil_mean_precond;eeg_fl_theta_power_precond;eeg_faa_precond"
2025-12-19 16:23:18.019996,31,"stress_label",10,4,0.0625,0.505813953488372,0.546511627906977,NA,10,"top10","hr_sd_precond;hr_med_precond;eda_med_precond;hrv_rmssd_precond;eeg_fm_specent_precond;pupil_full_pupil_asymmetry_precond;eda_peakarea_precond;pupil_full_pupil_mean_precond;eeg_fl_theta_power_precond;eeg_faa_precond"
2025-12-19 16:23:18.155802,31,"stress_label",10,8,0.0625,0.465116279069767,0.517441860465116,NA,10,"top10","hr_sd_precond;hr_med_precond;eda_med_precond;hrv_rmssd_precond;eeg_fm_specent_precond;pupil_full_pupil_asymmetry_precond;eda_peakarea_precond;pupil_full_pupil_mean_precond;eeg_fl_theta_power_precond;eeg_faa_precond"
2025-12-19 16:23:18.335456,31,"stress_label",10,16,0.0625,0.517441860465116,0.465116279069767,NA,10,"top10","hr_sd_precond;hr_med_precond;eda_med_precond;hrv_rmssd_precond;eeg_fm_specent_precond;pupil_full_pupil_asymmetry_precond;eda_peakarea_precond;pupil_full_pupil_mean_precond;eeg_fl_theta_power_precond;eeg_faa_precond"
2025-12-19 16:23:19.245213,31,"stress_label",10,32,0.0625,0.529069767441861,0.436046511627907,NA,10,"top10","hr_sd_precond;hr_med_precond;eda_med_precond;hrv_rmssd_precond;eeg_fm_specent_precond;pupil_full_pupil_asymmetry_precond;eda_peakarea_precond;pupil_full_pupil_mean_precond;eeg_fl_theta_power_precond;eeg_faa_precond"
2025-12-19 16:23:19.405372,31,"stress_label",10,64,0.0625,0.534883720930233,0.534883720930233,NA,10,"top10","hr_sd_precond;hr_med_precond;eda_med_precond;hrv_rmssd_precond;eeg_fm_specent_precond;pupil_full_pupil_asymmetry_precond;eda_peakarea_precond;pupil_full_pupil_mean_precond;eeg_fl_theta_power_precond;eeg_faa_precond"
2025-12-19 16:23:19.544504,31,"stress_label",10,128,0.0625,0.482558139534884,0.459302325581395,NA,10,"top10","hr_sd_precond;hr_med_precond;eda_med_precond;hrv_rmssd_precond;eeg_fm_specent_precond;pupil_full_pupil_asymmetry_precond;eda_peakarea_precond;pupil_full_pupil_mean_precond;eeg_fl_theta_power_precond;eeg_faa_precond"
2025-12-19 16:23:19.628157,31,"stress_label",10,256,0.0625,0.482558139534884,0.5,NA,10,"top10","hr_sd_precond;hr_med_precond;eda_med_precond;hrv_rmssd_precond;eeg_fm_specent_precond;pupil_full_pupil_asymmetry_precond;eda_peakarea_precond;pupil_full_pupil_mean_precond;eeg_fl_theta_power_precond;eeg_faa_precond"
2025-12-19 16:23:19.130155,31,"stress_label",10,2,0.125,0.517441860465116,0.569767441860465,NA,10,"top10","hr_sd_precond;hr_med_precond;eda_med_precond;hrv_rmssd_precond;eeg_fm_specent_precond;pupil_full_pupil_asymmetry_precond;eda_peakarea_precond;pupil_full_pupil_mean_precond;eeg_fl_theta_power_precond;eeg_faa_precond"
2025-12-19 16:23:19.279405,31,"stress_label",10,4,0.125,0.529069767441861,0.482558139534884,NA,10,"top10","hr_sd_precond;hr_med_precond;eda_med_precond;hrv_rmssd_precond;eeg_fm_specent_precond;pupil_full_pupil_asymmetry_precond;eda_peakarea_precond;pupil_full_pupil_mean_precond;eeg_fl_theta_power_precond;eeg_faa_precond"
2025-12-19 16:23:19.342478,31,"stress_label",10,8,0.125,0.523255813953488,0.494186046511628,NA,10,"top10","hr_sd_precond;hr_med_precond;eda_med_precond;hrv_rmssd_precond;eeg_fm_specent_precond;pupil_full_pupil_asymmetry_precond;eda_peakarea_precond;pupil_full_pupil_mean_precond;eeg_fl_theta_power_precond;eeg_faa_precond"
2025-12-19 16:23:19.438267,31,"stress_label",10,16,0.125,0.517441860465116,0.406976744186047,NA,10,"top10","hr_sd_precond;hr_med_precond;eda_med_precond;hrv_rmssd_precond;eeg_fm_specent_precond;pupil_full_pupil_asymmetry_precond;eda_peakarea_precond;pupil_full_pupil_mean_precond;eeg_fl_theta_power_precond;eeg_faa_precond"
2025-12-19 16:23:19.489422,31,"stress_label",10,32,0.125,0.505813953488372,0.447674418604651,NA,10,"top10","hr_sd_precond;hr_med_precond;eda_med_precond;hrv_rmssd_precond;eeg_fm_specent_precond;pupil_full_pupil_asymmetry_precond;eda_peakarea_precond;pupil_full_pupil_mean_precond;eeg_fl_theta_power_precond;eeg_faa_precond"
2025-12-19 16:23:19.57787,31,"stress_label",10,64,0.125,0.505813953488372,0.47093023255814,NA,10,"top10","hr_sd_precond;hr_med_precond;eda_med_precond;hrv_rmssd_precond;eeg_fm_specent_precond;pupil_full_pupil_asymmetry_precond;eda_peakarea_precond;pupil_full_pupil_mean_precond;eeg_fl_theta_power_precond;eeg_faa_precond"
2025-12-19 16:23:19.679396,31,"stress_label",10,128,0.125,0.505813953488372,0.436046511627907,NA,10,"top10","hr_sd_precond;hr_med_precond;eda_med_precond;hrv_rmssd_precond;eeg_fm_specent_precond;pupil_full_pupil_asymmetry_precond;eda_peakarea_precond;pupil_full_pupil_mean_precond;eeg_fl_theta_power_precond;eeg_faa_precond"
2025-12-19 16:23:19.800676,31,"stress_label",10,256,0.125,0.505813953488372,0.366279069767442,NA,10,"top10","hr_sd_precond;hr_med_precond;eda_med_precond;hrv_rmssd_precond;eeg_fm_specent_precond;pupil_full_pupil_asymmetry_precond;eda_peakarea_precond;pupil_full_pupil_mean_precond;eeg_fl_theta_power_precond;eeg_faa_precond"
2025-12-19 16:23:19.64959,31,"stress_label",10,2,0.03,0.546511627906977,0.587209302325581,0.541860465116279,10,"top10","hr_sd_precond;hr_med_precond;eda_med_precond;hrv_rmssd_precond;eeg_fm_specent_precond;pupil_full_pupil_asymmetry_precond;eda_peakarea_precond;pupil_full_pupil_mean_precond;eeg_fl_theta_power_precond;eeg_faa_precond"
2025-12-19 16:23:19.889947,31,"stress_label",10,4,0.03,0.569767441860465,0.604651162790698,0.565116279069767,10,"top10","hr_sd_precond;hr_med_precond;eda_med_precond;hrv_rmssd_precond;eeg_fm_specent_precond;pupil_full_pupil_asymmetry_precond;eda_peakarea_precond;pupil_full_pupil_mean_precond;eeg_fl_theta_power_precond;eeg_faa_precond"
2025-12-19 16:23:20.25249,31,"stress_label",10,8,0.03,0.552325581395349,0.581395348837209,0.554263565891473,10,"top10","hr_sd_precond;hr_med_precond;eda_med_precond;hrv_rmssd_precond;eeg_fm_specent_precond;pupil_full_pupil_asymmetry_precond;eda_peakarea_precond;pupil_full_pupil_mean_precond;eeg_fl_theta_power_precond;eeg_faa_precond"
2025-12-19 16:23:20.422604,31,"stress_label",10,16,0.03,0.517441860465116,0.563953488372093,0.512403100775194,10,"top10","hr_sd_precond;hr_med_precond;eda_med_precond;hrv_rmssd_precond;eeg_fm_specent_precond;pupil_full_pupil_asymmetry_precond;eda_peakarea_precond;pupil_full_pupil_mean_precond;eeg_fl_theta_power_precond;eeg_faa_precond"
2025-12-19 16:23:20.531476,31,"stress_label",10,32,0.03,0.488372093023256,0.546511627906977,0.49922480620155,10,"top10","hr_sd_precond;hr_med_precond;eda_med_precond;hrv_rmssd_precond;eeg_fm_specent_precond;pupil_full_pupil_asymmetry_precond;eda_peakarea_precond;pupil_full_pupil_mean_precond;eeg_fl_theta_power_precond;eeg_faa_precond"
2025-12-19 16:23:20.770326,31,"stress_label",10,64,0.03,0.511627906976744,0.476744186046512,NA,10,"top10","hr_sd_precond;hr_med_precond;eda_med_precond;hrv_rmssd_precond;eeg_fm_specent_precond;pupil_full_pupil_asymmetry_precond;eda_peakarea_precond;pupil_full_pupil_mean_precond;eeg_fl_theta_power_precond;eeg_faa_precond"
2025-12-19 16:23:21.004634,31,"stress_label",10,128,0.03,0.540697674418605,0.482558139534884,NA,10,"top10","hr_sd_precond;hr_med_precond;eda_med_precond;hrv_rmssd_precond;eeg_fm_specent_precond;pupil_full_pupil_asymmetry_precond;eda_peakarea_precond;pupil_full_pupil_mean_precond;eeg_fl_theta_power_precond;eeg_faa_precond"
2025-12-19 16:23:21.361336,31,"stress_label",10,256,0.03,0.529069767441861,0.523255813953488,NA,10,"top10","hr_sd_precond;hr_med_precond;eda_med_precond;hrv_rmssd_precond;eeg_fm_specent_precond;pupil_full_pupil_asymmetry_precond;eda_peakarea_precond;pupil_full_pupil_mean_precond;eeg_fl_theta_power_precond;eeg_faa_precond"
2025-12-19 16:23:20.654807,31,"stress_label",10,2,0.06,0.558139534883721,0.598837209302326,NA,10,"top10","hr_sd_precond;hr_med_precond;eda_med_precond;hrv_rmssd_precond;eeg_fm_specent_precond;pupil_full_pupil_asymmetry_precond;eda_peakarea_precond;pupil_full_pupil_mean_precond;eeg_fl_theta_power_precond;eeg_faa_precond"
2025-12-19 16:23:20.674958,31,"stress_label",10,4,0.06,0.511627906976744,0.563953488372093,NA,10,"top10","hr_sd_precond;hr_med_precond;eda_med_precond;hrv_rmssd_precond;eeg_fm_specent_precond;pupil_full_pupil_asymmetry_precond;eda_peakarea_precond;pupil_full_pupil_mean_precond;eeg_fl_theta_power_precond;eeg_faa_precond"
2025-12-19 16:23:20.767774,31,"stress_label",10,8,0.06,0.476744186046512,0.517441860465116,NA,10,"top10","hr_sd_precond;hr_med_precond;eda_med_precond;hrv_rmssd_precond;eeg_fm_specent_precond;pupil_full_pupil_asymmetry_precond;eda_peakarea_precond;pupil_full_pupil_mean_precond;eeg_fl_theta_power_precond;eeg_faa_precond"
2025-12-19 16:23:20.880862,31,"stress_label",10,16,0.06,0.523255813953488,0.523255813953488,NA,10,"top10","hr_sd_precond;hr_med_precond;eda_med_precond;hrv_rmssd_precond;eeg_fm_specent_precond;pupil_full_pupil_asymmetry_precond;eda_peakarea_precond;pupil_full_pupil_mean_precond;eeg_fl_theta_power_precond;eeg_faa_precond"
2025-12-19 16:23:21.017012,31,"stress_label",10,32,0.06,0.534883720930233,0.511627906976744,NA,10,"top10","hr_sd_precond;hr_med_precond;eda_med_precond;hrv_rmssd_precond;eeg_fm_specent_precond;pupil_full_pupil_asymmetry_precond;eda_peakarea_precond;pupil_full_pupil_mean_precond;eeg_fl_theta_power_precond;eeg_faa_precond"
2025-12-19 16:23:21.176728,31,"stress_label",10,64,0.06,0.523255813953488,0.412790697674419,NA,10,"top10","hr_sd_precond;hr_med_precond;eda_med_precond;hrv_rmssd_precond;eeg_fm_specent_precond;pupil_full_pupil_asymmetry_precond;eda_peakarea_precond;pupil_full_pupil_mean_precond;eeg_fl_theta_power_precond;eeg_faa_precond"
2025-12-19 16:23:21.398209,31,"stress_label",10,128,0.06,0.476744186046512,0.459302325581395,NA,10,"top10","hr_sd_precond;hr_med_precond;eda_med_precond;hrv_rmssd_precond;eeg_fm_specent_precond;pupil_full_pupil_asymmetry_precond;eda_peakarea_precond;pupil_full_pupil_mean_precond;eeg_fl_theta_power_precond;eeg_faa_precond"
2025-12-19 16:23:21.494953,31,"stress_label",10,256,0.06,0.482558139534884,0.488372093023256,NA,10,"top10","hr_sd_precond;hr_med_precond;eda_med_precond;hrv_rmssd_precond;eeg_fm_specent_precond;pupil_full_pupil_asymmetry_precond;eda_peakarea_precond;pupil_full_pupil_mean_precond;eeg_fl_theta_power_precond;eeg_faa_precond"
2025-12-19 16:23:21.377496,31,"stress_label",10,2,0.1,0.517441860465116,0.569767441860465,NA,10,"top10","hr_sd_precond;hr_med_precond;eda_med_precond;hrv_rmssd_precond;eeg_fm_specent_precond;pupil_full_pupil_asymmetry_precond;eda_peakarea_precond;pupil_full_pupil_mean_precond;eeg_fl_theta_power_precond;eeg_faa_precond"
2025-12-19 16:23:21.536407,31,"stress_label",10,4,0.1,0.488372093023256,0.575581395348837,NA,10,"top10","hr_sd_precond;hr_med_precond;eda_med_precond;hrv_rmssd_precond;eeg_fm_specent_precond;pupil_full_pupil_asymmetry_precond;eda_peakarea_precond;pupil_full_pupil_mean_precond;eeg_fl_theta_power_precond;eeg_faa_precond"
2025-12-19 16:23:21.642128,31,"stress_label",10,8,0.1,0.529069767441861,0.5,NA,10,"top10","hr_sd_precond;hr_med_precond;eda_med_precond;hrv_rmssd_precond;eeg_fm_specent_precond;pupil_full_pupil_asymmetry_precond;eda_peakarea_precond;pupil_full_pupil_mean_precond;eeg_fl_theta_power_precond;eeg_faa_precond"
2025-12-19 16:23:21.784971,31,"stress_label",10,16,0.1,0.529069767441861,0.453488372093023,NA,10,"top10","hr_sd_precond;hr_med_precond;eda_med_precond;hrv_rmssd_precond;eeg_fm_specent_precond;pupil_full_pupil_asymmetry_precond;eda_peakarea_precond;pupil_full_pupil_mean_precond;eeg_fl_theta_power_precond;eeg_faa_precond"
2025-12-19 16:23:21.811767,31,"stress_label",10,32,0.1,0.517441860465116,0.453488372093023,NA,10,"top10","hr_sd_precond;hr_med_precond;eda_med_precond;hrv_rmssd_precond;eeg_fm_specent_precond;pupil_full_pupil_asymmetry_precond;eda_peakarea_precond;pupil_full_pupil_mean_precond;eeg_fl_theta_power_precond;eeg_faa_precond"
2025-12-19 16:23:21.880511,31,"stress_label",10,64,0.1,0.482558139534884,0.517441860465116,0.463565891472868,10,"top10","hr_sd_precond;hr_med_precond;eda_med_precond;hrv_rmssd_precond;eeg_fm_specent_precond;pupil_full_pupil_asymmetry_precond;eda_peakarea_precond;pupil_full_pupil_mean_precond;eeg_fl_theta_power_precond;eeg_faa_precond"
2025-12-19 16:23:21.87821,31,"stress_label",10,128,0.1,0.482558139534884,0.505813953488372,0.463565891472868,10,"top10","hr_sd_precond;hr_med_precond;eda_med_precond;hrv_rmssd_precond;eeg_fm_specent_precond;pupil_full_pupil_asymmetry_precond;eda_peakarea_precond;pupil_full_pupil_mean_precond;eeg_fl_theta_power_precond;eeg_faa_precond"
2025-12-19 16:23:21.932944,31,"stress_label",10,256,0.1,0.482558139534884,0.505813953488372,0.463565891472868,10,"top10","hr_sd_precond;hr_med_precond;eda_med_precond;hrv_rmssd_precond;eeg_fm_specent_precond;pupil_full_pupil_asymmetry_precond;eda_peakarea_precond;pupil_full_pupil_mean_precond;eeg_fl_theta_power_precond;eeg_faa_precond"
2025-12-19 16:23:23.278285,32,"stress_label",10,2,0.0078125,0.546511627906977,0.465116279069767,0.526356589147287,10,"top10","hr_sd_precond;hr_med_precond;eda_med_precond;hrv_rmssd_precond;eeg_fm_lbeta_power_precond;eeg_fm_specent_precond;pupil_full_pupil_mean_precond;pupil_full_pupil_asymmetry_precond;eda_pkrate_precond;eeg_faa_precond"
2025-12-19 16:23:23.298552,32,"stress_label",10,4,0.0078125,0.523255813953488,0.511627906976744,0.494573643410853,10,"top10","hr_sd_precond;hr_med_precond;eda_med_precond;hrv_rmssd_precond;eeg_fm_lbeta_power_precond;eeg_fm_specent_precond;pupil_full_pupil_mean_precond;pupil_full_pupil_asymmetry_precond;eda_pkrate_precond;eeg_faa_precond"
2025-12-19 16:23:23.29262,32,"stress_label",10,8,0.0078125,0.546511627906977,0.552325581395349,NA,10,"top10","hr_sd_precond;hr_med_precond;eda_med_precond;hrv_rmssd_precond;eeg_fm_lbeta_power_precond;eeg_fm_specent_precond;pupil_full_pupil_mean_precond;pupil_full_pupil_asymmetry_precond;eda_pkrate_precond;eeg_faa_precond"
2025-12-19 16:23:23.256722,32,"stress_label",10,16,0.0078125,0.558139534883721,0.598837209302326,0.52015503875969,10,"top10","hr_sd_precond;hr_med_precond;eda_med_precond;hrv_rmssd_precond;eeg_fm_lbeta_power_precond;eeg_fm_specent_precond;pupil_full_pupil_mean_precond;pupil_full_pupil_asymmetry_precond;eda_pkrate_precond;eeg_faa_precond"
2025-12-19 16:23:23.30318,32,"stress_label",10,32,0.0078125,0.546511627906977,0.581395348837209,0.513178294573643,10,"top10","hr_sd_precond;hr_med_precond;eda_med_precond;hrv_rmssd_precond;eeg_fm_lbeta_power_precond;eeg_fm_specent_precond;pupil_full_pupil_mean_precond;pupil_full_pupil_asymmetry_precond;eda_pkrate_precond;eeg_faa_precond"
2025-12-19 16:23:23.399505,32,"stress_label",10,64,0.0078125,0.523255813953488,0.552325581395349,NA,10,"top10","hr_sd_precond;hr_med_precond;eda_med_precond;hrv_rmssd_precond;eeg_fm_lbeta_power_precond;eeg_fm_specent_precond;pupil_full_pupil_mean_precond;pupil_full_pupil_asymmetry_precond;eda_pkrate_precond;eeg_faa_precond"
2025-12-19 16:23:23.454291,32,"stress_label",10,128,0.0078125,0.511627906976744,0.465116279069767,NA,10,"top10","hr_sd_precond;hr_med_precond;eda_med_precond;hrv_rmssd_precond;eeg_fm_lbeta_power_precond;eeg_fm_specent_precond;pupil_full_pupil_mean_precond;pupil_full_pupil_asymmetry_precond;eda_pkrate_precond;eeg_faa_precond"
2025-12-19 16:23:23.602757,32,"stress_label",10,256,0.0078125,0.459302325581395,0.517441860465116,NA,10,"top10","hr_sd_precond;hr_med_precond;eda_med_precond;hrv_rmssd_precond;eeg_fm_lbeta_power_precond;eeg_fm_specent_precond;pupil_full_pupil_mean_precond;pupil_full_pupil_asymmetry_precond;eda_pkrate_precond;eeg_faa_precond"
2025-12-19 16:23:23.305536,32,"stress_label",10,2,0.015625,0.523255813953488,0.523255813953488,0.494573643410853,10,"top10","hr_sd_precond;hr_med_precond;eda_med_precond;hrv_rmssd_precond;eeg_fm_lbeta_power_precond;eeg_fm_specent_precond;pupil_full_pupil_mean_precond;pupil_full_pupil_asymmetry_precond;eda_pkrate_precond;eeg_faa_precond"
2025-12-19 16:23:23.31549,32,"stress_label",10,4,0.015625,0.540697674418605,0.534883720930233,NA,10,"top10","hr_sd_precond;hr_med_precond;eda_med_precond;hrv_rmssd_precond;eeg_fm_lbeta_power_precond;eeg_fm_specent_precond;pupil_full_pupil_mean_precond;pupil_full_pupil_asymmetry_precond;eda_pkrate_precond;eeg_faa_precond"
2025-12-19 16:23:23.293043,32,"stress_label",10,8,0.015625,0.563953488372093,0.581395348837209,0.524806201550388,10,"top10","hr_sd_precond;hr_med_precond;eda_med_precond;hrv_rmssd_precond;eeg_fm_lbeta_power_precond;eeg_fm_specent_precond;pupil_full_pupil_mean_precond;pupil_full_pupil_asymmetry_precond;eda_pkrate_precond;eeg_faa_precond"
2025-12-19 16:23:23.25903,32,"stress_label",10,16,0.015625,0.523255813953488,0.552325581395349,NA,10,"top10","hr_sd_precond;hr_med_precond;eda_med_precond;hrv_rmssd_precond;eeg_fm_lbeta_power_precond;eeg_fm_specent_precond;pupil_full_pupil_mean_precond;pupil_full_pupil_asymmetry_precond;eda_pkrate_precond;eeg_faa_precond"
2025-12-19 16:23:23.383864,32,"stress_label",10,32,0.015625,0.529069767441861,0.488372093023256,NA,10,"top10","hr_sd_precond;hr_med_precond;eda_med_precond;hrv_rmssd_precond;eeg_fm_lbeta_power_precond;eeg_fm_specent_precond;pupil_full_pupil_mean_precond;pupil_full_pupil_asymmetry_precond;eda_pkrate_precond;eeg_faa_precond"
2025-12-19 16:23:23.457171,32,"stress_label",10,64,0.015625,0.459302325581395,0.441860465116279,NA,10,"top10","hr_sd_precond;hr_med_precond;eda_med_precond;hrv_rmssd_precond;eeg_fm_lbeta_power_precond;eeg_fm_specent_precond;pupil_full_pupil_mean_precond;pupil_full_pupil_asymmetry_precond;eda_pkrate_precond;eeg_faa_precond"
2025-12-19 16:23:24.749853,32,"stress_label",10,128,0.015625,0.430232558139535,0.354651162790698,NA,10,"top10","hr_sd_precond;hr_med_precond;eda_med_precond;hrv_rmssd_precond;eeg_fm_lbeta_power_precond;eeg_fm_specent_precond;pupil_full_pupil_mean_precond;pupil_full_pupil_asymmetry_precond;eda_pkrate_precond;eeg_faa_precond"
2025-12-19 16:23:25.007069,32,"stress_label",10,256,0.015625,0.424418604651163,0.517441860465116,NA,10,"top10","hr_sd_precond;hr_med_precond;eda_med_precond;hrv_rmssd_precond;eeg_fm_lbeta_power_precond;eeg_fm_specent_precond;pupil_full_pupil_mean_precond;pupil_full_pupil_asymmetry_precond;eda_pkrate_precond;eeg_faa_precond"
2025-12-19 16:23:24.422664,32,"stress_label",10,2,0.03125,0.540697674418605,0.5,0.501550387596899,10,"top10","hr_sd_precond;hr_med_precond;eda_med_precond;hrv_rmssd_precond;eeg_fm_lbeta_power_precond;eeg_fm_specent_precond;pupil_full_pupil_mean_precond;pupil_full_pupil_asymmetry_precond;eda_pkrate_precond;eeg_faa_precond"
2025-12-19 16:23:24.465036,32,"stress_label",10,4,0.03125,0.540697674418605,0.517441860465116,NA,10,"top10","hr_sd_precond;hr_med_precond;eda_med_precond;hrv_rmssd_precond;eeg_fm_lbeta_power_precond;eeg_fm_specent_precond;pupil_full_pupil_mean_precond;pupil_full_pupil_asymmetry_precond;eda_pkrate_precond;eeg_faa_precond"
2025-12-19 16:23:24.464103,32,"stress_label",10,8,0.03125,0.529069767441861,0.447674418604651,NA,10,"top10","hr_sd_precond;hr_med_precond;eda_med_precond;hrv_rmssd_precond;eeg_fm_lbeta_power_precond;eeg_fm_specent_precond;pupil_full_pupil_mean_precond;pupil_full_pupil_asymmetry_precond;eda_pkrate_precond;eeg_faa_precond"
2025-12-19 16:23:24.546785,32,"stress_label",10,16,0.03125,0.47093023255814,0.424418604651163,NA,10,"top10","hr_sd_precond;hr_med_precond;eda_med_precond;hrv_rmssd_precond;eeg_fm_lbeta_power_precond;eeg_fm_specent_precond;pupil_full_pupil_mean_precond;pupil_full_pupil_asymmetry_precond;eda_pkrate_precond;eeg_faa_precond"
2025-12-19 16:23:24.595696,32,"stress_label",10,32,0.03125,0.453488372093023,0.395348837209302,NA,10,"top10","hr_sd_precond;hr_med_precond;eda_med_precond;hrv_rmssd_precond;eeg_fm_lbeta_power_precond;eeg_fm_specent_precond;pupil_full_pupil_mean_precond;pupil_full_pupil_asymmetry_precond;eda_pkrate_precond;eeg_faa_precond"
2025-12-19 16:23:24.749675,32,"stress_label",10,64,0.03125,0.447674418604651,0.5,NA,10,"top10","hr_sd_precond;hr_med_precond;eda_med_precond;hrv_rmssd_precond;eeg_fm_lbeta_power_precond;eeg_fm_specent_precond;pupil_full_pupil_mean_precond;pupil_full_pupil_asymmetry_precond;eda_pkrate_precond;eeg_faa_precond"
2025-12-19 16:23:25.032623,32,"stress_label",10,128,0.03125,0.488372093023256,0.459302325581395,NA,10,"top10","hr_sd_precond;hr_med_precond;eda_med_precond;hrv_rmssd_precond;eeg_fm_lbeta_power_precond;eeg_fm_specent_precond;pupil_full_pupil_mean_precond;pupil_full_pupil_asymmetry_precond;eda_pkrate_precond;eeg_faa_precond"
2025-12-19 16:23:25.406784,32,"stress_label",10,256,0.03125,0.476744186046512,0.418604651162791,0.465891472868217,10,"top10","hr_sd_precond;hr_med_precond;eda_med_precond;hrv_rmssd_precond;eeg_fm_lbeta_power_precond;eeg_fm_specent_precond;pupil_full_pupil_mean_precond;pupil_full_pupil_asymmetry_precond;eda_pkrate_precond;eeg_faa_precond"
2025-12-19 16:23:24.571242,32,"stress_label",10,2,0.0625,0.511627906976744,0.401162790697674,NA,10,"top10","hr_sd_precond;hr_med_precond;eda_med_precond;hrv_rmssd_precond;eeg_fm_lbeta_power_precond;eeg_fm_specent_precond;pupil_full_pupil_mean_precond;pupil_full_pupil_asymmetry_precond;eda_pkrate_precond;eeg_faa_precond"
2025-12-19 16:23:24.642013,32,"stress_label",10,4,0.0625,0.488372093023256,0.395348837209302,NA,10,"top10","hr_sd_precond;hr_med_precond;eda_med_precond;hrv_rmssd_precond;eeg_fm_lbeta_power_precond;eeg_fm_specent_precond;pupil_full_pupil_mean_precond;pupil_full_pupil_asymmetry_precond;eda_pkrate_precond;eeg_faa_precond"
2025-12-19 16:23:24.673432,32,"stress_label",10,8,0.0625,0.476744186046512,0.36046511627907,NA,10,"top10","hr_sd_precond;hr_med_precond;eda_med_precond;hrv_rmssd_precond;eeg_fm_lbeta_power_precond;eeg_fm_specent_precond;pupil_full_pupil_mean_precond;pupil_full_pupil_asymmetry_precond;eda_pkrate_precond;eeg_faa_precond"
2025-12-19 16:23:24.884622,32,"stress_label",10,16,0.0625,0.47093023255814,0.465116279069767,NA,10,"top10","hr_sd_precond;hr_med_precond;eda_med_precond;hrv_rmssd_precond;eeg_fm_lbeta_power_precond;eeg_fm_specent_precond;pupil_full_pupil_mean_precond;pupil_full_pupil_asymmetry_precond;eda_pkrate_precond;eeg_faa_precond"
2025-12-19 16:23:25.829258,32,"stress_label",10,32,0.0625,0.5,0.465116279069767,NA,10,"top10","hr_sd_precond;hr_med_precond;eda_med_precond;hrv_rmssd_precond;eeg_fm_lbeta_power_precond;eeg_fm_specent_precond;pupil_full_pupil_mean_precond;pupil_full_pupil_asymmetry_precond;eda_pkrate_precond;eeg_faa_precond"
2025-12-19 16:23:25.986925,32,"stress_label",10,64,0.0625,0.465116279069767,0.47093023255814,NA,10,"top10","hr_sd_precond;hr_med_precond;eda_med_precond;hrv_rmssd_precond;eeg_fm_lbeta_power_precond;eeg_fm_specent_precond;pupil_full_pupil_mean_precond;pupil_full_pupil_asymmetry_precond;eda_pkrate_precond;eeg_faa_precond"
2025-12-19 16:23:26.174603,32,"stress_label",10,128,0.0625,0.465116279069767,0.430232558139535,NA,10,"top10","hr_sd_precond;hr_med_precond;eda_med_precond;hrv_rmssd_precond;eeg_fm_lbeta_power_precond;eeg_fm_specent_precond;pupil_full_pupil_mean_precond;pupil_full_pupil_asymmetry_precond;eda_pkrate_precond;eeg_faa_precond"
2025-12-19 16:23:26.268813,32,"stress_label",10,256,0.0625,0.494186046511628,0.436046511627907,NA,10,"top10","hr_sd_precond;hr_med_precond;eda_med_precond;hrv_rmssd_precond;eeg_fm_lbeta_power_precond;eeg_fm_specent_precond;pupil_full_pupil_mean_precond;pupil_full_pupil_asymmetry_precond;eda_pkrate_precond;eeg_faa_precond"
2025-12-19 16:23:25.74043,32,"stress_label",10,2,0.125,0.459302325581395,0.383720930232558,NA,10,"top10","hr_sd_precond;hr_med_precond;eda_med_precond;hrv_rmssd_precond;eeg_fm_lbeta_power_precond;eeg_fm_specent_precond;pupil_full_pupil_mean_precond;pupil_full_pupil_asymmetry_precond;eda_pkrate_precond;eeg_faa_precond"
2025-12-19 16:23:25.806821,32,"stress_label",10,4,0.125,0.453488372093023,0.38953488372093,NA,10,"top10","hr_sd_precond;hr_med_precond;eda_med_precond;hrv_rmssd_precond;eeg_fm_lbeta_power_precond;eeg_fm_specent_precond;pupil_full_pupil_mean_precond;pupil_full_pupil_asymmetry_precond;eda_pkrate_precond;eeg_faa_precond"
2025-12-19 16:23:25.892668,32,"stress_label",10,8,0.125,0.465116279069767,0.418604651162791,NA,10,"top10","hr_sd_precond;hr_med_precond;eda_med_precond;hrv_rmssd_precond;eeg_fm_lbeta_power_precond;eeg_fm_specent_precond;pupil_full_pupil_mean_precond;pupil_full_pupil_asymmetry_precond;eda_pkrate_precond;eeg_faa_precond"
2025-12-19 16:23:25.986148,32,"stress_label",10,16,0.125,0.465116279069767,0.5,NA,10,"top10","hr_sd_precond;hr_med_precond;eda_med_precond;hrv_rmssd_precond;eeg_fm_lbeta_power_precond;eeg_fm_specent_precond;pupil_full_pupil_mean_precond;pupil_full_pupil_asymmetry_precond;eda_pkrate_precond;eeg_faa_precond"
2025-12-19 16:23:26.097398,32,"stress_label",10,32,0.125,0.488372093023256,0.412790697674419,NA,10,"top10","hr_sd_precond;hr_med_precond;eda_med_precond;hrv_rmssd_precond;eeg_fm_lbeta_power_precond;eeg_fm_specent_precond;pupil_full_pupil_mean_precond;pupil_full_pupil_asymmetry_precond;eda_pkrate_precond;eeg_faa_precond"
2025-12-19 16:23:26.098231,32,"stress_label",10,64,0.125,0.494186046511628,0.412790697674419,NA,10,"top10","hr_sd_precond;hr_med_precond;eda_med_precond;hrv_rmssd_precond;eeg_fm_lbeta_power_precond;eeg_fm_specent_precond;pupil_full_pupil_mean_precond;pupil_full_pupil_asymmetry_precond;eda_pkrate_precond;eeg_faa_precond"
2025-12-19 16:23:26.268358,32,"stress_label",10,128,0.125,0.494186046511628,0.412790697674419,NA,10,"top10","hr_sd_precond;hr_med_precond;eda_med_precond;hrv_rmssd_precond;eeg_fm_lbeta_power_precond;eeg_fm_specent_precond;pupil_full_pupil_mean_precond;pupil_full_pupil_asymmetry_precond;eda_pkrate_precond;eeg_faa_precond"
2025-12-19 16:23:26.368787,32,"stress_label",10,256,0.125,0.494186046511628,0.447674418604651,NA,10,"top10","hr_sd_precond;hr_med_precond;eda_med_precond;hrv_rmssd_precond;eeg_fm_lbeta_power_precond;eeg_fm_specent_precond;pupil_full_pupil_mean_precond;pupil_full_pupil_asymmetry_precond;eda_pkrate_precond;eeg_faa_precond"
2025-12-19 16:23:26.116411,32,"stress_label",10,2,0.03,0.529069767441861,0.511627906976744,0.495348837209302,10,"top10","hr_sd_precond;hr_med_precond;eda_med_precond;hrv_rmssd_precond;eeg_fm_lbeta_power_precond;eeg_fm_specent_precond;pupil_full_pupil_mean_precond;pupil_full_pupil_asymmetry_precond;eda_pkrate_precond;eeg_faa_precond"
2025-12-19 16:23:26.578046,32,"stress_label",10,4,0.03,0.540697674418605,0.552325581395349,NA,10,"top10","hr_sd_precond;hr_med_precond;eda_med_precond;hrv_rmssd_precond;eeg_fm_lbeta_power_precond;eeg_fm_specent_precond;pupil_full_pupil_mean_precond;pupil_full_pupil_asymmetry_precond;eda_pkrate_precond;eeg_faa_precond"
2025-12-19 16:23:26.891301,32,"stress_label",10,8,0.03,0.534883720930233,0.540697674418605,NA,10,"top10","hr_sd_precond;hr_med_precond;eda_med_precond;hrv_rmssd_precond;eeg_fm_lbeta_power_precond;eeg_fm_specent_precond;pupil_full_pupil_mean_precond;pupil_full_pupil_asymmetry_precond;eda_pkrate_precond;eeg_faa_precond"
2025-12-19 16:23:27.032267,32,"stress_label",10,16,0.03,0.476744186046512,0.38953488372093,NA,10,"top10","hr_sd_precond;hr_med_precond;eda_med_precond;hrv_rmssd_precond;eeg_fm_lbeta_power_precond;eeg_fm_specent_precond;pupil_full_pupil_mean_precond;pupil_full_pupil_asymmetry_precond;eda_pkrate_precond;eeg_faa_precond"
2025-12-19 16:23:27.162414,32,"stress_label",10,32,0.03,0.453488372093023,0.424418604651163,NA,10,"top10","hr_sd_precond;hr_med_precond;eda_med_precond;hrv_rmssd_precond;eeg_fm_lbeta_power_precond;eeg_fm_specent_precond;pupil_full_pupil_mean_precond;pupil_full_pupil_asymmetry_precond;eda_pkrate_precond;eeg_faa_precond"
2025-12-19 16:23:27.318859,32,"stress_label",10,64,0.03,0.441860465116279,0.465116279069767,NA,10,"top10","hr_sd_precond;hr_med_precond;eda_med_precond;hrv_rmssd_precond;eeg_fm_lbeta_power_precond;eeg_fm_specent_precond;pupil_full_pupil_mean_precond;pupil_full_pupil_asymmetry_precond;eda_pkrate_precond;eeg_faa_precond"
2025-12-19 16:23:27.743555,32,"stress_label",10,128,0.03,0.488372093023256,0.424418604651163,NA,10,"top10","hr_sd_precond;hr_med_precond;eda_med_precond;hrv_rmssd_precond;eeg_fm_lbeta_power_precond;eeg_fm_specent_precond;pupil_full_pupil_mean_precond;pupil_full_pupil_asymmetry_precond;eda_pkrate_precond;eeg_faa_precond"
2025-12-19 16:23:28.018342,32,"stress_label",10,256,0.03,0.482558139534884,0.412790697674419,0.466666666666667,10,"top10","hr_sd_precond;hr_med_precond;eda_med_precond;hrv_rmssd_precond;eeg_fm_lbeta_power_precond;eeg_fm_specent_precond;pupil_full_pupil_mean_precond;pupil_full_pupil_asymmetry_precond;eda_pkrate_precond;eeg_faa_precond"
2025-12-19 16:23:27.28848,32,"stress_label",10,2,0.06,0.517441860465116,0.47093023255814,NA,10,"top10","hr_sd_precond;hr_med_precond;eda_med_precond;hrv_rmssd_precond;eeg_fm_lbeta_power_precond;eeg_fm_specent_precond;pupil_full_pupil_mean_precond;pupil_full_pupil_asymmetry_precond;eda_pkrate_precond;eeg_faa_precond"
2025-12-19 16:23:27.331914,32,"stress_label",10,4,0.06,0.482558139534884,0.412790697674419,NA,10,"top10","hr_sd_precond;hr_med_precond;eda_med_precond;hrv_rmssd_precond;eeg_fm_lbeta_power_precond;eeg_fm_specent_precond;pupil_full_pupil_mean_precond;pupil_full_pupil_asymmetry_precond;eda_pkrate_precond;eeg_faa_precond"
2025-12-19 16:23:27.363433,32,"stress_label",10,8,0.06,0.47093023255814,0.319767441860465,NA,10,"top10","hr_sd_precond;hr_med_precond;eda_med_precond;hrv_rmssd_precond;eeg_fm_lbeta_power_precond;eeg_fm_specent_precond;pupil_full_pupil_mean_precond;pupil_full_pupil_asymmetry_precond;eda_pkrate_precond;eeg_faa_precond"
2025-12-19 16:23:27.519201,32,"stress_label",10,16,0.06,0.459302325581395,0.436046511627907,NA,10,"top10","hr_sd_precond;hr_med_precond;eda_med_precond;hrv_rmssd_precond;eeg_fm_lbeta_power_precond;eeg_fm_specent_precond;pupil_full_pupil_mean_precond;pupil_full_pupil_asymmetry_precond;eda_pkrate_precond;eeg_faa_precond"
2025-12-19 16:23:27.677349,32,"stress_label",10,32,0.06,0.5,0.430232558139535,NA,10,"top10","hr_sd_precond;hr_med_precond;eda_med_precond;hrv_rmssd_precond;eeg_fm_lbeta_power_precond;eeg_fm_specent_precond;pupil_full_pupil_mean_precond;pupil_full_pupil_asymmetry_precond;eda_pkrate_precond;eeg_faa_precond"
2025-12-19 16:23:27.845336,32,"stress_label",10,64,0.06,0.459302325581395,0.494186046511628,NA,10,"top10","hr_sd_precond;hr_med_precond;eda_med_precond;hrv_rmssd_precond;eeg_fm_lbeta_power_precond;eeg_fm_specent_precond;pupil_full_pupil_mean_precond;pupil_full_pupil_asymmetry_precond;eda_pkrate_precond;eeg_faa_precond"
2025-12-19 16:23:28.029385,32,"stress_label",10,128,0.06,0.465116279069767,0.383720930232558,NA,10,"top10","hr_sd_precond;hr_med_precond;eda_med_precond;hrv_rmssd_precond;eeg_fm_lbeta_power_precond;eeg_fm_specent_precond;pupil_full_pupil_mean_precond;pupil_full_pupil_asymmetry_precond;eda_pkrate_precond;eeg_faa_precond"
2025-12-19 16:23:28.270734,32,"stress_label",10,256,0.06,0.494186046511628,0.447674418604651,NA,10,"top10","hr_sd_precond;hr_med_precond;eda_med_precond;hrv_rmssd_precond;eeg_fm_lbeta_power_precond;eeg_fm_specent_precond;pupil_full_pupil_mean_precond;pupil_full_pupil_asymmetry_precond;eda_pkrate_precond;eeg_faa_precond"
2025-12-19 16:23:28.077512,32,"stress_label",10,2,0.1,0.482558139534884,0.383720930232558,NA,10,"top10","hr_sd_precond;hr_med_precond;eda_med_precond;hrv_rmssd_precond;eeg_fm_lbeta_power_precond;eeg_fm_specent_precond;pupil_full_pupil_mean_precond;pupil_full_pupil_asymmetry_precond;eda_pkrate_precond;eeg_faa_precond"
2025-12-19 16:23:28.214521,32,"stress_label",10,4,0.1,0.465116279069767,0.424418604651163,NA,10,"top10","hr_sd_precond;hr_med_precond;eda_med_precond;hrv_rmssd_precond;eeg_fm_lbeta_power_precond;eeg_fm_specent_precond;pupil_full_pupil_mean_precond;pupil_full_pupil_asymmetry_precond;eda_pkrate_precond;eeg_faa_precond"
2025-12-19 16:23:28.331477,32,"stress_label",10,8,0.1,0.465116279069767,0.38953488372093,NA,10,"top10","hr_sd_precond;hr_med_precond;eda_med_precond;hrv_rmssd_precond;eeg_fm_lbeta_power_precond;eeg_fm_specent_precond;pupil_full_pupil_mean_precond;pupil_full_pupil_asymmetry_precond;eda_pkrate_precond;eeg_faa_precond"
2025-12-19 16:23:28.445897,32,"stress_label",10,16,0.1,0.459302325581395,0.482558139534884,NA,10,"top10","hr_sd_precond;hr_med_precond;eda_med_precond;hrv_rmssd_precond;eeg_fm_lbeta_power_precond;eeg_fm_specent_precond;pupil_full_pupil_mean_precond;pupil_full_pupil_asymmetry_precond;eda_pkrate_precond;eeg_faa_precond"
2025-12-19 16:23:28.504059,32,"stress_label",10,32,0.1,0.459302325581395,0.447674418604651,NA,10,"top10","hr_sd_precond;hr_med_precond;eda_med_precond;hrv_rmssd_precond;eeg_fm_lbeta_power_precond;eeg_fm_specent_precond;pupil_full_pupil_mean_precond;pupil_full_pupil_asymmetry_precond;eda_pkrate_precond;eeg_faa_precond"
2025-12-19 16:23:28.56071,32,"stress_label",10,64,0.1,0.47093023255814,0.337209302325581,NA,10,"top10","hr_sd_precond;hr_med_precond;eda_med_precond;hrv_rmssd_precond;eeg_fm_lbeta_power_precond;eeg_fm_specent_precond;pupil_full_pupil_mean_precond;pupil_full_pupil_asymmetry_precond;eda_pkrate_precond;eeg_faa_precond"
2025-12-19 16:23:28.549428,32,"stress_label",10,128,0.1,0.47093023255814,0.441860465116279,NA,10,"top10","hr_sd_precond;hr_med_precond;eda_med_precond;hrv_rmssd_precond;eeg_fm_lbeta_power_precond;eeg_fm_specent_precond;pupil_full_pupil_mean_precond;pupil_full_pupil_asymmetry_precond;eda_pkrate_precond;eeg_faa_precond"
2025-12-19 16:23:28.656567,32,"stress_label",10,256,0.1,0.47093023255814,0.465116279069767,NA,10,"top10","hr_sd_precond;hr_med_precond;eda_med_precond;hrv_rmssd_precond;eeg_fm_lbeta_power_precond;eeg_fm_specent_precond;pupil_full_pupil_mean_precond;pupil_full_pupil_asymmetry_precond;eda_pkrate_precond;eeg_faa_precond"
2025-12-19 16:23:30.055993,33,"stress_label",10,2,0.0078125,0.604651162790698,0.616279069767442,0.598449612403101,10,"top10","hr_sd_precond;hr_med_precond;eda_med_precond;eeg_fm_specent_precond;hrv_rmssd_precond;pupil_full_pupil_asymmetry_precond;eeg_faa_precond;eda_pkrate_precond;eda_peakarea_precond;eeg_tleft_lalpha_power_precond"
2025-12-19 16:23:30.041594,33,"stress_label",10,4,0.0078125,0.575581395348837,0.604651162790698,0.569767441860465,10,"top10","hr_sd_precond;hr_med_precond;eda_med_precond;eeg_fm_specent_precond;hrv_rmssd_precond;pupil_full_pupil_asymmetry_precond;eeg_faa_precond;eda_pkrate_precond;eda_peakarea_precond;eeg_tleft_lalpha_power_precond"
2025-12-19 16:23:30.028888,33,"stress_label",10,8,0.0078125,0.569767441860465,0.593023255813954,0.551937984496124,10,"top10","hr_sd_precond;hr_med_precond;eda_med_precond;eeg_fm_specent_precond;hrv_rmssd_precond;pupil_full_pupil_asymmetry_precond;eeg_faa_precond;eda_pkrate_precond;eda_peakarea_precond;eeg_tleft_lalpha_power_precond"
2025-12-19 16:23:29.996208,33,"stress_label",10,16,0.0078125,0.587209302325581,0.633720930232558,0.568992248062016,10,"top10","hr_sd_precond;hr_med_precond;eda_med_precond;eeg_fm_specent_precond;hrv_rmssd_precond;pupil_full_pupil_asymmetry_precond;eeg_faa_precond;eda_pkrate_precond;eda_peakarea_precond;eeg_tleft_lalpha_power_precond"
2025-12-19 16:23:30.061995,33,"stress_label",10,32,0.0078125,0.598837209302326,0.616279069767442,0.572093023255814,10,"top10","hr_sd_precond;hr_med_precond;eda_med_precond;eeg_fm_specent_precond;hrv_rmssd_precond;pupil_full_pupil_asymmetry_precond;eeg_faa_precond;eda_pkrate_precond;eda_peakarea_precond;eeg_tleft_lalpha_power_precond"
2025-12-19 16:23:30.057557,33,"stress_label",10,64,0.0078125,0.616279069767442,0.604651162790698,0.601550387596899,10,"top10","hr_sd_precond;hr_med_precond;eda_med_precond;eeg_fm_specent_precond;hrv_rmssd_precond;pupil_full_pupil_asymmetry_precond;eeg_faa_precond;eda_pkrate_precond;eda_peakarea_precond;eeg_tleft_lalpha_power_precond"
2025-12-19 16:23:30.180526,33,"stress_label",10,128,0.0078125,0.563953488372093,0.575581395348837,NA,10,"top10","hr_sd_precond;hr_med_precond;eda_med_precond;eeg_fm_specent_precond;hrv_rmssd_precond;pupil_full_pupil_asymmetry_precond;eeg_faa_precond;eda_pkrate_precond;eda_peakarea_precond;eeg_tleft_lalpha_power_precond"
2025-12-19 16:23:30.299408,33,"stress_label",10,256,0.0078125,0.517441860465116,0.558139534883721,NA,10,"top10","hr_sd_precond;hr_med_precond;eda_med_precond;eeg_fm_specent_precond;hrv_rmssd_precond;pupil_full_pupil_asymmetry_precond;eeg_faa_precond;eda_pkrate_precond;eda_peakarea_precond;eeg_tleft_lalpha_power_precond"
2025-12-19 16:23:30.045727,33,"stress_label",10,2,0.015625,0.563953488372093,0.61046511627907,0.550387596899225,10,"top10","hr_sd_precond;hr_med_precond;eda_med_precond;eeg_fm_specent_precond;hrv_rmssd_precond;pupil_full_pupil_asymmetry_precond;eeg_faa_precond;eda_pkrate_precond;eda_peakarea_precond;eeg_tleft_lalpha_power_precond"
2025-12-19 16:23:30.015983,33,"stress_label",10,4,0.015625,0.587209302325581,0.593023255813954,0.565891472868217,10,"top10","hr_sd_precond;hr_med_precond;eda_med_precond;eeg_fm_specent_precond;hrv_rmssd_precond;pupil_full_pupil_asymmetry_precond;eeg_faa_precond;eda_pkrate_precond;eda_peakarea_precond;eeg_tleft_lalpha_power_precond"
2025-12-19 16:23:30.059244,33,"stress_label",10,8,0.015625,0.604651162790698,0.627906976744186,NA,10,"top10","hr_sd_precond;hr_med_precond;eda_med_precond;eeg_fm_specent_precond;hrv_rmssd_precond;pupil_full_pupil_asymmetry_precond;eeg_faa_precond;eda_pkrate_precond;eda_peakarea_precond;eeg_tleft_lalpha_power_precond"
2025-12-19 16:23:30.050736,33,"stress_label",10,16,0.015625,0.627906976744186,0.622093023255814,0.609302325581395,10,"top10","hr_sd_precond;hr_med_precond;eda_med_precond;eeg_fm_specent_precond;hrv_rmssd_precond;pupil_full_pupil_asymmetry_precond;eeg_faa_precond;eda_pkrate_precond;eda_peakarea_precond;eeg_tleft_lalpha_power_precond"
2025-12-19 16:23:30.105535,33,"stress_label",10,32,0.015625,0.563953488372093,0.604651162790698,NA,10,"top10","hr_sd_precond;hr_med_precond;eda_med_precond;eeg_fm_specent_precond;hrv_rmssd_precond;pupil_full_pupil_asymmetry_precond;eeg_faa_precond;eda_pkrate_precond;eda_peakarea_precond;eeg_tleft_lalpha_power_precond"
2025-12-19 16:23:30.117823,33,"stress_label",10,64,0.015625,0.534883720930233,0.575581395348837,0.543410852713178,10,"top10","hr_sd_precond;hr_med_precond;eda_med_precond;eeg_fm_specent_precond;hrv_rmssd_precond;pupil_full_pupil_asymmetry_precond;eeg_faa_precond;eda_pkrate_precond;eda_peakarea_precond;eeg_tleft_lalpha_power_precond"
2025-12-19 16:23:31.388617,33,"stress_label",10,128,0.015625,0.534883720930233,0.558139534883721,NA,10,"top10","hr_sd_precond;hr_med_precond;eda_med_precond;eeg_fm_specent_precond;hrv_rmssd_precond;pupil_full_pupil_asymmetry_precond;eeg_faa_precond;eda_pkrate_precond;eda_peakarea_precond;eeg_tleft_lalpha_power_precond"
2025-12-19 16:23:31.723711,33,"stress_label",10,256,0.015625,0.534883720930233,0.563953488372093,NA,10,"top10","hr_sd_precond;hr_med_precond;eda_med_precond;eeg_fm_specent_precond;hrv_rmssd_precond;pupil_full_pupil_asymmetry_precond;eeg_faa_precond;eda_pkrate_precond;eda_peakarea_precond;eeg_tleft_lalpha_power_precond"
2025-12-19 16:23:31.171566,33,"stress_label",10,2,0.03125,0.593023255813954,0.61046511627907,0.570542635658915,10,"top10","hr_sd_precond;hr_med_precond;eda_med_precond;eeg_fm_specent_precond;hrv_rmssd_precond;pupil_full_pupil_asymmetry_precond;eeg_faa_precond;eda_pkrate_precond;eda_peakarea_precond;eeg_tleft_lalpha_power_precond"
2025-12-19 16:23:31.210326,33,"stress_label",10,4,0.03125,0.593023255813954,0.63953488372093,NA,10,"top10","hr_sd_precond;hr_med_precond;eda_med_precond;eeg_fm_specent_precond;hrv_rmssd_precond;pupil_full_pupil_asymmetry_precond;eeg_faa_precond;eda_pkrate_precond;eda_peakarea_precond;eeg_tleft_lalpha_power_precond"
2025-12-19 16:23:31.217402,33,"stress_label",10,8,0.03125,0.552325581395349,0.616279069767442,NA,10,"top10","hr_sd_precond;hr_med_precond;eda_med_precond;eeg_fm_specent_precond;hrv_rmssd_precond;pupil_full_pupil_asymmetry_precond;eeg_faa_precond;eda_pkrate_precond;eda_peakarea_precond;eeg_tleft_lalpha_power_precond"
2025-12-19 16:23:31.213565,33,"stress_label",10,16,0.03125,0.540697674418605,0.587209302325581,0.553488372093023,10,"top10","hr_sd_precond;hr_med_precond;eda_med_precond;eeg_fm_specent_precond;hrv_rmssd_precond;pupil_full_pupil_asymmetry_precond;eeg_faa_precond;eda_pkrate_precond;eda_peakarea_precond;eeg_tleft_lalpha_power_precond"
2025-12-19 16:23:31.336093,33,"stress_label",10,32,0.03125,0.569767441860465,0.604651162790698,NA,10,"top10","hr_sd_precond;hr_med_precond;eda_med_precond;eeg_fm_specent_precond;hrv_rmssd_precond;pupil_full_pupil_asymmetry_precond;eeg_faa_precond;eda_pkrate_precond;eda_peakarea_precond;eeg_tleft_lalpha_power_precond"
2025-12-19 16:23:31.486453,33,"stress_label",10,64,0.03125,0.575581395348837,0.598837209302326,NA,10,"top10","hr_sd_precond;hr_med_precond;eda_med_precond;eeg_fm_specent_precond;hrv_rmssd_precond;pupil_full_pupil_asymmetry_precond;eeg_faa_precond;eda_pkrate_precond;eda_peakarea_precond;eeg_tleft_lalpha_power_precond"
2025-12-19 16:23:31.694926,33,"stress_label",10,128,0.03125,0.581395348837209,0.587209302325581,NA,10,"top10","hr_sd_precond;hr_med_precond;eda_med_precond;eeg_fm_specent_precond;hrv_rmssd_precond;pupil_full_pupil_asymmetry_precond;eeg_faa_precond;eda_pkrate_precond;eda_peakarea_precond;eeg_tleft_lalpha_power_precond"
2025-12-19 16:23:32.051518,33,"stress_label",10,256,0.03125,0.575581395348837,0.598837209302326,NA,10,"top10","hr_sd_precond;hr_med_precond;eda_med_precond;eeg_fm_specent_precond;hrv_rmssd_precond;pupil_full_pupil_asymmetry_precond;eeg_faa_precond;eda_pkrate_precond;eda_peakarea_precond;eeg_tleft_lalpha_power_precond"
2025-12-19 16:23:31.260887,33,"stress_label",10,2,0.0625,0.569767441860465,0.593023255813954,NA,10,"top10","hr_sd_precond;hr_med_precond;eda_med_precond;eeg_fm_specent_precond;hrv_rmssd_precond;pupil_full_pupil_asymmetry_precond;eeg_faa_precond;eda_pkrate_precond;eda_peakarea_precond;eeg_tleft_lalpha_power_precond"
2025-12-19 16:23:31.285222,33,"stress_label",10,4,0.0625,0.546511627906977,0.581395348837209,0.558139534883721,10,"top10","hr_sd_precond;hr_med_precond;eda_med_precond;eeg_fm_specent_precond;hrv_rmssd_precond;pupil_full_pupil_asymmetry_precond;eeg_faa_precond;eda_pkrate_precond;eda_peakarea_precond;eeg_tleft_lalpha_power_precond"
2025-12-19 16:23:31.360711,33,"stress_label",10,8,0.0625,0.581395348837209,0.61046511627907,NA,10,"top10","hr_sd_precond;hr_med_precond;eda_med_precond;eeg_fm_specent_precond;hrv_rmssd_precond;pupil_full_pupil_asymmetry_precond;eeg_faa_precond;eda_pkrate_precond;eda_peakarea_precond;eeg_tleft_lalpha_power_precond"
2025-12-19 16:23:31.597991,33,"stress_label",10,16,0.0625,0.598837209302326,0.622093023255814,NA,10,"top10","hr_sd_precond;hr_med_precond;eda_med_precond;eeg_fm_specent_precond;hrv_rmssd_precond;pupil_full_pupil_asymmetry_precond;eeg_faa_precond;eda_pkrate_precond;eda_peakarea_precond;eeg_tleft_lalpha_power_precond"
2025-12-19 16:23:32.520504,33,"stress_label",10,32,0.0625,0.581395348837209,0.616279069767442,NA,10,"top10","hr_sd_precond;hr_med_precond;eda_med_precond;eeg_fm_specent_precond;hrv_rmssd_precond;pupil_full_pupil_asymmetry_precond;eeg_faa_precond;eda_pkrate_precond;eda_peakarea_precond;eeg_tleft_lalpha_power_precond"
2025-12-19 16:23:32.964093,33,"stress_label",10,64,0.0625,0.569767441860465,0.598837209302326,NA,10,"top10","hr_sd_precond;hr_med_precond;eda_med_precond;eeg_fm_specent_precond;hrv_rmssd_precond;pupil_full_pupil_asymmetry_precond;eeg_faa_precond;eda_pkrate_precond;eda_peakarea_precond;eeg_tleft_lalpha_power_precond"
2025-12-19 16:23:32.754263,33,"stress_label",10,128,0.0625,0.593023255813954,0.604651162790698,NA,10,"top10","hr_sd_precond;hr_med_precond;eda_med_precond;eeg_fm_specent_precond;hrv_rmssd_precond;pupil_full_pupil_asymmetry_precond;eeg_faa_precond;eda_pkrate_precond;eda_peakarea_precond;eeg_tleft_lalpha_power_precond"
2025-12-19 16:23:32.810147,33,"stress_label",10,256,0.0625,0.558139534883721,0.604651162790698,0.554263565891473,10,"top10","hr_sd_precond;hr_med_precond;eda_med_precond;eeg_fm_specent_precond;hrv_rmssd_precond;pupil_full_pupil_asymmetry_precond;eeg_faa_precond;eda_pkrate_precond;eda_peakarea_precond;eeg_tleft_lalpha_power_precond"
2025-12-19 16:23:32.41735,33,"stress_label",10,2,0.125,0.546511627906977,0.575581395348837,0.554263565891473,10,"top10","hr_sd_precond;hr_med_precond;eda_med_precond;eeg_fm_specent_precond;hrv_rmssd_precond;pupil_full_pupil_asymmetry_precond;eeg_faa_precond;eda_pkrate_precond;eda_peakarea_precond;eeg_tleft_lalpha_power_precond"
2025-12-19 16:23:32.55387,33,"stress_label",10,4,0.125,0.575581395348837,0.587209302325581,NA,10,"top10","hr_sd_precond;hr_med_precond;eda_med_precond;eeg_fm_specent_precond;hrv_rmssd_precond;pupil_full_pupil_asymmetry_precond;eeg_faa_precond;eda_pkrate_precond;eda_peakarea_precond;eeg_tleft_lalpha_power_precond"
2025-12-19 16:23:32.632587,33,"stress_label",10,8,0.125,0.581395348837209,0.598837209302326,NA,10,"top10","hr_sd_precond;hr_med_precond;eda_med_precond;eeg_fm_specent_precond;hrv_rmssd_precond;pupil_full_pupil_asymmetry_precond;eeg_faa_precond;eda_pkrate_precond;eda_peakarea_precond;eeg_tleft_lalpha_power_precond"
2025-12-19 16:23:32.654695,33,"stress_label",10,16,0.125,0.587209302325581,0.598837209302326,NA,10,"top10","hr_sd_precond;hr_med_precond;eda_med_precond;eeg_fm_specent_precond;hrv_rmssd_precond;pupil_full_pupil_asymmetry_precond;eeg_faa_precond;eda_pkrate_precond;eda_peakarea_precond;eeg_tleft_lalpha_power_precond"
2025-12-19 16:23:32.864763,33,"stress_label",10,32,0.125,0.563953488372093,0.604651162790698,NA,10,"top10","hr_sd_precond;hr_med_precond;eda_med_precond;eeg_fm_specent_precond;hrv_rmssd_precond;pupil_full_pupil_asymmetry_precond;eeg_faa_precond;eda_pkrate_precond;eda_peakarea_precond;eeg_tleft_lalpha_power_precond"
2025-12-19 16:23:32.826843,33,"stress_label",10,64,0.125,0.558139534883721,0.627906976744186,0.551937984496124,10,"top10","hr_sd_precond;hr_med_precond;eda_med_precond;eeg_fm_specent_precond;hrv_rmssd_precond;pupil_full_pupil_asymmetry_precond;eeg_faa_precond;eda_pkrate_precond;eda_peakarea_precond;eeg_tleft_lalpha_power_precond"
2025-12-19 16:23:32.972377,33,"stress_label",10,128,0.125,0.558139534883721,0.616279069767442,0.551937984496124,10,"top10","hr_sd_precond;hr_med_precond;eda_med_precond;eeg_fm_specent_precond;hrv_rmssd_precond;pupil_full_pupil_asymmetry_precond;eeg_faa_precond;eda_pkrate_precond;eda_peakarea_precond;eeg_tleft_lalpha_power_precond"
2025-12-19 16:23:33.192869,33,"stress_label",10,256,0.125,0.558139534883721,0.616279069767442,0.551937984496124,10,"top10","hr_sd_precond;hr_med_precond;eda_med_precond;eeg_fm_specent_precond;hrv_rmssd_precond;pupil_full_pupil_asymmetry_precond;eeg_faa_precond;eda_pkrate_precond;eda_peakarea_precond;eeg_tleft_lalpha_power_precond"
2025-12-19 16:23:32.993433,33,"stress_label",10,2,0.03,0.587209302325581,0.61046511627907,0.570542635658915,10,"top10","hr_sd_precond;hr_med_precond;eda_med_precond;eeg_fm_specent_precond;hrv_rmssd_precond;pupil_full_pupil_asymmetry_precond;eeg_faa_precond;eda_pkrate_precond;eda_peakarea_precond;eeg_tleft_lalpha_power_precond"
2025-12-19 16:23:33.2557,33,"stress_label",10,4,0.03,0.587209302325581,0.633720930232558,NA,10,"top10","hr_sd_precond;hr_med_precond;eda_med_precond;eeg_fm_specent_precond;hrv_rmssd_precond;pupil_full_pupil_asymmetry_precond;eeg_faa_precond;eda_pkrate_precond;eda_peakarea_precond;eeg_tleft_lalpha_power_precond"
2025-12-19 16:23:33.62862,33,"stress_label",10,8,0.03,0.569767441860465,0.616279069767442,NA,10,"top10","hr_sd_precond;hr_med_precond;eda_med_precond;eeg_fm_specent_precond;hrv_rmssd_precond;pupil_full_pupil_asymmetry_precond;eeg_faa_precond;eda_pkrate_precond;eda_peakarea_precond;eeg_tleft_lalpha_power_precond"
2025-12-19 16:23:33.72029,33,"stress_label",10,16,0.03,0.546511627906977,0.587209302325581,0.557364341085271,10,"top10","hr_sd_precond;hr_med_precond;eda_med_precond;eeg_fm_specent_precond;hrv_rmssd_precond;pupil_full_pupil_asymmetry_precond;eeg_faa_precond;eda_pkrate_precond;eda_peakarea_precond;eeg_tleft_lalpha_power_precond"
2025-12-19 16:23:33.814052,33,"stress_label",10,32,0.03,0.558139534883721,0.598837209302326,0.565891472868217,10,"top10","hr_sd_precond;hr_med_precond;eda_med_precond;eeg_fm_specent_precond;hrv_rmssd_precond;pupil_full_pupil_asymmetry_precond;eeg_faa_precond;eda_pkrate_precond;eda_peakarea_precond;eeg_tleft_lalpha_power_precond"
2025-12-19 16:23:34.05877,33,"stress_label",10,64,0.03,0.558139534883721,0.598837209302326,NA,10,"top10","hr_sd_precond;hr_med_precond;eda_med_precond;eeg_fm_specent_precond;hrv_rmssd_precond;pupil_full_pupil_asymmetry_precond;eeg_faa_precond;eda_pkrate_precond;eda_peakarea_precond;eeg_tleft_lalpha_power_precond"
2025-12-19 16:23:34.324528,33,"stress_label",10,128,0.03,0.581395348837209,0.587209302325581,NA,10,"top10","hr_sd_precond;hr_med_precond;eda_med_precond;eeg_fm_specent_precond;hrv_rmssd_precond;pupil_full_pupil_asymmetry_precond;eeg_faa_precond;eda_pkrate_precond;eda_peakarea_precond;eeg_tleft_lalpha_power_precond"
2025-12-19 16:23:34.745826,33,"stress_label",10,256,0.03,0.575581395348837,0.598837209302326,NA,10,"top10","hr_sd_precond;hr_med_precond;eda_med_precond;eeg_fm_specent_precond;hrv_rmssd_precond;pupil_full_pupil_asymmetry_precond;eeg_faa_precond;eda_pkrate_precond;eda_peakarea_precond;eeg_tleft_lalpha_power_precond"
2025-12-19 16:23:33.969666,33,"stress_label",10,2,0.06,0.581395348837209,0.598837209302326,NA,10,"top10","hr_sd_precond;hr_med_precond;eda_med_precond;eeg_fm_specent_precond;hrv_rmssd_precond;pupil_full_pupil_asymmetry_precond;eeg_faa_precond;eda_pkrate_precond;eda_peakarea_precond;eeg_tleft_lalpha_power_precond"
2025-12-19 16:23:33.990099,33,"stress_label",10,4,0.06,0.546511627906977,0.581395348837209,0.551162790697674,10,"top10","hr_sd_precond;hr_med_precond;eda_med_precond;eeg_fm_specent_precond;hrv_rmssd_precond;pupil_full_pupil_asymmetry_precond;eeg_faa_precond;eda_pkrate_precond;eda_peakarea_precond;eeg_tleft_lalpha_power_precond"
2025-12-19 16:23:34.03905,33,"stress_label",10,8,0.06,0.563953488372093,0.616279069767442,0.582170542635659,10,"top10","hr_sd_precond;hr_med_precond;eda_med_precond;eeg_fm_specent_precond;hrv_rmssd_precond;pupil_full_pupil_asymmetry_precond;eeg_faa_precond;eda_pkrate_precond;eda_peakarea_precond;eeg_tleft_lalpha_power_precond"
2025-12-19 16:23:34.258356,33,"stress_label",10,16,0.06,0.598837209302326,0.616279069767442,NA,10,"top10","hr_sd_precond;hr_med_precond;eda_med_precond;eeg_fm_specent_precond;hrv_rmssd_precond;pupil_full_pupil_asymmetry_precond;eeg_faa_precond;eda_pkrate_precond;eda_peakarea_precond;eeg_tleft_lalpha_power_precond"
2025-12-19 16:23:34.323728,33,"stress_label",10,32,0.06,0.575581395348837,0.616279069767442,NA,10,"top10","hr_sd_precond;hr_med_precond;eda_med_precond;eeg_fm_specent_precond;hrv_rmssd_precond;pupil_full_pupil_asymmetry_precond;eeg_faa_precond;eda_pkrate_precond;eda_peakarea_precond;eeg_tleft_lalpha_power_precond"
2025-12-19 16:23:34.432621,33,"stress_label",10,64,0.06,0.587209302325581,0.593023255813954,NA,10,"top10","hr_sd_precond;hr_med_precond;eda_med_precond;eeg_fm_specent_precond;hrv_rmssd_precond;pupil_full_pupil_asymmetry_precond;eeg_faa_precond;eda_pkrate_precond;eda_peakarea_precond;eeg_tleft_lalpha_power_precond"
2025-12-19 16:23:34.719229,33,"stress_label",10,128,0.06,0.581395348837209,0.598837209302326,NA,10,"top10","hr_sd_precond;hr_med_precond;eda_med_precond;eeg_fm_specent_precond;hrv_rmssd_precond;pupil_full_pupil_asymmetry_precond;eeg_faa_precond;eda_pkrate_precond;eda_peakarea_precond;eeg_tleft_lalpha_power_precond"
2025-12-19 16:23:34.811428,33,"stress_label",10,256,0.06,0.563953488372093,0.604651162790698,NA,10,"top10","hr_sd_precond;hr_med_precond;eda_med_precond;eeg_fm_specent_precond;hrv_rmssd_precond;pupil_full_pupil_asymmetry_precond;eeg_faa_precond;eda_pkrate_precond;eda_peakarea_precond;eeg_tleft_lalpha_power_precond"
2025-12-19 16:23:34.711081,33,"stress_label",10,2,0.1,0.529069767441861,0.587209302325581,0.541860465116279,10,"top10","hr_sd_precond;hr_med_precond;eda_med_precond;eeg_fm_specent_precond;hrv_rmssd_precond;pupil_full_pupil_asymmetry_precond;eeg_faa_precond;eda_pkrate_precond;eda_peakarea_precond;eeg_tleft_lalpha_power_precond"
2025-12-19 16:23:34.813757,33,"stress_label",10,4,0.1,0.587209302325581,0.593023255813954,NA,10,"top10","hr_sd_precond;hr_med_precond;eda_med_precond;eeg_fm_specent_precond;hrv_rmssd_precond;pupil_full_pupil_asymmetry_precond;eeg_faa_precond;eda_pkrate_precond;eda_peakarea_precond;eeg_tleft_lalpha_power_precond"
2025-12-19 16:23:34.930335,33,"stress_label",10,8,0.1,0.61046511627907,0.587209302325581,NA,10,"top10","hr_sd_precond;hr_med_precond;eda_med_precond;eeg_fm_specent_precond;hrv_rmssd_precond;pupil_full_pupil_asymmetry_precond;eeg_faa_precond;eda_pkrate_precond;eda_peakarea_precond;eeg_tleft_lalpha_power_precond"
2025-12-19 16:23:35.093675,33,"stress_label",10,16,0.1,0.575581395348837,0.61046511627907,NA,10,"top10","hr_sd_precond;hr_med_precond;eda_med_precond;eeg_fm_specent_precond;hrv_rmssd_precond;pupil_full_pupil_asymmetry_precond;eeg_faa_precond;eda_pkrate_precond;eda_peakarea_precond;eeg_tleft_lalpha_power_precond"
2025-12-19 16:23:35.108459,33,"stress_label",10,32,0.1,0.581395348837209,0.604651162790698,NA,10,"top10","hr_sd_precond;hr_med_precond;eda_med_precond;eeg_fm_specent_precond;hrv_rmssd_precond;pupil_full_pupil_asymmetry_precond;eeg_faa_precond;eda_pkrate_precond;eda_peakarea_precond;eeg_tleft_lalpha_power_precond"
2025-12-19 16:23:35.148444,33,"stress_label",10,64,0.1,0.563953488372093,0.61046511627907,NA,10,"top10","hr_sd_precond;hr_med_precond;eda_med_precond;eeg_fm_specent_precond;hrv_rmssd_precond;pupil_full_pupil_asymmetry_precond;eeg_faa_precond;eda_pkrate_precond;eda_peakarea_precond;eeg_tleft_lalpha_power_precond"
2025-12-19 16:23:35.171233,33,"stress_label",10,128,0.1,0.558139534883721,0.622093023255814,0.551937984496124,10,"top10","hr_sd_precond;hr_med_precond;eda_med_precond;eeg_fm_specent_precond;hrv_rmssd_precond;pupil_full_pupil_asymmetry_precond;eeg_faa_precond;eda_pkrate_precond;eda_peakarea_precond;eeg_tleft_lalpha_power_precond"
2025-12-19 16:23:35.291096,33,"stress_label",10,256,0.1,0.558139534883721,0.622093023255814,0.551937984496124,10,"top10","hr_sd_precond;hr_med_precond;eda_med_precond;eeg_fm_specent_precond;hrv_rmssd_precond;pupil_full_pupil_asymmetry_precond;eeg_faa_precond;eda_pkrate_precond;eda_peakarea_precond;eeg_tleft_lalpha_power_precond"
2025-12-19 16:23:36.66157,34,"stress_label",10,2,0.0078125,0.558139534883721,0.511627906976744,0.555813953488372,10,"top10","hr_sd_precond;hr_med_precond;eda_med_precond;eeg_fm_specent_precond;hrv_rmssd_precond;pupil_full_pupil_asymmetry_precond;eeg_faa_precond;pupil_full_pupil_mean_precond;eda_pkrate_precond;pupil_full_pupil_sd_precond"
2025-12-19 16:23:36.663593,34,"stress_label",10,4,0.0078125,0.534883720930233,0.517441860465116,0.531782945736434,10,"top10","hr_sd_precond;hr_med_precond;eda_med_precond;eeg_fm_specent_precond;hrv_rmssd_precond;pupil_full_pupil_asymmetry_precond;eeg_faa_precond;pupil_full_pupil_mean_precond;eda_pkrate_precond;pupil_full_pupil_sd_precond"
2025-12-19 16:23:36.657329,34,"stress_label",10,8,0.0078125,0.563953488372093,0.581395348837209,0.553488372093023,10,"top10","hr_sd_precond;hr_med_precond;eda_med_precond;eeg_fm_specent_precond;hrv_rmssd_precond;pupil_full_pupil_asymmetry_precond;eeg_faa_precond;pupil_full_pupil_mean_precond;eda_pkrate_precond;pupil_full_pupil_sd_precond"
2025-12-19 16:23:36.665244,34,"stress_label",10,16,0.0078125,0.558139534883721,0.569767441860465,NA,10,"top10","hr_sd_precond;hr_med_precond;eda_med_precond;eeg_fm_specent_precond;hrv_rmssd_precond;pupil_full_pupil_asymmetry_precond;eeg_faa_precond;pupil_full_pupil_mean_precond;eda_pkrate_precond;pupil_full_pupil_sd_precond"
2025-12-19 16:23:36.697552,34,"stress_label",10,32,0.0078125,0.558139534883721,0.517441860465116,NA,10,"top10","hr_sd_precond;hr_med_precond;eda_med_precond;eeg_fm_specent_precond;hrv_rmssd_precond;pupil_full_pupil_asymmetry_precond;eeg_faa_precond;pupil_full_pupil_mean_precond;eda_pkrate_precond;pupil_full_pupil_sd_precond"
2025-12-19 16:23:36.742903,34,"stress_label",10,64,0.0078125,0.529069767441861,0.505813953488372,NA,10,"top10","hr_sd_precond;hr_med_precond;eda_med_precond;eeg_fm_specent_precond;hrv_rmssd_precond;pupil_full_pupil_asymmetry_precond;eeg_faa_precond;pupil_full_pupil_mean_precond;eda_pkrate_precond;pupil_full_pupil_sd_precond"
2025-12-19 16:23:36.771097,34,"stress_label",10,128,0.0078125,0.505813953488372,0.459302325581395,NA,10,"top10","hr_sd_precond;hr_med_precond;eda_med_precond;eeg_fm_specent_precond;hrv_rmssd_precond;pupil_full_pupil_asymmetry_precond;eeg_faa_precond;pupil_full_pupil_mean_precond;eda_pkrate_precond;pupil_full_pupil_sd_precond"
2025-12-19 16:23:36.934986,34,"stress_label",10,256,0.0078125,0.441860465116279,0.412790697674419,NA,10,"top10","hr_sd_precond;hr_med_precond;eda_med_precond;eeg_fm_specent_precond;hrv_rmssd_precond;pupil_full_pupil_asymmetry_precond;eeg_faa_precond;pupil_full_pupil_mean_precond;eda_pkrate_precond;pupil_full_pupil_sd_precond"
2025-12-19 16:23:36.648767,34,"stress_label",10,2,0.015625,0.529069767441861,0.5,0.524031007751938,10,"top10","hr_sd_precond;hr_med_precond;eda_med_precond;eeg_fm_specent_precond;hrv_rmssd_precond;pupil_full_pupil_asymmetry_precond;eeg_faa_precond;pupil_full_pupil_mean_precond;eda_pkrate_precond;pupil_full_pupil_sd_precond"
2025-12-19 16:23:36.642558,34,"stress_label",10,4,0.015625,0.546511627906977,0.581395348837209,0.512403100775194,10,"top10","hr_sd_precond;hr_med_precond;eda_med_precond;eeg_fm_specent_precond;hrv_rmssd_precond;pupil_full_pupil_asymmetry_precond;eeg_faa_precond;pupil_full_pupil_mean_precond;eda_pkrate_precond;pupil_full_pupil_sd_precond"
2025-12-19 16:23:36.667378,34,"stress_label",10,8,0.015625,0.546511627906977,0.546511627906977,NA,10,"top10","hr_sd_precond;hr_med_precond;eda_med_precond;eeg_fm_specent_precond;hrv_rmssd_precond;pupil_full_pupil_asymmetry_precond;eeg_faa_precond;pupil_full_pupil_mean_precond;eda_pkrate_precond;pupil_full_pupil_sd_precond"
2025-12-19 16:23:36.707739,34,"stress_label",10,16,0.015625,0.529069767441861,0.494186046511628,NA,10,"top10","hr_sd_precond;hr_med_precond;eda_med_precond;eeg_fm_specent_precond;hrv_rmssd_precond;pupil_full_pupil_asymmetry_precond;eeg_faa_precond;pupil_full_pupil_mean_precond;eda_pkrate_precond;pupil_full_pupil_sd_precond"
2025-12-19 16:23:36.725843,34,"stress_label",10,32,0.015625,0.505813953488372,0.430232558139535,NA,10,"top10","hr_sd_precond;hr_med_precond;eda_med_precond;eeg_fm_specent_precond;hrv_rmssd_precond;pupil_full_pupil_asymmetry_precond;eeg_faa_precond;pupil_full_pupil_mean_precond;eda_pkrate_precond;pupil_full_pupil_sd_precond"
2025-12-19 16:23:36.867926,34,"stress_label",10,64,0.015625,0.453488372093023,0.406976744186047,NA,10,"top10","hr_sd_precond;hr_med_precond;eda_med_precond;eeg_fm_specent_precond;hrv_rmssd_precond;pupil_full_pupil_asymmetry_precond;eeg_faa_precond;pupil_full_pupil_mean_precond;eda_pkrate_precond;pupil_full_pupil_sd_precond"
2025-12-19 16:23:38.062988,34,"stress_label",10,128,0.015625,0.465116279069767,0.436046511627907,NA,10,"top10","hr_sd_precond;hr_med_precond;eda_med_precond;eeg_fm_specent_precond;hrv_rmssd_precond;pupil_full_pupil_asymmetry_precond;eeg_faa_precond;pupil_full_pupil_mean_precond;eda_pkrate_precond;pupil_full_pupil_sd_precond"
2025-12-19 16:23:38.428007,34,"stress_label",10,256,0.015625,0.529069767441861,0.377906976744186,NA,10,"top10","hr_sd_precond;hr_med_precond;eda_med_precond;eeg_fm_specent_precond;hrv_rmssd_precond;pupil_full_pupil_asymmetry_precond;eeg_faa_precond;pupil_full_pupil_mean_precond;eda_pkrate_precond;pupil_full_pupil_sd_precond"
2025-12-19 16:23:37.803471,34,"stress_label",10,2,0.03125,0.558139534883721,0.476744186046512,NA,10,"top10","hr_sd_precond;hr_med_precond;eda_med_precond;eeg_fm_specent_precond;hrv_rmssd_precond;pupil_full_pupil_asymmetry_precond;eeg_faa_precond;pupil_full_pupil_mean_precond;eda_pkrate_precond;pupil_full_pupil_sd_precond"
2025-12-19 16:23:37.84057,34,"stress_label",10,4,0.03125,0.546511627906977,0.575581395348837,NA,10,"top10","hr_sd_precond;hr_med_precond;eda_med_precond;eeg_fm_specent_precond;hrv_rmssd_precond;pupil_full_pupil_asymmetry_precond;eeg_faa_precond;pupil_full_pupil_mean_precond;eda_pkrate_precond;pupil_full_pupil_sd_precond"
2025-12-19 16:23:37.843897,34,"stress_label",10,8,0.03125,0.523255813953488,0.511627906976744,NA,10,"top10","hr_sd_precond;hr_med_precond;eda_med_precond;eeg_fm_specent_precond;hrv_rmssd_precond;pupil_full_pupil_asymmetry_precond;eeg_faa_precond;pupil_full_pupil_mean_precond;eda_pkrate_precond;pupil_full_pupil_sd_precond"
2025-12-19 16:23:37.883565,34,"stress_label",10,16,0.03125,0.47093023255814,0.482558139534884,NA,10,"top10","hr_sd_precond;hr_med_precond;eda_med_precond;eeg_fm_specent_precond;hrv_rmssd_precond;pupil_full_pupil_asymmetry_precond;eeg_faa_precond;pupil_full_pupil_mean_precond;eda_pkrate_precond;pupil_full_pupil_sd_precond"
2025-12-19 16:23:37.936845,34,"stress_label",10,32,0.03125,0.465116279069767,0.412790697674419,NA,10,"top10","hr_sd_precond;hr_med_precond;eda_med_precond;eeg_fm_specent_precond;hrv_rmssd_precond;pupil_full_pupil_asymmetry_precond;eeg_faa_precond;pupil_full_pupil_mean_precond;eda_pkrate_precond;pupil_full_pupil_sd_precond"
2025-12-19 16:23:38.107495,34,"stress_label",10,64,0.03125,0.523255813953488,0.476744186046512,0.523255813953488,10,"top10","hr_sd_precond;hr_med_precond;eda_med_precond;eeg_fm_specent_precond;hrv_rmssd_precond;pupil_full_pupil_asymmetry_precond;eeg_faa_precond;pupil_full_pupil_mean_precond;eda_pkrate_precond;pupil_full_pupil_sd_precond"
2025-12-19 16:23:38.411337,34,"stress_label",10,128,0.03125,0.546511627906977,0.441860465116279,0.528682170542636,10,"top10","hr_sd_precond;hr_med_precond;eda_med_precond;eeg_fm_specent_precond;hrv_rmssd_precond;pupil_full_pupil_asymmetry_precond;eeg_faa_precond;pupil_full_pupil_mean_precond;eda_pkrate_precond;pupil_full_pupil_sd_precond"
2025-12-19 16:23:38.83099,34,"stress_label",10,256,0.03125,0.534883720930233,0.465116279069767,NA,10,"top10","hr_sd_precond;hr_med_precond;eda_med_precond;eeg_fm_specent_precond;hrv_rmssd_precond;pupil_full_pupil_asymmetry_precond;eeg_faa_precond;pupil_full_pupil_mean_precond;eda_pkrate_precond;pupil_full_pupil_sd_precond"
2025-12-19 16:23:37.933685,34,"stress_label",10,2,0.0625,0.534883720930233,0.494186046511628,NA,10,"top10","hr_sd_precond;hr_med_precond;eda_med_precond;eeg_fm_specent_precond;hrv_rmssd_precond;pupil_full_pupil_asymmetry_precond;eeg_faa_precond;pupil_full_pupil_mean_precond;eda_pkrate_precond;pupil_full_pupil_sd_precond"
2025-12-19 16:23:37.926157,34,"stress_label",10,4,0.0625,0.505813953488372,0.47093023255814,NA,10,"top10","hr_sd_precond;hr_med_precond;eda_med_precond;eeg_fm_specent_precond;hrv_rmssd_precond;pupil_full_pupil_asymmetry_precond;eeg_faa_precond;pupil_full_pupil_mean_precond;eda_pkrate_precond;pupil_full_pupil_sd_precond"
2025-12-19 16:23:38.049437,34,"stress_label",10,8,0.0625,0.47093023255814,0.453488372093023,0.446511627906977,10,"top10","hr_sd_precond;hr_med_precond;eda_med_precond;eeg_fm_specent_precond;hrv_rmssd_precond;pupil_full_pupil_asymmetry_precond;eeg_faa_precond;pupil_full_pupil_mean_precond;eda_pkrate_precond;pupil_full_pupil_sd_precond"
2025-12-19 16:23:38.221231,34,"stress_label",10,16,0.0625,0.517441860465116,0.383720930232558,0.515503875968992,10,"top10","hr_sd_precond;hr_med_precond;eda_med_precond;eeg_fm_specent_precond;hrv_rmssd_precond;pupil_full_pupil_asymmetry_precond;eeg_faa_precond;pupil_full_pupil_mean_precond;eda_pkrate_precond;pupil_full_pupil_sd_precond"
2025-12-19 16:23:39.193035,34,"stress_label",10,32,0.0625,0.540697674418605,0.424418604651163,NA,10,"top10","hr_sd_precond;hr_med_precond;eda_med_precond;eeg_fm_specent_precond;hrv_rmssd_precond;pupil_full_pupil_asymmetry_precond;eeg_faa_precond;pupil_full_pupil_mean_precond;eda_pkrate_precond;pupil_full_pupil_sd_precond"
2025-12-19 16:23:39.344858,34,"stress_label",10,64,0.0625,0.511627906976744,0.436046511627907,0.490697674418605,10,"top10","hr_sd_precond;hr_med_precond;eda_med_precond;eeg_fm_specent_precond;hrv_rmssd_precond;pupil_full_pupil_asymmetry_precond;eeg_faa_precond;pupil_full_pupil_mean_precond;eda_pkrate_precond;pupil_full_pupil_sd_precond"
2025-12-19 16:23:39.480416,34,"stress_label",10,128,0.0625,0.546511627906977,0.453488372093023,0.561240310077519,10,"top10","hr_sd_precond;hr_med_precond;eda_med_precond;eeg_fm_specent_precond;hrv_rmssd_precond;pupil_full_pupil_asymmetry_precond;eeg_faa_precond;pupil_full_pupil_mean_precond;eda_pkrate_precond;pupil_full_pupil_sd_precond"
2025-12-19 16:23:39.56834,34,"stress_label",10,256,0.0625,0.534883720930233,0.453488372093023,0.547286821705426,10,"top10","hr_sd_precond;hr_med_precond;eda_med_precond;eeg_fm_specent_precond;hrv_rmssd_precond;pupil_full_pupil_asymmetry_precond;eeg_faa_precond;pupil_full_pupil_mean_precond;eda_pkrate_precond;pupil_full_pupil_sd_precond"
2025-12-19 16:23:39.093307,34,"stress_label",10,2,0.125,0.5,0.436046511627907,0.484496124031008,10,"top10","hr_sd_precond;hr_med_precond;eda_med_precond;eeg_fm_specent_precond;hrv_rmssd_precond;pupil_full_pupil_asymmetry_precond;eeg_faa_precond;pupil_full_pupil_mean_precond;eda_pkrate_precond;pupil_full_pupil_sd_precond"
2025-12-19 16:23:39.180699,34,"stress_label",10,4,0.125,0.494186046511628,0.430232558139535,0.481395348837209,10,"top10","hr_sd_precond;hr_med_precond;eda_med_precond;eeg_fm_specent_precond;hrv_rmssd_precond;pupil_full_pupil_asymmetry_precond;eeg_faa_precond;pupil_full_pupil_mean_precond;eda_pkrate_precond;pupil_full_pupil_sd_precond"
2025-12-19 16:23:39.229974,34,"stress_label",10,8,0.125,0.5,0.38953488372093,NA,10,"top10","hr_sd_precond;hr_med_precond;eda_med_precond;eeg_fm_specent_precond;hrv_rmssd_precond;pupil_full_pupil_asymmetry_precond;eeg_faa_precond;pupil_full_pupil_mean_precond;eda_pkrate_precond;pupil_full_pupil_sd_precond"
2025-12-19 16:23:39.378678,34,"stress_label",10,16,0.125,0.546511627906977,0.418604651162791,0.543410852713178,10,"top10","hr_sd_precond;hr_med_precond;eda_med_precond;eeg_fm_specent_precond;hrv_rmssd_precond;pupil_full_pupil_asymmetry_precond;eeg_faa_precond;pupil_full_pupil_mean_precond;eda_pkrate_precond;pupil_full_pupil_sd_precond"
2025-12-19 16:23:39.436179,34,"stress_label",10,32,0.125,0.540697674418605,0.412790697674419,NA,10,"top10","hr_sd_precond;hr_med_precond;eda_med_precond;eeg_fm_specent_precond;hrv_rmssd_precond;pupil_full_pupil_asymmetry_precond;eeg_faa_precond;pupil_full_pupil_mean_precond;eda_pkrate_precond;pupil_full_pupil_sd_precond"
2025-12-19 16:23:39.489694,34,"stress_label",10,64,0.125,0.529069767441861,0.494186046511628,NA,10,"top10","hr_sd_precond;hr_med_precond;eda_med_precond;eeg_fm_specent_precond;hrv_rmssd_precond;pupil_full_pupil_asymmetry_precond;eeg_faa_precond;pupil_full_pupil_mean_precond;eda_pkrate_precond;pupil_full_pupil_sd_precond"
2025-12-19 16:23:39.591934,34,"stress_label",10,128,0.125,0.529069767441861,0.47093023255814,NA,10,"top10","hr_sd_precond;hr_med_precond;eda_med_precond;eeg_fm_specent_precond;hrv_rmssd_precond;pupil_full_pupil_asymmetry_precond;eeg_faa_precond;pupil_full_pupil_mean_precond;eda_pkrate_precond;pupil_full_pupil_sd_precond"
2025-12-19 16:23:39.776395,34,"stress_label",10,256,0.125,0.529069767441861,0.436046511627907,NA,10,"top10","hr_sd_precond;hr_med_precond;eda_med_precond;eeg_fm_specent_precond;hrv_rmssd_precond;pupil_full_pupil_asymmetry_precond;eeg_faa_precond;pupil_full_pupil_mean_precond;eda_pkrate_precond;pupil_full_pupil_sd_precond"
2025-12-19 16:23:39.598047,34,"stress_label",10,2,0.03,0.540697674418605,0.5,NA,10,"top10","hr_sd_precond;hr_med_precond;eda_med_precond;eeg_fm_specent_precond;hrv_rmssd_precond;pupil_full_pupil_asymmetry_precond;eeg_faa_precond;pupil_full_pupil_mean_precond;eda_pkrate_precond;pupil_full_pupil_sd_precond"
2025-12-19 16:23:39.962524,34,"stress_label",10,4,0.03,0.540697674418605,0.552325581395349,NA,10,"top10","hr_sd_precond;hr_med_precond;eda_med_precond;eeg_fm_specent_precond;hrv_rmssd_precond;pupil_full_pupil_asymmetry_precond;eeg_faa_precond;pupil_full_pupil_mean_precond;eda_pkrate_precond;pupil_full_pupil_sd_precond"
2025-12-19 16:23:40.277728,34,"stress_label",10,8,0.03,0.529069767441861,0.459302325581395,NA,10,"top10","hr_sd_precond;hr_med_precond;eda_med_precond;eeg_fm_specent_precond;hrv_rmssd_precond;pupil_full_pupil_asymmetry_precond;eeg_faa_precond;pupil_full_pupil_mean_precond;eda_pkrate_precond;pupil_full_pupil_sd_precond"
2025-12-19 16:23:40.359892,34,"stress_label",10,16,0.03,0.476744186046512,0.465116279069767,NA,10,"top10","hr_sd_precond;hr_med_precond;eda_med_precond;eeg_fm_specent_precond;hrv_rmssd_precond;pupil_full_pupil_asymmetry_precond;eeg_faa_precond;pupil_full_pupil_mean_precond;eda_pkrate_precond;pupil_full_pupil_sd_precond"
2025-12-19 16:23:40.450787,34,"stress_label",10,32,0.03,0.459302325581395,0.401162790697674,NA,10,"top10","hr_sd_precond;hr_med_precond;eda_med_precond;eeg_fm_specent_precond;hrv_rmssd_precond;pupil_full_pupil_asymmetry_precond;eeg_faa_precond;pupil_full_pupil_mean_precond;eda_pkrate_precond;pupil_full_pupil_sd_precond"
2025-12-19 16:23:40.636816,34,"stress_label",10,64,0.03,0.505813953488372,0.354651162790698,0.506201550387597,10,"top10","hr_sd_precond;hr_med_precond;eda_med_precond;eeg_fm_specent_precond;hrv_rmssd_precond;pupil_full_pupil_asymmetry_precond;eeg_faa_precond;pupil_full_pupil_mean_precond;eda_pkrate_precond;pupil_full_pupil_sd_precond"
2025-12-19 16:23:41.045792,34,"stress_label",10,128,0.03,0.534883720930233,0.447674418604651,0.52015503875969,10,"top10","hr_sd_precond;hr_med_precond;eda_med_precond;eeg_fm_specent_precond;hrv_rmssd_precond;pupil_full_pupil_asymmetry_precond;eeg_faa_precond;pupil_full_pupil_mean_precond;eda_pkrate_precond;pupil_full_pupil_sd_precond"
2025-12-19 16:23:41.420406,34,"stress_label",10,256,0.03,0.540697674418605,0.337209302325581,NA,10,"top10","hr_sd_precond;hr_med_precond;eda_med_precond;eeg_fm_specent_precond;hrv_rmssd_precond;pupil_full_pupil_asymmetry_precond;eeg_faa_precond;pupil_full_pupil_mean_precond;eda_pkrate_precond;pupil_full_pupil_sd_precond"
2025-12-19 16:23:40.602703,34,"stress_label",10,2,0.06,0.534883720930233,0.459302325581395,NA,10,"top10","hr_sd_precond;hr_med_precond;eda_med_precond;eeg_fm_specent_precond;hrv_rmssd_precond;pupil_full_pupil_asymmetry_precond;eeg_faa_precond;pupil_full_pupil_mean_precond;eda_pkrate_precond;pupil_full_pupil_sd_precond"
2025-12-19 16:23:40.632793,34,"stress_label",10,4,0.06,0.511627906976744,0.447674418604651,NA,10,"top10","hr_sd_precond;hr_med_precond;eda_med_precond;eeg_fm_specent_precond;hrv_rmssd_precond;pupil_full_pupil_asymmetry_precond;eeg_faa_precond;pupil_full_pupil_mean_precond;eda_pkrate_precond;pupil_full_pupil_sd_precond"
2025-12-19 16:23:40.676598,34,"stress_label",10,8,0.06,0.465116279069767,0.395348837209302,0.434883720930233,10,"top10","hr_sd_precond;hr_med_precond;eda_med_precond;eeg_fm_specent_precond;hrv_rmssd_precond;pupil_full_pupil_asymmetry_precond;eeg_faa_precond;pupil_full_pupil_mean_precond;eda_pkrate_precond;pupil_full_pupil_sd_precond"
2025-12-19 16:23:40.849433,34,"stress_label",10,16,0.06,0.505813953488372,0.430232558139535,0.507751937984496,10,"top10","hr_sd_precond;hr_med_precond;eda_med_precond;eeg_fm_specent_precond;hrv_rmssd_precond;pupil_full_pupil_asymmetry_precond;eeg_faa_precond;pupil_full_pupil_mean_precond;eda_pkrate_precond;pupil_full_pupil_sd_precond"
2025-12-19 16:23:40.951608,34,"stress_label",10,32,0.06,0.546511627906977,0.430232558139535,NA,10,"top10","hr_sd_precond;hr_med_precond;eda_med_precond;eeg_fm_specent_precond;hrv_rmssd_precond;pupil_full_pupil_asymmetry_precond;eeg_faa_precond;pupil_full_pupil_mean_precond;eda_pkrate_precond;pupil_full_pupil_sd_precond"
2025-12-19 16:23:41.128304,34,"stress_label",10,64,0.06,0.517441860465116,0.412790697674419,0.489147286821705,10,"top10","hr_sd_precond;hr_med_precond;eda_med_precond;eeg_fm_specent_precond;hrv_rmssd_precond;pupil_full_pupil_asymmetry_precond;eeg_faa_precond;pupil_full_pupil_mean_precond;eda_pkrate_precond;pupil_full_pupil_sd_precond"
2025-12-19 16:23:41.32744,34,"stress_label",10,128,0.06,0.529069767441861,0.430232558139535,0.538759689922481,10,"top10","hr_sd_precond;hr_med_precond;eda_med_precond;eeg_fm_specent_precond;hrv_rmssd_precond;pupil_full_pupil_asymmetry_precond;eeg_faa_precond;pupil_full_pupil_mean_precond;eda_pkrate_precond;pupil_full_pupil_sd_precond"
2025-12-19 16:23:41.582314,34,"stress_label",10,256,0.06,0.534883720930233,0.395348837209302,0.541860465116279,10,"top10","hr_sd_precond;hr_med_precond;eda_med_precond;eeg_fm_specent_precond;hrv_rmssd_precond;pupil_full_pupil_asymmetry_precond;eeg_faa_precond;pupil_full_pupil_mean_precond;eda_pkrate_precond;pupil_full_pupil_sd_precond"
2025-12-19 16:23:41.379891,34,"stress_label",10,2,0.1,0.494186046511628,0.418604651162791,NA,10,"top10","hr_sd_precond;hr_med_precond;eda_med_precond;eeg_fm_specent_precond;hrv_rmssd_precond;pupil_full_pupil_asymmetry_precond;eeg_faa_precond;pupil_full_pupil_mean_precond;eda_pkrate_precond;pupil_full_pupil_sd_precond"
2025-12-19 16:23:41.476193,34,"stress_label",10,4,0.1,0.482558139534884,0.395348837209302,0.467441860465116,10,"top10","hr_sd_precond;hr_med_precond;eda_med_precond;eeg_fm_specent_precond;hrv_rmssd_precond;pupil_full_pupil_asymmetry_precond;eeg_faa_precond;pupil_full_pupil_mean_precond;eda_pkrate_precond;pupil_full_pupil_sd_precond"
2025-12-19 16:23:41.571663,34,"stress_label",10,8,0.1,0.517441860465116,0.441860465116279,NA,10,"top10","hr_sd_precond;hr_med_precond;eda_med_precond;eeg_fm_specent_precond;hrv_rmssd_precond;pupil_full_pupil_asymmetry_precond;eeg_faa_precond;pupil_full_pupil_mean_precond;eda_pkrate_precond;pupil_full_pupil_sd_precond"
2025-12-19 16:23:41.730393,34,"stress_label",10,16,0.1,0.523255813953488,0.430232558139535,NA,10,"top10","hr_sd_precond;hr_med_precond;eda_med_precond;eeg_fm_specent_precond;hrv_rmssd_precond;pupil_full_pupil_asymmetry_precond;eeg_faa_precond;pupil_full_pupil_mean_precond;eda_pkrate_precond;pupil_full_pupil_sd_precond"
2025-12-19 16:23:41.780369,34,"stress_label",10,32,0.1,0.523255813953488,0.372093023255814,0.524031007751938,10,"top10","hr_sd_precond;hr_med_precond;eda_med_precond;eeg_fm_specent_precond;hrv_rmssd_precond;pupil_full_pupil_asymmetry_precond;eeg_faa_precond;pupil_full_pupil_mean_precond;eda_pkrate_precond;pupil_full_pupil_sd_precond"
2025-12-19 16:23:41.818598,34,"stress_label",10,64,0.1,0.523255813953488,0.47093023255814,0.51937984496124,10,"top10","hr_sd_precond;hr_med_precond;eda_med_precond;eeg_fm_specent_precond;hrv_rmssd_precond;pupil_full_pupil_asymmetry_precond;eeg_faa_precond;pupil_full_pupil_mean_precond;eda_pkrate_precond;pupil_full_pupil_sd_precond"
2025-12-19 16:23:41.828665,34,"stress_label",10,128,0.1,0.529069767441861,0.453488372093023,0.527131782945736,10,"top10","hr_sd_precond;hr_med_precond;eda_med_precond;eeg_fm_specent_precond;hrv_rmssd_precond;pupil_full_pupil_asymmetry_precond;eeg_faa_precond;pupil_full_pupil_mean_precond;eda_pkrate_precond;pupil_full_pupil_sd_precond"
2025-12-19 16:23:41.925357,34,"stress_label",10,256,0.1,0.529069767441861,0.476744186046512,0.527131782945736,10,"top10","hr_sd_precond;hr_med_precond;eda_med_precond;eeg_fm_specent_precond;hrv_rmssd_precond;pupil_full_pupil_asymmetry_precond;eeg_faa_precond;pupil_full_pupil_mean_precond;eda_pkrate_precond;pupil_full_pupil_sd_precond"
2025-12-19 16:23:43.285888,35,"stress_label",10,2,0.0078125,0.523255813953488,0.476744186046512,0.513953488372093,10,"top10","hr_sd_precond;hr_med_precond;eda_med_precond;eeg_fm_specent_precond;hrv_rmssd_precond;pupil_full_pupil_mean_precond;pupil_full_pupil_asymmetry_precond;eda_pkrate_precond;eeg_fl_theta_power_precond;eeg_faa_precond"
2025-12-19 16:23:43.27351,35,"stress_label",10,4,0.0078125,0.529069767441861,0.546511627906977,0.512403100775194,10,"top10","hr_sd_precond;hr_med_precond;eda_med_precond;eeg_fm_specent_precond;hrv_rmssd_precond;pupil_full_pupil_mean_precond;pupil_full_pupil_asymmetry_precond;eda_pkrate_precond;eeg_fl_theta_power_precond;eeg_faa_precond"
2025-12-19 16:23:43.314282,35,"stress_label",10,8,0.0078125,0.534883720930233,0.5,0.524031007751938,10,"top10","hr_sd_precond;hr_med_precond;eda_med_precond;eeg_fm_specent_precond;hrv_rmssd_precond;pupil_full_pupil_mean_precond;pupil_full_pupil_asymmetry_precond;eda_pkrate_precond;eeg_fl_theta_power_precond;eeg_faa_precond"
2025-12-19 16:23:43.312995,35,"stress_label",10,16,0.0078125,0.558139534883721,0.534883720930233,0.516279069767442,10,"top10","hr_sd_precond;hr_med_precond;eda_med_precond;eeg_fm_specent_precond;hrv_rmssd_precond;pupil_full_pupil_mean_precond;pupil_full_pupil_asymmetry_precond;eda_pkrate_precond;eeg_fl_theta_power_precond;eeg_faa_precond"
2025-12-19 16:23:43.286993,35,"stress_label",10,32,0.0078125,0.575581395348837,0.558139534883721,0.55968992248062,10,"top10","hr_sd_precond;hr_med_precond;eda_med_precond;eeg_fm_specent_precond;hrv_rmssd_precond;pupil_full_pupil_mean_precond;pupil_full_pupil_asymmetry_precond;eda_pkrate_precond;eeg_fl_theta_power_precond;eeg_faa_precond"
2025-12-19 16:23:43.360298,35,"stress_label",10,64,0.0078125,0.558139534883721,0.505813953488372,NA,10,"top10","hr_sd_precond;hr_med_precond;eda_med_precond;eeg_fm_specent_precond;hrv_rmssd_precond;pupil_full_pupil_mean_precond;pupil_full_pupil_asymmetry_precond;eda_pkrate_precond;eeg_fl_theta_power_precond;eeg_faa_precond"
2025-12-19 16:23:43.443371,35,"stress_label",10,128,0.0078125,0.511627906976744,0.511627906976744,NA,10,"top10","hr_sd_precond;hr_med_precond;eda_med_precond;eeg_fm_specent_precond;hrv_rmssd_precond;pupil_full_pupil_mean_precond;pupil_full_pupil_asymmetry_precond;eda_pkrate_precond;eeg_fl_theta_power_precond;eeg_faa_precond"
2025-12-19 16:23:43.610506,35,"stress_label",10,256,0.0078125,0.476744186046512,0.465116279069767,NA,10,"top10","hr_sd_precond;hr_med_precond;eda_med_precond;eeg_fm_specent_precond;hrv_rmssd_precond;pupil_full_pupil_mean_precond;pupil_full_pupil_asymmetry_precond;eda_pkrate_precond;eeg_fl_theta_power_precond;eeg_faa_precond"
2025-12-19 16:23:43.295987,35,"stress_label",10,2,0.015625,0.511627906976744,0.482558139534884,0.507751937984496,10,"top10","hr_sd_precond;hr_med_precond;eda_med_precond;eeg_fm_specent_precond;hrv_rmssd_precond;pupil_full_pupil_mean_precond;pupil_full_pupil_asymmetry_precond;eda_pkrate_precond;eeg_fl_theta_power_precond;eeg_faa_precond"
2025-12-19 16:23:43.297787,35,"stress_label",10,4,0.015625,0.523255813953488,0.488372093023256,0.490697674418605,10,"top10","hr_sd_precond;hr_med_precond;eda_med_precond;eeg_fm_specent_precond;hrv_rmssd_precond;pupil_full_pupil_mean_precond;pupil_full_pupil_asymmetry_precond;eda_pkrate_precond;eeg_fl_theta_power_precond;eeg_faa_precond"
2025-12-19 16:23:43.282809,35,"stress_label",10,8,0.015625,0.558139534883721,0.517441860465116,0.537209302325581,10,"top10","hr_sd_precond;hr_med_precond;eda_med_precond;eeg_fm_specent_precond;hrv_rmssd_precond;pupil_full_pupil_mean_precond;pupil_full_pupil_asymmetry_precond;eda_pkrate_precond;eeg_fl_theta_power_precond;eeg_faa_precond"
2025-12-19 16:23:43.367392,35,"stress_label",10,16,0.015625,0.558139534883721,0.552325581395349,NA,10,"top10","hr_sd_precond;hr_med_precond;eda_med_precond;eeg_fm_specent_precond;hrv_rmssd_precond;pupil_full_pupil_mean_precond;pupil_full_pupil_asymmetry_precond;eda_pkrate_precond;eeg_fl_theta_power_precond;eeg_faa_precond"
2025-12-19 16:23:43.360272,35,"stress_label",10,32,0.015625,0.511627906976744,0.523255813953488,NA,10,"top10","hr_sd_precond;hr_med_precond;eda_med_precond;eeg_fm_specent_precond;hrv_rmssd_precond;pupil_full_pupil_mean_precond;pupil_full_pupil_asymmetry_precond;eda_pkrate_precond;eeg_fl_theta_power_precond;eeg_faa_precond"
2025-12-19 16:23:43.464937,35,"stress_label",10,64,0.015625,0.488372093023256,0.482558139534884,NA,10,"top10","hr_sd_precond;hr_med_precond;eda_med_precond;eeg_fm_specent_precond;hrv_rmssd_precond;pupil_full_pupil_mean_precond;pupil_full_pupil_asymmetry_precond;eda_pkrate_precond;eeg_fl_theta_power_precond;eeg_faa_precond"
2025-12-19 16:23:45.03772,35,"stress_label",10,128,0.015625,0.482558139534884,0.424418604651163,NA,10,"top10","hr_sd_precond;hr_med_precond;eda_med_precond;eeg_fm_specent_precond;hrv_rmssd_precond;pupil_full_pupil_mean_precond;pupil_full_pupil_asymmetry_precond;eda_pkrate_precond;eeg_fl_theta_power_precond;eeg_faa_precond"
2025-12-19 16:23:45.145943,35,"stress_label",10,256,0.015625,0.459302325581395,0.488372093023256,0.467441860465116,10,"top10","hr_sd_precond;hr_med_precond;eda_med_precond;eeg_fm_specent_precond;hrv_rmssd_precond;pupil_full_pupil_mean_precond;pupil_full_pupil_asymmetry_precond;eda_pkrate_precond;eeg_fl_theta_power_precond;eeg_faa_precond"
2025-12-19 16:23:44.466476,35,"stress_label",10,2,0.03125,0.5,0.406976744186047,0.493023255813954,10,"top10","hr_sd_precond;hr_med_precond;eda_med_precond;eeg_fm_specent_precond;hrv_rmssd_precond;pupil_full_pupil_mean_precond;pupil_full_pupil_asymmetry_precond;eda_pkrate_precond;eeg_fl_theta_power_precond;eeg_faa_precond"
2025-12-19 16:23:44.459414,35,"stress_label",10,4,0.03125,0.546511627906977,0.517441860465116,NA,10,"top10","hr_sd_precond;hr_med_precond;eda_med_precond;eeg_fm_specent_precond;hrv_rmssd_precond;pupil_full_pupil_mean_precond;pupil_full_pupil_asymmetry_precond;eda_pkrate_precond;eeg_fl_theta_power_precond;eeg_faa_precond"
2025-12-19 16:23:44.448423,35,"stress_label",10,8,0.03125,0.511627906976744,0.546511627906977,NA,10,"top10","hr_sd_precond;hr_med_precond;eda_med_precond;eeg_fm_specent_precond;hrv_rmssd_precond;pupil_full_pupil_mean_precond;pupil_full_pupil_asymmetry_precond;eda_pkrate_precond;eeg_fl_theta_power_precond;eeg_faa_precond"
2025-12-19 16:23:44.57129,35,"stress_label",10,16,0.03125,0.482558139534884,0.430232558139535,NA,10,"top10","hr_sd_precond;hr_med_precond;eda_med_precond;eeg_fm_specent_precond;hrv_rmssd_precond;pupil_full_pupil_mean_precond;pupil_full_pupil_asymmetry_precond;eda_pkrate_precond;eeg_fl_theta_power_precond;eeg_faa_precond"
2025-12-19 16:23:44.654417,35,"stress_label",10,32,0.03125,0.488372093023256,0.430232558139535,NA,10,"top10","hr_sd_precond;hr_med_precond;eda_med_precond;eeg_fm_specent_precond;hrv_rmssd_precond;pupil_full_pupil_mean_precond;pupil_full_pupil_asymmetry_precond;eda_pkrate_precond;eeg_fl_theta_power_precond;eeg_faa_precond"
2025-12-19 16:23:44.779802,35,"stress_label",10,64,0.03125,0.476744186046512,0.337209302325581,NA,10,"top10","hr_sd_precond;hr_med_precond;eda_med_precond;eeg_fm_specent_precond;hrv_rmssd_precond;pupil_full_pupil_mean_precond;pupil_full_pupil_asymmetry_precond;eda_pkrate_precond;eeg_fl_theta_power_precond;eeg_faa_precond"
2025-12-19 16:23:45.116826,35,"stress_label",10,128,0.03125,0.517441860465116,0.424418604651163,NA,10,"top10","hr_sd_precond;hr_med_precond;eda_med_precond;eeg_fm_specent_precond;hrv_rmssd_precond;pupil_full_pupil_mean_precond;pupil_full_pupil_asymmetry_precond;eda_pkrate_precond;eeg_fl_theta_power_precond;eeg_faa_precond"
2025-12-19 16:23:45.611251,35,"stress_label",10,256,0.03125,0.523255813953488,0.418604651162791,NA,10,"top10","hr_sd_precond;hr_med_precond;eda_med_precond;eeg_fm_specent_precond;hrv_rmssd_precond;pupil_full_pupil_mean_precond;pupil_full_pupil_asymmetry_precond;eda_pkrate_precond;eeg_fl_theta_power_precond;eeg_faa_precond"
2025-12-19 16:23:44.549087,35,"stress_label",10,2,0.0625,0.511627906976744,0.482558139534884,NA,10,"top10","hr_sd_precond;hr_med_precond;eda_med_precond;eeg_fm_specent_precond;hrv_rmssd_precond;pupil_full_pupil_mean_precond;pupil_full_pupil_asymmetry_precond;eda_pkrate_precond;eeg_fl_theta_power_precond;eeg_faa_precond"
2025-12-19 16:23:44.645617,35,"stress_label",10,4,0.0625,0.494186046511628,0.441860465116279,0.493798449612403,10,"top10","hr_sd_precond;hr_med_precond;eda_med_precond;eeg_fm_specent_precond;hrv_rmssd_precond;pupil_full_pupil_mean_precond;pupil_full_pupil_asymmetry_precond;eda_pkrate_precond;eeg_fl_theta_power_precond;eeg_faa_precond"
2025-12-19 16:23:44.720999,35,"stress_label",10,8,0.0625,0.482558139534884,0.424418604651163,NA,10,"top10","hr_sd_precond;hr_med_precond;eda_med_precond;eeg_fm_specent_precond;hrv_rmssd_precond;pupil_full_pupil_mean_precond;pupil_full_pupil_asymmetry_precond;eda_pkrate_precond;eeg_fl_theta_power_precond;eeg_faa_precond"
2025-12-19 16:23:44.933978,35,"stress_label",10,16,0.0625,0.505813953488372,0.494186046511628,NA,10,"top10","hr_sd_precond;hr_med_precond;eda_med_precond;eeg_fm_specent_precond;hrv_rmssd_precond;pupil_full_pupil_mean_precond;pupil_full_pupil_asymmetry_precond;eda_pkrate_precond;eeg_fl_theta_power_precond;eeg_faa_precond"
2025-12-19 16:23:45.997346,35,"stress_label",10,32,0.0625,0.546511627906977,0.325581395348837,NA,10,"top10","hr_sd_precond;hr_med_precond;eda_med_precond;eeg_fm_specent_precond;hrv_rmssd_precond;pupil_full_pupil_mean_precond;pupil_full_pupil_asymmetry_precond;eda_pkrate_precond;eeg_fl_theta_power_precond;eeg_faa_precond"
2025-12-19 16:23:46.433763,35,"stress_label",10,64,0.0625,0.523255813953488,0.453488372093023,NA,10,"top10","hr_sd_precond;hr_med_precond;eda_med_precond;eeg_fm_specent_precond;hrv_rmssd_precond;pupil_full_pupil_mean_precond;pupil_full_pupil_asymmetry_precond;eda_pkrate_precond;eeg_fl_theta_power_precond;eeg_faa_precond"
2025-12-19 16:23:46.303132,35,"stress_label",10,128,0.0625,0.488372093023256,0.430232558139535,NA,10,"top10","hr_sd_precond;hr_med_precond;eda_med_precond;eeg_fm_specent_precond;hrv_rmssd_precond;pupil_full_pupil_mean_precond;pupil_full_pupil_asymmetry_precond;eda_pkrate_precond;eeg_fl_theta_power_precond;eeg_faa_precond"
2025-12-19 16:23:46.391473,35,"stress_label",10,256,0.0625,0.488372093023256,0.296511627906977,NA,10,"top10","hr_sd_precond;hr_med_precond;eda_med_precond;eeg_fm_specent_precond;hrv_rmssd_precond;pupil_full_pupil_mean_precond;pupil_full_pupil_asymmetry_precond;eda_pkrate_precond;eeg_fl_theta_power_precond;eeg_faa_precond"
2025-12-19 16:23:46.058885,35,"stress_label",10,2,0.125,0.494186046511628,0.436046511627907,0.490697674418605,10,"top10","hr_sd_precond;hr_med_precond;eda_med_precond;eeg_fm_specent_precond;hrv_rmssd_precond;pupil_full_pupil_mean_precond;pupil_full_pupil_asymmetry_precond;eda_pkrate_precond;eeg_fl_theta_power_precond;eeg_faa_precond"
2025-12-19 16:23:45.965916,35,"stress_label",10,4,0.125,0.494186046511628,0.511627906976744,NA,10,"top10","hr_sd_precond;hr_med_precond;eda_med_precond;eeg_fm_specent_precond;hrv_rmssd_precond;pupil_full_pupil_mean_precond;pupil_full_pupil_asymmetry_precond;eda_pkrate_precond;eeg_fl_theta_power_precond;eeg_faa_precond"
2025-12-19 16:23:46.076156,35,"stress_label",10,8,0.125,0.511627906976744,0.436046511627907,NA,10,"top10","hr_sd_precond;hr_med_precond;eda_med_precond;eeg_fm_specent_precond;hrv_rmssd_precond;pupil_full_pupil_mean_precond;pupil_full_pupil_asymmetry_precond;eda_pkrate_precond;eeg_fl_theta_power_precond;eeg_faa_precond"
2025-12-19 16:23:46.162139,35,"stress_label",10,16,0.125,0.523255813953488,0.5,NA,10,"top10","hr_sd_precond;hr_med_precond;eda_med_precond;eeg_fm_specent_precond;hrv_rmssd_precond;pupil_full_pupil_mean_precond;pupil_full_pupil_asymmetry_precond;eda_pkrate_precond;eeg_fl_theta_power_precond;eeg_faa_precond"
2025-12-19 16:23:46.269784,35,"stress_label",10,32,0.125,0.5,0.406976744186047,NA,10,"top10","hr_sd_precond;hr_med_precond;eda_med_precond;eeg_fm_specent_precond;hrv_rmssd_precond;pupil_full_pupil_mean_precond;pupil_full_pupil_asymmetry_precond;eda_pkrate_precond;eeg_fl_theta_power_precond;eeg_faa_precond"
2025-12-19 16:23:46.407328,35,"stress_label",10,64,0.125,0.5,0.5,NA,10,"top10","hr_sd_precond;hr_med_precond;eda_med_precond;eeg_fm_specent_precond;hrv_rmssd_precond;pupil_full_pupil_mean_precond;pupil_full_pupil_asymmetry_precond;eda_pkrate_precond;eeg_fl_theta_power_precond;eeg_faa_precond"
2025-12-19 16:23:46.498438,35,"stress_label",10,128,0.125,0.5,0.465116279069767,NA,10,"top10","hr_sd_precond;hr_med_precond;eda_med_precond;eeg_fm_specent_precond;hrv_rmssd_precond;pupil_full_pupil_mean_precond;pupil_full_pupil_asymmetry_precond;eda_pkrate_precond;eeg_fl_theta_power_precond;eeg_faa_precond"
2025-12-19 16:23:46.551218,35,"stress_label",10,256,0.125,0.5,0.488372093023256,NA,10,"top10","hr_sd_precond;hr_med_precond;eda_med_precond;eeg_fm_specent_precond;hrv_rmssd_precond;pupil_full_pupil_mean_precond;pupil_full_pupil_asymmetry_precond;eda_pkrate_precond;eeg_fl_theta_power_precond;eeg_faa_precond"
2025-12-19 16:23:46.341674,35,"stress_label",10,2,0.03,0.505813953488372,0.447674418604651,0.495348837209302,10,"top10","hr_sd_precond;hr_med_precond;eda_med_precond;eeg_fm_specent_precond;hrv_rmssd_precond;pupil_full_pupil_mean_precond;pupil_full_pupil_asymmetry_precond;eda_pkrate_precond;eeg_fl_theta_power_precond;eeg_faa_precond"
2025-12-19 16:23:46.825375,35,"stress_label",10,4,0.03,0.552325581395349,0.517441860465116,NA,10,"top10","hr_sd_precond;hr_med_precond;eda_med_precond;eeg_fm_specent_precond;hrv_rmssd_precond;pupil_full_pupil_mean_precond;pupil_full_pupil_asymmetry_precond;eda_pkrate_precond;eeg_fl_theta_power_precond;eeg_faa_precond"
2025-12-19 16:23:47.191169,35,"stress_label",10,8,0.03,0.517441860465116,0.529069767441861,NA,10,"top10","hr_sd_precond;hr_med_precond;eda_med_precond;eeg_fm_specent_precond;hrv_rmssd_precond;pupil_full_pupil_mean_precond;pupil_full_pupil_asymmetry_precond;eda_pkrate_precond;eeg_fl_theta_power_precond;eeg_faa_precond"
2025-12-19 16:23:47.517287,35,"stress_label",10,16,0.03,0.488372093023256,0.482558139534884,NA,10,"top10","hr_sd_precond;hr_med_precond;eda_med_precond;eeg_fm_specent_precond;hrv_rmssd_precond;pupil_full_pupil_mean_precond;pupil_full_pupil_asymmetry_precond;eda_pkrate_precond;eeg_fl_theta_power_precond;eeg_faa_precond"
2025-12-19 16:23:47.403662,35,"stress_label",10,32,0.03,0.494186046511628,0.395348837209302,NA,10,"top10","hr_sd_precond;hr_med_precond;eda_med_precond;eeg_fm_specent_precond;hrv_rmssd_precond;pupil_full_pupil_mean_precond;pupil_full_pupil_asymmetry_precond;eda_pkrate_precond;eeg_fl_theta_power_precond;eeg_faa_precond"
2025-12-19 16:23:47.753849,35,"stress_label",10,64,0.03,0.476744186046512,0.331395348837209,NA,10,"top10","hr_sd_precond;hr_med_precond;eda_med_precond;eeg_fm_specent_precond;hrv_rmssd_precond;pupil_full_pupil_mean_precond;pupil_full_pupil_asymmetry_precond;eda_pkrate_precond;eeg_fl_theta_power_precond;eeg_faa_precond"
2025-12-19 16:23:47.896451,35,"stress_label",10,128,0.03,0.5,0.447674418604651,NA,10,"top10","hr_sd_precond;hr_med_precond;eda_med_precond;eeg_fm_specent_precond;hrv_rmssd_precond;pupil_full_pupil_mean_precond;pupil_full_pupil_asymmetry_precond;eda_pkrate_precond;eeg_fl_theta_power_precond;eeg_faa_precond"
2025-12-19 16:23:48.349078,35,"stress_label",10,256,0.03,0.523255813953488,0.430232558139535,NA,10,"top10","hr_sd_precond;hr_med_precond;eda_med_precond;eeg_fm_specent_precond;hrv_rmssd_precond;pupil_full_pupil_mean_precond;pupil_full_pupil_asymmetry_precond;eda_pkrate_precond;eeg_fl_theta_power_precond;eeg_faa_precond"
2025-12-19 16:23:47.489629,35,"stress_label",10,2,0.06,0.511627906976744,0.488372093023256,NA,10,"top10","hr_sd_precond;hr_med_precond;eda_med_precond;eeg_fm_specent_precond;hrv_rmssd_precond;pupil_full_pupil_mean_precond;pupil_full_pupil_asymmetry_precond;eda_pkrate_precond;eeg_fl_theta_power_precond;eeg_faa_precond"
2025-12-19 16:23:47.553886,35,"stress_label",10,4,0.06,0.5,0.441860465116279,NA,10,"top10","hr_sd_precond;hr_med_precond;eda_med_precond;eeg_fm_specent_precond;hrv_rmssd_precond;pupil_full_pupil_mean_precond;pupil_full_pupil_asymmetry_precond;eda_pkrate_precond;eeg_fl_theta_power_precond;eeg_faa_precond"
2025-12-19 16:23:47.620737,35,"stress_label",10,8,0.06,0.482558139534884,0.494186046511628,NA,10,"top10","hr_sd_precond;hr_med_precond;eda_med_precond;eeg_fm_specent_precond;hrv_rmssd_precond;pupil_full_pupil_mean_precond;pupil_full_pupil_asymmetry_precond;eda_pkrate_precond;eeg_fl_theta_power_precond;eeg_faa_precond"
2025-12-19 16:23:47.723211,35,"stress_label",10,16,0.06,0.5,0.494186046511628,NA,10,"top10","hr_sd_precond;hr_med_precond;eda_med_precond;eeg_fm_specent_precond;hrv_rmssd_precond;pupil_full_pupil_mean_precond;pupil_full_pupil_asymmetry_precond;eda_pkrate_precond;eeg_fl_theta_power_precond;eeg_faa_precond"
2025-12-19 16:23:47.921073,35,"stress_label",10,32,0.06,0.540697674418605,0.366279069767442,NA,10,"top10","hr_sd_precond;hr_med_precond;eda_med_precond;eeg_fm_specent_precond;hrv_rmssd_precond;pupil_full_pupil_mean_precond;pupil_full_pupil_asymmetry_precond;eda_pkrate_precond;eeg_fl_theta_power_precond;eeg_faa_precond"
2025-12-19 16:23:48.055082,35,"stress_label",10,64,0.06,0.517441860465116,0.511627906976744,NA,10,"top10","hr_sd_precond;hr_med_precond;eda_med_precond;eeg_fm_specent_precond;hrv_rmssd_precond;pupil_full_pupil_mean_precond;pupil_full_pupil_asymmetry_precond;eda_pkrate_precond;eeg_fl_theta_power_precond;eeg_faa_precond"
2025-12-19 16:23:48.250999,35,"stress_label",10,128,0.06,0.476744186046512,0.313953488372093,NA,10,"top10","hr_sd_precond;hr_med_precond;eda_med_precond;eeg_fm_specent_precond;hrv_rmssd_precond;pupil_full_pupil_mean_precond;pupil_full_pupil_asymmetry_precond;eda_pkrate_precond;eeg_fl_theta_power_precond;eeg_faa_precond"
2025-12-19 16:23:48.473633,35,"stress_label",10,256,0.06,0.488372093023256,0.430232558139535,NA,10,"top10","hr_sd_precond;hr_med_precond;eda_med_precond;eeg_fm_specent_precond;hrv_rmssd_precond;pupil_full_pupil_mean_precond;pupil_full_pupil_asymmetry_precond;eda_pkrate_precond;eeg_fl_theta_power_precond;eeg_faa_precond"
2025-12-19 16:23:48.287414,35,"stress_label",10,2,0.1,0.505813953488372,0.38953488372093,0.507751937984496,10,"top10","hr_sd_precond;hr_med_precond;eda_med_precond;eeg_fm_specent_precond;hrv_rmssd_precond;pupil_full_pupil_mean_precond;pupil_full_pupil_asymmetry_precond;eda_pkrate_precond;eeg_fl_theta_power_precond;eeg_faa_precond"
2025-12-19 16:23:48.473622,35,"stress_label",10,4,0.1,0.488372093023256,0.383720930232558,NA,10,"top10","hr_sd_precond;hr_med_precond;eda_med_precond;eeg_fm_specent_precond;hrv_rmssd_precond;pupil_full_pupil_mean_precond;pupil_full_pupil_asymmetry_precond;eda_pkrate_precond;eeg_fl_theta_power_precond;eeg_faa_precond"
2025-12-19 16:23:48.613653,35,"stress_label",10,8,0.1,0.511627906976744,0.441860465116279,NA,10,"top10","hr_sd_precond;hr_med_precond;eda_med_precond;eeg_fm_specent_precond;hrv_rmssd_precond;pupil_full_pupil_mean_precond;pupil_full_pupil_asymmetry_precond;eda_pkrate_precond;eeg_fl_theta_power_precond;eeg_faa_precond"
2025-12-19 16:23:48.670113,35,"stress_label",10,16,0.1,0.517441860465116,0.453488372093023,NA,10,"top10","hr_sd_precond;hr_med_precond;eda_med_precond;eeg_fm_specent_precond;hrv_rmssd_precond;pupil_full_pupil_mean_precond;pupil_full_pupil_asymmetry_precond;eda_pkrate_precond;eeg_fl_theta_power_precond;eeg_faa_precond"
2025-12-19 16:23:48.765471,35,"stress_label",10,32,0.1,0.511627906976744,0.383720930232558,NA,10,"top10","hr_sd_precond;hr_med_precond;eda_med_precond;eeg_fm_specent_precond;hrv_rmssd_precond;pupil_full_pupil_mean_precond;pupil_full_pupil_asymmetry_precond;eda_pkrate_precond;eeg_fl_theta_power_precond;eeg_faa_precond"
2025-12-19 16:23:48.795923,35,"stress_label",10,64,0.1,0.482558139534884,0.441860465116279,NA,10,"top10","hr_sd_precond;hr_med_precond;eda_med_precond;eeg_fm_specent_precond;hrv_rmssd_precond;pupil_full_pupil_mean_precond;pupil_full_pupil_asymmetry_precond;eda_pkrate_precond;eeg_fl_theta_power_precond;eeg_faa_precond"
2025-12-19 16:23:48.869225,35,"stress_label",10,128,0.1,0.482558139534884,0.395348837209302,NA,10,"top10","hr_sd_precond;hr_med_precond;eda_med_precond;eeg_fm_specent_precond;hrv_rmssd_precond;pupil_full_pupil_mean_precond;pupil_full_pupil_asymmetry_precond;eda_pkrate_precond;eeg_fl_theta_power_precond;eeg_faa_precond"
2025-12-19 16:23:48.845535,35,"stress_label",10,256,0.1,0.482558139534884,0.465116279069767,NA,10,"top10","hr_sd_precond;hr_med_precond;eda_med_precond;eeg_fm_specent_precond;hrv_rmssd_precond;pupil_full_pupil_mean_precond;pupil_full_pupil_asymmetry_precond;eda_pkrate_precond;eeg_fl_theta_power_precond;eeg_faa_precond"
2025-12-19 16:23:50.558361,36,"stress_label",10,2,0.0078125,0.517441860465116,0.465116279069767,NA,10,"top10","hr_med_precond;hr_sd_precond;eda_med_precond;eeg_fm_specent_precond;hrv_rmssd_precond;pupil_full_pupil_mean_precond;eeg_faa_precond;eda_pkrate_precond;pupil_full_pupil_asymmetry_precond;eda_peakarea_precond"
2025-12-19 16:23:50.240418,36,"stress_label",10,4,0.0078125,0.529069767441861,0.546511627906977,0.506976744186047,10,"top10","hr_med_precond;hr_sd_precond;eda_med_precond;eeg_fm_specent_precond;hrv_rmssd_precond;pupil_full_pupil_mean_precond;eeg_faa_precond;eda_pkrate_precond;pupil_full_pupil_asymmetry_precond;eda_peakarea_precond"
2025-12-19 16:23:50.268981,36,"stress_label",10,8,0.0078125,0.511627906976744,0.505813953488372,0.48062015503876,10,"top10","hr_med_precond;hr_sd_precond;eda_med_precond;eeg_fm_specent_precond;hrv_rmssd_precond;pupil_full_pupil_mean_precond;eeg_faa_precond;eda_pkrate_precond;pupil_full_pupil_asymmetry_precond;eda_peakarea_precond"
2025-12-19 16:23:50.234366,36,"stress_label",10,16,0.0078125,0.488372093023256,0.517441860465116,NA,10,"top10","hr_med_precond;hr_sd_precond;eda_med_precond;eeg_fm_specent_precond;hrv_rmssd_precond;pupil_full_pupil_mean_precond;eeg_faa_precond;eda_pkrate_precond;pupil_full_pupil_asymmetry_precond;eda_peakarea_precond"
2025-12-19 16:23:50.251436,36,"stress_label",10,32,0.0078125,0.546511627906977,0.575581395348837,NA,10,"top10","hr_med_precond;hr_sd_precond;eda_med_precond;eeg_fm_specent_precond;hrv_rmssd_precond;pupil_full_pupil_mean_precond;eeg_faa_precond;eda_pkrate_precond;pupil_full_pupil_asymmetry_precond;eda_peakarea_precond"
2025-12-19 16:23:50.352799,36,"stress_label",10,64,0.0078125,0.558139534883721,0.587209302325581,NA,10,"top10","hr_med_precond;hr_sd_precond;eda_med_precond;eeg_fm_specent_precond;hrv_rmssd_precond;pupil_full_pupil_mean_precond;eeg_faa_precond;eda_pkrate_precond;pupil_full_pupil_asymmetry_precond;eda_peakarea_precond"
2025-12-19 16:23:50.313467,36,"stress_label",10,128,0.0078125,0.540697674418605,0.587209302325581,NA,10,"top10","hr_med_precond;hr_sd_precond;eda_med_precond;eeg_fm_specent_precond;hrv_rmssd_precond;pupil_full_pupil_mean_precond;eeg_faa_precond;eda_pkrate_precond;pupil_full_pupil_asymmetry_precond;eda_peakarea_precond"
2025-12-19 16:23:50.610329,36,"stress_label",10,256,0.0078125,0.575581395348837,0.604651162790698,NA,10,"top10","hr_med_precond;hr_sd_precond;eda_med_precond;eeg_fm_specent_precond;hrv_rmssd_precond;pupil_full_pupil_mean_precond;eeg_faa_precond;eda_pkrate_precond;pupil_full_pupil_asymmetry_precond;eda_peakarea_precond"
2025-12-19 16:23:50.250009,36,"stress_label",10,2,0.015625,0.552325581395349,0.517441860465116,NA,10,"top10","hr_med_precond;hr_sd_precond;eda_med_precond;eeg_fm_specent_precond;hrv_rmssd_precond;pupil_full_pupil_mean_precond;eeg_faa_precond;eda_pkrate_precond;pupil_full_pupil_asymmetry_precond;eda_peakarea_precond"
2025-12-19 16:23:50.235228,36,"stress_label",10,4,0.015625,0.505813953488372,0.517441860465116,0.477519379844961,10,"top10","hr_med_precond;hr_sd_precond;eda_med_precond;eeg_fm_specent_precond;hrv_rmssd_precond;pupil_full_pupil_mean_precond;eeg_faa_precond;eda_pkrate_precond;pupil_full_pupil_asymmetry_precond;eda_peakarea_precond"
2025-12-19 16:23:50.283962,36,"stress_label",10,8,0.015625,0.540697674418605,0.558139534883721,NA,10,"top10","hr_med_precond;hr_sd_precond;eda_med_precond;eeg_fm_specent_precond;hrv_rmssd_precond;pupil_full_pupil_mean_precond;eeg_faa_precond;eda_pkrate_precond;pupil_full_pupil_asymmetry_precond;eda_peakarea_precond"
2025-12-19 16:23:50.278635,36,"stress_label",10,16,0.015625,0.552325581395349,0.587209302325581,NA,10,"top10","hr_med_precond;hr_sd_precond;eda_med_precond;eeg_fm_specent_precond;hrv_rmssd_precond;pupil_full_pupil_mean_precond;eeg_faa_precond;eda_pkrate_precond;pupil_full_pupil_asymmetry_precond;eda_peakarea_precond"
2025-12-19 16:23:50.288189,36,"stress_label",10,32,0.015625,0.546511627906977,0.581395348837209,NA,10,"top10","hr_med_precond;hr_sd_precond;eda_med_precond;eeg_fm_specent_precond;hrv_rmssd_precond;pupil_full_pupil_mean_precond;eeg_faa_precond;eda_pkrate_precond;pupil_full_pupil_asymmetry_precond;eda_peakarea_precond"
2025-12-19 16:23:50.366894,36,"stress_label",10,64,0.015625,0.575581395348837,0.61046511627907,NA,10,"top10","hr_med_precond;hr_sd_precond;eda_med_precond;eeg_fm_specent_precond;hrv_rmssd_precond;pupil_full_pupil_mean_precond;eeg_faa_precond;eda_pkrate_precond;pupil_full_pupil_asymmetry_precond;eda_peakarea_precond"
2025-12-19 16:23:51.689313,36,"stress_label",10,128,0.015625,0.575581395348837,0.61046511627907,0.582170542635659,10,"top10","hr_med_precond;hr_sd_precond;eda_med_precond;eeg_fm_specent_precond;hrv_rmssd_precond;pupil_full_pupil_mean_precond;eeg_faa_precond;eda_pkrate_precond;pupil_full_pupil_asymmetry_precond;eda_peakarea_precond"
2025-12-19 16:23:51.991726,36,"stress_label",10,256,0.015625,0.552325581395349,0.511627906976744,NA,10,"top10","hr_med_precond;hr_sd_precond;eda_med_precond;eeg_fm_specent_precond;hrv_rmssd_precond;pupil_full_pupil_mean_precond;eeg_faa_precond;eda_pkrate_precond;pupil_full_pupil_asymmetry_precond;eda_peakarea_precond"
2025-12-19 16:23:51.392914,36,"stress_label",10,2,0.03125,0.511627906976744,0.488372093023256,0.493023255813954,10,"top10","hr_med_precond;hr_sd_precond;eda_med_precond;eeg_fm_specent_precond;hrv_rmssd_precond;pupil_full_pupil_mean_precond;eeg_faa_precond;eda_pkrate_precond;pupil_full_pupil_asymmetry_precond;eda_peakarea_precond"
2025-12-19 16:23:51.384053,36,"stress_label",10,4,0.03125,0.529069767441861,0.534883720930233,0.516279069767442,10,"top10","hr_med_precond;hr_sd_precond;eda_med_precond;eeg_fm_specent_precond;hrv_rmssd_precond;pupil_full_pupil_mean_precond;eeg_faa_precond;eda_pkrate_precond;pupil_full_pupil_asymmetry_precond;eda_peakarea_precond"
2025-12-19 16:23:51.467562,36,"stress_label",10,8,0.03125,0.523255813953488,0.563953488372093,NA,10,"top10","hr_med_precond;hr_sd_precond;eda_med_precond;eeg_fm_specent_precond;hrv_rmssd_precond;pupil_full_pupil_mean_precond;eeg_faa_precond;eda_pkrate_precond;pupil_full_pupil_asymmetry_precond;eda_peakarea_precond"
2025-12-19 16:23:51.466149,36,"stress_label",10,16,0.03125,0.581395348837209,0.61046511627907,NA,10,"top10","hr_med_precond;hr_sd_precond;eda_med_precond;eeg_fm_specent_precond;hrv_rmssd_precond;pupil_full_pupil_mean_precond;eeg_faa_precond;eda_pkrate_precond;pupil_full_pupil_asymmetry_precond;eda_peakarea_precond"
2025-12-19 16:23:51.766253,36,"stress_label",10,32,0.03125,0.604651162790698,0.616279069767442,0.606201550387597,10,"top10","hr_med_precond;hr_sd_precond;eda_med_precond;eeg_fm_specent_precond;hrv_rmssd_precond;pupil_full_pupil_mean_precond;eeg_faa_precond;eda_pkrate_precond;pupil_full_pupil_asymmetry_precond;eda_peakarea_precond"
2025-12-19 16:23:51.735545,36,"stress_label",10,64,0.03125,0.587209302325581,0.517441860465116,NA,10,"top10","hr_med_precond;hr_sd_precond;eda_med_precond;eeg_fm_specent_precond;hrv_rmssd_precond;pupil_full_pupil_mean_precond;eeg_faa_precond;eda_pkrate_precond;pupil_full_pupil_asymmetry_precond;eda_peakarea_precond"
2025-12-19 16:23:51.999435,36,"stress_label",10,128,0.03125,0.593023255813954,0.47093023255814,NA,10,"top10","hr_med_precond;hr_sd_precond;eda_med_precond;eeg_fm_specent_precond;hrv_rmssd_precond;pupil_full_pupil_mean_precond;eeg_faa_precond;eda_pkrate_precond;pupil_full_pupil_asymmetry_precond;eda_peakarea_precond"
2025-12-19 16:23:52.650648,36,"stress_label",10,256,0.03125,0.587209302325581,0.494186046511628,NA,10,"top10","hr_med_precond;hr_sd_precond;eda_med_precond;eeg_fm_specent_precond;hrv_rmssd_precond;pupil_full_pupil_mean_precond;eeg_faa_precond;eda_pkrate_precond;pupil_full_pupil_asymmetry_precond;eda_peakarea_precond"
2025-12-19 16:23:51.541005,36,"stress_label",10,2,0.0625,0.517441860465116,0.529069767441861,NA,10,"top10","hr_med_precond;hr_sd_precond;eda_med_precond;eeg_fm_specent_precond;hrv_rmssd_precond;pupil_full_pupil_mean_precond;eeg_faa_precond;eda_pkrate_precond;pupil_full_pupil_asymmetry_precond;eda_peakarea_precond"
2025-12-19 16:23:51.510206,36,"stress_label",10,4,0.0625,0.546511627906977,0.534883720930233,0.542635658914729,10,"top10","hr_med_precond;hr_sd_precond;eda_med_precond;eeg_fm_specent_precond;hrv_rmssd_precond;pupil_full_pupil_mean_precond;eeg_faa_precond;eda_pkrate_precond;pupil_full_pupil_asymmetry_precond;eda_peakarea_precond"
2025-12-19 16:23:51.755622,36,"stress_label",10,8,0.0625,0.61046511627907,0.593023255813954,0.610077519379845,10,"top10","hr_med_precond;hr_sd_precond;eda_med_precond;eeg_fm_specent_precond;hrv_rmssd_precond;pupil_full_pupil_mean_precond;eeg_faa_precond;eda_pkrate_precond;pupil_full_pupil_asymmetry_precond;eda_peakarea_precond"
2025-12-19 16:23:51.913219,36,"stress_label",10,16,0.0625,0.604651162790698,0.575581395348837,0.617829457364341,10,"top10","hr_med_precond;hr_sd_precond;eda_med_precond;eeg_fm_specent_precond;hrv_rmssd_precond;pupil_full_pupil_mean_precond;eeg_faa_precond;eda_pkrate_precond;pupil_full_pupil_asymmetry_precond;eda_peakarea_precond"
2025-12-19 16:23:52.765501,36,"stress_label",10,32,0.0625,0.604651162790698,0.581395348837209,NA,10,"top10","hr_med_precond;hr_sd_precond;eda_med_precond;eeg_fm_specent_precond;hrv_rmssd_precond;pupil_full_pupil_mean_precond;eeg_faa_precond;eda_pkrate_precond;pupil_full_pupil_asymmetry_precond;eda_peakarea_precond"
2025-12-19 16:23:52.886291,36,"stress_label",10,64,0.0625,0.575581395348837,0.540697674418605,0.550387596899225,10,"top10","hr_med_precond;hr_sd_precond;eda_med_precond;eeg_fm_specent_precond;hrv_rmssd_precond;pupil_full_pupil_mean_precond;eeg_faa_precond;eda_pkrate_precond;pupil_full_pupil_asymmetry_precond;eda_peakarea_precond"
2025-12-19 16:23:53.055488,36,"stress_label",10,128,0.0625,0.569767441860465,0.558139534883721,0.552713178294574,10,"top10","hr_med_precond;hr_sd_precond;eda_med_precond;eeg_fm_specent_precond;hrv_rmssd_precond;pupil_full_pupil_mean_precond;eeg_faa_precond;eda_pkrate_precond;pupil_full_pupil_asymmetry_precond;eda_peakarea_precond"
2025-12-19 16:23:53.143413,36,"stress_label",10,256,0.0625,0.587209302325581,0.540697674418605,0.570542635658915,10,"top10","hr_med_precond;hr_sd_precond;eda_med_precond;eeg_fm_specent_precond;hrv_rmssd_precond;pupil_full_pupil_mean_precond;eeg_faa_precond;eda_pkrate_precond;pupil_full_pupil_asymmetry_precond;eda_peakarea_precond"
2025-12-19 16:23:52.684312,36,"stress_label",10,2,0.125,0.575581395348837,0.598837209302326,0.577519379844961,10,"top10","hr_med_precond;hr_sd_precond;eda_med_precond;eeg_fm_specent_precond;hrv_rmssd_precond;pupil_full_pupil_mean_precond;eeg_faa_precond;eda_pkrate_precond;pupil_full_pupil_asymmetry_precond;eda_peakarea_precond"
2025-12-19 16:23:52.776586,36,"stress_label",10,4,0.125,0.61046511627907,0.598837209302326,0.615503875968992,10,"top10","hr_med_precond;hr_sd_precond;eda_med_precond;eeg_fm_specent_precond;hrv_rmssd_precond;pupil_full_pupil_mean_precond;eeg_faa_precond;eda_pkrate_precond;pupil_full_pupil_asymmetry_precond;eda_peakarea_precond"
2025-12-19 16:23:52.930677,36,"stress_label",10,8,0.125,0.593023255813954,0.587209302325581,0.593023255813953,10,"top10","hr_med_precond;hr_sd_precond;eda_med_precond;eeg_fm_specent_precond;hrv_rmssd_precond;pupil_full_pupil_mean_precond;eeg_faa_precond;eda_pkrate_precond;pupil_full_pupil_asymmetry_precond;eda_peakarea_precond"
2025-12-19 16:23:53.251933,36,"stress_label",10,16,0.125,0.569767441860465,0.534883720930233,0.548062015503876,10,"top10","hr_med_precond;hr_sd_precond;eda_med_precond;eeg_fm_specent_precond;hrv_rmssd_precond;pupil_full_pupil_mean_precond;eeg_faa_precond;eda_pkrate_precond;pupil_full_pupil_asymmetry_precond;eda_peakarea_precond"
2025-12-19 16:23:53.050753,36,"stress_label",10,32,0.125,0.581395348837209,0.593023255813954,0.56046511627907,10,"top10","hr_med_precond;hr_sd_precond;eda_med_precond;eeg_fm_specent_precond;hrv_rmssd_precond;pupil_full_pupil_mean_precond;eeg_faa_precond;eda_pkrate_precond;pupil_full_pupil_asymmetry_precond;eda_peakarea_precond"
2025-12-19 16:23:53.089012,36,"stress_label",10,64,0.125,0.587209302325581,0.552325581395349,0.564341085271318,10,"top10","hr_med_precond;hr_sd_precond;eda_med_precond;eeg_fm_specent_precond;hrv_rmssd_precond;pupil_full_pupil_mean_precond;eeg_faa_precond;eda_pkrate_precond;pupil_full_pupil_asymmetry_precond;eda_peakarea_precond"
2025-12-19 16:23:53.272617,36,"stress_label",10,128,0.125,0.587209302325581,0.587209302325581,0.564341085271318,10,"top10","hr_med_precond;hr_sd_precond;eda_med_precond;eeg_fm_specent_precond;hrv_rmssd_precond;pupil_full_pupil_mean_precond;eeg_faa_precond;eda_pkrate_precond;pupil_full_pupil_asymmetry_precond;eda_peakarea_precond"
2025-12-19 16:23:53.311585,36,"stress_label",10,256,0.125,0.587209302325581,0.540697674418605,0.564341085271318,10,"top10","hr_med_precond;hr_sd_precond;eda_med_precond;eeg_fm_specent_precond;hrv_rmssd_precond;pupil_full_pupil_mean_precond;eeg_faa_precond;eda_pkrate_precond;pupil_full_pupil_asymmetry_precond;eda_peakarea_precond"
2025-12-19 16:23:53.123801,36,"stress_label",10,2,0.03,0.517441860465116,0.517441860465116,0.493023255813954,10,"top10","hr_med_precond;hr_sd_precond;eda_med_precond;eeg_fm_specent_precond;hrv_rmssd_precond;pupil_full_pupil_mean_precond;eeg_faa_precond;eda_pkrate_precond;pupil_full_pupil_asymmetry_precond;eda_peakarea_precond"
2025-12-19 16:23:53.78784,36,"stress_label",10,4,0.03,0.529069767441861,0.523255813953488,0.52093023255814,10,"top10","hr_med_precond;hr_sd_precond;eda_med_precond;eeg_fm_specent_precond;hrv_rmssd_precond;pupil_full_pupil_mean_precond;eeg_faa_precond;eda_pkrate_precond;pupil_full_pupil_asymmetry_precond;eda_peakarea_precond"
2025-12-19 16:23:54.113218,36,"stress_label",10,8,0.03,0.540697674418605,0.569767441860465,NA,10,"top10","hr_med_precond;hr_sd_precond;eda_med_precond;eeg_fm_specent_precond;hrv_rmssd_precond;pupil_full_pupil_mean_precond;eeg_faa_precond;eda_pkrate_precond;pupil_full_pupil_asymmetry_precond;eda_peakarea_precond"
2025-12-19 16:23:53.958013,36,"stress_label",10,16,0.03,0.569767441860465,0.552325581395349,NA,10,"top10","hr_med_precond;hr_sd_precond;eda_med_precond;eeg_fm_specent_precond;hrv_rmssd_precond;pupil_full_pupil_mean_precond;eeg_faa_precond;eda_pkrate_precond;pupil_full_pupil_asymmetry_precond;eda_peakarea_precond"
2025-12-19 16:23:54.244093,36,"stress_label",10,32,0.03,0.61046511627907,0.616279069767442,0.617829457364341,10,"top10","hr_med_precond;hr_sd_precond;eda_med_precond;eeg_fm_specent_precond;hrv_rmssd_precond;pupil_full_pupil_mean_precond;eeg_faa_precond;eda_pkrate_precond;pupil_full_pupil_asymmetry_precond;eda_peakarea_precond"
2025-12-19 16:23:54.291537,36,"stress_label",10,64,0.03,0.587209302325581,0.540697674418605,NA,10,"top10","hr_med_precond;hr_sd_precond;eda_med_precond;eeg_fm_specent_precond;hrv_rmssd_precond;pupil_full_pupil_mean_precond;eeg_faa_precond;eda_pkrate_precond;pupil_full_pupil_asymmetry_precond;eda_peakarea_precond"
2025-12-19 16:23:54.596926,36,"stress_label",10,128,0.03,0.581395348837209,0.5,NA,10,"top10","hr_med_precond;hr_sd_precond;eda_med_precond;eeg_fm_specent_precond;hrv_rmssd_precond;pupil_full_pupil_mean_precond;eeg_faa_precond;eda_pkrate_precond;pupil_full_pupil_asymmetry_precond;eda_peakarea_precond"
2025-12-19 16:23:55.019689,36,"stress_label",10,256,0.03,0.587209302325581,0.476744186046512,NA,10,"top10","hr_med_precond;hr_sd_precond;eda_med_precond;eeg_fm_specent_precond;hrv_rmssd_precond;pupil_full_pupil_mean_precond;eeg_faa_precond;eda_pkrate_precond;pupil_full_pupil_asymmetry_precond;eda_peakarea_precond"
2025-12-19 16:23:54.442243,36,"stress_label",10,2,0.06,0.505813953488372,0.546511627906977,NA,10,"top10","hr_med_precond;hr_sd_precond;eda_med_precond;eeg_fm_specent_precond;hrv_rmssd_precond;pupil_full_pupil_mean_precond;eeg_faa_precond;eda_pkrate_precond;pupil_full_pupil_asymmetry_precond;eda_peakarea_precond"
2025-12-19 16:23:54.253228,36,"stress_label",10,4,0.06,0.546511627906977,0.552325581395349,0.53953488372093,10,"top10","hr_med_precond;hr_sd_precond;eda_med_precond;eeg_fm_specent_precond;hrv_rmssd_precond;pupil_full_pupil_mean_precond;eeg_faa_precond;eda_pkrate_precond;pupil_full_pupil_asymmetry_precond;eda_peakarea_precond"
2025-12-19 16:23:54.363692,36,"stress_label",10,8,0.06,0.604651162790698,0.627906976744186,NA,10,"top10","hr_med_precond;hr_sd_precond;eda_med_precond;eeg_fm_specent_precond;hrv_rmssd_precond;pupil_full_pupil_mean_precond;eeg_faa_precond;eda_pkrate_precond;pupil_full_pupil_asymmetry_precond;eda_peakarea_precond"
2025-12-19 16:23:54.412432,36,"stress_label",10,16,0.06,0.604651162790698,0.575581395348837,0.62015503875969,10,"top10","hr_med_precond;hr_sd_precond;eda_med_precond;eeg_fm_specent_precond;hrv_rmssd_precond;pupil_full_pupil_mean_precond;eeg_faa_precond;eda_pkrate_precond;pupil_full_pupil_asymmetry_precond;eda_peakarea_precond"
2025-12-19 16:23:54.638924,36,"stress_label",10,32,0.06,0.61046511627907,0.575581395348837,NA,10,"top10","hr_med_precond;hr_sd_precond;eda_med_precond;eeg_fm_specent_precond;hrv_rmssd_precond;pupil_full_pupil_mean_precond;eeg_faa_precond;eda_pkrate_precond;pupil_full_pupil_asymmetry_precond;eda_peakarea_precond"
2025-12-19 16:23:54.780679,36,"stress_label",10,64,0.06,0.563953488372093,0.523255813953488,0.534883720930233,10,"top10","hr_med_precond;hr_sd_precond;eda_med_precond;eeg_fm_specent_precond;hrv_rmssd_precond;pupil_full_pupil_mean_precond;eeg_faa_precond;eda_pkrate_precond;pupil_full_pupil_asymmetry_precond;eda_peakarea_precond"
2025-12-19 16:23:54.918106,36,"stress_label",10,128,0.06,0.569767441860465,0.563953488372093,0.556589147286822,10,"top10","hr_med_precond;hr_sd_precond;eda_med_precond;eeg_fm_specent_precond;hrv_rmssd_precond;pupil_full_pupil_mean_precond;eeg_faa_precond;eda_pkrate_precond;pupil_full_pupil_asymmetry_precond;eda_peakarea_precond"
2025-12-19 16:23:55.3188,36,"stress_label",10,256,0.06,0.581395348837209,0.511627906976744,0.565891472868217,10,"top10","hr_med_precond;hr_sd_precond;eda_med_precond;eeg_fm_specent_precond;hrv_rmssd_precond;pupil_full_pupil_mean_precond;eeg_faa_precond;eda_pkrate_precond;pupil_full_pupil_asymmetry_precond;eda_peakarea_precond"
2025-12-19 16:23:55.03467,36,"stress_label",10,2,0.1,0.552325581395349,0.569767441860465,0.553488372093023,10,"top10","hr_med_precond;hr_sd_precond;eda_med_precond;eeg_fm_specent_precond;hrv_rmssd_precond;pupil_full_pupil_mean_precond;eeg_faa_precond;eda_pkrate_precond;pupil_full_pupil_asymmetry_precond;eda_peakarea_precond"
2025-12-19 16:23:55.196759,36,"stress_label",10,4,0.1,0.581395348837209,0.581395348837209,0.593798449612403,10,"top10","hr_med_precond;hr_sd_precond;eda_med_precond;eeg_fm_specent_precond;hrv_rmssd_precond;pupil_full_pupil_mean_precond;eeg_faa_precond;eda_pkrate_precond;pupil_full_pupil_asymmetry_precond;eda_peakarea_precond"
2025-12-19 16:23:55.310904,36,"stress_label",10,8,0.1,0.616279069767442,0.598837209302326,0.62015503875969,10,"top10","hr_med_precond;hr_sd_precond;eda_med_precond;eeg_fm_specent_precond;hrv_rmssd_precond;pupil_full_pupil_mean_precond;eeg_faa_precond;eda_pkrate_precond;pupil_full_pupil_asymmetry_precond;eda_peakarea_precond"
2025-12-19 16:23:55.355262,36,"stress_label",10,16,0.1,0.581395348837209,0.598837209302326,0.571317829457364,10,"top10","hr_med_precond;hr_sd_precond;eda_med_precond;eeg_fm_specent_precond;hrv_rmssd_precond;pupil_full_pupil_mean_precond;eeg_faa_precond;eda_pkrate_precond;pupil_full_pupil_asymmetry_precond;eda_peakarea_precond"
2025-12-19 16:23:55.433421,36,"stress_label",10,32,0.1,0.581395348837209,0.546511627906977,0.556589147286822,10,"top10","hr_med_precond;hr_sd_precond;eda_med_precond;eeg_fm_specent_precond;hrv_rmssd_precond;pupil_full_pupil_mean_precond;eeg_faa_precond;eda_pkrate_precond;pupil_full_pupil_asymmetry_precond;eda_peakarea_precond"
2025-12-19 16:23:55.488421,36,"stress_label",10,64,0.1,0.587209302325581,0.563953488372093,0.563565891472868,10,"top10","hr_med_precond;hr_sd_precond;eda_med_precond;eeg_fm_specent_precond;hrv_rmssd_precond;pupil_full_pupil_mean_precond;eeg_faa_precond;eda_pkrate_precond;pupil_full_pupil_asymmetry_precond;eda_peakarea_precond"
2025-12-19 16:23:55.528169,36,"stress_label",10,128,0.1,0.593023255813954,0.569767441860465,0.575193798449612,10,"top10","hr_med_precond;hr_sd_precond;eda_med_precond;eeg_fm_specent_precond;hrv_rmssd_precond;pupil_full_pupil_mean_precond;eeg_faa_precond;eda_pkrate_precond;pupil_full_pupil_asymmetry_precond;eda_peakarea_precond"
2025-12-19 16:23:55.529484,36,"stress_label",10,256,0.1,0.593023255813954,0.534883720930233,0.575193798449612,10,"top10","hr_med_precond;hr_sd_precond;eda_med_precond;eeg_fm_specent_precond;hrv_rmssd_precond;pupil_full_pupil_mean_precond;eeg_faa_precond;eda_pkrate_precond;pupil_full_pupil_asymmetry_precond;eda_peakarea_precond"
2025-12-19 16:23:56.872723,37,"stress_label",10,2,0.0078125,0.563953488372093,0.534883720930233,0.553488372093023,10,"top10","hr_sd_precond;eda_med_precond;hr_med_precond;hrv_rmssd_precond;pupil_full_pupil_asymmetry_precond;eeg_fm_specent_precond;eeg_tleft_lbeta_power_precond;eeg_faa_precond;eeg_fl_theta_power_precond;pupil_full_pupil_mean_precond"
2025-12-19 16:23:56.841231,37,"stress_label",10,4,0.0078125,0.581395348837209,0.552325581395349,0.573643410852713,10,"top10","hr_sd_precond;eda_med_precond;hr_med_precond;hrv_rmssd_precond;pupil_full_pupil_asymmetry_precond;eeg_fm_specent_precond;eeg_tleft_lbeta_power_precond;eeg_faa_precond;eeg_fl_theta_power_precond;pupil_full_pupil_mean_precond"
2025-12-19 16:23:56.878891,37,"stress_label",10,8,0.0078125,0.540697674418605,0.563953488372093,0.543410852713178,10,"top10","hr_sd_precond;eda_med_precond;hr_med_precond;hrv_rmssd_precond;pupil_full_pupil_asymmetry_precond;eeg_fm_specent_precond;eeg_tleft_lbeta_power_precond;eeg_faa_precond;eeg_fl_theta_power_precond;pupil_full_pupil_mean_precond"
2025-12-19 16:23:56.873216,37,"stress_label",10,16,0.0078125,0.529069767441861,0.534883720930233,0.537984496124031,10,"top10","hr_sd_precond;eda_med_precond;hr_med_precond;hrv_rmssd_precond;pupil_full_pupil_asymmetry_precond;eeg_fm_specent_precond;eeg_tleft_lbeta_power_precond;eeg_faa_precond;eeg_fl_theta_power_precond;pupil_full_pupil_mean_precond"
2025-12-19 16:23:56.896357,37,"stress_label",10,32,0.0078125,0.482558139534884,0.540697674418605,0.47984496124031,10,"top10","hr_sd_precond;eda_med_precond;hr_med_precond;hrv_rmssd_precond;pupil_full_pupil_asymmetry_precond;eeg_fm_specent_precond;eeg_tleft_lbeta_power_precond;eeg_faa_precond;eeg_fl_theta_power_precond;pupil_full_pupil_mean_precond"
2025-12-19 16:23:56.943047,37,"stress_label",10,64,0.0078125,0.453488372093023,0.430232558139535,0.430232558139535,10,"top10","hr_sd_precond;eda_med_precond;hr_med_precond;hrv_rmssd_precond;pupil_full_pupil_asymmetry_precond;eeg_fm_specent_precond;eeg_tleft_lbeta_power_precond;eeg_faa_precond;eeg_fl_theta_power_precond;pupil_full_pupil_mean_precond"
2025-12-19 16:23:57.032502,37,"stress_label",10,128,0.0078125,0.47093023255814,0.406976744186047,0.446511627906977,10,"top10","hr_sd_precond;eda_med_precond;hr_med_precond;hrv_rmssd_precond;pupil_full_pupil_asymmetry_precond;eeg_fm_specent_precond;eeg_tleft_lbeta_power_precond;eeg_faa_precond;eeg_fl_theta_power_precond;pupil_full_pupil_mean_precond"
2025-12-19 16:23:57.233387,37,"stress_label",10,256,0.0078125,0.476744186046512,0.383720930232558,NA,10,"top10","hr_sd_precond;eda_med_precond;hr_med_precond;hrv_rmssd_precond;pupil_full_pupil_asymmetry_precond;eeg_fm_specent_precond;eeg_tleft_lbeta_power_precond;eeg_faa_precond;eeg_fl_theta_power_precond;pupil_full_pupil_mean_precond"
2025-12-19 16:23:56.867184,37,"stress_label",10,2,0.015625,0.552325581395349,0.569767441860465,0.547286821705426,10,"top10","hr_sd_precond;eda_med_precond;hr_med_precond;hrv_rmssd_precond;pupil_full_pupil_asymmetry_precond;eeg_fm_specent_precond;eeg_tleft_lbeta_power_precond;eeg_faa_precond;eeg_fl_theta_power_precond;pupil_full_pupil_mean_precond"
2025-12-19 16:23:56.896479,37,"stress_label",10,4,0.015625,0.523255813953488,0.569767441860465,0.525581395348837,10,"top10","hr_sd_precond;eda_med_precond;hr_med_precond;hrv_rmssd_precond;pupil_full_pupil_asymmetry_precond;eeg_fm_specent_precond;eeg_tleft_lbeta_power_precond;eeg_faa_precond;eeg_fl_theta_power_precond;pupil_full_pupil_mean_precond"
2025-12-19 16:23:56.891872,37,"stress_label",10,8,0.015625,0.488372093023256,0.47093023255814,0.486821705426357,10,"top10","hr_sd_precond;eda_med_precond;hr_med_precond;hrv_rmssd_precond;pupil_full_pupil_asymmetry_precond;eeg_fm_specent_precond;eeg_tleft_lbeta_power_precond;eeg_faa_precond;eeg_fl_theta_power_precond;pupil_full_pupil_mean_precond"
2025-12-19 16:23:56.893658,37,"stress_label",10,16,0.015625,0.465116279069767,0.395348837209302,0.444186046511628,10,"top10","hr_sd_precond;eda_med_precond;hr_med_precond;hrv_rmssd_precond;pupil_full_pupil_asymmetry_precond;eeg_fm_specent_precond;eeg_tleft_lbeta_power_precond;eeg_faa_precond;eeg_fl_theta_power_precond;pupil_full_pupil_mean_precond"
2025-12-19 16:23:56.956988,37,"stress_label",10,32,0.015625,0.482558139534884,0.401162790697674,0.462015503875969,10,"top10","hr_sd_precond;eda_med_precond;hr_med_precond;hrv_rmssd_precond;pupil_full_pupil_asymmetry_precond;eeg_fm_specent_precond;eeg_tleft_lbeta_power_precond;eeg_faa_precond;eeg_fl_theta_power_precond;pupil_full_pupil_mean_precond"
2025-12-19 16:23:57.034618,37,"stress_label",10,64,0.015625,0.47093023255814,0.447674418604651,NA,10,"top10","hr_sd_precond;eda_med_precond;hr_med_precond;hrv_rmssd_precond;pupil_full_pupil_asymmetry_precond;eeg_fm_specent_precond;eeg_tleft_lbeta_power_precond;eeg_faa_precond;eeg_fl_theta_power_precond;pupil_full_pupil_mean_precond"
2025-12-19 16:23:58.274528,37,"stress_label",10,128,0.015625,0.430232558139535,0.604651162790698,NA,10,"top10","hr_sd_precond;eda_med_precond;hr_med_precond;hrv_rmssd_precond;pupil_full_pupil_asymmetry_precond;eeg_fm_specent_precond;eeg_tleft_lbeta_power_precond;eeg_faa_precond;eeg_fl_theta_power_precond;pupil_full_pupil_mean_precond"
2025-12-19 16:23:58.627879,37,"stress_label",10,256,0.015625,0.430232558139535,0.563953488372093,NA,10,"top10","hr_sd_precond;eda_med_precond;hr_med_precond;hrv_rmssd_precond;pupil_full_pupil_asymmetry_precond;eeg_fm_specent_precond;eeg_tleft_lbeta_power_precond;eeg_faa_precond;eeg_fl_theta_power_precond;pupil_full_pupil_mean_precond"
2025-12-19 16:23:58.003905,37,"stress_label",10,2,0.03125,0.494186046511628,0.534883720930233,0.495348837209302,10,"top10","hr_sd_precond;eda_med_precond;hr_med_precond;hrv_rmssd_precond;pupil_full_pupil_asymmetry_precond;eeg_fm_specent_precond;eeg_tleft_lbeta_power_precond;eeg_faa_precond;eeg_fl_theta_power_precond;pupil_full_pupil_mean_precond"
2025-12-19 16:23:58.020287,37,"stress_label",10,4,0.03125,0.459302325581395,0.418604651162791,0.441860465116279,10,"top10","hr_sd_precond;eda_med_precond;hr_med_precond;hrv_rmssd_precond;pupil_full_pupil_asymmetry_precond;eeg_fm_specent_precond;eeg_tleft_lbeta_power_precond;eeg_faa_precond;eeg_fl_theta_power_precond;pupil_full_pupil_mean_precond"
2025-12-19 16:23:57.995695,37,"stress_label",10,8,0.03125,0.465116279069767,0.337209302325581,0.441085271317829,10,"top10","hr_sd_precond;eda_med_precond;hr_med_precond;hrv_rmssd_precond;pupil_full_pupil_asymmetry_precond;eeg_fm_specent_precond;eeg_tleft_lbeta_power_precond;eeg_faa_precond;eeg_fl_theta_power_precond;pupil_full_pupil_mean_precond"
2025-12-19 16:23:58.093626,37,"stress_label",10,16,0.03125,0.465116279069767,0.453488372093023,NA,10,"top10","hr_sd_precond;eda_med_precond;hr_med_precond;hrv_rmssd_precond;pupil_full_pupil_asymmetry_precond;eeg_fm_specent_precond;eeg_tleft_lbeta_power_precond;eeg_faa_precond;eeg_fl_theta_power_precond;pupil_full_pupil_mean_precond"
2025-12-19 16:23:58.172054,37,"stress_label",10,32,0.03125,0.418604651162791,0.587209302325581,NA,10,"top10","hr_sd_precond;eda_med_precond;hr_med_precond;hrv_rmssd_precond;pupil_full_pupil_asymmetry_precond;eeg_fm_specent_precond;eeg_tleft_lbeta_power_precond;eeg_faa_precond;eeg_fl_theta_power_precond;pupil_full_pupil_mean_precond"
2025-12-19 16:23:58.308842,37,"stress_label",10,64,0.03125,0.406976744186047,0.575581395348837,NA,10,"top10","hr_sd_precond;eda_med_precond;hr_med_precond;hrv_rmssd_precond;pupil_full_pupil_asymmetry_precond;eeg_fm_specent_precond;eeg_tleft_lbeta_power_precond;eeg_faa_precond;eeg_fl_theta_power_precond;pupil_full_pupil_mean_precond"
2025-12-19 16:23:58.630102,37,"stress_label",10,128,0.03125,0.401162790697674,0.546511627906977,NA,10,"top10","hr_sd_precond;eda_med_precond;hr_med_precond;hrv_rmssd_precond;pupil_full_pupil_asymmetry_precond;eeg_fm_specent_precond;eeg_tleft_lbeta_power_precond;eeg_faa_precond;eeg_fl_theta_power_precond;pupil_full_pupil_mean_precond"
2025-12-19 16:23:59.080429,37,"stress_label",10,256,0.03125,0.424418604651163,0.575581395348837,NA,10,"top10","hr_sd_precond;eda_med_precond;hr_med_precond;hrv_rmssd_precond;pupil_full_pupil_asymmetry_precond;eeg_fm_specent_precond;eeg_tleft_lbeta_power_precond;eeg_faa_precond;eeg_fl_theta_power_precond;pupil_full_pupil_mean_precond"
2025-12-19 16:23:58.107238,37,"stress_label",10,2,0.0625,0.459302325581395,0.436046511627907,0.448837209302326,10,"top10","hr_sd_precond;eda_med_precond;hr_med_precond;hrv_rmssd_precond;pupil_full_pupil_asymmetry_precond;eeg_fm_specent_precond;eeg_tleft_lbeta_power_precond;eeg_faa_precond;eeg_fl_theta_power_precond;pupil_full_pupil_mean_precond"
2025-12-19 16:23:58.18232,37,"stress_label",10,4,0.0625,0.482558139534884,0.372093023255814,NA,10,"top10","hr_sd_precond;eda_med_precond;hr_med_precond;hrv_rmssd_precond;pupil_full_pupil_asymmetry_precond;eeg_fm_specent_precond;eeg_tleft_lbeta_power_precond;eeg_faa_precond;eeg_fl_theta_power_precond;pupil_full_pupil_mean_precond"
2025-12-19 16:23:58.248364,37,"stress_label",10,8,0.0625,0.436046511627907,0.575581395348837,NA,10,"top10","hr_sd_precond;eda_med_precond;hr_med_precond;hrv_rmssd_precond;pupil_full_pupil_asymmetry_precond;eeg_fm_specent_precond;eeg_tleft_lbeta_power_precond;eeg_faa_precond;eeg_fl_theta_power_precond;pupil_full_pupil_mean_precond"
2025-12-19 16:23:58.516235,37,"stress_label",10,16,0.0625,0.430232558139535,0.569767441860465,NA,10,"top10","hr_sd_precond;eda_med_precond;hr_med_precond;hrv_rmssd_precond;pupil_full_pupil_asymmetry_precond;eeg_fm_specent_precond;eeg_tleft_lbeta_power_precond;eeg_faa_precond;eeg_fl_theta_power_precond;pupil_full_pupil_mean_precond"
2025-12-19 16:23:59.424771,37,"stress_label",10,32,0.0625,0.406976744186047,0.575581395348837,NA,10,"top10","hr_sd_precond;eda_med_precond;hr_med_precond;hrv_rmssd_precond;pupil_full_pupil_asymmetry_precond;eeg_fm_specent_precond;eeg_tleft_lbeta_power_precond;eeg_faa_precond;eeg_fl_theta_power_precond;pupil_full_pupil_mean_precond"
2025-12-19 16:23:59.597497,37,"stress_label",10,64,0.0625,0.430232558139535,0.540697674418605,NA,10,"top10","hr_sd_precond;eda_med_precond;hr_med_precond;hrv_rmssd_precond;pupil_full_pupil_asymmetry_precond;eeg_fm_specent_precond;eeg_tleft_lbeta_power_precond;eeg_faa_precond;eeg_fl_theta_power_precond;pupil_full_pupil_mean_precond"
2025-12-19 16:23:59.796448,37,"stress_label",10,128,0.0625,0.459302325581395,0.546511627906977,NA,10,"top10","hr_sd_precond;eda_med_precond;hr_med_precond;hrv_rmssd_precond;pupil_full_pupil_asymmetry_precond;eeg_fm_specent_precond;eeg_tleft_lbeta_power_precond;eeg_faa_precond;eeg_fl_theta_power_precond;pupil_full_pupil_mean_precond"
2025-12-19 16:23:59.913798,37,"stress_label",10,256,0.0625,0.465116279069767,0.540697674418605,NA,10,"top10","hr_sd_precond;eda_med_precond;hr_med_precond;hrv_rmssd_precond;pupil_full_pupil_asymmetry_precond;eeg_fm_specent_precond;eeg_tleft_lbeta_power_precond;eeg_faa_precond;eeg_fl_theta_power_precond;pupil_full_pupil_mean_precond"
2025-12-19 16:23:59.330298,37,"stress_label",10,2,0.125,0.488372093023256,0.395348837209302,NA,10,"top10","hr_sd_precond;eda_med_precond;hr_med_precond;hrv_rmssd_precond;pupil_full_pupil_asymmetry_precond;eeg_fm_specent_precond;eeg_tleft_lbeta_power_precond;eeg_faa_precond;eeg_fl_theta_power_precond;pupil_full_pupil_mean_precond"
2025-12-19 16:23:59.415052,37,"stress_label",10,4,0.125,0.459302325581395,0.511627906976744,NA,10,"top10","hr_sd_precond;eda_med_precond;hr_med_precond;hrv_rmssd_precond;pupil_full_pupil_asymmetry_precond;eeg_fm_specent_precond;eeg_tleft_lbeta_power_precond;eeg_faa_precond;eeg_fl_theta_power_precond;pupil_full_pupil_mean_precond"
2025-12-19 16:23:59.452633,37,"stress_label",10,8,0.125,0.441860465116279,0.505813953488372,NA,10,"top10","hr_sd_precond;eda_med_precond;hr_med_precond;hrv_rmssd_precond;pupil_full_pupil_asymmetry_precond;eeg_fm_specent_precond;eeg_tleft_lbeta_power_precond;eeg_faa_precond;eeg_fl_theta_power_precond;pupil_full_pupil_mean_precond"
2025-12-19 16:23:59.639941,37,"stress_label",10,16,0.125,0.447674418604651,0.5,NA,10,"top10","hr_sd_precond;eda_med_precond;hr_med_precond;hrv_rmssd_precond;pupil_full_pupil_asymmetry_precond;eeg_fm_specent_precond;eeg_tleft_lbeta_power_precond;eeg_faa_precond;eeg_fl_theta_power_precond;pupil_full_pupil_mean_precond"
2025-12-19 16:23:59.717575,37,"stress_label",10,32,0.125,0.465116279069767,0.482558139534884,NA,10,"top10","hr_sd_precond;eda_med_precond;hr_med_precond;hrv_rmssd_precond;pupil_full_pupil_asymmetry_precond;eeg_fm_specent_precond;eeg_tleft_lbeta_power_precond;eeg_faa_precond;eeg_fl_theta_power_precond;pupil_full_pupil_mean_precond"
2025-12-19 16:23:59.733333,37,"stress_label",10,64,0.125,0.482558139534884,0.436046511627907,NA,10,"top10","hr_sd_precond;eda_med_precond;hr_med_precond;hrv_rmssd_precond;pupil_full_pupil_asymmetry_precond;eeg_fm_specent_precond;eeg_tleft_lbeta_power_precond;eeg_faa_precond;eeg_fl_theta_power_precond;pupil_full_pupil_mean_precond"
2025-12-19 16:23:59.942792,37,"stress_label",10,128,0.125,0.482558139534884,0.447674418604651,NA,10,"top10","hr_sd_precond;eda_med_precond;hr_med_precond;hrv_rmssd_precond;pupil_full_pupil_asymmetry_precond;eeg_fm_specent_precond;eeg_tleft_lbeta_power_precond;eeg_faa_precond;eeg_fl_theta_power_precond;pupil_full_pupil_mean_precond"
2025-12-19 16:24:00.018795,37,"stress_label",10,256,0.125,0.482558139534884,0.505813953488372,NA,10,"top10","hr_sd_precond;eda_med_precond;hr_med_precond;hrv_rmssd_precond;pupil_full_pupil_asymmetry_precond;eeg_fm_specent_precond;eeg_tleft_lbeta_power_precond;eeg_faa_precond;eeg_fl_theta_power_precond;pupil_full_pupil_mean_precond"
2025-12-19 16:23:59.786114,37,"stress_label",10,2,0.03,0.505813953488372,0.505813953488372,0.506201550387597,10,"top10","hr_sd_precond;eda_med_precond;hr_med_precond;hrv_rmssd_precond;pupil_full_pupil_asymmetry_precond;eeg_fm_specent_precond;eeg_tleft_lbeta_power_precond;eeg_faa_precond;eeg_fl_theta_power_precond;pupil_full_pupil_mean_precond"
2025-12-19 16:24:00.228626,37,"stress_label",10,4,0.03,0.459302325581395,0.424418604651163,0.441860465116279,10,"top10","hr_sd_precond;eda_med_precond;hr_med_precond;hrv_rmssd_precond;pupil_full_pupil_asymmetry_precond;eeg_fm_specent_precond;eeg_tleft_lbeta_power_precond;eeg_faa_precond;eeg_fl_theta_power_precond;pupil_full_pupil_mean_precond"
2025-12-19 16:24:00.683537,37,"stress_label",10,8,0.03,0.459302325581395,0.418604651162791,0.441085271317829,10,"top10","hr_sd_precond;eda_med_precond;hr_med_precond;hrv_rmssd_precond;pupil_full_pupil_asymmetry_precond;eeg_fm_specent_precond;eeg_tleft_lbeta_power_precond;eeg_faa_precond;eeg_fl_theta_power_precond;pupil_full_pupil_mean_precond"
2025-12-19 16:24:00.636064,37,"stress_label",10,16,0.03,0.465116279069767,0.441860465116279,NA,10,"top10","hr_sd_precond;eda_med_precond;hr_med_precond;hrv_rmssd_precond;pupil_full_pupil_asymmetry_precond;eeg_fm_specent_precond;eeg_tleft_lbeta_power_precond;eeg_faa_precond;eeg_fl_theta_power_precond;pupil_full_pupil_mean_precond"
2025-12-19 16:24:00.714903,37,"stress_label",10,32,0.03,0.430232558139535,0.517441860465116,NA,10,"top10","hr_sd_precond;eda_med_precond;hr_med_precond;hrv_rmssd_precond;pupil_full_pupil_asymmetry_precond;eeg_fm_specent_precond;eeg_tleft_lbeta_power_precond;eeg_faa_precond;eeg_fl_theta_power_precond;pupil_full_pupil_mean_precond"
2025-12-19 16:24:00.864116,37,"stress_label",10,64,0.03,0.412790697674419,0.581395348837209,NA,10,"top10","hr_sd_precond;eda_med_precond;hr_med_precond;hrv_rmssd_precond;pupil_full_pupil_asymmetry_precond;eeg_fm_specent_precond;eeg_tleft_lbeta_power_precond;eeg_faa_precond;eeg_fl_theta_power_precond;pupil_full_pupil_mean_precond"
2025-12-19 16:24:01.275845,37,"stress_label",10,128,0.03,0.401162790697674,0.540697674418605,NA,10,"top10","hr_sd_precond;eda_med_precond;hr_med_precond;hrv_rmssd_precond;pupil_full_pupil_asymmetry_precond;eeg_fm_specent_precond;eeg_tleft_lbeta_power_precond;eeg_faa_precond;eeg_fl_theta_power_precond;pupil_full_pupil_mean_precond"
2025-12-19 16:24:01.653258,37,"stress_label",10,256,0.03,0.436046511627907,0.593023255813954,NA,10,"top10","hr_sd_precond;eda_med_precond;hr_med_precond;hrv_rmssd_precond;pupil_full_pupil_asymmetry_precond;eeg_fm_specent_precond;eeg_tleft_lbeta_power_precond;eeg_faa_precond;eeg_fl_theta_power_precond;pupil_full_pupil_mean_precond"
2025-12-19 16:24:00.860355,37,"stress_label",10,2,0.06,0.47093023255814,0.406976744186047,NA,10,"top10","hr_sd_precond;eda_med_precond;hr_med_precond;hrv_rmssd_precond;pupil_full_pupil_asymmetry_precond;eeg_fm_specent_precond;eeg_tleft_lbeta_power_precond;eeg_faa_precond;eeg_fl_theta_power_precond;pupil_full_pupil_mean_precond"
2025-12-19 16:24:00.919308,37,"stress_label",10,4,0.06,0.476744186046512,0.441860465116279,NA,10,"top10","hr_sd_precond;eda_med_precond;hr_med_precond;hrv_rmssd_precond;pupil_full_pupil_asymmetry_precond;eeg_fm_specent_precond;eeg_tleft_lbeta_power_precond;eeg_faa_precond;eeg_fl_theta_power_precond;pupil_full_pupil_mean_precond"
2025-12-19 16:24:00.978781,37,"stress_label",10,8,0.06,0.441860465116279,0.505813953488372,NA,10,"top10","hr_sd_precond;eda_med_precond;hr_med_precond;hrv_rmssd_precond;pupil_full_pupil_asymmetry_precond;eeg_fm_specent_precond;eeg_tleft_lbeta_power_precond;eeg_faa_precond;eeg_fl_theta_power_precond;pupil_full_pupil_mean_precond"
2025-12-19 16:24:01.064063,37,"stress_label",10,16,0.06,0.430232558139535,0.569767441860465,NA,10,"top10","hr_sd_precond;eda_med_precond;hr_med_precond;hrv_rmssd_precond;pupil_full_pupil_asymmetry_precond;eeg_fm_specent_precond;eeg_tleft_lbeta_power_precond;eeg_faa_precond;eeg_fl_theta_power_precond;pupil_full_pupil_mean_precond"
2025-12-19 16:24:01.272602,37,"stress_label",10,32,0.06,0.401162790697674,0.593023255813954,NA,10,"top10","hr_sd_precond;eda_med_precond;hr_med_precond;hrv_rmssd_precond;pupil_full_pupil_asymmetry_precond;eeg_fm_specent_precond;eeg_tleft_lbeta_power_precond;eeg_faa_precond;eeg_fl_theta_power_precond;pupil_full_pupil_mean_precond"
2025-12-19 16:24:01.468403,37,"stress_label",10,64,0.06,0.436046511627907,0.534883720930233,NA,10,"top10","hr_sd_precond;eda_med_precond;hr_med_precond;hrv_rmssd_precond;pupil_full_pupil_asymmetry_precond;eeg_fm_specent_precond;eeg_tleft_lbeta_power_precond;eeg_faa_precond;eeg_fl_theta_power_precond;pupil_full_pupil_mean_precond"
2025-12-19 16:24:01.658371,37,"stress_label",10,128,0.06,0.447674418604651,0.552325581395349,NA,10,"top10","hr_sd_precond;eda_med_precond;hr_med_precond;hrv_rmssd_precond;pupil_full_pupil_asymmetry_precond;eeg_fm_specent_precond;eeg_tleft_lbeta_power_precond;eeg_faa_precond;eeg_fl_theta_power_precond;pupil_full_pupil_mean_precond"
2025-12-19 16:24:01.893405,37,"stress_label",10,256,0.06,0.465116279069767,0.540697674418605,NA,10,"top10","hr_sd_precond;eda_med_precond;hr_med_precond;hrv_rmssd_precond;pupil_full_pupil_asymmetry_precond;eeg_fm_specent_precond;eeg_tleft_lbeta_power_precond;eeg_faa_precond;eeg_fl_theta_power_precond;pupil_full_pupil_mean_precond"
2025-12-19 16:24:01.700984,37,"stress_label",10,2,0.1,0.476744186046512,0.38953488372093,NA,10,"top10","hr_sd_precond;eda_med_precond;hr_med_precond;hrv_rmssd_precond;pupil_full_pupil_asymmetry_precond;eeg_fm_specent_precond;eeg_tleft_lbeta_power_precond;eeg_faa_precond;eeg_fl_theta_power_precond;pupil_full_pupil_mean_precond"
2025-12-19 16:24:01.784638,37,"stress_label",10,4,0.1,0.453488372093023,0.494186046511628,NA,10,"top10","hr_sd_precond;eda_med_precond;hr_med_precond;hrv_rmssd_precond;pupil_full_pupil_asymmetry_precond;eeg_fm_specent_precond;eeg_tleft_lbeta_power_precond;eeg_faa_precond;eeg_fl_theta_power_precond;pupil_full_pupil_mean_precond"
2025-12-19 16:24:01.868328,37,"stress_label",10,8,0.1,0.430232558139535,0.546511627906977,NA,10,"top10","hr_sd_precond;eda_med_precond;hr_med_precond;hrv_rmssd_precond;pupil_full_pupil_asymmetry_precond;eeg_fm_specent_precond;eeg_tleft_lbeta_power_precond;eeg_faa_precond;eeg_fl_theta_power_precond;pupil_full_pupil_mean_precond"
2025-12-19 16:24:01.988697,37,"stress_label",10,16,0.1,0.447674418604651,0.529069767441861,NA,10,"top10","hr_sd_precond;eda_med_precond;hr_med_precond;hrv_rmssd_precond;pupil_full_pupil_asymmetry_precond;eeg_fm_specent_precond;eeg_tleft_lbeta_power_precond;eeg_faa_precond;eeg_fl_theta_power_precond;pupil_full_pupil_mean_precond"
2025-12-19 16:24:02.066107,37,"stress_label",10,32,0.1,0.447674418604651,0.523255813953488,NA,10,"top10","hr_sd_precond;eda_med_precond;hr_med_precond;hrv_rmssd_precond;pupil_full_pupil_asymmetry_precond;eeg_fm_specent_precond;eeg_tleft_lbeta_power_precond;eeg_faa_precond;eeg_fl_theta_power_precond;pupil_full_pupil_mean_precond"
2025-12-19 16:24:02.143683,37,"stress_label",10,64,0.1,0.459302325581395,0.453488372093023,NA,10,"top10","hr_sd_precond;eda_med_precond;hr_med_precond;hrv_rmssd_precond;pupil_full_pupil_asymmetry_precond;eeg_fm_specent_precond;eeg_tleft_lbeta_power_precond;eeg_faa_precond;eeg_fl_theta_power_precond;pupil_full_pupil_mean_precond"
2025-12-19 16:24:02.161123,37,"stress_label",10,128,0.1,0.459302325581395,0.488372093023256,NA,10,"top10","hr_sd_precond;eda_med_precond;hr_med_precond;hrv_rmssd_precond;pupil_full_pupil_asymmetry_precond;eeg_fm_specent_precond;eeg_tleft_lbeta_power_precond;eeg_faa_precond;eeg_fl_theta_power_precond;pupil_full_pupil_mean_precond"
2025-12-19 16:24:02.221904,37,"stress_label",10,256,0.1,0.459302325581395,0.5,NA,10,"top10","hr_sd_precond;eda_med_precond;hr_med_precond;hrv_rmssd_precond;pupil_full_pupil_asymmetry_precond;eeg_fm_specent_precond;eeg_tleft_lbeta_power_precond;eeg_faa_precond;eeg_fl_theta_power_precond;pupil_full_pupil_mean_precond"
2025-12-19 16:24:03.591536,38,"stress_label",10,2,0.0078125,0.540697674418605,0.546511627906977,0.508527131782946,10,"top10","hr_sd_precond;hr_med_precond;eda_med_precond;hrv_rmssd_precond;eeg_fm_specent_precond;pupil_full_pupil_mean_precond;pupil_full_pupil_asymmetry_precond;eda_pkrate_precond;eeg_faa_precond;eda_peakarea_precond"
2025-12-19 16:24:03.585275,38,"stress_label",10,4,0.0078125,0.546511627906977,0.552325581395349,0.523255813953488,10,"top10","hr_sd_precond;hr_med_precond;eda_med_precond;hrv_rmssd_precond;eeg_fm_specent_precond;pupil_full_pupil_mean_precond;pupil_full_pupil_asymmetry_precond;eda_pkrate_precond;eeg_faa_precond;eda_peakarea_precond"
2025-12-19 16:24:03.575186,38,"stress_label",10,8,0.0078125,0.505813953488372,0.546511627906977,0.508527131782946,10,"top10","hr_sd_precond;hr_med_precond;eda_med_precond;hrv_rmssd_precond;eeg_fm_specent_precond;pupil_full_pupil_mean_precond;pupil_full_pupil_asymmetry_precond;eda_pkrate_precond;eeg_faa_precond;eda_peakarea_precond"
2025-12-19 16:24:03.589005,38,"stress_label",10,16,0.0078125,0.540697674418605,0.552325581395349,NA,10,"top10","hr_sd_precond;hr_med_precond;eda_med_precond;hrv_rmssd_precond;eeg_fm_specent_precond;pupil_full_pupil_mean_precond;pupil_full_pupil_asymmetry_precond;eda_pkrate_precond;eeg_faa_precond;eda_peakarea_precond"
2025-12-19 16:24:03.591881,38,"stress_label",10,32,0.0078125,0.587209302325581,0.593023255813954,0.552713178294574,10,"top10","hr_sd_precond;hr_med_precond;eda_med_precond;hrv_rmssd_precond;eeg_fm_specent_precond;pupil_full_pupil_mean_precond;pupil_full_pupil_asymmetry_precond;eda_pkrate_precond;eeg_faa_precond;eda_peakarea_precond"
2025-12-19 16:24:03.622219,38,"stress_label",10,64,0.0078125,0.593023255813954,0.61046511627907,NA,10,"top10","hr_sd_precond;hr_med_precond;eda_med_precond;hrv_rmssd_precond;eeg_fm_specent_precond;pupil_full_pupil_mean_precond;pupil_full_pupil_asymmetry_precond;eda_pkrate_precond;eeg_faa_precond;eda_peakarea_precond"
2025-12-19 16:24:03.737739,38,"stress_label",10,128,0.0078125,0.546511627906977,0.569767441860465,NA,10,"top10","hr_sd_precond;hr_med_precond;eda_med_precond;hrv_rmssd_precond;eeg_fm_specent_precond;pupil_full_pupil_mean_precond;pupil_full_pupil_asymmetry_precond;eda_pkrate_precond;eeg_faa_precond;eda_peakarea_precond"
2025-12-19 16:24:03.906484,38,"stress_label",10,256,0.0078125,0.563953488372093,0.622093023255814,NA,10,"top10","hr_sd_precond;hr_med_precond;eda_med_precond;hrv_rmssd_precond;eeg_fm_specent_precond;pupil_full_pupil_mean_precond;pupil_full_pupil_asymmetry_precond;eda_pkrate_precond;eeg_faa_precond;eda_peakarea_precond"
2025-12-19 16:24:03.579275,38,"stress_label",10,2,0.015625,0.563953488372093,0.552325581395349,0.554263565891473,10,"top10","hr_sd_precond;hr_med_precond;eda_med_precond;hrv_rmssd_precond;eeg_fm_specent_precond;pupil_full_pupil_mean_precond;pupil_full_pupil_asymmetry_precond;eda_pkrate_precond;eeg_faa_precond;eda_peakarea_precond"
2025-12-19 16:24:03.559424,38,"stress_label",10,4,0.015625,0.505813953488372,0.529069767441861,0.493798449612403,10,"top10","hr_sd_precond;hr_med_precond;eda_med_precond;hrv_rmssd_precond;eeg_fm_specent_precond;pupil_full_pupil_mean_precond;pupil_full_pupil_asymmetry_precond;eda_pkrate_precond;eeg_faa_precond;eda_peakarea_precond"
2025-12-19 16:24:03.591999,38,"stress_label",10,8,0.015625,0.575581395348837,0.581395348837209,0.534108527131783,10,"top10","hr_sd_precond;hr_med_precond;eda_med_precond;hrv_rmssd_precond;eeg_fm_specent_precond;pupil_full_pupil_mean_precond;pupil_full_pupil_asymmetry_precond;eda_pkrate_precond;eeg_faa_precond;eda_peakarea_precond"
2025-12-19 16:24:03.61433,38,"stress_label",10,16,0.015625,0.587209302325581,0.616279069767442,NA,10,"top10","hr_sd_precond;hr_med_precond;eda_med_precond;hrv_rmssd_precond;eeg_fm_specent_precond;pupil_full_pupil_mean_precond;pupil_full_pupil_asymmetry_precond;eda_pkrate_precond;eeg_faa_precond;eda_peakarea_precond"
2025-12-19 16:24:03.673882,38,"stress_label",10,32,0.015625,0.552325581395349,0.569767441860465,NA,10,"top10","hr_sd_precond;hr_med_precond;eda_med_precond;hrv_rmssd_precond;eeg_fm_specent_precond;pupil_full_pupil_mean_precond;pupil_full_pupil_asymmetry_precond;eda_pkrate_precond;eeg_faa_precond;eda_peakarea_precond"
2025-12-19 16:24:03.710085,38,"stress_label",10,64,0.015625,0.552325581395349,0.604651162790698,0.551937984496124,10,"top10","hr_sd_precond;hr_med_precond;eda_med_precond;hrv_rmssd_precond;eeg_fm_specent_precond;pupil_full_pupil_mean_precond;pupil_full_pupil_asymmetry_precond;eda_pkrate_precond;eeg_faa_precond;eda_peakarea_precond"
2025-12-19 16:24:05.027551,38,"stress_label",10,128,0.015625,0.540697674418605,0.587209302325581,NA,10,"top10","hr_sd_precond;hr_med_precond;eda_med_precond;hrv_rmssd_precond;eeg_fm_specent_precond;pupil_full_pupil_mean_precond;pupil_full_pupil_asymmetry_precond;eda_pkrate_precond;eeg_faa_precond;eda_peakarea_precond"
2025-12-19 16:24:05.297103,38,"stress_label",10,256,0.015625,0.540697674418605,0.534883720930233,NA,10,"top10","hr_sd_precond;hr_med_precond;eda_med_precond;hrv_rmssd_precond;eeg_fm_specent_precond;pupil_full_pupil_mean_precond;pupil_full_pupil_asymmetry_precond;eda_pkrate_precond;eeg_faa_precond;eda_peakarea_precond"
2025-12-19 16:24:04.708667,38,"stress_label",10,2,0.03125,0.540697674418605,0.5,0.548837209302326,10,"top10","hr_sd_precond;hr_med_precond;eda_med_precond;hrv_rmssd_precond;eeg_fm_specent_precond;pupil_full_pupil_mean_precond;pupil_full_pupil_asymmetry_precond;eda_pkrate_precond;eeg_faa_precond;eda_peakarea_precond"
2025-12-19 16:24:04.728685,38,"stress_label",10,4,0.03125,0.552325581395349,0.581395348837209,0.517054263565891,10,"top10","hr_sd_precond;hr_med_precond;eda_med_precond;hrv_rmssd_precond;eeg_fm_specent_precond;pupil_full_pupil_mean_precond;pupil_full_pupil_asymmetry_precond;eda_pkrate_precond;eeg_faa_precond;eda_peakarea_precond"
2025-12-19 16:24:04.781924,38,"stress_label",10,8,0.03125,0.529069767441861,0.569767441860465,NA,10,"top10","hr_sd_precond;hr_med_precond;eda_med_precond;hrv_rmssd_precond;eeg_fm_specent_precond;pupil_full_pupil_mean_precond;pupil_full_pupil_asymmetry_precond;eda_pkrate_precond;eeg_faa_precond;eda_peakarea_precond"
2025-12-19 16:24:04.784408,38,"stress_label",10,16,0.03125,0.552325581395349,0.575581395348837,0.551937984496124,10,"top10","hr_sd_precond;hr_med_precond;eda_med_precond;hrv_rmssd_precond;eeg_fm_specent_precond;pupil_full_pupil_mean_precond;pupil_full_pupil_asymmetry_precond;eda_pkrate_precond;eeg_faa_precond;eda_peakarea_precond"
2025-12-19 16:24:04.863996,38,"stress_label",10,32,0.03125,0.558139534883721,0.575581395348837,NA,10,"top10","hr_sd_precond;hr_med_precond;eda_med_precond;hrv_rmssd_precond;eeg_fm_specent_precond;pupil_full_pupil_mean_precond;pupil_full_pupil_asymmetry_precond;eda_pkrate_precond;eeg_faa_precond;eda_peakarea_precond"
2025-12-19 16:24:05.010869,38,"stress_label",10,64,0.03125,0.546511627906977,0.453488372093023,NA,10,"top10","hr_sd_precond;hr_med_precond;eda_med_precond;hrv_rmssd_precond;eeg_fm_specent_precond;pupil_full_pupil_mean_precond;pupil_full_pupil_asymmetry_precond;eda_pkrate_precond;eeg_faa_precond;eda_peakarea_precond"
2025-12-19 16:24:05.32342,38,"stress_label",10,128,0.03125,0.598837209302326,0.412790697674419,NA,10,"top10","hr_sd_precond;hr_med_precond;eda_med_precond;hrv_rmssd_precond;eeg_fm_specent_precond;pupil_full_pupil_mean_precond;pupil_full_pupil_asymmetry_precond;eda_pkrate_precond;eeg_faa_precond;eda_peakarea_precond"
2025-12-19 16:24:05.597562,38,"stress_label",10,256,0.03125,0.575581395348837,0.540697674418605,NA,10,"top10","hr_sd_precond;hr_med_precond;eda_med_precond;hrv_rmssd_precond;eeg_fm_specent_precond;pupil_full_pupil_mean_precond;pupil_full_pupil_asymmetry_precond;eda_pkrate_precond;eeg_faa_precond;eda_peakarea_precond"
2025-12-19 16:24:04.845246,38,"stress_label",10,2,0.0625,0.511627906976744,0.534883720930233,NA,10,"top10","hr_sd_precond;hr_med_precond;eda_med_precond;hrv_rmssd_precond;eeg_fm_specent_precond;pupil_full_pupil_mean_precond;pupil_full_pupil_asymmetry_precond;eda_pkrate_precond;eeg_faa_precond;eda_peakarea_precond"
2025-12-19 16:24:04.869166,38,"stress_label",10,4,0.0625,0.523255813953488,0.558139534883721,NA,10,"top10","hr_sd_precond;hr_med_precond;eda_med_precond;hrv_rmssd_precond;eeg_fm_specent_precond;pupil_full_pupil_mean_precond;pupil_full_pupil_asymmetry_precond;eda_pkrate_precond;eeg_faa_precond;eda_peakarea_precond"
2025-12-19 16:24:04.940693,38,"stress_label",10,8,0.0625,0.569767441860465,0.604651162790698,NA,10,"top10","hr_sd_precond;hr_med_precond;eda_med_precond;hrv_rmssd_precond;eeg_fm_specent_precond;pupil_full_pupil_mean_precond;pupil_full_pupil_asymmetry_precond;eda_pkrate_precond;eeg_faa_precond;eda_peakarea_precond"
2025-12-19 16:24:05.195643,38,"stress_label",10,16,0.0625,0.616279069767442,0.587209302325581,NA,10,"top10","hr_sd_precond;hr_med_precond;eda_med_precond;hrv_rmssd_precond;eeg_fm_specent_precond;pupil_full_pupil_mean_precond;pupil_full_pupil_asymmetry_precond;eda_pkrate_precond;eeg_faa_precond;eda_peakarea_precond"
2025-12-19 16:24:06.101532,38,"stress_label",10,32,0.0625,0.604651162790698,0.575581395348837,NA,10,"top10","hr_sd_precond;hr_med_precond;eda_med_precond;hrv_rmssd_precond;eeg_fm_specent_precond;pupil_full_pupil_mean_precond;pupil_full_pupil_asymmetry_precond;eda_pkrate_precond;eeg_faa_precond;eda_peakarea_precond"
2025-12-19 16:24:06.241214,38,"stress_label",10,64,0.0625,0.546511627906977,0.540697674418605,0.522480620155039,10,"top10","hr_sd_precond;hr_med_precond;eda_med_precond;hrv_rmssd_precond;eeg_fm_specent_precond;pupil_full_pupil_mean_precond;pupil_full_pupil_asymmetry_precond;eda_pkrate_precond;eeg_faa_precond;eda_peakarea_precond"
2025-12-19 16:24:06.387253,38,"stress_label",10,128,0.0625,0.540697674418605,0.424418604651163,0.517054263565891,10,"top10","hr_sd_precond;hr_med_precond;eda_med_precond;hrv_rmssd_precond;eeg_fm_specent_precond;pupil_full_pupil_mean_precond;pupil_full_pupil_asymmetry_precond;eda_pkrate_precond;eeg_faa_precond;eda_peakarea_precond"
2025-12-19 16:24:06.379909,38,"stress_label",10,256,0.0625,0.552325581395349,0.459302325581395,0.544961240310078,10,"top10","hr_sd_precond;hr_med_precond;eda_med_precond;hrv_rmssd_precond;eeg_fm_specent_precond;pupil_full_pupil_mean_precond;pupil_full_pupil_asymmetry_precond;eda_pkrate_precond;eeg_faa_precond;eda_peakarea_precond"
2025-12-19 16:24:05.999122,38,"stress_label",10,2,0.125,0.534883720930233,0.569767441860465,NA,10,"top10","hr_sd_precond;hr_med_precond;eda_med_precond;hrv_rmssd_precond;eeg_fm_specent_precond;pupil_full_pupil_mean_precond;pupil_full_pupil_asymmetry_precond;eda_pkrate_precond;eeg_faa_precond;eda_peakarea_precond"
2025-12-19 16:24:06.075658,38,"stress_label",10,4,0.125,0.581395348837209,0.552325581395349,NA,10,"top10","hr_sd_precond;hr_med_precond;eda_med_precond;hrv_rmssd_precond;eeg_fm_specent_precond;pupil_full_pupil_mean_precond;pupil_full_pupil_asymmetry_precond;eda_pkrate_precond;eeg_faa_precond;eda_peakarea_precond"
2025-12-19 16:24:06.089299,38,"stress_label",10,8,0.125,0.575581395348837,0.529069767441861,0.556589147286822,10,"top10","hr_sd_precond;hr_med_precond;eda_med_precond;hrv_rmssd_precond;eeg_fm_specent_precond;pupil_full_pupil_mean_precond;pupil_full_pupil_asymmetry_precond;eda_pkrate_precond;eeg_faa_precond;eda_peakarea_precond"
2025-12-19 16:24:06.206009,38,"stress_label",10,16,0.125,0.540697674418605,0.552325581395349,0.51937984496124,10,"top10","hr_sd_precond;hr_med_precond;eda_med_precond;hrv_rmssd_precond;eeg_fm_specent_precond;pupil_full_pupil_mean_precond;pupil_full_pupil_asymmetry_precond;eda_pkrate_precond;eeg_faa_precond;eda_peakarea_precond"
2025-12-19 16:24:06.330956,38,"stress_label",10,32,0.125,0.540697674418605,0.529069767441861,0.527906976744186,10,"top10","hr_sd_precond;hr_med_precond;eda_med_precond;hrv_rmssd_precond;eeg_fm_specent_precond;pupil_full_pupil_mean_precond;pupil_full_pupil_asymmetry_precond;eda_pkrate_precond;eeg_faa_precond;eda_peakarea_precond"
2025-12-19 16:24:06.356223,38,"stress_label",10,64,0.125,0.552325581395349,0.5,0.551162790697674,10,"top10","hr_sd_precond;hr_med_precond;eda_med_precond;hrv_rmssd_precond;eeg_fm_specent_precond;pupil_full_pupil_mean_precond;pupil_full_pupil_asymmetry_precond;eda_pkrate_precond;eeg_faa_precond;eda_peakarea_precond"
2025-12-19 16:24:06.534854,38,"stress_label",10,128,0.125,0.552325581395349,0.523255813953488,0.551162790697674,10,"top10","hr_sd_precond;hr_med_precond;eda_med_precond;hrv_rmssd_precond;eeg_fm_specent_precond;pupil_full_pupil_mean_precond;pupil_full_pupil_asymmetry_precond;eda_pkrate_precond;eeg_faa_precond;eda_peakarea_precond"
2025-12-19 16:24:06.626164,38,"stress_label",10,256,0.125,0.552325581395349,0.569767441860465,0.551162790697674,10,"top10","hr_sd_precond;hr_med_precond;eda_med_precond;hrv_rmssd_precond;eeg_fm_specent_precond;pupil_full_pupil_mean_precond;pupil_full_pupil_asymmetry_precond;eda_pkrate_precond;eeg_faa_precond;eda_peakarea_precond"
2025-12-19 16:24:06.451995,38,"stress_label",10,2,0.03,0.529069767441861,0.476744186046512,0.531782945736434,10,"top10","hr_sd_precond;hr_med_precond;eda_med_precond;hrv_rmssd_precond;eeg_fm_specent_precond;pupil_full_pupil_mean_precond;pupil_full_pupil_asymmetry_precond;eda_pkrate_precond;eeg_faa_precond;eda_peakarea_precond"
2025-12-19 16:24:06.73469,38,"stress_label",10,4,0.03,0.552325581395349,0.563953488372093,0.517054263565891,10,"top10","hr_sd_precond;hr_med_precond;eda_med_precond;hrv_rmssd_precond;eeg_fm_specent_precond;pupil_full_pupil_mean_precond;pupil_full_pupil_asymmetry_precond;eda_pkrate_precond;eeg_faa_precond;eda_peakarea_precond"
2025-12-19 16:24:07.17039,38,"stress_label",10,8,0.03,0.529069767441861,0.552325581395349,NA,10,"top10","hr_sd_precond;hr_med_precond;eda_med_precond;hrv_rmssd_precond;eeg_fm_specent_precond;pupil_full_pupil_mean_precond;pupil_full_pupil_asymmetry_precond;eda_pkrate_precond;eeg_faa_precond;eda_peakarea_precond"
2025-12-19 16:24:07.235234,38,"stress_label",10,16,0.03,0.534883720930233,0.604651162790698,NA,10,"top10","hr_sd_precond;hr_med_precond;eda_med_precond;hrv_rmssd_precond;eeg_fm_specent_precond;pupil_full_pupil_mean_precond;pupil_full_pupil_asymmetry_precond;eda_pkrate_precond;eeg_faa_precond;eda_peakarea_precond"
2025-12-19 16:24:07.349813,38,"stress_label",10,32,0.03,0.558139534883721,0.581395348837209,NA,10,"top10","hr_sd_precond;hr_med_precond;eda_med_precond;hrv_rmssd_precond;eeg_fm_specent_precond;pupil_full_pupil_mean_precond;pupil_full_pupil_asymmetry_precond;eda_pkrate_precond;eeg_faa_precond;eda_peakarea_precond"
2025-12-19 16:24:07.488474,38,"stress_label",10,64,0.03,0.540697674418605,0.534883720930233,NA,10,"top10","hr_sd_precond;hr_med_precond;eda_med_precond;hrv_rmssd_precond;eeg_fm_specent_precond;pupil_full_pupil_mean_precond;pupil_full_pupil_asymmetry_precond;eda_pkrate_precond;eeg_faa_precond;eda_peakarea_precond"
2025-12-19 16:24:07.885661,38,"stress_label",10,128,0.03,0.593023255813954,0.5,NA,10,"top10","hr_sd_precond;hr_med_precond;eda_med_precond;hrv_rmssd_precond;eeg_fm_specent_precond;pupil_full_pupil_mean_precond;pupil_full_pupil_asymmetry_precond;eda_pkrate_precond;eeg_faa_precond;eda_peakarea_precond"
2025-12-19 16:24:08.227801,38,"stress_label",10,256,0.03,0.575581395348837,0.5,NA,10,"top10","hr_sd_precond;hr_med_precond;eda_med_precond;hrv_rmssd_precond;eeg_fm_specent_precond;pupil_full_pupil_mean_precond;pupil_full_pupil_asymmetry_precond;eda_pkrate_precond;eeg_faa_precond;eda_peakarea_precond"
2025-12-19 16:24:07.488797,38,"stress_label",10,2,0.06,0.511627906976744,0.558139534883721,NA,10,"top10","hr_sd_precond;hr_med_precond;eda_med_precond;hrv_rmssd_precond;eeg_fm_specent_precond;pupil_full_pupil_mean_precond;pupil_full_pupil_asymmetry_precond;eda_pkrate_precond;eeg_faa_precond;eda_peakarea_precond"
2025-12-19 16:24:07.514993,38,"stress_label",10,4,0.06,0.505813953488372,0.575581395348837,NA,10,"top10","hr_sd_precond;hr_med_precond;eda_med_precond;hrv_rmssd_precond;eeg_fm_specent_precond;pupil_full_pupil_mean_precond;pupil_full_pupil_asymmetry_precond;eda_pkrate_precond;eeg_faa_precond;eda_peakarea_precond"
2025-12-19 16:24:07.554723,38,"stress_label",10,8,0.06,0.569767441860465,0.558139534883721,NA,10,"top10","hr_sd_precond;hr_med_precond;eda_med_precond;hrv_rmssd_precond;eeg_fm_specent_precond;pupil_full_pupil_mean_precond;pupil_full_pupil_asymmetry_precond;eda_pkrate_precond;eeg_faa_precond;eda_peakarea_precond"
2025-12-19 16:24:07.655316,38,"stress_label",10,16,0.06,0.593023255813954,0.575581395348837,NA,10,"top10","hr_sd_precond;hr_med_precond;eda_med_precond;hrv_rmssd_precond;eeg_fm_specent_precond;pupil_full_pupil_mean_precond;pupil_full_pupil_asymmetry_precond;eda_pkrate_precond;eeg_faa_precond;eda_peakarea_precond"
2025-12-19 16:24:07.822513,38,"stress_label",10,32,0.06,0.622093023255814,0.569767441860465,NA,10,"top10","hr_sd_precond;hr_med_precond;eda_med_precond;hrv_rmssd_precond;eeg_fm_specent_precond;pupil_full_pupil_mean_precond;pupil_full_pupil_asymmetry_precond;eda_pkrate_precond;eeg_faa_precond;eda_peakarea_precond"
2025-12-19 16:24:08.192875,38,"stress_label",10,64,0.06,0.546511627906977,0.627906976744186,0.526356589147287,10,"top10","hr_sd_precond;hr_med_precond;eda_med_precond;hrv_rmssd_precond;eeg_fm_specent_precond;pupil_full_pupil_mean_precond;pupil_full_pupil_asymmetry_precond;eda_pkrate_precond;eeg_faa_precond;eda_peakarea_precond"
2025-12-19 16:24:08.194018,38,"stress_label",10,128,0.06,0.540697674418605,0.459302325581395,0.514728682170543,10,"top10","hr_sd_precond;hr_med_precond;eda_med_precond;hrv_rmssd_precond;eeg_fm_specent_precond;pupil_full_pupil_mean_precond;pupil_full_pupil_asymmetry_precond;eda_pkrate_precond;eeg_faa_precond;eda_peakarea_precond"
2025-12-19 16:24:08.294559,38,"stress_label",10,256,0.06,0.552325581395349,0.412790697674419,0.544961240310078,10,"top10","hr_sd_precond;hr_med_precond;eda_med_precond;hrv_rmssd_precond;eeg_fm_specent_precond;pupil_full_pupil_mean_precond;pupil_full_pupil_asymmetry_precond;eda_pkrate_precond;eeg_faa_precond;eda_peakarea_precond"
2025-12-19 16:24:08.275015,38,"stress_label",10,2,0.1,0.529069767441861,0.534883720930233,NA,10,"top10","hr_sd_precond;hr_med_precond;eda_med_precond;hrv_rmssd_precond;eeg_fm_specent_precond;pupil_full_pupil_mean_precond;pupil_full_pupil_asymmetry_precond;eda_pkrate_precond;eeg_faa_precond;eda_peakarea_precond"
2025-12-19 16:24:08.35313,38,"stress_label",10,4,0.1,0.563953488372093,0.575581395348837,NA,10,"top10","hr_sd_precond;hr_med_precond;eda_med_precond;hrv_rmssd_precond;eeg_fm_specent_precond;pupil_full_pupil_mean_precond;pupil_full_pupil_asymmetry_precond;eda_pkrate_precond;eeg_faa_precond;eda_peakarea_precond"
2025-12-19 16:24:08.483811,38,"stress_label",10,8,0.1,0.598837209302326,0.558139534883721,NA,10,"top10","hr_sd_precond;hr_med_precond;eda_med_precond;hrv_rmssd_precond;eeg_fm_specent_precond;pupil_full_pupil_mean_precond;pupil_full_pupil_asymmetry_precond;eda_pkrate_precond;eeg_faa_precond;eda_peakarea_precond"
2025-12-19 16:24:08.581987,38,"stress_label",10,16,0.1,0.558139534883721,0.5,0.537984496124031,10,"top10","hr_sd_precond;hr_med_precond;eda_med_precond;hrv_rmssd_precond;eeg_fm_specent_precond;pupil_full_pupil_mean_precond;pupil_full_pupil_asymmetry_precond;eda_pkrate_precond;eeg_faa_precond;eda_peakarea_precond"
2025-12-19 16:24:08.62572,38,"stress_label",10,32,0.1,0.517441860465116,0.558139534883721,0.50077519379845,10,"top10","hr_sd_precond;hr_med_precond;eda_med_precond;hrv_rmssd_precond;eeg_fm_specent_precond;pupil_full_pupil_mean_precond;pupil_full_pupil_asymmetry_precond;eda_pkrate_precond;eeg_faa_precond;eda_peakarea_precond"
2025-12-19 16:24:08.672022,38,"stress_label",10,64,0.1,0.552325581395349,0.505813953488372,0.545736434108527,10,"top10","hr_sd_precond;hr_med_precond;eda_med_precond;hrv_rmssd_precond;eeg_fm_specent_precond;pupil_full_pupil_mean_precond;pupil_full_pupil_asymmetry_precond;eda_pkrate_precond;eeg_faa_precond;eda_peakarea_precond"
2025-12-19 16:24:08.689068,38,"stress_label",10,128,0.1,0.552325581395349,0.523255813953488,0.544961240310078,10,"top10","hr_sd_precond;hr_med_precond;eda_med_precond;hrv_rmssd_precond;eeg_fm_specent_precond;pupil_full_pupil_mean_precond;pupil_full_pupil_asymmetry_precond;eda_pkrate_precond;eeg_faa_precond;eda_peakarea_precond"
2025-12-19 16:24:08.751706,38,"stress_label",10,256,0.1,0.552325581395349,0.511627906976744,0.544961240310078,10,"top10","hr_sd_precond;hr_med_precond;eda_med_precond;hrv_rmssd_precond;eeg_fm_specent_precond;pupil_full_pupil_mean_precond;pupil_full_pupil_asymmetry_precond;eda_pkrate_precond;eeg_faa_precond;eda_peakarea_precond"
2025-12-19 16:24:10.135282,39,"stress_label",10,2,0.0078125,0.558139534883721,0.569767441860465,0.511627906976744,10,"top10","hr_med_precond;hr_sd_precond;eda_med_precond;eeg_fm_specent_precond;hrv_rmssd_precond;pupil_full_pupil_mean_precond;pupil_full_pupil_asymmetry_precond;eda_pkrate_precond;eda_peakarea_precond;eeg_faa_precond"
2025-12-19 16:24:10.10358,39,"stress_label",10,4,0.0078125,0.563953488372093,0.569767441860465,0.541860465116279,10,"top10","hr_med_precond;hr_sd_precond;eda_med_precond;eeg_fm_specent_precond;hrv_rmssd_precond;pupil_full_pupil_mean_precond;pupil_full_pupil_asymmetry_precond;eda_pkrate_precond;eda_peakarea_precond;eeg_faa_precond"
2025-12-19 16:24:10.122959,39,"stress_label",10,8,0.0078125,0.546511627906977,0.511627906976744,0.527906976744186,10,"top10","hr_med_precond;hr_sd_precond;eda_med_precond;eeg_fm_specent_precond;hrv_rmssd_precond;pupil_full_pupil_mean_precond;pupil_full_pupil_asymmetry_precond;eda_pkrate_precond;eda_peakarea_precond;eeg_faa_precond"
2025-12-19 16:24:10.093575,39,"stress_label",10,16,0.0078125,0.540697674418605,0.552325581395349,0.51937984496124,10,"top10","hr_med_precond;hr_sd_precond;eda_med_precond;eeg_fm_specent_precond;hrv_rmssd_precond;pupil_full_pupil_mean_precond;pupil_full_pupil_asymmetry_precond;eda_pkrate_precond;eda_peakarea_precond;eeg_faa_precond"
2025-12-19 16:24:10.12834,39,"stress_label",10,32,0.0078125,0.587209302325581,0.593023255813954,0.568217054263566,10,"top10","hr_med_precond;hr_sd_precond;eda_med_precond;eeg_fm_specent_precond;hrv_rmssd_precond;pupil_full_pupil_mean_precond;pupil_full_pupil_asymmetry_precond;eda_pkrate_precond;eda_peakarea_precond;eeg_faa_precond"
2025-12-19 16:24:10.187829,39,"stress_label",10,64,0.0078125,0.563953488372093,0.587209302325581,NA,10,"top10","hr_med_precond;hr_sd_precond;eda_med_precond;eeg_fm_specent_precond;hrv_rmssd_precond;pupil_full_pupil_mean_precond;pupil_full_pupil_asymmetry_precond;eda_pkrate_precond;eda_peakarea_precond;eeg_faa_precond"
2025-12-19 16:24:10.252567,39,"stress_label",10,128,0.0078125,0.593023255813954,0.581395348837209,0.587596899224806,10,"top10","hr_med_precond;hr_sd_precond;eda_med_precond;eeg_fm_specent_precond;hrv_rmssd_precond;pupil_full_pupil_mean_precond;pupil_full_pupil_asymmetry_precond;eda_pkrate_precond;eda_peakarea_precond;eeg_faa_precond"
2025-12-19 16:24:10.456718,39,"stress_label",10,256,0.0078125,0.575581395348837,0.598837209302326,NA,10,"top10","hr_med_precond;hr_sd_precond;eda_med_precond;eeg_fm_specent_precond;hrv_rmssd_precond;pupil_full_pupil_mean_precond;pupil_full_pupil_asymmetry_precond;eda_pkrate_precond;eda_peakarea_precond;eeg_faa_precond"
2025-12-19 16:24:10.10773,39,"stress_label",10,2,0.015625,0.575581395348837,0.575581395348837,0.567441860465116,10,"top10","hr_med_precond;hr_sd_precond;eda_med_precond;eeg_fm_specent_precond;hrv_rmssd_precond;pupil_full_pupil_mean_precond;pupil_full_pupil_asymmetry_precond;eda_pkrate_precond;eda_peakarea_precond;eeg_faa_precond"
2025-12-19 16:24:10.165606,39,"stress_label",10,4,0.015625,0.546511627906977,0.540697674418605,NA,10,"top10","hr_med_precond;hr_sd_precond;eda_med_precond;eeg_fm_specent_precond;hrv_rmssd_precond;pupil_full_pupil_mean_precond;pupil_full_pupil_asymmetry_precond;eda_pkrate_precond;eda_peakarea_precond;eeg_faa_precond"
2025-12-19 16:24:10.125942,39,"stress_label",10,8,0.015625,0.575581395348837,0.569767441860465,0.575968992248062,10,"top10","hr_med_precond;hr_sd_precond;eda_med_precond;eeg_fm_specent_precond;hrv_rmssd_precond;pupil_full_pupil_mean_precond;pupil_full_pupil_asymmetry_precond;eda_pkrate_precond;eda_peakarea_precond;eeg_faa_precond"
2025-12-19 16:24:10.19609,39,"stress_label",10,16,0.015625,0.563953488372093,0.587209302325581,NA,10,"top10","hr_med_precond;hr_sd_precond;eda_med_precond;eeg_fm_specent_precond;hrv_rmssd_precond;pupil_full_pupil_mean_precond;pupil_full_pupil_asymmetry_precond;eda_pkrate_precond;eda_peakarea_precond;eeg_faa_precond"
2025-12-19 16:24:10.157697,39,"stress_label",10,32,0.015625,0.563953488372093,0.558139534883721,NA,10,"top10","hr_med_precond;hr_sd_precond;eda_med_precond;eeg_fm_specent_precond;hrv_rmssd_precond;pupil_full_pupil_mean_precond;pupil_full_pupil_asymmetry_precond;eda_pkrate_precond;eda_peakarea_precond;eeg_faa_precond"
2025-12-19 16:24:10.29384,39,"stress_label",10,64,0.015625,0.581395348837209,0.598837209302326,NA,10,"top10","hr_med_precond;hr_sd_precond;eda_med_precond;eeg_fm_specent_precond;hrv_rmssd_precond;pupil_full_pupil_mean_precond;pupil_full_pupil_asymmetry_precond;eda_pkrate_precond;eda_peakarea_precond;eeg_faa_precond"
2025-12-19 16:24:11.557203,39,"stress_label",10,128,0.015625,0.581395348837209,0.61046511627907,NA,10,"top10","hr_med_precond;hr_sd_precond;eda_med_precond;eeg_fm_specent_precond;hrv_rmssd_precond;pupil_full_pupil_mean_precond;pupil_full_pupil_asymmetry_precond;eda_pkrate_precond;eda_peakarea_precond;eeg_faa_precond"
2025-12-19 16:24:11.793015,39,"stress_label",10,256,0.015625,0.558139534883721,0.552325581395349,NA,10,"top10","hr_med_precond;hr_sd_precond;eda_med_precond;eeg_fm_specent_precond;hrv_rmssd_precond;pupil_full_pupil_mean_precond;pupil_full_pupil_asymmetry_precond;eda_pkrate_precond;eda_peakarea_precond;eeg_faa_precond"
2025-12-19 16:24:11.249918,39,"stress_label",10,2,0.03125,0.552325581395349,0.563953488372093,0.553488372093023,10,"top10","hr_med_precond;hr_sd_precond;eda_med_precond;eeg_fm_specent_precond;hrv_rmssd_precond;pupil_full_pupil_mean_precond;pupil_full_pupil_asymmetry_precond;eda_pkrate_precond;eda_peakarea_precond;eeg_faa_precond"
2025-12-19 16:24:11.232936,39,"stress_label",10,4,0.03125,0.558139534883721,0.563953488372093,0.557364341085271,10,"top10","hr_med_precond;hr_sd_precond;eda_med_precond;eeg_fm_specent_precond;hrv_rmssd_precond;pupil_full_pupil_mean_precond;pupil_full_pupil_asymmetry_precond;eda_pkrate_precond;eda_peakarea_precond;eeg_faa_precond"
2025-12-19 16:24:11.278987,39,"stress_label",10,8,0.03125,0.558139534883721,0.575581395348837,0.547286821705426,10,"top10","hr_med_precond;hr_sd_precond;eda_med_precond;eeg_fm_specent_precond;hrv_rmssd_precond;pupil_full_pupil_mean_precond;pupil_full_pupil_asymmetry_precond;eda_pkrate_precond;eda_peakarea_precond;eeg_faa_precond"
2025-12-19 16:24:11.311467,39,"stress_label",10,16,0.03125,0.581395348837209,0.61046511627907,0.57984496124031,10,"top10","hr_med_precond;hr_sd_precond;eda_med_precond;eeg_fm_specent_precond;hrv_rmssd_precond;pupil_full_pupil_mean_precond;pupil_full_pupil_asymmetry_precond;eda_pkrate_precond;eda_peakarea_precond;eeg_faa_precond"
2025-12-19 16:24:11.427128,39,"stress_label",10,32,0.03125,0.587209302325581,0.651162790697674,NA,10,"top10","hr_med_precond;hr_sd_precond;eda_med_precond;eeg_fm_specent_precond;hrv_rmssd_precond;pupil_full_pupil_mean_precond;pupil_full_pupil_asymmetry_precond;eda_pkrate_precond;eda_peakarea_precond;eeg_faa_precond"
2025-12-19 16:24:11.533981,39,"stress_label",10,64,0.03125,0.581395348837209,0.581395348837209,0.588372093023256,10,"top10","hr_med_precond;hr_sd_precond;eda_med_precond;eeg_fm_specent_precond;hrv_rmssd_precond;pupil_full_pupil_mean_precond;pupil_full_pupil_asymmetry_precond;eda_pkrate_precond;eda_peakarea_precond;eeg_faa_precond"
2025-12-19 16:24:11.887565,39,"stress_label",10,128,0.03125,0.622093023255814,0.558139534883721,NA,10,"top10","hr_med_precond;hr_sd_precond;eda_med_precond;eeg_fm_specent_precond;hrv_rmssd_precond;pupil_full_pupil_mean_precond;pupil_full_pupil_asymmetry_precond;eda_pkrate_precond;eda_peakarea_precond;eeg_faa_precond"
2025-12-19 16:24:12.272289,39,"stress_label",10,256,0.03125,0.622093023255814,0.563953488372093,NA,10,"top10","hr_med_precond;hr_sd_precond;eda_med_precond;eeg_fm_specent_precond;hrv_rmssd_precond;pupil_full_pupil_mean_precond;pupil_full_pupil_asymmetry_precond;eda_pkrate_precond;eda_peakarea_precond;eeg_faa_precond"
2025-12-19 16:24:11.336275,39,"stress_label",10,2,0.0625,0.534883720930233,0.563953488372093,0.534883720930233,10,"top10","hr_med_precond;hr_sd_precond;eda_med_precond;eeg_fm_specent_precond;hrv_rmssd_precond;pupil_full_pupil_mean_precond;pupil_full_pupil_asymmetry_precond;eda_pkrate_precond;eda_peakarea_precond;eeg_faa_precond"
2025-12-19 16:24:11.405345,39,"stress_label",10,4,0.0625,0.569767441860465,0.593023255813954,0.568992248062016,10,"top10","hr_med_precond;hr_sd_precond;eda_med_precond;eeg_fm_specent_precond;hrv_rmssd_precond;pupil_full_pupil_mean_precond;pupil_full_pupil_asymmetry_precond;eda_pkrate_precond;eda_peakarea_precond;eeg_faa_precond"
2025-12-19 16:24:11.471989,39,"stress_label",10,8,0.0625,0.616279069767442,0.651162790697674,0.611627906976744,10,"top10","hr_med_precond;hr_sd_precond;eda_med_precond;eeg_fm_specent_precond;hrv_rmssd_precond;pupil_full_pupil_mean_precond;pupil_full_pupil_asymmetry_precond;eda_pkrate_precond;eda_peakarea_precond;eeg_faa_precond"
2025-12-19 16:24:11.658768,39,"stress_label",10,16,0.0625,0.63953488372093,0.627906976744186,0.644961240310078,10,"top10","hr_med_precond;hr_sd_precond;eda_med_precond;eeg_fm_specent_precond;hrv_rmssd_precond;pupil_full_pupil_mean_precond;pupil_full_pupil_asymmetry_precond;eda_pkrate_precond;eda_peakarea_precond;eeg_faa_precond"
2025-12-19 16:24:12.668832,39,"stress_label",10,32,0.0625,0.633720930232558,0.633720930232558,NA,10,"top10","hr_med_precond;hr_sd_precond;eda_med_precond;eeg_fm_specent_precond;hrv_rmssd_precond;pupil_full_pupil_mean_precond;pupil_full_pupil_asymmetry_precond;eda_pkrate_precond;eda_peakarea_precond;eeg_faa_precond"
2025-12-19 16:24:12.771809,39,"stress_label",10,64,0.0625,0.598837209302326,0.604651162790698,0.586046511627907,10,"top10","hr_med_precond;hr_sd_precond;eda_med_precond;eeg_fm_specent_precond;hrv_rmssd_precond;pupil_full_pupil_mean_precond;pupil_full_pupil_asymmetry_precond;eda_pkrate_precond;eda_peakarea_precond;eeg_faa_precond"
2025-12-19 16:24:12.872174,39,"stress_label",10,128,0.0625,0.563953488372093,0.587209302325581,NA,10,"top10","hr_med_precond;hr_sd_precond;eda_med_precond;eeg_fm_specent_precond;hrv_rmssd_precond;pupil_full_pupil_mean_precond;pupil_full_pupil_asymmetry_precond;eda_pkrate_precond;eda_peakarea_precond;eeg_faa_precond"
2025-12-19 16:24:12.971046,39,"stress_label",10,256,0.0625,0.569767441860465,0.569767441860465,NA,10,"top10","hr_med_precond;hr_sd_precond;eda_med_precond;eeg_fm_specent_precond;hrv_rmssd_precond;pupil_full_pupil_mean_precond;pupil_full_pupil_asymmetry_precond;eda_pkrate_precond;eda_peakarea_precond;eeg_faa_precond"
2025-12-19 16:24:12.509498,39,"stress_label",10,2,0.125,0.587209302325581,0.616279069767442,0.588372093023256,10,"top10","hr_med_precond;hr_sd_precond;eda_med_precond;eeg_fm_specent_precond;hrv_rmssd_precond;pupil_full_pupil_mean_precond;pupil_full_pupil_asymmetry_precond;eda_pkrate_precond;eda_peakarea_precond;eeg_faa_precond"
2025-12-19 16:24:12.634623,39,"stress_label",10,4,0.125,0.63953488372093,0.622093023255814,0.645736434108527,10,"top10","hr_med_precond;hr_sd_precond;eda_med_precond;eeg_fm_specent_precond;hrv_rmssd_precond;pupil_full_pupil_mean_precond;pupil_full_pupil_asymmetry_precond;eda_pkrate_precond;eda_peakarea_precond;eeg_faa_precond"
2025-12-19 16:24:12.690959,39,"stress_label",10,8,0.125,0.622093023255814,0.61046511627907,0.62093023255814,10,"top10","hr_med_precond;hr_sd_precond;eda_med_precond;eeg_fm_specent_precond;hrv_rmssd_precond;pupil_full_pupil_mean_precond;pupil_full_pupil_asymmetry_precond;eda_pkrate_precond;eda_peakarea_precond;eeg_faa_precond"
2025-12-19 16:24:12.823671,39,"stress_label",10,16,0.125,0.587209302325581,0.604651162790698,NA,10,"top10","hr_med_precond;hr_sd_precond;eda_med_precond;eeg_fm_specent_precond;hrv_rmssd_precond;pupil_full_pupil_mean_precond;pupil_full_pupil_asymmetry_precond;eda_pkrate_precond;eda_peakarea_precond;eeg_faa_precond"
2025-12-19 16:24:12.896422,39,"stress_label",10,32,0.125,0.598837209302326,0.616279069767442,0.594573643410853,10,"top10","hr_med_precond;hr_sd_precond;eda_med_precond;eeg_fm_specent_precond;hrv_rmssd_precond;pupil_full_pupil_mean_precond;pupil_full_pupil_asymmetry_precond;eda_pkrate_precond;eda_peakarea_precond;eeg_faa_precond"
2025-12-19 16:24:12.929662,39,"stress_label",10,64,0.125,0.604651162790698,0.616279069767442,NA,10,"top10","hr_med_precond;hr_sd_precond;eda_med_precond;eeg_fm_specent_precond;hrv_rmssd_precond;pupil_full_pupil_mean_precond;pupil_full_pupil_asymmetry_precond;eda_pkrate_precond;eda_peakarea_precond;eeg_faa_precond"
2025-12-19 16:24:13.04938,39,"stress_label",10,128,0.125,0.604651162790698,0.616279069767442,NA,10,"top10","hr_med_precond;hr_sd_precond;eda_med_precond;eeg_fm_specent_precond;hrv_rmssd_precond;pupil_full_pupil_mean_precond;pupil_full_pupil_asymmetry_precond;eda_pkrate_precond;eda_peakarea_precond;eeg_faa_precond"
2025-12-19 16:24:13.151365,39,"stress_label",10,256,0.125,0.604651162790698,0.616279069767442,NA,10,"top10","hr_med_precond;hr_sd_precond;eda_med_precond;eeg_fm_specent_precond;hrv_rmssd_precond;pupil_full_pupil_mean_precond;pupil_full_pupil_asymmetry_precond;eda_pkrate_precond;eda_peakarea_precond;eeg_faa_precond"
2025-12-19 16:24:13.047832,39,"stress_label",10,2,0.03,0.558139534883721,0.575581395348837,0.56046511627907,10,"top10","hr_med_precond;hr_sd_precond;eda_med_precond;eeg_fm_specent_precond;hrv_rmssd_precond;pupil_full_pupil_mean_precond;pupil_full_pupil_asymmetry_precond;eda_pkrate_precond;eda_peakarea_precond;eeg_faa_precond"
2025-12-19 16:24:13.389815,39,"stress_label",10,4,0.03,0.558139534883721,0.569767441860465,0.557364341085271,10,"top10","hr_med_precond;hr_sd_precond;eda_med_precond;eeg_fm_specent_precond;hrv_rmssd_precond;pupil_full_pupil_mean_precond;pupil_full_pupil_asymmetry_precond;eda_pkrate_precond;eda_peakarea_precond;eeg_faa_precond"
2025-12-19 16:24:13.639944,39,"stress_label",10,8,0.03,0.563953488372093,0.575581395348837,0.553488372093023,10,"top10","hr_med_precond;hr_sd_precond;eda_med_precond;eeg_fm_specent_precond;hrv_rmssd_precond;pupil_full_pupil_mean_precond;pupil_full_pupil_asymmetry_precond;eda_pkrate_precond;eda_peakarea_precond;eeg_faa_precond"
2025-12-19 16:24:13.793947,39,"stress_label",10,16,0.03,0.587209302325581,0.587209302325581,0.582170542635659,10,"top10","hr_med_precond;hr_sd_precond;eda_med_precond;eeg_fm_specent_precond;hrv_rmssd_precond;pupil_full_pupil_mean_precond;pupil_full_pupil_asymmetry_precond;eda_pkrate_precond;eda_peakarea_precond;eeg_faa_precond"
2025-12-19 16:24:13.909802,39,"stress_label",10,32,0.03,0.593023255813954,0.656976744186046,NA,10,"top10","hr_med_precond;hr_sd_precond;eda_med_precond;eeg_fm_specent_precond;hrv_rmssd_precond;pupil_full_pupil_mean_precond;pupil_full_pupil_asymmetry_precond;eda_pkrate_precond;eda_peakarea_precond;eeg_faa_precond"
2025-12-19 16:24:14.068784,39,"stress_label",10,64,0.03,0.575581395348837,0.529069767441861,0.576744186046512,10,"top10","hr_med_precond;hr_sd_precond;eda_med_precond;eeg_fm_specent_precond;hrv_rmssd_precond;pupil_full_pupil_mean_precond;pupil_full_pupil_asymmetry_precond;eda_pkrate_precond;eda_peakarea_precond;eeg_faa_precond"
2025-12-19 16:24:14.432096,39,"stress_label",10,128,0.03,0.604651162790698,0.61046511627907,NA,10,"top10","hr_med_precond;hr_sd_precond;eda_med_precond;eeg_fm_specent_precond;hrv_rmssd_precond;pupil_full_pupil_mean_precond;pupil_full_pupil_asymmetry_precond;eda_pkrate_precond;eda_peakarea_precond;eeg_faa_precond"
2025-12-19 16:24:14.791758,39,"stress_label",10,256,0.03,0.616279069767442,0.569767441860465,NA,10,"top10","hr_med_precond;hr_sd_precond;eda_med_precond;eeg_fm_specent_precond;hrv_rmssd_precond;pupil_full_pupil_mean_precond;pupil_full_pupil_asymmetry_precond;eda_pkrate_precond;eda_peakarea_precond;eeg_faa_precond"
2025-12-19 16:24:13.983406,39,"stress_label",10,2,0.06,0.540697674418605,0.563953488372093,0.542635658914729,10,"top10","hr_med_precond;hr_sd_precond;eda_med_precond;eeg_fm_specent_precond;hrv_rmssd_precond;pupil_full_pupil_mean_precond;pupil_full_pupil_asymmetry_precond;eda_pkrate_precond;eda_peakarea_precond;eeg_faa_precond"
2025-12-19 16:24:14.026307,39,"stress_label",10,4,0.06,0.569767441860465,0.581395348837209,0.565891472868217,10,"top10","hr_med_precond;hr_sd_precond;eda_med_precond;eeg_fm_specent_precond;hrv_rmssd_precond;pupil_full_pupil_mean_precond;pupil_full_pupil_asymmetry_precond;eda_pkrate_precond;eda_peakarea_precond;eeg_faa_precond"
2025-12-19 16:24:14.107096,39,"stress_label",10,8,0.06,0.598837209302326,0.645348837209302,0.591472868217054,10,"top10","hr_med_precond;hr_sd_precond;eda_med_precond;eeg_fm_specent_precond;hrv_rmssd_precond;pupil_full_pupil_mean_precond;pupil_full_pupil_asymmetry_precond;eda_pkrate_precond;eda_peakarea_precond;eeg_faa_precond"
2025-12-19 16:24:14.229972,39,"stress_label",10,16,0.06,0.61046511627907,0.627906976744186,0.622480620155039,10,"top10","hr_med_precond;hr_sd_precond;eda_med_precond;eeg_fm_specent_precond;hrv_rmssd_precond;pupil_full_pupil_mean_precond;pupil_full_pupil_asymmetry_precond;eda_pkrate_precond;eda_peakarea_precond;eeg_faa_precond"
2025-12-19 16:24:14.427382,39,"stress_label",10,32,0.06,0.633720930232558,0.645348837209302,NA,10,"top10","hr_med_precond;hr_sd_precond;eda_med_precond;eeg_fm_specent_precond;hrv_rmssd_precond;pupil_full_pupil_mean_precond;pupil_full_pupil_asymmetry_precond;eda_pkrate_precond;eda_peakarea_precond;eeg_faa_precond"
2025-12-19 16:24:14.516634,39,"stress_label",10,64,0.06,0.587209302325581,0.61046511627907,0.572093023255814,10,"top10","hr_med_precond;hr_sd_precond;eda_med_precond;eeg_fm_specent_precond;hrv_rmssd_precond;pupil_full_pupil_mean_precond;pupil_full_pupil_asymmetry_precond;eda_pkrate_precond;eda_peakarea_precond;eeg_faa_precond"
2025-12-19 16:24:14.697067,39,"stress_label",10,128,0.06,0.563953488372093,0.558139534883721,NA,10,"top10","hr_med_precond;hr_sd_precond;eda_med_precond;eeg_fm_specent_precond;hrv_rmssd_precond;pupil_full_pupil_mean_precond;pupil_full_pupil_asymmetry_precond;eda_pkrate_precond;eda_peakarea_precond;eeg_faa_precond"
2025-12-19 16:24:14.90498,39,"stress_label",10,256,0.06,0.563953488372093,0.569767441860465,NA,10,"top10","hr_med_precond;hr_sd_precond;eda_med_precond;eeg_fm_specent_precond;hrv_rmssd_precond;pupil_full_pupil_mean_precond;pupil_full_pupil_asymmetry_precond;eda_pkrate_precond;eda_peakarea_precond;eeg_faa_precond"
2025-12-19 16:24:14.731151,39,"stress_label",10,2,0.1,0.575581395348837,0.61046511627907,0.586821705426357,10,"top10","hr_med_precond;hr_sd_precond;eda_med_precond;eeg_fm_specent_precond;hrv_rmssd_precond;pupil_full_pupil_mean_precond;pupil_full_pupil_asymmetry_precond;eda_pkrate_precond;eda_peakarea_precond;eeg_faa_precond"
2025-12-19 16:24:14.874971,39,"stress_label",10,4,0.1,0.627906976744186,0.651162790697674,0.622480620155039,10,"top10","hr_med_precond;hr_sd_precond;eda_med_precond;eeg_fm_specent_precond;hrv_rmssd_precond;pupil_full_pupil_mean_precond;pupil_full_pupil_asymmetry_precond;eda_pkrate_precond;eda_peakarea_precond;eeg_faa_precond"
2025-12-19 16:24:14.99811,39,"stress_label",10,8,0.1,0.63953488372093,0.627906976744186,0.641085271317829,10,"top10","hr_med_precond;hr_sd_precond;eda_med_precond;eeg_fm_specent_precond;hrv_rmssd_precond;pupil_full_pupil_mean_precond;pupil_full_pupil_asymmetry_precond;eda_pkrate_precond;eda_peakarea_precond;eeg_faa_precond"
2025-12-19 16:24:15.079643,39,"stress_label",10,16,0.1,0.604651162790698,0.616279069767442,0.598449612403101,10,"top10","hr_med_precond;hr_sd_precond;eda_med_precond;eeg_fm_specent_precond;hrv_rmssd_precond;pupil_full_pupil_mean_precond;pupil_full_pupil_asymmetry_precond;eda_pkrate_precond;eda_peakarea_precond;eeg_faa_precond"
2025-12-19 16:24:15.156504,39,"stress_label",10,32,0.1,0.575581395348837,0.598837209302326,NA,10,"top10","hr_med_precond;hr_sd_precond;eda_med_precond;eeg_fm_specent_precond;hrv_rmssd_precond;pupil_full_pupil_mean_precond;pupil_full_pupil_asymmetry_precond;eda_pkrate_precond;eda_peakarea_precond;eeg_faa_precond"
2025-12-19 16:24:15.204058,39,"stress_label",10,64,0.1,0.587209302325581,0.604651162790698,0.582170542635659,10,"top10","hr_med_precond;hr_sd_precond;eda_med_precond;eeg_fm_specent_precond;hrv_rmssd_precond;pupil_full_pupil_mean_precond;pupil_full_pupil_asymmetry_precond;eda_pkrate_precond;eda_peakarea_precond;eeg_faa_precond"
2025-12-19 16:24:15.247034,39,"stress_label",10,128,0.1,0.593023255813954,0.627906976744186,0.585271317829457,10,"top10","hr_med_precond;hr_sd_precond;eda_med_precond;eeg_fm_specent_precond;hrv_rmssd_precond;pupil_full_pupil_mean_precond;pupil_full_pupil_asymmetry_precond;eda_pkrate_precond;eda_peakarea_precond;eeg_faa_precond"
2025-12-19 16:24:15.319358,39,"stress_label",10,256,0.1,0.593023255813954,0.616279069767442,0.585271317829457,10,"top10","hr_med_precond;hr_sd_precond;eda_med_precond;eeg_fm_specent_precond;hrv_rmssd_precond;pupil_full_pupil_mean_precond;pupil_full_pupil_asymmetry_precond;eda_pkrate_precond;eda_peakarea_precond;eeg_faa_precond"
2025-12-19 16:24:16.711641,40,"stress_label",10,2,0.0078125,0.569767441860465,0.534883720930233,0.57984496124031,10,"top10","hr_sd_precond;eda_med_precond;hr_med_precond;eeg_fm_specent_precond;hrv_rmssd_precond;pupil_full_pupil_asymmetry_precond;eeg_faa_precond;eda_pkrate_precond;eeg_fl_theta_power_precond;pupil_full_pupil_sd_precond"
2025-12-19 16:24:16.672901,40,"stress_label",10,4,0.0078125,0.587209302325581,0.581395348837209,0.589147286821705,10,"top10","hr_sd_precond;eda_med_precond;hr_med_precond;eeg_fm_specent_precond;hrv_rmssd_precond;pupil_full_pupil_asymmetry_precond;eeg_faa_precond;eda_pkrate_precond;eeg_fl_theta_power_precond;pupil_full_pupil_sd_precond"
2025-12-19 16:24:16.685356,40,"stress_label",10,8,0.0078125,0.593023255813954,0.61046511627907,0.592248062015504,10,"top10","hr_sd_precond;eda_med_precond;hr_med_precond;eeg_fm_specent_precond;hrv_rmssd_precond;pupil_full_pupil_asymmetry_precond;eeg_faa_precond;eda_pkrate_precond;eeg_fl_theta_power_precond;pupil_full_pupil_sd_precond"
2025-12-19 16:24:16.647584,40,"stress_label",10,16,0.0078125,0.587209302325581,0.604651162790698,0.593023255813954,10,"top10","hr_sd_precond;eda_med_precond;hr_med_precond;eeg_fm_specent_precond;hrv_rmssd_precond;pupil_full_pupil_asymmetry_precond;eeg_faa_precond;eda_pkrate_precond;eeg_fl_theta_power_precond;pupil_full_pupil_sd_precond"
2025-12-19 16:24:16.627777,40,"stress_label",10,32,0.0078125,0.575581395348837,0.616279069767442,0.584496124031008,10,"top10","hr_sd_precond;eda_med_precond;hr_med_precond;eeg_fm_specent_precond;hrv_rmssd_precond;pupil_full_pupil_asymmetry_precond;eeg_faa_precond;eda_pkrate_precond;eeg_fl_theta_power_precond;pupil_full_pupil_sd_precond"
2025-12-19 16:24:16.701881,40,"stress_label",10,64,0.0078125,0.563953488372093,0.569767441860465,0.574418604651163,10,"top10","hr_sd_precond;eda_med_precond;hr_med_precond;eeg_fm_specent_precond;hrv_rmssd_precond;pupil_full_pupil_asymmetry_precond;eeg_faa_precond;eda_pkrate_precond;eeg_fl_theta_power_precond;pupil_full_pupil_sd_precond"
2025-12-19 16:24:16.798696,40,"stress_label",10,128,0.0078125,0.552325581395349,0.581395348837209,0.555038759689922,10,"top10","hr_sd_precond;eda_med_precond;hr_med_precond;eeg_fm_specent_precond;hrv_rmssd_precond;pupil_full_pupil_asymmetry_precond;eeg_faa_precond;eda_pkrate_precond;eeg_fl_theta_power_precond;pupil_full_pupil_sd_precond"
2025-12-19 16:24:16.995587,40,"stress_label",10,256,0.0078125,0.575581395348837,0.563953488372093,0.578294573643411,10,"top10","hr_sd_precond;eda_med_precond;hr_med_precond;eeg_fm_specent_precond;hrv_rmssd_precond;pupil_full_pupil_asymmetry_precond;eeg_faa_precond;eda_pkrate_precond;eeg_fl_theta_power_precond;pupil_full_pupil_sd_precond"
2025-12-19 16:24:16.704354,40,"stress_label",10,2,0.015625,0.575581395348837,0.61046511627907,0.572093023255814,10,"top10","hr_sd_precond;eda_med_precond;hr_med_precond;eeg_fm_specent_precond;hrv_rmssd_precond;pupil_full_pupil_asymmetry_precond;eeg_faa_precond;eda_pkrate_precond;eeg_fl_theta_power_precond;pupil_full_pupil_sd_precond"
2025-12-19 16:24:16.674155,40,"stress_label",10,4,0.015625,0.575581395348837,0.598837209302326,0.576744186046512,10,"top10","hr_sd_precond;eda_med_precond;hr_med_precond;eeg_fm_specent_precond;hrv_rmssd_precond;pupil_full_pupil_asymmetry_precond;eeg_faa_precond;eda_pkrate_precond;eeg_fl_theta_power_precond;pupil_full_pupil_sd_precond"
2025-12-19 16:24:16.681613,40,"stress_label",10,8,0.015625,0.575581395348837,0.604651162790698,0.58062015503876,10,"top10","hr_sd_precond;eda_med_precond;hr_med_precond;eeg_fm_specent_precond;hrv_rmssd_precond;pupil_full_pupil_asymmetry_precond;eeg_faa_precond;eda_pkrate_precond;eeg_fl_theta_power_precond;pupil_full_pupil_sd_precond"
2025-12-19 16:24:16.683849,40,"stress_label",10,16,0.015625,0.581395348837209,0.581395348837209,0.587596899224806,10,"top10","hr_sd_precond;eda_med_precond;hr_med_precond;eeg_fm_specent_precond;hrv_rmssd_precond;pupil_full_pupil_asymmetry_precond;eeg_faa_precond;eda_pkrate_precond;eeg_fl_theta_power_precond;pupil_full_pupil_sd_precond"
2025-12-19 16:24:16.694576,40,"stress_label",10,32,0.015625,0.546511627906977,0.581395348837209,0.547286821705426,10,"top10","hr_sd_precond;eda_med_precond;hr_med_precond;eeg_fm_specent_precond;hrv_rmssd_precond;pupil_full_pupil_asymmetry_precond;eeg_faa_precond;eda_pkrate_precond;eeg_fl_theta_power_precond;pupil_full_pupil_sd_precond"
2025-12-19 16:24:16.803332,40,"stress_label",10,64,0.015625,0.569767441860465,0.581395348837209,0.572093023255814,10,"top10","hr_sd_precond;eda_med_precond;hr_med_precond;eeg_fm_specent_precond;hrv_rmssd_precond;pupil_full_pupil_asymmetry_precond;eeg_faa_precond;eda_pkrate_precond;eeg_fl_theta_power_precond;pupil_full_pupil_sd_precond"
2025-12-19 16:24:18.078083,40,"stress_label",10,128,0.015625,0.569767441860465,0.459302325581395,0.55968992248062,10,"top10","hr_sd_precond;eda_med_precond;hr_med_precond;eeg_fm_specent_precond;hrv_rmssd_precond;pupil_full_pupil_asymmetry_precond;eeg_faa_precond;eda_pkrate_precond;eeg_fl_theta_power_precond;pupil_full_pupil_sd_precond"
2025-12-19 16:24:18.482238,40,"stress_label",10,256,0.015625,0.540697674418605,0.47093023255814,NA,10,"top10","hr_sd_precond;eda_med_precond;hr_med_precond;eeg_fm_specent_precond;hrv_rmssd_precond;pupil_full_pupil_asymmetry_precond;eeg_faa_precond;eda_pkrate_precond;eeg_fl_theta_power_precond;pupil_full_pupil_sd_precond"
2025-12-19 16:24:17.827175,40,"stress_label",10,2,0.03125,0.575581395348837,0.581395348837209,0.577519379844961,10,"top10","hr_sd_precond;eda_med_precond;hr_med_precond;eeg_fm_specent_precond;hrv_rmssd_precond;pupil_full_pupil_asymmetry_precond;eeg_faa_precond;eda_pkrate_precond;eeg_fl_theta_power_precond;pupil_full_pupil_sd_precond"
2025-12-19 16:24:17.823033,40,"stress_label",10,4,0.03125,0.575581395348837,0.587209302325581,0.587596899224806,10,"top10","hr_sd_precond;eda_med_precond;hr_med_precond;eeg_fm_specent_precond;hrv_rmssd_precond;pupil_full_pupil_asymmetry_precond;eeg_faa_precond;eda_pkrate_precond;eeg_fl_theta_power_precond;pupil_full_pupil_sd_precond"
2025-12-19 16:24:17.842521,40,"stress_label",10,8,0.03125,0.546511627906977,0.552325581395349,0.558139534883721,10,"top10","hr_sd_precond;eda_med_precond;hr_med_precond;eeg_fm_specent_precond;hrv_rmssd_precond;pupil_full_pupil_asymmetry_precond;eeg_faa_precond;eda_pkrate_precond;eeg_fl_theta_power_precond;pupil_full_pupil_sd_precond"
2025-12-19 16:24:17.875924,40,"stress_label",10,16,0.03125,0.558139534883721,0.558139534883721,0.557364341085271,10,"top10","hr_sd_precond;eda_med_precond;hr_med_precond;eeg_fm_specent_precond;hrv_rmssd_precond;pupil_full_pupil_asymmetry_precond;eeg_faa_precond;eda_pkrate_precond;eeg_fl_theta_power_precond;pupil_full_pupil_sd_precond"
2025-12-19 16:24:17.931022,40,"stress_label",10,32,0.03125,0.569767441860465,0.459302325581395,NA,10,"top10","hr_sd_precond;eda_med_precond;hr_med_precond;eeg_fm_specent_precond;hrv_rmssd_precond;pupil_full_pupil_asymmetry_precond;eeg_faa_precond;eda_pkrate_precond;eeg_fl_theta_power_precond;pupil_full_pupil_sd_precond"
2025-12-19 16:24:18.083814,40,"stress_label",10,64,0.03125,0.546511627906977,0.517441860465116,0.558914728682171,10,"top10","hr_sd_precond;eda_med_precond;hr_med_precond;eeg_fm_specent_precond;hrv_rmssd_precond;pupil_full_pupil_asymmetry_precond;eeg_faa_precond;eda_pkrate_precond;eeg_fl_theta_power_precond;pupil_full_pupil_sd_precond"
2025-12-19 16:24:18.420829,40,"stress_label",10,128,0.03125,0.529069767441861,0.552325581395349,0.537209302325581,10,"top10","hr_sd_precond;eda_med_precond;hr_med_precond;eeg_fm_specent_precond;hrv_rmssd_precond;pupil_full_pupil_asymmetry_precond;eeg_faa_precond;eda_pkrate_precond;eeg_fl_theta_power_precond;pupil_full_pupil_sd_precond"
2025-12-19 16:24:18.766064,40,"stress_label",10,256,0.03125,0.563953488372093,0.505813953488372,NA,10,"top10","hr_sd_precond;eda_med_precond;hr_med_precond;eeg_fm_specent_precond;hrv_rmssd_precond;pupil_full_pupil_asymmetry_precond;eeg_faa_precond;eda_pkrate_precond;eeg_fl_theta_power_precond;pupil_full_pupil_sd_precond"
2025-12-19 16:24:17.845889,40,"stress_label",10,2,0.0625,0.558139534883721,0.558139534883721,NA,10,"top10","hr_sd_precond;eda_med_precond;hr_med_precond;eeg_fm_specent_precond;hrv_rmssd_precond;pupil_full_pupil_asymmetry_precond;eeg_faa_precond;eda_pkrate_precond;eeg_fl_theta_power_precond;pupil_full_pupil_sd_precond"
2025-12-19 16:24:17.924503,40,"stress_label",10,4,0.0625,0.575581395348837,0.575581395348837,0.582945736434109,10,"top10","hr_sd_precond;eda_med_precond;hr_med_precond;eeg_fm_specent_precond;hrv_rmssd_precond;pupil_full_pupil_asymmetry_precond;eeg_faa_precond;eda_pkrate_precond;eeg_fl_theta_power_precond;pupil_full_pupil_sd_precond"
2025-12-19 16:24:17.997882,40,"stress_label",10,8,0.0625,0.546511627906977,0.476744186046512,NA,10,"top10","hr_sd_precond;eda_med_precond;hr_med_precond;eeg_fm_specent_precond;hrv_rmssd_precond;pupil_full_pupil_asymmetry_precond;eeg_faa_precond;eda_pkrate_precond;eeg_fl_theta_power_precond;pupil_full_pupil_sd_precond"
2025-12-19 16:24:18.269552,40,"stress_label",10,16,0.0625,0.529069767441861,0.430232558139535,NA,10,"top10","hr_sd_precond;eda_med_precond;hr_med_precond;eeg_fm_specent_precond;hrv_rmssd_precond;pupil_full_pupil_asymmetry_precond;eeg_faa_precond;eda_pkrate_precond;eeg_fl_theta_power_precond;pupil_full_pupil_sd_precond"
2025-12-19 16:24:19.234082,40,"stress_label",10,32,0.0625,0.563953488372093,0.436046511627907,0.565891472868217,10,"top10","hr_sd_precond;eda_med_precond;hr_med_precond;eeg_fm_specent_precond;hrv_rmssd_precond;pupil_full_pupil_asymmetry_precond;eeg_faa_precond;eda_pkrate_precond;eeg_fl_theta_power_precond;pupil_full_pupil_sd_precond"
2025-12-19 16:24:19.38281,40,"stress_label",10,64,0.0625,0.581395348837209,0.436046511627907,NA,10,"top10","hr_sd_precond;eda_med_precond;hr_med_precond;eeg_fm_specent_precond;hrv_rmssd_precond;pupil_full_pupil_asymmetry_precond;eeg_faa_precond;eda_pkrate_precond;eeg_fl_theta_power_precond;pupil_full_pupil_sd_precond"
2025-12-19 16:24:19.427121,40,"stress_label",10,128,0.0625,0.511627906976744,0.441860465116279,NA,10,"top10","hr_sd_precond;eda_med_precond;hr_med_precond;eeg_fm_specent_precond;hrv_rmssd_precond;pupil_full_pupil_asymmetry_precond;eeg_faa_precond;eda_pkrate_precond;eeg_fl_theta_power_precond;pupil_full_pupil_sd_precond"
2025-12-19 16:24:19.547121,40,"stress_label",10,256,0.0625,0.511627906976744,0.430232558139535,NA,10,"top10","hr_sd_precond;eda_med_precond;hr_med_precond;eeg_fm_specent_precond;hrv_rmssd_precond;pupil_full_pupil_asymmetry_precond;eeg_faa_precond;eda_pkrate_precond;eeg_fl_theta_power_precond;pupil_full_pupil_sd_precond"
2025-12-19 16:24:19.057583,40,"stress_label",10,2,0.125,0.529069767441861,0.430232558139535,NA,10,"top10","hr_sd_precond;eda_med_precond;hr_med_precond;eeg_fm_specent_precond;hrv_rmssd_precond;pupil_full_pupil_asymmetry_precond;eeg_faa_precond;eda_pkrate_precond;eeg_fl_theta_power_precond;pupil_full_pupil_sd_precond"
2025-12-19 16:24:19.159082,40,"stress_label",10,4,0.125,0.523255813953488,0.453488372093023,NA,10,"top10","hr_sd_precond;eda_med_precond;hr_med_precond;eeg_fm_specent_precond;hrv_rmssd_precond;pupil_full_pupil_asymmetry_precond;eeg_faa_precond;eda_pkrate_precond;eeg_fl_theta_power_precond;pupil_full_pupil_sd_precond"
2025-12-19 16:24:19.238019,40,"stress_label",10,8,0.125,0.534883720930233,0.418604651162791,NA,10,"top10","hr_sd_precond;eda_med_precond;hr_med_precond;eeg_fm_specent_precond;hrv_rmssd_precond;pupil_full_pupil_asymmetry_precond;eeg_faa_precond;eda_pkrate_precond;eeg_fl_theta_power_precond;pupil_full_pupil_sd_precond"
2025-12-19 16:24:19.3237,40,"stress_label",10,16,0.125,0.540697674418605,0.465116279069767,NA,10,"top10","hr_sd_precond;eda_med_precond;hr_med_precond;eeg_fm_specent_precond;hrv_rmssd_precond;pupil_full_pupil_asymmetry_precond;eeg_faa_precond;eda_pkrate_precond;eeg_fl_theta_power_precond;pupil_full_pupil_sd_precond"
2025-12-19 16:24:19.494528,40,"stress_label",10,32,0.125,0.523255813953488,0.5,NA,10,"top10","hr_sd_precond;eda_med_precond;hr_med_precond;eeg_fm_specent_precond;hrv_rmssd_precond;pupil_full_pupil_asymmetry_precond;eeg_faa_precond;eda_pkrate_precond;eeg_fl_theta_power_precond;pupil_full_pupil_sd_precond"
2025-12-19 16:24:19.474991,40,"stress_label",10,64,0.125,0.523255813953488,0.424418604651163,NA,10,"top10","hr_sd_precond;eda_med_precond;hr_med_precond;eeg_fm_specent_precond;hrv_rmssd_precond;pupil_full_pupil_asymmetry_precond;eeg_faa_precond;eda_pkrate_precond;eeg_fl_theta_power_precond;pupil_full_pupil_sd_precond"
2025-12-19 16:24:19.654691,40,"stress_label",10,128,0.125,0.523255813953488,0.424418604651163,NA,10,"top10","hr_sd_precond;eda_med_precond;hr_med_precond;eeg_fm_specent_precond;hrv_rmssd_precond;pupil_full_pupil_asymmetry_precond;eeg_faa_precond;eda_pkrate_precond;eeg_fl_theta_power_precond;pupil_full_pupil_sd_precond"
2025-12-19 16:24:19.78986,40,"stress_label",10,256,0.125,0.523255813953488,0.424418604651163,NA,10,"top10","hr_sd_precond;eda_med_precond;hr_med_precond;eeg_fm_specent_precond;hrv_rmssd_precond;pupil_full_pupil_asymmetry_precond;eeg_faa_precond;eda_pkrate_precond;eeg_fl_theta_power_precond;pupil_full_pupil_sd_precond"
2025-12-19 16:24:19.590028,40,"stress_label",10,2,0.03,0.575581395348837,0.593023255813954,0.577519379844961,10,"top10","hr_sd_precond;eda_med_precond;hr_med_precond;eeg_fm_specent_precond;hrv_rmssd_precond;pupil_full_pupil_asymmetry_precond;eeg_faa_precond;eda_pkrate_precond;eeg_fl_theta_power_precond;pupil_full_pupil_sd_precond"
2025-12-19 16:24:19.88132,40,"stress_label",10,4,0.03,0.575581395348837,0.593023255813954,0.587596899224806,10,"top10","hr_sd_precond;eda_med_precond;hr_med_precond;eeg_fm_specent_precond;hrv_rmssd_precond;pupil_full_pupil_asymmetry_precond;eeg_faa_precond;eda_pkrate_precond;eeg_fl_theta_power_precond;pupil_full_pupil_sd_precond"
2025-12-19 16:24:20.209474,40,"stress_label",10,8,0.03,0.540697674418605,0.540697674418605,NA,10,"top10","hr_sd_precond;eda_med_precond;hr_med_precond;eeg_fm_specent_precond;hrv_rmssd_precond;pupil_full_pupil_asymmetry_precond;eeg_faa_precond;eda_pkrate_precond;eeg_fl_theta_power_precond;pupil_full_pupil_sd_precond"
2025-12-19 16:24:20.357393,40,"stress_label",10,16,0.03,0.546511627906977,0.575581395348837,0.548837209302326,10,"top10","hr_sd_precond;eda_med_precond;hr_med_precond;eeg_fm_specent_precond;hrv_rmssd_precond;pupil_full_pupil_asymmetry_precond;eeg_faa_precond;eda_pkrate_precond;eeg_fl_theta_power_precond;pupil_full_pupil_sd_precond"
2025-12-19 16:24:20.485162,40,"stress_label",10,32,0.03,0.569767441860465,0.494186046511628,NA,10,"top10","hr_sd_precond;eda_med_precond;hr_med_precond;eeg_fm_specent_precond;hrv_rmssd_precond;pupil_full_pupil_asymmetry_precond;eeg_faa_precond;eda_pkrate_precond;eeg_fl_theta_power_precond;pupil_full_pupil_sd_precond"
2025-12-19 16:24:20.640415,40,"stress_label",10,64,0.03,0.534883720930233,0.569767441860465,0.546511627906977,10,"top10","hr_sd_precond;eda_med_precond;hr_med_precond;eeg_fm_specent_precond;hrv_rmssd_precond;pupil_full_pupil_asymmetry_precond;eeg_faa_precond;eda_pkrate_precond;eeg_fl_theta_power_precond;pupil_full_pupil_sd_precond"
2025-12-19 16:24:21.027532,40,"stress_label",10,128,0.03,0.534883720930233,0.447674418604651,NA,10,"top10","hr_sd_precond;eda_med_precond;hr_med_precond;eeg_fm_specent_precond;hrv_rmssd_precond;pupil_full_pupil_asymmetry_precond;eeg_faa_precond;eda_pkrate_precond;eeg_fl_theta_power_precond;pupil_full_pupil_sd_precond"
2025-12-19 16:24:21.370738,40,"stress_label",10,256,0.03,0.558139534883721,0.459302325581395,NA,10,"top10","hr_sd_precond;eda_med_precond;hr_med_precond;eeg_fm_specent_precond;hrv_rmssd_precond;pupil_full_pupil_asymmetry_precond;eeg_faa_precond;eda_pkrate_precond;eeg_fl_theta_power_precond;pupil_full_pupil_sd_precond"
2025-12-19 16:24:20.578788,40,"stress_label",10,2,0.06,0.563953488372093,0.558139534883721,NA,10,"top10","hr_sd_precond;eda_med_precond;hr_med_precond;eeg_fm_specent_precond;hrv_rmssd_precond;pupil_full_pupil_asymmetry_precond;eeg_faa_precond;eda_pkrate_precond;eeg_fl_theta_power_precond;pupil_full_pupil_sd_precond"
2025-12-19 16:24:20.617046,40,"stress_label",10,4,0.06,0.575581395348837,0.540697674418605,0.582945736434109,10,"top10","hr_sd_precond;eda_med_precond;hr_med_precond;eeg_fm_specent_precond;hrv_rmssd_precond;pupil_full_pupil_asymmetry_precond;eeg_faa_precond;eda_pkrate_precond;eeg_fl_theta_power_precond;pupil_full_pupil_sd_precond"
2025-12-19 16:24:20.712023,40,"stress_label",10,8,0.06,0.552325581395349,0.494186046511628,NA,10,"top10","hr_sd_precond;eda_med_precond;hr_med_precond;eeg_fm_specent_precond;hrv_rmssd_precond;pupil_full_pupil_asymmetry_precond;eeg_faa_precond;eda_pkrate_precond;eeg_fl_theta_power_precond;pupil_full_pupil_sd_precond"
2025-12-19 16:24:20.821062,40,"stress_label",10,16,0.06,0.540697674418605,0.424418604651163,NA,10,"top10","hr_sd_precond;eda_med_precond;hr_med_precond;eeg_fm_specent_precond;hrv_rmssd_precond;pupil_full_pupil_asymmetry_precond;eeg_faa_precond;eda_pkrate_precond;eeg_fl_theta_power_precond;pupil_full_pupil_sd_precond"
2025-12-19 16:24:20.970417,40,"stress_label",10,32,0.06,0.546511627906977,0.494186046511628,NA,10,"top10","hr_sd_precond;eda_med_precond;hr_med_precond;eeg_fm_specent_precond;hrv_rmssd_precond;pupil_full_pupil_asymmetry_precond;eeg_faa_precond;eda_pkrate_precond;eeg_fl_theta_power_precond;pupil_full_pupil_sd_precond"
2025-12-19 16:24:21.189156,40,"stress_label",10,64,0.06,0.575581395348837,0.482558139534884,NA,10,"top10","hr_sd_precond;eda_med_precond;hr_med_precond;eeg_fm_specent_precond;hrv_rmssd_precond;pupil_full_pupil_asymmetry_precond;eeg_faa_precond;eda_pkrate_precond;eeg_fl_theta_power_precond;pupil_full_pupil_sd_precond"
2025-12-19 16:24:21.361602,40,"stress_label",10,128,0.06,0.517441860465116,0.401162790697674,NA,10,"top10","hr_sd_precond;eda_med_precond;hr_med_precond;eeg_fm_specent_precond;hrv_rmssd_precond;pupil_full_pupil_asymmetry_precond;eeg_faa_precond;eda_pkrate_precond;eeg_fl_theta_power_precond;pupil_full_pupil_sd_precond"
2025-12-19 16:24:21.528748,40,"stress_label",10,256,0.06,0.511627906976744,0.465116279069767,NA,10,"top10","hr_sd_precond;eda_med_precond;hr_med_precond;eeg_fm_specent_precond;hrv_rmssd_precond;pupil_full_pupil_asymmetry_precond;eeg_faa_precond;eda_pkrate_precond;eeg_fl_theta_power_precond;pupil_full_pupil_sd_precond"
2025-12-19 16:24:21.285721,40,"stress_label",10,2,0.1,0.558139534883721,0.581395348837209,0.570542635658915,10,"top10","hr_sd_precond;eda_med_precond;hr_med_precond;eeg_fm_specent_precond;hrv_rmssd_precond;pupil_full_pupil_asymmetry_precond;eeg_faa_precond;eda_pkrate_precond;eeg_fl_theta_power_precond;pupil_full_pupil_sd_precond"
2025-12-19 16:24:21.466284,40,"stress_label",10,4,0.1,0.523255813953488,0.459302325581395,NA,10,"top10","hr_sd_precond;eda_med_precond;hr_med_precond;eeg_fm_specent_precond;hrv_rmssd_precond;pupil_full_pupil_asymmetry_precond;eeg_faa_precond;eda_pkrate_precond;eeg_fl_theta_power_precond;pupil_full_pupil_sd_precond"
2025-12-19 16:24:21.624044,40,"stress_label",10,8,0.1,0.529069767441861,0.476744186046512,NA,10,"top10","hr_sd_precond;eda_med_precond;hr_med_precond;eeg_fm_specent_precond;hrv_rmssd_precond;pupil_full_pupil_asymmetry_precond;eeg_faa_precond;eda_pkrate_precond;eeg_fl_theta_power_precond;pupil_full_pupil_sd_precond"
2025-12-19 16:24:21.677603,40,"stress_label",10,16,0.1,0.563953488372093,0.465116279069767,0.572868217054264,10,"top10","hr_sd_precond;eda_med_precond;hr_med_precond;eeg_fm_specent_precond;hrv_rmssd_precond;pupil_full_pupil_asymmetry_precond;eeg_faa_precond;eda_pkrate_precond;eeg_fl_theta_power_precond;pupil_full_pupil_sd_precond"
2025-12-19 16:24:21.745853,40,"stress_label",10,32,0.1,0.552325581395349,0.424418604651163,0.535658914728682,10,"top10","hr_sd_precond;eda_med_precond;hr_med_precond;eeg_fm_specent_precond;hrv_rmssd_precond;pupil_full_pupil_asymmetry_precond;eeg_faa_precond;eda_pkrate_precond;eeg_fl_theta_power_precond;pupil_full_pupil_sd_precond"
2025-12-19 16:24:21.802314,40,"stress_label",10,64,0.1,0.529069767441861,0.418604651162791,0.506976744186047,10,"top10","hr_sd_precond;eda_med_precond;hr_med_precond;eeg_fm_specent_precond;hrv_rmssd_precond;pupil_full_pupil_asymmetry_precond;eeg_faa_precond;eda_pkrate_precond;eeg_fl_theta_power_precond;pupil_full_pupil_sd_precond"
2025-12-19 16:24:21.852868,40,"stress_label",10,128,0.1,0.529069767441861,0.36046511627907,0.506976744186047,10,"top10","hr_sd_precond;eda_med_precond;hr_med_precond;eeg_fm_specent_precond;hrv_rmssd_precond;pupil_full_pupil_asymmetry_precond;eeg_faa_precond;eda_pkrate_precond;eeg_fl_theta_power_precond;pupil_full_pupil_sd_precond"
2025-12-19 16:24:21.931616,40,"stress_label",10,256,0.1,0.529069767441861,0.36046511627907,0.506976744186047,10,"top10","hr_sd_precond;eda_med_precond;hr_med_precond;eeg_fm_specent_precond;hrv_rmssd_precond;pupil_full_pupil_asymmetry_precond;eeg_faa_precond;eda_pkrate_precond;eeg_fl_theta_power_precond;pupil_full_pupil_sd_precond"
2025-12-19 16:24:23.254913,41,"stress_label",10,2,0.0078125,0.534883720930233,0.552325581395349,0.48062015503876,10,"top10","hr_med_precond;hr_sd_precond;eda_med_precond;hrv_rmssd_precond;eeg_fm_specent_precond;pupil_full_pupil_asymmetry_precond;eda_pkrate_precond;eeg_faa_precond;eeg_fl_theta_power_precond;eda_peakarea_precond"
2025-12-19 16:24:23.296239,41,"stress_label",10,4,0.0078125,0.558139534883721,0.563953488372093,0.543410852713178,10,"top10","hr_med_precond;hr_sd_precond;eda_med_precond;hrv_rmssd_precond;eeg_fm_specent_precond;pupil_full_pupil_asymmetry_precond;eda_pkrate_precond;eeg_faa_precond;eeg_fl_theta_power_precond;eda_peakarea_precond"
2025-12-19 16:24:23.318157,41,"stress_label",10,8,0.0078125,0.598837209302326,0.587209302325581,0.605426356589147,10,"top10","hr_med_precond;hr_sd_precond;eda_med_precond;hrv_rmssd_precond;eeg_fm_specent_precond;pupil_full_pupil_asymmetry_precond;eda_pkrate_precond;eeg_faa_precond;eeg_fl_theta_power_precond;eda_peakarea_precond"
2025-12-19 16:24:23.300883,41,"stress_label",10,16,0.0078125,0.604651162790698,0.563953488372093,0.603875968992248,10,"top10","hr_med_precond;hr_sd_precond;eda_med_precond;hrv_rmssd_precond;eeg_fm_specent_precond;pupil_full_pupil_asymmetry_precond;eda_pkrate_precond;eeg_faa_precond;eeg_fl_theta_power_precond;eda_peakarea_precond"
2025-12-19 16:24:23.333305,41,"stress_label",10,32,0.0078125,0.569767441860465,0.546511627906977,0.556589147286822,10,"top10","hr_med_precond;hr_sd_precond;eda_med_precond;hrv_rmssd_precond;eeg_fm_specent_precond;pupil_full_pupil_asymmetry_precond;eda_pkrate_precond;eeg_faa_precond;eeg_fl_theta_power_precond;eda_peakarea_precond"
2025-12-19 16:24:23.353104,41,"stress_label",10,64,0.0078125,0.552325581395349,0.523255813953488,0.533333333333333,10,"top10","hr_med_precond;hr_sd_precond;eda_med_precond;hrv_rmssd_precond;eeg_fm_specent_precond;pupil_full_pupil_asymmetry_precond;eda_pkrate_precond;eeg_faa_precond;eeg_fl_theta_power_precond;eda_peakarea_precond"
2025-12-19 16:24:23.446033,41,"stress_label",10,128,0.0078125,0.552325581395349,0.529069767441861,0.538759689922481,10,"top10","hr_med_precond;hr_sd_precond;eda_med_precond;hrv_rmssd_precond;eeg_fm_specent_precond;pupil_full_pupil_asymmetry_precond;eda_pkrate_precond;eeg_faa_precond;eeg_fl_theta_power_precond;eda_peakarea_precond"
2025-12-19 16:24:23.598054,41,"stress_label",10,256,0.0078125,0.529069767441861,0.546511627906977,0.522480620155039,10,"top10","hr_med_precond;hr_sd_precond;eda_med_precond;hrv_rmssd_precond;eeg_fm_specent_precond;pupil_full_pupil_asymmetry_precond;eda_pkrate_precond;eeg_faa_precond;eeg_fl_theta_power_precond;eda_peakarea_precond"
2025-12-19 16:24:23.360675,41,"stress_label",10,2,0.015625,0.563953488372093,0.511627906976744,0.548062015503876,10,"top10","hr_med_precond;hr_sd_precond;eda_med_precond;hrv_rmssd_precond;eeg_fm_specent_precond;pupil_full_pupil_asymmetry_precond;eda_pkrate_precond;eeg_faa_precond;eeg_fl_theta_power_precond;eda_peakarea_precond"
2025-12-19 16:24:23.319055,41,"stress_label",10,4,0.015625,0.598837209302326,0.563953488372093,0.6,10,"top10","hr_med_precond;hr_sd_precond;eda_med_precond;hrv_rmssd_precond;eeg_fm_specent_precond;pupil_full_pupil_asymmetry_precond;eda_pkrate_precond;eeg_faa_precond;eeg_fl_theta_power_precond;eda_peakarea_precond"
2025-12-19 16:24:23.28781,41,"stress_label",10,8,0.015625,0.575581395348837,0.552325581395349,0.564341085271318,10,"top10","hr_med_precond;hr_sd_precond;eda_med_precond;hrv_rmssd_precond;eeg_fm_specent_precond;pupil_full_pupil_asymmetry_precond;eda_pkrate_precond;eeg_faa_precond;eeg_fl_theta_power_precond;eda_peakarea_precond"
2025-12-19 16:24:23.314549,41,"stress_label",10,16,0.015625,0.540697674418605,0.505813953488372,0.524031007751938,10,"top10","hr_med_precond;hr_sd_precond;eda_med_precond;hrv_rmssd_precond;eeg_fm_specent_precond;pupil_full_pupil_asymmetry_precond;eda_pkrate_precond;eeg_faa_precond;eeg_fl_theta_power_precond;eda_peakarea_precond"
2025-12-19 16:24:23.394526,41,"stress_label",10,32,0.015625,0.529069767441861,0.529069767441861,0.503875968992248,10,"top10","hr_med_precond;hr_sd_precond;eda_med_precond;hrv_rmssd_precond;eeg_fm_specent_precond;pupil_full_pupil_asymmetry_precond;eda_pkrate_precond;eeg_faa_precond;eeg_fl_theta_power_precond;eda_peakarea_precond"
2025-12-19 16:24:23.450861,41,"stress_label",10,64,0.015625,0.523255813953488,0.523255813953488,0.529457364341085,10,"top10","hr_med_precond;hr_sd_precond;eda_med_precond;hrv_rmssd_precond;eeg_fm_specent_precond;pupil_full_pupil_asymmetry_precond;eda_pkrate_precond;eeg_faa_precond;eeg_fl_theta_power_precond;eda_peakarea_precond"
2025-12-19 16:24:24.795308,41,"stress_label",10,128,0.015625,0.517441860465116,0.488372093023256,NA,10,"top10","hr_med_precond;hr_sd_precond;eda_med_precond;hrv_rmssd_precond;eeg_fm_specent_precond;pupil_full_pupil_asymmetry_precond;eda_pkrate_precond;eeg_faa_precond;eeg_fl_theta_power_precond;eda_peakarea_precond"
2025-12-19 16:24:25.045017,41,"stress_label",10,256,0.015625,0.529069767441861,0.482558139534884,NA,10,"top10","hr_med_precond;hr_sd_precond;eda_med_precond;hrv_rmssd_precond;eeg_fm_specent_precond;pupil_full_pupil_asymmetry_precond;eda_pkrate_precond;eeg_faa_precond;eeg_fl_theta_power_precond;eda_peakarea_precond"
2025-12-19 16:24:24.464599,41,"stress_label",10,2,0.03125,0.569767441860465,0.523255813953488,0.564341085271318,10,"top10","hr_med_precond;hr_sd_precond;eda_med_precond;hrv_rmssd_precond;eeg_fm_specent_precond;pupil_full_pupil_asymmetry_precond;eda_pkrate_precond;eeg_faa_precond;eeg_fl_theta_power_precond;eda_peakarea_precond"
2025-12-19 16:24:24.481161,41,"stress_label",10,4,0.03125,0.563953488372093,0.511627906976744,0.556589147286822,10,"top10","hr_med_precond;hr_sd_precond;eda_med_precond;hrv_rmssd_precond;eeg_fm_specent_precond;pupil_full_pupil_asymmetry_precond;eda_pkrate_precond;eeg_faa_precond;eeg_fl_theta_power_precond;eda_peakarea_precond"
2025-12-19 16:24:24.555354,41,"stress_label",10,8,0.03125,0.546511627906977,0.552325581395349,0.524806201550388,10,"top10","hr_med_precond;hr_sd_precond;eda_med_precond;hrv_rmssd_precond;eeg_fm_specent_precond;pupil_full_pupil_asymmetry_precond;eda_pkrate_precond;eeg_faa_precond;eeg_fl_theta_power_precond;eda_peakarea_precond"
2025-12-19 16:24:24.589235,41,"stress_label",10,16,0.03125,0.534883720930233,0.569767441860465,NA,10,"top10","hr_med_precond;hr_sd_precond;eda_med_precond;hrv_rmssd_precond;eeg_fm_specent_precond;pupil_full_pupil_asymmetry_precond;eda_pkrate_precond;eeg_faa_precond;eeg_fl_theta_power_precond;eda_peakarea_precond"
2025-12-19 16:24:24.656023,41,"stress_label",10,32,0.03125,0.529069767441861,0.459302325581395,NA,10,"top10","hr_med_precond;hr_sd_precond;eda_med_precond;hrv_rmssd_precond;eeg_fm_specent_precond;pupil_full_pupil_asymmetry_precond;eda_pkrate_precond;eeg_faa_precond;eeg_fl_theta_power_precond;eda_peakarea_precond"
2025-12-19 16:24:24.788308,41,"stress_label",10,64,0.03125,0.529069767441861,0.494186046511628,NA,10,"top10","hr_med_precond;hr_sd_precond;eda_med_precond;hrv_rmssd_precond;eeg_fm_specent_precond;pupil_full_pupil_asymmetry_precond;eda_pkrate_precond;eeg_faa_precond;eeg_fl_theta_power_precond;eda_peakarea_precond"
2025-12-19 16:24:25.099736,41,"stress_label",10,128,0.03125,0.552325581395349,0.453488372093023,NA,10,"top10","hr_med_precond;hr_sd_precond;eda_med_precond;hrv_rmssd_precond;eeg_fm_specent_precond;pupil_full_pupil_asymmetry_precond;eda_pkrate_precond;eeg_faa_precond;eeg_fl_theta_power_precond;eda_peakarea_precond"
2025-12-19 16:24:25.427209,41,"stress_label",10,256,0.03125,0.546511627906977,0.412790697674419,NA,10,"top10","hr_med_precond;hr_sd_precond;eda_med_precond;hrv_rmssd_precond;eeg_fm_specent_precond;pupil_full_pupil_asymmetry_precond;eda_pkrate_precond;eeg_faa_precond;eeg_fl_theta_power_precond;eda_peakarea_precond"
2025-12-19 16:24:24.574739,41,"stress_label",10,2,0.0625,0.581395348837209,0.523255813953488,0.582945736434109,10,"top10","hr_med_precond;hr_sd_precond;eda_med_precond;hrv_rmssd_precond;eeg_fm_specent_precond;pupil_full_pupil_asymmetry_precond;eda_pkrate_precond;eeg_faa_precond;eeg_fl_theta_power_precond;eda_peakarea_precond"
2025-12-19 16:24:24.660994,41,"stress_label",10,4,0.0625,0.546511627906977,0.569767441860465,0.555813953488372,10,"top10","hr_med_precond;hr_sd_precond;eda_med_precond;hrv_rmssd_precond;eeg_fm_specent_precond;pupil_full_pupil_asymmetry_precond;eda_pkrate_precond;eeg_faa_precond;eeg_fl_theta_power_precond;eda_peakarea_precond"
2025-12-19 16:24:24.708862,41,"stress_label",10,8,0.0625,0.534883720930233,0.511627906976744,NA,10,"top10","hr_med_precond;hr_sd_precond;eda_med_precond;hrv_rmssd_precond;eeg_fm_specent_precond;pupil_full_pupil_asymmetry_precond;eda_pkrate_precond;eeg_faa_precond;eeg_fl_theta_power_precond;eda_peakarea_precond"
2025-12-19 16:24:24.914202,41,"stress_label",10,16,0.0625,0.511627906976744,0.529069767441861,NA,10,"top10","hr_med_precond;hr_sd_precond;eda_med_precond;hrv_rmssd_precond;eeg_fm_specent_precond;pupil_full_pupil_asymmetry_precond;eda_pkrate_precond;eeg_faa_precond;eeg_fl_theta_power_precond;eda_peakarea_precond"
2025-12-19 16:24:25.878935,41,"stress_label",10,32,0.0625,0.546511627906977,0.488372093023256,NA,10,"top10","hr_med_precond;hr_sd_precond;eda_med_precond;hrv_rmssd_precond;eeg_fm_specent_precond;pupil_full_pupil_asymmetry_precond;eda_pkrate_precond;eeg_faa_precond;eeg_fl_theta_power_precond;eda_peakarea_precond"
2025-12-19 16:24:26.042266,41,"stress_label",10,64,0.0625,0.534883720930233,0.505813953488372,NA,10,"top10","hr_med_precond;hr_sd_precond;eda_med_precond;hrv_rmssd_precond;eeg_fm_specent_precond;pupil_full_pupil_asymmetry_precond;eda_pkrate_precond;eeg_faa_precond;eeg_fl_theta_power_precond;eda_peakarea_precond"
2025-12-19 16:24:26.286164,41,"stress_label",10,128,0.0625,0.534883720930233,0.401162790697674,NA,10,"top10","hr_med_precond;hr_sd_precond;eda_med_precond;hrv_rmssd_precond;eeg_fm_specent_precond;pupil_full_pupil_asymmetry_precond;eda_pkrate_precond;eeg_faa_precond;eeg_fl_theta_power_precond;eda_peakarea_precond"
2025-12-19 16:24:26.391073,41,"stress_label",10,256,0.0625,0.517441860465116,0.511627906976744,NA,10,"top10","hr_med_precond;hr_sd_precond;eda_med_precond;hrv_rmssd_precond;eeg_fm_specent_precond;pupil_full_pupil_asymmetry_precond;eda_pkrate_precond;eeg_faa_precond;eeg_fl_theta_power_precond;eda_peakarea_precond"
2025-12-19 16:24:25.799944,41,"stress_label",10,2,0.125,0.593023255813954,0.581395348837209,NA,10,"top10","hr_med_precond;hr_sd_precond;eda_med_precond;hrv_rmssd_precond;eeg_fm_specent_precond;pupil_full_pupil_asymmetry_precond;eda_pkrate_precond;eeg_faa_precond;eeg_fl_theta_power_precond;eda_peakarea_precond"
2025-12-19 16:24:25.865368,41,"stress_label",10,4,0.125,0.552325581395349,0.453488372093023,NA,10,"top10","hr_med_precond;hr_sd_precond;eda_med_precond;hrv_rmssd_precond;eeg_fm_specent_precond;pupil_full_pupil_asymmetry_precond;eda_pkrate_precond;eeg_faa_precond;eeg_fl_theta_power_precond;eda_peakarea_precond"
2025-12-19 16:24:25.941717,41,"stress_label",10,8,0.125,0.534883720930233,0.418604651162791,NA,10,"top10","hr_med_precond;hr_sd_precond;eda_med_precond;hrv_rmssd_precond;eeg_fm_specent_precond;pupil_full_pupil_asymmetry_precond;eda_pkrate_precond;eeg_faa_precond;eeg_fl_theta_power_precond;eda_peakarea_precond"
2025-12-19 16:24:26.020115,41,"stress_label",10,16,0.125,0.534883720930233,0.546511627906977,NA,10,"top10","hr_med_precond;hr_sd_precond;eda_med_precond;hrv_rmssd_precond;eeg_fm_specent_precond;pupil_full_pupil_asymmetry_precond;eda_pkrate_precond;eeg_faa_precond;eeg_fl_theta_power_precond;eda_peakarea_precond"
2025-12-19 16:24:26.17069,41,"stress_label",10,32,0.125,0.534883720930233,0.447674418604651,NA,10,"top10","hr_med_precond;hr_sd_precond;eda_med_precond;hrv_rmssd_precond;eeg_fm_specent_precond;pupil_full_pupil_asymmetry_precond;eda_pkrate_precond;eeg_faa_precond;eeg_fl_theta_power_precond;eda_peakarea_precond"
2025-12-19 16:24:26.178134,41,"stress_label",10,64,0.125,0.546511627906977,0.488372093023256,NA,10,"top10","hr_med_precond;hr_sd_precond;eda_med_precond;hrv_rmssd_precond;eeg_fm_specent_precond;pupil_full_pupil_asymmetry_precond;eda_pkrate_precond;eeg_faa_precond;eeg_fl_theta_power_precond;eda_peakarea_precond"
2025-12-19 16:24:26.324668,41,"stress_label",10,128,0.125,0.546511627906977,0.453488372093023,NA,10,"top10","hr_med_precond;hr_sd_precond;eda_med_precond;hrv_rmssd_precond;eeg_fm_specent_precond;pupil_full_pupil_asymmetry_precond;eda_pkrate_precond;eeg_faa_precond;eeg_fl_theta_power_precond;eda_peakarea_precond"
2025-12-19 16:24:26.464383,41,"stress_label",10,256,0.125,0.546511627906977,0.5,NA,10,"top10","hr_med_precond;hr_sd_precond;eda_med_precond;hrv_rmssd_precond;eeg_fm_specent_precond;pupil_full_pupil_asymmetry_precond;eda_pkrate_precond;eeg_faa_precond;eeg_fl_theta_power_precond;eda_peakarea_precond"
2025-12-19 16:24:26.245452,41,"stress_label",10,2,0.03,0.569767441860465,0.5,0.562790697674419,10,"top10","hr_med_precond;hr_sd_precond;eda_med_precond;hrv_rmssd_precond;eeg_fm_specent_precond;pupil_full_pupil_asymmetry_precond;eda_pkrate_precond;eeg_faa_precond;eeg_fl_theta_power_precond;eda_peakarea_precond"
2025-12-19 16:24:26.536167,41,"stress_label",10,4,0.03,0.563953488372093,0.534883720930233,0.556589147286822,10,"top10","hr_med_precond;hr_sd_precond;eda_med_precond;hrv_rmssd_precond;eeg_fm_specent_precond;pupil_full_pupil_asymmetry_precond;eda_pkrate_precond;eeg_faa_precond;eeg_fl_theta_power_precond;eda_peakarea_precond"
2025-12-19 16:24:26.968372,41,"stress_label",10,8,0.03,0.546511627906977,0.534883720930233,0.52015503875969,10,"top10","hr_med_precond;hr_sd_precond;eda_med_precond;hrv_rmssd_precond;eeg_fm_specent_precond;pupil_full_pupil_asymmetry_precond;eda_pkrate_precond;eeg_faa_precond;eeg_fl_theta_power_precond;eda_peakarea_precond"
2025-12-19 16:24:27.032889,41,"stress_label",10,16,0.03,0.540697674418605,0.540697674418605,0.547286821705426,10,"top10","hr_med_precond;hr_sd_precond;eda_med_precond;hrv_rmssd_precond;eeg_fm_specent_precond;pupil_full_pupil_asymmetry_precond;eda_pkrate_precond;eeg_faa_precond;eeg_fl_theta_power_precond;eda_peakarea_precond"
2025-12-19 16:24:27.164216,41,"stress_label",10,32,0.03,0.523255813953488,0.558139534883721,NA,10,"top10","hr_med_precond;hr_sd_precond;eda_med_precond;hrv_rmssd_precond;eeg_fm_specent_precond;pupil_full_pupil_asymmetry_precond;eda_pkrate_precond;eeg_faa_precond;eeg_fl_theta_power_precond;eda_peakarea_precond"
2025-12-19 16:24:27.306577,41,"stress_label",10,64,0.03,0.534883720930233,0.412790697674419,NA,10,"top10","hr_med_precond;hr_sd_precond;eda_med_precond;hrv_rmssd_precond;eeg_fm_specent_precond;pupil_full_pupil_asymmetry_precond;eda_pkrate_precond;eeg_faa_precond;eeg_fl_theta_power_precond;eda_peakarea_precond"
2025-12-19 16:24:27.728626,41,"stress_label",10,128,0.03,0.552325581395349,0.488372093023256,NA,10,"top10","hr_med_precond;hr_sd_precond;eda_med_precond;hrv_rmssd_precond;eeg_fm_specent_precond;pupil_full_pupil_asymmetry_precond;eda_pkrate_precond;eeg_faa_precond;eeg_fl_theta_power_precond;eda_peakarea_precond"
2025-12-19 16:24:28.068968,41,"stress_label",10,256,0.03,0.558139534883721,0.488372093023256,NA,10,"top10","hr_med_precond;hr_sd_precond;eda_med_precond;hrv_rmssd_precond;eeg_fm_specent_precond;pupil_full_pupil_asymmetry_precond;eda_pkrate_precond;eeg_faa_precond;eeg_fl_theta_power_precond;eda_peakarea_precond"
2025-12-19 16:24:27.318236,41,"stress_label",10,2,0.06,0.581395348837209,0.558139534883721,0.582945736434109,10,"top10","hr_med_precond;hr_sd_precond;eda_med_precond;hrv_rmssd_precond;eeg_fm_specent_precond;pupil_full_pupil_asymmetry_precond;eda_pkrate_precond;eeg_faa_precond;eeg_fl_theta_power_precond;eda_peakarea_precond"
2025-12-19 16:24:27.34532,41,"stress_label",10,4,0.06,0.552325581395349,0.558139534883721,0.565116279069767,10,"top10","hr_med_precond;hr_sd_precond;eda_med_precond;hrv_rmssd_precond;eeg_fm_specent_precond;pupil_full_pupil_asymmetry_precond;eda_pkrate_precond;eeg_faa_precond;eeg_fl_theta_power_precond;eda_peakarea_precond"
2025-12-19 16:24:27.435004,41,"stress_label",10,8,0.06,0.546511627906977,0.598837209302326,NA,10,"top10","hr_med_precond;hr_sd_precond;eda_med_precond;hrv_rmssd_precond;eeg_fm_specent_precond;pupil_full_pupil_asymmetry_precond;eda_pkrate_precond;eeg_faa_precond;eeg_fl_theta_power_precond;eda_peakarea_precond"
2025-12-19 16:24:27.560977,41,"stress_label",10,16,0.06,0.505813953488372,0.430232558139535,NA,10,"top10","hr_med_precond;hr_sd_precond;eda_med_precond;hrv_rmssd_precond;eeg_fm_specent_precond;pupil_full_pupil_asymmetry_precond;eda_pkrate_precond;eeg_faa_precond;eeg_fl_theta_power_precond;eda_peakarea_precond"
2025-12-19 16:24:27.697186,41,"stress_label",10,32,0.06,0.523255813953488,0.494186046511628,NA,10,"top10","hr_med_precond;hr_sd_precond;eda_med_precond;hrv_rmssd_precond;eeg_fm_specent_precond;pupil_full_pupil_asymmetry_precond;eda_pkrate_precond;eeg_faa_precond;eeg_fl_theta_power_precond;eda_peakarea_precond"
2025-12-19 16:24:27.941393,41,"stress_label",10,64,0.06,0.529069767441861,0.412790697674419,NA,10,"top10","hr_med_precond;hr_sd_precond;eda_med_precond;hrv_rmssd_precond;eeg_fm_specent_precond;pupil_full_pupil_asymmetry_precond;eda_pkrate_precond;eeg_faa_precond;eeg_fl_theta_power_precond;eda_peakarea_precond"
2025-12-19 16:24:28.109798,41,"stress_label",10,128,0.06,0.552325581395349,0.529069767441861,NA,10,"top10","hr_med_precond;hr_sd_precond;eda_med_precond;hrv_rmssd_precond;eeg_fm_specent_precond;pupil_full_pupil_asymmetry_precond;eda_pkrate_precond;eeg_faa_precond;eeg_fl_theta_power_precond;eda_peakarea_precond"
2025-12-19 16:24:28.265876,41,"stress_label",10,256,0.06,0.523255813953488,0.482558139534884,NA,10,"top10","hr_med_precond;hr_sd_precond;eda_med_precond;hrv_rmssd_precond;eeg_fm_specent_precond;pupil_full_pupil_asymmetry_precond;eda_pkrate_precond;eeg_faa_precond;eeg_fl_theta_power_precond;eda_peakarea_precond"
2025-12-19 16:24:28.077235,41,"stress_label",10,2,0.1,0.587209302325581,0.523255813953488,0.605426356589147,10,"top10","hr_med_precond;hr_sd_precond;eda_med_precond;hrv_rmssd_precond;eeg_fm_specent_precond;pupil_full_pupil_asymmetry_precond;eda_pkrate_precond;eeg_faa_precond;eeg_fl_theta_power_precond;eda_peakarea_precond"
2025-12-19 16:24:28.18628,41,"stress_label",10,4,0.1,0.563953488372093,0.517441860465116,NA,10,"top10","hr_med_precond;hr_sd_precond;eda_med_precond;hrv_rmssd_precond;eeg_fm_specent_precond;pupil_full_pupil_asymmetry_precond;eda_pkrate_precond;eeg_faa_precond;eeg_fl_theta_power_precond;eda_peakarea_precond"
2025-12-19 16:24:28.328926,41,"stress_label",10,8,0.1,0.517441860465116,0.47093023255814,NA,10,"top10","hr_med_precond;hr_sd_precond;eda_med_precond;hrv_rmssd_precond;eeg_fm_specent_precond;pupil_full_pupil_asymmetry_precond;eda_pkrate_precond;eeg_faa_precond;eeg_fl_theta_power_precond;eda_peakarea_precond"
2025-12-19 16:24:28.46982,41,"stress_label",10,16,0.1,0.546511627906977,0.430232558139535,NA,10,"top10","hr_med_precond;hr_sd_precond;eda_med_precond;hrv_rmssd_precond;eeg_fm_specent_precond;pupil_full_pupil_asymmetry_precond;eda_pkrate_precond;eeg_faa_precond;eeg_fl_theta_power_precond;eda_peakarea_precond"
2025-12-19 16:24:28.523341,41,"stress_label",10,32,0.1,0.540697674418605,0.459302325581395,NA,10,"top10","hr_med_precond;hr_sd_precond;eda_med_precond;hrv_rmssd_precond;eeg_fm_specent_precond;pupil_full_pupil_asymmetry_precond;eda_pkrate_precond;eeg_faa_precond;eeg_fl_theta_power_precond;eda_peakarea_precond"
2025-12-19 16:24:28.569123,41,"stress_label",10,64,0.1,0.552325581395349,0.47093023255814,NA,10,"top10","hr_med_precond;hr_sd_precond;eda_med_precond;hrv_rmssd_precond;eeg_fm_specent_precond;pupil_full_pupil_asymmetry_precond;eda_pkrate_precond;eeg_faa_precond;eeg_fl_theta_power_precond;eda_peakarea_precond"
2025-12-19 16:24:28.619635,41,"stress_label",10,128,0.1,0.534883720930233,0.372093023255814,NA,10,"top10","hr_med_precond;hr_sd_precond;eda_med_precond;hrv_rmssd_precond;eeg_fm_specent_precond;pupil_full_pupil_asymmetry_precond;eda_pkrate_precond;eeg_faa_precond;eeg_fl_theta_power_precond;eda_peakarea_precond"
2025-12-19 16:24:28.705459,41,"stress_label",10,256,0.1,0.534883720930233,0.441860465116279,NA,10,"top10","hr_med_precond;hr_sd_precond;eda_med_precond;hrv_rmssd_precond;eeg_fm_specent_precond;pupil_full_pupil_asymmetry_precond;eda_pkrate_precond;eeg_faa_precond;eeg_fl_theta_power_precond;eda_peakarea_precond"
2025-12-19 16:24:30.056042,42,"stress_label",10,2,0.0078125,0.552325581395349,0.5,0.511627906976744,10,"top10","hr_med_precond;hr_sd_precond;eda_med_precond;hrv_rmssd_precond;pupil_full_pupil_asymmetry_precond;eeg_faa_precond;eda_pkrate_precond;eeg_fl_theta_power_precond;pupil_full_pupil_mean_precond;eda_peakarea_precond"
2025-12-19 16:24:30.069603,42,"stress_label",10,4,0.0078125,0.523255813953488,0.47093023255814,0.468992248062016,10,"top10","hr_med_precond;hr_sd_precond;eda_med_precond;hrv_rmssd_precond;pupil_full_pupil_asymmetry_precond;eeg_faa_precond;eda_pkrate_precond;eeg_fl_theta_power_precond;pupil_full_pupil_mean_precond;eda_peakarea_precond"
2025-12-19 16:24:30.067779,42,"stress_label",10,8,0.0078125,0.511627906976744,0.529069767441861,NA,10,"top10","hr_med_precond;hr_sd_precond;eda_med_precond;hrv_rmssd_precond;pupil_full_pupil_asymmetry_precond;eeg_faa_precond;eda_pkrate_precond;eeg_fl_theta_power_precond;pupil_full_pupil_mean_precond;eda_peakarea_precond"
2025-12-19 16:24:30.103391,42,"stress_label",10,16,0.0078125,0.5,0.529069767441861,NA,10,"top10","hr_med_precond;hr_sd_precond;eda_med_precond;hrv_rmssd_precond;pupil_full_pupil_asymmetry_precond;eeg_faa_precond;eda_pkrate_precond;eeg_fl_theta_power_precond;pupil_full_pupil_mean_precond;eda_peakarea_precond"
2025-12-19 16:24:30.062291,42,"stress_label",10,32,0.0078125,0.552325581395349,0.569767441860465,0.531782945736434,10,"top10","hr_med_precond;hr_sd_precond;eda_med_precond;hrv_rmssd_precond;pupil_full_pupil_asymmetry_precond;eeg_faa_precond;eda_pkrate_precond;eeg_fl_theta_power_precond;pupil_full_pupil_mean_precond;eda_peakarea_precond"
2025-12-19 16:24:30.110002,42,"stress_label",10,64,0.0078125,0.517441860465116,0.546511627906977,0.510852713178295,10,"top10","hr_med_precond;hr_sd_precond;eda_med_precond;hrv_rmssd_precond;pupil_full_pupil_asymmetry_precond;eeg_faa_precond;eda_pkrate_precond;eeg_fl_theta_power_precond;pupil_full_pupil_mean_precond;eda_peakarea_precond"
2025-12-19 16:24:30.202163,42,"stress_label",10,128,0.0078125,0.569767441860465,0.563953488372093,0.56046511627907,10,"top10","hr_med_precond;hr_sd_precond;eda_med_precond;hrv_rmssd_precond;pupil_full_pupil_asymmetry_precond;eeg_faa_precond;eda_pkrate_precond;eeg_fl_theta_power_precond;pupil_full_pupil_mean_precond;eda_peakarea_precond"
2025-12-19 16:24:30.406895,42,"stress_label",10,256,0.0078125,0.558139534883721,0.546511627906977,NA,10,"top10","hr_med_precond;hr_sd_precond;eda_med_precond;hrv_rmssd_precond;pupil_full_pupil_asymmetry_precond;eeg_faa_precond;eda_pkrate_precond;eeg_fl_theta_power_precond;pupil_full_pupil_mean_precond;eda_peakarea_precond"
2025-12-19 16:24:30.073155,42,"stress_label",10,2,0.015625,0.523255813953488,0.517441860465116,0.470542635658915,10,"top10","hr_med_precond;hr_sd_precond;eda_med_precond;hrv_rmssd_precond;pupil_full_pupil_asymmetry_precond;eeg_faa_precond;eda_pkrate_precond;eeg_fl_theta_power_precond;pupil_full_pupil_mean_precond;eda_peakarea_precond"
2025-12-19 16:24:30.056739,42,"stress_label",10,4,0.015625,0.517441860465116,0.529069767441861,0.471317829457364,10,"top10","hr_med_precond;hr_sd_precond;eda_med_precond;hrv_rmssd_precond;pupil_full_pupil_asymmetry_precond;eeg_faa_precond;eda_pkrate_precond;eeg_fl_theta_power_precond;pupil_full_pupil_mean_precond;eda_peakarea_precond"
2025-12-19 16:24:30.087094,42,"stress_label",10,8,0.015625,0.505813953488372,0.546511627906977,NA,10,"top10","hr_med_precond;hr_sd_precond;eda_med_precond;hrv_rmssd_precond;pupil_full_pupil_asymmetry_precond;eeg_faa_precond;eda_pkrate_precond;eeg_fl_theta_power_precond;pupil_full_pupil_mean_precond;eda_peakarea_precond"
2025-12-19 16:24:30.050234,42,"stress_label",10,16,0.015625,0.546511627906977,0.552325581395349,0.528682170542636,10,"top10","hr_med_precond;hr_sd_precond;eda_med_precond;hrv_rmssd_precond;pupil_full_pupil_asymmetry_precond;eeg_faa_precond;eda_pkrate_precond;eeg_fl_theta_power_precond;pupil_full_pupil_mean_precond;eda_peakarea_precond"
2025-12-19 16:24:30.120137,42,"stress_label",10,32,0.015625,0.552325581395349,0.534883720930233,0.548837209302326,10,"top10","hr_med_precond;hr_sd_precond;eda_med_precond;hrv_rmssd_precond;pupil_full_pupil_asymmetry_precond;eeg_faa_precond;eda_pkrate_precond;eeg_fl_theta_power_precond;pupil_full_pupil_mean_precond;eda_peakarea_precond"
2025-12-19 16:24:30.19393,42,"stress_label",10,64,0.015625,0.558139534883721,0.511627906976744,NA,10,"top10","hr_med_precond;hr_sd_precond;eda_med_precond;hrv_rmssd_precond;pupil_full_pupil_asymmetry_precond;eeg_faa_precond;eda_pkrate_precond;eeg_fl_theta_power_precond;pupil_full_pupil_mean_precond;eda_peakarea_precond"
2025-12-19 16:24:31.569206,42,"stress_label",10,128,0.015625,0.558139534883721,0.517441860465116,NA,10,"top10","hr_med_precond;hr_sd_precond;eda_med_precond;hrv_rmssd_precond;pupil_full_pupil_asymmetry_precond;eeg_faa_precond;eda_pkrate_precond;eeg_fl_theta_power_precond;pupil_full_pupil_mean_precond;eda_peakarea_precond"
2025-12-19 16:24:31.865071,42,"stress_label",10,256,0.015625,0.558139534883721,0.436046511627907,NA,10,"top10","hr_med_precond;hr_sd_precond;eda_med_precond;hrv_rmssd_precond;pupil_full_pupil_asymmetry_precond;eeg_faa_precond;eda_pkrate_precond;eeg_fl_theta_power_precond;pupil_full_pupil_mean_precond;eda_peakarea_precond"
2025-12-19 16:24:31.283295,42,"stress_label",10,2,0.03125,0.5,0.523255813953488,NA,10,"top10","hr_med_precond;hr_sd_precond;eda_med_precond;hrv_rmssd_precond;pupil_full_pupil_asymmetry_precond;eeg_faa_precond;eda_pkrate_precond;eeg_fl_theta_power_precond;pupil_full_pupil_mean_precond;eda_peakarea_precond"
2025-12-19 16:24:31.30005,42,"stress_label",10,4,0.03125,0.517441860465116,0.534883720930233,NA,10,"top10","hr_med_precond;hr_sd_precond;eda_med_precond;hrv_rmssd_precond;pupil_full_pupil_asymmetry_precond;eeg_faa_precond;eda_pkrate_precond;eeg_fl_theta_power_precond;pupil_full_pupil_mean_precond;eda_peakarea_precond"
2025-12-19 16:24:31.27259,42,"stress_label",10,8,0.03125,0.546511627906977,0.552325581395349,0.532558139534884,10,"top10","hr_med_precond;hr_sd_precond;eda_med_precond;hrv_rmssd_precond;pupil_full_pupil_asymmetry_precond;eeg_faa_precond;eda_pkrate_precond;eeg_fl_theta_power_precond;pupil_full_pupil_mean_precond;eda_peakarea_precond"
2025-12-19 16:24:31.322051,42,"stress_label",10,16,0.03125,0.563953488372093,0.552325581395349,NA,10,"top10","hr_med_precond;hr_sd_precond;eda_med_precond;hrv_rmssd_precond;pupil_full_pupil_asymmetry_precond;eeg_faa_precond;eda_pkrate_precond;eeg_fl_theta_power_precond;pupil_full_pupil_mean_precond;eda_peakarea_precond"
2025-12-19 16:24:31.429636,42,"stress_label",10,32,0.03125,0.569767441860465,0.558139534883721,NA,10,"top10","hr_med_precond;hr_sd_precond;eda_med_precond;hrv_rmssd_precond;pupil_full_pupil_asymmetry_precond;eeg_faa_precond;eda_pkrate_precond;eeg_fl_theta_power_precond;pupil_full_pupil_mean_precond;eda_peakarea_precond"
2025-12-19 16:24:31.589282,42,"stress_label",10,64,0.03125,0.546511627906977,0.372093023255814,NA,10,"top10","hr_med_precond;hr_sd_precond;eda_med_precond;hrv_rmssd_precond;pupil_full_pupil_asymmetry_precond;eeg_faa_precond;eda_pkrate_precond;eeg_fl_theta_power_precond;pupil_full_pupil_mean_precond;eda_peakarea_precond"
2025-12-19 16:24:31.814734,42,"stress_label",10,128,0.03125,0.482558139534884,0.418604651162791,NA,10,"top10","hr_med_precond;hr_sd_precond;eda_med_precond;hrv_rmssd_precond;pupil_full_pupil_asymmetry_precond;eeg_faa_precond;eda_pkrate_precond;eeg_fl_theta_power_precond;pupil_full_pupil_mean_precond;eda_peakarea_precond"
2025-12-19 16:24:32.255087,42,"stress_label",10,256,0.03125,0.459302325581395,0.383720930232558,NA,10,"top10","hr_med_precond;hr_sd_precond;eda_med_precond;hrv_rmssd_precond;pupil_full_pupil_asymmetry_precond;eeg_faa_precond;eda_pkrate_precond;eeg_fl_theta_power_precond;pupil_full_pupil_mean_precond;eda_peakarea_precond"
2025-12-19 16:24:31.291019,42,"stress_label",10,2,0.0625,0.540697674418605,0.482558139534884,0.522480620155039,10,"top10","hr_med_precond;hr_sd_precond;eda_med_precond;hrv_rmssd_precond;pupil_full_pupil_asymmetry_precond;eeg_faa_precond;eda_pkrate_precond;eeg_fl_theta_power_precond;pupil_full_pupil_mean_precond;eda_peakarea_precond"
2025-12-19 16:24:31.441402,42,"stress_label",10,4,0.0625,0.529069767441861,0.552325581395349,NA,10,"top10","hr_med_precond;hr_sd_precond;eda_med_precond;hrv_rmssd_precond;pupil_full_pupil_asymmetry_precond;eeg_faa_precond;eda_pkrate_precond;eeg_fl_theta_power_precond;pupil_full_pupil_mean_precond;eda_peakarea_precond"
2025-12-19 16:24:31.433603,42,"stress_label",10,8,0.0625,0.563953488372093,0.476744186046512,NA,10,"top10","hr_med_precond;hr_sd_precond;eda_med_precond;hrv_rmssd_precond;pupil_full_pupil_asymmetry_precond;eeg_faa_precond;eda_pkrate_precond;eeg_fl_theta_power_precond;pupil_full_pupil_mean_precond;eda_peakarea_precond"
2025-12-19 16:24:31.746595,42,"stress_label",10,16,0.0625,0.523255813953488,0.331395348837209,NA,10,"top10","hr_med_precond;hr_sd_precond;eda_med_precond;hrv_rmssd_precond;pupil_full_pupil_asymmetry_precond;eeg_faa_precond;eda_pkrate_precond;eeg_fl_theta_power_precond;pupil_full_pupil_mean_precond;eda_peakarea_precond"
2025-12-19 16:24:32.672411,42,"stress_label",10,32,0.0625,0.459302325581395,0.383720930232558,NA,10,"top10","hr_med_precond;hr_sd_precond;eda_med_precond;hrv_rmssd_precond;pupil_full_pupil_asymmetry_precond;eeg_faa_precond;eda_pkrate_precond;eeg_fl_theta_power_precond;pupil_full_pupil_mean_precond;eda_peakarea_precond"
2025-12-19 16:24:32.849972,42,"stress_label",10,64,0.0625,0.459302325581395,0.436046511627907,NA,10,"top10","hr_med_precond;hr_sd_precond;eda_med_precond;hrv_rmssd_precond;pupil_full_pupil_asymmetry_precond;eeg_faa_precond;eda_pkrate_precond;eeg_fl_theta_power_precond;pupil_full_pupil_mean_precond;eda_peakarea_precond"
2025-12-19 16:24:32.985724,42,"stress_label",10,128,0.0625,0.505813953488372,0.488372093023256,NA,10,"top10","hr_med_precond;hr_sd_precond;eda_med_precond;hrv_rmssd_precond;pupil_full_pupil_asymmetry_precond;eeg_faa_precond;eda_pkrate_precond;eeg_fl_theta_power_precond;pupil_full_pupil_mean_precond;eda_peakarea_precond"
2025-12-19 16:24:33.069371,42,"stress_label",10,256,0.0625,0.5,0.412790697674419,NA,10,"top10","hr_med_precond;hr_sd_precond;eda_med_precond;hrv_rmssd_precond;pupil_full_pupil_asymmetry_precond;eeg_faa_precond;eda_pkrate_precond;eeg_fl_theta_power_precond;pupil_full_pupil_mean_precond;eda_peakarea_precond"
2025-12-19 16:24:32.482443,42,"stress_label",10,2,0.125,0.5,0.529069767441861,NA,10,"top10","hr_med_precond;hr_sd_precond;eda_med_precond;hrv_rmssd_precond;pupil_full_pupil_asymmetry_precond;eeg_faa_precond;eda_pkrate_precond;eeg_fl_theta_power_precond;pupil_full_pupil_mean_precond;eda_peakarea_precond"
2025-12-19 16:24:32.655835,42,"stress_label",10,4,0.125,0.47093023255814,0.366279069767442,NA,10,"top10","hr_med_precond;hr_sd_precond;eda_med_precond;hrv_rmssd_precond;pupil_full_pupil_asymmetry_precond;eeg_faa_precond;eda_pkrate_precond;eeg_fl_theta_power_precond;pupil_full_pupil_mean_precond;eda_peakarea_precond"
2025-12-19 16:24:32.737363,42,"stress_label",10,8,0.125,0.436046511627907,0.418604651162791,NA,10,"top10","hr_med_precond;hr_sd_precond;eda_med_precond;hrv_rmssd_precond;pupil_full_pupil_asymmetry_precond;eeg_faa_precond;eda_pkrate_precond;eeg_fl_theta_power_precond;pupil_full_pupil_mean_precond;eda_peakarea_precond"
2025-12-19 16:24:32.808511,42,"stress_label",10,16,0.125,0.465116279069767,0.418604651162791,NA,10,"top10","hr_med_precond;hr_sd_precond;eda_med_precond;hrv_rmssd_precond;pupil_full_pupil_asymmetry_precond;eeg_faa_precond;eda_pkrate_precond;eeg_fl_theta_power_precond;pupil_full_pupil_mean_precond;eda_peakarea_precond"
2025-12-19 16:24:32.959368,42,"stress_label",10,32,0.125,0.488372093023256,0.401162790697674,NA,10,"top10","hr_med_precond;hr_sd_precond;eda_med_precond;hrv_rmssd_precond;pupil_full_pupil_asymmetry_precond;eeg_faa_precond;eda_pkrate_precond;eeg_fl_theta_power_precond;pupil_full_pupil_mean_precond;eda_peakarea_precond"
2025-12-19 16:24:32.965035,42,"stress_label",10,64,0.125,0.482558139534884,0.401162790697674,NA,10,"top10","hr_med_precond;hr_sd_precond;eda_med_precond;hrv_rmssd_precond;pupil_full_pupil_asymmetry_precond;eeg_faa_precond;eda_pkrate_precond;eeg_fl_theta_power_precond;pupil_full_pupil_mean_precond;eda_peakarea_precond"
2025-12-19 16:24:33.113517,42,"stress_label",10,128,0.125,0.482558139534884,0.447674418604651,NA,10,"top10","hr_med_precond;hr_sd_precond;eda_med_precond;hrv_rmssd_precond;pupil_full_pupil_asymmetry_precond;eeg_faa_precond;eda_pkrate_precond;eeg_fl_theta_power_precond;pupil_full_pupil_mean_precond;eda_peakarea_precond"
2025-12-19 16:24:33.197972,42,"stress_label",10,256,0.125,0.482558139534884,0.377906976744186,NA,10,"top10","hr_med_precond;hr_sd_precond;eda_med_precond;hrv_rmssd_precond;pupil_full_pupil_asymmetry_precond;eeg_faa_precond;eda_pkrate_precond;eeg_fl_theta_power_precond;pupil_full_pupil_mean_precond;eda_peakarea_precond"
2025-12-19 16:24:33.016047,42,"stress_label",10,2,0.03,0.5,0.482558139534884,NA,10,"top10","hr_med_precond;hr_sd_precond;eda_med_precond;hrv_rmssd_precond;pupil_full_pupil_asymmetry_precond;eeg_faa_precond;eda_pkrate_precond;eeg_fl_theta_power_precond;pupil_full_pupil_mean_precond;eda_peakarea_precond"
2025-12-19 16:24:33.415627,42,"stress_label",10,4,0.03,0.511627906976744,0.534883720930233,NA,10,"top10","hr_med_precond;hr_sd_precond;eda_med_precond;hrv_rmssd_precond;pupil_full_pupil_asymmetry_precond;eeg_faa_precond;eda_pkrate_precond;eeg_fl_theta_power_precond;pupil_full_pupil_mean_precond;eda_peakarea_precond"
2025-12-19 16:24:33.644436,42,"stress_label",10,8,0.03,0.534883720930233,0.529069767441861,NA,10,"top10","hr_med_precond;hr_sd_precond;eda_med_precond;hrv_rmssd_precond;pupil_full_pupil_asymmetry_precond;eeg_faa_precond;eda_pkrate_precond;eeg_fl_theta_power_precond;pupil_full_pupil_mean_precond;eda_peakarea_precond"
2025-12-19 16:24:33.83953,42,"stress_label",10,16,0.03,0.569767441860465,0.558139534883721,NA,10,"top10","hr_med_precond;hr_sd_precond;eda_med_precond;hrv_rmssd_precond;pupil_full_pupil_asymmetry_precond;eeg_faa_precond;eda_pkrate_precond;eeg_fl_theta_power_precond;pupil_full_pupil_mean_precond;eda_peakarea_precond"
2025-12-19 16:24:33.925233,42,"stress_label",10,32,0.03,0.569767441860465,0.598837209302326,NA,10,"top10","hr_med_precond;hr_sd_precond;eda_med_precond;hrv_rmssd_precond;pupil_full_pupil_asymmetry_precond;eeg_faa_precond;eda_pkrate_precond;eeg_fl_theta_power_precond;pupil_full_pupil_mean_precond;eda_peakarea_precond"
2025-12-19 16:24:34.080226,42,"stress_label",10,64,0.03,0.546511627906977,0.441860465116279,NA,10,"top10","hr_med_precond;hr_sd_precond;eda_med_precond;hrv_rmssd_precond;pupil_full_pupil_asymmetry_precond;eeg_faa_precond;eda_pkrate_precond;eeg_fl_theta_power_precond;pupil_full_pupil_mean_precond;eda_peakarea_precond"
2025-12-19 16:24:34.446475,42,"stress_label",10,128,0.03,0.476744186046512,0.372093023255814,NA,10,"top10","hr_med_precond;hr_sd_precond;eda_med_precond;hrv_rmssd_precond;pupil_full_pupil_asymmetry_precond;eeg_faa_precond;eda_pkrate_precond;eeg_fl_theta_power_precond;pupil_full_pupil_mean_precond;eda_peakarea_precond"
2025-12-19 16:24:34.831982,42,"stress_label",10,256,0.03,0.465116279069767,0.412790697674419,NA,10,"top10","hr_med_precond;hr_sd_precond;eda_med_precond;hrv_rmssd_precond;pupil_full_pupil_asymmetry_precond;eeg_faa_precond;eda_pkrate_precond;eeg_fl_theta_power_precond;pupil_full_pupil_mean_precond;eda_peakarea_precond"
2025-12-19 16:24:34.090558,42,"stress_label",10,2,0.06,0.534883720930233,0.529069767441861,0.522480620155039,10,"top10","hr_med_precond;hr_sd_precond;eda_med_precond;hrv_rmssd_precond;pupil_full_pupil_asymmetry_precond;eeg_faa_precond;eda_pkrate_precond;eeg_fl_theta_power_precond;pupil_full_pupil_mean_precond;eda_peakarea_precond"
2025-12-19 16:24:34.124606,42,"stress_label",10,4,0.06,0.523255813953488,0.529069767441861,NA,10,"top10","hr_med_precond;hr_sd_precond;eda_med_precond;hrv_rmssd_precond;pupil_full_pupil_asymmetry_precond;eeg_faa_precond;eda_pkrate_precond;eeg_fl_theta_power_precond;pupil_full_pupil_mean_precond;eda_peakarea_precond"
2025-12-19 16:24:34.21961,42,"stress_label",10,8,0.06,0.569767441860465,0.47093023255814,NA,10,"top10","hr_med_precond;hr_sd_precond;eda_med_precond;hrv_rmssd_precond;pupil_full_pupil_asymmetry_precond;eeg_faa_precond;eda_pkrate_precond;eeg_fl_theta_power_precond;pupil_full_pupil_mean_precond;eda_peakarea_precond"
2025-12-19 16:24:34.301138,42,"stress_label",10,16,0.06,0.529069767441861,0.465116279069767,NA,10,"top10","hr_med_precond;hr_sd_precond;eda_med_precond;hrv_rmssd_precond;pupil_full_pupil_asymmetry_precond;eeg_faa_precond;eda_pkrate_precond;eeg_fl_theta_power_precond;pupil_full_pupil_mean_precond;eda_peakarea_precond"
2025-12-19 16:24:34.486972,42,"stress_label",10,32,0.06,0.465116279069767,0.372093023255814,NA,10,"top10","hr_med_precond;hr_sd_precond;eda_med_precond;hrv_rmssd_precond;pupil_full_pupil_asymmetry_precond;eeg_faa_precond;eda_pkrate_precond;eeg_fl_theta_power_precond;pupil_full_pupil_mean_precond;eda_peakarea_precond"
2025-12-19 16:24:34.601624,42,"stress_label",10,64,0.06,0.459302325581395,0.383720930232558,NA,10,"top10","hr_med_precond;hr_sd_precond;eda_med_precond;hrv_rmssd_precond;pupil_full_pupil_asymmetry_precond;eeg_faa_precond;eda_pkrate_precond;eeg_fl_theta_power_precond;pupil_full_pupil_mean_precond;eda_peakarea_precond"
2025-12-19 16:24:34.859853,42,"stress_label",10,128,0.06,0.5,0.343023255813953,NA,10,"top10","hr_med_precond;hr_sd_precond;eda_med_precond;hrv_rmssd_precond;pupil_full_pupil_asymmetry_precond;eeg_faa_precond;eda_pkrate_precond;eeg_fl_theta_power_precond;pupil_full_pupil_mean_precond;eda_peakarea_precond"
2025-12-19 16:24:35.034841,42,"stress_label",10,256,0.06,0.511627906976744,0.453488372093023,NA,10,"top10","hr_med_precond;hr_sd_precond;eda_med_precond;hrv_rmssd_precond;pupil_full_pupil_asymmetry_precond;eeg_faa_precond;eda_pkrate_precond;eeg_fl_theta_power_precond;pupil_full_pupil_mean_precond;eda_peakarea_precond"
2025-12-19 16:24:34.791612,42,"stress_label",10,2,0.1,0.540697674418605,0.430232558139535,NA,10,"top10","hr_med_precond;hr_sd_precond;eda_med_precond;hrv_rmssd_precond;pupil_full_pupil_asymmetry_precond;eeg_faa_precond;eda_pkrate_precond;eeg_fl_theta_power_precond;pupil_full_pupil_mean_precond;eda_peakarea_precond"
2025-12-19 16:24:34.952282,42,"stress_label",10,4,0.1,0.517441860465116,0.465116279069767,NA,10,"top10","hr_med_precond;hr_sd_precond;eda_med_precond;hrv_rmssd_precond;pupil_full_pupil_asymmetry_precond;eeg_faa_precond;eda_pkrate_precond;eeg_fl_theta_power_precond;pupil_full_pupil_mean_precond;eda_peakarea_precond"
2025-12-19 16:24:35.076158,42,"stress_label",10,8,0.1,0.476744186046512,0.436046511627907,NA,10,"top10","hr_med_precond;hr_sd_precond;eda_med_precond;hrv_rmssd_precond;pupil_full_pupil_asymmetry_precond;eeg_faa_precond;eda_pkrate_precond;eeg_fl_theta_power_precond;pupil_full_pupil_mean_precond;eda_peakarea_precond"
2025-12-19 16:24:35.216477,42,"stress_label",10,16,0.1,0.436046511627907,0.412790697674419,NA,10,"top10","hr_med_precond;hr_sd_precond;eda_med_precond;hrv_rmssd_precond;pupil_full_pupil_asymmetry_precond;eeg_faa_precond;eda_pkrate_precond;eeg_fl_theta_power_precond;pupil_full_pupil_mean_precond;eda_peakarea_precond"
2025-12-19 16:24:35.261154,42,"stress_label",10,32,0.1,0.482558139534884,0.383720930232558,NA,10,"top10","hr_med_precond;hr_sd_precond;eda_med_precond;hrv_rmssd_precond;pupil_full_pupil_asymmetry_precond;eeg_faa_precond;eda_pkrate_precond;eeg_fl_theta_power_precond;pupil_full_pupil_mean_precond;eda_peakarea_precond"
2025-12-19 16:24:35.311147,42,"stress_label",10,64,0.1,0.488372093023256,0.436046511627907,NA,10,"top10","hr_med_precond;hr_sd_precond;eda_med_precond;hrv_rmssd_precond;pupil_full_pupil_asymmetry_precond;eeg_faa_precond;eda_pkrate_precond;eeg_fl_theta_power_precond;pupil_full_pupil_mean_precond;eda_peakarea_precond"
2025-12-19 16:24:35.366273,42,"stress_label",10,128,0.1,0.488372093023256,0.424418604651163,NA,10,"top10","hr_med_precond;hr_sd_precond;eda_med_precond;hrv_rmssd_precond;pupil_full_pupil_asymmetry_precond;eeg_faa_precond;eda_pkrate_precond;eeg_fl_theta_power_precond;pupil_full_pupil_mean_precond;eda_peakarea_precond"
2025-12-19 16:24:35.424735,42,"stress_label",10,256,0.1,0.488372093023256,0.401162790697674,NA,10,"top10","hr_med_precond;hr_sd_precond;eda_med_precond;hrv_rmssd_precond;pupil_full_pupil_asymmetry_precond;eeg_faa_precond;eda_pkrate_precond;eeg_fl_theta_power_precond;pupil_full_pupil_mean_precond;eda_peakarea_precond"
2025-12-19 16:24:36.770621,43,"stress_label",10,2,0.0078125,0.546511627906977,0.482558139534884,0.503100775193798,10,"top10","hr_sd_precond;eda_med_precond;hr_med_precond;eeg_fm_specent_precond;hrv_rmssd_precond;eeg_faa_precond;pupil_full_pupil_mean_precond;pupil_full_pupil_asymmetry_precond;eda_pkrate_precond;eeg_fl_theta_power_precond"
2025-12-19 16:24:36.793046,43,"stress_label",10,4,0.0078125,0.558139534883721,0.529069767441861,0.554263565891473,10,"top10","hr_sd_precond;eda_med_precond;hr_med_precond;eeg_fm_specent_precond;hrv_rmssd_precond;eeg_faa_precond;pupil_full_pupil_mean_precond;pupil_full_pupil_asymmetry_precond;eda_pkrate_precond;eeg_fl_theta_power_precond"
2025-12-19 16:24:36.771459,43,"stress_label",10,8,0.0078125,0.5,0.494186046511628,0.512403100775194,10,"top10","hr_sd_precond;eda_med_precond;hr_med_precond;eeg_fm_specent_precond;hrv_rmssd_precond;eeg_faa_precond;pupil_full_pupil_mean_precond;pupil_full_pupil_asymmetry_precond;eda_pkrate_precond;eeg_fl_theta_power_precond"
2025-12-19 16:24:36.795058,43,"stress_label",10,16,0.0078125,0.529069767441861,0.534883720930233,0.522480620155039,10,"top10","hr_sd_precond;eda_med_precond;hr_med_precond;eeg_fm_specent_precond;hrv_rmssd_precond;eeg_faa_precond;pupil_full_pupil_mean_precond;pupil_full_pupil_asymmetry_precond;eda_pkrate_precond;eeg_fl_theta_power_precond"
2025-12-19 16:24:36.800708,43,"stress_label",10,32,0.0078125,0.581395348837209,0.593023255813954,0.556589147286822,10,"top10","hr_sd_precond;eda_med_precond;hr_med_precond;eeg_fm_specent_precond;hrv_rmssd_precond;eeg_faa_precond;pupil_full_pupil_mean_precond;pupil_full_pupil_asymmetry_precond;eda_pkrate_precond;eeg_fl_theta_power_precond"
2025-12-19 16:24:36.839081,43,"stress_label",10,64,0.0078125,0.604651162790698,0.587209302325581,0.586821705426357,10,"top10","hr_sd_precond;eda_med_precond;hr_med_precond;eeg_fm_specent_precond;hrv_rmssd_precond;eeg_faa_precond;pupil_full_pupil_mean_precond;pupil_full_pupil_asymmetry_precond;eda_pkrate_precond;eeg_fl_theta_power_precond"
2025-12-19 16:24:36.915809,43,"stress_label",10,128,0.0078125,0.5,0.517441860465116,NA,10,"top10","hr_sd_precond;eda_med_precond;hr_med_precond;eeg_fm_specent_precond;hrv_rmssd_precond;eeg_faa_precond;pupil_full_pupil_mean_precond;pupil_full_pupil_asymmetry_precond;eda_pkrate_precond;eeg_fl_theta_power_precond"
2025-12-19 16:24:37.119675,43,"stress_label",10,256,0.0078125,0.511627906976744,0.453488372093023,NA,10,"top10","hr_sd_precond;eda_med_precond;hr_med_precond;eeg_fm_specent_precond;hrv_rmssd_precond;eeg_faa_precond;pupil_full_pupil_mean_precond;pupil_full_pupil_asymmetry_precond;eda_pkrate_precond;eeg_fl_theta_power_precond"
2025-12-19 16:24:36.745583,43,"stress_label",10,2,0.015625,0.552325581395349,0.482558139534884,0.548837209302326,10,"top10","hr_sd_precond;eda_med_precond;hr_med_precond;eeg_fm_specent_precond;hrv_rmssd_precond;eeg_faa_precond;pupil_full_pupil_mean_precond;pupil_full_pupil_asymmetry_precond;eda_pkrate_precond;eeg_fl_theta_power_precond"
2025-12-19 16:24:36.810871,43,"stress_label",10,4,0.015625,0.505813953488372,0.47093023255814,0.513953488372093,10,"top10","hr_sd_precond;eda_med_precond;hr_med_precond;eeg_fm_specent_precond;hrv_rmssd_precond;eeg_faa_precond;pupil_full_pupil_mean_precond;pupil_full_pupil_asymmetry_precond;eda_pkrate_precond;eeg_fl_theta_power_precond"
2025-12-19 16:24:36.803909,43,"stress_label",10,8,0.015625,0.558139534883721,0.569767441860465,0.548062015503876,10,"top10","hr_sd_precond;eda_med_precond;hr_med_precond;eeg_fm_specent_precond;hrv_rmssd_precond;eeg_faa_precond;pupil_full_pupil_mean_precond;pupil_full_pupil_asymmetry_precond;eda_pkrate_precond;eeg_fl_theta_power_precond"
2025-12-19 16:24:36.850108,43,"stress_label",10,16,0.015625,0.598837209302326,0.581395348837209,NA,10,"top10","hr_sd_precond;eda_med_precond;hr_med_precond;eeg_fm_specent_precond;hrv_rmssd_precond;eeg_faa_precond;pupil_full_pupil_mean_precond;pupil_full_pupil_asymmetry_precond;eda_pkrate_precond;eeg_fl_theta_power_precond"
2025-12-19 16:24:36.826033,43,"stress_label",10,32,0.015625,0.5,0.5,NA,10,"top10","hr_sd_precond;eda_med_precond;hr_med_precond;eeg_fm_specent_precond;hrv_rmssd_precond;eeg_faa_precond;pupil_full_pupil_mean_precond;pupil_full_pupil_asymmetry_precond;eda_pkrate_precond;eeg_fl_theta_power_precond"
2025-12-19 16:24:36.96577,43,"stress_label",10,64,0.015625,0.5,0.465116279069767,NA,10,"top10","hr_sd_precond;eda_med_precond;hr_med_precond;eeg_fm_specent_precond;hrv_rmssd_precond;eeg_faa_precond;pupil_full_pupil_mean_precond;pupil_full_pupil_asymmetry_precond;eda_pkrate_precond;eeg_fl_theta_power_precond"
2025-12-19 16:24:38.234568,43,"stress_label",10,128,0.015625,0.505813953488372,0.418604651162791,NA,10,"top10","hr_sd_precond;eda_med_precond;hr_med_precond;eeg_fm_specent_precond;hrv_rmssd_precond;eeg_faa_precond;pupil_full_pupil_mean_precond;pupil_full_pupil_asymmetry_precond;eda_pkrate_precond;eeg_fl_theta_power_precond"
2025-12-19 16:24:38.571721,43,"stress_label",10,256,0.015625,0.465116279069767,0.366279069767442,NA,10,"top10","hr_sd_precond;eda_med_precond;hr_med_precond;eeg_fm_specent_precond;hrv_rmssd_precond;eeg_faa_precond;pupil_full_pupil_mean_precond;pupil_full_pupil_asymmetry_precond;eda_pkrate_precond;eeg_fl_theta_power_precond"
2025-12-19 16:24:37.902411,43,"stress_label",10,2,0.03125,0.511627906976744,0.482558139534884,0.525581395348837,10,"top10","hr_sd_precond;eda_med_precond;hr_med_precond;eeg_fm_specent_precond;hrv_rmssd_precond;eeg_faa_precond;pupil_full_pupil_mean_precond;pupil_full_pupil_asymmetry_precond;eda_pkrate_precond;eeg_fl_theta_power_precond"
2025-12-19 16:24:37.93572,43,"stress_label",10,4,0.03125,0.569767441860465,0.529069767441861,0.566666666666667,10,"top10","hr_sd_precond;eda_med_precond;hr_med_precond;eeg_fm_specent_precond;hrv_rmssd_precond;eeg_faa_precond;pupil_full_pupil_mean_precond;pupil_full_pupil_asymmetry_precond;eda_pkrate_precond;eeg_fl_theta_power_precond"
2025-12-19 16:24:37.974917,43,"stress_label",10,8,0.03125,0.540697674418605,0.517441860465116,NA,10,"top10","hr_sd_precond;eda_med_precond;hr_med_precond;eeg_fm_specent_precond;hrv_rmssd_precond;eeg_faa_precond;pupil_full_pupil_mean_precond;pupil_full_pupil_asymmetry_precond;eda_pkrate_precond;eeg_fl_theta_power_precond"
2025-12-19 16:24:38.060816,43,"stress_label",10,16,0.03125,0.488372093023256,0.47093023255814,NA,10,"top10","hr_sd_precond;eda_med_precond;hr_med_precond;eeg_fm_specent_precond;hrv_rmssd_precond;eeg_faa_precond;pupil_full_pupil_mean_precond;pupil_full_pupil_asymmetry_precond;eda_pkrate_precond;eeg_fl_theta_power_precond"
2025-12-19 16:24:38.131097,43,"stress_label",10,32,0.03125,0.482558139534884,0.36046511627907,NA,10,"top10","hr_sd_precond;eda_med_precond;hr_med_precond;eeg_fm_specent_precond;hrv_rmssd_precond;eeg_faa_precond;pupil_full_pupil_mean_precond;pupil_full_pupil_asymmetry_precond;eda_pkrate_precond;eeg_fl_theta_power_precond"
2025-12-19 16:24:38.236517,43,"stress_label",10,64,0.03125,0.453488372093023,0.430232558139535,NA,10,"top10","hr_sd_precond;eda_med_precond;hr_med_precond;eeg_fm_specent_precond;hrv_rmssd_precond;eeg_faa_precond;pupil_full_pupil_mean_precond;pupil_full_pupil_asymmetry_precond;eda_pkrate_precond;eeg_fl_theta_power_precond"
2025-12-19 16:24:38.497452,43,"stress_label",10,128,0.03125,0.47093023255814,0.401162790697674,NA,10,"top10","hr_sd_precond;eda_med_precond;hr_med_precond;eeg_fm_specent_precond;hrv_rmssd_precond;eeg_faa_precond;pupil_full_pupil_mean_precond;pupil_full_pupil_asymmetry_precond;eda_pkrate_precond;eeg_fl_theta_power_precond"
2025-12-19 16:24:38.955228,43,"stress_label",10,256,0.03125,0.47093023255814,0.313953488372093,NA,10,"top10","hr_sd_precond;eda_med_precond;hr_med_precond;eeg_fm_specent_precond;hrv_rmssd_precond;eeg_faa_precond;pupil_full_pupil_mean_precond;pupil_full_pupil_asymmetry_precond;eda_pkrate_precond;eeg_fl_theta_power_precond"
2025-12-19 16:24:37.995753,43,"stress_label",10,2,0.0625,0.546511627906977,0.517441860465116,0.549612403100775,10,"top10","hr_sd_precond;eda_med_precond;hr_med_precond;eeg_fm_specent_precond;hrv_rmssd_precond;eeg_faa_precond;pupil_full_pupil_mean_precond;pupil_full_pupil_asymmetry_precond;eda_pkrate_precond;eeg_fl_theta_power_precond"
2025-12-19 16:24:38.064032,43,"stress_label",10,4,0.0625,0.488372093023256,0.38953488372093,NA,10,"top10","hr_sd_precond;eda_med_precond;hr_med_precond;eeg_fm_specent_precond;hrv_rmssd_precond;eeg_faa_precond;pupil_full_pupil_mean_precond;pupil_full_pupil_asymmetry_precond;eda_pkrate_precond;eeg_fl_theta_power_precond"
2025-12-19 16:24:38.156322,43,"stress_label",10,8,0.0625,0.47093023255814,0.494186046511628,NA,10,"top10","hr_sd_precond;eda_med_precond;hr_med_precond;eeg_fm_specent_precond;hrv_rmssd_precond;eeg_faa_precond;pupil_full_pupil_mean_precond;pupil_full_pupil_asymmetry_precond;eda_pkrate_precond;eeg_fl_theta_power_precond"
2025-12-19 16:24:38.373662,43,"stress_label",10,16,0.0625,0.47093023255814,0.441860465116279,NA,10,"top10","hr_sd_precond;eda_med_precond;hr_med_precond;eeg_fm_specent_precond;hrv_rmssd_precond;eeg_faa_precond;pupil_full_pupil_mean_precond;pupil_full_pupil_asymmetry_precond;eda_pkrate_precond;eeg_fl_theta_power_precond"
2025-12-19 16:24:39.327445,43,"stress_label",10,32,0.0625,0.494186046511628,0.296511627906977,NA,10,"top10","hr_sd_precond;eda_med_precond;hr_med_precond;eeg_fm_specent_precond;hrv_rmssd_precond;eeg_faa_precond;pupil_full_pupil_mean_precond;pupil_full_pupil_asymmetry_precond;eda_pkrate_precond;eeg_fl_theta_power_precond"
2025-12-19 16:24:39.565943,43,"stress_label",10,64,0.0625,0.488372093023256,0.418604651162791,NA,10,"top10","hr_sd_precond;eda_med_precond;hr_med_precond;eeg_fm_specent_precond;hrv_rmssd_precond;eeg_faa_precond;pupil_full_pupil_mean_precond;pupil_full_pupil_asymmetry_precond;eda_pkrate_precond;eeg_fl_theta_power_precond"
2025-12-19 16:24:39.703476,43,"stress_label",10,128,0.0625,0.476744186046512,0.482558139534884,NA,10,"top10","hr_sd_precond;eda_med_precond;hr_med_precond;eeg_fm_specent_precond;hrv_rmssd_precond;eeg_faa_precond;pupil_full_pupil_mean_precond;pupil_full_pupil_asymmetry_precond;eda_pkrate_precond;eeg_fl_theta_power_precond"
2025-12-19 16:24:39.709431,43,"stress_label",10,256,0.0625,0.482558139534884,0.447674418604651,NA,10,"top10","hr_sd_precond;eda_med_precond;hr_med_precond;eeg_fm_specent_precond;hrv_rmssd_precond;eeg_faa_precond;pupil_full_pupil_mean_precond;pupil_full_pupil_asymmetry_precond;eda_pkrate_precond;eeg_fl_theta_power_precond"
2025-12-19 16:24:39.246648,43,"stress_label",10,2,0.125,0.505813953488372,0.401162790697674,0.503100775193798,10,"top10","hr_sd_precond;eda_med_precond;hr_med_precond;eeg_fm_specent_precond;hrv_rmssd_precond;eeg_faa_precond;pupil_full_pupil_mean_precond;pupil_full_pupil_asymmetry_precond;eda_pkrate_precond;eeg_fl_theta_power_precond"
2025-12-19 16:24:39.334033,43,"stress_label",10,4,0.125,0.482558139534884,0.36046511627907,0.477519379844961,10,"top10","hr_sd_precond;eda_med_precond;hr_med_precond;eeg_fm_specent_precond;hrv_rmssd_precond;eeg_faa_precond;pupil_full_pupil_mean_precond;pupil_full_pupil_asymmetry_precond;eda_pkrate_precond;eeg_fl_theta_power_precond"
2025-12-19 16:24:39.442015,43,"stress_label",10,8,0.125,0.534883720930233,0.424418604651163,0.517054263565891,10,"top10","hr_sd_precond;eda_med_precond;hr_med_precond;eeg_fm_specent_precond;hrv_rmssd_precond;eeg_faa_precond;pupil_full_pupil_mean_precond;pupil_full_pupil_asymmetry_precond;eda_pkrate_precond;eeg_fl_theta_power_precond"
2025-12-19 16:24:39.515058,43,"stress_label",10,16,0.125,0.511627906976744,0.395348837209302,NA,10,"top10","hr_sd_precond;eda_med_precond;hr_med_precond;eeg_fm_specent_precond;hrv_rmssd_precond;eeg_faa_precond;pupil_full_pupil_mean_precond;pupil_full_pupil_asymmetry_precond;eda_pkrate_precond;eeg_fl_theta_power_precond"
2025-12-19 16:24:39.649147,43,"stress_label",10,32,0.125,0.47093023255814,0.424418604651163,NA,10,"top10","hr_sd_precond;eda_med_precond;hr_med_precond;eeg_fm_specent_precond;hrv_rmssd_precond;eeg_faa_precond;pupil_full_pupil_mean_precond;pupil_full_pupil_asymmetry_precond;eda_pkrate_precond;eeg_fl_theta_power_precond"
2025-12-19 16:24:39.64082,43,"stress_label",10,64,0.125,0.47093023255814,0.459302325581395,NA,10,"top10","hr_sd_precond;eda_med_precond;hr_med_precond;eeg_fm_specent_precond;hrv_rmssd_precond;eeg_faa_precond;pupil_full_pupil_mean_precond;pupil_full_pupil_asymmetry_precond;eda_pkrate_precond;eeg_fl_theta_power_precond"
2025-12-19 16:24:39.807644,43,"stress_label",10,128,0.125,0.47093023255814,0.517441860465116,NA,10,"top10","hr_sd_precond;eda_med_precond;hr_med_precond;eeg_fm_specent_precond;hrv_rmssd_precond;eeg_faa_precond;pupil_full_pupil_mean_precond;pupil_full_pupil_asymmetry_precond;eda_pkrate_precond;eeg_fl_theta_power_precond"
2025-12-19 16:24:39.923858,43,"stress_label",10,256,0.125,0.47093023255814,0.377906976744186,NA,10,"top10","hr_sd_precond;eda_med_precond;hr_med_precond;eeg_fm_specent_precond;hrv_rmssd_precond;eeg_faa_precond;pupil_full_pupil_mean_precond;pupil_full_pupil_asymmetry_precond;eda_pkrate_precond;eeg_fl_theta_power_precond"
2025-12-19 16:24:39.742995,43,"stress_label",10,2,0.03,0.517441860465116,0.465116279069767,0.527906976744186,10,"top10","hr_sd_precond;eda_med_precond;hr_med_precond;eeg_fm_specent_precond;hrv_rmssd_precond;eeg_faa_precond;pupil_full_pupil_mean_precond;pupil_full_pupil_asymmetry_precond;eda_pkrate_precond;eeg_fl_theta_power_precond"
2025-12-19 16:24:40.160458,43,"stress_label",10,4,0.03,0.569767441860465,0.563953488372093,0.571317829457364,10,"top10","hr_sd_precond;eda_med_precond;hr_med_precond;eeg_fm_specent_precond;hrv_rmssd_precond;eeg_faa_precond;pupil_full_pupil_mean_precond;pupil_full_pupil_asymmetry_precond;eda_pkrate_precond;eeg_fl_theta_power_precond"
2025-12-19 16:24:40.409951,43,"stress_label",10,8,0.03,0.546511627906977,0.546511627906977,NA,10,"top10","hr_sd_precond;eda_med_precond;hr_med_precond;eeg_fm_specent_precond;hrv_rmssd_precond;eeg_faa_precond;pupil_full_pupil_mean_precond;pupil_full_pupil_asymmetry_precond;eda_pkrate_precond;eeg_fl_theta_power_precond"
2025-12-19 16:24:40.524232,43,"stress_label",10,16,0.03,0.505813953488372,0.441860465116279,NA,10,"top10","hr_sd_precond;eda_med_precond;hr_med_precond;eeg_fm_specent_precond;hrv_rmssd_precond;eeg_faa_precond;pupil_full_pupil_mean_precond;pupil_full_pupil_asymmetry_precond;eda_pkrate_precond;eeg_fl_theta_power_precond"
2025-12-19 16:24:40.632097,43,"stress_label",10,32,0.03,0.482558139534884,0.395348837209302,NA,10,"top10","hr_sd_precond;eda_med_precond;hr_med_precond;eeg_fm_specent_precond;hrv_rmssd_precond;eeg_faa_precond;pupil_full_pupil_mean_precond;pupil_full_pupil_asymmetry_precond;eda_pkrate_precond;eeg_fl_theta_power_precond"
2025-12-19 16:24:40.889494,43,"stress_label",10,64,0.03,0.453488372093023,0.372093023255814,NA,10,"top10","hr_sd_precond;eda_med_precond;hr_med_precond;eeg_fm_specent_precond;hrv_rmssd_precond;eeg_faa_precond;pupil_full_pupil_mean_precond;pupil_full_pupil_asymmetry_precond;eda_pkrate_precond;eeg_fl_theta_power_precond"
2025-12-19 16:24:41.192781,43,"stress_label",10,128,0.03,0.465116279069767,0.36046511627907,NA,10,"top10","hr_sd_precond;eda_med_precond;hr_med_precond;eeg_fm_specent_precond;hrv_rmssd_precond;eeg_faa_precond;pupil_full_pupil_mean_precond;pupil_full_pupil_asymmetry_precond;eda_pkrate_precond;eeg_fl_theta_power_precond"
2025-12-19 16:24:41.55852,43,"stress_label",10,256,0.03,0.47093023255814,0.441860465116279,NA,10,"top10","hr_sd_precond;eda_med_precond;hr_med_precond;eeg_fm_specent_precond;hrv_rmssd_precond;eeg_faa_precond;pupil_full_pupil_mean_precond;pupil_full_pupil_asymmetry_precond;eda_pkrate_precond;eeg_fl_theta_power_precond"
2025-12-19 16:24:40.782081,43,"stress_label",10,2,0.06,0.546511627906977,0.424418604651163,0.549612403100775,10,"top10","hr_sd_precond;eda_med_precond;hr_med_precond;eeg_fm_specent_precond;hrv_rmssd_precond;eeg_faa_precond;pupil_full_pupil_mean_precond;pupil_full_pupil_asymmetry_precond;eda_pkrate_precond;eeg_fl_theta_power_precond"
2025-12-19 16:24:40.847448,43,"stress_label",10,4,0.06,0.494186046511628,0.436046511627907,NA,10,"top10","hr_sd_precond;eda_med_precond;hr_med_precond;eeg_fm_specent_precond;hrv_rmssd_precond;eeg_faa_precond;pupil_full_pupil_mean_precond;pupil_full_pupil_asymmetry_precond;eda_pkrate_precond;eeg_fl_theta_power_precond"
2025-12-19 16:24:40.93334,43,"stress_label",10,8,0.06,0.47093023255814,0.372093023255814,NA,10,"top10","hr_sd_precond;eda_med_precond;hr_med_precond;eeg_fm_specent_precond;hrv_rmssd_precond;eeg_faa_precond;pupil_full_pupil_mean_precond;pupil_full_pupil_asymmetry_precond;eda_pkrate_precond;eeg_fl_theta_power_precond"
2025-12-19 16:24:40.960389,43,"stress_label",10,16,0.06,0.465116279069767,0.354651162790698,NA,10,"top10","hr_sd_precond;eda_med_precond;hr_med_precond;eeg_fm_specent_precond;hrv_rmssd_precond;eeg_faa_precond;pupil_full_pupil_mean_precond;pupil_full_pupil_asymmetry_precond;eda_pkrate_precond;eeg_fl_theta_power_precond"
2025-12-19 16:24:41.103699,43,"stress_label",10,32,0.06,0.488372093023256,0.424418604651163,NA,10,"top10","hr_sd_precond;eda_med_precond;hr_med_precond;eeg_fm_specent_precond;hrv_rmssd_precond;eeg_faa_precond;pupil_full_pupil_mean_precond;pupil_full_pupil_asymmetry_precond;eda_pkrate_precond;eeg_fl_theta_power_precond"
2025-12-19 16:24:41.31715,43,"stress_label",10,64,0.06,0.465116279069767,0.465116279069767,NA,10,"top10","hr_sd_precond;eda_med_precond;hr_med_precond;eeg_fm_specent_precond;hrv_rmssd_precond;eeg_faa_precond;pupil_full_pupil_mean_precond;pupil_full_pupil_asymmetry_precond;eda_pkrate_precond;eeg_fl_theta_power_precond"
2025-12-19 16:24:41.579625,43,"stress_label",10,128,0.06,0.482558139534884,0.418604651162791,NA,10,"top10","hr_sd_precond;eda_med_precond;hr_med_precond;eeg_fm_specent_precond;hrv_rmssd_precond;eeg_faa_precond;pupil_full_pupil_mean_precond;pupil_full_pupil_asymmetry_precond;eda_pkrate_precond;eeg_fl_theta_power_precond"
2025-12-19 16:24:41.740252,43,"stress_label",10,256,0.06,0.482558139534884,0.517441860465116,NA,10,"top10","hr_sd_precond;eda_med_precond;hr_med_precond;eeg_fm_specent_precond;hrv_rmssd_precond;eeg_faa_precond;pupil_full_pupil_mean_precond;pupil_full_pupil_asymmetry_precond;eda_pkrate_precond;eeg_fl_theta_power_precond"
2025-12-19 16:24:41.498413,43,"stress_label",10,2,0.1,0.529069767441861,0.465116279069767,0.53953488372093,10,"top10","hr_sd_precond;eda_med_precond;hr_med_precond;eeg_fm_specent_precond;hrv_rmssd_precond;eeg_faa_precond;pupil_full_pupil_mean_precond;pupil_full_pupil_asymmetry_precond;eda_pkrate_precond;eeg_fl_theta_power_precond"
2025-12-19 16:24:41.626196,43,"stress_label",10,4,0.1,0.482558139534884,0.319767441860465,NA,10,"top10","hr_sd_precond;eda_med_precond;hr_med_precond;eeg_fm_specent_precond;hrv_rmssd_precond;eeg_faa_precond;pupil_full_pupil_mean_precond;pupil_full_pupil_asymmetry_precond;eda_pkrate_precond;eeg_fl_theta_power_precond"
2025-12-19 16:24:41.755572,43,"stress_label",10,8,0.1,0.494186046511628,0.319767441860465,0.482170542635659,10,"top10","hr_sd_precond;eda_med_precond;hr_med_precond;eeg_fm_specent_precond;hrv_rmssd_precond;eeg_faa_precond;pupil_full_pupil_mean_precond;pupil_full_pupil_asymmetry_precond;eda_pkrate_precond;eeg_fl_theta_power_precond"
2025-12-19 16:24:41.917603,43,"stress_label",10,16,0.1,0.494186046511628,0.453488372093023,NA,10,"top10","hr_sd_precond;eda_med_precond;hr_med_precond;eeg_fm_specent_precond;hrv_rmssd_precond;eeg_faa_precond;pupil_full_pupil_mean_precond;pupil_full_pupil_asymmetry_precond;eda_pkrate_precond;eeg_fl_theta_power_precond"
2025-12-19 16:24:41.974522,43,"stress_label",10,32,0.1,0.482558139534884,0.476744186046512,NA,10,"top10","hr_sd_precond;eda_med_precond;hr_med_precond;eeg_fm_specent_precond;hrv_rmssd_precond;eeg_faa_precond;pupil_full_pupil_mean_precond;pupil_full_pupil_asymmetry_precond;eda_pkrate_precond;eeg_fl_theta_power_precond"
2025-12-19 16:24:42.016498,43,"stress_label",10,64,0.1,0.465116279069767,0.459302325581395,NA,10,"top10","hr_sd_precond;eda_med_precond;hr_med_precond;eeg_fm_specent_precond;hrv_rmssd_precond;eeg_faa_precond;pupil_full_pupil_mean_precond;pupil_full_pupil_asymmetry_precond;eda_pkrate_precond;eeg_fl_theta_power_precond"
2025-12-19 16:24:42.0457,43,"stress_label",10,128,0.1,0.465116279069767,0.436046511627907,NA,10,"top10","hr_sd_precond;eda_med_precond;hr_med_precond;eeg_fm_specent_precond;hrv_rmssd_precond;eeg_faa_precond;pupil_full_pupil_mean_precond;pupil_full_pupil_asymmetry_precond;eda_pkrate_precond;eeg_fl_theta_power_precond"
2025-12-19 16:24:42.093189,43,"stress_label",10,256,0.1,0.465116279069767,0.447674418604651,NA,10,"top10","hr_sd_precond;eda_med_precond;hr_med_precond;eeg_fm_specent_precond;hrv_rmssd_precond;eeg_faa_precond;pupil_full_pupil_mean_precond;pupil_full_pupil_asymmetry_precond;eda_pkrate_precond;eeg_fl_theta_power_precond"
2025-12-19 16:24:43.449893,44,"stress_label",10,2,0.0078125,0.552325581395349,0.534883720930233,0.524806201550388,10,"top10","hr_med_precond;hr_sd_precond;eda_med_precond;eeg_fm_specent_precond;hrv_rmssd_precond;eeg_faa_precond;pupil_full_pupil_asymmetry_precond;eeg_tleft_lbeta_power_precond;pupil_full_pupil_mean_precond;eda_peakarea_precond"
2025-12-19 16:24:43.46739,44,"stress_label",10,4,0.0078125,0.534883720930233,0.5,0.516279069767442,10,"top10","hr_med_precond;hr_sd_precond;eda_med_precond;eeg_fm_specent_precond;hrv_rmssd_precond;eeg_faa_precond;pupil_full_pupil_asymmetry_precond;eeg_tleft_lbeta_power_precond;pupil_full_pupil_mean_precond;eda_peakarea_precond"
2025-12-19 16:24:43.485709,44,"stress_label",10,8,0.0078125,0.534883720930233,0.563953488372093,0.503875968992248,10,"top10","hr_med_precond;hr_sd_precond;eda_med_precond;eeg_fm_specent_precond;hrv_rmssd_precond;eeg_faa_precond;pupil_full_pupil_asymmetry_precond;eeg_tleft_lbeta_power_precond;pupil_full_pupil_mean_precond;eda_peakarea_precond"
2025-12-19 16:24:43.412937,44,"stress_label",10,16,0.0078125,0.523255813953488,0.523255813953488,0.493798449612403,10,"top10","hr_med_precond;hr_sd_precond;eda_med_precond;eeg_fm_specent_precond;hrv_rmssd_precond;eeg_faa_precond;pupil_full_pupil_asymmetry_precond;eeg_tleft_lbeta_power_precond;pupil_full_pupil_mean_precond;eda_peakarea_precond"
2025-12-19 16:24:43.510354,44,"stress_label",10,32,0.0078125,0.505813953488372,0.529069767441861,0.486046511627907,10,"top10","hr_med_precond;hr_sd_precond;eda_med_precond;eeg_fm_specent_precond;hrv_rmssd_precond;eeg_faa_precond;pupil_full_pupil_asymmetry_precond;eeg_tleft_lbeta_power_precond;pupil_full_pupil_mean_precond;eda_peakarea_precond"
2025-12-19 16:24:43.480738,44,"stress_label",10,64,0.0078125,0.505813953488372,0.476744186046512,0.489147286821705,10,"top10","hr_med_precond;hr_sd_precond;eda_med_precond;eeg_fm_specent_precond;hrv_rmssd_precond;eeg_faa_precond;pupil_full_pupil_asymmetry_precond;eeg_tleft_lbeta_power_precond;pupil_full_pupil_mean_precond;eda_peakarea_precond"
2025-12-19 16:24:43.55595,44,"stress_label",10,128,0.0078125,0.453488372093023,0.482558139534884,0.421705426356589,10,"top10","hr_med_precond;hr_sd_precond;eda_med_precond;eeg_fm_specent_precond;hrv_rmssd_precond;eeg_faa_precond;pupil_full_pupil_asymmetry_precond;eeg_tleft_lbeta_power_precond;pupil_full_pupil_mean_precond;eda_peakarea_precond"
2025-12-19 16:24:43.735248,44,"stress_label",10,256,0.0078125,0.505813953488372,0.459302325581395,0.506201550387597,10,"top10","hr_med_precond;hr_sd_precond;eda_med_precond;eeg_fm_specent_precond;hrv_rmssd_precond;eeg_faa_precond;pupil_full_pupil_asymmetry_precond;eeg_tleft_lbeta_power_precond;pupil_full_pupil_mean_precond;eda_peakarea_precond"
2025-12-19 16:24:43.44234,44,"stress_label",10,2,0.015625,0.552325581395349,0.552325581395349,0.544186046511628,10,"top10","hr_med_precond;hr_sd_precond;eda_med_precond;eeg_fm_specent_precond;hrv_rmssd_precond;eeg_faa_precond;pupil_full_pupil_asymmetry_precond;eeg_tleft_lbeta_power_precond;pupil_full_pupil_mean_precond;eda_peakarea_precond"
2025-12-19 16:24:43.442132,44,"stress_label",10,4,0.015625,0.546511627906977,0.575581395348837,0.513953488372093,10,"top10","hr_med_precond;hr_sd_precond;eda_med_precond;eeg_fm_specent_precond;hrv_rmssd_precond;eeg_faa_precond;pupil_full_pupil_asymmetry_precond;eeg_tleft_lbeta_power_precond;pupil_full_pupil_mean_precond;eda_peakarea_precond"
2025-12-19 16:24:43.457633,44,"stress_label",10,8,0.015625,0.505813953488372,0.540697674418605,0.487596899224806,10,"top10","hr_med_precond;hr_sd_precond;eda_med_precond;eeg_fm_specent_precond;hrv_rmssd_precond;eeg_faa_precond;pupil_full_pupil_asymmetry_precond;eeg_tleft_lbeta_power_precond;pupil_full_pupil_mean_precond;eda_peakarea_precond"
2025-12-19 16:24:43.485115,44,"stress_label",10,16,0.015625,0.523255813953488,0.511627906976744,0.503100775193798,10,"top10","hr_med_precond;hr_sd_precond;eda_med_precond;eeg_fm_specent_precond;hrv_rmssd_precond;eeg_faa_precond;pupil_full_pupil_asymmetry_precond;eeg_tleft_lbeta_power_precond;pupil_full_pupil_mean_precond;eda_peakarea_precond"
2025-12-19 16:24:43.525006,44,"stress_label",10,32,0.015625,0.459302325581395,0.505813953488372,0.421705426356589,10,"top10","hr_med_precond;hr_sd_precond;eda_med_precond;eeg_fm_specent_precond;hrv_rmssd_precond;eeg_faa_precond;pupil_full_pupil_asymmetry_precond;eeg_tleft_lbeta_power_precond;pupil_full_pupil_mean_precond;eda_peakarea_precond"
2025-12-19 16:24:43.596082,44,"stress_label",10,64,0.015625,0.505813953488372,0.505813953488372,0.508527131782946,10,"top10","hr_med_precond;hr_sd_precond;eda_med_precond;eeg_fm_specent_precond;hrv_rmssd_precond;eeg_faa_precond;pupil_full_pupil_asymmetry_precond;eeg_tleft_lbeta_power_precond;pupil_full_pupil_mean_precond;eda_peakarea_precond"
2025-12-19 16:24:44.846571,44,"stress_label",10,128,0.015625,0.5,0.441860465116279,NA,10,"top10","hr_med_precond;hr_sd_precond;eda_med_precond;eeg_fm_specent_precond;hrv_rmssd_precond;eeg_faa_precond;pupil_full_pupil_asymmetry_precond;eeg_tleft_lbeta_power_precond;pupil_full_pupil_mean_precond;eda_peakarea_precond"
2025-12-19 16:24:45.220682,44,"stress_label",10,256,0.015625,0.511627906976744,0.465116279069767,NA,10,"top10","hr_med_precond;hr_sd_precond;eda_med_precond;eeg_fm_specent_precond;hrv_rmssd_precond;eeg_faa_precond;pupil_full_pupil_asymmetry_precond;eeg_tleft_lbeta_power_precond;pupil_full_pupil_mean_precond;eda_peakarea_precond"
2025-12-19 16:24:44.565903,44,"stress_label",10,2,0.03125,0.540697674418605,0.552325581395349,0.521705426356589,10,"top10","hr_med_precond;hr_sd_precond;eda_med_precond;eeg_fm_specent_precond;hrv_rmssd_precond;eeg_faa_precond;pupil_full_pupil_asymmetry_precond;eeg_tleft_lbeta_power_precond;pupil_full_pupil_mean_precond;eda_peakarea_precond"
2025-12-19 16:24:44.581233,44,"stress_label",10,4,0.03125,0.505813953488372,0.523255813953488,0.481395348837209,10,"top10","hr_med_precond;hr_sd_precond;eda_med_precond;eeg_fm_specent_precond;hrv_rmssd_precond;eeg_faa_precond;pupil_full_pupil_asymmetry_precond;eeg_tleft_lbeta_power_precond;pupil_full_pupil_mean_precond;eda_peakarea_precond"
2025-12-19 16:24:44.592996,44,"stress_label",10,8,0.03125,0.476744186046512,0.529069767441861,0.444961240310077,10,"top10","hr_med_precond;hr_sd_precond;eda_med_precond;eeg_fm_specent_precond;hrv_rmssd_precond;eeg_faa_precond;pupil_full_pupil_asymmetry_precond;eeg_tleft_lbeta_power_precond;pupil_full_pupil_mean_precond;eda_peakarea_precond"
2025-12-19 16:24:44.650079,44,"stress_label",10,16,0.03125,0.494186046511628,0.482558139534884,0.485271317829457,10,"top10","hr_med_precond;hr_sd_precond;eda_med_precond;eeg_fm_specent_precond;hrv_rmssd_precond;eeg_faa_precond;pupil_full_pupil_asymmetry_precond;eeg_tleft_lbeta_power_precond;pupil_full_pupil_mean_precond;eda_peakarea_precond"
2025-12-19 16:24:44.701707,44,"stress_label",10,32,0.03125,0.5,0.494186046511628,NA,10,"top10","hr_med_precond;hr_sd_precond;eda_med_precond;eeg_fm_specent_precond;hrv_rmssd_precond;eeg_faa_precond;pupil_full_pupil_asymmetry_precond;eeg_tleft_lbeta_power_precond;pupil_full_pupil_mean_precond;eda_peakarea_precond"
2025-12-19 16:24:44.942615,44,"stress_label",10,64,0.03125,0.488372093023256,0.517441860465116,NA,10,"top10","hr_med_precond;hr_sd_precond;eda_med_precond;eeg_fm_specent_precond;hrv_rmssd_precond;eeg_faa_precond;pupil_full_pupil_asymmetry_precond;eeg_tleft_lbeta_power_precond;pupil_full_pupil_mean_precond;eda_peakarea_precond"
2025-12-19 16:24:45.121625,44,"stress_label",10,128,0.03125,0.453488372093023,0.523255813953488,NA,10,"top10","hr_med_precond;hr_sd_precond;eda_med_precond;eeg_fm_specent_precond;hrv_rmssd_precond;eeg_faa_precond;pupil_full_pupil_asymmetry_precond;eeg_tleft_lbeta_power_precond;pupil_full_pupil_mean_precond;eda_peakarea_precond"
2025-12-19 16:24:45.550346,44,"stress_label",10,256,0.03125,0.482558139534884,0.517441860465116,NA,10,"top10","hr_med_precond;hr_sd_precond;eda_med_precond;eeg_fm_specent_precond;hrv_rmssd_precond;eeg_faa_precond;pupil_full_pupil_asymmetry_precond;eeg_tleft_lbeta_power_precond;pupil_full_pupil_mean_precond;eda_peakarea_precond"
2025-12-19 16:24:44.629524,44,"stress_label",10,2,0.0625,0.534883720930233,0.505813953488372,0.509302325581395,10,"top10","hr_med_precond;hr_sd_precond;eda_med_precond;eeg_fm_specent_precond;hrv_rmssd_precond;eeg_faa_precond;pupil_full_pupil_asymmetry_precond;eeg_tleft_lbeta_power_precond;pupil_full_pupil_mean_precond;eda_peakarea_precond"
2025-12-19 16:24:44.705831,44,"stress_label",10,4,0.0625,0.494186046511628,0.505813953488372,0.475968992248062,10,"top10","hr_med_precond;hr_sd_precond;eda_med_precond;eeg_fm_specent_precond;hrv_rmssd_precond;eeg_faa_precond;pupil_full_pupil_asymmetry_precond;eeg_tleft_lbeta_power_precond;pupil_full_pupil_mean_precond;eda_peakarea_precond"
2025-12-19 16:24:44.834656,44,"stress_label",10,8,0.0625,0.494186046511628,0.517441860465116,NA,10,"top10","hr_med_precond;hr_sd_precond;eda_med_precond;eeg_fm_specent_precond;hrv_rmssd_precond;eeg_faa_precond;pupil_full_pupil_asymmetry_precond;eeg_tleft_lbeta_power_precond;pupil_full_pupil_mean_precond;eda_peakarea_precond"
2025-12-19 16:24:45.003423,44,"stress_label",10,16,0.0625,0.476744186046512,0.482558139534884,NA,10,"top10","hr_med_precond;hr_sd_precond;eda_med_precond;eeg_fm_specent_precond;hrv_rmssd_precond;eeg_faa_precond;pupil_full_pupil_asymmetry_precond;eeg_tleft_lbeta_power_precond;pupil_full_pupil_mean_precond;eda_peakarea_precond"
2025-12-19 16:24:45.970577,44,"stress_label",10,32,0.0625,0.494186046511628,0.529069767441861,NA,10,"top10","hr_med_precond;hr_sd_precond;eda_med_precond;eeg_fm_specent_precond;hrv_rmssd_precond;eeg_faa_precond;pupil_full_pupil_asymmetry_precond;eeg_tleft_lbeta_power_precond;pupil_full_pupil_mean_precond;eda_peakarea_precond"
2025-12-19 16:24:46.116624,44,"stress_label",10,64,0.0625,0.517441860465116,0.447674418604651,NA,10,"top10","hr_med_precond;hr_sd_precond;eda_med_precond;eeg_fm_specent_precond;hrv_rmssd_precond;eeg_faa_precond;pupil_full_pupil_asymmetry_precond;eeg_tleft_lbeta_power_precond;pupil_full_pupil_mean_precond;eda_peakarea_precond"
2025-12-19 16:24:46.26801,44,"stress_label",10,128,0.0625,0.517441860465116,0.494186046511628,NA,10,"top10","hr_med_precond;hr_sd_precond;eda_med_precond;eeg_fm_specent_precond;hrv_rmssd_precond;eeg_faa_precond;pupil_full_pupil_asymmetry_precond;eeg_tleft_lbeta_power_precond;pupil_full_pupil_mean_precond;eda_peakarea_precond"
2025-12-19 16:24:46.245376,44,"stress_label",10,256,0.0625,0.517441860465116,0.546511627906977,NA,10,"top10","hr_med_precond;hr_sd_precond;eda_med_precond;eeg_fm_specent_precond;hrv_rmssd_precond;eeg_faa_precond;pupil_full_pupil_asymmetry_precond;eeg_tleft_lbeta_power_precond;pupil_full_pupil_mean_precond;eda_peakarea_precond"
2025-12-19 16:24:45.815482,44,"stress_label",10,2,0.125,0.511627906976744,0.459302325581395,NA,10,"top10","hr_med_precond;hr_sd_precond;eda_med_precond;eeg_fm_specent_precond;hrv_rmssd_precond;eeg_faa_precond;pupil_full_pupil_asymmetry_precond;eeg_tleft_lbeta_power_precond;pupil_full_pupil_mean_precond;eda_peakarea_precond"
2025-12-19 16:24:45.928351,44,"stress_label",10,4,0.125,0.488372093023256,0.482558139534884,NA,10,"top10","hr_med_precond;hr_sd_precond;eda_med_precond;eeg_fm_specent_precond;hrv_rmssd_precond;eeg_faa_precond;pupil_full_pupil_asymmetry_precond;eeg_tleft_lbeta_power_precond;pupil_full_pupil_mean_precond;eda_peakarea_precond"
2025-12-19 16:24:46.000049,44,"stress_label",10,8,0.125,0.534883720930233,0.465116279069767,NA,10,"top10","hr_med_precond;hr_sd_precond;eda_med_precond;eeg_fm_specent_precond;hrv_rmssd_precond;eeg_faa_precond;pupil_full_pupil_asymmetry_precond;eeg_tleft_lbeta_power_precond;pupil_full_pupil_mean_precond;eda_peakarea_precond"
2025-12-19 16:24:46.1863,44,"stress_label",10,16,0.125,0.523255813953488,0.5,NA,10,"top10","hr_med_precond;hr_sd_precond;eda_med_precond;eeg_fm_specent_precond;hrv_rmssd_precond;eeg_faa_precond;pupil_full_pupil_asymmetry_precond;eeg_tleft_lbeta_power_precond;pupil_full_pupil_mean_precond;eda_peakarea_precond"
2025-12-19 16:24:46.191521,44,"stress_label",10,32,0.125,0.523255813953488,0.552325581395349,NA,10,"top10","hr_med_precond;hr_sd_precond;eda_med_precond;eeg_fm_specent_precond;hrv_rmssd_precond;eeg_faa_precond;pupil_full_pupil_asymmetry_precond;eeg_tleft_lbeta_power_precond;pupil_full_pupil_mean_precond;eda_peakarea_precond"
2025-12-19 16:24:46.319331,44,"stress_label",10,64,0.125,0.552325581395349,0.5,NA,10,"top10","hr_med_precond;hr_sd_precond;eda_med_precond;eeg_fm_specent_precond;hrv_rmssd_precond;eeg_faa_precond;pupil_full_pupil_asymmetry_precond;eeg_tleft_lbeta_power_precond;pupil_full_pupil_mean_precond;eda_peakarea_precond"
2025-12-19 16:24:46.407143,44,"stress_label",10,128,0.125,0.552325581395349,0.465116279069767,NA,10,"top10","hr_med_precond;hr_sd_precond;eda_med_precond;eeg_fm_specent_precond;hrv_rmssd_precond;eeg_faa_precond;pupil_full_pupil_asymmetry_precond;eeg_tleft_lbeta_power_precond;pupil_full_pupil_mean_precond;eda_peakarea_precond"
2025-12-19 16:24:46.486089,44,"stress_label",10,256,0.125,0.552325581395349,0.511627906976744,NA,10,"top10","hr_med_precond;hr_sd_precond;eda_med_precond;eeg_fm_specent_precond;hrv_rmssd_precond;eeg_faa_precond;pupil_full_pupil_asymmetry_precond;eeg_tleft_lbeta_power_precond;pupil_full_pupil_mean_precond;eda_peakarea_precond"
2025-12-19 16:24:46.338102,44,"stress_label",10,2,0.03,0.540697674418605,0.552325581395349,0.521705426356589,10,"top10","hr_med_precond;hr_sd_precond;eda_med_precond;eeg_fm_specent_precond;hrv_rmssd_precond;eeg_faa_precond;pupil_full_pupil_asymmetry_precond;eeg_tleft_lbeta_power_precond;pupil_full_pupil_mean_precond;eda_peakarea_precond"
2025-12-19 16:24:46.689349,44,"stress_label",10,4,0.03,0.5,0.534883720930233,0.469767441860465,10,"top10","hr_med_precond;hr_sd_precond;eda_med_precond;eeg_fm_specent_precond;hrv_rmssd_precond;eeg_faa_precond;pupil_full_pupil_asymmetry_precond;eeg_tleft_lbeta_power_precond;pupil_full_pupil_mean_precond;eda_peakarea_precond"
2025-12-19 16:24:46.96639,44,"stress_label",10,8,0.03,0.5,0.534883720930233,0.471317829457364,10,"top10","hr_med_precond;hr_sd_precond;eda_med_precond;eeg_fm_specent_precond;hrv_rmssd_precond;eeg_faa_precond;pupil_full_pupil_asymmetry_precond;eeg_tleft_lbeta_power_precond;pupil_full_pupil_mean_precond;eda_peakarea_precond"
2025-12-19 16:24:47.073502,44,"stress_label",10,16,0.03,0.5,0.529069767441861,0.491472868217054,10,"top10","hr_med_precond;hr_sd_precond;eda_med_precond;eeg_fm_specent_precond;hrv_rmssd_precond;eeg_faa_precond;pupil_full_pupil_asymmetry_precond;eeg_tleft_lbeta_power_precond;pupil_full_pupil_mean_precond;eda_peakarea_precond"
2025-12-19 16:24:47.259017,44,"stress_label",10,32,0.03,0.5,0.482558139534884,NA,10,"top10","hr_med_precond;hr_sd_precond;eda_med_precond;eeg_fm_specent_precond;hrv_rmssd_precond;eeg_faa_precond;pupil_full_pupil_asymmetry_precond;eeg_tleft_lbeta_power_precond;pupil_full_pupil_mean_precond;eda_peakarea_precond"
2025-12-19 16:24:47.433273,44,"stress_label",10,64,0.03,0.488372093023256,0.494186046511628,NA,10,"top10","hr_med_precond;hr_sd_precond;eda_med_precond;eeg_fm_specent_precond;hrv_rmssd_precond;eeg_faa_precond;pupil_full_pupil_asymmetry_precond;eeg_tleft_lbeta_power_precond;pupil_full_pupil_mean_precond;eda_peakarea_precond"
2025-12-19 16:24:47.763831,44,"stress_label",10,128,0.03,0.47093023255814,0.511627906976744,NA,10,"top10","hr_med_precond;hr_sd_precond;eda_med_precond;eeg_fm_specent_precond;hrv_rmssd_precond;eeg_faa_precond;pupil_full_pupil_asymmetry_precond;eeg_tleft_lbeta_power_precond;pupil_full_pupil_mean_precond;eda_peakarea_precond"
2025-12-19 16:24:48.12787,44,"stress_label",10,256,0.03,0.47093023255814,0.482558139534884,NA,10,"top10","hr_med_precond;hr_sd_precond;eda_med_precond;eeg_fm_specent_precond;hrv_rmssd_precond;eeg_faa_precond;pupil_full_pupil_asymmetry_precond;eeg_tleft_lbeta_power_precond;pupil_full_pupil_mean_precond;eda_peakarea_precond"
2025-12-19 16:24:47.323429,44,"stress_label",10,2,0.06,0.534883720930233,0.482558139534884,0.502325581395349,10,"top10","hr_med_precond;hr_sd_precond;eda_med_precond;eeg_fm_specent_precond;hrv_rmssd_precond;eeg_faa_precond;pupil_full_pupil_asymmetry_precond;eeg_tleft_lbeta_power_precond;pupil_full_pupil_mean_precond;eda_peakarea_precond"
2025-12-19 16:24:47.383036,44,"stress_label",10,4,0.06,0.494186046511628,0.494186046511628,0.475968992248062,10,"top10","hr_med_precond;hr_sd_precond;eda_med_precond;eeg_fm_specent_precond;hrv_rmssd_precond;eeg_faa_precond;pupil_full_pupil_asymmetry_precond;eeg_tleft_lbeta_power_precond;pupil_full_pupil_mean_precond;eda_peakarea_precond"
2025-12-19 16:24:47.425998,44,"stress_label",10,8,0.06,0.482558139534884,0.465116279069767,NA,10,"top10","hr_med_precond;hr_sd_precond;eda_med_precond;eeg_fm_specent_precond;hrv_rmssd_precond;eeg_faa_precond;pupil_full_pupil_asymmetry_precond;eeg_tleft_lbeta_power_precond;pupil_full_pupil_mean_precond;eda_peakarea_precond"
2025-12-19 16:24:47.600458,44,"stress_label",10,16,0.06,0.47093023255814,0.447674418604651,NA,10,"top10","hr_med_precond;hr_sd_precond;eda_med_precond;eeg_fm_specent_precond;hrv_rmssd_precond;eeg_faa_precond;pupil_full_pupil_asymmetry_precond;eeg_tleft_lbeta_power_precond;pupil_full_pupil_mean_precond;eda_peakarea_precond"
2025-12-19 16:24:47.754345,44,"stress_label",10,32,0.06,0.494186046511628,0.476744186046512,NA,10,"top10","hr_med_precond;hr_sd_precond;eda_med_precond;eeg_fm_specent_precond;hrv_rmssd_precond;eeg_faa_precond;pupil_full_pupil_asymmetry_precond;eeg_tleft_lbeta_power_precond;pupil_full_pupil_mean_precond;eda_peakarea_precond"
2025-12-19 16:24:47.934468,44,"stress_label",10,64,0.06,0.505813953488372,0.430232558139535,NA,10,"top10","hr_med_precond;hr_sd_precond;eda_med_precond;eeg_fm_specent_precond;hrv_rmssd_precond;eeg_faa_precond;pupil_full_pupil_asymmetry_precond;eeg_tleft_lbeta_power_precond;pupil_full_pupil_mean_precond;eda_peakarea_precond"
2025-12-19 16:24:48.118173,44,"stress_label",10,128,0.06,0.523255813953488,0.459302325581395,NA,10,"top10","hr_med_precond;hr_sd_precond;eda_med_precond;eeg_fm_specent_precond;hrv_rmssd_precond;eeg_faa_precond;pupil_full_pupil_asymmetry_precond;eeg_tleft_lbeta_power_precond;pupil_full_pupil_mean_precond;eda_peakarea_precond"
2025-12-19 16:24:48.254235,44,"stress_label",10,256,0.06,0.517441860465116,0.494186046511628,NA,10,"top10","hr_med_precond;hr_sd_precond;eda_med_precond;eeg_fm_specent_precond;hrv_rmssd_precond;eeg_faa_precond;pupil_full_pupil_asymmetry_precond;eeg_tleft_lbeta_power_precond;pupil_full_pupil_mean_precond;eda_peakarea_precond"
2025-12-19 16:24:48.046887,44,"stress_label",10,2,0.1,0.523255813953488,0.441860465116279,0.515503875968992,10,"top10","hr_med_precond;hr_sd_precond;eda_med_precond;eeg_fm_specent_precond;hrv_rmssd_precond;eeg_faa_precond;pupil_full_pupil_asymmetry_precond;eeg_tleft_lbeta_power_precond;pupil_full_pupil_mean_precond;eda_peakarea_precond"
2025-12-19 16:24:48.185142,44,"stress_label",10,4,0.1,0.505813953488372,0.430232558139535,NA,10,"top10","hr_med_precond;hr_sd_precond;eda_med_precond;eeg_fm_specent_precond;hrv_rmssd_precond;eeg_faa_precond;pupil_full_pupil_asymmetry_precond;eeg_tleft_lbeta_power_precond;pupil_full_pupil_mean_precond;eda_peakarea_precond"
2025-12-19 16:24:48.378681,44,"stress_label",10,8,0.1,0.47093023255814,0.436046511627907,NA,10,"top10","hr_med_precond;hr_sd_precond;eda_med_precond;eeg_fm_specent_precond;hrv_rmssd_precond;eeg_faa_precond;pupil_full_pupil_asymmetry_precond;eeg_tleft_lbeta_power_precond;pupil_full_pupil_mean_precond;eda_peakarea_precond"
2025-12-19 16:24:48.453112,44,"stress_label",10,16,0.1,0.534883720930233,0.482558139534884,NA,10,"top10","hr_med_precond;hr_sd_precond;eda_med_precond;eeg_fm_specent_precond;hrv_rmssd_precond;eeg_faa_precond;pupil_full_pupil_asymmetry_precond;eeg_tleft_lbeta_power_precond;pupil_full_pupil_mean_precond;eda_peakarea_precond"
2025-12-19 16:24:48.563601,44,"stress_label",10,32,0.1,0.529069767441861,0.447674418604651,NA,10,"top10","hr_med_precond;hr_sd_precond;eda_med_precond;eeg_fm_specent_precond;hrv_rmssd_precond;eeg_faa_precond;pupil_full_pupil_asymmetry_precond;eeg_tleft_lbeta_power_precond;pupil_full_pupil_mean_precond;eda_peakarea_precond"
2025-12-19 16:24:48.576217,44,"stress_label",10,64,0.1,0.529069767441861,0.424418604651163,NA,10,"top10","hr_med_precond;hr_sd_precond;eda_med_precond;eeg_fm_specent_precond;hrv_rmssd_precond;eeg_faa_precond;pupil_full_pupil_asymmetry_precond;eeg_tleft_lbeta_power_precond;pupil_full_pupil_mean_precond;eda_peakarea_precond"
2025-12-19 16:24:48.600008,44,"stress_label",10,128,0.1,0.546511627906977,0.436046511627907,NA,10,"top10","hr_med_precond;hr_sd_precond;eda_med_precond;eeg_fm_specent_precond;hrv_rmssd_precond;eeg_faa_precond;pupil_full_pupil_asymmetry_precond;eeg_tleft_lbeta_power_precond;pupil_full_pupil_mean_precond;eda_peakarea_precond"
2025-12-19 16:24:48.714253,44,"stress_label",10,256,0.1,0.546511627906977,0.517441860465116,NA,10,"top10","hr_med_precond;hr_sd_precond;eda_med_precond;eeg_fm_specent_precond;hrv_rmssd_precond;eeg_faa_precond;pupil_full_pupil_asymmetry_precond;eeg_tleft_lbeta_power_precond;pupil_full_pupil_mean_precond;eda_peakarea_precond"
2025-12-19 16:24:50.149963,45,"stress_label",10,2,0.0078125,0.563953488372093,0.598837209302326,0.545736434108527,10,"top10","hr_sd_precond;hr_med_precond;eda_med_precond;eeg_fm_lbeta_power_precond;eeg_fm_specent_precond;hrv_rmssd_precond;eeg_faa_precond;pupil_full_pupil_asymmetry_precond;eda_peakarea_precond;eeg_fl_theta_power_precond"
2025-12-19 16:24:50.136909,45,"stress_label",10,4,0.0078125,0.587209302325581,0.616279069767442,0.582170542635659,10,"top10","hr_sd_precond;hr_med_precond;eda_med_precond;eeg_fm_lbeta_power_precond;eeg_fm_specent_precond;hrv_rmssd_precond;eeg_faa_precond;pupil_full_pupil_asymmetry_precond;eda_peakarea_precond;eeg_fl_theta_power_precond"
2025-12-19 16:24:50.139098,45,"stress_label",10,8,0.0078125,0.581395348837209,0.598837209302326,0.574418604651163,10,"top10","hr_sd_precond;hr_med_precond;eda_med_precond;eeg_fm_lbeta_power_precond;eeg_fm_specent_precond;hrv_rmssd_precond;eeg_faa_precond;pupil_full_pupil_asymmetry_precond;eda_peakarea_precond;eeg_fl_theta_power_precond"
2025-12-19 16:24:50.098985,45,"stress_label",10,16,0.0078125,0.587209302325581,0.563953488372093,0.575193798449612,10,"top10","hr_sd_precond;hr_med_precond;eda_med_precond;eeg_fm_lbeta_power_precond;eeg_fm_specent_precond;hrv_rmssd_precond;eeg_faa_precond;pupil_full_pupil_asymmetry_precond;eda_peakarea_precond;eeg_fl_theta_power_precond"
2025-12-19 16:24:50.113896,45,"stress_label",10,32,0.0078125,0.581395348837209,0.569767441860465,0.588372093023256,10,"top10","hr_sd_precond;hr_med_precond;eda_med_precond;eeg_fm_lbeta_power_precond;eeg_fm_specent_precond;hrv_rmssd_precond;eeg_faa_precond;pupil_full_pupil_asymmetry_precond;eda_peakarea_precond;eeg_fl_theta_power_precond"
2025-12-19 16:24:50.149292,45,"stress_label",10,64,0.0078125,0.575581395348837,0.558139534883721,0.583720930232558,10,"top10","hr_sd_precond;hr_med_precond;eda_med_precond;eeg_fm_lbeta_power_precond;eeg_fm_specent_precond;hrv_rmssd_precond;eeg_faa_precond;pupil_full_pupil_asymmetry_precond;eda_peakarea_precond;eeg_fl_theta_power_precond"
2025-12-19 16:24:50.225518,45,"stress_label",10,128,0.0078125,0.587209302325581,0.529069767441861,0.593798449612403,10,"top10","hr_sd_precond;hr_med_precond;eda_med_precond;eeg_fm_lbeta_power_precond;eeg_fm_specent_precond;hrv_rmssd_precond;eeg_faa_precond;pupil_full_pupil_asymmetry_precond;eda_peakarea_precond;eeg_fl_theta_power_precond"
2025-12-19 16:24:50.368157,45,"stress_label",10,256,0.0078125,0.529069767441861,0.511627906976744,0.516279069767442,10,"top10","hr_sd_precond;hr_med_precond;eda_med_precond;eeg_fm_lbeta_power_precond;eeg_fm_specent_precond;hrv_rmssd_precond;eeg_faa_precond;pupil_full_pupil_asymmetry_precond;eda_peakarea_precond;eeg_fl_theta_power_precond"
2025-12-19 16:24:50.133181,45,"stress_label",10,2,0.015625,0.581395348837209,0.598837209302326,0.57906976744186,10,"top10","hr_sd_precond;hr_med_precond;eda_med_precond;eeg_fm_lbeta_power_precond;eeg_fm_specent_precond;hrv_rmssd_precond;eeg_faa_precond;pupil_full_pupil_asymmetry_precond;eda_peakarea_precond;eeg_fl_theta_power_precond"
2025-12-19 16:24:50.172186,45,"stress_label",10,4,0.015625,0.587209302325581,0.581395348837209,0.591472868217054,10,"top10","hr_sd_precond;hr_med_precond;eda_med_precond;eeg_fm_lbeta_power_precond;eeg_fm_specent_precond;hrv_rmssd_precond;eeg_faa_precond;pupil_full_pupil_asymmetry_precond;eda_peakarea_precond;eeg_fl_theta_power_precond"
2025-12-19 16:24:50.083115,45,"stress_label",10,8,0.015625,0.593023255813954,0.575581395348837,0.60077519379845,10,"top10","hr_sd_precond;hr_med_precond;eda_med_precond;eeg_fm_lbeta_power_precond;eeg_fm_specent_precond;hrv_rmssd_precond;eeg_faa_precond;pupil_full_pupil_asymmetry_precond;eda_peakarea_precond;eeg_fl_theta_power_precond"
2025-12-19 16:24:50.092974,45,"stress_label",10,16,0.015625,0.581395348837209,0.569767441860465,0.582945736434109,10,"top10","hr_sd_precond;hr_med_precond;eda_med_precond;eeg_fm_lbeta_power_precond;eeg_fm_specent_precond;hrv_rmssd_precond;eeg_faa_precond;pupil_full_pupil_asymmetry_precond;eda_peakarea_precond;eeg_fl_theta_power_precond"
2025-12-19 16:24:50.174076,45,"stress_label",10,32,0.015625,0.581395348837209,0.546511627906977,0.586046511627907,10,"top10","hr_sd_precond;hr_med_precond;eda_med_precond;eeg_fm_lbeta_power_precond;eeg_fm_specent_precond;hrv_rmssd_precond;eeg_faa_precond;pupil_full_pupil_asymmetry_precond;eda_peakarea_precond;eeg_fl_theta_power_precond"
2025-12-19 16:24:50.231016,45,"stress_label",10,64,0.015625,0.540697674418605,0.534883720930233,0.52093023255814,10,"top10","hr_sd_precond;hr_med_precond;eda_med_precond;eeg_fm_lbeta_power_precond;eeg_fm_specent_precond;hrv_rmssd_precond;eeg_faa_precond;pupil_full_pupil_asymmetry_precond;eda_peakarea_precond;eeg_fl_theta_power_precond"
2025-12-19 16:24:51.509296,45,"stress_label",10,128,0.015625,0.523255813953488,0.476744186046512,0.509302325581395,10,"top10","hr_sd_precond;hr_med_precond;eda_med_precond;eeg_fm_lbeta_power_precond;eeg_fm_specent_precond;hrv_rmssd_precond;eeg_faa_precond;pupil_full_pupil_asymmetry_precond;eda_peakarea_precond;eeg_fl_theta_power_precond"
2025-12-19 16:24:51.813028,45,"stress_label",10,256,0.015625,0.517441860465116,0.36046511627907,0.530232558139535,10,"top10","hr_sd_precond;hr_med_precond;eda_med_precond;eeg_fm_lbeta_power_precond;eeg_fm_specent_precond;hrv_rmssd_precond;eeg_faa_precond;pupil_full_pupil_asymmetry_precond;eda_peakarea_precond;eeg_fl_theta_power_precond"
2025-12-19 16:24:51.22941,45,"stress_label",10,2,0.03125,0.598837209302326,0.587209302325581,0.608527131782946,10,"top10","hr_sd_precond;hr_med_precond;eda_med_precond;eeg_fm_lbeta_power_precond;eeg_fm_specent_precond;hrv_rmssd_precond;eeg_faa_precond;pupil_full_pupil_asymmetry_precond;eda_peakarea_precond;eeg_fl_theta_power_precond"
2025-12-19 16:24:51.243709,45,"stress_label",10,4,0.03125,0.587209302325581,0.563953488372093,0.591472868217054,10,"top10","hr_sd_precond;hr_med_precond;eda_med_precond;eeg_fm_lbeta_power_precond;eeg_fm_specent_precond;hrv_rmssd_precond;eeg_faa_precond;pupil_full_pupil_asymmetry_precond;eda_peakarea_precond;eeg_fl_theta_power_precond"
2025-12-19 16:24:51.287091,45,"stress_label",10,8,0.03125,0.558139534883721,0.546511627906977,0.562015503875969,10,"top10","hr_sd_precond;hr_med_precond;eda_med_precond;eeg_fm_lbeta_power_precond;eeg_fm_specent_precond;hrv_rmssd_precond;eeg_faa_precond;pupil_full_pupil_asymmetry_precond;eda_peakarea_precond;eeg_fl_theta_power_precond"
2025-12-19 16:24:51.344096,45,"stress_label",10,16,0.03125,0.552325581395349,0.552325581395349,NA,10,"top10","hr_sd_precond;hr_med_precond;eda_med_precond;eeg_fm_lbeta_power_precond;eeg_fm_specent_precond;hrv_rmssd_precond;eeg_faa_precond;pupil_full_pupil_asymmetry_precond;eda_peakarea_precond;eeg_fl_theta_power_precond"
2025-12-19 16:24:51.382379,45,"stress_label",10,32,0.03125,0.546511627906977,0.47093023255814,0.544186046511628,10,"top10","hr_sd_precond;hr_med_precond;eda_med_precond;eeg_fm_lbeta_power_precond;eeg_fm_specent_precond;hrv_rmssd_precond;eeg_faa_precond;pupil_full_pupil_asymmetry_precond;eda_peakarea_precond;eeg_fl_theta_power_precond"
2025-12-19 16:24:51.545992,45,"stress_label",10,64,0.03125,0.517441860465116,0.476744186046512,0.512403100775194,10,"top10","hr_sd_precond;hr_med_precond;eda_med_precond;eeg_fm_lbeta_power_precond;eeg_fm_specent_precond;hrv_rmssd_precond;eeg_faa_precond;pupil_full_pupil_asymmetry_precond;eda_peakarea_precond;eeg_fl_theta_power_precond"
2025-12-19 16:24:51.756375,45,"stress_label",10,128,0.03125,0.505813953488372,0.430232558139535,0.490697674418605,10,"top10","hr_sd_precond;hr_med_precond;eda_med_precond;eeg_fm_lbeta_power_precond;eeg_fm_specent_precond;hrv_rmssd_precond;eeg_faa_precond;pupil_full_pupil_asymmetry_precond;eda_peakarea_precond;eeg_fl_theta_power_precond"
2025-12-19 16:24:52.10377,45,"stress_label",10,256,0.03125,0.459302325581395,0.377906976744186,0.457364341085271,10,"top10","hr_sd_precond;hr_med_precond;eda_med_precond;eeg_fm_lbeta_power_precond;eeg_fm_specent_precond;hrv_rmssd_precond;eeg_faa_precond;pupil_full_pupil_asymmetry_precond;eda_peakarea_precond;eeg_fl_theta_power_precond"
2025-12-19 16:24:51.29812,45,"stress_label",10,2,0.0625,0.558139534883721,0.517441860465116,0.565891472868217,10,"top10","hr_sd_precond;hr_med_precond;eda_med_precond;eeg_fm_lbeta_power_precond;eeg_fm_specent_precond;hrv_rmssd_precond;eeg_faa_precond;pupil_full_pupil_asymmetry_precond;eda_peakarea_precond;eeg_fl_theta_power_precond"
2025-12-19 16:24:51.356086,45,"stress_label",10,4,0.0625,0.581395348837209,0.558139534883721,0.593023255813954,10,"top10","hr_sd_precond;hr_med_precond;eda_med_precond;eeg_fm_lbeta_power_precond;eeg_fm_specent_precond;hrv_rmssd_precond;eeg_faa_precond;pupil_full_pupil_asymmetry_precond;eda_peakarea_precond;eeg_fl_theta_power_precond"
2025-12-19 16:24:51.412412,45,"stress_label",10,8,0.0625,0.563953488372093,0.529069767441861,NA,10,"top10","hr_sd_precond;hr_med_precond;eda_med_precond;eeg_fm_lbeta_power_precond;eeg_fm_specent_precond;hrv_rmssd_precond;eeg_faa_precond;pupil_full_pupil_asymmetry_precond;eda_peakarea_precond;eeg_fl_theta_power_precond"
2025-12-19 16:24:51.582966,45,"stress_label",10,16,0.0625,0.5,0.348837209302326,0.507751937984496,10,"top10","hr_sd_precond;hr_med_precond;eda_med_precond;eeg_fm_lbeta_power_precond;eeg_fm_specent_precond;hrv_rmssd_precond;eeg_faa_precond;pupil_full_pupil_asymmetry_precond;eda_peakarea_precond;eeg_fl_theta_power_precond"
2025-12-19 16:24:52.589911,45,"stress_label",10,32,0.0625,0.5,0.430232558139535,NA,10,"top10","hr_sd_precond;hr_med_precond;eda_med_precond;eeg_fm_lbeta_power_precond;eeg_fm_specent_precond;hrv_rmssd_precond;eeg_faa_precond;pupil_full_pupil_asymmetry_precond;eda_peakarea_precond;eeg_fl_theta_power_precond"
2025-12-19 16:24:52.739651,45,"stress_label",10,64,0.0625,0.459302325581395,0.406976744186047,0.462015503875969,10,"top10","hr_sd_precond;hr_med_precond;eda_med_precond;eeg_fm_lbeta_power_precond;eeg_fm_specent_precond;hrv_rmssd_precond;eeg_faa_precond;pupil_full_pupil_asymmetry_precond;eda_peakarea_precond;eeg_fl_theta_power_precond"
2025-12-19 16:24:52.881385,45,"stress_label",10,128,0.0625,0.476744186046512,0.459302325581395,NA,10,"top10","hr_sd_precond;hr_med_precond;eda_med_precond;eeg_fm_lbeta_power_precond;eeg_fm_specent_precond;hrv_rmssd_precond;eeg_faa_precond;pupil_full_pupil_asymmetry_precond;eda_peakarea_precond;eeg_fl_theta_power_precond"
2025-12-19 16:24:53.010696,45,"stress_label",10,256,0.0625,0.505813953488372,0.430232558139535,0.496124031007752,10,"top10","hr_sd_precond;hr_med_precond;eda_med_precond;eeg_fm_lbeta_power_precond;eeg_fm_specent_precond;hrv_rmssd_precond;eeg_faa_precond;pupil_full_pupil_asymmetry_precond;eda_peakarea_precond;eeg_fl_theta_power_precond"
2025-12-19 16:24:52.488806,45,"stress_label",10,2,0.125,0.575581395348837,0.482558139534884,NA,10,"top10","hr_sd_precond;hr_med_precond;eda_med_precond;eeg_fm_lbeta_power_precond;eeg_fm_specent_precond;hrv_rmssd_precond;eeg_faa_precond;pupil_full_pupil_asymmetry_precond;eda_peakarea_precond;eeg_fl_theta_power_precond"
2025-12-19 16:24:52.535331,45,"stress_label",10,4,0.125,0.534883720930233,0.354651162790698,NA,10,"top10","hr_sd_precond;hr_med_precond;eda_med_precond;eeg_fm_lbeta_power_precond;eeg_fm_specent_precond;hrv_rmssd_precond;eeg_faa_precond;pupil_full_pupil_asymmetry_precond;eda_peakarea_precond;eeg_fl_theta_power_precond"
2025-12-19 16:24:52.635311,45,"stress_label",10,8,0.125,0.517441860465116,0.47093023255814,0.512403100775194,10,"top10","hr_sd_precond;hr_med_precond;eda_med_precond;eeg_fm_lbeta_power_precond;eeg_fm_specent_precond;hrv_rmssd_precond;eeg_faa_precond;pupil_full_pupil_asymmetry_precond;eda_peakarea_precond;eeg_fl_theta_power_precond"
2025-12-19 16:24:52.696179,45,"stress_label",10,16,0.125,0.482558139534884,0.459302325581395,NA,10,"top10","hr_sd_precond;hr_med_precond;eda_med_precond;eeg_fm_lbeta_power_precond;eeg_fm_specent_precond;hrv_rmssd_precond;eeg_faa_precond;pupil_full_pupil_asymmetry_precond;eda_peakarea_precond;eeg_fl_theta_power_precond"
2025-12-19 16:24:52.865539,45,"stress_label",10,32,0.125,0.494186046511628,0.401162790697674,NA,10,"top10","hr_sd_precond;hr_med_precond;eda_med_precond;eeg_fm_lbeta_power_precond;eeg_fm_specent_precond;hrv_rmssd_precond;eeg_faa_precond;pupil_full_pupil_asymmetry_precond;eda_peakarea_precond;eeg_fl_theta_power_precond"
2025-12-19 16:24:52.903534,45,"stress_label",10,64,0.125,0.488372093023256,0.418604651162791,NA,10,"top10","hr_sd_precond;hr_med_precond;eda_med_precond;eeg_fm_lbeta_power_precond;eeg_fm_specent_precond;hrv_rmssd_precond;eeg_faa_precond;pupil_full_pupil_asymmetry_precond;eda_peakarea_precond;eeg_fl_theta_power_precond"
2025-12-19 16:24:52.949331,45,"stress_label",10,128,0.125,0.494186046511628,0.436046511627907,NA,10,"top10","hr_sd_precond;hr_med_precond;eda_med_precond;eeg_fm_lbeta_power_precond;eeg_fm_specent_precond;hrv_rmssd_precond;eeg_faa_precond;pupil_full_pupil_asymmetry_precond;eda_peakarea_precond;eeg_fl_theta_power_precond"
2025-12-19 16:24:53.104543,45,"stress_label",10,256,0.125,0.494186046511628,0.447674418604651,NA,10,"top10","hr_sd_precond;hr_med_precond;eda_med_precond;eeg_fm_lbeta_power_precond;eeg_fm_specent_precond;hrv_rmssd_precond;eeg_faa_precond;pupil_full_pupil_asymmetry_precond;eda_peakarea_precond;eeg_fl_theta_power_precond"
2025-12-19 16:24:52.926795,45,"stress_label",10,2,0.03,0.598837209302326,0.581395348837209,0.611627906976744,10,"top10","hr_sd_precond;hr_med_precond;eda_med_precond;eeg_fm_lbeta_power_precond;eeg_fm_specent_precond;hrv_rmssd_precond;eeg_faa_precond;pupil_full_pupil_asymmetry_precond;eda_peakarea_precond;eeg_fl_theta_power_precond"
2025-12-19 16:24:53.253334,45,"stress_label",10,4,0.03,0.587209302325581,0.569767441860465,0.592248062015504,10,"top10","hr_sd_precond;hr_med_precond;eda_med_precond;eeg_fm_lbeta_power_precond;eeg_fm_specent_precond;hrv_rmssd_precond;eeg_faa_precond;pupil_full_pupil_asymmetry_precond;eda_peakarea_precond;eeg_fl_theta_power_precond"
2025-12-19 16:24:53.716018,45,"stress_label",10,8,0.03,0.563953488372093,0.546511627906977,0.564341085271318,10,"top10","hr_sd_precond;hr_med_precond;eda_med_precond;eeg_fm_lbeta_power_precond;eeg_fm_specent_precond;hrv_rmssd_precond;eeg_faa_precond;pupil_full_pupil_asymmetry_precond;eda_peakarea_precond;eeg_fl_theta_power_precond"
2025-12-19 16:24:53.789464,45,"stress_label",10,16,0.03,0.563953488372093,0.552325581395349,NA,10,"top10","hr_sd_precond;hr_med_precond;eda_med_precond;eeg_fm_lbeta_power_precond;eeg_fm_specent_precond;hrv_rmssd_precond;eeg_faa_precond;pupil_full_pupil_asymmetry_precond;eda_peakarea_precond;eeg_fl_theta_power_precond"
2025-12-19 16:24:53.941107,45,"stress_label",10,32,0.03,0.558139534883721,0.534883720930233,0.558914728682171,10,"top10","hr_sd_precond;hr_med_precond;eda_med_precond;eeg_fm_lbeta_power_precond;eeg_fm_specent_precond;hrv_rmssd_precond;eeg_faa_precond;pupil_full_pupil_asymmetry_precond;eda_peakarea_precond;eeg_fl_theta_power_precond"
2025-12-19 16:24:54.075955,45,"stress_label",10,64,0.03,0.517441860465116,0.494186046511628,0.514728682170543,10,"top10","hr_sd_precond;hr_med_precond;eda_med_precond;eeg_fm_lbeta_power_precond;eeg_fm_specent_precond;hrv_rmssd_precond;eeg_faa_precond;pupil_full_pupil_asymmetry_precond;eda_peakarea_precond;eeg_fl_theta_power_precond"
2025-12-19 16:24:54.349636,45,"stress_label",10,128,0.03,0.5,0.476744186046512,0.496124031007752,10,"top10","hr_sd_precond;hr_med_precond;eda_med_precond;eeg_fm_lbeta_power_precond;eeg_fm_specent_precond;hrv_rmssd_precond;eeg_faa_precond;pupil_full_pupil_asymmetry_precond;eda_peakarea_precond;eeg_fl_theta_power_precond"
2025-12-19 16:24:54.763459,45,"stress_label",10,256,0.03,0.453488372093023,0.436046511627907,NA,10,"top10","hr_sd_precond;hr_med_precond;eda_med_precond;eeg_fm_lbeta_power_precond;eeg_fm_specent_precond;hrv_rmssd_precond;eeg_faa_precond;pupil_full_pupil_asymmetry_precond;eda_peakarea_precond;eeg_fl_theta_power_precond"
2025-12-19 16:24:54.082316,45,"stress_label",10,2,0.06,0.558139534883721,0.523255813953488,0.565891472868217,10,"top10","hr_sd_precond;hr_med_precond;eda_med_precond;eeg_fm_lbeta_power_precond;eeg_fm_specent_precond;hrv_rmssd_precond;eeg_faa_precond;pupil_full_pupil_asymmetry_precond;eda_peakarea_precond;eeg_fl_theta_power_precond"
2025-12-19 16:24:54.087974,45,"stress_label",10,4,0.06,0.563953488372093,0.558139534883721,0.562015503875969,10,"top10","hr_sd_precond;hr_med_precond;eda_med_precond;eeg_fm_lbeta_power_precond;eeg_fm_specent_precond;hrv_rmssd_precond;eeg_faa_precond;pupil_full_pupil_asymmetry_precond;eda_peakarea_precond;eeg_fl_theta_power_precond"
2025-12-19 16:24:54.154162,45,"stress_label",10,8,0.06,0.558139534883721,0.546511627906977,NA,10,"top10","hr_sd_precond;hr_med_precond;eda_med_precond;eeg_fm_lbeta_power_precond;eeg_fm_specent_precond;hrv_rmssd_precond;eeg_faa_precond;pupil_full_pupil_asymmetry_precond;eda_peakarea_precond;eeg_fl_theta_power_precond"
2025-12-19 16:24:54.235616,45,"stress_label",10,16,0.06,0.505813953488372,0.47093023255814,0.510852713178295,10,"top10","hr_sd_precond;hr_med_precond;eda_med_precond;eeg_fm_lbeta_power_precond;eeg_fm_specent_precond;hrv_rmssd_precond;eeg_faa_precond;pupil_full_pupil_asymmetry_precond;eda_peakarea_precond;eeg_fl_theta_power_precond"
2025-12-19 16:24:54.358393,45,"stress_label",10,32,0.06,0.494186046511628,0.406976744186047,NA,10,"top10","hr_sd_precond;hr_med_precond;eda_med_precond;eeg_fm_lbeta_power_precond;eeg_fm_specent_precond;hrv_rmssd_precond;eeg_faa_precond;pupil_full_pupil_asymmetry_precond;eda_peakarea_precond;eeg_fl_theta_power_precond"
2025-12-19 16:24:54.560136,45,"stress_label",10,64,0.06,0.441860465116279,0.430232558139535,0.453488372093023,10,"top10","hr_sd_precond;hr_med_precond;eda_med_precond;eeg_fm_lbeta_power_precond;eeg_fm_specent_precond;hrv_rmssd_precond;eeg_faa_precond;pupil_full_pupil_asymmetry_precond;eda_peakarea_precond;eeg_fl_theta_power_precond"
2025-12-19 16:24:54.779508,45,"stress_label",10,128,0.06,0.465116279069767,0.412790697674419,NA,10,"top10","hr_sd_precond;hr_med_precond;eda_med_precond;eeg_fm_lbeta_power_precond;eeg_fm_specent_precond;hrv_rmssd_precond;eeg_faa_precond;pupil_full_pupil_asymmetry_precond;eda_peakarea_precond;eeg_fl_theta_power_precond"
2025-12-19 16:24:54.93605,45,"stress_label",10,256,0.06,0.511627906976744,0.366279069767442,0.5,10,"top10","hr_sd_precond;hr_med_precond;eda_med_precond;eeg_fm_lbeta_power_precond;eeg_fm_specent_precond;hrv_rmssd_precond;eeg_faa_precond;pupil_full_pupil_asymmetry_precond;eda_peakarea_precond;eeg_fl_theta_power_precond"
2025-12-19 16:24:54.869004,45,"stress_label",10,2,0.1,0.575581395348837,0.563953488372093,NA,10,"top10","hr_sd_precond;hr_med_precond;eda_med_precond;eeg_fm_lbeta_power_precond;eeg_fm_specent_precond;hrv_rmssd_precond;eeg_faa_precond;pupil_full_pupil_asymmetry_precond;eda_peakarea_precond;eeg_fl_theta_power_precond"
2025-12-19 16:24:54.967465,45,"stress_label",10,4,0.1,0.569767441860465,0.430232558139535,NA,10,"top10","hr_sd_precond;hr_med_precond;eda_med_precond;eeg_fm_lbeta_power_precond;eeg_fm_specent_precond;hrv_rmssd_precond;eeg_faa_precond;pupil_full_pupil_asymmetry_precond;eda_peakarea_precond;eeg_fl_theta_power_precond"
2025-12-19 16:24:55.107461,45,"stress_label",10,8,0.1,0.529069767441861,0.366279069767442,0.518604651162791,10,"top10","hr_sd_precond;hr_med_precond;eda_med_precond;eeg_fm_lbeta_power_precond;eeg_fm_specent_precond;hrv_rmssd_precond;eeg_faa_precond;pupil_full_pupil_asymmetry_precond;eda_peakarea_precond;eeg_fl_theta_power_precond"
2025-12-19 16:24:55.192004,45,"stress_label",10,16,0.1,0.488372093023256,0.343023255813953,0.47906976744186,10,"top10","hr_sd_precond;hr_med_precond;eda_med_precond;eeg_fm_lbeta_power_precond;eeg_fm_specent_precond;hrv_rmssd_precond;eeg_faa_precond;pupil_full_pupil_asymmetry_precond;eda_peakarea_precond;eeg_fl_theta_power_precond"
2025-12-19 16:24:55.265053,45,"stress_label",10,32,0.1,0.482558139534884,0.436046511627907,NA,10,"top10","hr_sd_precond;hr_med_precond;eda_med_precond;eeg_fm_lbeta_power_precond;eeg_fm_specent_precond;hrv_rmssd_precond;eeg_faa_precond;pupil_full_pupil_asymmetry_precond;eda_peakarea_precond;eeg_fl_theta_power_precond"
2025-12-19 16:24:55.304009,45,"stress_label",10,64,0.1,0.5,0.453488372093023,NA,10,"top10","hr_sd_precond;hr_med_precond;eda_med_precond;eeg_fm_lbeta_power_precond;eeg_fm_specent_precond;hrv_rmssd_precond;eeg_faa_precond;pupil_full_pupil_asymmetry_precond;eda_peakarea_precond;eeg_fl_theta_power_precond"
2025-12-19 16:24:55.328629,45,"stress_label",10,128,0.1,0.488372093023256,0.406976744186047,NA,10,"top10","hr_sd_precond;hr_med_precond;eda_med_precond;eeg_fm_lbeta_power_precond;eeg_fm_specent_precond;hrv_rmssd_precond;eeg_faa_precond;pupil_full_pupil_asymmetry_precond;eda_peakarea_precond;eeg_fl_theta_power_precond"
2025-12-19 16:24:55.406658,45,"stress_label",10,256,0.1,0.488372093023256,0.453488372093023,NA,10,"top10","hr_sd_precond;hr_med_precond;eda_med_precond;eeg_fm_lbeta_power_precond;eeg_fm_specent_precond;hrv_rmssd_precond;eeg_faa_precond;pupil_full_pupil_asymmetry_precond;eda_peakarea_precond;eeg_fl_theta_power_precond"
2025-12-19 16:24:56.795682,47,"stress_label",10,2,0.0078125,0.552325581395349,0.523255813953488,0.528682170542636,10,"top10","hr_sd_precond;hr_med_precond;eda_med_precond;eeg_fm_specent_precond;hrv_rmssd_precond;eda_pkrate_precond;pupil_full_pupil_mean_precond;eda_peakarea_precond;pupil_full_pupil_asymmetry_precond;eeg_faa_precond"
2025-12-19 16:24:56.763792,47,"stress_label",10,4,0.0078125,0.558139534883721,0.558139534883721,0.543410852713178,10,"top10","hr_sd_precond;hr_med_precond;eda_med_precond;eeg_fm_specent_precond;hrv_rmssd_precond;eda_pkrate_precond;pupil_full_pupil_mean_precond;eda_peakarea_precond;pupil_full_pupil_asymmetry_precond;eeg_faa_precond"
2025-12-19 16:24:56.750234,47,"stress_label",10,8,0.0078125,0.523255813953488,0.505813953488372,0.505426356589147,10,"top10","hr_sd_precond;hr_med_precond;eda_med_precond;eeg_fm_specent_precond;hrv_rmssd_precond;eda_pkrate_precond;pupil_full_pupil_mean_precond;eda_peakarea_precond;pupil_full_pupil_asymmetry_precond;eeg_faa_precond"
2025-12-19 16:24:56.730786,47,"stress_label",10,16,0.0078125,0.540697674418605,0.552325581395349,0.52093023255814,10,"top10","hr_sd_precond;hr_med_precond;eda_med_precond;eeg_fm_specent_precond;hrv_rmssd_precond;eda_pkrate_precond;pupil_full_pupil_mean_precond;eda_peakarea_precond;pupil_full_pupil_asymmetry_precond;eeg_faa_precond"
2025-12-19 16:24:56.812416,47,"stress_label",10,32,0.0078125,0.581395348837209,0.581395348837209,0.546511627906977,10,"top10","hr_sd_precond;hr_med_precond;eda_med_precond;eeg_fm_specent_precond;hrv_rmssd_precond;eda_pkrate_precond;pupil_full_pupil_mean_precond;eda_peakarea_precond;pupil_full_pupil_asymmetry_precond;eeg_faa_precond"
2025-12-19 16:24:56.845856,47,"stress_label",10,64,0.0078125,0.569767441860465,0.593023255813954,NA,10,"top10","hr_sd_precond;hr_med_precond;eda_med_precond;eeg_fm_specent_precond;hrv_rmssd_precond;eda_pkrate_precond;pupil_full_pupil_mean_precond;eda_peakarea_precond;pupil_full_pupil_asymmetry_precond;eeg_faa_precond"
2025-12-19 16:24:56.972523,47,"stress_label",10,128,0.0078125,0.563953488372093,0.604651162790698,NA,10,"top10","hr_sd_precond;hr_med_precond;eda_med_precond;eeg_fm_specent_precond;hrv_rmssd_precond;eda_pkrate_precond;pupil_full_pupil_mean_precond;eda_peakarea_precond;pupil_full_pupil_asymmetry_precond;eeg_faa_precond"
2025-12-19 16:24:57.114918,47,"stress_label",10,256,0.0078125,0.511627906976744,0.558139534883721,NA,10,"top10","hr_sd_precond;hr_med_precond;eda_med_precond;eeg_fm_specent_precond;hrv_rmssd_precond;eda_pkrate_precond;pupil_full_pupil_mean_precond;eda_peakarea_precond;pupil_full_pupil_asymmetry_precond;eeg_faa_precond"
2025-12-19 16:24:56.792489,47,"stress_label",10,2,0.015625,0.569767441860465,0.569767441860465,0.566666666666667,10,"top10","hr_sd_precond;hr_med_precond;eda_med_precond;eeg_fm_specent_precond;hrv_rmssd_precond;eda_pkrate_precond;pupil_full_pupil_mean_precond;eda_peakarea_precond;pupil_full_pupil_asymmetry_precond;eeg_faa_precond"
2025-12-19 16:24:56.78394,47,"stress_label",10,4,0.015625,0.540697674418605,0.523255813953488,0.535658914728682,10,"top10","hr_sd_precond;hr_med_precond;eda_med_precond;eeg_fm_specent_precond;hrv_rmssd_precond;eda_pkrate_precond;pupil_full_pupil_mean_precond;eda_peakarea_precond;pupil_full_pupil_asymmetry_precond;eeg_faa_precond"
2025-12-19 16:24:56.762985,47,"stress_label",10,8,0.015625,0.575581395348837,0.575581395348837,0.553488372093023,10,"top10","hr_sd_precond;hr_med_precond;eda_med_precond;eeg_fm_specent_precond;hrv_rmssd_precond;eda_pkrate_precond;pupil_full_pupil_mean_precond;eda_peakarea_precond;pupil_full_pupil_asymmetry_precond;eeg_faa_precond"
2025-12-19 16:24:56.876771,47,"stress_label",10,16,0.015625,0.581395348837209,0.604651162790698,NA,10,"top10","hr_sd_precond;hr_med_precond;eda_med_precond;eeg_fm_specent_precond;hrv_rmssd_precond;eda_pkrate_precond;pupil_full_pupil_mean_precond;eda_peakarea_precond;pupil_full_pupil_asymmetry_precond;eeg_faa_precond"
2025-12-19 16:24:56.896734,47,"stress_label",10,32,0.015625,0.558139534883721,0.587209302325581,NA,10,"top10","hr_sd_precond;hr_med_precond;eda_med_precond;eeg_fm_specent_precond;hrv_rmssd_precond;eda_pkrate_precond;pupil_full_pupil_mean_precond;eda_peakarea_precond;pupil_full_pupil_asymmetry_precond;eeg_faa_precond"
2025-12-19 16:24:56.95725,47,"stress_label",10,64,0.015625,0.517441860465116,0.563953488372093,NA,10,"top10","hr_sd_precond;hr_med_precond;eda_med_precond;eeg_fm_specent_precond;hrv_rmssd_precond;eda_pkrate_precond;pupil_full_pupil_mean_precond;eda_peakarea_precond;pupil_full_pupil_asymmetry_precond;eeg_faa_precond"
2025-12-19 16:24:58.214994,47,"stress_label",10,128,0.015625,0.529069767441861,0.563953488372093,NA,10,"top10","hr_sd_precond;hr_med_precond;eda_med_precond;eeg_fm_specent_precond;hrv_rmssd_precond;eda_pkrate_precond;pupil_full_pupil_mean_precond;eda_peakarea_precond;pupil_full_pupil_asymmetry_precond;eeg_faa_precond"
2025-12-19 16:24:58.486212,47,"stress_label",10,256,0.015625,0.511627906976744,0.482558139534884,NA,10,"top10","hr_sd_precond;hr_med_precond;eda_med_precond;eeg_fm_specent_precond;hrv_rmssd_precond;eda_pkrate_precond;pupil_full_pupil_mean_precond;eda_peakarea_precond;pupil_full_pupil_asymmetry_precond;eeg_faa_precond"
2025-12-19 16:24:57.932216,47,"stress_label",10,2,0.03125,0.534883720930233,0.546511627906977,NA,10,"top10","hr_sd_precond;hr_med_precond;eda_med_precond;eeg_fm_specent_precond;hrv_rmssd_precond;eda_pkrate_precond;pupil_full_pupil_mean_precond;eda_peakarea_precond;pupil_full_pupil_asymmetry_precond;eeg_faa_precond"
2025-12-19 16:24:57.897431,47,"stress_label",10,4,0.03125,0.569767441860465,0.581395348837209,NA,10,"top10","hr_sd_precond;hr_med_precond;eda_med_precond;eeg_fm_specent_precond;hrv_rmssd_precond;eda_pkrate_precond;pupil_full_pupil_mean_precond;eda_peakarea_precond;pupil_full_pupil_asymmetry_precond;eeg_faa_precond"
2025-12-19 16:24:57.99221,47,"stress_label",10,8,0.03125,0.563953488372093,0.593023255813954,NA,10,"top10","hr_sd_precond;hr_med_precond;eda_med_precond;eeg_fm_specent_precond;hrv_rmssd_precond;eda_pkrate_precond;pupil_full_pupil_mean_precond;eda_peakarea_precond;pupil_full_pupil_asymmetry_precond;eeg_faa_precond"
2025-12-19 16:24:57.985651,47,"stress_label",10,16,0.03125,0.523255813953488,0.581395348837209,NA,10,"top10","hr_sd_precond;hr_med_precond;eda_med_precond;eeg_fm_specent_precond;hrv_rmssd_precond;eda_pkrate_precond;pupil_full_pupil_mean_precond;eda_peakarea_precond;pupil_full_pupil_asymmetry_precond;eeg_faa_precond"
2025-12-19 16:24:58.135458,47,"stress_label",10,32,0.03125,0.534883720930233,0.563953488372093,NA,10,"top10","hr_sd_precond;hr_med_precond;eda_med_precond;eeg_fm_specent_precond;hrv_rmssd_precond;eda_pkrate_precond;pupil_full_pupil_mean_precond;eda_peakarea_precond;pupil_full_pupil_asymmetry_precond;eeg_faa_precond"
2025-12-19 16:24:58.27897,47,"stress_label",10,64,0.03125,0.540697674418605,0.563953488372093,NA,10,"top10","hr_sd_precond;hr_med_precond;eda_med_precond;eeg_fm_specent_precond;hrv_rmssd_precond;eda_pkrate_precond;pupil_full_pupil_mean_precond;eda_peakarea_precond;pupil_full_pupil_asymmetry_precond;eeg_faa_precond"
2025-12-19 16:24:58.539812,47,"stress_label",10,128,0.03125,0.575581395348837,0.546511627906977,NA,10,"top10","hr_sd_precond;hr_med_precond;eda_med_precond;eeg_fm_specent_precond;hrv_rmssd_precond;eda_pkrate_precond;pupil_full_pupil_mean_precond;eda_peakarea_precond;pupil_full_pupil_asymmetry_precond;eeg_faa_precond"
2025-12-19 16:24:58.940637,47,"stress_label",10,256,0.03125,0.587209302325581,0.523255813953488,NA,10,"top10","hr_sd_precond;hr_med_precond;eda_med_precond;eeg_fm_specent_precond;hrv_rmssd_precond;eda_pkrate_precond;pupil_full_pupil_mean_precond;eda_peakarea_precond;pupil_full_pupil_asymmetry_precond;eeg_faa_precond"
2025-12-19 16:24:58.062802,47,"stress_label",10,2,0.0625,0.517441860465116,0.563953488372093,NA,10,"top10","hr_sd_precond;hr_med_precond;eda_med_precond;eeg_fm_specent_precond;hrv_rmssd_precond;eda_pkrate_precond;pupil_full_pupil_mean_precond;eda_peakarea_precond;pupil_full_pupil_asymmetry_precond;eeg_faa_precond"
2025-12-19 16:24:58.15034,47,"stress_label",10,4,0.0625,0.511627906976744,0.575581395348837,NA,10,"top10","hr_sd_precond;hr_med_precond;eda_med_precond;eeg_fm_specent_precond;hrv_rmssd_precond;eda_pkrate_precond;pupil_full_pupil_mean_precond;eda_peakarea_precond;pupil_full_pupil_asymmetry_precond;eeg_faa_precond"
2025-12-19 16:24:58.157985,47,"stress_label",10,8,0.0625,0.534883720930233,0.581395348837209,NA,10,"top10","hr_sd_precond;hr_med_precond;eda_med_precond;eeg_fm_specent_precond;hrv_rmssd_precond;eda_pkrate_precond;pupil_full_pupil_mean_precond;eda_peakarea_precond;pupil_full_pupil_asymmetry_precond;eeg_faa_precond"
2025-12-19 16:24:58.419145,47,"stress_label",10,16,0.0625,0.604651162790698,0.598837209302326,NA,10,"top10","hr_sd_precond;hr_med_precond;eda_med_precond;eeg_fm_specent_precond;hrv_rmssd_precond;eda_pkrate_precond;pupil_full_pupil_mean_precond;eda_peakarea_precond;pupil_full_pupil_asymmetry_precond;eeg_faa_precond"
2025-12-19 16:24:59.310761,47,"stress_label",10,32,0.0625,0.598837209302326,0.546511627906977,NA,10,"top10","hr_sd_precond;hr_med_precond;eda_med_precond;eeg_fm_specent_precond;hrv_rmssd_precond;eda_pkrate_precond;pupil_full_pupil_mean_precond;eda_peakarea_precond;pupil_full_pupil_asymmetry_precond;eeg_faa_precond"
2025-12-19 16:24:59.433674,47,"stress_label",10,64,0.0625,0.581395348837209,0.581395348837209,0.570542635658915,10,"top10","hr_sd_precond;hr_med_precond;eda_med_precond;eeg_fm_specent_precond;hrv_rmssd_precond;eda_pkrate_precond;pupil_full_pupil_mean_precond;eda_peakarea_precond;pupil_full_pupil_asymmetry_precond;eeg_faa_precond"
2025-12-19 16:24:59.563634,47,"stress_label",10,128,0.0625,0.569767441860465,0.581395348837209,0.553488372093023,10,"top10","hr_sd_precond;hr_med_precond;eda_med_precond;eeg_fm_specent_precond;hrv_rmssd_precond;eda_pkrate_precond;pupil_full_pupil_mean_precond;eda_peakarea_precond;pupil_full_pupil_asymmetry_precond;eeg_faa_precond"
2025-12-19 16:24:59.675775,47,"stress_label",10,256,0.0625,0.587209302325581,0.505813953488372,0.565116279069767,10,"top10","hr_sd_precond;hr_med_precond;eda_med_precond;eeg_fm_specent_precond;hrv_rmssd_precond;eda_pkrate_precond;pupil_full_pupil_mean_precond;eda_peakarea_precond;pupil_full_pupil_asymmetry_precond;eeg_faa_precond"
2025-12-19 16:24:59.245524,47,"stress_label",10,2,0.125,0.529069767441861,0.575581395348837,NA,10,"top10","hr_sd_precond;hr_med_precond;eda_med_precond;eeg_fm_specent_precond;hrv_rmssd_precond;eda_pkrate_precond;pupil_full_pupil_mean_precond;eda_peakarea_precond;pupil_full_pupil_asymmetry_precond;eeg_faa_precond"
2025-12-19 16:24:59.370113,47,"stress_label",10,4,0.125,0.569767441860465,0.593023255813954,NA,10,"top10","hr_sd_precond;hr_med_precond;eda_med_precond;eeg_fm_specent_precond;hrv_rmssd_precond;eda_pkrate_precond;pupil_full_pupil_mean_precond;eda_peakarea_precond;pupil_full_pupil_asymmetry_precond;eeg_faa_precond"
2025-12-19 16:24:59.427391,47,"stress_label",10,8,0.125,0.581395348837209,0.587209302325581,0.576744186046512,10,"top10","hr_sd_precond;hr_med_precond;eda_med_precond;eeg_fm_specent_precond;hrv_rmssd_precond;eda_pkrate_precond;pupil_full_pupil_mean_precond;eda_peakarea_precond;pupil_full_pupil_asymmetry_precond;eeg_faa_precond"
2025-12-19 16:24:59.439289,47,"stress_label",10,16,0.125,0.558139534883721,0.598837209302326,0.548062015503876,10,"top10","hr_sd_precond;hr_med_precond;eda_med_precond;eeg_fm_specent_precond;hrv_rmssd_precond;eda_pkrate_precond;pupil_full_pupil_mean_precond;eda_peakarea_precond;pupil_full_pupil_asymmetry_precond;eeg_faa_precond"
2025-12-19 16:24:59.53941,47,"stress_label",10,32,0.125,0.563953488372093,0.558139534883721,0.548837209302326,10,"top10","hr_sd_precond;hr_med_precond;eda_med_precond;eeg_fm_specent_precond;hrv_rmssd_precond;eda_pkrate_precond;pupil_full_pupil_mean_precond;eda_peakarea_precond;pupil_full_pupil_asymmetry_precond;eeg_faa_precond"
2025-12-19 16:24:59.609193,47,"stress_label",10,64,0.125,0.563953488372093,0.558139534883721,0.555038759689922,10,"top10","hr_sd_precond;hr_med_precond;eda_med_precond;eeg_fm_specent_precond;hrv_rmssd_precond;eda_pkrate_precond;pupil_full_pupil_mean_precond;eda_peakarea_precond;pupil_full_pupil_asymmetry_precond;eeg_faa_precond"
2025-12-19 16:24:59.755725,47,"stress_label",10,128,0.125,0.563953488372093,0.558139534883721,0.555038759689922,10,"top10","hr_sd_precond;hr_med_precond;eda_med_precond;eeg_fm_specent_precond;hrv_rmssd_precond;eda_pkrate_precond;pupil_full_pupil_mean_precond;eda_peakarea_precond;pupil_full_pupil_asymmetry_precond;eeg_faa_precond"
2025-12-19 16:24:59.862906,47,"stress_label",10,256,0.125,0.563953488372093,0.581395348837209,0.555038759689922,10,"top10","hr_sd_precond;hr_med_precond;eda_med_precond;eeg_fm_specent_precond;hrv_rmssd_precond;eda_pkrate_precond;pupil_full_pupil_mean_precond;eda_peakarea_precond;pupil_full_pupil_asymmetry_precond;eeg_faa_precond"
2025-12-19 16:24:59.671129,47,"stress_label",10,2,0.03,0.540697674418605,0.517441860465116,0.541085271317829,10,"top10","hr_sd_precond;hr_med_precond;eda_med_precond;eeg_fm_specent_precond;hrv_rmssd_precond;eda_pkrate_precond;pupil_full_pupil_mean_precond;eda_peakarea_precond;pupil_full_pupil_asymmetry_precond;eeg_faa_precond"
2025-12-19 16:25:00.058566,47,"stress_label",10,4,0.03,0.569767441860465,0.575581395348837,NA,10,"top10","hr_sd_precond;hr_med_precond;eda_med_precond;eeg_fm_specent_precond;hrv_rmssd_precond;eda_pkrate_precond;pupil_full_pupil_mean_precond;eda_peakarea_precond;pupil_full_pupil_asymmetry_precond;eeg_faa_precond"
2025-12-19 16:25:00.45937,47,"stress_label",10,8,0.03,0.563953488372093,0.581395348837209,NA,10,"top10","hr_sd_precond;hr_med_precond;eda_med_precond;eeg_fm_specent_precond;hrv_rmssd_precond;eda_pkrate_precond;pupil_full_pupil_mean_precond;eda_peakarea_precond;pupil_full_pupil_asymmetry_precond;eeg_faa_precond"
2025-12-19 16:25:00.510853,47,"stress_label",10,16,0.03,0.529069767441861,0.581395348837209,NA,10,"top10","hr_sd_precond;hr_med_precond;eda_med_precond;eeg_fm_specent_precond;hrv_rmssd_precond;eda_pkrate_precond;pupil_full_pupil_mean_precond;eda_peakarea_precond;pupil_full_pupil_asymmetry_precond;eeg_faa_precond"
2025-12-19 16:25:00.637956,47,"stress_label",10,32,0.03,0.534883720930233,0.587209302325581,NA,10,"top10","hr_sd_precond;hr_med_precond;eda_med_precond;eeg_fm_specent_precond;hrv_rmssd_precond;eda_pkrate_precond;pupil_full_pupil_mean_precond;eda_peakarea_precond;pupil_full_pupil_asymmetry_precond;eeg_faa_precond"
2025-12-19 16:25:00.819967,47,"stress_label",10,64,0.03,0.529069767441861,0.534883720930233,NA,10,"top10","hr_sd_precond;hr_med_precond;eda_med_precond;eeg_fm_specent_precond;hrv_rmssd_precond;eda_pkrate_precond;pupil_full_pupil_mean_precond;eda_peakarea_precond;pupil_full_pupil_asymmetry_precond;eeg_faa_precond"
2025-12-19 16:25:01.135806,47,"stress_label",10,128,0.03,0.581395348837209,0.552325581395349,NA,10,"top10","hr_sd_precond;hr_med_precond;eda_med_precond;eeg_fm_specent_precond;hrv_rmssd_precond;eda_pkrate_precond;pupil_full_pupil_mean_precond;eda_peakarea_precond;pupil_full_pupil_asymmetry_precond;eeg_faa_precond"
2025-12-19 16:25:01.435118,47,"stress_label",10,256,0.03,0.587209302325581,0.552325581395349,NA,10,"top10","hr_sd_precond;hr_med_precond;eda_med_precond;eeg_fm_specent_precond;hrv_rmssd_precond;eda_pkrate_precond;pupil_full_pupil_mean_precond;eda_peakarea_precond;pupil_full_pupil_asymmetry_precond;eeg_faa_precond"
2025-12-19 16:25:00.735963,47,"stress_label",10,2,0.06,0.517441860465116,0.563953488372093,NA,10,"top10","hr_sd_precond;hr_med_precond;eda_med_precond;eeg_fm_specent_precond;hrv_rmssd_precond;eda_pkrate_precond;pupil_full_pupil_mean_precond;eda_peakarea_precond;pupil_full_pupil_asymmetry_precond;eeg_faa_precond"
2025-12-19 16:25:00.770762,47,"stress_label",10,4,0.06,0.511627906976744,0.569767441860465,NA,10,"top10","hr_sd_precond;hr_med_precond;eda_med_precond;eeg_fm_specent_precond;hrv_rmssd_precond;eda_pkrate_precond;pupil_full_pupil_mean_precond;eda_peakarea_precond;pupil_full_pupil_asymmetry_precond;eeg_faa_precond"
2025-12-19 16:25:00.775552,47,"stress_label",10,8,0.06,0.529069767441861,0.581395348837209,0.537984496124031,10,"top10","hr_sd_precond;hr_med_precond;eda_med_precond;eeg_fm_specent_precond;hrv_rmssd_precond;eda_pkrate_precond;pupil_full_pupil_mean_precond;eda_peakarea_precond;pupil_full_pupil_asymmetry_precond;eeg_faa_precond"
2025-12-19 16:25:00.961617,47,"stress_label",10,16,0.06,0.587209302325581,0.604651162790698,NA,10,"top10","hr_sd_precond;hr_med_precond;eda_med_precond;eeg_fm_specent_precond;hrv_rmssd_precond;eda_pkrate_precond;pupil_full_pupil_mean_precond;eda_peakarea_precond;pupil_full_pupil_asymmetry_precond;eeg_faa_precond"
2025-12-19 16:25:01.073386,47,"stress_label",10,32,0.06,0.598837209302326,0.575581395348837,NA,10,"top10","hr_sd_precond;hr_med_precond;eda_med_precond;eeg_fm_specent_precond;hrv_rmssd_precond;eda_pkrate_precond;pupil_full_pupil_mean_precond;eda_peakarea_precond;pupil_full_pupil_asymmetry_precond;eeg_faa_precond"
2025-12-19 16:25:01.268819,47,"stress_label",10,64,0.06,0.581395348837209,0.575581395348837,0.566666666666667,10,"top10","hr_sd_precond;hr_med_precond;eda_med_precond;eeg_fm_specent_precond;hrv_rmssd_precond;eda_pkrate_precond;pupil_full_pupil_mean_precond;eda_peakarea_precond;pupil_full_pupil_asymmetry_precond;eeg_faa_precond"
2025-12-19 16:25:01.434255,47,"stress_label",10,128,0.06,0.563953488372093,0.552325581395349,0.551162790697674,10,"top10","hr_sd_precond;hr_med_precond;eda_med_precond;eeg_fm_specent_precond;hrv_rmssd_precond;eda_pkrate_precond;pupil_full_pupil_mean_precond;eda_peakarea_precond;pupil_full_pupil_asymmetry_precond;eeg_faa_precond"
2025-12-19 16:25:01.631193,47,"stress_label",10,256,0.06,0.587209302325581,0.546511627906977,0.565116279069767,10,"top10","hr_sd_precond;hr_med_precond;eda_med_precond;eeg_fm_specent_precond;hrv_rmssd_precond;eda_pkrate_precond;pupil_full_pupil_mean_precond;eda_peakarea_precond;pupil_full_pupil_asymmetry_precond;eeg_faa_precond"
2025-12-19 16:25:01.545135,47,"stress_label",10,2,0.1,0.529069767441861,0.581395348837209,NA,10,"top10","hr_sd_precond;hr_med_precond;eda_med_precond;eeg_fm_specent_precond;hrv_rmssd_precond;eda_pkrate_precond;pupil_full_pupil_mean_precond;eda_peakarea_precond;pupil_full_pupil_asymmetry_precond;eeg_faa_precond"
2025-12-19 16:25:01.596485,47,"stress_label",10,4,0.1,0.546511627906977,0.569767441860465,NA,10,"top10","hr_sd_precond;hr_med_precond;eda_med_precond;eeg_fm_specent_precond;hrv_rmssd_precond;eda_pkrate_precond;pupil_full_pupil_mean_precond;eda_peakarea_precond;pupil_full_pupil_asymmetry_precond;eeg_faa_precond"
2025-12-19 16:25:01.789294,47,"stress_label",10,8,0.1,0.587209302325581,0.569767441860465,NA,10,"top10","hr_sd_precond;hr_med_precond;eda_med_precond;eeg_fm_specent_precond;hrv_rmssd_precond;eda_pkrate_precond;pupil_full_pupil_mean_precond;eda_peakarea_precond;pupil_full_pupil_asymmetry_precond;eeg_faa_precond"
2025-12-19 16:25:01.800996,47,"stress_label",10,16,0.1,0.593023255813954,0.598837209302326,0.590697674418605,10,"top10","hr_sd_precond;hr_med_precond;eda_med_precond;eeg_fm_specent_precond;hrv_rmssd_precond;eda_pkrate_precond;pupil_full_pupil_mean_precond;eda_peakarea_precond;pupil_full_pupil_asymmetry_precond;eeg_faa_precond"
2025-12-19 16:25:01.894606,47,"stress_label",10,32,0.1,0.558139534883721,0.558139534883721,0.54031007751938,10,"top10","hr_sd_precond;hr_med_precond;eda_med_precond;eeg_fm_specent_precond;hrv_rmssd_precond;eda_pkrate_precond;pupil_full_pupil_mean_precond;eda_peakarea_precond;pupil_full_pupil_asymmetry_precond;eeg_faa_precond"
2025-12-19 16:25:01.900396,47,"stress_label",10,64,0.1,0.569767441860465,0.587209302325581,0.552713178294574,10,"top10","hr_sd_precond;hr_med_precond;eda_med_precond;eeg_fm_specent_precond;hrv_rmssd_precond;eda_pkrate_precond;pupil_full_pupil_mean_precond;eda_peakarea_precond;pupil_full_pupil_asymmetry_precond;eeg_faa_precond"
2025-12-19 16:25:01.976305,47,"stress_label",10,128,0.1,0.569767441860465,0.581395348837209,0.558139534883721,10,"top10","hr_sd_precond;hr_med_precond;eda_med_precond;eeg_fm_specent_precond;hrv_rmssd_precond;eda_pkrate_precond;pupil_full_pupil_mean_precond;eda_peakarea_precond;pupil_full_pupil_asymmetry_precond;eeg_faa_precond"
2025-12-19 16:25:02.029624,47,"stress_label",10,256,0.1,0.569767441860465,0.581395348837209,0.558139534883721,10,"top10","hr_sd_precond;hr_med_precond;eda_med_precond;eeg_fm_specent_precond;hrv_rmssd_precond;eda_pkrate_precond;pupil_full_pupil_mean_precond;eda_peakarea_precond;pupil_full_pupil_asymmetry_precond;eeg_faa_precond"
2025-12-19 16:25:03.41823,48,"stress_label",10,2,0.0078125,0.546511627906977,0.465116279069767,0.52093023255814,10,"top10","hr_sd_precond;eda_med_precond;hr_med_precond;eda_pkrate_precond;eeg_fm_specent_precond;hrv_rmssd_precond;eda_peakarea_precond;pupil_full_pupil_asymmetry_precond;eeg_faa_precond;pupil_full_pupil_sd_precond"
2025-12-19 16:25:03.406463,48,"stress_label",10,4,0.0078125,0.534883720930233,0.546511627906977,NA,10,"top10","hr_sd_precond;eda_med_precond;hr_med_precond;eda_pkrate_precond;eeg_fm_specent_precond;hrv_rmssd_precond;eda_peakarea_precond;pupil_full_pupil_asymmetry_precond;eeg_faa_precond;pupil_full_pupil_sd_precond"
2025-12-19 16:25:03.38594,48,"stress_label",10,8,0.0078125,0.558139534883721,0.552325581395349,0.510852713178295,10,"top10","hr_sd_precond;eda_med_precond;hr_med_precond;eda_pkrate_precond;eeg_fm_specent_precond;hrv_rmssd_precond;eda_peakarea_precond;pupil_full_pupil_asymmetry_precond;eeg_faa_precond;pupil_full_pupil_sd_precond"
2025-12-19 16:25:03.40382,48,"stress_label",10,16,0.0078125,0.569767441860465,0.546511627906977,NA,10,"top10","hr_sd_precond;eda_med_precond;hr_med_precond;eda_pkrate_precond;eeg_fm_specent_precond;hrv_rmssd_precond;eda_peakarea_precond;pupil_full_pupil_asymmetry_precond;eeg_faa_precond;pupil_full_pupil_sd_precond"
2025-12-19 16:25:03.470328,48,"stress_label",10,32,0.0078125,0.575581395348837,0.581395348837209,NA,10,"top10","hr_sd_precond;eda_med_precond;hr_med_precond;eda_pkrate_precond;eeg_fm_specent_precond;hrv_rmssd_precond;eda_peakarea_precond;pupil_full_pupil_asymmetry_precond;eeg_faa_precond;pupil_full_pupil_sd_precond"
2025-12-19 16:25:03.462946,48,"stress_label",10,64,0.0078125,0.575581395348837,0.563953488372093,NA,10,"top10","hr_sd_precond;eda_med_precond;hr_med_precond;eda_pkrate_precond;eeg_fm_specent_precond;hrv_rmssd_precond;eda_peakarea_precond;pupil_full_pupil_asymmetry_precond;eeg_faa_precond;pupil_full_pupil_sd_precond"
2025-12-19 16:25:03.591326,48,"stress_label",10,128,0.0078125,0.581395348837209,0.575581395348837,NA,10,"top10","hr_sd_precond;eda_med_precond;hr_med_precond;eda_pkrate_precond;eeg_fm_specent_precond;hrv_rmssd_precond;eda_peakarea_precond;pupil_full_pupil_asymmetry_precond;eeg_faa_precond;pupil_full_pupil_sd_precond"
2025-12-19 16:25:03.672889,48,"stress_label",10,256,0.0078125,0.569767441860465,0.552325581395349,NA,10,"top10","hr_sd_precond;eda_med_precond;hr_med_precond;eda_pkrate_precond;eeg_fm_specent_precond;hrv_rmssd_precond;eda_peakarea_precond;pupil_full_pupil_asymmetry_precond;eeg_faa_precond;pupil_full_pupil_sd_precond"
2025-12-19 16:25:03.431723,48,"stress_label",10,2,0.015625,0.534883720930233,0.517441860465116,NA,10,"top10","hr_sd_precond;eda_med_precond;hr_med_precond;eda_pkrate_precond;eeg_fm_specent_precond;hrv_rmssd_precond;eda_peakarea_precond;pupil_full_pupil_asymmetry_precond;eeg_faa_precond;pupil_full_pupil_sd_precond"
2025-12-19 16:25:03.399697,48,"stress_label",10,4,0.015625,0.552325581395349,0.540697674418605,NA,10,"top10","hr_sd_precond;eda_med_precond;hr_med_precond;eda_pkrate_precond;eeg_fm_specent_precond;hrv_rmssd_precond;eda_peakarea_precond;pupil_full_pupil_asymmetry_precond;eeg_faa_precond;pupil_full_pupil_sd_precond"
2025-12-19 16:25:03.410141,48,"stress_label",10,8,0.015625,0.563953488372093,0.523255813953488,NA,10,"top10","hr_sd_precond;eda_med_precond;hr_med_precond;eda_pkrate_precond;eeg_fm_specent_precond;hrv_rmssd_precond;eda_peakarea_precond;pupil_full_pupil_asymmetry_precond;eeg_faa_precond;pupil_full_pupil_sd_precond"
2025-12-19 16:25:03.423043,48,"stress_label",10,16,0.015625,0.558139534883721,0.558139534883721,NA,10,"top10","hr_sd_precond;eda_med_precond;hr_med_precond;eda_pkrate_precond;eeg_fm_specent_precond;hrv_rmssd_precond;eda_peakarea_precond;pupil_full_pupil_asymmetry_precond;eeg_faa_precond;pupil_full_pupil_sd_precond"
2025-12-19 16:25:03.459414,48,"stress_label",10,32,0.015625,0.581395348837209,0.593023255813954,NA,10,"top10","hr_sd_precond;eda_med_precond;hr_med_precond;eda_pkrate_precond;eeg_fm_specent_precond;hrv_rmssd_precond;eda_peakarea_precond;pupil_full_pupil_asymmetry_precond;eeg_faa_precond;pupil_full_pupil_sd_precond"
2025-12-19 16:25:03.521307,48,"stress_label",10,64,0.015625,0.575581395348837,0.540697674418605,0.562015503875969,10,"top10","hr_sd_precond;eda_med_precond;hr_med_precond;eda_pkrate_precond;eeg_fm_specent_precond;hrv_rmssd_precond;eda_peakarea_precond;pupil_full_pupil_asymmetry_precond;eeg_faa_precond;pupil_full_pupil_sd_precond"
2025-12-19 16:25:04.795569,48,"stress_label",10,128,0.015625,0.540697674418605,0.447674418604651,NA,10,"top10","hr_sd_precond;eda_med_precond;hr_med_precond;eda_pkrate_precond;eeg_fm_specent_precond;hrv_rmssd_precond;eda_peakarea_precond;pupil_full_pupil_asymmetry_precond;eeg_faa_precond;pupil_full_pupil_sd_precond"
2025-12-19 16:25:05.162363,48,"stress_label",10,256,0.015625,0.523255813953488,0.453488372093023,NA,10,"top10","hr_sd_precond;eda_med_precond;hr_med_precond;eda_pkrate_precond;eeg_fm_specent_precond;hrv_rmssd_precond;eda_peakarea_precond;pupil_full_pupil_asymmetry_precond;eeg_faa_precond;pupil_full_pupil_sd_precond"
2025-12-19 16:25:04.536485,48,"stress_label",10,2,0.03125,0.546511627906977,0.517441860465116,NA,10,"top10","hr_sd_precond;eda_med_precond;hr_med_precond;eda_pkrate_precond;eeg_fm_specent_precond;hrv_rmssd_precond;eda_peakarea_precond;pupil_full_pupil_asymmetry_precond;eeg_faa_precond;pupil_full_pupil_sd_precond"
2025-12-19 16:25:04.584565,48,"stress_label",10,4,0.03125,0.552325581395349,0.552325581395349,NA,10,"top10","hr_sd_precond;eda_med_precond;hr_med_precond;eda_pkrate_precond;eeg_fm_specent_precond;hrv_rmssd_precond;eda_peakarea_precond;pupil_full_pupil_asymmetry_precond;eeg_faa_precond;pupil_full_pupil_sd_precond"
2025-12-19 16:25:04.573092,48,"stress_label",10,8,0.03125,0.587209302325581,0.587209302325581,NA,10,"top10","hr_sd_precond;eda_med_precond;hr_med_precond;eda_pkrate_precond;eeg_fm_specent_precond;hrv_rmssd_precond;eda_peakarea_precond;pupil_full_pupil_asymmetry_precond;eeg_faa_precond;pupil_full_pupil_sd_precond"
2025-12-19 16:25:04.645684,48,"stress_label",10,16,0.03125,0.587209302325581,0.505813953488372,NA,10,"top10","hr_sd_precond;eda_med_precond;hr_med_precond;eda_pkrate_precond;eeg_fm_specent_precond;hrv_rmssd_precond;eda_peakarea_precond;pupil_full_pupil_asymmetry_precond;eeg_faa_precond;pupil_full_pupil_sd_precond"
2025-12-19 16:25:04.687667,48,"stress_label",10,32,0.03125,0.558139534883721,0.453488372093023,NA,10,"top10","hr_sd_precond;eda_med_precond;hr_med_precond;eda_pkrate_precond;eeg_fm_specent_precond;hrv_rmssd_precond;eda_peakarea_precond;pupil_full_pupil_asymmetry_precond;eeg_faa_precond;pupil_full_pupil_sd_precond"
2025-12-19 16:25:04.86996,48,"stress_label",10,64,0.03125,0.523255813953488,0.401162790697674,NA,10,"top10","hr_sd_precond;eda_med_precond;hr_med_precond;eda_pkrate_precond;eeg_fm_specent_precond;hrv_rmssd_precond;eda_peakarea_precond;pupil_full_pupil_asymmetry_precond;eeg_faa_precond;pupil_full_pupil_sd_precond"
2025-12-19 16:25:05.117144,48,"stress_label",10,128,0.03125,0.558139534883721,0.488372093023256,NA,10,"top10","hr_sd_precond;eda_med_precond;hr_med_precond;eda_pkrate_precond;eeg_fm_specent_precond;hrv_rmssd_precond;eda_peakarea_precond;pupil_full_pupil_asymmetry_precond;eeg_faa_precond;pupil_full_pupil_sd_precond"
2025-12-19 16:25:05.554667,48,"stress_label",10,256,0.03125,0.540697674418605,0.453488372093023,0.537209302325581,10,"top10","hr_sd_precond;eda_med_precond;hr_med_precond;eda_pkrate_precond;eeg_fm_specent_precond;hrv_rmssd_precond;eda_peakarea_precond;pupil_full_pupil_asymmetry_precond;eeg_faa_precond;pupil_full_pupil_sd_precond"
2025-12-19 16:25:04.642742,48,"stress_label",10,2,0.0625,0.558139534883721,0.476744186046512,NA,10,"top10","hr_sd_precond;eda_med_precond;hr_med_precond;eda_pkrate_precond;eeg_fm_specent_precond;hrv_rmssd_precond;eda_peakarea_precond;pupil_full_pupil_asymmetry_precond;eeg_faa_precond;pupil_full_pupil_sd_precond"
2025-12-19 16:25:04.706039,48,"stress_label",10,4,0.0625,0.581395348837209,0.546511627906977,NA,10,"top10","hr_sd_precond;eda_med_precond;hr_med_precond;eda_pkrate_precond;eeg_fm_specent_precond;hrv_rmssd_precond;eda_peakarea_precond;pupil_full_pupil_asymmetry_precond;eeg_faa_precond;pupil_full_pupil_sd_precond"
2025-12-19 16:25:04.755214,48,"stress_label",10,8,0.0625,0.529069767441861,0.465116279069767,NA,10,"top10","hr_sd_precond;eda_med_precond;hr_med_precond;eda_pkrate_precond;eeg_fm_specent_precond;hrv_rmssd_precond;eda_peakarea_precond;pupil_full_pupil_asymmetry_precond;eeg_faa_precond;pupil_full_pupil_sd_precond"
2025-12-19 16:25:04.948632,48,"stress_label",10,16,0.0625,0.5,0.47093023255814,NA,10,"top10","hr_sd_precond;eda_med_precond;hr_med_precond;eda_pkrate_precond;eeg_fm_specent_precond;hrv_rmssd_precond;eda_peakarea_precond;pupil_full_pupil_asymmetry_precond;eeg_faa_precond;pupil_full_pupil_sd_precond"
2025-12-19 16:25:05.897155,48,"stress_label",10,32,0.0625,0.523255813953488,0.406976744186047,0.523255813953488,10,"top10","hr_sd_precond;eda_med_precond;hr_med_precond;eda_pkrate_precond;eeg_fm_specent_precond;hrv_rmssd_precond;eda_peakarea_precond;pupil_full_pupil_asymmetry_precond;eeg_faa_precond;pupil_full_pupil_sd_precond"
2025-12-19 16:25:06.094927,48,"stress_label",10,64,0.0625,0.517441860465116,0.406976744186047,0.510077519379845,10,"top10","hr_sd_precond;eda_med_precond;hr_med_precond;eda_pkrate_precond;eeg_fm_specent_precond;hrv_rmssd_precond;eda_peakarea_precond;pupil_full_pupil_asymmetry_precond;eeg_faa_precond;pupil_full_pupil_sd_precond"
2025-12-19 16:25:06.23131,48,"stress_label",10,128,0.0625,0.5,0.465116279069767,0.487596899224806,10,"top10","hr_sd_precond;eda_med_precond;hr_med_precond;eda_pkrate_precond;eeg_fm_specent_precond;hrv_rmssd_precond;eda_peakarea_precond;pupil_full_pupil_asymmetry_precond;eeg_faa_precond;pupil_full_pupil_sd_precond"
2025-12-19 16:25:06.346046,48,"stress_label",10,256,0.0625,0.511627906976744,0.488372093023256,NA,10,"top10","hr_sd_precond;eda_med_precond;hr_med_precond;eda_pkrate_precond;eeg_fm_specent_precond;hrv_rmssd_precond;eda_peakarea_precond;pupil_full_pupil_asymmetry_precond;eeg_faa_precond;pupil_full_pupil_sd_precond"
2025-12-19 16:25:05.814378,48,"stress_label",10,2,0.125,0.523255813953488,0.505813953488372,NA,10,"top10","hr_sd_precond;eda_med_precond;hr_med_precond;eda_pkrate_precond;eeg_fm_specent_precond;hrv_rmssd_precond;eda_peakarea_precond;pupil_full_pupil_asymmetry_precond;eeg_faa_precond;pupil_full_pupil_sd_precond"
2025-12-19 16:25:05.867811,48,"stress_label",10,4,0.125,0.517441860465116,0.459302325581395,NA,10,"top10","hr_sd_precond;eda_med_precond;hr_med_precond;eda_pkrate_precond;eeg_fm_specent_precond;hrv_rmssd_precond;eda_peakarea_precond;pupil_full_pupil_asymmetry_precond;eeg_faa_precond;pupil_full_pupil_sd_precond"
2025-12-19 16:25:05.980219,48,"stress_label",10,8,0.125,0.529069767441861,0.494186046511628,0.535658914728682,10,"top10","hr_sd_precond;eda_med_precond;hr_med_precond;eda_pkrate_precond;eeg_fm_specent_precond;hrv_rmssd_precond;eda_peakarea_precond;pupil_full_pupil_asymmetry_precond;eeg_faa_precond;pupil_full_pupil_sd_precond"
2025-12-19 16:25:06.048353,48,"stress_label",10,16,0.125,0.529069767441861,0.424418604651163,0.51937984496124,10,"top10","hr_sd_precond;eda_med_precond;hr_med_precond;eda_pkrate_precond;eeg_fm_specent_precond;hrv_rmssd_precond;eda_peakarea_precond;pupil_full_pupil_asymmetry_precond;eeg_faa_precond;pupil_full_pupil_sd_precond"
2025-12-19 16:25:06.08948,48,"stress_label",10,32,0.125,0.494186046511628,0.418604651162791,0.5,10,"top10","hr_sd_precond;eda_med_precond;hr_med_precond;eda_pkrate_precond;eeg_fm_specent_precond;hrv_rmssd_precond;eda_peakarea_precond;pupil_full_pupil_asymmetry_precond;eeg_faa_precond;pupil_full_pupil_sd_precond"
2025-12-19 16:25:06.235028,48,"stress_label",10,64,0.125,0.5,0.436046511627907,NA,10,"top10","hr_sd_precond;eda_med_precond;hr_med_precond;eda_pkrate_precond;eeg_fm_specent_precond;hrv_rmssd_precond;eda_peakarea_precond;pupil_full_pupil_asymmetry_precond;eeg_faa_precond;pupil_full_pupil_sd_precond"
2025-12-19 16:25:06.331341,48,"stress_label",10,128,0.125,0.5,0.447674418604651,NA,10,"top10","hr_sd_precond;eda_med_precond;hr_med_precond;eda_pkrate_precond;eeg_fm_specent_precond;hrv_rmssd_precond;eda_peakarea_precond;pupil_full_pupil_asymmetry_precond;eeg_faa_precond;pupil_full_pupil_sd_precond"
2025-12-19 16:25:06.487482,48,"stress_label",10,256,0.125,0.5,0.47093023255814,NA,10,"top10","hr_sd_precond;eda_med_precond;hr_med_precond;eda_pkrate_precond;eeg_fm_specent_precond;hrv_rmssd_precond;eda_peakarea_precond;pupil_full_pupil_asymmetry_precond;eeg_faa_precond;pupil_full_pupil_sd_precond"
2025-12-19 16:25:06.327143,48,"stress_label",10,2,0.03,0.552325581395349,0.523255813953488,NA,10,"top10","hr_sd_precond;eda_med_precond;hr_med_precond;eda_pkrate_precond;eeg_fm_specent_precond;hrv_rmssd_precond;eda_peakarea_precond;pupil_full_pupil_asymmetry_precond;eeg_faa_precond;pupil_full_pupil_sd_precond"
2025-12-19 16:25:06.733766,48,"stress_label",10,4,0.03,0.552325581395349,0.534883720930233,NA,10,"top10","hr_sd_precond;eda_med_precond;hr_med_precond;eda_pkrate_precond;eeg_fm_specent_precond;hrv_rmssd_precond;eda_peakarea_precond;pupil_full_pupil_asymmetry_precond;eeg_faa_precond;pupil_full_pupil_sd_precond"
2025-12-19 16:25:06.979583,48,"stress_label",10,8,0.03,0.581395348837209,0.587209302325581,NA,10,"top10","hr_sd_precond;eda_med_precond;hr_med_precond;eda_pkrate_precond;eeg_fm_specent_precond;hrv_rmssd_precond;eda_peakarea_precond;pupil_full_pupil_asymmetry_precond;eeg_faa_precond;pupil_full_pupil_sd_precond"
2025-12-19 16:25:07.049428,48,"stress_label",10,16,0.03,0.587209302325581,0.517441860465116,NA,10,"top10","hr_sd_precond;eda_med_precond;hr_med_precond;eda_pkrate_precond;eeg_fm_specent_precond;hrv_rmssd_precond;eda_peakarea_precond;pupil_full_pupil_asymmetry_precond;eeg_faa_precond;pupil_full_pupil_sd_precond"
2025-12-19 16:25:07.173501,48,"stress_label",10,32,0.03,0.563953488372093,0.447674418604651,NA,10,"top10","hr_sd_precond;eda_med_precond;hr_med_precond;eda_pkrate_precond;eeg_fm_specent_precond;hrv_rmssd_precond;eda_peakarea_precond;pupil_full_pupil_asymmetry_precond;eeg_faa_precond;pupil_full_pupil_sd_precond"
2025-12-19 16:25:07.431181,48,"stress_label",10,64,0.03,0.517441860465116,0.412790697674419,NA,10,"top10","hr_sd_precond;eda_med_precond;hr_med_precond;eda_pkrate_precond;eeg_fm_specent_precond;hrv_rmssd_precond;eda_peakarea_precond;pupil_full_pupil_asymmetry_precond;eeg_faa_precond;pupil_full_pupil_sd_precond"
2025-12-19 16:25:07.763849,48,"stress_label",10,128,0.03,0.552325581395349,0.529069767441861,NA,10,"top10","hr_sd_precond;eda_med_precond;hr_med_precond;eda_pkrate_precond;eeg_fm_specent_precond;hrv_rmssd_precond;eda_peakarea_precond;pupil_full_pupil_asymmetry_precond;eeg_faa_precond;pupil_full_pupil_sd_precond"
2025-12-19 16:25:08.113487,48,"stress_label",10,256,0.03,0.552325581395349,0.482558139534884,NA,10,"top10","hr_sd_precond;eda_med_precond;hr_med_precond;eda_pkrate_precond;eeg_fm_specent_precond;hrv_rmssd_precond;eda_peakarea_precond;pupil_full_pupil_asymmetry_precond;eeg_faa_precond;pupil_full_pupil_sd_precond"
2025-12-19 16:25:07.235724,48,"stress_label",10,2,0.06,0.552325581395349,0.505813953488372,NA,10,"top10","hr_sd_precond;eda_med_precond;hr_med_precond;eda_pkrate_precond;eeg_fm_specent_precond;hrv_rmssd_precond;eda_peakarea_precond;pupil_full_pupil_asymmetry_precond;eeg_faa_precond;pupil_full_pupil_sd_precond"
2025-12-19 16:25:07.405027,48,"stress_label",10,4,0.06,0.581395348837209,0.558139534883721,NA,10,"top10","hr_sd_precond;eda_med_precond;hr_med_precond;eda_pkrate_precond;eeg_fm_specent_precond;hrv_rmssd_precond;eda_peakarea_precond;pupil_full_pupil_asymmetry_precond;eeg_faa_precond;pupil_full_pupil_sd_precond"
2025-12-19 16:25:07.444189,48,"stress_label",10,8,0.06,0.546511627906977,0.47093023255814,NA,10,"top10","hr_sd_precond;eda_med_precond;hr_med_precond;eda_pkrate_precond;eeg_fm_specent_precond;hrv_rmssd_precond;eda_peakarea_precond;pupil_full_pupil_asymmetry_precond;eeg_faa_precond;pupil_full_pupil_sd_precond"
2025-12-19 16:25:07.597779,48,"stress_label",10,16,0.06,0.5,0.465116279069767,NA,10,"top10","hr_sd_precond;eda_med_precond;hr_med_precond;eda_pkrate_precond;eeg_fm_specent_precond;hrv_rmssd_precond;eda_peakarea_precond;pupil_full_pupil_asymmetry_precond;eeg_faa_precond;pupil_full_pupil_sd_precond"
2025-12-19 16:25:07.69883,48,"stress_label",10,32,0.06,0.529069767441861,0.5,NA,10,"top10","hr_sd_precond;eda_med_precond;hr_med_precond;eda_pkrate_precond;eeg_fm_specent_precond;hrv_rmssd_precond;eda_peakarea_precond;pupil_full_pupil_asymmetry_precond;eeg_faa_precond;pupil_full_pupil_sd_precond"
2025-12-19 16:25:07.850397,48,"stress_label",10,64,0.06,0.517441860465116,0.459302325581395,0.510077519379845,10,"top10","hr_sd_precond;eda_med_precond;hr_med_precond;eda_pkrate_precond;eeg_fm_specent_precond;hrv_rmssd_precond;eda_peakarea_precond;pupil_full_pupil_asymmetry_precond;eeg_faa_precond;pupil_full_pupil_sd_precond"
2025-12-19 16:25:08.024167,48,"stress_label",10,128,0.06,0.5,0.47093023255814,0.483720930232558,10,"top10","hr_sd_precond;eda_med_precond;hr_med_precond;eda_pkrate_precond;eeg_fm_specent_precond;hrv_rmssd_precond;eda_peakarea_precond;pupil_full_pupil_asymmetry_precond;eeg_faa_precond;pupil_full_pupil_sd_precond"
2025-12-19 16:25:08.304085,48,"stress_label",10,256,0.06,0.511627906976744,0.430232558139535,NA,10,"top10","hr_sd_precond;eda_med_precond;hr_med_precond;eda_pkrate_precond;eeg_fm_specent_precond;hrv_rmssd_precond;eda_peakarea_precond;pupil_full_pupil_asymmetry_precond;eeg_faa_precond;pupil_full_pupil_sd_precond"
2025-12-19 16:25:08.077604,48,"stress_label",10,2,0.1,0.540697674418605,0.558139534883721,NA,10,"top10","hr_sd_precond;eda_med_precond;hr_med_precond;eda_pkrate_precond;eeg_fm_specent_precond;hrv_rmssd_precond;eda_peakarea_precond;pupil_full_pupil_asymmetry_precond;eeg_faa_precond;pupil_full_pupil_sd_precond"
2025-12-19 16:25:08.17436,48,"stress_label",10,4,0.1,0.529069767441861,0.517441860465116,NA,10,"top10","hr_sd_precond;eda_med_precond;hr_med_precond;eda_pkrate_precond;eeg_fm_specent_precond;hrv_rmssd_precond;eda_peakarea_precond;pupil_full_pupil_asymmetry_precond;eeg_faa_precond;pupil_full_pupil_sd_precond"
2025-12-19 16:25:08.329822,48,"stress_label",10,8,0.1,0.523255813953488,0.482558139534884,NA,10,"top10","hr_sd_precond;eda_med_precond;hr_med_precond;eda_pkrate_precond;eeg_fm_specent_precond;hrv_rmssd_precond;eda_peakarea_precond;pupil_full_pupil_asymmetry_precond;eeg_faa_precond;pupil_full_pupil_sd_precond"
2025-12-19 16:25:08.388393,48,"stress_label",10,16,0.1,0.523255813953488,0.505813953488372,0.52015503875969,10,"top10","hr_sd_precond;eda_med_precond;hr_med_precond;eda_pkrate_precond;eeg_fm_specent_precond;hrv_rmssd_precond;eda_peakarea_precond;pupil_full_pupil_asymmetry_precond;eeg_faa_precond;pupil_full_pupil_sd_precond"
2025-12-19 16:25:08.530309,48,"stress_label",10,32,0.1,0.505813953488372,0.488372093023256,0.495348837209302,10,"top10","hr_sd_precond;eda_med_precond;hr_med_precond;eda_pkrate_precond;eeg_fm_specent_precond;hrv_rmssd_precond;eda_peakarea_precond;pupil_full_pupil_asymmetry_precond;eeg_faa_precond;pupil_full_pupil_sd_precond"
2025-12-19 16:25:08.542602,48,"stress_label",10,64,0.1,0.5,0.447674418604651,0.501550387596899,10,"top10","hr_sd_precond;eda_med_precond;hr_med_precond;eda_pkrate_precond;eeg_fm_specent_precond;hrv_rmssd_precond;eda_peakarea_precond;pupil_full_pupil_asymmetry_precond;eeg_faa_precond;pupil_full_pupil_sd_precond"
2025-12-19 16:25:08.591764,48,"stress_label",10,128,0.1,0.511627906976744,0.447674418604651,0.506201550387597,10,"top10","hr_sd_precond;eda_med_precond;hr_med_precond;eda_pkrate_precond;eeg_fm_specent_precond;hrv_rmssd_precond;eda_peakarea_precond;pupil_full_pupil_asymmetry_precond;eeg_faa_precond;pupil_full_pupil_sd_precond"
2025-12-19 16:25:08.652521,48,"stress_label",10,256,0.1,0.511627906976744,0.482558139534884,0.506201550387597,10,"top10","hr_sd_precond;eda_med_precond;hr_med_precond;eda_pkrate_precond;eeg_fm_specent_precond;hrv_rmssd_precond;eda_peakarea_precond;pupil_full_pupil_asymmetry_precond;eeg_faa_precond;pupil_full_pupil_sd_precond"
