timestamp,test_pid,target,k,cost,gamma,inner_acc,inner_auc,inner_f1,feature_n,feature_set,features_used
2025-12-19 16:50:28.488171,1,"stress_label",5,2,0.0078125,0.558139534883721,0.558139534883721,0.531782945736434,5,"top5","eda_med_precond;hr_sd_precond;hr_med_precond;eeg_tleft_lbeta_power_precond;eeg_faa_precond"
2025-12-19 16:50:28.510621,1,"stress_label",5,4,0.0078125,0.546511627906977,0.593023255813954,0.541860465116279,5,"top5","eda_med_precond;hr_sd_precond;hr_med_precond;eeg_tleft_lbeta_power_precond;eeg_faa_precond"
2025-12-19 16:50:28.499538,1,"stress_label",5,8,0.0078125,0.546511627906977,0.558139534883721,0.551937984496124,5,"top5","eda_med_precond;hr_sd_precond;hr_med_precond;eeg_tleft_lbeta_power_precond;eeg_faa_precond"
2025-12-19 16:50:28.491779,1,"stress_label",5,16,0.0078125,0.540697674418605,0.558139534883721,0.547286821705426,5,"top5","eda_med_precond;hr_sd_precond;hr_med_precond;eeg_tleft_lbeta_power_precond;eeg_faa_precond"
2025-12-19 16:50:28.489215,1,"stress_label",5,32,0.0078125,0.552325581395349,0.517441860465116,0.555813953488372,5,"top5","eda_med_precond;hr_sd_precond;hr_med_precond;eeg_tleft_lbeta_power_precond;eeg_faa_precond"
2025-12-19 16:50:28.524475,1,"stress_label",5,64,0.0078125,0.523255813953488,0.505813953488372,0.516279069767442,5,"top5","eda_med_precond;hr_sd_precond;hr_med_precond;eeg_tleft_lbeta_power_precond;eeg_faa_precond"
2025-12-19 16:50:28.560977,1,"stress_label",5,128,0.0078125,0.488372093023256,0.465116279069767,0.458914728682171,5,"top5","eda_med_precond;hr_sd_precond;hr_med_precond;eeg_tleft_lbeta_power_precond;eeg_faa_precond"
2025-12-19 16:50:28.568046,1,"stress_label",5,256,0.0078125,0.465116279069767,0.476744186046512,0.402325581395349,5,"top5","eda_med_precond;hr_sd_precond;hr_med_precond;eeg_tleft_lbeta_power_precond;eeg_faa_precond"
2025-12-19 16:50:28.516527,1,"stress_label",5,2,0.015625,0.540697674418605,0.546511627906977,0.537984496124031,5,"top5","eda_med_precond;hr_sd_precond;hr_med_precond;eeg_tleft_lbeta_power_precond;eeg_faa_precond"
2025-12-19 16:50:28.511474,1,"stress_label",5,4,0.015625,0.546511627906977,0.569767441860465,0.551937984496124,5,"top5","eda_med_precond;hr_sd_precond;hr_med_precond;eeg_tleft_lbeta_power_precond;eeg_faa_precond"
2025-12-19 16:50:28.4934,1,"stress_label",5,8,0.015625,0.540697674418605,0.529069767441861,0.547286821705426,5,"top5","eda_med_precond;hr_sd_precond;hr_med_precond;eeg_tleft_lbeta_power_precond;eeg_faa_precond"
2025-12-19 16:50:28.498829,1,"stress_label",5,16,0.015625,0.529069767441861,0.447674418604651,0.523255813953488,5,"top5","eda_med_precond;hr_sd_precond;hr_med_precond;eeg_tleft_lbeta_power_precond;eeg_faa_precond"
2025-12-19 16:50:28.513764,1,"stress_label",5,32,0.015625,0.5,0.482558139534884,0.478294573643411,5,"top5","eda_med_precond;hr_sd_precond;hr_med_precond;eeg_tleft_lbeta_power_precond;eeg_faa_precond"
2025-12-19 16:50:28.524393,1,"stress_label",5,64,0.015625,0.47093023255814,0.482558139534884,0.410077519379845,5,"top5","eda_med_precond;hr_sd_precond;hr_med_precond;eeg_tleft_lbeta_power_precond;eeg_faa_precond"
2025-12-19 16:50:29.654888,1,"stress_label",5,128,0.015625,0.494186046511628,0.5,0.443410852713178,5,"top5","eda_med_precond;hr_sd_precond;hr_med_precond;eeg_tleft_lbeta_power_precond;eeg_faa_precond"
2025-12-19 16:50:29.788388,1,"stress_label",5,256,0.015625,0.5,0.523255813953488,0.431782945736434,5,"top5","eda_med_precond;hr_sd_precond;hr_med_precond;eeg_tleft_lbeta_power_precond;eeg_faa_precond"
2025-12-19 16:50:29.578267,1,"stress_label",5,2,0.03125,0.552325581395349,0.546511627906977,0.554263565891473,5,"top5","eda_med_precond;hr_sd_precond;hr_med_precond;eeg_tleft_lbeta_power_precond;eeg_faa_precond"
2025-12-19 16:50:29.579124,1,"stress_label",5,4,0.03125,0.534883720930233,0.540697674418605,0.527906976744186,5,"top5","eda_med_precond;hr_sd_precond;hr_med_precond;eeg_tleft_lbeta_power_precond;eeg_faa_precond"
2025-12-19 16:50:29.605137,1,"stress_label",5,8,0.03125,0.505813953488372,0.540697674418605,0.497674418604651,5,"top5","eda_med_precond;hr_sd_precond;hr_med_precond;eeg_tleft_lbeta_power_precond;eeg_faa_precond"
2025-12-19 16:50:29.595189,1,"stress_label",5,16,0.03125,0.482558139534884,0.476744186046512,0.429457364341085,5,"top5","eda_med_precond;hr_sd_precond;hr_med_precond;eeg_tleft_lbeta_power_precond;eeg_faa_precond"
2025-12-19 16:50:29.645246,1,"stress_label",5,32,0.03125,0.517441860465116,0.5,0.475193798449612,5,"top5","eda_med_precond;hr_sd_precond;hr_med_precond;eeg_tleft_lbeta_power_precond;eeg_faa_precond"
2025-12-19 16:50:29.674429,1,"stress_label",5,64,0.03125,0.540697674418605,0.569767441860465,0.477519379844961,5,"top5","eda_med_precond;hr_sd_precond;hr_med_precond;eeg_tleft_lbeta_power_precond;eeg_faa_precond"
2025-12-19 16:50:29.762007,1,"stress_label",5,128,0.03125,0.593023255813954,0.622093023255814,0.555813953488372,5,"top5","eda_med_precond;hr_sd_precond;hr_med_precond;eeg_tleft_lbeta_power_precond;eeg_faa_precond"
2025-12-19 16:50:29.969832,1,"stress_label",5,256,0.03125,0.622093023255814,0.633720930232558,0.568217054263566,5,"top5","eda_med_precond;hr_sd_precond;hr_med_precond;eeg_tleft_lbeta_power_precond;eeg_faa_precond"
2025-12-19 16:50:29.597087,1,"stress_label",5,2,0.0625,0.529069767441861,0.505813953488372,0.52015503875969,5,"top5","eda_med_precond;hr_sd_precond;hr_med_precond;eeg_tleft_lbeta_power_precond;eeg_faa_precond"
2025-12-19 16:50:29.584541,1,"stress_label",5,4,0.0625,0.529069767441861,0.523255813953488,0.506201550387597,5,"top5","eda_med_precond;hr_sd_precond;hr_med_precond;eeg_tleft_lbeta_power_precond;eeg_faa_precond"
2025-12-19 16:50:29.652874,1,"stress_label",5,8,0.0625,0.563953488372093,0.563953488372093,0.528682170542636,5,"top5","eda_med_precond;hr_sd_precond;hr_med_precond;eeg_tleft_lbeta_power_precond;eeg_faa_precond"
2025-12-19 16:50:29.668176,1,"stress_label",5,16,0.0625,0.593023255813954,0.546511627906977,0.545736434108527,5,"top5","eda_med_precond;hr_sd_precond;hr_med_precond;eeg_tleft_lbeta_power_precond;eeg_faa_precond"
2025-12-19 16:50:30.760636,1,"stress_label",5,32,0.0625,0.627906976744186,0.645348837209302,0.583720930232558,5,"top5","eda_med_precond;hr_sd_precond;hr_med_precond;eeg_tleft_lbeta_power_precond;eeg_faa_precond"
2025-12-19 16:50:30.852534,1,"stress_label",5,64,0.0625,0.63953488372093,0.604651162790698,0.590697674418605,5,"top5","eda_med_precond;hr_sd_precond;hr_med_precond;eeg_tleft_lbeta_power_precond;eeg_faa_precond"
2025-12-19 16:50:31.021209,1,"stress_label",5,128,0.0625,0.616279069767442,0.569767441860465,0.571317829457364,5,"top5","eda_med_precond;hr_sd_precond;hr_med_precond;eeg_tleft_lbeta_power_precond;eeg_faa_precond"
2025-12-19 16:50:31.398574,1,"stress_label",5,256,0.0625,0.563953488372093,0.517441860465116,NA,5,"top5","eda_med_precond;hr_sd_precond;hr_med_precond;eeg_tleft_lbeta_power_precond;eeg_faa_precond"
2025-12-19 16:50:30.704104,1,"stress_label",5,2,0.125,0.61046511627907,0.581395348837209,0.588372093023256,5,"top5","eda_med_precond;hr_sd_precond;hr_med_precond;eeg_tleft_lbeta_power_precond;eeg_faa_precond"
2025-12-19 16:50:30.744568,1,"stress_label",5,4,0.125,0.633720930232558,0.616279069767442,NA,5,"top5","eda_med_precond;hr_sd_precond;hr_med_precond;eeg_tleft_lbeta_power_precond;eeg_faa_precond"
2025-12-19 16:50:30.830379,1,"stress_label",5,8,0.125,0.674418604651163,0.656976744186046,NA,5,"top5","eda_med_precond;hr_sd_precond;hr_med_precond;eeg_tleft_lbeta_power_precond;eeg_faa_precond"
2025-12-19 16:50:30.869711,1,"stress_label",5,16,0.125,0.63953488372093,0.616279069767442,NA,5,"top5","eda_med_precond;hr_sd_precond;hr_med_precond;eeg_tleft_lbeta_power_precond;eeg_faa_precond"
2025-12-19 16:50:30.897709,1,"stress_label",5,32,0.125,0.616279069767442,0.569767441860465,NA,5,"top5","eda_med_precond;hr_sd_precond;hr_med_precond;eeg_tleft_lbeta_power_precond;eeg_faa_precond"
2025-12-19 16:50:31.090158,1,"stress_label",5,64,0.125,0.587209302325581,0.598837209302326,0.571317829457364,5,"top5","eda_med_precond;hr_sd_precond;hr_med_precond;eeg_tleft_lbeta_power_precond;eeg_faa_precond"
2025-12-19 16:50:31.435963,1,"stress_label",5,128,0.125,0.598837209302326,0.61046511627907,NA,5,"top5","eda_med_precond;hr_sd_precond;hr_med_precond;eeg_tleft_lbeta_power_precond;eeg_faa_precond"
2025-12-19 16:50:31.90047,1,"stress_label",5,256,0.125,0.61046511627907,0.662790697674419,0.582945736434109,5,"top5","eda_med_precond;hr_sd_precond;hr_med_precond;eeg_tleft_lbeta_power_precond;eeg_faa_precond"
2025-12-19 16:50:30.905223,1,"stress_label",5,2,0.03,0.552325581395349,0.575581395348837,0.554263565891473,5,"top5","eda_med_precond;hr_sd_precond;hr_med_precond;eeg_tleft_lbeta_power_precond;eeg_faa_precond"
2025-12-19 16:50:31.084564,1,"stress_label",5,4,0.03,0.534883720930233,0.534883720930233,0.527906976744186,5,"top5","eda_med_precond;hr_sd_precond;hr_med_precond;eeg_tleft_lbeta_power_precond;eeg_faa_precond"
2025-12-19 16:50:31.809582,1,"stress_label",5,8,0.03,0.511627906976744,0.47093023255814,0.504651162790698,5,"top5","eda_med_precond;hr_sd_precond;hr_med_precond;eeg_tleft_lbeta_power_precond;eeg_faa_precond"
2025-12-19 16:50:31.87606,1,"stress_label",5,16,0.03,0.482558139534884,0.494186046511628,0.429457364341085,5,"top5","eda_med_precond;hr_sd_precond;hr_med_precond;eeg_tleft_lbeta_power_precond;eeg_faa_precond"
2025-12-19 16:50:31.894765,1,"stress_label",5,32,0.03,0.511627906976744,0.5,0.463565891472868,5,"top5","eda_med_precond;hr_sd_precond;hr_med_precond;eeg_tleft_lbeta_power_precond;eeg_faa_precond"
2025-12-19 16:50:32.03861,1,"stress_label",5,64,0.03,0.529069767441861,0.523255813953488,0.477519379844961,5,"top5","eda_med_precond;hr_sd_precond;hr_med_precond;eeg_tleft_lbeta_power_precond;eeg_faa_precond"
2025-12-19 16:50:32.107464,1,"stress_label",5,128,0.03,0.575581395348837,0.563953488372093,0.535658914728682,5,"top5","eda_med_precond;hr_sd_precond;hr_med_precond;eeg_tleft_lbeta_power_precond;eeg_faa_precond"
2025-12-19 16:50:32.349161,1,"stress_label",5,256,0.03,0.616279069767442,0.63953488372093,0.563565891472868,5,"top5","eda_med_precond;hr_sd_precond;hr_med_precond;eeg_tleft_lbeta_power_precond;eeg_faa_precond"
2025-12-19 16:50:32.000501,1,"stress_label",5,2,0.06,0.529069767441861,0.534883720930233,0.52015503875969,5,"top5","eda_med_precond;hr_sd_precond;hr_med_precond;eeg_tleft_lbeta_power_precond;eeg_faa_precond"
2025-12-19 16:50:32.010933,1,"stress_label",5,4,0.06,0.529069767441861,0.529069767441861,0.506201550387597,5,"top5","eda_med_precond;hr_sd_precond;hr_med_precond;eeg_tleft_lbeta_power_precond;eeg_faa_precond"
2025-12-19 16:50:32.115902,1,"stress_label",5,8,0.06,0.563953488372093,0.540697674418605,0.529457364341085,5,"top5","eda_med_precond;hr_sd_precond;hr_med_precond;eeg_tleft_lbeta_power_precond;eeg_faa_precond"
2025-12-19 16:50:32.199021,1,"stress_label",5,16,0.06,0.587209302325581,0.587209302325581,0.537984496124031,5,"top5","eda_med_precond;hr_sd_precond;hr_med_precond;eeg_tleft_lbeta_power_precond;eeg_faa_precond"
2025-12-19 16:50:32.258017,1,"stress_label",5,32,0.06,0.616279069767442,0.633720930232558,0.573643410852713,5,"top5","eda_med_precond;hr_sd_precond;hr_med_precond;eeg_tleft_lbeta_power_precond;eeg_faa_precond"
2025-12-19 16:50:32.591249,1,"stress_label",5,64,0.06,0.633720930232558,0.598837209302326,0.586821705426357,5,"top5","eda_med_precond;hr_sd_precond;hr_med_precond;eeg_tleft_lbeta_power_precond;eeg_faa_precond"
2025-12-19 16:50:32.805554,1,"stress_label",5,128,0.06,0.616279069767442,0.593023255813954,NA,5,"top5","eda_med_precond;hr_sd_precond;hr_med_precond;eeg_tleft_lbeta_power_precond;eeg_faa_precond"
2025-12-19 16:50:33.242038,1,"stress_label",5,256,0.06,0.581395348837209,0.581395348837209,NA,5,"top5","eda_med_precond;hr_sd_precond;hr_med_precond;eeg_tleft_lbeta_power_precond;eeg_faa_precond"
2025-12-19 16:50:32.880468,1,"stress_label",5,2,0.1,0.552325581395349,0.563953488372093,0.537209302325581,5,"top5","eda_med_precond;hr_sd_precond;hr_med_precond;eeg_tleft_lbeta_power_precond;eeg_faa_precond"
2025-12-19 16:50:32.888827,1,"stress_label",5,4,0.1,0.604651162790698,0.569767441860465,NA,5,"top5","eda_med_precond;hr_sd_precond;hr_med_precond;eeg_tleft_lbeta_power_precond;eeg_faa_precond"
2025-12-19 16:50:32.908425,1,"stress_label",5,8,0.1,0.627906976744186,0.627906976744186,NA,5,"top5","eda_med_precond;hr_sd_precond;hr_med_precond;eeg_tleft_lbeta_power_precond;eeg_faa_precond"
2025-12-19 16:50:33.011684,1,"stress_label",5,16,0.1,0.662790697674419,0.63953488372093,NA,5,"top5","eda_med_precond;hr_sd_precond;hr_med_precond;eeg_tleft_lbeta_power_precond;eeg_faa_precond"
2025-12-19 16:50:33.021095,1,"stress_label",5,32,0.1,0.616279069767442,0.61046511627907,0.573643410852713,5,"top5","eda_med_precond;hr_sd_precond;hr_med_precond;eeg_tleft_lbeta_power_precond;eeg_faa_precond"
2025-12-19 16:50:33.129351,1,"stress_label",5,64,0.1,0.575581395348837,0.546511627906977,0.546511627906977,5,"top5","eda_med_precond;hr_sd_precond;hr_med_precond;eeg_tleft_lbeta_power_precond;eeg_faa_precond"
2025-12-19 16:50:33.342214,1,"stress_label",5,128,0.1,0.575581395348837,0.598837209302326,0.55968992248062,5,"top5","eda_med_precond;hr_sd_precond;hr_med_precond;eeg_tleft_lbeta_power_precond;eeg_faa_precond"
2025-12-19 16:50:33.677188,1,"stress_label",5,256,0.1,0.61046511627907,0.627906976744186,NA,5,"top5","eda_med_precond;hr_sd_precond;hr_med_precond;eeg_tleft_lbeta_power_precond;eeg_faa_precond"
2025-12-19 16:50:35.087855,3,"stress_label",5,2,0.0078125,0.575581395348837,0.563953488372093,0.565116279069767,5,"top5","hr_sd_precond;eeg_fm_lbeta_power_precond;hr_med_precond;eda_med_precond;hrv_rmssd_precond"
2025-12-19 16:50:35.069733,3,"stress_label",5,4,0.0078125,0.587209302325581,0.61046511627907,0.57984496124031,5,"top5","hr_sd_precond;eeg_fm_lbeta_power_precond;hr_med_precond;eda_med_precond;hrv_rmssd_precond"
2025-12-19 16:50:35.092023,3,"stress_label",5,8,0.0078125,0.581395348837209,0.604651162790698,0.576744186046512,5,"top5","hr_sd_precond;eeg_fm_lbeta_power_precond;hr_med_precond;eda_med_precond;hrv_rmssd_precond"
2025-12-19 16:50:35.105874,3,"stress_label",5,16,0.0078125,0.569767441860465,0.587209302325581,0.576744186046512,5,"top5","hr_sd_precond;eeg_fm_lbeta_power_precond;hr_med_precond;eda_med_precond;hrv_rmssd_precond"
2025-12-19 16:50:35.089378,3,"stress_label",5,32,0.0078125,0.558139534883721,0.598837209302326,0.568217054263566,5,"top5","hr_sd_precond;eeg_fm_lbeta_power_precond;hr_med_precond;eda_med_precond;hrv_rmssd_precond"
2025-12-19 16:50:35.074851,3,"stress_label",5,64,0.0078125,0.546511627906977,0.593023255813954,0.54031007751938,5,"top5","hr_sd_precond;eeg_fm_lbeta_power_precond;hr_med_precond;eda_med_precond;hrv_rmssd_precond"
2025-12-19 16:50:35.103246,3,"stress_label",5,128,0.0078125,0.529069767441861,0.552325581395349,0.529457364341085,5,"top5","hr_sd_precond;eeg_fm_lbeta_power_precond;hr_med_precond;eda_med_precond;hrv_rmssd_precond"
2025-12-19 16:50:35.177036,3,"stress_label",5,256,0.0078125,0.5,0.517441860465116,0.5,5,"top5","hr_sd_precond;eeg_fm_lbeta_power_precond;hr_med_precond;eda_med_precond;hrv_rmssd_precond"
2025-12-19 16:50:35.084477,3,"stress_label",5,2,0.015625,0.593023255813954,0.604651162790698,0.586046511627907,5,"top5","hr_sd_precond;eeg_fm_lbeta_power_precond;hr_med_precond;eda_med_precond;hrv_rmssd_precond"
2025-12-19 16:50:35.066063,3,"stress_label",5,4,0.015625,0.575581395348837,0.627906976744186,0.571317829457364,5,"top5","hr_sd_precond;eeg_fm_lbeta_power_precond;hr_med_precond;eda_med_precond;hrv_rmssd_precond"
2025-12-19 16:50:35.069354,3,"stress_label",5,8,0.015625,0.569767441860465,0.604651162790698,0.582170542635659,5,"top5","hr_sd_precond;eeg_fm_lbeta_power_precond;hr_med_precond;eda_med_precond;hrv_rmssd_precond"
2025-12-19 16:50:35.074013,3,"stress_label",5,16,0.015625,0.546511627906977,0.593023255813954,0.544961240310078,5,"top5","hr_sd_precond;eeg_fm_lbeta_power_precond;hr_med_precond;eda_med_precond;hrv_rmssd_precond"
2025-12-19 16:50:35.09818,3,"stress_label",5,32,0.015625,0.523255813953488,0.552325581395349,0.527131782945736,5,"top5","hr_sd_precond;eeg_fm_lbeta_power_precond;hr_med_precond;eda_med_precond;hrv_rmssd_precond"
2025-12-19 16:50:35.090271,3,"stress_label",5,64,0.015625,0.5,0.529069767441861,0.501550387596899,5,"top5","hr_sd_precond;eeg_fm_lbeta_power_precond;hr_med_precond;eda_med_precond;hrv_rmssd_precond"
2025-12-19 16:50:36.239348,3,"stress_label",5,128,0.015625,0.482558139534884,0.447674418604651,0.482945736434109,5,"top5","hr_sd_precond;eeg_fm_lbeta_power_precond;hr_med_precond;eda_med_precond;hrv_rmssd_precond"
2025-12-19 16:50:36.358618,3,"stress_label",5,256,0.015625,0.488372093023256,0.383720930232558,0.486821705426357,5,"top5","hr_sd_precond;eeg_fm_lbeta_power_precond;hr_med_precond;eda_med_precond;hrv_rmssd_precond"
2025-12-19 16:50:36.142737,3,"stress_label",5,2,0.03125,0.563953488372093,0.598837209302326,0.55968992248062,5,"top5","hr_sd_precond;eeg_fm_lbeta_power_precond;hr_med_precond;eda_med_precond;hrv_rmssd_precond"
2025-12-19 16:50:36.154689,3,"stress_label",5,4,0.03125,0.558139534883721,0.581395348837209,0.57984496124031,5,"top5","hr_sd_precond;eeg_fm_lbeta_power_precond;hr_med_precond;eda_med_precond;hrv_rmssd_precond"
2025-12-19 16:50:36.142392,3,"stress_label",5,8,0.03125,0.517441860465116,0.546511627906977,0.523255813953488,5,"top5","hr_sd_precond;eeg_fm_lbeta_power_precond;hr_med_precond;eda_med_precond;hrv_rmssd_precond"
2025-12-19 16:50:36.156633,3,"stress_label",5,16,0.03125,0.5,0.488372093023256,0.49922480620155,5,"top5","hr_sd_precond;eeg_fm_lbeta_power_precond;hr_med_precond;eda_med_precond;hrv_rmssd_precond"
2025-12-19 16:50:36.203618,3,"stress_label",5,32,0.03125,0.476744186046512,0.465116279069767,0.48062015503876,5,"top5","hr_sd_precond;eeg_fm_lbeta_power_precond;hr_med_precond;eda_med_precond;hrv_rmssd_precond"
2025-12-19 16:50:36.252688,3,"stress_label",5,64,0.03125,0.47093023255814,0.412790697674419,0.475193798449612,5,"top5","hr_sd_precond;eeg_fm_lbeta_power_precond;hr_med_precond;eda_med_precond;hrv_rmssd_precond"
2025-12-19 16:50:36.313952,3,"stress_label",5,128,0.03125,0.459302325581395,0.476744186046512,0.464341085271318,5,"top5","hr_sd_precond;eeg_fm_lbeta_power_precond;hr_med_precond;eda_med_precond;hrv_rmssd_precond"
2025-12-19 16:50:36.510042,3,"stress_label",5,256,0.03125,0.47093023255814,0.343023255813953,0.462015503875969,5,"top5","hr_sd_precond;eeg_fm_lbeta_power_precond;hr_med_precond;eda_med_precond;hrv_rmssd_precond"
2025-12-19 16:50:36.187751,3,"stress_label",5,2,0.0625,0.511627906976744,0.558139534883721,0.526356589147287,5,"top5","hr_sd_precond;eeg_fm_lbeta_power_precond;hr_med_precond;eda_med_precond;hrv_rmssd_precond"
2025-12-19 16:50:36.17898,3,"stress_label",5,4,0.0625,0.5,0.511627906976744,0.49922480620155,5,"top5","hr_sd_precond;eeg_fm_lbeta_power_precond;hr_med_precond;eda_med_precond;hrv_rmssd_precond"
2025-12-19 16:50:36.19585,3,"stress_label",5,8,0.0625,0.482558139534884,0.5,0.472868217054264,5,"top5","hr_sd_precond;eeg_fm_lbeta_power_precond;hr_med_precond;eda_med_precond;hrv_rmssd_precond"
2025-12-19 16:50:36.267465,3,"stress_label",5,16,0.0625,0.465116279069767,0.476744186046512,0.455038759689922,5,"top5","hr_sd_precond;eeg_fm_lbeta_power_precond;hr_med_precond;eda_med_precond;hrv_rmssd_precond"
2025-12-19 16:50:37.270826,3,"stress_label",5,32,0.0625,0.476744186046512,0.383720930232558,0.45968992248062,5,"top5","hr_sd_precond;eeg_fm_lbeta_power_precond;hr_med_precond;eda_med_precond;hrv_rmssd_precond"
2025-12-19 16:50:37.383068,3,"stress_label",5,64,0.0625,0.523255813953488,0.284883720930233,0.494573643410853,5,"top5","hr_sd_precond;eeg_fm_lbeta_power_precond;hr_med_precond;eda_med_precond;hrv_rmssd_precond"
2025-12-19 16:50:37.558178,3,"stress_label",5,128,0.0625,0.5,0.465116279069767,NA,5,"top5","hr_sd_precond;eeg_fm_lbeta_power_precond;hr_med_precond;eda_med_precond;hrv_rmssd_precond"
2025-12-19 16:50:37.901661,3,"stress_label",5,256,0.0625,0.511627906976744,0.47093023255814,NA,5,"top5","hr_sd_precond;eeg_fm_lbeta_power_precond;hr_med_precond;eda_med_precond;hrv_rmssd_precond"
2025-12-19 16:50:37.252254,3,"stress_label",5,2,0.125,0.5,0.459302325581395,0.492248062015504,5,"top5","hr_sd_precond;eeg_fm_lbeta_power_precond;hr_med_precond;eda_med_precond;hrv_rmssd_precond"
2025-12-19 16:50:37.261026,3,"stress_label",5,4,0.125,0.476744186046512,0.441860465116279,0.455038759689922,5,"top5","hr_sd_precond;eeg_fm_lbeta_power_precond;hr_med_precond;eda_med_precond;hrv_rmssd_precond"
2025-12-19 16:50:37.289093,3,"stress_label",5,8,0.125,0.517441860465116,0.406976744186047,0.486046511627907,5,"top5","hr_sd_precond;eeg_fm_lbeta_power_precond;hr_med_precond;eda_med_precond;hrv_rmssd_precond"
2025-12-19 16:50:37.36999,3,"stress_label",5,16,0.125,0.505813953488372,0.348837209302326,NA,5,"top5","hr_sd_precond;eeg_fm_lbeta_power_precond;hr_med_precond;eda_med_precond;hrv_rmssd_precond"
2025-12-19 16:50:37.408917,3,"stress_label",5,32,0.125,0.511627906976744,0.354651162790698,0.472868217054264,5,"top5","hr_sd_precond;eeg_fm_lbeta_power_precond;hr_med_precond;eda_med_precond;hrv_rmssd_precond"
2025-12-19 16:50:37.579244,3,"stress_label",5,64,0.125,0.5,0.366279069767442,0.464341085271318,5,"top5","hr_sd_precond;eeg_fm_lbeta_power_precond;hr_med_precond;eda_med_precond;hrv_rmssd_precond"
2025-12-19 16:50:37.895593,3,"stress_label",5,128,0.125,0.494186046511628,0.424418604651163,0.478294573643411,5,"top5","hr_sd_precond;eeg_fm_lbeta_power_precond;hr_med_precond;eda_med_precond;hrv_rmssd_precond"
2025-12-19 16:50:38.324481,3,"stress_label",5,256,0.125,0.447674418604651,0.36046511627907,NA,5,"top5","hr_sd_precond;eeg_fm_lbeta_power_precond;hr_med_precond;eda_med_precond;hrv_rmssd_precond"
2025-12-19 16:50:37.413711,3,"stress_label",5,2,0.03,0.563953488372093,0.61046511627907,0.55968992248062,5,"top5","hr_sd_precond;eeg_fm_lbeta_power_precond;hr_med_precond;eda_med_precond;hrv_rmssd_precond"
2025-12-19 16:50:37.59407,3,"stress_label",5,4,0.03,0.558139534883721,0.569767441860465,0.57984496124031,5,"top5","hr_sd_precond;eeg_fm_lbeta_power_precond;hr_med_precond;eda_med_precond;hrv_rmssd_precond"
2025-12-19 16:50:38.349591,3,"stress_label",5,8,0.03,0.517441860465116,0.552325581395349,0.524806201550388,5,"top5","hr_sd_precond;eeg_fm_lbeta_power_precond;hr_med_precond;eda_med_precond;hrv_rmssd_precond"
2025-12-19 16:50:38.361505,3,"stress_label",5,16,0.03,0.505813953488372,0.494186046511628,0.49922480620155,5,"top5","hr_sd_precond;eeg_fm_lbeta_power_precond;hr_med_precond;eda_med_precond;hrv_rmssd_precond"
2025-12-19 16:50:38.403823,3,"stress_label",5,32,0.03,0.482558139534884,0.5,0.482945736434109,5,"top5","hr_sd_precond;eeg_fm_lbeta_power_precond;hr_med_precond;eda_med_precond;hrv_rmssd_precond"
2025-12-19 16:50:38.489142,3,"stress_label",5,64,0.03,0.476744186046512,0.424418604651163,0.47906976744186,5,"top5","hr_sd_precond;eeg_fm_lbeta_power_precond;hr_med_precond;eda_med_precond;hrv_rmssd_precond"
2025-12-19 16:50:38.714389,3,"stress_label",5,128,0.03,0.47093023255814,0.366279069767442,0.47984496124031,5,"top5","hr_sd_precond;eeg_fm_lbeta_power_precond;hr_med_precond;eda_med_precond;hrv_rmssd_precond"
2025-12-19 16:50:38.861584,3,"stress_label",5,256,0.03,0.47093023255814,0.372093023255814,0.467441860465116,5,"top5","hr_sd_precond;eeg_fm_lbeta_power_precond;hr_med_precond;eda_med_precond;hrv_rmssd_precond"
2025-12-19 16:50:38.53154,3,"stress_label",5,2,0.06,0.511627906976744,0.558139534883721,0.526356589147287,5,"top5","hr_sd_precond;eeg_fm_lbeta_power_precond;hr_med_precond;eda_med_precond;hrv_rmssd_precond"
2025-12-19 16:50:38.502187,3,"stress_label",5,4,0.06,0.505813953488372,0.523255813953488,0.510852713178295,5,"top5","hr_sd_precond;eeg_fm_lbeta_power_precond;hr_med_precond;eda_med_precond;hrv_rmssd_precond"
2025-12-19 16:50:38.705354,3,"stress_label",5,8,0.06,0.482558139534884,0.523255813953488,0.472868217054264,5,"top5","hr_sd_precond;eeg_fm_lbeta_power_precond;hr_med_precond;eda_med_precond;hrv_rmssd_precond"
2025-12-19 16:50:38.762582,3,"stress_label",5,16,0.06,0.47093023255814,0.383720930232558,0.458914728682171,5,"top5","hr_sd_precond;eeg_fm_lbeta_power_precond;hr_med_precond;eda_med_precond;hrv_rmssd_precond"
2025-12-19 16:50:38.795139,3,"stress_label",5,32,0.06,0.482558139534884,0.418604651162791,0.467441860465116,5,"top5","hr_sd_precond;eeg_fm_lbeta_power_precond;hr_med_precond;eda_med_precond;hrv_rmssd_precond"
2025-12-19 16:50:39.106941,3,"stress_label",5,64,0.06,0.517441860465116,0.38953488372093,0.494573643410853,5,"top5","hr_sd_precond;eeg_fm_lbeta_power_precond;hr_med_precond;eda_med_precond;hrv_rmssd_precond"
2025-12-19 16:50:39.258364,3,"stress_label",5,128,0.06,0.488372093023256,0.424418604651163,NA,5,"top5","hr_sd_precond;eeg_fm_lbeta_power_precond;hr_med_precond;eda_med_precond;hrv_rmssd_precond"
2025-12-19 16:50:39.792626,3,"stress_label",5,256,0.06,0.5,0.47093023255814,NA,5,"top5","hr_sd_precond;eeg_fm_lbeta_power_precond;hr_med_precond;eda_med_precond;hrv_rmssd_precond"
2025-12-19 16:50:39.380605,3,"stress_label",5,2,0.1,0.511627906976744,0.488372093023256,0.527131782945736,5,"top5","hr_sd_precond;eeg_fm_lbeta_power_precond;hr_med_precond;eda_med_precond;hrv_rmssd_precond"
2025-12-19 16:50:39.39873,3,"stress_label",5,4,0.1,0.482558139534884,0.465116279069767,0.468217054263566,5,"top5","hr_sd_precond;eeg_fm_lbeta_power_precond;hr_med_precond;eda_med_precond;hrv_rmssd_precond"
2025-12-19 16:50:39.587625,3,"stress_label",5,8,0.1,0.465116279069767,0.412790697674419,0.452713178294574,5,"top5","hr_sd_precond;eeg_fm_lbeta_power_precond;hr_med_precond;eda_med_precond;hrv_rmssd_precond"
2025-12-19 16:50:39.699095,3,"stress_label",5,16,0.1,0.523255813953488,0.424418604651163,0.494573643410853,5,"top5","hr_sd_precond;eeg_fm_lbeta_power_precond;hr_med_precond;eda_med_precond;hrv_rmssd_precond"
2025-12-19 16:50:39.742821,3,"stress_label",5,32,0.1,0.5,0.348837209302326,NA,5,"top5","hr_sd_precond;eeg_fm_lbeta_power_precond;hr_med_precond;eda_med_precond;hrv_rmssd_precond"
2025-12-19 16:50:39.707233,3,"stress_label",5,64,0.1,0.523255813953488,0.383720930232558,0.48062015503876,5,"top5","hr_sd_precond;eeg_fm_lbeta_power_precond;hr_med_precond;eda_med_precond;hrv_rmssd_precond"
2025-12-19 16:50:40.053022,3,"stress_label",5,128,0.1,0.488372093023256,0.395348837209302,0.477519379844961,5,"top5","hr_sd_precond;eeg_fm_lbeta_power_precond;hr_med_precond;eda_med_precond;hrv_rmssd_precond"
2025-12-19 16:50:40.305045,3,"stress_label",5,256,0.1,0.482558139534884,0.395348837209302,0.470542635658915,5,"top5","hr_sd_precond;eeg_fm_lbeta_power_precond;hr_med_precond;eda_med_precond;hrv_rmssd_precond"
2025-12-19 16:50:41.871557,4,"stress_label",5,2,0.0078125,0.575581395348837,0.593023255813954,0.567441860465116,5,"top5","hr_sd_precond;hr_med_precond;eda_med_precond;hrv_rmssd_precond;eeg_fm_specent_precond"
2025-12-19 16:50:42.115423,4,"stress_label",5,4,0.0078125,0.593023255813954,0.593023255813954,0.586821705426357,5,"top5","hr_sd_precond;hr_med_precond;eda_med_precond;hrv_rmssd_precond;eeg_fm_specent_precond"
2025-12-19 16:50:41.908273,4,"stress_label",5,8,0.0078125,0.581395348837209,0.587209302325581,0.575193798449612,5,"top5","hr_sd_precond;hr_med_precond;eda_med_precond;hrv_rmssd_precond;eeg_fm_specent_precond"
2025-12-19 16:50:41.829294,4,"stress_label",5,16,0.0078125,0.581395348837209,0.598837209302326,0.577519379844961,5,"top5","hr_sd_precond;hr_med_precond;eda_med_precond;hrv_rmssd_precond;eeg_fm_specent_precond"
2025-12-19 16:50:42.168655,4,"stress_label",5,32,0.0078125,0.587209302325581,0.563953488372093,0.585271317829457,5,"top5","hr_sd_precond;hr_med_precond;eda_med_precond;hrv_rmssd_precond;eeg_fm_specent_precond"
2025-12-19 16:50:41.836001,4,"stress_label",5,64,0.0078125,0.575581395348837,0.575581395348837,0.585271317829457,5,"top5","hr_sd_precond;hr_med_precond;eda_med_precond;hrv_rmssd_precond;eeg_fm_specent_precond"
2025-12-19 16:50:42.210341,4,"stress_label",5,128,0.0078125,0.529069767441861,0.529069767441861,0.532558139534884,5,"top5","hr_sd_precond;hr_med_precond;eda_med_precond;hrv_rmssd_precond;eeg_fm_specent_precond"
2025-12-19 16:50:41.984259,4,"stress_label",5,256,0.0078125,0.517441860465116,0.558139534883721,NA,5,"top5","hr_sd_precond;hr_med_precond;eda_med_precond;hrv_rmssd_precond;eeg_fm_specent_precond"
2025-12-19 16:50:41.917175,4,"stress_label",5,2,0.015625,0.581395348837209,0.598837209302326,0.57906976744186,5,"top5","hr_sd_precond;hr_med_precond;eda_med_precond;hrv_rmssd_precond;eeg_fm_specent_precond"
2025-12-19 16:50:42.145231,4,"stress_label",5,4,0.015625,0.581395348837209,0.598837209302326,0.577519379844961,5,"top5","hr_sd_precond;hr_med_precond;eda_med_precond;hrv_rmssd_precond;eeg_fm_specent_precond"
2025-12-19 16:50:41.862662,4,"stress_label",5,8,0.015625,0.581395348837209,0.587209302325581,0.578294573643411,5,"top5","hr_sd_precond;hr_med_precond;eda_med_precond;hrv_rmssd_precond;eeg_fm_specent_precond"
2025-12-19 16:50:41.841787,4,"stress_label",5,16,0.015625,0.575581395348837,0.534883720930233,0.584496124031008,5,"top5","hr_sd_precond;hr_med_precond;eda_med_precond;hrv_rmssd_precond;eeg_fm_specent_precond"
2025-12-19 16:50:42.189315,4,"stress_label",5,32,0.015625,0.540697674418605,0.540697674418605,0.551937984496124,5,"top5","hr_sd_precond;hr_med_precond;eda_med_precond;hrv_rmssd_precond;eeg_fm_specent_precond"
2025-12-19 16:50:42.203841,4,"stress_label",5,64,0.015625,0.511627906976744,0.505813953488372,NA,5,"top5","hr_sd_precond;hr_med_precond;eda_med_precond;hrv_rmssd_precond;eeg_fm_specent_precond"
2025-12-19 16:50:43.10589,4,"stress_label",5,128,0.015625,0.5,0.494186046511628,NA,5,"top5","hr_sd_precond;hr_med_precond;eda_med_precond;hrv_rmssd_precond;eeg_fm_specent_precond"
2025-12-19 16:50:43.204724,4,"stress_label",5,256,0.015625,0.517441860465116,0.418604651162791,NA,5,"top5","hr_sd_precond;hr_med_precond;eda_med_precond;hrv_rmssd_precond;eeg_fm_specent_precond"
2025-12-19 16:50:42.973561,4,"stress_label",5,2,0.03125,0.598837209302326,0.587209302325581,0.594573643410853,5,"top5","hr_sd_precond;hr_med_precond;eda_med_precond;hrv_rmssd_precond;eeg_fm_specent_precond"
2025-12-19 16:50:43.020215,4,"stress_label",5,4,0.03125,0.581395348837209,0.552325581395349,0.582945736434109,5,"top5","hr_sd_precond;hr_med_precond;eda_med_precond;hrv_rmssd_precond;eeg_fm_specent_precond"
2025-12-19 16:50:43.056413,4,"stress_label",5,8,0.03125,0.529069767441861,0.529069767441861,0.537209302325581,5,"top5","hr_sd_precond;hr_med_precond;eda_med_precond;hrv_rmssd_precond;eeg_fm_specent_precond"
2025-12-19 16:50:43.366688,4,"stress_label",5,16,0.03125,0.511627906976744,0.5,NA,5,"top5","hr_sd_precond;hr_med_precond;eda_med_precond;hrv_rmssd_precond;eeg_fm_specent_precond"
2025-12-19 16:50:43.387234,4,"stress_label",5,32,0.03125,0.505813953488372,0.436046511627907,NA,5,"top5","hr_sd_precond;hr_med_precond;eda_med_precond;hrv_rmssd_precond;eeg_fm_specent_precond"
2025-12-19 16:50:43.510277,4,"stress_label",5,64,0.03125,0.511627906976744,0.5,NA,5,"top5","hr_sd_precond;hr_med_precond;eda_med_precond;hrv_rmssd_precond;eeg_fm_specent_precond"
2025-12-19 16:50:43.454447,4,"stress_label",5,128,0.03125,0.47093023255814,0.488372093023256,0.475968992248062,5,"top5","hr_sd_precond;hr_med_precond;eda_med_precond;hrv_rmssd_precond;eeg_fm_specent_precond"
2025-12-19 16:50:43.658264,4,"stress_label",5,256,0.03125,0.476744186046512,0.38953488372093,NA,5,"top5","hr_sd_precond;hr_med_precond;eda_med_precond;hrv_rmssd_precond;eeg_fm_specent_precond"
2025-12-19 16:50:43.301404,4,"stress_label",5,2,0.0625,0.546511627906977,0.569767441860465,0.555038759689922,5,"top5","hr_sd_precond;hr_med_precond;eda_med_precond;hrv_rmssd_precond;eeg_fm_specent_precond"
2025-12-19 16:50:43.359438,4,"stress_label",5,4,0.0625,0.517441860465116,0.517441860465116,NA,5,"top5","hr_sd_precond;hr_med_precond;eda_med_precond;hrv_rmssd_precond;eeg_fm_specent_precond"
2025-12-19 16:50:43.375363,4,"stress_label",5,8,0.0625,0.511627906976744,0.424418604651163,NA,5,"top5","hr_sd_precond;hr_med_precond;eda_med_precond;hrv_rmssd_precond;eeg_fm_specent_precond"
2025-12-19 16:50:43.364058,4,"stress_label",5,16,0.0625,0.47093023255814,0.459302325581395,0.483720930232558,5,"top5","hr_sd_precond;hr_med_precond;eda_med_precond;hrv_rmssd_precond;eeg_fm_specent_precond"
2025-12-19 16:50:44.124194,4,"stress_label",5,32,0.0625,0.465116279069767,0.534883720930233,0.465116279069767,5,"top5","hr_sd_precond;hr_med_precond;eda_med_precond;hrv_rmssd_precond;eeg_fm_specent_precond"
2025-12-19 16:50:44.267339,4,"stress_label",5,64,0.0625,0.465116279069767,0.430232558139535,0.477519379844961,5,"top5","hr_sd_precond;hr_med_precond;eda_med_precond;hrv_rmssd_precond;eeg_fm_specent_precond"
2025-12-19 16:50:44.492697,4,"stress_label",5,128,0.0625,0.441860465116279,0.418604651162791,NA,5,"top5","hr_sd_precond;hr_med_precond;eda_med_precond;hrv_rmssd_precond;eeg_fm_specent_precond"
2025-12-19 16:50:44.828927,4,"stress_label",5,256,0.0625,0.459302325581395,0.401162790697674,NA,5,"top5","hr_sd_precond;hr_med_precond;eda_med_precond;hrv_rmssd_precond;eeg_fm_specent_precond"
2025-12-19 16:50:44.262187,4,"stress_label",5,2,0.125,0.5,0.465116279069767,0.503875968992248,5,"top5","hr_sd_precond;hr_med_precond;eda_med_precond;hrv_rmssd_precond;eeg_fm_specent_precond"
2025-12-19 16:50:44.349406,4,"stress_label",5,4,0.125,0.482558139534884,0.5,0.490697674418605,5,"top5","hr_sd_precond;hr_med_precond;eda_med_precond;hrv_rmssd_precond;eeg_fm_specent_precond"
2025-12-19 16:50:44.453233,4,"stress_label",5,8,0.125,0.482558139534884,0.418604651162791,NA,5,"top5","hr_sd_precond;hr_med_precond;eda_med_precond;hrv_rmssd_precond;eeg_fm_specent_precond"
2025-12-19 16:50:44.50249,4,"stress_label",5,16,0.125,0.494186046511628,0.412790697674419,NA,5,"top5","hr_sd_precond;hr_med_precond;eda_med_precond;hrv_rmssd_precond;eeg_fm_specent_precond"
2025-12-19 16:50:44.57055,4,"stress_label",5,32,0.125,0.476744186046512,0.482558139534884,NA,5,"top5","hr_sd_precond;hr_med_precond;eda_med_precond;hrv_rmssd_precond;eeg_fm_specent_precond"
2025-12-19 16:50:44.742973,4,"stress_label",5,64,0.125,0.476744186046512,0.476744186046512,NA,5,"top5","hr_sd_precond;hr_med_precond;eda_med_precond;hrv_rmssd_precond;eeg_fm_specent_precond"
2025-12-19 16:50:44.981485,4,"stress_label",5,128,0.125,0.482558139534884,0.430232558139535,NA,5,"top5","hr_sd_precond;hr_med_precond;eda_med_precond;hrv_rmssd_precond;eeg_fm_specent_precond"
2025-12-19 16:50:45.460556,4,"stress_label",5,256,0.125,0.430232558139535,0.418604651162791,NA,5,"top5","hr_sd_precond;hr_med_precond;eda_med_precond;hrv_rmssd_precond;eeg_fm_specent_precond"
2025-12-19 16:50:44.589249,4,"stress_label",5,2,0.03,0.604651162790698,0.593023255813954,0.606201550387597,5,"top5","hr_sd_precond;hr_med_precond;eda_med_precond;hrv_rmssd_precond;eeg_fm_specent_precond"
2025-12-19 16:50:44.749799,4,"stress_label",5,4,0.03,0.587209302325581,0.581395348837209,0.592248062015504,5,"top5","hr_sd_precond;hr_med_precond;eda_med_precond;hrv_rmssd_precond;eeg_fm_specent_precond"
2025-12-19 16:50:45.179059,4,"stress_label",5,8,0.03,0.534883720930233,0.563953488372093,0.544961240310078,5,"top5","hr_sd_precond;hr_med_precond;eda_med_precond;hrv_rmssd_precond;eeg_fm_specent_precond"
2025-12-19 16:50:45.361916,4,"stress_label",5,16,0.03,0.505813953488372,0.546511627906977,NA,5,"top5","hr_sd_precond;hr_med_precond;eda_med_precond;hrv_rmssd_precond;eeg_fm_specent_precond"
2025-12-19 16:50:45.355716,4,"stress_label",5,32,0.03,0.494186046511628,0.529069767441861,NA,5,"top5","hr_sd_precond;hr_med_precond;eda_med_precond;hrv_rmssd_precond;eeg_fm_specent_precond"
2025-12-19 16:50:45.545343,4,"stress_label",5,64,0.03,0.511627906976744,0.459302325581395,NA,5,"top5","hr_sd_precond;hr_med_precond;eda_med_precond;hrv_rmssd_precond;eeg_fm_specent_precond"
2025-12-19 16:50:45.681621,4,"stress_label",5,128,0.03,0.47093023255814,0.372093023255814,0.481395348837209,5,"top5","hr_sd_precond;hr_med_precond;eda_med_precond;hrv_rmssd_precond;eeg_fm_specent_precond"
2025-12-19 16:50:45.954226,4,"stress_label",5,256,0.03,0.482558139534884,0.331395348837209,NA,5,"top5","hr_sd_precond;hr_med_precond;eda_med_precond;hrv_rmssd_precond;eeg_fm_specent_precond"
2025-12-19 16:50:45.581326,4,"stress_label",5,2,0.06,0.552325581395349,0.529069767441861,0.562790697674419,5,"top5","hr_sd_precond;hr_med_precond;eda_med_precond;hrv_rmssd_precond;eeg_fm_specent_precond"
2025-12-19 16:50:45.640621,4,"stress_label",5,4,0.06,0.529069767441861,0.523255813953488,0.541860465116279,5,"top5","hr_sd_precond;hr_med_precond;eda_med_precond;hrv_rmssd_precond;eeg_fm_specent_precond"
2025-12-19 16:50:45.693531,4,"stress_label",5,8,0.06,0.523255813953488,0.505813953488372,NA,5,"top5","hr_sd_precond;hr_med_precond;eda_med_precond;hrv_rmssd_precond;eeg_fm_specent_precond"
2025-12-19 16:50:45.80028,4,"stress_label",5,16,0.06,0.476744186046512,0.453488372093023,0.486821705426357,5,"top5","hr_sd_precond;hr_med_precond;eda_med_precond;hrv_rmssd_precond;eeg_fm_specent_precond"
2025-12-19 16:50:45.864387,4,"stress_label",5,32,0.06,0.47093023255814,0.377906976744186,NA,5,"top5","hr_sd_precond;hr_med_precond;eda_med_precond;hrv_rmssd_precond;eeg_fm_specent_precond"
2025-12-19 16:50:46.015844,4,"stress_label",5,64,0.06,0.482558139534884,0.401162790697674,NA,5,"top5","hr_sd_precond;hr_med_precond;eda_med_precond;hrv_rmssd_precond;eeg_fm_specent_precond"
2025-12-19 16:50:46.259837,4,"stress_label",5,128,0.06,0.447674418604651,0.395348837209302,NA,5,"top5","hr_sd_precond;hr_med_precond;eda_med_precond;hrv_rmssd_precond;eeg_fm_specent_precond"
2025-12-19 16:50:46.642647,4,"stress_label",5,256,0.06,0.453488372093023,0.430232558139535,NA,5,"top5","hr_sd_precond;hr_med_precond;eda_med_precond;hrv_rmssd_precond;eeg_fm_specent_precond"
2025-12-19 16:50:46.315804,4,"stress_label",5,2,0.1,0.529069767441861,0.534883720930233,0.537209302325581,5,"top5","hr_sd_precond;hr_med_precond;eda_med_precond;hrv_rmssd_precond;eeg_fm_specent_precond"
2025-12-19 16:50:46.312883,4,"stress_label",5,4,0.1,0.482558139534884,0.436046511627907,0.492248062015504,5,"top5","hr_sd_precond;hr_med_precond;eda_med_precond;hrv_rmssd_precond;eeg_fm_specent_precond"
2025-12-19 16:50:46.41512,4,"stress_label",5,8,0.1,0.465116279069767,0.418604651162791,NA,5,"top5","hr_sd_precond;hr_med_precond;eda_med_precond;hrv_rmssd_precond;eeg_fm_specent_precond"
2025-12-19 16:50:46.509884,4,"stress_label",5,16,0.1,0.47093023255814,0.476744186046512,NA,5,"top5","hr_sd_precond;hr_med_precond;eda_med_precond;hrv_rmssd_precond;eeg_fm_specent_precond"
2025-12-19 16:50:46.570211,4,"stress_label",5,32,0.1,0.47093023255814,0.412790697674419,NA,5,"top5","hr_sd_precond;hr_med_precond;eda_med_precond;hrv_rmssd_precond;eeg_fm_specent_precond"
2025-12-19 16:50:46.660304,4,"stress_label",5,64,0.1,0.465116279069767,0.436046511627907,NA,5,"top5","hr_sd_precond;hr_med_precond;eda_med_precond;hrv_rmssd_precond;eeg_fm_specent_precond"
2025-12-19 16:50:46.854053,4,"stress_label",5,128,0.1,0.482558139534884,0.476744186046512,NA,5,"top5","hr_sd_precond;hr_med_precond;eda_med_precond;hrv_rmssd_precond;eeg_fm_specent_precond"
2025-12-19 16:50:47.093408,4,"stress_label",5,256,0.1,0.47093023255814,0.424418604651163,NA,5,"top5","hr_sd_precond;hr_med_precond;eda_med_precond;hrv_rmssd_precond;eeg_fm_specent_precond"
2025-12-19 16:50:48.36746,5,"stress_label",5,2,0.0078125,0.581395348837209,0.604651162790698,0.582945736434109,5,"top5","hr_med_precond;hr_sd_precond;eda_med_precond;eeg_fm_lbeta_power_precond;eeg_fm_specent_precond"
2025-12-19 16:50:48.360262,5,"stress_label",5,4,0.0078125,0.598837209302326,0.61046511627907,0.603100775193798,5,"top5","hr_med_precond;hr_sd_precond;eda_med_precond;eeg_fm_lbeta_power_precond;eeg_fm_specent_precond"
2025-12-19 16:50:48.373559,5,"stress_label",5,8,0.0078125,0.598837209302326,0.598837209302326,0.595348837209302,5,"top5","hr_med_precond;hr_sd_precond;eda_med_precond;eeg_fm_lbeta_power_precond;eeg_fm_specent_precond"
2025-12-19 16:50:48.357981,5,"stress_label",5,16,0.0078125,0.569767441860465,0.593023255813954,0.573643410852713,5,"top5","hr_med_precond;hr_sd_precond;eda_med_precond;eeg_fm_lbeta_power_precond;eeg_fm_specent_precond"
2025-12-19 16:50:48.398517,5,"stress_label",5,32,0.0078125,0.558139534883721,0.558139534883721,NA,5,"top5","hr_med_precond;hr_sd_precond;eda_med_precond;eeg_fm_lbeta_power_precond;eeg_fm_specent_precond"
2025-12-19 16:50:48.382157,5,"stress_label",5,64,0.0078125,0.552325581395349,0.511627906976744,NA,5,"top5","hr_med_precond;hr_sd_precond;eda_med_precond;eeg_fm_lbeta_power_precond;eeg_fm_specent_precond"
2025-12-19 16:50:48.410183,5,"stress_label",5,128,0.0078125,0.534883720930233,0.523255813953488,0.503875968992248,5,"top5","hr_med_precond;hr_sd_precond;eda_med_precond;eeg_fm_lbeta_power_precond;eeg_fm_specent_precond"
2025-12-19 16:50:48.426234,5,"stress_label",5,256,0.0078125,0.558139534883721,0.5,0.541860465116279,5,"top5","hr_med_precond;hr_sd_precond;eda_med_precond;eeg_fm_lbeta_power_precond;eeg_fm_specent_precond"
2025-12-19 16:50:48.336802,5,"stress_label",5,2,0.015625,0.587209302325581,0.61046511627907,0.593798449612403,5,"top5","hr_med_precond;hr_sd_precond;eda_med_precond;eeg_fm_lbeta_power_precond;eeg_fm_specent_precond"
2025-12-19 16:50:48.371474,5,"stress_label",5,4,0.015625,0.581395348837209,0.598837209302326,0.57984496124031,5,"top5","hr_med_precond;hr_sd_precond;eda_med_precond;eeg_fm_lbeta_power_precond;eeg_fm_specent_precond"
2025-12-19 16:50:48.391414,5,"stress_label",5,8,0.015625,0.563953488372093,0.575581395348837,NA,5,"top5","hr_med_precond;hr_sd_precond;eda_med_precond;eeg_fm_lbeta_power_precond;eeg_fm_specent_precond"
2025-12-19 16:50:48.356849,5,"stress_label",5,16,0.015625,0.546511627906977,0.511627906976744,NA,5,"top5","hr_med_precond;hr_sd_precond;eda_med_precond;eeg_fm_lbeta_power_precond;eeg_fm_specent_precond"
2025-12-19 16:50:48.381828,5,"stress_label",5,32,0.015625,0.523255813953488,0.517441860465116,0.497674418604651,5,"top5","hr_med_precond;hr_sd_precond;eda_med_precond;eeg_fm_lbeta_power_precond;eeg_fm_specent_precond"
2025-12-19 16:50:48.398968,5,"stress_label",5,64,0.015625,0.529069767441861,0.5,0.505426356589147,5,"top5","hr_med_precond;hr_sd_precond;eda_med_precond;eeg_fm_lbeta_power_precond;eeg_fm_specent_precond"
2025-12-19 16:50:49.516238,5,"stress_label",5,128,0.015625,0.523255813953488,0.436046511627907,0.509302325581395,5,"top5","hr_med_precond;hr_sd_precond;eda_med_precond;eeg_fm_lbeta_power_precond;eeg_fm_specent_precond"
2025-12-19 16:50:49.600985,5,"stress_label",5,256,0.015625,0.482558139534884,0.38953488372093,0.476744186046512,5,"top5","hr_med_precond;hr_sd_precond;eda_med_precond;eeg_fm_lbeta_power_precond;eeg_fm_specent_precond"
2025-12-19 16:50:49.421749,5,"stress_label",5,2,0.03125,0.569767441860465,0.593023255813954,0.582170542635659,5,"top5","hr_med_precond;hr_sd_precond;eda_med_precond;eeg_fm_lbeta_power_precond;eeg_fm_specent_precond"
2025-12-19 16:50:49.447823,5,"stress_label",5,4,0.03125,0.558139534883721,0.552325581395349,NA,5,"top5","hr_med_precond;hr_sd_precond;eda_med_precond;eeg_fm_lbeta_power_precond;eeg_fm_specent_precond"
2025-12-19 16:50:49.432586,5,"stress_label",5,8,0.03125,0.540697674418605,0.505813953488372,0.50077519379845,5,"top5","hr_med_precond;hr_sd_precond;eda_med_precond;eeg_fm_lbeta_power_precond;eeg_fm_specent_precond"
2025-12-19 16:50:49.440228,5,"stress_label",5,16,0.03125,0.517441860465116,0.436046511627907,0.489922480620155,5,"top5","hr_med_precond;hr_sd_precond;eda_med_precond;eeg_fm_lbeta_power_precond;eeg_fm_specent_precond"
2025-12-19 16:50:49.46981,5,"stress_label",5,32,0.03125,0.5,0.465116279069767,0.482170542635659,5,"top5","hr_med_precond;hr_sd_precond;eda_med_precond;eeg_fm_lbeta_power_precond;eeg_fm_specent_precond"
2025-12-19 16:50:49.50695,5,"stress_label",5,64,0.03125,0.47093023255814,0.348837209302326,0.45968992248062,5,"top5","hr_med_precond;hr_sd_precond;eda_med_precond;eeg_fm_lbeta_power_precond;eeg_fm_specent_precond"
2025-12-19 16:50:49.590895,5,"stress_label",5,128,0.03125,0.476744186046512,0.383720930232558,0.478294573643411,5,"top5","hr_med_precond;hr_sd_precond;eda_med_precond;eeg_fm_lbeta_power_precond;eeg_fm_specent_precond"
2025-12-19 16:50:49.774369,5,"stress_label",5,256,0.03125,0.441860465116279,0.366279069767442,0.444186046511628,5,"top5","hr_med_precond;hr_sd_precond;eda_med_precond;eeg_fm_lbeta_power_precond;eeg_fm_specent_precond"
2025-12-19 16:50:49.504692,5,"stress_label",5,2,0.0625,0.540697674418605,0.529069767441861,0.506201550387597,5,"top5","hr_med_precond;hr_sd_precond;eda_med_precond;eeg_fm_lbeta_power_precond;eeg_fm_specent_precond"
2025-12-19 16:50:49.460655,5,"stress_label",5,4,0.0625,0.517441860465116,0.465116279069767,0.491472868217054,5,"top5","hr_med_precond;hr_sd_precond;eda_med_precond;eeg_fm_lbeta_power_precond;eeg_fm_specent_precond"
2025-12-19 16:50:49.481132,5,"stress_label",5,8,0.0625,0.505813953488372,0.424418604651163,0.485271317829457,5,"top5","hr_med_precond;hr_sd_precond;eda_med_precond;eeg_fm_lbeta_power_precond;eeg_fm_specent_precond"
2025-12-19 16:50:49.495674,5,"stress_label",5,16,0.0625,0.476744186046512,0.325581395348837,0.456589147286822,5,"top5","hr_med_precond;hr_sd_precond;eda_med_precond;eeg_fm_lbeta_power_precond;eeg_fm_specent_precond"
2025-12-19 16:50:50.508532,5,"stress_label",5,32,0.0625,0.447674418604651,0.313953488372093,0.431782945736434,5,"top5","hr_med_precond;hr_sd_precond;eda_med_precond;eeg_fm_lbeta_power_precond;eeg_fm_specent_precond"
2025-12-19 16:50:50.588888,5,"stress_label",5,64,0.0625,0.441860465116279,0.395348837209302,0.438759689922481,5,"top5","hr_med_precond;hr_sd_precond;eda_med_precond;eeg_fm_lbeta_power_precond;eeg_fm_specent_precond"
2025-12-19 16:50:50.752307,5,"stress_label",5,128,0.0625,0.459302325581395,0.441860465116279,0.434883720930233,5,"top5","hr_med_precond;hr_sd_precond;eda_med_precond;eeg_fm_lbeta_power_precond;eeg_fm_specent_precond"
2025-12-19 16:50:51.106872,5,"stress_label",5,256,0.0625,0.441860465116279,0.476744186046512,NA,5,"top5","hr_med_precond;hr_sd_precond;eda_med_precond;eeg_fm_lbeta_power_precond;eeg_fm_specent_precond"
2025-12-19 16:50:50.498813,5,"stress_label",5,2,0.125,0.511627906976744,0.447674418604651,0.47984496124031,5,"top5","hr_med_precond;hr_sd_precond;eda_med_precond;eeg_fm_lbeta_power_precond;eeg_fm_specent_precond"
2025-12-19 16:50:50.479854,5,"stress_label",5,4,0.125,0.476744186046512,0.343023255813953,0.455038759689922,5,"top5","hr_med_precond;hr_sd_precond;eda_med_precond;eeg_fm_lbeta_power_precond;eeg_fm_specent_precond"
2025-12-19 16:50:50.525538,5,"stress_label",5,8,0.125,0.476744186046512,0.372093023255814,0.462015503875969,5,"top5","hr_med_precond;hr_sd_precond;eda_med_precond;eeg_fm_lbeta_power_precond;eeg_fm_specent_precond"
2025-12-19 16:50:50.569797,5,"stress_label",5,16,0.125,0.465116279069767,0.436046511627907,0.444961240310077,5,"top5","hr_med_precond;hr_sd_precond;eda_med_precond;eeg_fm_lbeta_power_precond;eeg_fm_specent_precond"
2025-12-19 16:50:50.649733,5,"stress_label",5,32,0.125,0.453488372093023,0.441860465116279,0.426356589147287,5,"top5","hr_med_precond;hr_sd_precond;eda_med_precond;eeg_fm_lbeta_power_precond;eeg_fm_specent_precond"
2025-12-19 16:50:50.760053,5,"stress_label",5,64,0.125,0.476744186046512,0.441860465116279,0.441085271317829,5,"top5","hr_med_precond;hr_sd_precond;eda_med_precond;eeg_fm_lbeta_power_precond;eeg_fm_specent_precond"
2025-12-19 16:50:51.114755,5,"stress_label",5,128,0.125,0.523255813953488,0.424418604651163,0.493023255813954,5,"top5","hr_med_precond;hr_sd_precond;eda_med_precond;eeg_fm_lbeta_power_precond;eeg_fm_specent_precond"
2025-12-19 16:50:51.796259,5,"stress_label",5,256,0.125,0.552325581395349,0.38953488372093,NA,5,"top5","hr_med_precond;hr_sd_precond;eda_med_precond;eeg_fm_lbeta_power_precond;eeg_fm_specent_precond"
2025-12-19 16:50:50.627375,5,"stress_label",5,2,0.03,0.569767441860465,0.593023255813954,0.586821705426357,5,"top5","hr_med_precond;hr_sd_precond;eda_med_precond;eeg_fm_lbeta_power_precond;eeg_fm_specent_precond"
2025-12-19 16:50:50.789839,5,"stress_label",5,4,0.03,0.558139534883721,0.552325581395349,NA,5,"top5","hr_med_precond;hr_sd_precond;eda_med_precond;eeg_fm_lbeta_power_precond;eeg_fm_specent_precond"
2025-12-19 16:50:51.525125,5,"stress_label",5,8,0.03,0.540697674418605,0.482558139534884,0.50077519379845,5,"top5","hr_med_precond;hr_sd_precond;eda_med_precond;eeg_fm_lbeta_power_precond;eeg_fm_specent_precond"
2025-12-19 16:50:51.535513,5,"stress_label",5,16,0.03,0.517441860465116,0.459302325581395,0.489922480620155,5,"top5","hr_med_precond;hr_sd_precond;eda_med_precond;eeg_fm_lbeta_power_precond;eeg_fm_specent_precond"
2025-12-19 16:50:51.559318,5,"stress_label",5,32,0.03,0.511627906976744,0.459302325581395,0.498449612403101,5,"top5","hr_med_precond;hr_sd_precond;eda_med_precond;eeg_fm_lbeta_power_precond;eeg_fm_specent_precond"
2025-12-19 16:50:51.625969,5,"stress_label",5,64,0.03,0.465116279069767,0.383720930232558,0.452713178294574,5,"top5","hr_med_precond;hr_sd_precond;eda_med_precond;eeg_fm_lbeta_power_precond;eeg_fm_specent_precond"
2025-12-19 16:50:51.777196,5,"stress_label",5,128,0.03,0.459302325581395,0.348837209302326,0.455038759689922,5,"top5","hr_med_precond;hr_sd_precond;eda_med_precond;eeg_fm_lbeta_power_precond;eeg_fm_specent_precond"
2025-12-19 16:50:51.912667,5,"stress_label",5,256,0.03,0.441860465116279,0.337209302325581,0.444186046511628,5,"top5","hr_med_precond;hr_sd_precond;eda_med_precond;eeg_fm_lbeta_power_precond;eeg_fm_specent_precond"
2025-12-19 16:50:51.662367,5,"stress_label",5,2,0.06,0.534883720930233,0.529069767441861,0.502325581395349,5,"top5","hr_med_precond;hr_sd_precond;eda_med_precond;eeg_fm_lbeta_power_precond;eeg_fm_specent_precond"
2025-12-19 16:50:51.689728,5,"stress_label",5,4,0.06,0.511627906976744,0.47093023255814,0.484496124031008,5,"top5","hr_med_precond;hr_sd_precond;eda_med_precond;eeg_fm_lbeta_power_precond;eeg_fm_specent_precond"
2025-12-19 16:50:51.79811,5,"stress_label",5,8,0.06,0.505813953488372,0.418604651162791,0.485271317829457,5,"top5","hr_med_precond;hr_sd_precond;eda_med_precond;eeg_fm_lbeta_power_precond;eeg_fm_specent_precond"
2025-12-19 16:50:51.793027,5,"stress_label",5,16,0.06,0.482558139534884,0.447674418604651,0.452713178294574,5,"top5","hr_med_precond;hr_sd_precond;eda_med_precond;eeg_fm_lbeta_power_precond;eeg_fm_specent_precond"
2025-12-19 16:50:51.877785,5,"stress_label",5,32,0.06,0.441860465116279,0.406976744186047,0.42015503875969,5,"top5","hr_med_precond;hr_sd_precond;eda_med_precond;eeg_fm_lbeta_power_precond;eeg_fm_specent_precond"
2025-12-19 16:50:52.216768,5,"stress_label",5,64,0.06,0.436046511627907,0.395348837209302,0.434108527131783,5,"top5","hr_med_precond;hr_sd_precond;eda_med_precond;eeg_fm_lbeta_power_precond;eeg_fm_specent_precond"
2025-12-19 16:50:52.343463,5,"stress_label",5,128,0.06,0.465116279069767,0.377906976744186,0.448837209302326,5,"top5","hr_med_precond;hr_sd_precond;eda_med_precond;eeg_fm_lbeta_power_precond;eeg_fm_specent_precond"
2025-12-19 16:50:52.844697,5,"stress_label",5,256,0.06,0.459302325581395,0.372093023255814,0.42015503875969,5,"top5","hr_med_precond;hr_sd_precond;eda_med_precond;eeg_fm_lbeta_power_precond;eeg_fm_specent_precond"
2025-12-19 16:50:52.453174,5,"stress_label",5,2,0.1,0.517441860465116,0.424418604651163,0.491472868217054,5,"top5","hr_med_precond;hr_sd_precond;eda_med_precond;eeg_fm_lbeta_power_precond;eeg_fm_specent_precond"
2025-12-19 16:50:52.498326,5,"stress_label",5,4,0.1,0.5,0.401162790697674,0.48062015503876,5,"top5","hr_med_precond;hr_sd_precond;eda_med_precond;eeg_fm_lbeta_power_precond;eeg_fm_specent_precond"
2025-12-19 16:50:52.57404,5,"stress_label",5,8,0.1,0.465116279069767,0.337209302325581,0.443410852713178,5,"top5","hr_med_precond;hr_sd_precond;eda_med_precond;eeg_fm_lbeta_power_precond;eeg_fm_specent_precond"
2025-12-19 16:50:52.575598,5,"stress_label",5,16,0.1,0.465116279069767,0.465116279069767,0.448062015503876,5,"top5","hr_med_precond;hr_sd_precond;eda_med_precond;eeg_fm_lbeta_power_precond;eeg_fm_specent_precond"
2025-12-19 16:50:52.661585,5,"stress_label",5,32,0.1,0.465116279069767,0.453488372093023,0.444961240310077,5,"top5","hr_med_precond;hr_sd_precond;eda_med_precond;eeg_fm_lbeta_power_precond;eeg_fm_specent_precond"
2025-12-19 16:50:52.791668,5,"stress_label",5,64,0.1,0.453488372093023,0.459302325581395,0.426356589147287,5,"top5","hr_med_precond;hr_sd_precond;eda_med_precond;eeg_fm_lbeta_power_precond;eeg_fm_specent_precond"
2025-12-19 16:50:52.92669,5,"stress_label",5,128,0.1,0.476744186046512,0.447674418604651,0.447286821705426,5,"top5","hr_med_precond;hr_sd_precond;eda_med_precond;eeg_fm_lbeta_power_precond;eeg_fm_specent_precond"
2025-12-19 16:50:53.246018,5,"stress_label",5,256,0.1,0.517441860465116,0.488372093023256,0.486046511627907,5,"top5","hr_med_precond;hr_sd_precond;eda_med_precond;eeg_fm_lbeta_power_precond;eeg_fm_specent_precond"
2025-12-19 16:50:54.507041,6,"stress_label",5,2,0.0078125,0.598837209302326,0.593023255813954,0.581395348837209,5,"top5","hr_sd_precond;hr_med_precond;eda_med_precond;eeg_fm_specent_precond;hrv_rmssd_precond"
2025-12-19 16:50:54.489442,6,"stress_label",5,4,0.0078125,0.593023255813954,0.593023255813954,0.578294573643411,5,"top5","hr_sd_precond;hr_med_precond;eda_med_precond;eeg_fm_specent_precond;hrv_rmssd_precond"
2025-12-19 16:50:54.476304,6,"stress_label",5,8,0.0078125,0.598837209302326,0.604651162790698,0.581395348837209,5,"top5","hr_sd_precond;hr_med_precond;eda_med_precond;eeg_fm_specent_precond;hrv_rmssd_precond"
2025-12-19 16:50:54.489488,6,"stress_label",5,16,0.0078125,0.622093023255814,0.61046511627907,0.61937984496124,5,"top5","hr_sd_precond;hr_med_precond;eda_med_precond;eeg_fm_specent_precond;hrv_rmssd_precond"
2025-12-19 16:50:54.501864,6,"stress_label",5,32,0.0078125,0.622093023255814,0.593023255813954,0.626356589147287,5,"top5","hr_sd_precond;hr_med_precond;eda_med_precond;eeg_fm_specent_precond;hrv_rmssd_precond"
2025-12-19 16:50:54.479631,6,"stress_label",5,64,0.0078125,0.569767441860465,0.569767441860465,0.582945736434109,5,"top5","hr_sd_precond;hr_med_precond;eda_med_precond;eeg_fm_specent_precond;hrv_rmssd_precond"
2025-12-19 16:50:54.520519,6,"stress_label",5,128,0.0078125,0.563953488372093,0.540697674418605,0.576744186046512,5,"top5","hr_sd_precond;hr_med_precond;eda_med_precond;eeg_fm_specent_precond;hrv_rmssd_precond"
2025-12-19 16:50:54.585951,6,"stress_label",5,256,0.0078125,0.540697674418605,0.523255813953488,0.561240310077519,5,"top5","hr_sd_precond;hr_med_precond;eda_med_precond;eeg_fm_specent_precond;hrv_rmssd_precond"
2025-12-19 16:50:54.509145,6,"stress_label",5,2,0.015625,0.604651162790698,0.593023255813954,0.592248062015504,5,"top5","hr_sd_precond;hr_med_precond;eda_med_precond;eeg_fm_specent_precond;hrv_rmssd_precond"
2025-12-19 16:50:54.492114,6,"stress_label",5,4,0.015625,0.616279069767442,0.604651162790698,0.608527131782946,5,"top5","hr_sd_precond;hr_med_precond;eda_med_precond;eeg_fm_specent_precond;hrv_rmssd_precond"
2025-12-19 16:50:54.493391,6,"stress_label",5,8,0.015625,0.616279069767442,0.598837209302326,0.622480620155039,5,"top5","hr_sd_precond;hr_med_precond;eda_med_precond;eeg_fm_specent_precond;hrv_rmssd_precond"
2025-12-19 16:50:54.482463,6,"stress_label",5,16,0.015625,0.563953488372093,0.569767441860465,0.575968992248062,5,"top5","hr_sd_precond;hr_med_precond;eda_med_precond;eeg_fm_specent_precond;hrv_rmssd_precond"
2025-12-19 16:50:54.51294,6,"stress_label",5,32,0.015625,0.558139534883721,0.546511627906977,0.565116279069767,5,"top5","hr_sd_precond;hr_med_precond;eda_med_precond;eeg_fm_specent_precond;hrv_rmssd_precond"
2025-12-19 16:50:54.541226,6,"stress_label",5,64,0.015625,0.546511627906977,0.529069767441861,0.565116279069767,5,"top5","hr_sd_precond;hr_med_precond;eda_med_precond;eeg_fm_specent_precond;hrv_rmssd_precond"
2025-12-19 16:50:55.620916,6,"stress_label",5,128,0.015625,0.517441860465116,0.517441860465116,NA,5,"top5","hr_sd_precond;hr_med_precond;eda_med_precond;eeg_fm_specent_precond;hrv_rmssd_precond"
2025-12-19 16:50:55.718732,6,"stress_label",5,256,0.015625,0.511627906976744,0.47093023255814,0.511627906976744,5,"top5","hr_sd_precond;hr_med_precond;eda_med_precond;eeg_fm_specent_precond;hrv_rmssd_precond"
2025-12-19 16:50:55.526238,6,"stress_label",5,2,0.03125,0.61046511627907,0.604651162790698,0.616279069767442,5,"top5","hr_sd_precond;hr_med_precond;eda_med_precond;eeg_fm_specent_precond;hrv_rmssd_precond"
2025-12-19 16:50:55.525754,6,"stress_label",5,4,0.03125,0.575581395348837,0.587209302325581,0.578294573643411,5,"top5","hr_sd_precond;hr_med_precond;eda_med_precond;eeg_fm_specent_precond;hrv_rmssd_precond"
2025-12-19 16:50:55.561413,6,"stress_label",5,8,0.03125,0.540697674418605,0.569767441860465,0.551162790697674,5,"top5","hr_sd_precond;hr_med_precond;eda_med_precond;eeg_fm_specent_precond;hrv_rmssd_precond"
2025-12-19 16:50:55.533201,6,"stress_label",5,16,0.03125,0.552325581395349,0.552325581395349,0.567441860465116,5,"top5","hr_sd_precond;hr_med_precond;eda_med_precond;eeg_fm_specent_precond;hrv_rmssd_precond"
2025-12-19 16:50:55.580238,6,"stress_label",5,32,0.03125,0.529069767441861,0.476744186046512,NA,5,"top5","hr_sd_precond;hr_med_precond;eda_med_precond;eeg_fm_specent_precond;hrv_rmssd_precond"
2025-12-19 16:50:55.638078,6,"stress_label",5,64,0.03125,0.505813953488372,0.436046511627907,0.513953488372093,5,"top5","hr_sd_precond;hr_med_precond;eda_med_precond;eeg_fm_specent_precond;hrv_rmssd_precond"
2025-12-19 16:50:55.739782,6,"stress_label",5,128,0.03125,0.47093023255814,0.459302325581395,0.47984496124031,5,"top5","hr_sd_precond;hr_med_precond;eda_med_precond;eeg_fm_specent_precond;hrv_rmssd_precond"
2025-12-19 16:50:55.917655,6,"stress_label",5,256,0.03125,0.412790697674419,0.377906976744186,0.421705426356589,5,"top5","hr_sd_precond;hr_med_precond;eda_med_precond;eeg_fm_specent_precond;hrv_rmssd_precond"
2025-12-19 16:50:55.559596,6,"stress_label",5,2,0.0625,0.563953488372093,0.575581395348837,0.58062015503876,5,"top5","hr_sd_precond;hr_med_precond;eda_med_precond;eeg_fm_specent_precond;hrv_rmssd_precond"
2025-12-19 16:50:55.568162,6,"stress_label",5,4,0.0625,0.540697674418605,0.534883720930233,0.555038759689922,5,"top5","hr_sd_precond;hr_med_precond;eda_med_precond;eeg_fm_specent_precond;hrv_rmssd_precond"
2025-12-19 16:50:55.580546,6,"stress_label",5,8,0.0625,0.529069767441861,0.465116279069767,NA,5,"top5","hr_sd_precond;hr_med_precond;eda_med_precond;eeg_fm_specent_precond;hrv_rmssd_precond"
2025-12-19 16:50:55.661623,6,"stress_label",5,16,0.0625,0.5,0.482558139534884,0.514728682170543,5,"top5","hr_sd_precond;hr_med_precond;eda_med_precond;eeg_fm_specent_precond;hrv_rmssd_precond"
2025-12-19 16:50:56.623967,6,"stress_label",5,32,0.0625,0.447674418604651,0.401162790697674,0.462015503875969,5,"top5","hr_sd_precond;hr_med_precond;eda_med_precond;eeg_fm_specent_precond;hrv_rmssd_precond"
2025-12-19 16:50:56.697244,6,"stress_label",5,64,0.0625,0.441860465116279,0.494186046511628,0.455813953488372,5,"top5","hr_sd_precond;hr_med_precond;eda_med_precond;eeg_fm_specent_precond;hrv_rmssd_precond"
2025-12-19 16:50:56.927447,6,"stress_label",5,128,0.0625,0.447674418604651,0.453488372093023,NA,5,"top5","hr_sd_precond;hr_med_precond;eda_med_precond;eeg_fm_specent_precond;hrv_rmssd_precond"
2025-12-19 16:50:57.290865,6,"stress_label",5,256,0.0625,0.465116279069767,0.406976744186047,NA,5,"top5","hr_sd_precond;hr_med_precond;eda_med_precond;eeg_fm_specent_precond;hrv_rmssd_precond"
2025-12-19 16:50:56.570028,6,"stress_label",5,2,0.125,0.534883720930233,0.540697674418605,0.554263565891473,5,"top5","hr_sd_precond;hr_med_precond;eda_med_precond;eeg_fm_specent_precond;hrv_rmssd_precond"
2025-12-19 16:50:56.581987,6,"stress_label",5,4,0.125,0.505813953488372,0.447674418604651,0.514728682170543,5,"top5","hr_sd_precond;hr_med_precond;eda_med_precond;eeg_fm_specent_precond;hrv_rmssd_precond"
2025-12-19 16:50:56.660856,6,"stress_label",5,8,0.125,0.447674418604651,0.418604651162791,NA,5,"top5","hr_sd_precond;hr_med_precond;eda_med_precond;eeg_fm_specent_precond;hrv_rmssd_precond"
2025-12-19 16:50:56.681869,6,"stress_label",5,16,0.125,0.47093023255814,0.447674418604651,NA,5,"top5","hr_sd_precond;hr_med_precond;eda_med_precond;eeg_fm_specent_precond;hrv_rmssd_precond"
2025-12-19 16:50:56.773958,6,"stress_label",5,32,0.125,0.465116279069767,0.430232558139535,NA,5,"top5","hr_sd_precond;hr_med_precond;eda_med_precond;eeg_fm_specent_precond;hrv_rmssd_precond"
2025-12-19 16:50:56.945977,6,"stress_label",5,64,0.125,0.453488372093023,0.372093023255814,NA,5,"top5","hr_sd_precond;hr_med_precond;eda_med_precond;eeg_fm_specent_precond;hrv_rmssd_precond"
2025-12-19 16:50:57.240273,6,"stress_label",5,128,0.125,0.523255813953488,0.436046511627907,NA,5,"top5","hr_sd_precond;hr_med_precond;eda_med_precond;eeg_fm_specent_precond;hrv_rmssd_precond"
2025-12-19 16:50:57.736958,6,"stress_label",5,256,0.125,0.465116279069767,0.453488372093023,NA,5,"top5","hr_sd_precond;hr_med_precond;eda_med_precond;eeg_fm_specent_precond;hrv_rmssd_precond"
2025-12-19 16:50:56.76486,6,"stress_label",5,2,0.03,0.61046511627907,0.598837209302326,0.616279069767442,5,"top5","hr_sd_precond;hr_med_precond;eda_med_precond;eeg_fm_specent_precond;hrv_rmssd_precond"
2025-12-19 16:50:56.950382,6,"stress_label",5,4,0.03,0.587209302325581,0.587209302325581,0.589147286821705,5,"top5","hr_sd_precond;hr_med_precond;eda_med_precond;eeg_fm_specent_precond;hrv_rmssd_precond"
2025-12-19 16:50:57.616897,6,"stress_label",5,8,0.03,0.540697674418605,0.575581395348837,0.551162790697674,5,"top5","hr_sd_precond;hr_med_precond;eda_med_precond;eeg_fm_specent_precond;hrv_rmssd_precond"
2025-12-19 16:50:57.613223,6,"stress_label",5,16,0.03,0.552325581395349,0.552325581395349,0.567441860465116,5,"top5","hr_sd_precond;hr_med_precond;eda_med_precond;eeg_fm_specent_precond;hrv_rmssd_precond"
2025-12-19 16:50:57.684145,6,"stress_label",5,32,0.03,0.534883720930233,0.5,NA,5,"top5","hr_sd_precond;hr_med_precond;eda_med_precond;eeg_fm_specent_precond;hrv_rmssd_precond"
2025-12-19 16:50:57.773907,6,"stress_label",5,64,0.03,0.511627906976744,0.476744186046512,0.52093023255814,5,"top5","hr_sd_precond;hr_med_precond;eda_med_precond;eeg_fm_specent_precond;hrv_rmssd_precond"
2025-12-19 16:50:57.902565,6,"stress_label",5,128,0.03,0.47093023255814,0.383720930232558,0.47984496124031,5,"top5","hr_sd_precond;hr_med_precond;eda_med_precond;eeg_fm_specent_precond;hrv_rmssd_precond"
2025-12-19 16:50:58.053319,6,"stress_label",5,256,0.03,0.430232558139535,0.412790697674419,0.449612403100775,5,"top5","hr_sd_precond;hr_med_precond;eda_med_precond;eeg_fm_specent_precond;hrv_rmssd_precond"
2025-12-19 16:50:57.800061,6,"stress_label",5,2,0.06,0.563953488372093,0.569767441860465,0.58062015503876,5,"top5","hr_sd_precond;hr_med_precond;eda_med_precond;eeg_fm_specent_precond;hrv_rmssd_precond"
2025-12-19 16:50:57.789579,6,"stress_label",5,4,0.06,0.534883720930233,0.488372093023256,0.548837209302326,5,"top5","hr_sd_precond;hr_med_precond;eda_med_precond;eeg_fm_specent_precond;hrv_rmssd_precond"
2025-12-19 16:50:58.014873,6,"stress_label",5,8,0.06,0.529069767441861,0.546511627906977,NA,5,"top5","hr_sd_precond;hr_med_precond;eda_med_precond;eeg_fm_specent_precond;hrv_rmssd_precond"
2025-12-19 16:50:58.007823,6,"stress_label",5,16,0.06,0.505813953488372,0.494186046511628,0.526356589147287,5,"top5","hr_sd_precond;hr_med_precond;eda_med_precond;eeg_fm_specent_precond;hrv_rmssd_precond"
2025-12-19 16:50:58.064345,6,"stress_label",5,32,0.06,0.459302325581395,0.482558139534884,0.478294573643411,5,"top5","hr_sd_precond;hr_med_precond;eda_med_precond;eeg_fm_specent_precond;hrv_rmssd_precond"
2025-12-19 16:50:58.386791,6,"stress_label",5,64,0.06,0.430232558139535,0.441860465116279,0.451937984496124,5,"top5","hr_sd_precond;hr_med_precond;eda_med_precond;eeg_fm_specent_precond;hrv_rmssd_precond"
2025-12-19 16:50:58.5537,6,"stress_label",5,128,0.06,0.447674418604651,0.441860465116279,0.458139534883721,5,"top5","hr_sd_precond;hr_med_precond;eda_med_precond;eeg_fm_specent_precond;hrv_rmssd_precond"
2025-12-19 16:50:59.037886,6,"stress_label",5,256,0.06,0.465116279069767,0.453488372093023,NA,5,"top5","hr_sd_precond;hr_med_precond;eda_med_precond;eeg_fm_specent_precond;hrv_rmssd_precond"
2025-12-19 16:50:58.565172,6,"stress_label",5,2,0.1,0.546511627906977,0.552325581395349,0.558139534883721,5,"top5","hr_sd_precond;hr_med_precond;eda_med_precond;eeg_fm_specent_precond;hrv_rmssd_precond"
2025-12-19 16:50:58.619812,6,"stress_label",5,4,0.1,0.505813953488372,0.465116279069767,0.518604651162791,5,"top5","hr_sd_precond;hr_med_precond;eda_med_precond;eeg_fm_specent_precond;hrv_rmssd_precond"
2025-12-19 16:50:58.682802,6,"stress_label",5,8,0.1,0.476744186046512,0.459302325581395,0.493023255813954,5,"top5","hr_sd_precond;hr_med_precond;eda_med_precond;eeg_fm_specent_precond;hrv_rmssd_precond"
2025-12-19 16:50:58.731149,6,"stress_label",5,16,0.1,0.424418604651163,0.447674418604651,NA,5,"top5","hr_sd_precond;hr_med_precond;eda_med_precond;eeg_fm_specent_precond;hrv_rmssd_precond"
2025-12-19 16:50:58.780705,6,"stress_label",5,32,0.1,0.482558139534884,0.412790697674419,NA,5,"top5","hr_sd_precond;hr_med_precond;eda_med_precond;eeg_fm_specent_precond;hrv_rmssd_precond"
2025-12-19 16:50:58.889671,6,"stress_label",5,64,0.1,0.465116279069767,0.418604651162791,NA,5,"top5","hr_sd_precond;hr_med_precond;eda_med_precond;eeg_fm_specent_precond;hrv_rmssd_precond"
2025-12-19 16:50:59.103217,6,"stress_label",5,128,0.1,0.47093023255814,0.377906976744186,NA,5,"top5","hr_sd_precond;hr_med_precond;eda_med_precond;eeg_fm_specent_precond;hrv_rmssd_precond"
2025-12-19 16:50:59.391049,6,"stress_label",5,256,0.1,0.511627906976744,0.395348837209302,NA,5,"top5","hr_sd_precond;hr_med_precond;eda_med_precond;eeg_fm_specent_precond;hrv_rmssd_precond"
2025-12-19 16:51:00.65463,7,"stress_label",5,2,0.0078125,0.593023255813954,0.587209302325581,0.593798449612403,5,"top5","hr_sd_precond;hr_med_precond;eda_med_precond;eeg_fm_specent_precond;hrv_rmssd_precond"
2025-12-19 16:51:00.655229,7,"stress_label",5,4,0.0078125,0.563953488372093,0.587209302325581,0.569767441860465,5,"top5","hr_sd_precond;hr_med_precond;eda_med_precond;eeg_fm_specent_precond;hrv_rmssd_precond"
2025-12-19 16:51:00.644804,7,"stress_label",5,8,0.0078125,0.558139534883721,0.593023255813954,0.548062015503876,5,"top5","hr_sd_precond;hr_med_precond;eda_med_precond;eeg_fm_specent_precond;hrv_rmssd_precond"
2025-12-19 16:51:00.691346,7,"stress_label",5,16,0.0078125,0.552325581395349,0.558139534883721,0.54031007751938,5,"top5","hr_sd_precond;hr_med_precond;eda_med_precond;eeg_fm_specent_precond;hrv_rmssd_precond"
2025-12-19 16:51:00.670198,7,"stress_label",5,32,0.0078125,0.563953488372093,0.587209302325581,0.555813953488372,5,"top5","hr_sd_precond;hr_med_precond;eda_med_precond;eeg_fm_specent_precond;hrv_rmssd_precond"
2025-12-19 16:51:00.689637,7,"stress_label",5,64,0.0078125,0.534883720930233,0.546511627906977,0.534108527131783,5,"top5","hr_sd_precond;hr_med_precond;eda_med_precond;eeg_fm_specent_precond;hrv_rmssd_precond"
2025-12-19 16:51:00.701494,7,"stress_label",5,128,0.0078125,0.505813953488372,0.482558139534884,0.505426356589147,5,"top5","hr_sd_precond;hr_med_precond;eda_med_precond;eeg_fm_specent_precond;hrv_rmssd_precond"
2025-12-19 16:51:00.769567,7,"stress_label",5,256,0.0078125,0.482558139534884,0.529069767441861,0.487596899224806,5,"top5","hr_sd_precond;hr_med_precond;eda_med_precond;eeg_fm_specent_precond;hrv_rmssd_precond"
2025-12-19 16:51:00.643679,7,"stress_label",5,2,0.015625,0.575581395348837,0.581395348837209,0.583720930232558,5,"top5","hr_sd_precond;hr_med_precond;eda_med_precond;eeg_fm_specent_precond;hrv_rmssd_precond"
2025-12-19 16:51:00.666566,7,"stress_label",5,4,0.015625,0.563953488372093,0.593023255813954,0.553488372093023,5,"top5","hr_sd_precond;hr_med_precond;eda_med_precond;eeg_fm_specent_precond;hrv_rmssd_precond"
2025-12-19 16:51:00.690039,7,"stress_label",5,8,0.015625,0.558139534883721,0.581395348837209,0.548837209302326,5,"top5","hr_sd_precond;hr_med_precond;eda_med_precond;eeg_fm_specent_precond;hrv_rmssd_precond"
2025-12-19 16:51:00.655229,7,"stress_label",5,16,0.015625,0.523255813953488,0.575581395348837,0.527906976744186,5,"top5","hr_sd_precond;hr_med_precond;eda_med_precond;eeg_fm_specent_precond;hrv_rmssd_precond"
2025-12-19 16:51:00.660997,7,"stress_label",5,32,0.015625,0.511627906976744,0.575581395348837,0.513178294573643,5,"top5","hr_sd_precond;hr_med_precond;eda_med_precond;eeg_fm_specent_precond;hrv_rmssd_precond"
2025-12-19 16:51:00.699249,7,"stress_label",5,64,0.015625,0.488372093023256,0.47093023255814,0.491472868217054,5,"top5","hr_sd_precond;hr_med_precond;eda_med_precond;eeg_fm_specent_precond;hrv_rmssd_precond"
2025-12-19 16:51:01.804628,7,"stress_label",5,128,0.015625,0.476744186046512,0.331395348837209,NA,5,"top5","hr_sd_precond;hr_med_precond;eda_med_precond;eeg_fm_specent_precond;hrv_rmssd_precond"
2025-12-19 16:51:01.869766,7,"stress_label",5,256,0.015625,0.476744186046512,0.441860465116279,0.468992248062016,5,"top5","hr_sd_precond;hr_med_precond;eda_med_precond;eeg_fm_specent_precond;hrv_rmssd_precond"
2025-12-19 16:51:01.712404,7,"stress_label",5,2,0.03125,0.575581395348837,0.569767441860465,0.572093023255814,5,"top5","hr_sd_precond;hr_med_precond;eda_med_precond;eeg_fm_specent_precond;hrv_rmssd_precond"
2025-12-19 16:51:01.731935,7,"stress_label",5,4,0.03125,0.534883720930233,0.569767441860465,0.538759689922481,5,"top5","hr_sd_precond;hr_med_precond;eda_med_precond;eeg_fm_specent_precond;hrv_rmssd_precond"
2025-12-19 16:51:01.713534,7,"stress_label",5,8,0.03125,0.517441860465116,0.517441860465116,0.515503875968992,5,"top5","hr_sd_precond;hr_med_precond;eda_med_precond;eeg_fm_specent_precond;hrv_rmssd_precond"
2025-12-19 16:51:01.726067,7,"stress_label",5,16,0.03125,0.505813953488372,0.511627906976744,0.503100775193798,5,"top5","hr_sd_precond;hr_med_precond;eda_med_precond;eeg_fm_specent_precond;hrv_rmssd_precond"
2025-12-19 16:51:01.782621,7,"stress_label",5,32,0.03125,0.494186046511628,0.465116279069767,0.493023255813954,5,"top5","hr_sd_precond;hr_med_precond;eda_med_precond;eeg_fm_specent_precond;hrv_rmssd_precond"
2025-12-19 16:51:01.82258,7,"stress_label",5,64,0.03125,0.47093023255814,0.418604651162791,NA,5,"top5","hr_sd_precond;hr_med_precond;eda_med_precond;eeg_fm_specent_precond;hrv_rmssd_precond"
2025-12-19 16:51:01.906624,7,"stress_label",5,128,0.03125,0.430232558139535,0.406976744186047,0.417829457364341,5,"top5","hr_sd_precond;hr_med_precond;eda_med_precond;eeg_fm_specent_precond;hrv_rmssd_precond"
2025-12-19 16:51:02.08025,7,"stress_label",5,256,0.03125,0.436046511627907,0.436046511627907,NA,5,"top5","hr_sd_precond;hr_med_precond;eda_med_precond;eeg_fm_specent_precond;hrv_rmssd_precond"
2025-12-19 16:51:01.712548,7,"stress_label",5,2,0.0625,0.505813953488372,0.552325581395349,0.507751937984496,5,"top5","hr_sd_precond;hr_med_precond;eda_med_precond;eeg_fm_specent_precond;hrv_rmssd_precond"
2025-12-19 16:51:01.742466,7,"stress_label",5,4,0.0625,0.517441860465116,0.476744186046512,0.518604651162791,5,"top5","hr_sd_precond;hr_med_precond;eda_med_precond;eeg_fm_specent_precond;hrv_rmssd_precond"
2025-12-19 16:51:01.753082,7,"stress_label",5,8,0.0625,0.505813953488372,0.406976744186047,0.50077519379845,5,"top5","hr_sd_precond;hr_med_precond;eda_med_precond;eeg_fm_specent_precond;hrv_rmssd_precond"
2025-12-19 16:51:01.811531,7,"stress_label",5,16,0.0625,0.488372093023256,0.406976744186047,0.482945736434109,5,"top5","hr_sd_precond;hr_med_precond;eda_med_precond;eeg_fm_specent_precond;hrv_rmssd_precond"
2025-12-19 16:51:02.824742,7,"stress_label",5,32,0.0625,0.453488372093023,0.459302325581395,0.453488372093023,5,"top5","hr_sd_precond;hr_med_precond;eda_med_precond;eeg_fm_specent_precond;hrv_rmssd_precond"
2025-12-19 16:51:02.915126,7,"stress_label",5,64,0.0625,0.447674418604651,0.383720930232558,0.452713178294574,5,"top5","hr_sd_precond;hr_med_precond;eda_med_precond;eeg_fm_specent_precond;hrv_rmssd_precond"
2025-12-19 16:51:03.126006,7,"stress_label",5,128,0.0625,0.406976744186047,0.418604651162791,NA,5,"top5","hr_sd_precond;hr_med_precond;eda_med_precond;eeg_fm_specent_precond;hrv_rmssd_precond"
2025-12-19 16:51:03.463689,7,"stress_label",5,256,0.0625,0.406976744186047,0.47093023255814,NA,5,"top5","hr_sd_precond;hr_med_precond;eda_med_precond;eeg_fm_specent_precond;hrv_rmssd_precond"
2025-12-19 16:51:02.757515,7,"stress_label",5,2,0.125,0.505813953488372,0.505813953488372,0.498449612403101,5,"top5","hr_sd_precond;hr_med_precond;eda_med_precond;eeg_fm_specent_precond;hrv_rmssd_precond"
2025-12-19 16:51:02.793728,7,"stress_label",5,4,0.125,0.505813953488372,0.436046511627907,0.506976744186047,5,"top5","hr_sd_precond;hr_med_precond;eda_med_precond;eeg_fm_specent_precond;hrv_rmssd_precond"
2025-12-19 16:51:02.815347,7,"stress_label",5,8,0.125,0.476744186046512,0.476744186046512,NA,5,"top5","hr_sd_precond;hr_med_precond;eda_med_precond;eeg_fm_specent_precond;hrv_rmssd_precond"
2025-12-19 16:51:02.869131,7,"stress_label",5,16,0.125,0.453488372093023,0.395348837209302,NA,5,"top5","hr_sd_precond;hr_med_precond;eda_med_precond;eeg_fm_specent_precond;hrv_rmssd_precond"
2025-12-19 16:51:02.982391,7,"stress_label",5,32,0.125,0.424418604651163,0.494186046511628,NA,5,"top5","hr_sd_precond;hr_med_precond;eda_med_precond;eeg_fm_specent_precond;hrv_rmssd_precond"
2025-12-19 16:51:03.170694,7,"stress_label",5,64,0.125,0.465116279069767,0.406976744186047,NA,5,"top5","hr_sd_precond;hr_med_precond;eda_med_precond;eeg_fm_specent_precond;hrv_rmssd_precond"
2025-12-19 16:51:03.441336,7,"stress_label",5,128,0.125,0.488372093023256,0.406976744186047,NA,5,"top5","hr_sd_precond;hr_med_precond;eda_med_precond;eeg_fm_specent_precond;hrv_rmssd_precond"
2025-12-19 16:51:03.917555,7,"stress_label",5,256,0.125,0.459302325581395,0.505813953488372,NA,5,"top5","hr_sd_precond;hr_med_precond;eda_med_precond;eeg_fm_specent_precond;hrv_rmssd_precond"
2025-12-19 16:51:02.930812,7,"stress_label",5,2,0.03,0.581395348837209,0.569767441860465,0.57984496124031,5,"top5","hr_sd_precond;hr_med_precond;eda_med_precond;eeg_fm_specent_precond;hrv_rmssd_precond"
2025-12-19 16:51:03.102842,7,"stress_label",5,4,0.03,0.534883720930233,0.546511627906977,0.535658914728682,5,"top5","hr_sd_precond;hr_med_precond;eda_med_precond;eeg_fm_specent_precond;hrv_rmssd_precond"
2025-12-19 16:51:03.783111,7,"stress_label",5,8,0.03,0.523255813953488,0.552325581395349,0.51937984496124,5,"top5","hr_sd_precond;hr_med_precond;eda_med_precond;eeg_fm_specent_precond;hrv_rmssd_precond"
2025-12-19 16:51:03.8323,7,"stress_label",5,16,0.03,0.505813953488372,0.488372093023256,0.503100775193798,5,"top5","hr_sd_precond;hr_med_precond;eda_med_precond;eeg_fm_specent_precond;hrv_rmssd_precond"
2025-12-19 16:51:03.876138,7,"stress_label",5,32,0.03,0.494186046511628,0.424418604651163,0.493023255813954,5,"top5","hr_sd_precond;hr_med_precond;eda_med_precond;eeg_fm_specent_precond;hrv_rmssd_precond"
2025-12-19 16:51:03.961098,7,"stress_label",5,64,0.03,0.476744186046512,0.38953488372093,NA,5,"top5","hr_sd_precond;hr_med_precond;eda_med_precond;eeg_fm_specent_precond;hrv_rmssd_precond"
2025-12-19 16:51:04.050133,7,"stress_label",5,128,0.03,0.436046511627907,0.36046511627907,0.421705426356589,5,"top5","hr_sd_precond;hr_med_precond;eda_med_precond;eeg_fm_specent_precond;hrv_rmssd_precond"
2025-12-19 16:51:04.285438,7,"stress_label",5,256,0.03,0.441860465116279,0.430232558139535,NA,5,"top5","hr_sd_precond;hr_med_precond;eda_med_precond;eeg_fm_specent_precond;hrv_rmssd_precond"
2025-12-19 16:51:03.950456,7,"stress_label",5,2,0.06,0.505813953488372,0.575581395348837,0.507751937984496,5,"top5","hr_sd_precond;hr_med_precond;eda_med_precond;eeg_fm_specent_precond;hrv_rmssd_precond"
2025-12-19 16:51:04.046609,7,"stress_label",5,4,0.06,0.517441860465116,0.5,0.518604651162791,5,"top5","hr_sd_precond;hr_med_precond;eda_med_precond;eeg_fm_specent_precond;hrv_rmssd_precond"
2025-12-19 16:51:04.150907,7,"stress_label",5,8,0.06,0.511627906976744,0.436046511627907,0.503100775193798,5,"top5","hr_sd_precond;hr_med_precond;eda_med_precond;eeg_fm_specent_precond;hrv_rmssd_precond"
2025-12-19 16:51:04.188822,7,"stress_label",5,16,0.06,0.488372093023256,0.366279069767442,0.482945736434109,5,"top5","hr_sd_precond;hr_med_precond;eda_med_precond;eeg_fm_specent_precond;hrv_rmssd_precond"
2025-12-19 16:51:04.286217,7,"stress_label",5,32,0.06,0.465116279069767,0.377906976744186,0.462790697674419,5,"top5","hr_sd_precond;hr_med_precond;eda_med_precond;eeg_fm_specent_precond;hrv_rmssd_precond"
2025-12-19 16:51:04.597152,7,"stress_label",5,64,0.06,0.441860465116279,0.412790697674419,0.441085271317829,5,"top5","hr_sd_precond;hr_med_precond;eda_med_precond;eeg_fm_specent_precond;hrv_rmssd_precond"
2025-12-19 16:51:04.758221,7,"stress_label",5,128,0.06,0.424418604651163,0.38953488372093,NA,5,"top5","hr_sd_precond;hr_med_precond;eda_med_precond;eeg_fm_specent_precond;hrv_rmssd_precond"
2025-12-19 16:51:05.215787,7,"stress_label",5,256,0.06,0.401162790697674,0.523255813953488,NA,5,"top5","hr_sd_precond;hr_med_precond;eda_med_precond;eeg_fm_specent_precond;hrv_rmssd_precond"
2025-12-19 16:51:04.790453,7,"stress_label",5,2,0.1,0.505813953488372,0.558139534883721,0.503100775193798,5,"top5","hr_sd_precond;hr_med_precond;eda_med_precond;eeg_fm_specent_precond;hrv_rmssd_precond"
2025-12-19 16:51:04.820409,7,"stress_label",5,4,0.1,0.517441860465116,0.424418604651163,0.517829457364341,5,"top5","hr_sd_precond;hr_med_precond;eda_med_precond;eeg_fm_specent_precond;hrv_rmssd_precond"
2025-12-19 16:51:04.883923,7,"stress_label",5,8,0.1,0.482558139534884,0.348837209302326,0.487596899224806,5,"top5","hr_sd_precond;hr_med_precond;eda_med_precond;eeg_fm_specent_precond;hrv_rmssd_precond"
2025-12-19 16:51:04.908545,7,"stress_label",5,16,0.1,0.447674418604651,0.406976744186047,0.445736434108527,5,"top5","hr_sd_precond;hr_med_precond;eda_med_precond;eeg_fm_specent_precond;hrv_rmssd_precond"
2025-12-19 16:51:04.955533,7,"stress_label",5,32,0.1,0.436046511627907,0.494186046511628,0.411627906976744,5,"top5","hr_sd_precond;hr_med_precond;eda_med_precond;eeg_fm_specent_precond;hrv_rmssd_precond"
2025-12-19 16:51:05.104017,7,"stress_label",5,64,0.1,0.406976744186047,0.401162790697674,NA,5,"top5","hr_sd_precond;hr_med_precond;eda_med_precond;eeg_fm_specent_precond;hrv_rmssd_precond"
2025-12-19 16:51:05.300051,7,"stress_label",5,128,0.1,0.476744186046512,0.447674418604651,0.465891472868217,5,"top5","hr_sd_precond;hr_med_precond;eda_med_precond;eeg_fm_specent_precond;hrv_rmssd_precond"
2025-12-19 16:51:05.582295,7,"stress_label",5,256,0.1,0.494186046511628,0.38953488372093,NA,5,"top5","hr_sd_precond;hr_med_precond;eda_med_precond;eeg_fm_specent_precond;hrv_rmssd_precond"
2025-12-19 16:51:06.840985,9,"stress_label",5,2,0.0078125,0.593023255813954,0.546511627906977,0.590697674418605,5,"top5","hr_sd_precond;hr_med_precond;eda_med_precond;eeg_fm_specent_precond;hrv_rmssd_precond"
2025-12-19 16:51:06.847127,9,"stress_label",5,4,0.0078125,0.575581395348837,0.575581395348837,0.568217054263566,5,"top5","hr_sd_precond;hr_med_precond;eda_med_precond;eeg_fm_specent_precond;hrv_rmssd_precond"
2025-12-19 16:51:06.84827,9,"stress_label",5,8,0.0078125,0.598837209302326,0.598837209302326,0.597674418604651,5,"top5","hr_sd_precond;hr_med_precond;eda_med_precond;eeg_fm_specent_precond;hrv_rmssd_precond"
2025-12-19 16:51:06.868946,9,"stress_label",5,16,0.0078125,0.598837209302326,0.581395348837209,0.6,5,"top5","hr_sd_precond;hr_med_precond;eda_med_precond;eeg_fm_specent_precond;hrv_rmssd_precond"
2025-12-19 16:51:06.865017,9,"stress_label",5,32,0.0078125,0.604651162790698,0.581395348837209,0.603100775193798,5,"top5","hr_sd_precond;hr_med_precond;eda_med_precond;eeg_fm_specent_precond;hrv_rmssd_precond"
2025-12-19 16:51:06.861421,9,"stress_label",5,64,0.0078125,0.569767441860465,0.581395348837209,0.58062015503876,5,"top5","hr_sd_precond;hr_med_precond;eda_med_precond;eeg_fm_specent_precond;hrv_rmssd_precond"
2025-12-19 16:51:06.898842,9,"stress_label",5,128,0.0078125,0.529069767441861,0.5,0.524031007751938,5,"top5","hr_sd_precond;hr_med_precond;eda_med_precond;eeg_fm_specent_precond;hrv_rmssd_precond"
2025-12-19 16:51:06.967786,9,"stress_label",5,256,0.0078125,0.511627906976744,0.540697674418605,NA,5,"top5","hr_sd_precond;hr_med_precond;eda_med_precond;eeg_fm_specent_precond;hrv_rmssd_precond"
2025-12-19 16:51:06.840117,9,"stress_label",5,2,0.015625,0.593023255813954,0.552325581395349,0.590697674418605,5,"top5","hr_sd_precond;hr_med_precond;eda_med_precond;eeg_fm_specent_precond;hrv_rmssd_precond"
2025-12-19 16:51:06.834767,9,"stress_label",5,4,0.015625,0.604651162790698,0.593023255813954,0.604651162790698,5,"top5","hr_sd_precond;hr_med_precond;eda_med_precond;eeg_fm_specent_precond;hrv_rmssd_precond"
2025-12-19 16:51:06.86065,9,"stress_label",5,8,0.015625,0.604651162790698,0.598837209302326,0.603100775193798,5,"top5","hr_sd_precond;hr_med_precond;eda_med_precond;eeg_fm_specent_precond;hrv_rmssd_precond"
2025-12-19 16:51:06.880639,9,"stress_label",5,16,0.015625,0.581395348837209,0.587209302325581,0.594573643410853,5,"top5","hr_sd_precond;hr_med_precond;eda_med_precond;eeg_fm_specent_precond;hrv_rmssd_precond"
2025-12-19 16:51:06.84235,9,"stress_label",5,32,0.015625,0.529069767441861,0.546511627906977,0.524031007751938,5,"top5","hr_sd_precond;hr_med_precond;eda_med_precond;eeg_fm_specent_precond;hrv_rmssd_precond"
2025-12-19 16:51:06.912562,9,"stress_label",5,64,0.015625,0.511627906976744,0.505813953488372,NA,5,"top5","hr_sd_precond;hr_med_precond;eda_med_precond;eeg_fm_specent_precond;hrv_rmssd_precond"
2025-12-19 16:51:07.973246,9,"stress_label",5,128,0.015625,0.494186046511628,0.488372093023256,NA,5,"top5","hr_sd_precond;hr_med_precond;eda_med_precond;eeg_fm_specent_precond;hrv_rmssd_precond"
2025-12-19 16:51:08.061302,9,"stress_label",5,256,0.015625,0.47093023255814,0.38953488372093,0.472093023255814,5,"top5","hr_sd_precond;hr_med_precond;eda_med_precond;eeg_fm_specent_precond;hrv_rmssd_precond"
2025-12-19 16:51:07.920807,9,"stress_label",5,2,0.03125,0.598837209302326,0.598837209302326,0.606976744186047,5,"top5","hr_sd_precond;hr_med_precond;eda_med_precond;eeg_fm_specent_precond;hrv_rmssd_precond"
2025-12-19 16:51:07.875754,9,"stress_label",5,4,0.03125,0.593023255813954,0.581395348837209,0.606201550387597,5,"top5","hr_sd_precond;hr_med_precond;eda_med_precond;eeg_fm_specent_precond;hrv_rmssd_precond"
2025-12-19 16:51:07.904275,9,"stress_label",5,8,0.03125,0.540697674418605,0.563953488372093,0.536434108527132,5,"top5","hr_sd_precond;hr_med_precond;eda_med_precond;eeg_fm_specent_precond;hrv_rmssd_precond"
2025-12-19 16:51:07.942445,9,"stress_label",5,16,0.03125,0.5,0.5,NA,5,"top5","hr_sd_precond;hr_med_precond;eda_med_precond;eeg_fm_specent_precond;hrv_rmssd_precond"
2025-12-19 16:51:07.96689,9,"stress_label",5,32,0.03125,0.482558139534884,0.47093023255814,NA,5,"top5","hr_sd_precond;hr_med_precond;eda_med_precond;eeg_fm_specent_precond;hrv_rmssd_precond"
2025-12-19 16:51:07.995008,9,"stress_label",5,64,0.03125,0.488372093023256,0.436046511627907,0.493023255813954,5,"top5","hr_sd_precond;hr_med_precond;eda_med_precond;eeg_fm_specent_precond;hrv_rmssd_precond"
2025-12-19 16:51:08.101897,9,"stress_label",5,128,0.03125,0.482558139534884,0.401162790697674,0.489922480620155,5,"top5","hr_sd_precond;hr_med_precond;eda_med_precond;eeg_fm_specent_precond;hrv_rmssd_precond"
2025-12-19 16:51:08.294427,9,"stress_label",5,256,0.03125,0.447674418604651,0.343023255813953,NA,5,"top5","hr_sd_precond;hr_med_precond;eda_med_precond;eeg_fm_specent_precond;hrv_rmssd_precond"
2025-12-19 16:51:07.923621,9,"stress_label",5,2,0.0625,0.558139534883721,0.511627906976744,0.561240310077519,5,"top5","hr_sd_precond;hr_med_precond;eda_med_precond;eeg_fm_specent_precond;hrv_rmssd_precond"
2025-12-19 16:51:07.931052,9,"stress_label",5,4,0.0625,0.511627906976744,0.505813953488372,0.510852713178295,5,"top5","hr_sd_precond;hr_med_precond;eda_med_precond;eeg_fm_specent_precond;hrv_rmssd_precond"
2025-12-19 16:51:08.002055,9,"stress_label",5,8,0.0625,0.488372093023256,0.465116279069767,NA,5,"top5","hr_sd_precond;hr_med_precond;eda_med_precond;eeg_fm_specent_precond;hrv_rmssd_precond"
2025-12-19 16:51:08.027051,9,"stress_label",5,16,0.0625,0.494186046511628,0.348837209302326,0.497674418604651,5,"top5","hr_sd_precond;hr_med_precond;eda_med_precond;eeg_fm_specent_precond;hrv_rmssd_precond"
2025-12-19 16:51:08.987796,9,"stress_label",5,32,0.0625,0.459302325581395,0.38953488372093,0.46046511627907,5,"top5","hr_sd_precond;hr_med_precond;eda_med_precond;eeg_fm_specent_precond;hrv_rmssd_precond"
2025-12-19 16:51:09.145529,9,"stress_label",5,64,0.0625,0.453488372093023,0.377906976744186,NA,5,"top5","hr_sd_precond;hr_med_precond;eda_med_precond;eeg_fm_specent_precond;hrv_rmssd_precond"
2025-12-19 16:51:09.294746,9,"stress_label",5,128,0.0625,0.424418604651163,0.412790697674419,NA,5,"top5","hr_sd_precond;hr_med_precond;eda_med_precond;eeg_fm_specent_precond;hrv_rmssd_precond"
2025-12-19 16:51:09.617826,9,"stress_label",5,256,0.0625,0.459302325581395,0.465116279069767,NA,5,"top5","hr_sd_precond;hr_med_precond;eda_med_precond;eeg_fm_specent_precond;hrv_rmssd_precond"
2025-12-19 16:51:08.962721,9,"stress_label",5,2,0.125,0.505813953488372,0.523255813953488,0.501550387596899,5,"top5","hr_sd_precond;hr_med_precond;eda_med_precond;eeg_fm_specent_precond;hrv_rmssd_precond"
2025-12-19 16:51:08.990204,9,"stress_label",5,4,0.125,0.482558139534884,0.511627906976744,0.496124031007752,5,"top5","hr_sd_precond;hr_med_precond;eda_med_precond;eeg_fm_specent_precond;hrv_rmssd_precond"
2025-12-19 16:51:09.022337,9,"stress_label",5,8,0.125,0.465116279069767,0.395348837209302,NA,5,"top5","hr_sd_precond;hr_med_precond;eda_med_precond;eeg_fm_specent_precond;hrv_rmssd_precond"
2025-12-19 16:51:09.083836,9,"stress_label",5,16,0.125,0.482558139534884,0.447674418604651,NA,5,"top5","hr_sd_precond;hr_med_precond;eda_med_precond;eeg_fm_specent_precond;hrv_rmssd_precond"
2025-12-19 16:51:09.170247,9,"stress_label",5,32,0.125,0.47093023255814,0.412790697674419,NA,5,"top5","hr_sd_precond;hr_med_precond;eda_med_precond;eeg_fm_specent_precond;hrv_rmssd_precond"
2025-12-19 16:51:09.332078,9,"stress_label",5,64,0.125,0.476744186046512,0.511627906976744,NA,5,"top5","hr_sd_precond;hr_med_precond;eda_med_precond;eeg_fm_specent_precond;hrv_rmssd_precond"
2025-12-19 16:51:09.670151,9,"stress_label",5,128,0.125,0.534883720930233,0.476744186046512,NA,5,"top5","hr_sd_precond;hr_med_precond;eda_med_precond;eeg_fm_specent_precond;hrv_rmssd_precond"
2025-12-19 16:51:10.057039,9,"stress_label",5,256,0.125,0.476744186046512,0.465116279069767,NA,5,"top5","hr_sd_precond;hr_med_precond;eda_med_precond;eeg_fm_specent_precond;hrv_rmssd_precond"
2025-12-19 16:51:09.113233,9,"stress_label",5,2,0.03,0.598837209302326,0.598837209302326,0.606976744186047,5,"top5","hr_sd_precond;hr_med_precond;eda_med_precond;eeg_fm_specent_precond;hrv_rmssd_precond"
2025-12-19 16:51:09.297387,9,"stress_label",5,4,0.03,0.593023255813954,0.581395348837209,0.606201550387597,5,"top5","hr_sd_precond;hr_med_precond;eda_med_precond;eeg_fm_specent_precond;hrv_rmssd_precond"
2025-12-19 16:51:09.988087,9,"stress_label",5,8,0.03,0.552325581395349,0.563953488372093,0.555813953488372,5,"top5","hr_sd_precond;hr_med_precond;eda_med_precond;eeg_fm_specent_precond;hrv_rmssd_precond"
2025-12-19 16:51:10.023443,9,"stress_label",5,16,0.03,0.505813953488372,0.523255813953488,NA,5,"top5","hr_sd_precond;hr_med_precond;eda_med_precond;eeg_fm_specent_precond;hrv_rmssd_precond"
2025-12-19 16:51:10.037854,9,"stress_label",5,32,0.03,0.482558139534884,0.459302325581395,NA,5,"top5","hr_sd_precond;hr_med_precond;eda_med_precond;eeg_fm_specent_precond;hrv_rmssd_precond"
2025-12-19 16:51:10.126489,9,"stress_label",5,64,0.03,0.476744186046512,0.366279069767442,0.47906976744186,5,"top5","hr_sd_precond;hr_med_precond;eda_med_precond;eeg_fm_specent_precond;hrv_rmssd_precond"
2025-12-19 16:51:10.291329,9,"stress_label",5,128,0.03,0.488372093023256,0.401162790697674,0.498449612403101,5,"top5","hr_sd_precond;hr_med_precond;eda_med_precond;eeg_fm_specent_precond;hrv_rmssd_precond"
2025-12-19 16:51:10.501592,9,"stress_label",5,256,0.03,0.465116279069767,0.354651162790698,0.474418604651163,5,"top5","hr_sd_precond;hr_med_precond;eda_med_precond;eeg_fm_specent_precond;hrv_rmssd_precond"
2025-12-19 16:51:10.171254,9,"stress_label",5,2,0.06,0.563953488372093,0.534883720930233,0.563565891472868,5,"top5","hr_sd_precond;hr_med_precond;eda_med_precond;eeg_fm_specent_precond;hrv_rmssd_precond"
2025-12-19 16:51:10.214281,9,"stress_label",5,4,0.06,0.511627906976744,0.517441860465116,0.510852713178295,5,"top5","hr_sd_precond;hr_med_precond;eda_med_precond;eeg_fm_specent_precond;hrv_rmssd_precond"
2025-12-19 16:51:10.348602,9,"stress_label",5,8,0.06,0.494186046511628,0.482558139534884,NA,5,"top5","hr_sd_precond;hr_med_precond;eda_med_precond;eeg_fm_specent_precond;hrv_rmssd_precond"
2025-12-19 16:51:10.347831,9,"stress_label",5,16,0.06,0.5,0.377906976744186,0.501550387596899,5,"top5","hr_sd_precond;hr_med_precond;eda_med_precond;eeg_fm_specent_precond;hrv_rmssd_precond"
2025-12-19 16:51:10.438385,9,"stress_label",5,32,0.06,0.459302325581395,0.406976744186047,0.46046511627907,5,"top5","hr_sd_precond;hr_med_precond;eda_med_precond;eeg_fm_specent_precond;hrv_rmssd_precond"
2025-12-19 16:51:10.773028,9,"stress_label",5,64,0.06,0.447674418604651,0.430232558139535,NA,5,"top5","hr_sd_precond;hr_med_precond;eda_med_precond;eeg_fm_specent_precond;hrv_rmssd_precond"
2025-12-19 16:51:10.967582,9,"stress_label",5,128,0.06,0.424418604651163,0.418604651162791,NA,5,"top5","hr_sd_precond;hr_med_precond;eda_med_precond;eeg_fm_specent_precond;hrv_rmssd_precond"
2025-12-19 16:51:11.385797,9,"stress_label",5,256,0.06,0.441860465116279,0.534883720930233,NA,5,"top5","hr_sd_precond;hr_med_precond;eda_med_precond;eeg_fm_specent_precond;hrv_rmssd_precond"
2025-12-19 16:51:10.97108,9,"stress_label",5,2,0.1,0.529069767441861,0.511627906976744,0.527906976744186,5,"top5","hr_sd_precond;hr_med_precond;eda_med_precond;eeg_fm_specent_precond;hrv_rmssd_precond"
2025-12-19 16:51:10.99352,9,"stress_label",5,4,0.1,0.476744186046512,0.447674418604651,0.472093023255814,5,"top5","hr_sd_precond;hr_med_precond;eda_med_precond;eeg_fm_specent_precond;hrv_rmssd_precond"
2025-12-19 16:51:11.024337,9,"stress_label",5,8,0.1,0.47093023255814,0.36046511627907,0.468992248062016,5,"top5","hr_sd_precond;hr_med_precond;eda_med_precond;eeg_fm_specent_precond;hrv_rmssd_precond"
2025-12-19 16:51:11.080588,9,"stress_label",5,16,0.1,0.447674418604651,0.505813953488372,NA,5,"top5","hr_sd_precond;hr_med_precond;eda_med_precond;eeg_fm_specent_precond;hrv_rmssd_precond"
2025-12-19 16:51:11.184391,9,"stress_label",5,32,0.1,0.465116279069767,0.36046511627907,NA,5,"top5","hr_sd_precond;hr_med_precond;eda_med_precond;eeg_fm_specent_precond;hrv_rmssd_precond"
2025-12-19 16:51:11.286772,9,"stress_label",5,64,0.1,0.47093023255814,0.377906976744186,NA,5,"top5","hr_sd_precond;hr_med_precond;eda_med_precond;eeg_fm_specent_precond;hrv_rmssd_precond"
2025-12-19 16:51:11.494994,9,"stress_label",5,128,0.1,0.488372093023256,0.418604651162791,NA,5,"top5","hr_sd_precond;hr_med_precond;eda_med_precond;eeg_fm_specent_precond;hrv_rmssd_precond"
2025-12-19 16:51:11.827889,9,"stress_label",5,256,0.1,0.517441860465116,0.436046511627907,NA,5,"top5","hr_sd_precond;hr_med_precond;eda_med_precond;eeg_fm_specent_precond;hrv_rmssd_precond"
2025-12-19 16:51:13.12164,10,"stress_label",5,2,0.0078125,0.598837209302326,0.581395348837209,0.595348837209302,5,"top5","hr_sd_precond;hr_med_precond;eda_med_precond;eeg_fm_lbeta_power_precond;eeg_fm_specent_precond"
2025-12-19 16:51:13.139411,10,"stress_label",5,4,0.0078125,0.598837209302326,0.616279069767442,0.596124031007752,5,"top5","hr_sd_precond;hr_med_precond;eda_med_precond;eeg_fm_lbeta_power_precond;eeg_fm_specent_precond"
2025-12-19 16:51:13.119871,10,"stress_label",5,8,0.0078125,0.61046511627907,0.61046511627907,0.616279069767442,5,"top5","hr_sd_precond;hr_med_precond;eda_med_precond;eeg_fm_lbeta_power_precond;eeg_fm_specent_precond"
2025-12-19 16:51:13.088752,10,"stress_label",5,16,0.0078125,0.587209302325581,0.587209302325581,0.603100775193798,5,"top5","hr_sd_precond;hr_med_precond;eda_med_precond;eeg_fm_lbeta_power_precond;eeg_fm_specent_precond"
2025-12-19 16:51:13.124231,10,"stress_label",5,32,0.0078125,0.581395348837209,0.563953488372093,0.582170542635659,5,"top5","hr_sd_precond;hr_med_precond;eda_med_precond;eeg_fm_lbeta_power_precond;eeg_fm_specent_precond"
2025-12-19 16:51:13.125645,10,"stress_label",5,64,0.0078125,0.593023255813954,0.569767441860465,0.572868217054264,5,"top5","hr_sd_precond;hr_med_precond;eda_med_precond;eeg_fm_lbeta_power_precond;eeg_fm_specent_precond"
2025-12-19 16:51:13.171417,10,"stress_label",5,128,0.0078125,0.569767441860465,0.546511627906977,NA,5,"top5","hr_sd_precond;hr_med_precond;eda_med_precond;eeg_fm_lbeta_power_precond;eeg_fm_specent_precond"
2025-12-19 16:51:13.214714,10,"stress_label",5,256,0.0078125,0.575581395348837,0.569767441860465,NA,5,"top5","hr_sd_precond;hr_med_precond;eda_med_precond;eeg_fm_lbeta_power_precond;eeg_fm_specent_precond"
2025-12-19 16:51:13.128062,10,"stress_label",5,2,0.015625,0.616279069767442,0.622093023255814,0.616279069767442,5,"top5","hr_sd_precond;hr_med_precond;eda_med_precond;eeg_fm_lbeta_power_precond;eeg_fm_specent_precond"
2025-12-19 16:51:13.122084,10,"stress_label",5,4,0.015625,0.598837209302326,0.61046511627907,0.611627906976744,5,"top5","hr_sd_precond;hr_med_precond;eda_med_precond;eeg_fm_lbeta_power_precond;eeg_fm_specent_precond"
2025-12-19 16:51:13.154873,10,"stress_label",5,8,0.015625,0.593023255813954,0.563953488372093,0.595348837209302,5,"top5","hr_sd_precond;hr_med_precond;eda_med_precond;eeg_fm_lbeta_power_precond;eeg_fm_specent_precond"
2025-12-19 16:51:13.161353,10,"stress_label",5,16,0.015625,0.593023255813954,0.569767441860465,0.57984496124031,5,"top5","hr_sd_precond;hr_med_precond;eda_med_precond;eeg_fm_lbeta_power_precond;eeg_fm_specent_precond"
2025-12-19 16:51:13.161013,10,"stress_label",5,32,0.015625,0.563953488372093,0.558139534883721,NA,5,"top5","hr_sd_precond;hr_med_precond;eda_med_precond;eeg_fm_lbeta_power_precond;eeg_fm_specent_precond"
2025-12-19 16:51:13.206544,10,"stress_label",5,64,0.015625,0.546511627906977,0.546511627906977,NA,5,"top5","hr_sd_precond;hr_med_precond;eda_med_precond;eeg_fm_lbeta_power_precond;eeg_fm_specent_precond"
2025-12-19 16:51:14.246334,10,"stress_label",5,128,0.015625,0.523255813953488,0.494186046511628,NA,5,"top5","hr_sd_precond;hr_med_precond;eda_med_precond;eeg_fm_lbeta_power_precond;eeg_fm_specent_precond"
2025-12-19 16:51:14.353426,10,"stress_label",5,256,0.015625,0.511627906976744,0.436046511627907,0.525581395348837,5,"top5","hr_sd_precond;hr_med_precond;eda_med_precond;eeg_fm_lbeta_power_precond;eeg_fm_specent_precond"
2025-12-19 16:51:14.18839,10,"stress_label",5,2,0.03125,0.587209302325581,0.581395348837209,0.590697674418605,5,"top5","hr_sd_precond;hr_med_precond;eda_med_precond;eeg_fm_lbeta_power_precond;eeg_fm_specent_precond"
2025-12-19 16:51:14.206895,10,"stress_label",5,4,0.03125,0.569767441860465,0.569767441860465,0.556589147286822,5,"top5","hr_sd_precond;hr_med_precond;eda_med_precond;eeg_fm_lbeta_power_precond;eeg_fm_specent_precond"
2025-12-19 16:51:14.150218,10,"stress_label",5,8,0.03125,0.569767441860465,0.546511627906977,0.555813953488372,5,"top5","hr_sd_precond;hr_med_precond;eda_med_precond;eeg_fm_lbeta_power_precond;eeg_fm_specent_precond"
2025-12-19 16:51:14.188781,10,"stress_label",5,16,0.03125,0.546511627906977,0.5,NA,5,"top5","hr_sd_precond;hr_med_precond;eda_med_precond;eeg_fm_lbeta_power_precond;eeg_fm_specent_precond"
2025-12-19 16:51:14.210043,10,"stress_label",5,32,0.03125,0.511627906976744,0.540697674418605,NA,5,"top5","hr_sd_precond;hr_med_precond;eda_med_precond;eeg_fm_lbeta_power_precond;eeg_fm_specent_precond"
2025-12-19 16:51:14.258189,10,"stress_label",5,64,0.03125,0.517441860465116,0.436046511627907,0.528682170542636,5,"top5","hr_sd_precond;hr_med_precond;eda_med_precond;eeg_fm_lbeta_power_precond;eeg_fm_specent_precond"
2025-12-19 16:51:14.387791,10,"stress_label",5,128,0.03125,0.482558139534884,0.406976744186047,0.493798449612403,5,"top5","hr_sd_precond;hr_med_precond;eda_med_precond;eeg_fm_lbeta_power_precond;eeg_fm_specent_precond"
2025-12-19 16:51:14.563829,10,"stress_label",5,256,0.03125,0.47093023255814,0.313953488372093,0.491472868217054,5,"top5","hr_sd_precond;hr_med_precond;eda_med_precond;eeg_fm_lbeta_power_precond;eeg_fm_specent_precond"
2025-12-19 16:51:14.191626,10,"stress_label",5,2,0.0625,0.569767441860465,0.540697674418605,0.545736434108527,5,"top5","hr_sd_precond;hr_med_precond;eda_med_precond;eeg_fm_lbeta_power_precond;eeg_fm_specent_precond"
2025-12-19 16:51:14.279947,10,"stress_label",5,4,0.0625,0.540697674418605,0.517441860465116,NA,5,"top5","hr_sd_precond;hr_med_precond;eda_med_precond;eeg_fm_lbeta_power_precond;eeg_fm_specent_precond"
2025-12-19 16:51:14.262658,10,"stress_label",5,8,0.0625,0.511627906976744,0.377906976744186,NA,5,"top5","hr_sd_precond;hr_med_precond;eda_med_precond;eeg_fm_lbeta_power_precond;eeg_fm_specent_precond"
2025-12-19 16:51:14.293061,10,"stress_label",5,16,0.0625,0.5,0.372093023255814,0.496124031007752,5,"top5","hr_sd_precond;hr_med_precond;eda_med_precond;eeg_fm_lbeta_power_precond;eeg_fm_specent_precond"
2025-12-19 16:51:15.275052,10,"stress_label",5,32,0.0625,0.465116279069767,0.348837209302326,0.458914728682171,5,"top5","hr_sd_precond;hr_med_precond;eda_med_precond;eeg_fm_lbeta_power_precond;eeg_fm_specent_precond"
2025-12-19 16:51:15.383505,10,"stress_label",5,64,0.0625,0.47093023255814,0.36046511627907,0.47984496124031,5,"top5","hr_sd_precond;hr_med_precond;eda_med_precond;eeg_fm_lbeta_power_precond;eeg_fm_specent_precond"
2025-12-19 16:51:15.561205,10,"stress_label",5,128,0.0625,0.465116279069767,0.325581395348837,0.455813953488372,5,"top5","hr_sd_precond;hr_med_precond;eda_med_precond;eeg_fm_lbeta_power_precond;eeg_fm_specent_precond"
2025-12-19 16:51:15.87014,10,"stress_label",5,256,0.0625,0.441860465116279,0.523255813953488,0.416279069767442,5,"top5","hr_sd_precond;hr_med_precond;eda_med_precond;eeg_fm_lbeta_power_precond;eeg_fm_specent_precond"
2025-12-19 16:51:15.258349,10,"stress_label",5,2,0.125,0.534883720930233,0.476744186046512,NA,5,"top5","hr_sd_precond;hr_med_precond;eda_med_precond;eeg_fm_lbeta_power_precond;eeg_fm_specent_precond"
2025-12-19 16:51:15.260536,10,"stress_label",5,4,0.125,0.517441860465116,0.354651162790698,0.503100775193798,5,"top5","hr_sd_precond;hr_med_precond;eda_med_precond;eeg_fm_lbeta_power_precond;eeg_fm_specent_precond"
2025-12-19 16:51:15.369663,10,"stress_label",5,8,0.125,0.494186046511628,0.377906976744186,0.482170542635659,5,"top5","hr_sd_precond;hr_med_precond;eda_med_precond;eeg_fm_lbeta_power_precond;eeg_fm_specent_precond"
2025-12-19 16:51:15.367399,10,"stress_label",5,16,0.125,0.47093023255814,0.377906976744186,0.458914728682171,5,"top5","hr_sd_precond;hr_med_precond;eda_med_precond;eeg_fm_lbeta_power_precond;eeg_fm_specent_precond"
2025-12-19 16:51:15.41277,10,"stress_label",5,32,0.125,0.465116279069767,0.424418604651163,0.444961240310077,5,"top5","hr_sd_precond;hr_med_precond;eda_med_precond;eeg_fm_lbeta_power_precond;eeg_fm_specent_precond"
2025-12-19 16:51:15.568783,10,"stress_label",5,64,0.125,0.459302325581395,0.488372093023256,0.448062015503876,5,"top5","hr_sd_precond;hr_med_precond;eda_med_precond;eeg_fm_lbeta_power_precond;eeg_fm_specent_precond"
2025-12-19 16:51:15.899021,10,"stress_label",5,128,0.125,0.505813953488372,0.424418604651163,0.482170542635659,5,"top5","hr_sd_precond;hr_med_precond;eda_med_precond;eeg_fm_lbeta_power_precond;eeg_fm_specent_precond"
2025-12-19 16:51:16.453128,10,"stress_label",5,256,0.125,0.505813953488372,0.453488372093023,0.476744186046512,5,"top5","hr_sd_precond;hr_med_precond;eda_med_precond;eeg_fm_lbeta_power_precond;eeg_fm_specent_precond"
2025-12-19 16:51:15.433805,10,"stress_label",5,2,0.03,0.593023255813954,0.593023255813954,0.602325581395349,5,"top5","hr_sd_precond;hr_med_precond;eda_med_precond;eeg_fm_lbeta_power_precond;eeg_fm_specent_precond"
2025-12-19 16:51:15.601142,10,"stress_label",5,4,0.03,0.575581395348837,0.575581395348837,0.568217054263566,5,"top5","hr_sd_precond;hr_med_precond;eda_med_precond;eeg_fm_lbeta_power_precond;eeg_fm_specent_precond"
2025-12-19 16:51:16.29019,10,"stress_label",5,8,0.03,0.575581395348837,0.523255813953488,0.55968992248062,5,"top5","hr_sd_precond;hr_med_precond;eda_med_precond;eeg_fm_lbeta_power_precond;eeg_fm_specent_precond"
2025-12-19 16:51:16.349819,10,"stress_label",5,16,0.03,0.546511627906977,0.529069767441861,NA,5,"top5","hr_sd_precond;hr_med_precond;eda_med_precond;eeg_fm_lbeta_power_precond;eeg_fm_specent_precond"
2025-12-19 16:51:16.481298,10,"stress_label",5,32,0.03,0.505813953488372,0.529069767441861,NA,5,"top5","hr_sd_precond;hr_med_precond;eda_med_precond;eeg_fm_lbeta_power_precond;eeg_fm_specent_precond"
2025-12-19 16:51:16.51915,10,"stress_label",5,64,0.03,0.511627906976744,0.412790697674419,0.52093023255814,5,"top5","hr_sd_precond;hr_med_precond;eda_med_precond;eeg_fm_lbeta_power_precond;eeg_fm_specent_precond"
2025-12-19 16:51:16.620866,10,"stress_label",5,128,0.03,0.488372093023256,0.430232558139535,0.493798449612403,5,"top5","hr_sd_precond;hr_med_precond;eda_med_precond;eeg_fm_lbeta_power_precond;eeg_fm_specent_precond"
2025-12-19 16:51:16.802668,10,"stress_label",5,256,0.03,0.465116279069767,0.395348837209302,0.489147286821705,5,"top5","hr_sd_precond;hr_med_precond;eda_med_precond;eeg_fm_lbeta_power_precond;eeg_fm_specent_precond"
2025-12-19 16:51:16.48845,10,"stress_label",5,2,0.06,0.569767441860465,0.540697674418605,0.546511627906977,5,"top5","hr_sd_precond;hr_med_precond;eda_med_precond;eeg_fm_lbeta_power_precond;eeg_fm_specent_precond"
2025-12-19 16:51:16.516981,10,"stress_label",5,4,0.06,0.540697674418605,0.529069767441861,NA,5,"top5","hr_sd_precond;hr_med_precond;eda_med_precond;eeg_fm_lbeta_power_precond;eeg_fm_specent_precond"
2025-12-19 16:51:16.656343,10,"stress_label",5,8,0.06,0.517441860465116,0.430232558139535,NA,5,"top5","hr_sd_precond;hr_med_precond;eda_med_precond;eeg_fm_lbeta_power_precond;eeg_fm_specent_precond"
2025-12-19 16:51:16.656409,10,"stress_label",5,16,0.06,0.5,0.418604651162791,0.496124031007752,5,"top5","hr_sd_precond;hr_med_precond;eda_med_precond;eeg_fm_lbeta_power_precond;eeg_fm_specent_precond"
2025-12-19 16:51:16.782858,10,"stress_label",5,32,0.06,0.47093023255814,0.331395348837209,0.470542635658915,5,"top5","hr_sd_precond;hr_med_precond;eda_med_precond;eeg_fm_lbeta_power_precond;eeg_fm_specent_precond"
2025-12-19 16:51:17.066946,10,"stress_label",5,64,0.06,0.476744186046512,0.412790697674419,0.482170542635659,5,"top5","hr_sd_precond;hr_med_precond;eda_med_precond;eeg_fm_lbeta_power_precond;eeg_fm_specent_precond"
2025-12-19 16:51:17.189226,10,"stress_label",5,128,0.06,0.459302325581395,0.430232558139535,0.453488372093023,5,"top5","hr_sd_precond;hr_med_precond;eda_med_precond;eeg_fm_lbeta_power_precond;eeg_fm_specent_precond"
2025-12-19 16:51:17.688113,10,"stress_label",5,256,0.06,0.447674418604651,0.459302325581395,0.425581395348837,5,"top5","hr_sd_precond;hr_med_precond;eda_med_precond;eeg_fm_lbeta_power_precond;eeg_fm_specent_precond"
2025-12-19 16:51:17.30814,10,"stress_label",5,2,0.1,0.540697674418605,0.476744186046512,NA,5,"top5","hr_sd_precond;hr_med_precond;eda_med_precond;eeg_fm_lbeta_power_precond;eeg_fm_specent_precond"
2025-12-19 16:51:17.414314,10,"stress_label",5,4,0.1,0.517441860465116,0.377906976744186,NA,5,"top5","hr_sd_precond;hr_med_precond;eda_med_precond;eeg_fm_lbeta_power_precond;eeg_fm_specent_precond"
2025-12-19 16:51:17.433761,10,"stress_label",5,8,0.1,0.511627906976744,0.366279069767442,0.493798449612403,5,"top5","hr_sd_precond;hr_med_precond;eda_med_precond;eeg_fm_lbeta_power_precond;eeg_fm_specent_precond"
2025-12-19 16:51:17.440142,10,"stress_label",5,16,0.1,0.482558139534884,0.267441860465116,0.472868217054264,5,"top5","hr_sd_precond;hr_med_precond;eda_med_precond;eeg_fm_lbeta_power_precond;eeg_fm_specent_precond"
2025-12-19 16:51:17.520078,10,"stress_label",5,32,0.1,0.47093023255814,0.418604651162791,0.458139534883721,5,"top5","hr_sd_precond;hr_med_precond;eda_med_precond;eeg_fm_lbeta_power_precond;eeg_fm_specent_precond"
2025-12-19 16:51:17.601215,10,"stress_label",5,64,0.1,0.459302325581395,0.424418604651163,0.44031007751938,5,"top5","hr_sd_precond;hr_med_precond;eda_med_precond;eeg_fm_lbeta_power_precond;eeg_fm_specent_precond"
2025-12-19 16:51:17.778647,10,"stress_label",5,128,0.1,0.465116279069767,0.47093023255814,0.45968992248062,5,"top5","hr_sd_precond;hr_med_precond;eda_med_precond;eeg_fm_lbeta_power_precond;eeg_fm_specent_precond"
2025-12-19 16:51:18.089156,10,"stress_label",5,256,0.1,0.5,0.5,0.47984496124031,5,"top5","hr_sd_precond;hr_med_precond;eda_med_precond;eeg_fm_lbeta_power_precond;eeg_fm_specent_precond"
2025-12-19 16:51:19.355365,11,"stress_label",5,2,0.0078125,0.587209302325581,0.558139534883721,0.581395348837209,5,"top5","hr_sd_precond;hr_med_precond;eda_med_precond;eeg_fm_specent_precond;hrv_rmssd_precond"
2025-12-19 16:51:19.356907,11,"stress_label",5,4,0.0078125,0.587209302325581,0.558139534883721,0.589922480620155,5,"top5","hr_sd_precond;hr_med_precond;eda_med_precond;eeg_fm_specent_precond;hrv_rmssd_precond"
2025-12-19 16:51:19.331165,11,"stress_label",5,8,0.0078125,0.581395348837209,0.581395348837209,0.578294573643411,5,"top5","hr_sd_precond;hr_med_precond;eda_med_precond;eeg_fm_specent_precond;hrv_rmssd_precond"
2025-12-19 16:51:19.349492,11,"stress_label",5,16,0.0078125,0.563953488372093,0.552325581395349,0.551937984496124,5,"top5","hr_sd_precond;hr_med_precond;eda_med_precond;eeg_fm_specent_precond;hrv_rmssd_precond"
2025-12-19 16:51:19.351338,11,"stress_label",5,32,0.0078125,0.569767441860465,0.552325581395349,0.558139534883721,5,"top5","hr_sd_precond;hr_med_precond;eda_med_precond;eeg_fm_specent_precond;hrv_rmssd_precond"
2025-12-19 16:51:19.375083,11,"stress_label",5,64,0.0078125,0.534883720930233,0.529069767441861,0.544961240310078,5,"top5","hr_sd_precond;hr_med_precond;eda_med_precond;eeg_fm_specent_precond;hrv_rmssd_precond"
2025-12-19 16:51:19.36306,11,"stress_label",5,128,0.0078125,0.494186046511628,0.453488372093023,0.496899224806202,5,"top5","hr_sd_precond;hr_med_precond;eda_med_precond;eeg_fm_specent_precond;hrv_rmssd_precond"
2025-12-19 16:51:19.433351,11,"stress_label",5,256,0.0078125,0.517441860465116,0.395348837209302,0.517829457364341,5,"top5","hr_sd_precond;hr_med_precond;eda_med_precond;eeg_fm_specent_precond;hrv_rmssd_precond"
2025-12-19 16:51:19.34297,11,"stress_label",5,2,0.015625,0.598837209302326,0.587209302325581,0.601550387596899,5,"top5","hr_sd_precond;hr_med_precond;eda_med_precond;eeg_fm_specent_precond;hrv_rmssd_precond"
2025-12-19 16:51:19.320818,11,"stress_label",5,4,0.015625,0.587209302325581,0.5,0.57906976744186,5,"top5","hr_sd_precond;hr_med_precond;eda_med_precond;eeg_fm_specent_precond;hrv_rmssd_precond"
2025-12-19 16:51:19.323685,11,"stress_label",5,8,0.015625,0.563953488372093,0.511627906976744,0.558139534883721,5,"top5","hr_sd_precond;hr_med_precond;eda_med_precond;eeg_fm_specent_precond;hrv_rmssd_precond"
2025-12-19 16:51:19.346484,11,"stress_label",5,16,0.015625,0.540697674418605,0.453488372093023,0.544961240310078,5,"top5","hr_sd_precond;hr_med_precond;eda_med_precond;eeg_fm_specent_precond;hrv_rmssd_precond"
2025-12-19 16:51:19.356866,11,"stress_label",5,32,0.015625,0.5,0.406976744186047,0.5,5,"top5","hr_sd_precond;hr_med_precond;eda_med_precond;eeg_fm_specent_precond;hrv_rmssd_precond"
2025-12-19 16:51:19.37576,11,"stress_label",5,64,0.015625,0.517441860465116,0.38953488372093,0.527131782945736,5,"top5","hr_sd_precond;hr_med_precond;eda_med_precond;eeg_fm_specent_precond;hrv_rmssd_precond"
2025-12-19 16:51:20.485714,11,"stress_label",5,128,0.015625,0.47093023255814,0.412790697674419,NA,5,"top5","hr_sd_precond;hr_med_precond;eda_med_precond;eeg_fm_specent_precond;hrv_rmssd_precond"
2025-12-19 16:51:20.589056,11,"stress_label",5,256,0.015625,0.476744186046512,0.348837209302326,NA,5,"top5","hr_sd_precond;hr_med_precond;eda_med_precond;eeg_fm_specent_precond;hrv_rmssd_precond"
2025-12-19 16:51:20.394312,11,"stress_label",5,2,0.03125,0.593023255813954,0.569767441860465,0.593798449612403,5,"top5","hr_sd_precond;hr_med_precond;eda_med_precond;eeg_fm_specent_precond;hrv_rmssd_precond"
2025-12-19 16:51:20.418702,11,"stress_label",5,4,0.03125,0.546511627906977,0.563953488372093,0.544961240310078,5,"top5","hr_sd_precond;hr_med_precond;eda_med_precond;eeg_fm_specent_precond;hrv_rmssd_precond"
2025-12-19 16:51:20.432099,11,"stress_label",5,8,0.03125,0.505813953488372,0.488372093023256,0.527131782945736,5,"top5","hr_sd_precond;hr_med_precond;eda_med_precond;eeg_fm_specent_precond;hrv_rmssd_precond"
2025-12-19 16:51:20.438401,11,"stress_label",5,16,0.03125,0.505813953488372,0.395348837209302,0.517829457364341,5,"top5","hr_sd_precond;hr_med_precond;eda_med_precond;eeg_fm_specent_precond;hrv_rmssd_precond"
2025-12-19 16:51:20.457795,11,"stress_label",5,32,0.03125,0.476744186046512,0.348837209302326,NA,5,"top5","hr_sd_precond;hr_med_precond;eda_med_precond;eeg_fm_specent_precond;hrv_rmssd_precond"
2025-12-19 16:51:20.530713,11,"stress_label",5,64,0.03125,0.465116279069767,0.406976744186047,NA,5,"top5","hr_sd_precond;hr_med_precond;eda_med_precond;eeg_fm_specent_precond;hrv_rmssd_precond"
2025-12-19 16:51:20.629387,11,"stress_label",5,128,0.03125,0.441860465116279,0.447674418604651,NA,5,"top5","hr_sd_precond;hr_med_precond;eda_med_precond;eeg_fm_specent_precond;hrv_rmssd_precond"
2025-12-19 16:51:20.781448,11,"stress_label",5,256,0.03125,0.412790697674419,0.47093023255814,NA,5,"top5","hr_sd_precond;hr_med_precond;eda_med_precond;eeg_fm_specent_precond;hrv_rmssd_precond"
2025-12-19 16:51:20.42012,11,"stress_label",5,2,0.0625,0.540697674418605,0.494186046511628,0.552713178294574,5,"top5","hr_sd_precond;hr_med_precond;eda_med_precond;eeg_fm_specent_precond;hrv_rmssd_precond"
2025-12-19 16:51:20.420846,11,"stress_label",5,4,0.0625,0.505813953488372,0.406976744186047,0.505426356589147,5,"top5","hr_sd_precond;hr_med_precond;eda_med_precond;eeg_fm_specent_precond;hrv_rmssd_precond"
2025-12-19 16:51:20.434155,11,"stress_label",5,8,0.0625,0.494186046511628,0.436046511627907,NA,5,"top5","hr_sd_precond;hr_med_precond;eda_med_precond;eeg_fm_specent_precond;hrv_rmssd_precond"
2025-12-19 16:51:20.572603,11,"stress_label",5,16,0.0625,0.476744186046512,0.366279069767442,NA,5,"top5","hr_sd_precond;hr_med_precond;eda_med_precond;eeg_fm_specent_precond;hrv_rmssd_precond"
2025-12-19 16:51:21.522678,11,"stress_label",5,32,0.0625,0.430232558139535,0.476744186046512,NA,5,"top5","hr_sd_precond;hr_med_precond;eda_med_precond;eeg_fm_specent_precond;hrv_rmssd_precond"
2025-12-19 16:51:21.657942,11,"stress_label",5,64,0.0625,0.401162790697674,0.488372093023256,NA,5,"top5","hr_sd_precond;hr_med_precond;eda_med_precond;eeg_fm_specent_precond;hrv_rmssd_precond"
2025-12-19 16:51:21.813715,11,"stress_label",5,128,0.0625,0.424418604651163,0.5,NA,5,"top5","hr_sd_precond;hr_med_precond;eda_med_precond;eeg_fm_specent_precond;hrv_rmssd_precond"
2025-12-19 16:51:22.1522,11,"stress_label",5,256,0.0625,0.436046511627907,0.552325581395349,NA,5,"top5","hr_sd_precond;hr_med_precond;eda_med_precond;eeg_fm_specent_precond;hrv_rmssd_precond"
2025-12-19 16:51:21.483272,11,"stress_label",5,2,0.125,0.5,0.47093023255814,NA,5,"top5","hr_sd_precond;hr_med_precond;eda_med_precond;eeg_fm_specent_precond;hrv_rmssd_precond"
2025-12-19 16:51:21.49433,11,"stress_label",5,4,0.125,0.459302325581395,0.383720930232558,NA,5,"top5","hr_sd_precond;hr_med_precond;eda_med_precond;eeg_fm_specent_precond;hrv_rmssd_precond"
2025-12-19 16:51:21.531593,11,"stress_label",5,8,0.125,0.412790697674419,0.459302325581395,NA,5,"top5","hr_sd_precond;hr_med_precond;eda_med_precond;eeg_fm_specent_precond;hrv_rmssd_precond"
2025-12-19 16:51:21.570388,11,"stress_label",5,16,0.125,0.441860465116279,0.511627906976744,NA,5,"top5","hr_sd_precond;hr_med_precond;eda_med_precond;eeg_fm_specent_precond;hrv_rmssd_precond"
2025-12-19 16:51:21.692345,11,"stress_label",5,32,0.125,0.447674418604651,0.511627906976744,NA,5,"top5","hr_sd_precond;hr_med_precond;eda_med_precond;eeg_fm_specent_precond;hrv_rmssd_precond"
2025-12-19 16:51:21.854192,11,"stress_label",5,64,0.125,0.441860465116279,0.488372093023256,NA,5,"top5","hr_sd_precond;hr_med_precond;eda_med_precond;eeg_fm_specent_precond;hrv_rmssd_precond"
2025-12-19 16:51:22.173537,11,"stress_label",5,128,0.125,0.517441860465116,0.47093023255814,NA,5,"top5","hr_sd_precond;hr_med_precond;eda_med_precond;eeg_fm_specent_precond;hrv_rmssd_precond"
2025-12-19 16:51:22.621883,11,"stress_label",5,256,0.125,0.436046511627907,0.488372093023256,NA,5,"top5","hr_sd_precond;hr_med_precond;eda_med_precond;eeg_fm_specent_precond;hrv_rmssd_precond"
2025-12-19 16:51:21.658454,11,"stress_label",5,2,0.03,0.587209302325581,0.552325581395349,0.589147286821705,5,"top5","hr_sd_precond;hr_med_precond;eda_med_precond;eeg_fm_specent_precond;hrv_rmssd_precond"
2025-12-19 16:51:21.794557,11,"stress_label",5,4,0.03,0.552325581395349,0.534883720930233,0.551937984496124,5,"top5","hr_sd_precond;hr_med_precond;eda_med_precond;eeg_fm_specent_precond;hrv_rmssd_precond"
2025-12-19 16:51:22.524468,11,"stress_label",5,8,0.03,0.505813953488372,0.441860465116279,0.527131782945736,5,"top5","hr_sd_precond;hr_med_precond;eda_med_precond;eeg_fm_specent_precond;hrv_rmssd_precond"
2025-12-19 16:51:22.508938,11,"stress_label",5,16,0.03,0.5,0.430232558139535,0.503875968992248,5,"top5","hr_sd_precond;hr_med_precond;eda_med_precond;eeg_fm_specent_precond;hrv_rmssd_precond"
2025-12-19 16:51:22.576793,11,"stress_label",5,32,0.03,0.482558139534884,0.424418604651163,NA,5,"top5","hr_sd_precond;hr_med_precond;eda_med_precond;eeg_fm_specent_precond;hrv_rmssd_precond"
2025-12-19 16:51:22.689581,11,"stress_label",5,64,0.03,0.465116279069767,0.372093023255814,NA,5,"top5","hr_sd_precond;hr_med_precond;eda_med_precond;eeg_fm_specent_precond;hrv_rmssd_precond"
2025-12-19 16:51:22.806935,11,"stress_label",5,128,0.03,0.436046511627907,0.47093023255814,NA,5,"top5","hr_sd_precond;hr_med_precond;eda_med_precond;eeg_fm_specent_precond;hrv_rmssd_precond"
2025-12-19 16:51:23.079814,11,"stress_label",5,256,0.03,0.424418604651163,0.436046511627907,NA,5,"top5","hr_sd_precond;hr_med_precond;eda_med_precond;eeg_fm_specent_precond;hrv_rmssd_precond"
2025-12-19 16:51:22.716775,11,"stress_label",5,2,0.06,0.540697674418605,0.47093023255814,0.552713178294574,5,"top5","hr_sd_precond;hr_med_precond;eda_med_precond;eeg_fm_specent_precond;hrv_rmssd_precond"
2025-12-19 16:51:22.748221,11,"stress_label",5,4,0.06,0.511627906976744,0.354651162790698,0.517054263565891,5,"top5","hr_sd_precond;hr_med_precond;eda_med_precond;eeg_fm_specent_precond;hrv_rmssd_precond"
2025-12-19 16:51:22.884471,11,"stress_label",5,8,0.06,0.5,0.436046511627907,NA,5,"top5","hr_sd_precond;hr_med_precond;eda_med_precond;eeg_fm_specent_precond;hrv_rmssd_precond"
2025-12-19 16:51:22.921082,11,"stress_label",5,16,0.06,0.476744186046512,0.453488372093023,NA,5,"top5","hr_sd_precond;hr_med_precond;eda_med_precond;eeg_fm_specent_precond;hrv_rmssd_precond"
2025-12-19 16:51:23.008753,11,"stress_label",5,32,0.06,0.430232558139535,0.447674418604651,NA,5,"top5","hr_sd_precond;hr_med_precond;eda_med_precond;eeg_fm_specent_precond;hrv_rmssd_precond"
2025-12-19 16:51:23.345714,11,"stress_label",5,64,0.06,0.401162790697674,0.523255813953488,NA,5,"top5","hr_sd_precond;hr_med_precond;eda_med_precond;eeg_fm_specent_precond;hrv_rmssd_precond"
2025-12-19 16:51:23.491849,11,"stress_label",5,128,0.06,0.424418604651163,0.488372093023256,NA,5,"top5","hr_sd_precond;hr_med_precond;eda_med_precond;eeg_fm_specent_precond;hrv_rmssd_precond"
2025-12-19 16:51:23.917194,11,"stress_label",5,256,0.06,0.430232558139535,0.5,0.429457364341085,5,"top5","hr_sd_precond;hr_med_precond;eda_med_precond;eeg_fm_specent_precond;hrv_rmssd_precond"
2025-12-19 16:51:23.479028,11,"stress_label",5,2,0.1,0.5,0.395348837209302,0.501550387596899,5,"top5","hr_sd_precond;hr_med_precond;eda_med_precond;eeg_fm_specent_precond;hrv_rmssd_precond"
2025-12-19 16:51:23.557853,11,"stress_label",5,4,0.1,0.476744186046512,0.412790697674419,NA,5,"top5","hr_sd_precond;hr_med_precond;eda_med_precond;eeg_fm_specent_precond;hrv_rmssd_precond"
2025-12-19 16:51:23.6164,11,"stress_label",5,8,0.1,0.430232558139535,0.482558139534884,NA,5,"top5","hr_sd_precond;hr_med_precond;eda_med_precond;eeg_fm_specent_precond;hrv_rmssd_precond"
2025-12-19 16:51:23.694126,11,"stress_label",5,16,0.1,0.424418604651163,0.441860465116279,NA,5,"top5","hr_sd_precond;hr_med_precond;eda_med_precond;eeg_fm_specent_precond;hrv_rmssd_precond"
2025-12-19 16:51:23.758587,11,"stress_label",5,32,0.1,0.436046511627907,0.424418604651163,NA,5,"top5","hr_sd_precond;hr_med_precond;eda_med_precond;eeg_fm_specent_precond;hrv_rmssd_precond"
2025-12-19 16:51:23.822531,11,"stress_label",5,64,0.1,0.441860465116279,0.47093023255814,NA,5,"top5","hr_sd_precond;hr_med_precond;eda_med_precond;eeg_fm_specent_precond;hrv_rmssd_precond"
2025-12-19 16:51:24.026813,11,"stress_label",5,128,0.1,0.465116279069767,0.441860465116279,NA,5,"top5","hr_sd_precond;hr_med_precond;eda_med_precond;eeg_fm_specent_precond;hrv_rmssd_precond"
2025-12-19 16:51:24.357651,11,"stress_label",5,256,0.1,0.494186046511628,0.447674418604651,NA,5,"top5","hr_sd_precond;hr_med_precond;eda_med_precond;eeg_fm_specent_precond;hrv_rmssd_precond"
2025-12-19 16:51:25.625993,12,"stress_label",5,2,0.0078125,0.593023255813954,0.581395348837209,0.593798449612403,5,"top5","hr_med_precond;hr_sd_precond;eeg_fm_lbeta_power_precond;eda_med_precond;eeg_fm_specent_precond"
2025-12-19 16:51:25.589386,12,"stress_label",5,4,0.0078125,0.61046511627907,0.61046511627907,0.603875968992248,5,"top5","hr_med_precond;hr_sd_precond;eeg_fm_lbeta_power_precond;eda_med_precond;eeg_fm_specent_precond"
2025-12-19 16:51:25.596264,12,"stress_label",5,8,0.0078125,0.593023255813954,0.61046511627907,0.588372093023256,5,"top5","hr_med_precond;hr_sd_precond;eeg_fm_lbeta_power_precond;eda_med_precond;eeg_fm_specent_precond"
2025-12-19 16:51:25.621843,12,"stress_label",5,16,0.0078125,0.581395348837209,0.593023255813954,0.584496124031008,5,"top5","hr_med_precond;hr_sd_precond;eeg_fm_lbeta_power_precond;eda_med_precond;eeg_fm_specent_precond"
2025-12-19 16:51:25.622321,12,"stress_label",5,32,0.0078125,0.581395348837209,0.534883720930233,NA,5,"top5","hr_med_precond;hr_sd_precond;eeg_fm_lbeta_power_precond;eda_med_precond;eeg_fm_specent_precond"
2025-12-19 16:51:25.594894,12,"stress_label",5,64,0.0078125,0.581395348837209,0.540697674418605,NA,5,"top5","hr_med_precond;hr_sd_precond;eeg_fm_lbeta_power_precond;eda_med_precond;eeg_fm_specent_precond"
2025-12-19 16:51:25.644226,12,"stress_label",5,128,0.0078125,0.552325581395349,0.494186046511628,NA,5,"top5","hr_med_precond;hr_sd_precond;eeg_fm_lbeta_power_precond;eda_med_precond;eeg_fm_specent_precond"
2025-12-19 16:51:25.671305,12,"stress_label",5,256,0.0078125,0.534883720930233,0.523255813953488,0.510077519379845,5,"top5","hr_med_precond;hr_sd_precond;eeg_fm_lbeta_power_precond;eda_med_precond;eeg_fm_specent_precond"
2025-12-19 16:51:25.621411,12,"stress_label",5,2,0.015625,0.61046511627907,0.616279069767442,0.603875968992248,5,"top5","hr_med_precond;hr_sd_precond;eeg_fm_lbeta_power_precond;eda_med_precond;eeg_fm_specent_precond"
2025-12-19 16:51:25.57735,12,"stress_label",5,4,0.015625,0.598837209302326,0.604651162790698,0.588372093023256,5,"top5","hr_med_precond;hr_sd_precond;eeg_fm_lbeta_power_precond;eda_med_precond;eeg_fm_specent_precond"
2025-12-19 16:51:25.60629,12,"stress_label",5,8,0.015625,0.581395348837209,0.563953488372093,NA,5,"top5","hr_med_precond;hr_sd_precond;eeg_fm_lbeta_power_precond;eda_med_precond;eeg_fm_specent_precond"
2025-12-19 16:51:25.623739,12,"stress_label",5,16,0.015625,0.569767441860465,0.523255813953488,NA,5,"top5","hr_med_precond;hr_sd_precond;eeg_fm_lbeta_power_precond;eda_med_precond;eeg_fm_specent_precond"
2025-12-19 16:51:25.576285,12,"stress_label",5,32,0.015625,0.552325581395349,0.529069767441861,0.536434108527132,5,"top5","hr_med_precond;hr_sd_precond;eeg_fm_lbeta_power_precond;eda_med_precond;eeg_fm_specent_precond"
2025-12-19 16:51:25.636998,12,"stress_label",5,64,0.015625,0.511627906976744,0.517441860465116,0.488372093023256,5,"top5","hr_med_precond;hr_sd_precond;eeg_fm_lbeta_power_precond;eda_med_precond;eeg_fm_specent_precond"
2025-12-19 16:51:26.720871,12,"stress_label",5,128,0.015625,0.494186046511628,0.418604651162791,0.484496124031008,5,"top5","hr_med_precond;hr_sd_precond;eeg_fm_lbeta_power_precond;eda_med_precond;eeg_fm_specent_precond"
2025-12-19 16:51:26.814559,12,"stress_label",5,256,0.015625,0.476744186046512,0.366279069767442,0.451937984496124,5,"top5","hr_med_precond;hr_sd_precond;eeg_fm_lbeta_power_precond;eda_med_precond;eeg_fm_specent_precond"
2025-12-19 16:51:26.666886,12,"stress_label",5,2,0.03125,0.587209302325581,0.529069767441861,NA,5,"top5","hr_med_precond;hr_sd_precond;eeg_fm_lbeta_power_precond;eda_med_precond;eeg_fm_specent_precond"
2025-12-19 16:51:26.678332,12,"stress_label",5,4,0.03125,0.587209302325581,0.523255813953488,NA,5,"top5","hr_med_precond;hr_sd_precond;eeg_fm_lbeta_power_precond;eda_med_precond;eeg_fm_specent_precond"
2025-12-19 16:51:26.680217,12,"stress_label",5,8,0.03125,0.575581395348837,0.5,NA,5,"top5","hr_med_precond;hr_sd_precond;eeg_fm_lbeta_power_precond;eda_med_precond;eeg_fm_specent_precond"
2025-12-19 16:51:26.680157,12,"stress_label",5,16,0.03125,0.523255813953488,0.430232558139535,NA,5,"top5","hr_med_precond;hr_sd_precond;eeg_fm_lbeta_power_precond;eda_med_precond;eeg_fm_specent_precond"
2025-12-19 16:51:26.705924,12,"stress_label",5,32,0.03125,0.494186046511628,0.441860465116279,0.473643410852713,5,"top5","hr_med_precond;hr_sd_precond;eeg_fm_lbeta_power_precond;eda_med_precond;eeg_fm_specent_precond"
2025-12-19 16:51:26.751066,12,"stress_label",5,64,0.03125,0.476744186046512,0.436046511627907,0.462015503875969,5,"top5","hr_med_precond;hr_sd_precond;eeg_fm_lbeta_power_precond;eda_med_precond;eeg_fm_specent_precond"
2025-12-19 16:51:26.833807,12,"stress_label",5,128,0.03125,0.47093023255814,0.337209302325581,0.452713178294574,5,"top5","hr_med_precond;hr_sd_precond;eeg_fm_lbeta_power_precond;eda_med_precond;eeg_fm_specent_precond"
2025-12-19 16:51:27.017228,12,"stress_label",5,256,0.03125,0.453488372093023,0.354651162790698,0.450387596899225,5,"top5","hr_med_precond;hr_sd_precond;eeg_fm_lbeta_power_precond;eda_med_precond;eeg_fm_specent_precond"
2025-12-19 16:51:26.690078,12,"stress_label",5,2,0.0625,0.558139534883721,0.505813953488372,NA,5,"top5","hr_med_precond;hr_sd_precond;eeg_fm_lbeta_power_precond;eda_med_precond;eeg_fm_specent_precond"
2025-12-19 16:51:26.708214,12,"stress_label",5,4,0.0625,0.540697674418605,0.494186046511628,NA,5,"top5","hr_med_precond;hr_sd_precond;eeg_fm_lbeta_power_precond;eda_med_precond;eeg_fm_specent_precond"
2025-12-19 16:51:26.717411,12,"stress_label",5,8,0.0625,0.476744186046512,0.47093023255814,0.457364341085271,5,"top5","hr_med_precond;hr_sd_precond;eeg_fm_lbeta_power_precond;eda_med_precond;eeg_fm_specent_precond"
2025-12-19 16:51:26.755379,12,"stress_label",5,16,0.0625,0.465116279069767,0.424418604651163,0.455038759689922,5,"top5","hr_med_precond;hr_sd_precond;eeg_fm_lbeta_power_precond;eda_med_precond;eeg_fm_specent_precond"
2025-12-19 16:51:27.788512,12,"stress_label",5,32,0.0625,0.453488372093023,0.38953488372093,0.427131782945736,5,"top5","hr_med_precond;hr_sd_precond;eeg_fm_lbeta_power_precond;eda_med_precond;eeg_fm_specent_precond"
2025-12-19 16:51:27.879654,12,"stress_label",5,64,0.0625,0.459302325581395,0.395348837209302,NA,5,"top5","hr_med_precond;hr_sd_precond;eeg_fm_lbeta_power_precond;eda_med_precond;eeg_fm_specent_precond"
2025-12-19 16:51:28.014163,12,"stress_label",5,128,0.0625,0.47093023255814,0.38953488372093,0.462015503875969,5,"top5","hr_med_precond;hr_sd_precond;eeg_fm_lbeta_power_precond;eda_med_precond;eeg_fm_specent_precond"
2025-12-19 16:51:28.29285,12,"stress_label",5,256,0.0625,0.488372093023256,0.453488372093023,0.486046511627907,5,"top5","hr_med_precond;hr_sd_precond;eeg_fm_lbeta_power_precond;eda_med_precond;eeg_fm_specent_precond"
2025-12-19 16:51:27.717813,12,"stress_label",5,2,0.125,0.511627906976744,0.436046511627907,NA,5,"top5","hr_med_precond;hr_sd_precond;eeg_fm_lbeta_power_precond;eda_med_precond;eeg_fm_specent_precond"
2025-12-19 16:51:27.765123,12,"stress_label",5,4,0.125,0.494186046511628,0.459302325581395,0.489922480620155,5,"top5","hr_med_precond;hr_sd_precond;eeg_fm_lbeta_power_precond;eda_med_precond;eeg_fm_specent_precond"
2025-12-19 16:51:27.760404,12,"stress_label",5,8,0.125,0.47093023255814,0.38953488372093,0.448062015503876,5,"top5","hr_med_precond;hr_sd_precond;eeg_fm_lbeta_power_precond;eda_med_precond;eeg_fm_specent_precond"
2025-12-19 16:51:27.803075,12,"stress_label",5,16,0.125,0.47093023255814,0.348837209302326,0.456589147286822,5,"top5","hr_med_precond;hr_sd_precond;eeg_fm_lbeta_power_precond;eda_med_precond;eeg_fm_specent_precond"
2025-12-19 16:51:27.895369,12,"stress_label",5,32,0.125,0.482558139534884,0.424418604651163,0.473643410852713,5,"top5","hr_med_precond;hr_sd_precond;eeg_fm_lbeta_power_precond;eda_med_precond;eeg_fm_specent_precond"
2025-12-19 16:51:28.054638,12,"stress_label",5,64,0.125,0.505813953488372,0.372093023255814,0.494573643410853,5,"top5","hr_med_precond;hr_sd_precond;eeg_fm_lbeta_power_precond;eda_med_precond;eeg_fm_specent_precond"
2025-12-19 16:51:28.333253,12,"stress_label",5,128,0.125,0.529069767441861,0.377906976744186,0.506976744186047,5,"top5","hr_med_precond;hr_sd_precond;eeg_fm_lbeta_power_precond;eda_med_precond;eeg_fm_specent_precond"
2025-12-19 16:51:28.833634,12,"stress_label",5,256,0.125,0.511627906976744,0.430232558139535,0.510077519379845,5,"top5","hr_med_precond;hr_sd_precond;eeg_fm_lbeta_power_precond;eda_med_precond;eeg_fm_specent_precond"
2025-12-19 16:51:27.882359,12,"stress_label",5,2,0.03,0.575581395348837,0.581395348837209,NA,5,"top5","hr_med_precond;hr_sd_precond;eeg_fm_lbeta_power_precond;eda_med_precond;eeg_fm_specent_precond"
2025-12-19 16:51:28.072704,12,"stress_label",5,4,0.03,0.575581395348837,0.552325581395349,NA,5,"top5","hr_med_precond;hr_sd_precond;eeg_fm_lbeta_power_precond;eda_med_precond;eeg_fm_specent_precond"
2025-12-19 16:51:28.776057,12,"stress_label",5,8,0.03,0.575581395348837,0.529069767441861,NA,5,"top5","hr_med_precond;hr_sd_precond;eeg_fm_lbeta_power_precond;eda_med_precond;eeg_fm_specent_precond"
2025-12-19 16:51:28.799792,12,"stress_label",5,16,0.03,0.529069767441861,0.47093023255814,NA,5,"top5","hr_med_precond;hr_sd_precond;eeg_fm_lbeta_power_precond;eda_med_precond;eeg_fm_specent_precond"
2025-12-19 16:51:28.824714,12,"stress_label",5,32,0.03,0.5,0.488372093023256,0.477519379844961,5,"top5","hr_med_precond;hr_sd_precond;eeg_fm_lbeta_power_precond;eda_med_precond;eeg_fm_specent_precond"
2025-12-19 16:51:28.897321,12,"stress_label",5,64,0.03,0.47093023255814,0.395348837209302,0.45968992248062,5,"top5","hr_med_precond;hr_sd_precond;eeg_fm_lbeta_power_precond;eda_med_precond;eeg_fm_specent_precond"
2025-12-19 16:51:28.975831,12,"stress_label",5,128,0.03,0.465116279069767,0.424418604651163,0.448062015503876,5,"top5","hr_med_precond;hr_sd_precond;eeg_fm_lbeta_power_precond;eda_med_precond;eeg_fm_specent_precond"
2025-12-19 16:51:29.205857,12,"stress_label",5,256,0.03,0.465116279069767,0.395348837209302,0.455038759689922,5,"top5","hr_med_precond;hr_sd_precond;eeg_fm_lbeta_power_precond;eda_med_precond;eeg_fm_specent_precond"
2025-12-19 16:51:28.90977,12,"stress_label",5,2,0.06,0.558139534883721,0.529069767441861,NA,5,"top5","hr_med_precond;hr_sd_precond;eeg_fm_lbeta_power_precond;eda_med_precond;eeg_fm_specent_precond"
2025-12-19 16:51:28.945632,12,"stress_label",5,4,0.06,0.540697674418605,0.494186046511628,NA,5,"top5","hr_med_precond;hr_sd_precond;eeg_fm_lbeta_power_precond;eda_med_precond;eeg_fm_specent_precond"
2025-12-19 16:51:29.044092,12,"stress_label",5,8,0.06,0.488372093023256,0.383720930232558,0.468992248062016,5,"top5","hr_med_precond;hr_sd_precond;eeg_fm_lbeta_power_precond;eda_med_precond;eeg_fm_specent_precond"
2025-12-19 16:51:29.071668,12,"stress_label",5,16,0.06,0.465116279069767,0.331395348837209,0.455038759689922,5,"top5","hr_med_precond;hr_sd_precond;eeg_fm_lbeta_power_precond;eda_med_precond;eeg_fm_specent_precond"
2025-12-19 16:51:29.178594,12,"stress_label",5,32,0.06,0.453488372093023,0.366279069767442,0.427131782945736,5,"top5","hr_med_precond;hr_sd_precond;eeg_fm_lbeta_power_precond;eda_med_precond;eeg_fm_specent_precond"
2025-12-19 16:51:29.4197,12,"stress_label",5,64,0.06,0.459302325581395,0.366279069767442,NA,5,"top5","hr_med_precond;hr_sd_precond;eeg_fm_lbeta_power_precond;eda_med_precond;eeg_fm_specent_precond"
2025-12-19 16:51:29.580433,12,"stress_label",5,128,0.06,0.465116279069767,0.36046511627907,0.455038759689922,5,"top5","hr_med_precond;hr_sd_precond;eeg_fm_lbeta_power_precond;eda_med_precond;eeg_fm_specent_precond"
2025-12-19 16:51:30.100907,12,"stress_label",5,256,0.06,0.482558139534884,0.412790697674419,0.482170542635659,5,"top5","hr_med_precond;hr_sd_precond;eeg_fm_lbeta_power_precond;eda_med_precond;eeg_fm_specent_precond"
2025-12-19 16:51:29.760916,12,"stress_label",5,2,0.1,0.523255813953488,0.488372093023256,NA,5,"top5","hr_med_precond;hr_sd_precond;eeg_fm_lbeta_power_precond;eda_med_precond;eeg_fm_specent_precond"
2025-12-19 16:51:29.769185,12,"stress_label",5,4,0.1,0.476744186046512,0.453488372093023,0.466666666666667,5,"top5","hr_med_precond;hr_sd_precond;eeg_fm_lbeta_power_precond;eda_med_precond;eeg_fm_specent_precond"
2025-12-19 16:51:29.782209,12,"stress_label",5,8,0.1,0.465116279069767,0.424418604651163,0.436434108527132,5,"top5","hr_med_precond;hr_sd_precond;eeg_fm_lbeta_power_precond;eda_med_precond;eeg_fm_specent_precond"
2025-12-19 16:51:29.834946,12,"stress_label",5,16,0.1,0.47093023255814,0.476744186046512,0.452713178294574,5,"top5","hr_med_precond;hr_sd_precond;eeg_fm_lbeta_power_precond;eda_med_precond;eeg_fm_specent_precond"
2025-12-19 16:51:29.895834,12,"stress_label",5,32,0.1,0.47093023255814,0.395348837209302,0.455813953488372,5,"top5","hr_med_precond;hr_sd_precond;eeg_fm_lbeta_power_precond;eda_med_precond;eeg_fm_specent_precond"
2025-12-19 16:51:30.008404,12,"stress_label",5,64,0.1,0.494186046511628,0.430232558139535,0.490697674418605,5,"top5","hr_med_precond;hr_sd_precond;eeg_fm_lbeta_power_precond;eda_med_precond;eeg_fm_specent_precond"
2025-12-19 16:51:30.168479,12,"stress_label",5,128,0.1,0.517441860465116,0.372093023255814,0.513178294573643,5,"top5","hr_med_precond;hr_sd_precond;eeg_fm_lbeta_power_precond;eda_med_precond;eeg_fm_specent_precond"
2025-12-19 16:51:30.470279,12,"stress_label",5,256,0.1,0.546511627906977,0.383720930232558,0.527906976744186,5,"top5","hr_med_precond;hr_sd_precond;eeg_fm_lbeta_power_precond;eda_med_precond;eeg_fm_specent_precond"
2025-12-19 16:51:31.765076,13,"stress_label",5,2,0.0078125,0.581395348837209,0.598837209302326,0.563565891472868,5,"top5","hr_med_precond;hr_sd_precond;eda_med_precond;eeg_fm_specent_precond;hrv_rmssd_precond"
2025-12-19 16:51:31.758161,13,"stress_label",5,4,0.0078125,0.575581395348837,0.593023255813954,0.555813953488372,5,"top5","hr_med_precond;hr_sd_precond;eda_med_precond;eeg_fm_specent_precond;hrv_rmssd_precond"
2025-12-19 16:51:31.749956,13,"stress_label",5,8,0.0078125,0.581395348837209,0.598837209302326,0.563565891472868,5,"top5","hr_med_precond;hr_sd_precond;eda_med_precond;eeg_fm_specent_precond;hrv_rmssd_precond"
2025-12-19 16:51:31.799297,13,"stress_label",5,16,0.0078125,0.581395348837209,0.569767441860465,0.572868217054264,5,"top5","hr_med_precond;hr_sd_precond;eda_med_precond;eeg_fm_specent_precond;hrv_rmssd_precond"
2025-12-19 16:51:31.74831,13,"stress_label",5,32,0.0078125,0.587209302325581,0.581395348837209,0.585271317829457,5,"top5","hr_med_precond;hr_sd_precond;eda_med_precond;eeg_fm_specent_precond;hrv_rmssd_precond"
2025-12-19 16:51:31.771951,13,"stress_label",5,64,0.0078125,0.552325581395349,0.494186046511628,0.55968992248062,5,"top5","hr_med_precond;hr_sd_precond;eda_med_precond;eeg_fm_specent_precond;hrv_rmssd_precond"
2025-12-19 16:51:31.83468,13,"stress_label",5,128,0.0078125,0.523255813953488,0.47093023255814,0.52015503875969,5,"top5","hr_med_precond;hr_sd_precond;eda_med_precond;eeg_fm_specent_precond;hrv_rmssd_precond"
2025-12-19 16:51:31.886314,13,"stress_label",5,256,0.0078125,0.505813953488372,0.476744186046512,0.530232558139535,5,"top5","hr_med_precond;hr_sd_precond;eda_med_precond;eeg_fm_specent_precond;hrv_rmssd_precond"
2025-12-19 16:51:31.752593,13,"stress_label",5,2,0.015625,0.569767441860465,0.593023255813954,0.551937984496124,5,"top5","hr_med_precond;hr_sd_precond;eda_med_precond;eeg_fm_specent_precond;hrv_rmssd_precond"
2025-12-19 16:51:31.764336,13,"stress_label",5,4,0.015625,0.593023255813954,0.598837209302326,0.583720930232558,5,"top5","hr_med_precond;hr_sd_precond;eda_med_precond;eeg_fm_specent_precond;hrv_rmssd_precond"
2025-12-19 16:51:31.795783,13,"stress_label",5,8,0.015625,0.587209302325581,0.563953488372093,0.58062015503876,5,"top5","hr_med_precond;hr_sd_precond;eda_med_precond;eeg_fm_specent_precond;hrv_rmssd_precond"
2025-12-19 16:51:31.780553,13,"stress_label",5,16,0.015625,0.540697674418605,0.523255813953488,0.544961240310078,5,"top5","hr_med_precond;hr_sd_precond;eda_med_precond;eeg_fm_specent_precond;hrv_rmssd_precond"
2025-12-19 16:51:31.721961,13,"stress_label",5,32,0.015625,0.529069767441861,0.505813953488372,0.527906976744186,5,"top5","hr_med_precond;hr_sd_precond;eda_med_precond;eeg_fm_specent_precond;hrv_rmssd_precond"
2025-12-19 16:51:31.817542,13,"stress_label",5,64,0.015625,0.511627906976744,0.418604651162791,0.525581395348837,5,"top5","hr_med_precond;hr_sd_precond;eda_med_precond;eeg_fm_specent_precond;hrv_rmssd_precond"
2025-12-19 16:51:32.911569,13,"stress_label",5,128,0.015625,0.5,0.343023255813953,NA,5,"top5","hr_med_precond;hr_sd_precond;eda_med_precond;eeg_fm_specent_precond;hrv_rmssd_precond"
2025-12-19 16:51:33.035552,13,"stress_label",5,256,0.015625,0.47093023255814,0.395348837209302,NA,5,"top5","hr_med_precond;hr_sd_precond;eda_med_precond;eeg_fm_specent_precond;hrv_rmssd_precond"
2025-12-19 16:51:32.796511,13,"stress_label",5,2,0.03125,0.581395348837209,0.581395348837209,0.583720930232558,5,"top5","hr_med_precond;hr_sd_precond;eda_med_precond;eeg_fm_specent_precond;hrv_rmssd_precond"
2025-12-19 16:51:32.816701,13,"stress_label",5,4,0.03125,0.569767441860465,0.546511627906977,0.571317829457364,5,"top5","hr_med_precond;hr_sd_precond;eda_med_precond;eeg_fm_specent_precond;hrv_rmssd_precond"
2025-12-19 16:51:32.840166,13,"stress_label",5,8,0.03125,0.517441860465116,0.47093023255814,0.532558139534884,5,"top5","hr_med_precond;hr_sd_precond;eda_med_precond;eeg_fm_specent_precond;hrv_rmssd_precond"
2025-12-19 16:51:32.830754,13,"stress_label",5,16,0.03125,0.517441860465116,0.465116279069767,0.523255813953488,5,"top5","hr_med_precond;hr_sd_precond;eda_med_precond;eeg_fm_specent_precond;hrv_rmssd_precond"
2025-12-19 16:51:32.886739,13,"stress_label",5,32,0.03125,0.494186046511628,0.354651162790698,NA,5,"top5","hr_med_precond;hr_sd_precond;eda_med_precond;eeg_fm_specent_precond;hrv_rmssd_precond"
2025-12-19 16:51:32.912928,13,"stress_label",5,64,0.03125,0.47093023255814,0.354651162790698,0.484496124031008,5,"top5","hr_med_precond;hr_sd_precond;eda_med_precond;eeg_fm_specent_precond;hrv_rmssd_precond"
2025-12-19 16:51:33.02831,13,"stress_label",5,128,0.03125,0.441860465116279,0.436046511627907,NA,5,"top5","hr_med_precond;hr_sd_precond;eda_med_precond;eeg_fm_specent_precond;hrv_rmssd_precond"
2025-12-19 16:51:33.195591,13,"stress_label",5,256,0.03125,0.424418604651163,0.459302325581395,0.448837209302326,5,"top5","hr_med_precond;hr_sd_precond;eda_med_precond;eeg_fm_specent_precond;hrv_rmssd_precond"
2025-12-19 16:51:32.864122,13,"stress_label",5,2,0.0625,0.540697674418605,0.552325581395349,0.543410852713178,5,"top5","hr_med_precond;hr_sd_precond;eda_med_precond;eeg_fm_specent_precond;hrv_rmssd_precond"
2025-12-19 16:51:32.892347,13,"stress_label",5,4,0.0625,0.529069767441861,0.412790697674419,0.534883720930233,5,"top5","hr_med_precond;hr_sd_precond;eda_med_precond;eeg_fm_specent_precond;hrv_rmssd_precond"
2025-12-19 16:51:32.902151,13,"stress_label",5,8,0.0625,0.482558139534884,0.406976744186047,NA,5,"top5","hr_med_precond;hr_sd_precond;eda_med_precond;eeg_fm_specent_precond;hrv_rmssd_precond"
2025-12-19 16:51:32.980956,13,"stress_label",5,16,0.0625,0.453488372093023,0.337209302325581,NA,5,"top5","hr_med_precond;hr_sd_precond;eda_med_precond;eeg_fm_specent_precond;hrv_rmssd_precond"
2025-12-19 16:51:33.931522,13,"stress_label",5,32,0.0625,0.424418604651163,0.38953488372093,NA,5,"top5","hr_med_precond;hr_sd_precond;eda_med_precond;eeg_fm_specent_precond;hrv_rmssd_precond"
2025-12-19 16:51:34.07154,13,"stress_label",5,64,0.0625,0.459302325581395,0.511627906976744,NA,5,"top5","hr_med_precond;hr_sd_precond;eda_med_precond;eeg_fm_specent_precond;hrv_rmssd_precond"
2025-12-19 16:51:34.261493,13,"stress_label",5,128,0.0625,0.436046511627907,0.412790697674419,NA,5,"top5","hr_med_precond;hr_sd_precond;eda_med_precond;eeg_fm_specent_precond;hrv_rmssd_precond"
2025-12-19 16:51:34.586788,13,"stress_label",5,256,0.0625,0.424418604651163,0.38953488372093,0.405426356589147,5,"top5","hr_med_precond;hr_sd_precond;eda_med_precond;eeg_fm_specent_precond;hrv_rmssd_precond"
2025-12-19 16:51:33.951864,13,"stress_label",5,2,0.125,0.494186046511628,0.447674418604651,0.5,5,"top5","hr_med_precond;hr_sd_precond;eda_med_precond;eeg_fm_specent_precond;hrv_rmssd_precond"
2025-12-19 16:51:33.978101,13,"stress_label",5,4,0.125,0.465116279069767,0.406976744186047,NA,5,"top5","hr_med_precond;hr_sd_precond;eda_med_precond;eeg_fm_specent_precond;hrv_rmssd_precond"
2025-12-19 16:51:34.061394,13,"stress_label",5,8,0.125,0.47093023255814,0.430232558139535,0.493798449612403,5,"top5","hr_med_precond;hr_sd_precond;eda_med_precond;eeg_fm_specent_precond;hrv_rmssd_precond"
2025-12-19 16:51:34.035246,13,"stress_label",5,16,0.125,0.453488372093023,0.430232558139535,NA,5,"top5","hr_med_precond;hr_sd_precond;eda_med_precond;eeg_fm_specent_precond;hrv_rmssd_precond"
2025-12-19 16:51:34.225802,13,"stress_label",5,32,0.125,0.453488372093023,0.494186046511628,NA,5,"top5","hr_med_precond;hr_sd_precond;eda_med_precond;eeg_fm_specent_precond;hrv_rmssd_precond"
2025-12-19 16:51:34.316414,13,"stress_label",5,64,0.125,0.47093023255814,0.453488372093023,NA,5,"top5","hr_med_precond;hr_sd_precond;eda_med_precond;eeg_fm_specent_precond;hrv_rmssd_precond"
2025-12-19 16:51:34.572558,13,"stress_label",5,128,0.125,0.5,0.465116279069767,0.488372093023256,5,"top5","hr_med_precond;hr_sd_precond;eda_med_precond;eeg_fm_specent_precond;hrv_rmssd_precond"
2025-12-19 16:51:35.11765,13,"stress_label",5,256,0.125,0.488372093023256,0.424418604651163,NA,5,"top5","hr_med_precond;hr_sd_precond;eda_med_precond;eeg_fm_specent_precond;hrv_rmssd_precond"
2025-12-19 16:51:34.23848,13,"stress_label",5,2,0.03,0.581395348837209,0.569767441860465,0.582170542635659,5,"top5","hr_med_precond;hr_sd_precond;eda_med_precond;eeg_fm_specent_precond;hrv_rmssd_precond"
2025-12-19 16:51:34.321127,13,"stress_label",5,4,0.03,0.569767441860465,0.552325581395349,0.571317829457364,5,"top5","hr_med_precond;hr_sd_precond;eda_med_precond;eeg_fm_specent_precond;hrv_rmssd_precond"
2025-12-19 16:51:34.949981,13,"stress_label",5,8,0.03,0.517441860465116,0.488372093023256,0.527906976744186,5,"top5","hr_med_precond;hr_sd_precond;eda_med_precond;eeg_fm_specent_precond;hrv_rmssd_precond"
2025-12-19 16:51:34.993148,13,"stress_label",5,16,0.03,0.523255813953488,0.424418604651163,0.525581395348837,5,"top5","hr_med_precond;hr_sd_precond;eda_med_precond;eeg_fm_specent_precond;hrv_rmssd_precond"
2025-12-19 16:51:35.057212,13,"stress_label",5,32,0.03,0.5,0.377906976744186,NA,5,"top5","hr_med_precond;hr_sd_precond;eda_med_precond;eeg_fm_specent_precond;hrv_rmssd_precond"
2025-12-19 16:51:35.167,13,"stress_label",5,64,0.03,0.47093023255814,0.447674418604651,NA,5,"top5","hr_med_precond;hr_sd_precond;eda_med_precond;eeg_fm_specent_precond;hrv_rmssd_precond"
2025-12-19 16:51:35.30684,13,"stress_label",5,128,0.03,0.441860465116279,0.401162790697674,NA,5,"top5","hr_med_precond;hr_sd_precond;eda_med_precond;eeg_fm_specent_precond;hrv_rmssd_precond"
2025-12-19 16:51:35.464997,13,"stress_label",5,256,0.03,0.430232558139535,0.430232558139535,0.438759689922481,5,"top5","hr_med_precond;hr_sd_precond;eda_med_precond;eeg_fm_specent_precond;hrv_rmssd_precond"
2025-12-19 16:51:35.239873,13,"stress_label",5,2,0.06,0.540697674418605,0.540697674418605,0.543410852713178,5,"top5","hr_med_precond;hr_sd_precond;eda_med_precond;eeg_fm_specent_precond;hrv_rmssd_precond"
2025-12-19 16:51:35.261385,13,"stress_label",5,4,0.06,0.534883720930233,0.47093023255814,0.541860465116279,5,"top5","hr_med_precond;hr_sd_precond;eda_med_precond;eeg_fm_specent_precond;hrv_rmssd_precond"
2025-12-19 16:51:35.311154,13,"stress_label",5,8,0.06,0.482558139534884,0.465116279069767,0.487596899224806,5,"top5","hr_med_precond;hr_sd_precond;eda_med_precond;eeg_fm_specent_precond;hrv_rmssd_precond"
2025-12-19 16:51:35.41419,13,"stress_label",5,16,0.06,0.453488372093023,0.447674418604651,NA,5,"top5","hr_med_precond;hr_sd_precond;eda_med_precond;eeg_fm_specent_precond;hrv_rmssd_precond"
2025-12-19 16:51:35.45331,13,"stress_label",5,32,0.06,0.430232558139535,0.372093023255814,NA,5,"top5","hr_med_precond;hr_sd_precond;eda_med_precond;eeg_fm_specent_precond;hrv_rmssd_precond"
2025-12-19 16:51:35.732895,13,"stress_label",5,64,0.06,0.459302325581395,0.331395348837209,NA,5,"top5","hr_med_precond;hr_sd_precond;eda_med_precond;eeg_fm_specent_precond;hrv_rmssd_precond"
2025-12-19 16:51:35.871079,13,"stress_label",5,128,0.06,0.436046511627907,0.377906976744186,NA,5,"top5","hr_med_precond;hr_sd_precond;eda_med_precond;eeg_fm_specent_precond;hrv_rmssd_precond"
2025-12-19 16:51:36.361228,13,"stress_label",5,256,0.06,0.430232558139535,0.395348837209302,0.407751937984496,5,"top5","hr_med_precond;hr_sd_precond;eda_med_precond;eeg_fm_specent_precond;hrv_rmssd_precond"
2025-12-19 16:51:35.935742,13,"stress_label",5,2,0.1,0.505813953488372,0.412790697674419,0.510852713178295,5,"top5","hr_med_precond;hr_sd_precond;eda_med_precond;eeg_fm_specent_precond;hrv_rmssd_precond"
2025-12-19 16:51:36.02346,13,"stress_label",5,4,0.1,0.482558139534884,0.476744186046512,NA,5,"top5","hr_med_precond;hr_sd_precond;eda_med_precond;eeg_fm_specent_precond;hrv_rmssd_precond"
2025-12-19 16:51:36.061661,13,"stress_label",5,8,0.1,0.47093023255814,0.424418604651163,NA,5,"top5","hr_med_precond;hr_sd_precond;eda_med_precond;eeg_fm_specent_precond;hrv_rmssd_precond"
2025-12-19 16:51:36.141021,13,"stress_label",5,16,0.1,0.47093023255814,0.418604651162791,NA,5,"top5","hr_med_precond;hr_sd_precond;eda_med_precond;eeg_fm_specent_precond;hrv_rmssd_precond"
2025-12-19 16:51:36.22747,13,"stress_label",5,32,0.1,0.436046511627907,0.377906976744186,NA,5,"top5","hr_med_precond;hr_sd_precond;eda_med_precond;eeg_fm_specent_precond;hrv_rmssd_precond"
2025-12-19 16:51:36.321391,13,"stress_label",5,64,0.1,0.430232558139535,0.447674418604651,NA,5,"top5","hr_med_precond;hr_sd_precond;eda_med_precond;eeg_fm_specent_precond;hrv_rmssd_precond"
2025-12-19 16:51:36.490713,13,"stress_label",5,128,0.1,0.476744186046512,0.395348837209302,NA,5,"top5","hr_med_precond;hr_sd_precond;eda_med_precond;eeg_fm_specent_precond;hrv_rmssd_precond"
2025-12-19 16:51:36.746093,13,"stress_label",5,256,0.1,0.5,0.47093023255814,0.487596899224806,5,"top5","hr_med_precond;hr_sd_precond;eda_med_precond;eeg_fm_specent_precond;hrv_rmssd_precond"
2025-12-19 16:51:38.089433,15,"stress_label",5,2,0.0078125,0.61046511627907,0.627906976744186,0.606976744186047,5,"top5","hr_sd_precond;eda_med_precond;hr_med_precond;eeg_fm_lbeta_power_precond;eeg_fm_specent_precond"
2025-12-19 16:51:38.048752,15,"stress_label",5,4,0.0078125,0.616279069767442,0.622093023255814,0.615503875968992,5,"top5","hr_sd_precond;eda_med_precond;hr_med_precond;eeg_fm_lbeta_power_precond;eeg_fm_specent_precond"
2025-12-19 16:51:38.030263,15,"stress_label",5,8,0.0078125,0.61046511627907,0.616279069767442,0.613178294573643,5,"top5","hr_sd_precond;eda_med_precond;hr_med_precond;eeg_fm_lbeta_power_precond;eeg_fm_specent_precond"
2025-12-19 16:51:38.034819,15,"stress_label",5,16,0.0078125,0.604651162790698,0.616279069767442,0.618604651162791,5,"top5","hr_sd_precond;eda_med_precond;hr_med_precond;eeg_fm_lbeta_power_precond;eeg_fm_specent_precond"
2025-12-19 16:51:38.038205,15,"stress_label",5,32,0.0078125,0.598837209302326,0.598837209302326,0.617829457364341,5,"top5","hr_sd_precond;eda_med_precond;hr_med_precond;eeg_fm_lbeta_power_precond;eeg_fm_specent_precond"
2025-12-19 16:51:38.066268,15,"stress_label",5,64,0.0078125,0.598837209302326,0.581395348837209,NA,5,"top5","hr_sd_precond;eda_med_precond;hr_med_precond;eeg_fm_lbeta_power_precond;eeg_fm_specent_precond"
2025-12-19 16:51:38.073245,15,"stress_label",5,128,0.0078125,0.581395348837209,0.575581395348837,NA,5,"top5","hr_sd_precond;eda_med_precond;hr_med_precond;eeg_fm_lbeta_power_precond;eeg_fm_specent_precond"
2025-12-19 16:51:38.163322,15,"stress_label",5,256,0.0078125,0.546511627906977,0.540697674418605,NA,5,"top5","hr_sd_precond;eda_med_precond;hr_med_precond;eeg_fm_lbeta_power_precond;eeg_fm_specent_precond"
2025-12-19 16:51:38.02214,15,"stress_label",5,2,0.015625,0.604651162790698,0.622093023255814,0.606976744186047,5,"top5","hr_sd_precond;eda_med_precond;hr_med_precond;eeg_fm_lbeta_power_precond;eeg_fm_specent_precond"
2025-12-19 16:51:38.035161,15,"stress_label",5,4,0.015625,0.616279069767442,0.616279069767442,0.625581395348837,5,"top5","hr_sd_precond;eda_med_precond;hr_med_precond;eeg_fm_lbeta_power_precond;eeg_fm_specent_precond"
2025-12-19 16:51:38.01095,15,"stress_label",5,8,0.015625,0.587209302325581,0.61046511627907,0.608527131782946,5,"top5","hr_sd_precond;eda_med_precond;hr_med_precond;eeg_fm_lbeta_power_precond;eeg_fm_specent_precond"
2025-12-19 16:51:38.058165,15,"stress_label",5,16,0.015625,0.593023255813954,0.575581395348837,NA,5,"top5","hr_sd_precond;eda_med_precond;hr_med_precond;eeg_fm_lbeta_power_precond;eeg_fm_specent_precond"
2025-12-19 16:51:38.076927,15,"stress_label",5,32,0.015625,0.581395348837209,0.581395348837209,NA,5,"top5","hr_sd_precond;eda_med_precond;hr_med_precond;eeg_fm_lbeta_power_precond;eeg_fm_specent_precond"
2025-12-19 16:51:38.086139,15,"stress_label",5,64,0.015625,0.546511627906977,0.534883720930233,NA,5,"top5","hr_sd_precond;eda_med_precond;hr_med_precond;eeg_fm_lbeta_power_precond;eeg_fm_specent_precond"
2025-12-19 16:51:39.133529,15,"stress_label",5,128,0.015625,0.494186046511628,0.441860465116279,0.481395348837209,5,"top5","hr_sd_precond;eda_med_precond;hr_med_precond;eeg_fm_lbeta_power_precond;eeg_fm_specent_precond"
2025-12-19 16:51:39.283777,15,"stress_label",5,256,0.015625,0.482558139534884,0.395348837209302,NA,5,"top5","hr_sd_precond;eda_med_precond;hr_med_precond;eeg_fm_lbeta_power_precond;eeg_fm_specent_precond"
2025-12-19 16:51:39.062387,15,"stress_label",5,2,0.03125,0.616279069767442,0.616279069767442,0.62015503875969,5,"top5","hr_sd_precond;eda_med_precond;hr_med_precond;eeg_fm_lbeta_power_precond;eeg_fm_specent_precond"
2025-12-19 16:51:39.09034,15,"stress_label",5,4,0.03125,0.593023255813954,0.575581395348837,0.611627906976744,5,"top5","hr_sd_precond;eda_med_precond;hr_med_precond;eeg_fm_lbeta_power_precond;eeg_fm_specent_precond"
2025-12-19 16:51:39.066421,15,"stress_label",5,8,0.03125,0.581395348837209,0.569767441860465,NA,5,"top5","hr_sd_precond;eda_med_precond;hr_med_precond;eeg_fm_lbeta_power_precond;eeg_fm_specent_precond"
2025-12-19 16:51:39.110442,15,"stress_label",5,16,0.03125,0.552325581395349,0.552325581395349,0.532558139534884,5,"top5","hr_sd_precond;eda_med_precond;hr_med_precond;eeg_fm_lbeta_power_precond;eeg_fm_specent_precond"
2025-12-19 16:51:39.112804,15,"stress_label",5,32,0.03125,0.5,0.47093023255814,0.493023255813954,5,"top5","hr_sd_precond;eda_med_precond;hr_med_precond;eeg_fm_lbeta_power_precond;eeg_fm_specent_precond"
2025-12-19 16:51:39.21498,15,"stress_label",5,64,0.03125,0.488372093023256,0.430232558139535,NA,5,"top5","hr_sd_precond;eda_med_precond;hr_med_precond;eeg_fm_lbeta_power_precond;eeg_fm_specent_precond"
2025-12-19 16:51:39.284254,15,"stress_label",5,128,0.03125,0.505813953488372,0.354651162790698,0.497674418604651,5,"top5","hr_sd_precond;eda_med_precond;hr_med_precond;eeg_fm_lbeta_power_precond;eeg_fm_specent_precond"
2025-12-19 16:51:39.47356,15,"stress_label",5,256,0.03125,0.5,0.395348837209302,NA,5,"top5","hr_sd_precond;eda_med_precond;hr_med_precond;eeg_fm_lbeta_power_precond;eeg_fm_specent_precond"
2025-12-19 16:51:39.139657,15,"stress_label",5,2,0.0625,0.552325581395349,0.581395348837209,NA,5,"top5","hr_sd_precond;eda_med_precond;hr_med_precond;eeg_fm_lbeta_power_precond;eeg_fm_specent_precond"
2025-12-19 16:51:39.138886,15,"stress_label",5,4,0.0625,0.558139534883721,0.575581395348837,NA,5,"top5","hr_sd_precond;eda_med_precond;hr_med_precond;eeg_fm_lbeta_power_precond;eeg_fm_specent_precond"
2025-12-19 16:51:39.131414,15,"stress_label",5,8,0.0625,0.540697674418605,0.534883720930233,0.544961240310078,5,"top5","hr_sd_precond;eda_med_precond;hr_med_precond;eeg_fm_lbeta_power_precond;eeg_fm_specent_precond"
2025-12-19 16:51:39.258533,15,"stress_label",5,16,0.0625,0.494186046511628,0.424418604651163,0.482170542635659,5,"top5","hr_sd_precond;eda_med_precond;hr_med_precond;eeg_fm_lbeta_power_precond;eeg_fm_specent_precond"
2025-12-19 16:51:40.184557,15,"stress_label",5,32,0.0625,0.505813953488372,0.313953488372093,NA,5,"top5","hr_sd_precond;eda_med_precond;hr_med_precond;eeg_fm_lbeta_power_precond;eeg_fm_specent_precond"
2025-12-19 16:51:40.264573,15,"stress_label",5,64,0.0625,0.488372093023256,0.430232558139535,0.475968992248062,5,"top5","hr_sd_precond;eda_med_precond;hr_med_precond;eeg_fm_lbeta_power_precond;eeg_fm_specent_precond"
2025-12-19 16:51:40.442206,15,"stress_label",5,128,0.0625,0.476744186046512,0.383720930232558,NA,5,"top5","hr_sd_precond;eda_med_precond;hr_med_precond;eeg_fm_lbeta_power_precond;eeg_fm_specent_precond"
2025-12-19 16:51:40.802267,15,"stress_label",5,256,0.0625,0.459302325581395,0.406976744186047,NA,5,"top5","hr_sd_precond;eda_med_precond;hr_med_precond;eeg_fm_lbeta_power_precond;eeg_fm_specent_precond"
2025-12-19 16:51:40.1661,15,"stress_label",5,2,0.125,0.569767441860465,0.546511627906977,0.582170542635659,5,"top5","hr_sd_precond;eda_med_precond;hr_med_precond;eeg_fm_lbeta_power_precond;eeg_fm_specent_precond"
2025-12-19 16:51:40.151803,15,"stress_label",5,4,0.125,0.5,0.406976744186047,0.496899224806202,5,"top5","hr_sd_precond;eda_med_precond;hr_med_precond;eeg_fm_lbeta_power_precond;eeg_fm_specent_precond"
2025-12-19 16:51:40.174853,15,"stress_label",5,8,0.125,0.482558139534884,0.383720930232558,0.471317829457364,5,"top5","hr_sd_precond;eda_med_precond;hr_med_precond;eeg_fm_lbeta_power_precond;eeg_fm_specent_precond"
2025-12-19 16:51:40.219512,15,"stress_label",5,16,0.125,0.476744186046512,0.366279069767442,0.473643410852713,5,"top5","hr_sd_precond;eda_med_precond;hr_med_precond;eeg_fm_lbeta_power_precond;eeg_fm_specent_precond"
2025-12-19 16:51:40.317192,15,"stress_label",5,32,0.125,0.465116279069767,0.377906976744186,0.457364341085271,5,"top5","hr_sd_precond;eda_med_precond;hr_med_precond;eeg_fm_lbeta_power_precond;eeg_fm_specent_precond"
2025-12-19 16:51:40.518582,15,"stress_label",5,64,0.125,0.482558139534884,0.430232558139535,0.465891472868217,5,"top5","hr_sd_precond;eda_med_precond;hr_med_precond;eeg_fm_lbeta_power_precond;eeg_fm_specent_precond"
2025-12-19 16:51:40.858831,15,"stress_label",5,128,0.125,0.529069767441861,0.406976744186047,0.514728682170543,5,"top5","hr_sd_precond;eda_med_precond;hr_med_precond;eeg_fm_lbeta_power_precond;eeg_fm_specent_precond"
2025-12-19 16:51:41.460473,15,"stress_label",5,256,0.125,0.523255813953488,0.517441860465116,NA,5,"top5","hr_sd_precond;eda_med_precond;hr_med_precond;eeg_fm_lbeta_power_precond;eeg_fm_specent_precond"
2025-12-19 16:51:40.336778,15,"stress_label",5,2,0.03,0.616279069767442,0.622093023255814,0.62015503875969,5,"top5","hr_sd_precond;eda_med_precond;hr_med_precond;eeg_fm_lbeta_power_precond;eeg_fm_specent_precond"
2025-12-19 16:51:40.503172,15,"stress_label",5,4,0.03,0.598837209302326,0.575581395348837,0.623255813953488,5,"top5","hr_sd_precond;eda_med_precond;hr_med_precond;eeg_fm_lbeta_power_precond;eeg_fm_specent_precond"
2025-12-19 16:51:41.392754,15,"stress_label",5,8,0.03,0.581395348837209,0.569767441860465,NA,5,"top5","hr_sd_precond;eda_med_precond;hr_med_precond;eeg_fm_lbeta_power_precond;eeg_fm_specent_precond"
2025-12-19 16:51:41.303232,15,"stress_label",5,16,0.03,0.558139534883721,0.552325581395349,NA,5,"top5","hr_sd_precond;eda_med_precond;hr_med_precond;eeg_fm_lbeta_power_precond;eeg_fm_specent_precond"
2025-12-19 16:51:41.319124,15,"stress_label",5,32,0.03,0.5,0.465116279069767,0.493023255813954,5,"top5","hr_sd_precond;eda_med_precond;hr_med_precond;eeg_fm_lbeta_power_precond;eeg_fm_specent_precond"
2025-12-19 16:51:41.428474,15,"stress_label",5,64,0.03,0.482558139534884,0.343023255813953,NA,5,"top5","hr_sd_precond;eda_med_precond;hr_med_precond;eeg_fm_lbeta_power_precond;eeg_fm_specent_precond"
2025-12-19 16:51:41.505548,15,"stress_label",5,128,0.03,0.505813953488372,0.313953488372093,0.497674418604651,5,"top5","hr_sd_precond;eda_med_precond;hr_med_precond;eeg_fm_lbeta_power_precond;eeg_fm_specent_precond"
2025-12-19 16:51:41.737455,15,"stress_label",5,256,0.03,0.505813953488372,0.348837209302326,NA,5,"top5","hr_sd_precond;eda_med_precond;hr_med_precond;eeg_fm_lbeta_power_precond;eeg_fm_specent_precond"
2025-12-19 16:51:41.467083,15,"stress_label",5,2,0.06,0.558139534883721,0.587209302325581,NA,5,"top5","hr_sd_precond;eda_med_precond;hr_med_precond;eeg_fm_lbeta_power_precond;eeg_fm_specent_precond"
2025-12-19 16:51:41.490217,15,"stress_label",5,4,0.06,0.558139534883721,0.540697674418605,NA,5,"top5","hr_sd_precond;eda_med_precond;hr_med_precond;eeg_fm_lbeta_power_precond;eeg_fm_specent_precond"
2025-12-19 16:51:41.579632,15,"stress_label",5,8,0.06,0.534883720930233,0.494186046511628,0.533333333333333,5,"top5","hr_sd_precond;eda_med_precond;hr_med_precond;eeg_fm_lbeta_power_precond;eeg_fm_specent_precond"
2025-12-19 16:51:41.672688,15,"stress_label",5,16,0.06,0.494186046511628,0.424418604651163,0.482170542635659,5,"top5","hr_sd_precond;eda_med_precond;hr_med_precond;eeg_fm_lbeta_power_precond;eeg_fm_specent_precond"
2025-12-19 16:51:41.71085,15,"stress_label",5,32,0.06,0.505813953488372,0.418604651162791,NA,5,"top5","hr_sd_precond;eda_med_precond;hr_med_precond;eeg_fm_lbeta_power_precond;eeg_fm_specent_precond"
2025-12-19 16:51:42.021174,15,"stress_label",5,64,0.06,0.488372093023256,0.401162790697674,0.475968992248062,5,"top5","hr_sd_precond;eda_med_precond;hr_med_precond;eeg_fm_lbeta_power_precond;eeg_fm_specent_precond"
2025-12-19 16:51:42.185948,15,"stress_label",5,128,0.06,0.453488372093023,0.424418604651163,NA,5,"top5","hr_sd_precond;eda_med_precond;hr_med_precond;eeg_fm_lbeta_power_precond;eeg_fm_specent_precond"
2025-12-19 16:51:42.678995,15,"stress_label",5,256,0.06,0.459302325581395,0.424418604651163,NA,5,"top5","hr_sd_precond;eda_med_precond;hr_med_precond;eeg_fm_lbeta_power_precond;eeg_fm_specent_precond"
2025-12-19 16:51:42.250851,15,"stress_label",5,2,0.1,0.563953488372093,0.581395348837209,NA,5,"top5","hr_sd_precond;eda_med_precond;hr_med_precond;eeg_fm_lbeta_power_precond;eeg_fm_specent_precond"
2025-12-19 16:51:42.325305,15,"stress_label",5,4,0.1,0.534883720930233,0.529069767441861,0.54031007751938,5,"top5","hr_sd_precond;eda_med_precond;hr_med_precond;eeg_fm_lbeta_power_precond;eeg_fm_specent_precond"
2025-12-19 16:51:42.344075,15,"stress_label",5,8,0.1,0.488372093023256,0.372093023255814,0.487596899224806,5,"top5","hr_sd_precond;eda_med_precond;hr_med_precond;eeg_fm_lbeta_power_precond;eeg_fm_specent_precond"
2025-12-19 16:51:42.419448,15,"stress_label",5,16,0.1,0.482558139534884,0.36046511627907,0.48062015503876,5,"top5","hr_sd_precond;eda_med_precond;hr_med_precond;eeg_fm_lbeta_power_precond;eeg_fm_specent_precond"
2025-12-19 16:51:42.46259,15,"stress_label",5,32,0.1,0.465116279069767,0.505813953488372,NA,5,"top5","hr_sd_precond;eda_med_precond;hr_med_precond;eeg_fm_lbeta_power_precond;eeg_fm_specent_precond"
2025-12-19 16:51:42.567166,15,"stress_label",5,64,0.1,0.47093023255814,0.459302325581395,0.455813953488372,5,"top5","hr_sd_precond;eda_med_precond;hr_med_precond;eeg_fm_lbeta_power_precond;eeg_fm_specent_precond"
2025-12-19 16:51:42.686459,15,"stress_label",5,128,0.1,0.476744186046512,0.38953488372093,0.465891472868217,5,"top5","hr_sd_precond;eda_med_precond;hr_med_precond;eeg_fm_lbeta_power_precond;eeg_fm_specent_precond"
2025-12-19 16:51:43.059695,15,"stress_label",5,256,0.1,0.511627906976744,0.430232558139535,0.488372093023256,5,"top5","hr_sd_precond;eda_med_precond;hr_med_precond;eeg_fm_lbeta_power_precond;eeg_fm_specent_precond"
2025-12-19 16:51:44.325849,16,"stress_label",5,2,0.0078125,0.587209302325581,0.604651162790698,0.575968992248062,5,"top5","hr_sd_precond;hr_med_precond;eda_med_precond;eeg_fm_specent_precond;hrv_rmssd_precond"
2025-12-19 16:51:44.337717,16,"stress_label",5,4,0.0078125,0.563953488372093,0.587209302325581,0.548837209302326,5,"top5","hr_sd_precond;hr_med_precond;eda_med_precond;eeg_fm_specent_precond;hrv_rmssd_precond"
2025-12-19 16:51:44.282186,16,"stress_label",5,8,0.0078125,0.563953488372093,0.598837209302326,0.543410852713178,5,"top5","hr_sd_precond;hr_med_precond;eda_med_precond;eeg_fm_specent_precond;hrv_rmssd_precond"
2025-12-19 16:51:44.305117,16,"stress_label",5,16,0.0078125,0.587209302325581,0.593023255813954,0.566666666666667,5,"top5","hr_sd_precond;hr_med_precond;eda_med_precond;eeg_fm_specent_precond;hrv_rmssd_precond"
2025-12-19 16:51:44.320147,16,"stress_label",5,32,0.0078125,0.581395348837209,0.604651162790698,0.572093023255814,5,"top5","hr_sd_precond;hr_med_precond;eda_med_precond;eeg_fm_specent_precond;hrv_rmssd_precond"
2025-12-19 16:51:44.347063,16,"stress_label",5,64,0.0078125,0.540697674418605,0.552325581395349,0.524031007751938,5,"top5","hr_sd_precond;hr_med_precond;eda_med_precond;eeg_fm_specent_precond;hrv_rmssd_precond"
2025-12-19 16:51:44.321656,16,"stress_label",5,128,0.0078125,0.523255813953488,0.540697674418605,0.51937984496124,5,"top5","hr_sd_precond;hr_med_precond;eda_med_precond;eeg_fm_specent_precond;hrv_rmssd_precond"
2025-12-19 16:51:44.438349,16,"stress_label",5,256,0.0078125,0.511627906976744,0.465116279069767,0.503100775193798,5,"top5","hr_sd_precond;hr_med_precond;eda_med_precond;eeg_fm_specent_precond;hrv_rmssd_precond"
2025-12-19 16:51:44.323933,16,"stress_label",5,2,0.015625,0.587209302325581,0.593023255813954,0.575968992248062,5,"top5","hr_sd_precond;hr_med_precond;eda_med_precond;eeg_fm_specent_precond;hrv_rmssd_precond"
2025-12-19 16:51:44.315454,16,"stress_label",5,4,0.015625,0.581395348837209,0.604651162790698,0.564341085271318,5,"top5","hr_sd_precond;hr_med_precond;eda_med_precond;eeg_fm_specent_precond;hrv_rmssd_precond"
2025-12-19 16:51:44.319635,16,"stress_label",5,8,0.015625,0.593023255813954,0.604651162790698,0.57984496124031,5,"top5","hr_sd_precond;hr_med_precond;eda_med_precond;eeg_fm_specent_precond;hrv_rmssd_precond"
2025-12-19 16:51:44.334571,16,"stress_label",5,16,0.015625,0.546511627906977,0.523255813953488,0.531007751937985,5,"top5","hr_sd_precond;hr_med_precond;eda_med_precond;eeg_fm_specent_precond;hrv_rmssd_precond"
2025-12-19 16:51:44.36111,16,"stress_label",5,32,0.015625,0.523255813953488,0.505813953488372,0.524031007751938,5,"top5","hr_sd_precond;hr_med_precond;eda_med_precond;eeg_fm_specent_precond;hrv_rmssd_precond"
2025-12-19 16:51:44.357225,16,"stress_label",5,64,0.015625,0.505813953488372,0.447674418604651,0.50077519379845,5,"top5","hr_sd_precond;hr_med_precond;eda_med_precond;eeg_fm_specent_precond;hrv_rmssd_precond"
2025-12-19 16:51:45.44145,16,"stress_label",5,128,0.015625,0.5,0.494186046511628,0.496899224806202,5,"top5","hr_sd_precond;hr_med_precond;eda_med_precond;eeg_fm_specent_precond;hrv_rmssd_precond"
2025-12-19 16:51:45.579607,16,"stress_label",5,256,0.015625,0.488372093023256,0.337209302325581,0.494573643410853,5,"top5","hr_sd_precond;hr_med_precond;eda_med_precond;eeg_fm_specent_precond;hrv_rmssd_precond"
2025-12-19 16:51:45.370902,16,"stress_label",5,2,0.03125,0.598837209302326,0.598837209302326,0.587596899224806,5,"top5","hr_sd_precond;hr_med_precond;eda_med_precond;eeg_fm_specent_precond;hrv_rmssd_precond"
2025-12-19 16:51:45.366798,16,"stress_label",5,4,0.03125,0.563953488372093,0.581395348837209,0.550387596899225,5,"top5","hr_sd_precond;hr_med_precond;eda_med_precond;eeg_fm_specent_precond;hrv_rmssd_precond"
2025-12-19 16:51:45.346949,16,"stress_label",5,8,0.03125,0.529069767441861,0.563953488372093,0.526356589147287,5,"top5","hr_sd_precond;hr_med_precond;eda_med_precond;eeg_fm_specent_precond;hrv_rmssd_precond"
2025-12-19 16:51:45.373577,16,"stress_label",5,16,0.03125,0.517441860465116,0.453488372093023,0.506976744186047,5,"top5","hr_sd_precond;hr_med_precond;eda_med_precond;eeg_fm_specent_precond;hrv_rmssd_precond"
2025-12-19 16:51:45.421161,16,"stress_label",5,32,0.03125,0.511627906976744,0.36046511627907,0.510852713178295,5,"top5","hr_sd_precond;hr_med_precond;eda_med_precond;eeg_fm_specent_precond;hrv_rmssd_precond"
2025-12-19 16:51:45.480066,16,"stress_label",5,64,0.03125,0.476744186046512,0.430232558139535,0.484496124031008,5,"top5","hr_sd_precond;hr_med_precond;eda_med_precond;eeg_fm_specent_precond;hrv_rmssd_precond"
2025-12-19 16:51:45.583656,16,"stress_label",5,128,0.03125,0.459302325581395,0.418604651162791,0.464341085271318,5,"top5","hr_sd_precond;hr_med_precond;eda_med_precond;eeg_fm_specent_precond;hrv_rmssd_precond"
2025-12-19 16:51:45.745859,16,"stress_label",5,256,0.03125,0.412790697674419,0.424418604651163,0.414728682170543,5,"top5","hr_sd_precond;hr_med_precond;eda_med_precond;eeg_fm_specent_precond;hrv_rmssd_precond"
2025-12-19 16:51:45.407196,16,"stress_label",5,2,0.0625,0.546511627906977,0.575581395348837,0.537209302325581,5,"top5","hr_sd_precond;hr_med_precond;eda_med_precond;eeg_fm_specent_precond;hrv_rmssd_precond"
2025-12-19 16:51:45.39062,16,"stress_label",5,4,0.0625,0.505813953488372,0.517441860465116,0.493023255813954,5,"top5","hr_sd_precond;hr_med_precond;eda_med_precond;eeg_fm_specent_precond;hrv_rmssd_precond"
2025-12-19 16:51:45.428419,16,"stress_label",5,8,0.0625,0.511627906976744,0.430232558139535,0.507751937984496,5,"top5","hr_sd_precond;hr_med_precond;eda_med_precond;eeg_fm_specent_precond;hrv_rmssd_precond"
2025-12-19 16:51:45.542192,16,"stress_label",5,16,0.0625,0.482558139534884,0.38953488372093,0.487596899224806,5,"top5","hr_sd_precond;hr_med_precond;eda_med_precond;eeg_fm_specent_precond;hrv_rmssd_precond"
2025-12-19 16:51:46.47369,16,"stress_label",5,32,0.0625,0.430232558139535,0.441860465116279,0.429457364341085,5,"top5","hr_sd_precond;hr_med_precond;eda_med_precond;eeg_fm_specent_precond;hrv_rmssd_precond"
2025-12-19 16:51:46.572824,16,"stress_label",5,64,0.0625,0.418604651162791,0.459302325581395,NA,5,"top5","hr_sd_precond;hr_med_precond;eda_med_precond;eeg_fm_specent_precond;hrv_rmssd_precond"
2025-12-19 16:51:46.742544,16,"stress_label",5,128,0.0625,0.424418604651163,0.540697674418605,NA,5,"top5","hr_sd_precond;hr_med_precond;eda_med_precond;eeg_fm_specent_precond;hrv_rmssd_precond"
2025-12-19 16:51:47.098185,16,"stress_label",5,256,0.0625,0.406976744186047,0.5,NA,5,"top5","hr_sd_precond;hr_med_precond;eda_med_precond;eeg_fm_specent_precond;hrv_rmssd_precond"
2025-12-19 16:51:46.427216,16,"stress_label",5,2,0.125,0.494186046511628,0.424418604651163,0.477519379844961,5,"top5","hr_sd_precond;hr_med_precond;eda_med_precond;eeg_fm_specent_precond;hrv_rmssd_precond"
2025-12-19 16:51:46.438697,16,"stress_label",5,4,0.125,0.465116279069767,0.441860465116279,0.477519379844961,5,"top5","hr_sd_precond;hr_med_precond;eda_med_precond;eeg_fm_specent_precond;hrv_rmssd_precond"
2025-12-19 16:51:46.479649,16,"stress_label",5,8,0.125,0.430232558139535,0.424418604651163,0.44031007751938,5,"top5","hr_sd_precond;hr_med_precond;eda_med_precond;eeg_fm_specent_precond;hrv_rmssd_precond"
2025-12-19 16:51:46.554047,16,"stress_label",5,16,0.125,0.447674418604651,0.482558139534884,NA,5,"top5","hr_sd_precond;hr_med_precond;eda_med_precond;eeg_fm_specent_precond;hrv_rmssd_precond"
2025-12-19 16:51:46.63589,16,"stress_label",5,32,0.125,0.441860465116279,0.447674418604651,NA,5,"top5","hr_sd_precond;hr_med_precond;eda_med_precond;eeg_fm_specent_precond;hrv_rmssd_precond"
2025-12-19 16:51:46.817538,16,"stress_label",5,64,0.125,0.441860465116279,0.401162790697674,NA,5,"top5","hr_sd_precond;hr_med_precond;eda_med_precond;eeg_fm_specent_precond;hrv_rmssd_precond"
2025-12-19 16:51:47.206421,16,"stress_label",5,128,0.125,0.476744186046512,0.38953488372093,NA,5,"top5","hr_sd_precond;hr_med_precond;eda_med_precond;eeg_fm_specent_precond;hrv_rmssd_precond"
2025-12-19 16:51:47.708278,16,"stress_label",5,256,0.125,0.476744186046512,0.441860465116279,NA,5,"top5","hr_sd_precond;hr_med_precond;eda_med_precond;eeg_fm_specent_precond;hrv_rmssd_precond"
2025-12-19 16:51:46.635229,16,"stress_label",5,2,0.03,0.598837209302326,0.581395348837209,0.587596899224806,5,"top5","hr_sd_precond;hr_med_precond;eda_med_precond;eeg_fm_specent_precond;hrv_rmssd_precond"
2025-12-19 16:51:46.821683,16,"stress_label",5,4,0.03,0.563953488372093,0.569767441860465,0.550387596899225,5,"top5","hr_sd_precond;hr_med_precond;eda_med_precond;eeg_fm_specent_precond;hrv_rmssd_precond"
2025-12-19 16:51:47.4648,16,"stress_label",5,8,0.03,0.534883720930233,0.552325581395349,0.527906976744186,5,"top5","hr_sd_precond;hr_med_precond;eda_med_precond;eeg_fm_specent_precond;hrv_rmssd_precond"
2025-12-19 16:51:47.4965,16,"stress_label",5,16,0.03,0.517441860465116,0.558139534883721,0.506976744186047,5,"top5","hr_sd_precond;hr_med_precond;eda_med_precond;eeg_fm_specent_precond;hrv_rmssd_precond"
2025-12-19 16:51:47.563836,16,"stress_label",5,32,0.03,0.505813953488372,0.401162790697674,0.49922480620155,5,"top5","hr_sd_precond;hr_med_precond;eda_med_precond;eeg_fm_specent_precond;hrv_rmssd_precond"
2025-12-19 16:51:47.619332,16,"stress_label",5,64,0.03,0.488372093023256,0.366279069767442,0.496899224806202,5,"top5","hr_sd_precond;hr_med_precond;eda_med_precond;eeg_fm_specent_precond;hrv_rmssd_precond"
2025-12-19 16:51:47.785347,16,"stress_label",5,128,0.03,0.465116279069767,0.401162790697674,0.468992248062016,5,"top5","hr_sd_precond;hr_med_precond;eda_med_precond;eeg_fm_specent_precond;hrv_rmssd_precond"
2025-12-19 16:51:47.971506,16,"stress_label",5,256,0.03,0.424418604651163,0.447674418604651,0.430232558139535,5,"top5","hr_sd_precond;hr_med_precond;eda_med_precond;eeg_fm_specent_precond;hrv_rmssd_precond"
2025-12-19 16:51:47.674355,16,"stress_label",5,2,0.06,0.552325581395349,0.552325581395349,0.544186046511628,5,"top5","hr_sd_precond;hr_med_precond;eda_med_precond;eeg_fm_specent_precond;hrv_rmssd_precond"
2025-12-19 16:51:47.698761,16,"stress_label",5,4,0.06,0.505813953488372,0.529069767441861,0.493023255813954,5,"top5","hr_sd_precond;hr_med_precond;eda_med_precond;eeg_fm_specent_precond;hrv_rmssd_precond"
2025-12-19 16:51:47.780107,16,"stress_label",5,8,0.06,0.511627906976744,0.406976744186047,0.507751937984496,5,"top5","hr_sd_precond;hr_med_precond;eda_med_precond;eeg_fm_specent_precond;hrv_rmssd_precond"
2025-12-19 16:51:47.896097,16,"stress_label",5,16,0.06,0.488372093023256,0.441860465116279,0.49922480620155,5,"top5","hr_sd_precond;hr_med_precond;eda_med_precond;eeg_fm_specent_precond;hrv_rmssd_precond"
2025-12-19 16:51:47.954587,16,"stress_label",5,32,0.06,0.447674418604651,0.453488372093023,0.442635658914729,5,"top5","hr_sd_precond;hr_med_precond;eda_med_precond;eeg_fm_specent_precond;hrv_rmssd_precond"
2025-12-19 16:51:48.209963,16,"stress_label",5,64,0.06,0.412790697674419,0.488372093023256,0.432558139534884,5,"top5","hr_sd_precond;hr_med_precond;eda_med_precond;eeg_fm_specent_precond;hrv_rmssd_precond"
2025-12-19 16:51:48.512256,16,"stress_label",5,128,0.06,0.424418604651163,0.494186046511628,NA,5,"top5","hr_sd_precond;hr_med_precond;eda_med_precond;eeg_fm_specent_precond;hrv_rmssd_precond"
2025-12-19 16:51:48.936118,16,"stress_label",5,256,0.06,0.412790697674419,0.441860465116279,NA,5,"top5","hr_sd_precond;hr_med_precond;eda_med_precond;eeg_fm_specent_precond;hrv_rmssd_precond"
2025-12-19 16:51:48.464484,16,"stress_label",5,2,0.1,0.517441860465116,0.517441860465116,0.504651162790698,5,"top5","hr_sd_precond;hr_med_precond;eda_med_precond;eeg_fm_specent_precond;hrv_rmssd_precond"
2025-12-19 16:51:48.534854,16,"stress_label",5,4,0.1,0.5,0.441860465116279,0.493798449612403,5,"top5","hr_sd_precond;hr_med_precond;eda_med_precond;eeg_fm_specent_precond;hrv_rmssd_precond"
2025-12-19 16:51:48.56587,16,"stress_label",5,8,0.1,0.447674418604651,0.366279069767442,0.447286821705426,5,"top5","hr_sd_precond;hr_med_precond;eda_med_precond;eeg_fm_specent_precond;hrv_rmssd_precond"
2025-12-19 16:51:48.63664,16,"stress_label",5,16,0.1,0.430232558139535,0.430232558139535,0.448837209302326,5,"top5","hr_sd_precond;hr_med_precond;eda_med_precond;eeg_fm_specent_precond;hrv_rmssd_precond"
2025-12-19 16:51:48.712589,16,"stress_label",5,32,0.1,0.441860465116279,0.395348837209302,NA,5,"top5","hr_sd_precond;hr_med_precond;eda_med_precond;eeg_fm_specent_precond;hrv_rmssd_precond"
2025-12-19 16:51:48.791161,16,"stress_label",5,64,0.1,0.418604651162791,0.430232558139535,NA,5,"top5","hr_sd_precond;hr_med_precond;eda_med_precond;eeg_fm_specent_precond;hrv_rmssd_precond"
2025-12-19 16:51:48.982934,16,"stress_label",5,128,0.1,0.447674418604651,0.488372093023256,NA,5,"top5","hr_sd_precond;hr_med_precond;eda_med_precond;eeg_fm_specent_precond;hrv_rmssd_precond"
2025-12-19 16:51:49.280317,16,"stress_label",5,256,0.1,0.488372093023256,0.406976744186047,NA,5,"top5","hr_sd_precond;hr_med_precond;eda_med_precond;eeg_fm_specent_precond;hrv_rmssd_precond"
2025-12-19 16:51:50.574262,17,"stress_label",5,2,0.0078125,0.575581395348837,0.593023255813954,0.569767441860465,5,"top5","hr_sd_precond;hr_med_precond;eda_med_precond;eeg_fm_lbeta_power_precond;hrv_rmssd_precond"
2025-12-19 16:51:50.58359,17,"stress_label",5,4,0.0078125,0.569767441860465,0.581395348837209,0.573643410852713,5,"top5","hr_sd_precond;hr_med_precond;eda_med_precond;eeg_fm_lbeta_power_precond;hrv_rmssd_precond"
2025-12-19 16:51:50.567506,17,"stress_label",5,8,0.0078125,0.546511627906977,0.563953488372093,0.54031007751938,5,"top5","hr_sd_precond;hr_med_precond;eda_med_precond;eeg_fm_lbeta_power_precond;hrv_rmssd_precond"
2025-12-19 16:51:50.582338,17,"stress_label",5,16,0.0078125,0.581395348837209,0.581395348837209,0.576744186046512,5,"top5","hr_sd_precond;hr_med_precond;eda_med_precond;eeg_fm_lbeta_power_precond;hrv_rmssd_precond"
2025-12-19 16:51:50.547337,17,"stress_label",5,32,0.0078125,0.569767441860465,0.598837209302326,0.576744186046512,5,"top5","hr_sd_precond;hr_med_precond;eda_med_precond;eeg_fm_lbeta_power_precond;hrv_rmssd_precond"
2025-12-19 16:51:50.572017,17,"stress_label",5,64,0.0078125,0.534883720930233,0.575581395348837,0.544961240310078,5,"top5","hr_sd_precond;hr_med_precond;eda_med_precond;eeg_fm_lbeta_power_precond;hrv_rmssd_precond"
2025-12-19 16:51:50.595713,17,"stress_label",5,128,0.0078125,0.505813953488372,0.563953488372093,0.518604651162791,5,"top5","hr_sd_precond;hr_med_precond;eda_med_precond;eeg_fm_lbeta_power_precond;hrv_rmssd_precond"
2025-12-19 16:51:50.658736,17,"stress_label",5,256,0.0078125,0.523255813953488,0.540697674418605,0.532558139534884,5,"top5","hr_sd_precond;hr_med_precond;eda_med_precond;eeg_fm_lbeta_power_precond;hrv_rmssd_precond"
2025-12-19 16:51:50.543287,17,"stress_label",5,2,0.015625,0.563953488372093,0.593023255813954,0.568992248062016,5,"top5","hr_sd_precond;hr_med_precond;eda_med_precond;eeg_fm_lbeta_power_precond;hrv_rmssd_precond"
2025-12-19 16:51:50.551028,17,"stress_label",5,4,0.015625,0.558139534883721,0.558139534883721,0.558914728682171,5,"top5","hr_sd_precond;hr_med_precond;eda_med_precond;eeg_fm_lbeta_power_precond;hrv_rmssd_precond"
2025-12-19 16:51:50.561187,17,"stress_label",5,8,0.015625,0.575581395348837,0.587209302325581,0.584496124031008,5,"top5","hr_sd_precond;hr_med_precond;eda_med_precond;eeg_fm_lbeta_power_precond;hrv_rmssd_precond"
2025-12-19 16:51:50.561689,17,"stress_label",5,16,0.015625,0.534883720930233,0.569767441860465,0.544961240310078,5,"top5","hr_sd_precond;hr_med_precond;eda_med_precond;eeg_fm_lbeta_power_precond;hrv_rmssd_precond"
2025-12-19 16:51:50.579141,17,"stress_label",5,32,0.015625,0.511627906976744,0.569767441860465,0.525581395348837,5,"top5","hr_sd_precond;hr_med_precond;eda_med_precond;eeg_fm_lbeta_power_precond;hrv_rmssd_precond"
2025-12-19 16:51:50.572616,17,"stress_label",5,64,0.015625,0.534883720930233,0.517441860465116,0.546511627906977,5,"top5","hr_sd_precond;hr_med_precond;eda_med_precond;eeg_fm_lbeta_power_precond;hrv_rmssd_precond"
2025-12-19 16:51:51.674661,17,"stress_label",5,128,0.015625,0.523255813953488,0.453488372093023,0.534883720930233,5,"top5","hr_sd_precond;hr_med_precond;eda_med_precond;eeg_fm_lbeta_power_precond;hrv_rmssd_precond"
2025-12-19 16:51:51.802019,17,"stress_label",5,256,0.015625,0.534883720930233,0.476744186046512,0.548837209302326,5,"top5","hr_sd_precond;hr_med_precond;eda_med_precond;eeg_fm_lbeta_power_precond;hrv_rmssd_precond"
2025-12-19 16:51:51.568163,17,"stress_label",5,2,0.03125,0.558139534883721,0.563953488372093,0.567441860465116,5,"top5","hr_sd_precond;hr_med_precond;eda_med_precond;eeg_fm_lbeta_power_precond;hrv_rmssd_precond"
2025-12-19 16:51:51.594354,17,"stress_label",5,4,0.03125,0.552325581395349,0.587209302325581,0.569767441860465,5,"top5","hr_sd_precond;hr_med_precond;eda_med_precond;eeg_fm_lbeta_power_precond;hrv_rmssd_precond"
2025-12-19 16:51:51.603378,17,"stress_label",5,8,0.03125,0.540697674418605,0.587209302325581,0.555038759689922,5,"top5","hr_sd_precond;hr_med_precond;eda_med_precond;eeg_fm_lbeta_power_precond;hrv_rmssd_precond"
2025-12-19 16:51:51.611442,17,"stress_label",5,16,0.03125,0.529069767441861,0.546511627906977,0.53953488372093,5,"top5","hr_sd_precond;hr_med_precond;eda_med_precond;eeg_fm_lbeta_power_precond;hrv_rmssd_precond"
2025-12-19 16:51:51.657237,17,"stress_label",5,32,0.03125,0.529069767441861,0.488372093023256,0.537209302325581,5,"top5","hr_sd_precond;hr_med_precond;eda_med_precond;eeg_fm_lbeta_power_precond;hrv_rmssd_precond"
2025-12-19 16:51:51.714907,17,"stress_label",5,64,0.03125,0.529069767441861,0.476744186046512,0.529457364341085,5,"top5","hr_sd_precond;hr_med_precond;eda_med_precond;eeg_fm_lbeta_power_precond;hrv_rmssd_precond"
2025-12-19 16:51:51.788603,17,"stress_label",5,128,0.03125,0.546511627906977,0.552325581395349,NA,5,"top5","hr_sd_precond;hr_med_precond;eda_med_precond;eeg_fm_lbeta_power_precond;hrv_rmssd_precond"
2025-12-19 16:51:51.976205,17,"stress_label",5,256,0.03125,0.546511627906977,0.441860465116279,0.527131782945736,5,"top5","hr_sd_precond;hr_med_precond;eda_med_precond;eeg_fm_lbeta_power_precond;hrv_rmssd_precond"
2025-12-19 16:51:51.626479,17,"stress_label",5,2,0.0625,0.534883720930233,0.604651162790698,0.56046511627907,5,"top5","hr_sd_precond;hr_med_precond;eda_med_precond;eeg_fm_lbeta_power_precond;hrv_rmssd_precond"
2025-12-19 16:51:51.656308,17,"stress_label",5,4,0.0625,0.546511627906977,0.569767441860465,0.558139534883721,5,"top5","hr_sd_precond;hr_med_precond;eda_med_precond;eeg_fm_lbeta_power_precond;hrv_rmssd_precond"
2025-12-19 16:51:51.652106,17,"stress_label",5,8,0.0625,0.534883720930233,0.540697674418605,0.541860465116279,5,"top5","hr_sd_precond;hr_med_precond;eda_med_precond;eeg_fm_lbeta_power_precond;hrv_rmssd_precond"
2025-12-19 16:51:51.751765,17,"stress_label",5,16,0.0625,0.534883720930233,0.529069767441861,NA,5,"top5","hr_sd_precond;hr_med_precond;eda_med_precond;eeg_fm_lbeta_power_precond;hrv_rmssd_precond"
2025-12-19 16:51:52.715797,17,"stress_label",5,32,0.0625,0.540697674418605,0.5,NA,5,"top5","hr_sd_precond;hr_med_precond;eda_med_precond;eeg_fm_lbeta_power_precond;hrv_rmssd_precond"
2025-12-19 16:51:52.797795,17,"stress_label",5,64,0.0625,0.563953488372093,0.523255813953488,NA,5,"top5","hr_sd_precond;hr_med_precond;eda_med_precond;eeg_fm_lbeta_power_precond;hrv_rmssd_precond"
2025-12-19 16:51:53.010273,17,"stress_label",5,128,0.0625,0.558139534883721,0.395348837209302,NA,5,"top5","hr_sd_precond;hr_med_precond;eda_med_precond;eeg_fm_lbeta_power_precond;hrv_rmssd_precond"
2025-12-19 16:51:53.260855,17,"stress_label",5,256,0.0625,0.529069767441861,0.406976744186047,0.511627906976744,5,"top5","hr_sd_precond;hr_med_precond;eda_med_precond;eeg_fm_lbeta_power_precond;hrv_rmssd_precond"
2025-12-19 16:51:52.646249,17,"stress_label",5,2,0.125,0.534883720930233,0.563953488372093,0.548062015503876,5,"top5","hr_sd_precond;hr_med_precond;eda_med_precond;eeg_fm_lbeta_power_precond;hrv_rmssd_precond"
2025-12-19 16:51:52.728607,17,"stress_label",5,4,0.125,0.552325581395349,0.523255813953488,NA,5,"top5","hr_sd_precond;hr_med_precond;eda_med_precond;eeg_fm_lbeta_power_precond;hrv_rmssd_precond"
2025-12-19 16:51:52.723293,17,"stress_label",5,8,0.125,0.569767441860465,0.488372093023256,NA,5,"top5","hr_sd_precond;hr_med_precond;eda_med_precond;eeg_fm_lbeta_power_precond;hrv_rmssd_precond"
2025-12-19 16:51:52.801631,17,"stress_label",5,16,0.125,0.569767441860465,0.505813953488372,NA,5,"top5","hr_sd_precond;hr_med_precond;eda_med_precond;eeg_fm_lbeta_power_precond;hrv_rmssd_precond"
2025-12-19 16:51:52.882583,17,"stress_label",5,32,0.125,0.546511627906977,0.377906976744186,NA,5,"top5","hr_sd_precond;hr_med_precond;eda_med_precond;eeg_fm_lbeta_power_precond;hrv_rmssd_precond"
2025-12-19 16:51:53.058916,17,"stress_label",5,64,0.125,0.523255813953488,0.38953488372093,NA,5,"top5","hr_sd_precond;hr_med_precond;eda_med_precond;eeg_fm_lbeta_power_precond;hrv_rmssd_precond"
2025-12-19 16:51:53.283057,17,"stress_label",5,128,0.125,0.494186046511628,0.453488372093023,NA,5,"top5","hr_sd_precond;hr_med_precond;eda_med_precond;eeg_fm_lbeta_power_precond;hrv_rmssd_precond"
2025-12-19 16:51:53.847479,17,"stress_label",5,256,0.125,0.47093023255814,0.47093023255814,NA,5,"top5","hr_sd_precond;hr_med_precond;eda_med_precond;eeg_fm_lbeta_power_precond;hrv_rmssd_precond"
2025-12-19 16:51:52.828324,17,"stress_label",5,2,0.03,0.569767441860465,0.563953488372093,0.572093023255814,5,"top5","hr_sd_precond;hr_med_precond;eda_med_precond;eeg_fm_lbeta_power_precond;hrv_rmssd_precond"
2025-12-19 16:51:52.982352,17,"stress_label",5,4,0.03,0.552325581395349,0.587209302325581,0.569767441860465,5,"top5","hr_sd_precond;hr_med_precond;eda_med_precond;eeg_fm_lbeta_power_precond;hrv_rmssd_precond"
2025-12-19 16:51:53.684441,17,"stress_label",5,8,0.03,0.534883720930233,0.581395348837209,0.552713178294574,5,"top5","hr_sd_precond;hr_med_precond;eda_med_precond;eeg_fm_lbeta_power_precond;hrv_rmssd_precond"
2025-12-19 16:51:53.731238,17,"stress_label",5,16,0.03,0.529069767441861,0.563953488372093,0.53953488372093,5,"top5","hr_sd_precond;hr_med_precond;eda_med_precond;eeg_fm_lbeta_power_precond;hrv_rmssd_precond"
2025-12-19 16:51:53.763699,17,"stress_label",5,32,0.03,0.523255813953488,0.511627906976744,0.527906976744186,5,"top5","hr_sd_precond;hr_med_precond;eda_med_precond;eeg_fm_lbeta_power_precond;hrv_rmssd_precond"
2025-12-19 16:51:53.838151,17,"stress_label",5,64,0.03,0.517441860465116,0.511627906976744,0.518604651162791,5,"top5","hr_sd_precond;hr_med_precond;eda_med_precond;eeg_fm_lbeta_power_precond;hrv_rmssd_precond"
2025-12-19 16:51:54.027074,17,"stress_label",5,128,0.03,0.540697674418605,0.465116279069767,NA,5,"top5","hr_sd_precond;hr_med_precond;eda_med_precond;eeg_fm_lbeta_power_precond;hrv_rmssd_precond"
2025-12-19 16:51:54.175305,17,"stress_label",5,256,0.03,0.540697674418605,0.424418604651163,0.531007751937985,5,"top5","hr_sd_precond;hr_med_precond;eda_med_precond;eeg_fm_lbeta_power_precond;hrv_rmssd_precond"
2025-12-19 16:51:53.85477,17,"stress_label",5,2,0.06,0.540697674418605,0.604651162790698,0.562790697674419,5,"top5","hr_sd_precond;hr_med_precond;eda_med_precond;eeg_fm_lbeta_power_precond;hrv_rmssd_precond"
2025-12-19 16:51:53.933086,17,"stress_label",5,4,0.06,0.552325581395349,0.581395348837209,0.565116279069767,5,"top5","hr_sd_precond;hr_med_precond;eda_med_precond;eeg_fm_lbeta_power_precond;hrv_rmssd_precond"
2025-12-19 16:51:54.025828,17,"stress_label",5,8,0.06,0.529069767441861,0.534883720930233,0.534883720930233,5,"top5","hr_sd_precond;hr_med_precond;eda_med_precond;eeg_fm_lbeta_power_precond;hrv_rmssd_precond"
2025-12-19 16:51:54.138934,17,"stress_label",5,16,0.06,0.534883720930233,0.517441860465116,NA,5,"top5","hr_sd_precond;hr_med_precond;eda_med_precond;eeg_fm_lbeta_power_precond;hrv_rmssd_precond"
2025-12-19 16:51:54.15846,17,"stress_label",5,32,0.06,0.546511627906977,0.494186046511628,NA,5,"top5","hr_sd_precond;hr_med_precond;eda_med_precond;eeg_fm_lbeta_power_precond;hrv_rmssd_precond"
2025-12-19 16:51:54.425636,17,"stress_label",5,64,0.06,0.563953488372093,0.459302325581395,NA,5,"top5","hr_sd_precond;hr_med_precond;eda_med_precond;eeg_fm_lbeta_power_precond;hrv_rmssd_precond"
2025-12-19 16:51:54.576165,17,"stress_label",5,128,0.06,0.552325581395349,0.401162790697674,NA,5,"top5","hr_sd_precond;hr_med_precond;eda_med_precond;eeg_fm_lbeta_power_precond;hrv_rmssd_precond"
2025-12-19 16:51:55.058936,17,"stress_label",5,256,0.06,0.534883720930233,0.36046511627907,0.512403100775194,5,"top5","hr_sd_precond;hr_med_precond;eda_med_precond;eeg_fm_lbeta_power_precond;hrv_rmssd_precond"
2025-12-19 16:51:54.687092,17,"stress_label",5,2,0.1,0.546511627906977,0.575581395348837,0.563565891472868,5,"top5","hr_sd_precond;hr_med_precond;eda_med_precond;eeg_fm_lbeta_power_precond;hrv_rmssd_precond"
2025-12-19 16:51:54.732695,17,"stress_label",5,4,0.1,0.523255813953488,0.546511627906977,0.532558139534884,5,"top5","hr_sd_precond;hr_med_precond;eda_med_precond;eeg_fm_lbeta_power_precond;hrv_rmssd_precond"
2025-12-19 16:51:54.796852,17,"stress_label",5,8,0.1,0.546511627906977,0.552325581395349,NA,5,"top5","hr_sd_precond;hr_med_precond;eda_med_precond;eeg_fm_lbeta_power_precond;hrv_rmssd_precond"
2025-12-19 16:51:54.844451,17,"stress_label",5,16,0.1,0.563953488372093,0.447674418604651,NA,5,"top5","hr_sd_precond;hr_med_precond;eda_med_precond;eeg_fm_lbeta_power_precond;hrv_rmssd_precond"
2025-12-19 16:51:54.900555,17,"stress_label",5,32,0.1,0.558139534883721,0.436046511627907,NA,5,"top5","hr_sd_precond;hr_med_precond;eda_med_precond;eeg_fm_lbeta_power_precond;hrv_rmssd_precond"
2025-12-19 16:51:55.001961,17,"stress_label",5,64,0.1,0.534883720930233,0.406976744186047,0.506976744186047,5,"top5","hr_sd_precond;hr_med_precond;eda_med_precond;eeg_fm_lbeta_power_precond;hrv_rmssd_precond"
2025-12-19 16:51:55.223123,17,"stress_label",5,128,0.1,0.517441860465116,0.453488372093023,NA,5,"top5","hr_sd_precond;hr_med_precond;eda_med_precond;eeg_fm_lbeta_power_precond;hrv_rmssd_precond"
2025-12-19 16:51:55.428588,17,"stress_label",5,256,0.1,0.505813953488372,0.383720930232558,NA,5,"top5","hr_sd_precond;hr_med_precond;eda_med_precond;eeg_fm_lbeta_power_precond;hrv_rmssd_precond"
2025-12-19 16:51:56.687135,18,"stress_label",5,2,0.0078125,0.604651162790698,0.581395348837209,0.595348837209302,5,"top5","hr_sd_precond;eda_med_precond;hr_med_precond;eeg_fm_lbeta_power_precond;eeg_fm_specent_precond"
2025-12-19 16:51:56.672722,18,"stress_label",5,4,0.0078125,0.616279069767442,0.622093023255814,0.617829457364341,5,"top5","hr_sd_precond;eda_med_precond;hr_med_precond;eeg_fm_lbeta_power_precond;eeg_fm_specent_precond"
2025-12-19 16:51:56.683987,18,"stress_label",5,8,0.0078125,0.622093023255814,0.598837209302326,0.628682170542636,5,"top5","hr_sd_precond;eda_med_precond;hr_med_precond;eeg_fm_lbeta_power_precond;eeg_fm_specent_precond"
2025-12-19 16:51:56.661039,18,"stress_label",5,16,0.0078125,0.61046511627907,0.616279069767442,0.615503875968992,5,"top5","hr_sd_precond;eda_med_precond;hr_med_precond;eeg_fm_lbeta_power_precond;eeg_fm_specent_precond"
2025-12-19 16:51:56.637896,18,"stress_label",5,32,0.0078125,0.622093023255814,0.598837209302326,0.631782945736434,5,"top5","hr_sd_precond;eda_med_precond;hr_med_precond;eeg_fm_lbeta_power_precond;eeg_fm_specent_precond"
2025-12-19 16:51:56.722606,18,"stress_label",5,64,0.0078125,0.604651162790698,0.581395348837209,NA,5,"top5","hr_sd_precond;eda_med_precond;hr_med_precond;eeg_fm_lbeta_power_precond;eeg_fm_specent_precond"
2025-12-19 16:51:56.718192,18,"stress_label",5,128,0.0078125,0.575581395348837,0.552325581395349,0.589147286821705,5,"top5","hr_sd_precond;eda_med_precond;hr_med_precond;eeg_fm_lbeta_power_precond;eeg_fm_specent_precond"
2025-12-19 16:51:56.798967,18,"stress_label",5,256,0.0078125,0.558139534883721,0.517441860465116,0.575193798449612,5,"top5","hr_sd_precond;eda_med_precond;hr_med_precond;eeg_fm_lbeta_power_precond;eeg_fm_specent_precond"
2025-12-19 16:51:56.695276,18,"stress_label",5,2,0.015625,0.604651162790698,0.622093023255814,0.602325581395349,5,"top5","hr_sd_precond;eda_med_precond;hr_med_precond;eeg_fm_lbeta_power_precond;eeg_fm_specent_precond"
2025-12-19 16:51:56.66457,18,"stress_label",5,4,0.015625,0.616279069767442,0.61046511627907,0.628682170542636,5,"top5","hr_sd_precond;eda_med_precond;hr_med_precond;eeg_fm_lbeta_power_precond;eeg_fm_specent_precond"
2025-12-19 16:51:56.691228,18,"stress_label",5,8,0.015625,0.61046511627907,0.598837209302326,0.627906976744186,5,"top5","hr_sd_precond;eda_med_precond;hr_med_precond;eeg_fm_lbeta_power_precond;eeg_fm_specent_precond"
2025-12-19 16:51:56.711058,18,"stress_label",5,16,0.015625,0.598837209302326,0.581395348837209,NA,5,"top5","hr_sd_precond;eda_med_precond;hr_med_precond;eeg_fm_lbeta_power_precond;eeg_fm_specent_precond"
2025-12-19 16:51:56.738734,18,"stress_label",5,32,0.015625,0.593023255813954,0.569767441860465,NA,5,"top5","hr_sd_precond;eda_med_precond;hr_med_precond;eeg_fm_lbeta_power_precond;eeg_fm_specent_precond"
2025-12-19 16:51:56.724006,18,"stress_label",5,64,0.015625,0.558139534883721,0.540697674418605,0.575193798449612,5,"top5","hr_sd_precond;eda_med_precond;hr_med_precond;eeg_fm_lbeta_power_precond;eeg_fm_specent_precond"
2025-12-19 16:51:57.795818,18,"stress_label",5,128,0.015625,0.552325581395349,0.552325581395349,0.565891472868217,5,"top5","hr_sd_precond;eda_med_precond;hr_med_precond;eeg_fm_lbeta_power_precond;eeg_fm_specent_precond"
2025-12-19 16:51:57.884556,18,"stress_label",5,256,0.015625,0.546511627906977,0.476744186046512,0.552713178294574,5,"top5","hr_sd_precond;eda_med_precond;hr_med_precond;eeg_fm_lbeta_power_precond;eeg_fm_specent_precond"
2025-12-19 16:51:57.715187,18,"stress_label",5,2,0.03125,0.604651162790698,0.61046511627907,0.609302325581395,5,"top5","hr_sd_precond;eda_med_precond;hr_med_precond;eeg_fm_lbeta_power_precond;eeg_fm_specent_precond"
2025-12-19 16:51:57.731457,18,"stress_label",5,4,0.03125,0.61046511627907,0.581395348837209,0.625581395348837,5,"top5","hr_sd_precond;eda_med_precond;hr_med_precond;eeg_fm_lbeta_power_precond;eeg_fm_specent_precond"
2025-12-19 16:51:57.780879,18,"stress_label",5,8,0.03125,0.61046511627907,0.569767441860465,NA,5,"top5","hr_sd_precond;eda_med_precond;hr_med_precond;eeg_fm_lbeta_power_precond;eeg_fm_specent_precond"
2025-12-19 16:51:57.743934,18,"stress_label",5,16,0.03125,0.558139534883721,0.558139534883721,0.575193798449612,5,"top5","hr_sd_precond;eda_med_precond;hr_med_precond;eeg_fm_lbeta_power_precond;eeg_fm_specent_precond"
2025-12-19 16:51:57.773487,18,"stress_label",5,32,0.03125,0.546511627906977,0.558139534883721,0.554263565891473,5,"top5","hr_sd_precond;eda_med_precond;hr_med_precond;eeg_fm_lbeta_power_precond;eeg_fm_specent_precond"
2025-12-19 16:51:57.864142,18,"stress_label",5,64,0.03125,0.534883720930233,0.494186046511628,0.541085271317829,5,"top5","hr_sd_precond;eda_med_precond;hr_med_precond;eeg_fm_lbeta_power_precond;eeg_fm_specent_precond"
2025-12-19 16:51:57.926918,18,"stress_label",5,128,0.03125,0.534883720930233,0.459302325581395,NA,5,"top5","hr_sd_precond;eda_med_precond;hr_med_precond;eeg_fm_lbeta_power_precond;eeg_fm_specent_precond"
2025-12-19 16:51:58.117811,18,"stress_label",5,256,0.03125,0.517441860465116,0.517441860465116,NA,5,"top5","hr_sd_precond;eda_med_precond;hr_med_precond;eeg_fm_lbeta_power_precond;eeg_fm_specent_precond"
2025-12-19 16:51:57.765773,18,"stress_label",5,2,0.0625,0.61046511627907,0.575581395348837,0.627131782945736,5,"top5","hr_sd_precond;eda_med_precond;hr_med_precond;eeg_fm_lbeta_power_precond;eeg_fm_specent_precond"
2025-12-19 16:51:57.764971,18,"stress_label",5,4,0.0625,0.563953488372093,0.575581395348837,0.573643410852713,5,"top5","hr_sd_precond;eda_med_precond;hr_med_precond;eeg_fm_lbeta_power_precond;eeg_fm_specent_precond"
2025-12-19 16:51:57.787973,18,"stress_label",5,8,0.0625,0.546511627906977,0.540697674418605,0.566666666666667,5,"top5","hr_sd_precond;eda_med_precond;hr_med_precond;eeg_fm_lbeta_power_precond;eeg_fm_specent_precond"
2025-12-19 16:51:57.854582,18,"stress_label",5,16,0.0625,0.552325581395349,0.453488372093023,0.566666666666667,5,"top5","hr_sd_precond;eda_med_precond;hr_med_precond;eeg_fm_lbeta_power_precond;eeg_fm_specent_precond"
2025-12-19 16:51:58.833381,18,"stress_label",5,32,0.0625,0.511627906976744,0.412790697674419,NA,5,"top5","hr_sd_precond;eda_med_precond;hr_med_precond;eeg_fm_lbeta_power_precond;eeg_fm_specent_precond"
2025-12-19 16:51:58.898441,18,"stress_label",5,64,0.0625,0.5,0.436046511627907,0.486821705426357,5,"top5","hr_sd_precond;eda_med_precond;hr_med_precond;eeg_fm_lbeta_power_precond;eeg_fm_specent_precond"
2025-12-19 16:51:59.064163,18,"stress_label",5,128,0.0625,0.511627906976744,0.36046511627907,0.502325581395349,5,"top5","hr_sd_precond;eda_med_precond;hr_med_precond;eeg_fm_lbeta_power_precond;eeg_fm_specent_precond"
2025-12-19 16:51:59.44046,18,"stress_label",5,256,0.0625,0.482558139534884,0.377906976744186,NA,5,"top5","hr_sd_precond;eda_med_precond;hr_med_precond;eeg_fm_lbeta_power_precond;eeg_fm_specent_precond"
2025-12-19 16:51:58.779738,18,"stress_label",5,2,0.125,0.575581395348837,0.540697674418605,0.596899224806202,5,"top5","hr_sd_precond;eda_med_precond;hr_med_precond;eeg_fm_lbeta_power_precond;eeg_fm_specent_precond"
2025-12-19 16:51:58.802108,18,"stress_label",5,4,0.125,0.540697674418605,0.534883720930233,0.555038759689922,5,"top5","hr_sd_precond;eda_med_precond;hr_med_precond;eeg_fm_lbeta_power_precond;eeg_fm_specent_precond"
2025-12-19 16:51:58.844561,18,"stress_label",5,8,0.125,0.5,0.494186046511628,0.493023255813954,5,"top5","hr_sd_precond;eda_med_precond;hr_med_precond;eeg_fm_lbeta_power_precond;eeg_fm_specent_precond"
2025-12-19 16:51:58.862892,18,"stress_label",5,16,0.125,0.511627906976744,0.354651162790698,0.513178294573643,5,"top5","hr_sd_precond;eda_med_precond;hr_med_precond;eeg_fm_lbeta_power_precond;eeg_fm_specent_precond"
2025-12-19 16:51:58.95413,18,"stress_label",5,32,0.125,0.5,0.354651162790698,0.487596899224806,5,"top5","hr_sd_precond;eda_med_precond;hr_med_precond;eeg_fm_lbeta_power_precond;eeg_fm_specent_precond"
2025-12-19 16:51:59.171724,18,"stress_label",5,64,0.125,0.517441860465116,0.418604651162791,0.506201550387597,5,"top5","hr_sd_precond;eda_med_precond;hr_med_precond;eeg_fm_lbeta_power_precond;eeg_fm_specent_precond"
2025-12-19 16:51:59.482478,18,"stress_label",5,128,0.125,0.540697674418605,0.453488372093023,0.513178294573643,5,"top5","hr_sd_precond;eda_med_precond;hr_med_precond;eeg_fm_lbeta_power_precond;eeg_fm_specent_precond"
2025-12-19 16:51:59.947906,18,"stress_label",5,256,0.125,0.552325581395349,0.441860465116279,0.514728682170543,5,"top5","hr_sd_precond;eda_med_precond;hr_med_precond;eeg_fm_lbeta_power_precond;eeg_fm_specent_precond"
2025-12-19 16:51:58.959074,18,"stress_label",5,2,0.03,0.604651162790698,0.61046511627907,0.609302325581395,5,"top5","hr_sd_precond;eda_med_precond;hr_med_precond;eeg_fm_lbeta_power_precond;eeg_fm_specent_precond"
2025-12-19 16:51:59.097553,18,"stress_label",5,4,0.03,0.61046511627907,0.587209302325581,0.625581395348837,5,"top5","hr_sd_precond;eda_med_precond;hr_med_precond;eeg_fm_lbeta_power_precond;eeg_fm_specent_precond"
2025-12-19 16:51:59.830692,18,"stress_label",5,8,0.03,0.61046511627907,0.546511627906977,NA,5,"top5","hr_sd_precond;eda_med_precond;hr_med_precond;eeg_fm_lbeta_power_precond;eeg_fm_specent_precond"
2025-12-19 16:51:59.843591,18,"stress_label",5,16,0.03,0.558139534883721,0.534883720930233,0.575193798449612,5,"top5","hr_sd_precond;eda_med_precond;hr_med_precond;eeg_fm_lbeta_power_precond;eeg_fm_specent_precond"
2025-12-19 16:51:59.879567,18,"stress_label",5,32,0.03,0.540697674418605,0.563953488372093,0.549612403100775,5,"top5","hr_sd_precond;eda_med_precond;hr_med_precond;eeg_fm_lbeta_power_precond;eeg_fm_specent_precond"
2025-12-19 16:51:59.968499,18,"stress_label",5,64,0.03,0.529069767441861,0.482558139534884,0.534108527131783,5,"top5","hr_sd_precond;eda_med_precond;hr_med_precond;eeg_fm_lbeta_power_precond;eeg_fm_specent_precond"
2025-12-19 16:52:00.072804,18,"stress_label",5,128,0.03,0.534883720930233,0.488372093023256,0.513953488372093,5,"top5","hr_sd_precond;eda_med_precond;hr_med_precond;eeg_fm_lbeta_power_precond;eeg_fm_specent_precond"
2025-12-19 16:52:00.27608,18,"stress_label",5,256,0.03,0.523255813953488,0.447674418604651,NA,5,"top5","hr_sd_precond;eda_med_precond;hr_med_precond;eeg_fm_lbeta_power_precond;eeg_fm_specent_precond"
2025-12-19 16:51:59.987849,18,"stress_label",5,2,0.06,0.61046511627907,0.575581395348837,0.627131782945736,5,"top5","hr_sd_precond;eda_med_precond;hr_med_precond;eeg_fm_lbeta_power_precond;eeg_fm_specent_precond"
2025-12-19 16:52:00.019831,18,"stress_label",5,4,0.06,0.569767441860465,0.563953488372093,0.585271317829457,5,"top5","hr_sd_precond;eda_med_precond;hr_med_precond;eeg_fm_lbeta_power_precond;eeg_fm_specent_precond"
2025-12-19 16:52:00.09773,18,"stress_label",5,8,0.06,0.534883720930233,0.494186046511628,0.554263565891473,5,"top5","hr_sd_precond;eda_med_precond;hr_med_precond;eeg_fm_lbeta_power_precond;eeg_fm_specent_precond"
2025-12-19 16:52:00.164262,18,"stress_label",5,16,0.06,0.546511627906977,0.5,0.564341085271318,5,"top5","hr_sd_precond;eda_med_precond;hr_med_precond;eeg_fm_lbeta_power_precond;eeg_fm_specent_precond"
2025-12-19 16:52:00.291631,18,"stress_label",5,32,0.06,0.511627906976744,0.401162790697674,0.496124031007752,5,"top5","hr_sd_precond;eda_med_precond;hr_med_precond;eeg_fm_lbeta_power_precond;eeg_fm_specent_precond"
2025-12-19 16:52:00.597011,18,"stress_label",5,64,0.06,0.5,0.38953488372093,0.486821705426357,5,"top5","hr_sd_precond;eda_med_precond;hr_med_precond;eeg_fm_lbeta_power_precond;eeg_fm_specent_precond"
2025-12-19 16:52:00.768851,18,"stress_label",5,128,0.06,0.517441860465116,0.47093023255814,0.513953488372093,5,"top5","hr_sd_precond;eda_med_precond;hr_med_precond;eeg_fm_lbeta_power_precond;eeg_fm_specent_precond"
2025-12-19 16:52:01.243917,18,"stress_label",5,256,0.06,0.505813953488372,0.401162790697674,0.490697674418605,5,"top5","hr_sd_precond;eda_med_precond;hr_med_precond;eeg_fm_lbeta_power_precond;eeg_fm_specent_precond"
2025-12-19 16:52:00.806654,18,"stress_label",5,2,0.1,0.575581395348837,0.558139534883721,0.596899224806202,5,"top5","hr_sd_precond;eda_med_precond;hr_med_precond;eeg_fm_lbeta_power_precond;eeg_fm_specent_precond"
2025-12-19 16:52:00.83613,18,"stress_label",5,4,0.1,0.563953488372093,0.447674418604651,0.582945736434109,5,"top5","hr_sd_precond;eda_med_precond;hr_med_precond;eeg_fm_lbeta_power_precond;eeg_fm_specent_precond"
2025-12-19 16:52:00.871875,18,"stress_label",5,8,0.1,0.523255813953488,0.494186046511628,0.537984496124031,5,"top5","hr_sd_precond;eda_med_precond;hr_med_precond;eeg_fm_lbeta_power_precond;eeg_fm_specent_precond"
2025-12-19 16:52:00.924594,18,"stress_label",5,16,0.1,0.488372093023256,0.441860465116279,0.478294573643411,5,"top5","hr_sd_precond;eda_med_precond;hr_med_precond;eeg_fm_lbeta_power_precond;eeg_fm_specent_precond"
2025-12-19 16:52:00.998176,18,"stress_label",5,32,0.1,0.505813953488372,0.38953488372093,0.50077519379845,5,"top5","hr_sd_precond;eda_med_precond;hr_med_precond;eeg_fm_lbeta_power_precond;eeg_fm_specent_precond"
2025-12-19 16:52:01.102011,18,"stress_label",5,64,0.1,0.5,0.465116279069767,0.486821705426357,5,"top5","hr_sd_precond;eda_med_precond;hr_med_precond;eeg_fm_lbeta_power_precond;eeg_fm_specent_precond"
2025-12-19 16:52:01.254872,18,"stress_label",5,128,0.1,0.505813953488372,0.319767441860465,0.491472868217054,5,"top5","hr_sd_precond;eda_med_precond;hr_med_precond;eeg_fm_lbeta_power_precond;eeg_fm_specent_precond"
2025-12-19 16:52:01.589894,18,"stress_label",5,256,0.1,0.534883720930233,0.395348837209302,0.510852713178295,5,"top5","hr_sd_precond;eda_med_precond;hr_med_precond;eeg_fm_lbeta_power_precond;eeg_fm_specent_precond"
2025-12-19 16:52:02.838514,19,"stress_label",5,2,0.0078125,0.616279069767442,0.61046511627907,0.611627906976744,5,"top5","hr_sd_precond;hr_med_precond;eda_med_precond;eeg_fm_specent_precond;hrv_rmssd_precond"
2025-12-19 16:52:02.879343,19,"stress_label",5,4,0.0078125,0.604651162790698,0.616279069767442,0.591472868217054,5,"top5","hr_sd_precond;hr_med_precond;eda_med_precond;eeg_fm_specent_precond;hrv_rmssd_precond"
2025-12-19 16:52:02.838287,19,"stress_label",5,8,0.0078125,0.598837209302326,0.633720930232558,0.586046511627907,5,"top5","hr_sd_precond;hr_med_precond;eda_med_precond;eeg_fm_specent_precond;hrv_rmssd_precond"
2025-12-19 16:52:02.842401,19,"stress_label",5,16,0.0078125,0.61046511627907,0.633720930232558,0.592248062015504,5,"top5","hr_sd_precond;hr_med_precond;eda_med_precond;eeg_fm_specent_precond;hrv_rmssd_precond"
2025-12-19 16:52:02.838594,19,"stress_label",5,32,0.0078125,0.616279069767442,0.622093023255814,0.604651162790698,5,"top5","hr_sd_precond;hr_med_precond;eda_med_precond;eeg_fm_specent_precond;hrv_rmssd_precond"
2025-12-19 16:52:02.858984,19,"stress_label",5,64,0.0078125,0.581395348837209,0.593023255813954,0.585271317829457,5,"top5","hr_sd_precond;hr_med_precond;eda_med_precond;eeg_fm_specent_precond;hrv_rmssd_precond"
2025-12-19 16:52:02.899127,19,"stress_label",5,128,0.0078125,0.546511627906977,0.581395348837209,0.529457364341085,5,"top5","hr_sd_precond;hr_med_precond;eda_med_precond;eeg_fm_specent_precond;hrv_rmssd_precond"
2025-12-19 16:52:02.948048,19,"stress_label",5,256,0.0078125,0.529069767441861,0.563953488372093,0.517829457364341,5,"top5","hr_sd_precond;hr_med_precond;eda_med_precond;eeg_fm_specent_precond;hrv_rmssd_precond"
2025-12-19 16:52:02.824759,19,"stress_label",5,2,0.015625,0.61046511627907,0.616279069767442,0.60077519379845,5,"top5","hr_sd_precond;hr_med_precond;eda_med_precond;eeg_fm_specent_precond;hrv_rmssd_precond"
2025-12-19 16:52:02.845996,19,"stress_label",5,4,0.015625,0.622093023255814,0.622093023255814,0.61937984496124,5,"top5","hr_sd_precond;hr_med_precond;eda_med_precond;eeg_fm_specent_precond;hrv_rmssd_precond"
2025-12-19 16:52:02.825089,19,"stress_label",5,8,0.015625,0.622093023255814,0.616279069767442,0.624031007751938,5,"top5","hr_sd_precond;hr_med_precond;eda_med_precond;eeg_fm_specent_precond;hrv_rmssd_precond"
2025-12-19 16:52:02.846353,19,"stress_label",5,16,0.015625,0.587209302325581,0.598837209302326,0.589147286821705,5,"top5","hr_sd_precond;hr_med_precond;eda_med_precond;eeg_fm_specent_precond;hrv_rmssd_precond"
2025-12-19 16:52:02.848178,19,"stress_label",5,32,0.015625,0.546511627906977,0.581395348837209,0.534108527131783,5,"top5","hr_sd_precond;hr_med_precond;eda_med_precond;eeg_fm_specent_precond;hrv_rmssd_precond"
2025-12-19 16:52:02.887489,19,"stress_label",5,64,0.015625,0.552325581395349,0.546511627906977,0.548062015503876,5,"top5","hr_sd_precond;hr_med_precond;eda_med_precond;eeg_fm_specent_precond;hrv_rmssd_precond"
2025-12-19 16:52:03.977639,19,"stress_label",5,128,0.015625,0.488372093023256,0.494186046511628,NA,5,"top5","hr_sd_precond;hr_med_precond;eda_med_precond;eeg_fm_specent_precond;hrv_rmssd_precond"
2025-12-19 16:52:04.043968,19,"stress_label",5,256,0.015625,0.465116279069767,0.47093023255814,0.462790697674419,5,"top5","hr_sd_precond;hr_med_precond;eda_med_precond;eeg_fm_specent_precond;hrv_rmssd_precond"
2025-12-19 16:52:03.883419,19,"stress_label",5,2,0.03125,0.627906976744186,0.622093023255814,0.628682170542636,5,"top5","hr_sd_precond;hr_med_precond;eda_med_precond;eeg_fm_specent_precond;hrv_rmssd_precond"
2025-12-19 16:52:03.893878,19,"stress_label",5,4,0.03125,0.593023255813954,0.575581395348837,0.593798449612403,5,"top5","hr_sd_precond;hr_med_precond;eda_med_precond;eeg_fm_specent_precond;hrv_rmssd_precond"
2025-12-19 16:52:03.897114,19,"stress_label",5,8,0.03125,0.546511627906977,0.569767441860465,0.543410852713178,5,"top5","hr_sd_precond;hr_med_precond;eda_med_precond;eeg_fm_specent_precond;hrv_rmssd_precond"
2025-12-19 16:52:03.887759,19,"stress_label",5,16,0.03125,0.546511627906977,0.558139534883721,0.548837209302326,5,"top5","hr_sd_precond;hr_med_precond;eda_med_precond;eeg_fm_specent_precond;hrv_rmssd_precond"
2025-12-19 16:52:03.953483,19,"stress_label",5,32,0.03125,0.511627906976744,0.482558139534884,NA,5,"top5","hr_sd_precond;hr_med_precond;eda_med_precond;eeg_fm_specent_precond;hrv_rmssd_precond"
2025-12-19 16:52:03.96135,19,"stress_label",5,64,0.03125,0.47093023255814,0.476744186046512,0.465116279069767,5,"top5","hr_sd_precond;hr_med_precond;eda_med_precond;eeg_fm_specent_precond;hrv_rmssd_precond"
2025-12-19 16:52:04.083605,19,"stress_label",5,128,0.03125,0.441860465116279,0.366279069767442,0.448062015503876,5,"top5","hr_sd_precond;hr_med_precond;eda_med_precond;eeg_fm_specent_precond;hrv_rmssd_precond"
2025-12-19 16:52:04.250464,19,"stress_label",5,256,0.03125,0.441860465116279,0.412790697674419,0.45968992248062,5,"top5","hr_sd_precond;hr_med_precond;eda_med_precond;eeg_fm_specent_precond;hrv_rmssd_precond"
2025-12-19 16:52:03.926476,19,"stress_label",5,2,0.0625,0.563953488372093,0.598837209302326,0.561240310077519,5,"top5","hr_sd_precond;hr_med_precond;eda_med_precond;eeg_fm_specent_precond;hrv_rmssd_precond"
2025-12-19 16:52:03.940062,19,"stress_label",5,4,0.0625,0.546511627906977,0.517441860465116,0.546511627906977,5,"top5","hr_sd_precond;hr_med_precond;eda_med_precond;eeg_fm_specent_precond;hrv_rmssd_precond"
2025-12-19 16:52:03.946418,19,"stress_label",5,8,0.0625,0.494186046511628,0.482558139534884,0.50077519379845,5,"top5","hr_sd_precond;hr_med_precond;eda_med_precond;eeg_fm_specent_precond;hrv_rmssd_precond"
2025-12-19 16:52:04.000954,19,"stress_label",5,16,0.0625,0.453488372093023,0.5,0.462015503875969,5,"top5","hr_sd_precond;hr_med_precond;eda_med_precond;eeg_fm_specent_precond;hrv_rmssd_precond"
2025-12-19 16:52:04.996748,19,"stress_label",5,32,0.0625,0.430232558139535,0.418604651162791,0.455038759689922,5,"top5","hr_sd_precond;hr_med_precond;eda_med_precond;eeg_fm_specent_precond;hrv_rmssd_precond"
2025-12-19 16:52:05.062307,19,"stress_label",5,64,0.0625,0.430232558139535,0.36046511627907,0.444961240310078,5,"top5","hr_sd_precond;hr_med_precond;eda_med_precond;eeg_fm_specent_precond;hrv_rmssd_precond"
2025-12-19 16:52:05.268741,19,"stress_label",5,128,0.0625,0.430232558139535,0.447674418604651,NA,5,"top5","hr_sd_precond;hr_med_precond;eda_med_precond;eeg_fm_specent_precond;hrv_rmssd_precond"
2025-12-19 16:52:05.577793,19,"stress_label",5,256,0.0625,0.418604651162791,0.401162790697674,NA,5,"top5","hr_sd_precond;hr_med_precond;eda_med_precond;eeg_fm_specent_precond;hrv_rmssd_precond"
2025-12-19 16:52:04.962368,19,"stress_label",5,2,0.125,0.511627906976744,0.517441860465116,0.507751937984496,5,"top5","hr_sd_precond;hr_med_precond;eda_med_precond;eeg_fm_specent_precond;hrv_rmssd_precond"
2025-12-19 16:52:04.986303,19,"stress_label",5,4,0.125,0.47093023255814,0.430232558139535,0.466666666666667,5,"top5","hr_sd_precond;hr_med_precond;eda_med_precond;eeg_fm_specent_precond;hrv_rmssd_precond"
2025-12-19 16:52:05.001789,19,"stress_label",5,8,0.125,0.459302325581395,0.441860465116279,NA,5,"top5","hr_sd_precond;hr_med_precond;eda_med_precond;eeg_fm_specent_precond;hrv_rmssd_precond"
2025-12-19 16:52:05.055424,19,"stress_label",5,16,0.125,0.430232558139535,0.401162790697674,NA,5,"top5","hr_sd_precond;hr_med_precond;eda_med_precond;eeg_fm_specent_precond;hrv_rmssd_precond"
2025-12-19 16:52:05.156169,19,"stress_label",5,32,0.125,0.418604651162791,0.401162790697674,NA,5,"top5","hr_sd_precond;hr_med_precond;eda_med_precond;eeg_fm_specent_precond;hrv_rmssd_precond"
2025-12-19 16:52:05.316651,19,"stress_label",5,64,0.125,0.465116279069767,0.406976744186047,NA,5,"top5","hr_sd_precond;hr_med_precond;eda_med_precond;eeg_fm_specent_precond;hrv_rmssd_precond"
2025-12-19 16:52:05.55348,19,"stress_label",5,128,0.125,0.488372093023256,0.436046511627907,NA,5,"top5","hr_sd_precond;hr_med_precond;eda_med_precond;eeg_fm_specent_precond;hrv_rmssd_precond"
2025-12-19 16:52:06.005789,19,"stress_label",5,256,0.125,0.465116279069767,0.447674418604651,NA,5,"top5","hr_sd_precond;hr_med_precond;eda_med_precond;eeg_fm_specent_precond;hrv_rmssd_precond"
2025-12-19 16:52:05.100997,19,"stress_label",5,2,0.03,0.627906976744186,0.622093023255814,0.628682170542636,5,"top5","hr_sd_precond;hr_med_precond;eda_med_precond;eeg_fm_specent_precond;hrv_rmssd_precond"
2025-12-19 16:52:05.278482,19,"stress_label",5,4,0.03,0.604651162790698,0.593023255813954,0.601550387596899,5,"top5","hr_sd_precond;hr_med_precond;eda_med_precond;eeg_fm_specent_precond;hrv_rmssd_precond"
2025-12-19 16:52:05.995104,19,"stress_label",5,8,0.03,0.546511627906977,0.575581395348837,0.546511627906977,5,"top5","hr_sd_precond;hr_med_precond;eda_med_precond;eeg_fm_specent_precond;hrv_rmssd_precond"
2025-12-19 16:52:06.036814,19,"stress_label",5,16,0.03,0.546511627906977,0.581395348837209,0.548837209302326,5,"top5","hr_sd_precond;hr_med_precond;eda_med_precond;eeg_fm_specent_precond;hrv_rmssd_precond"
2025-12-19 16:52:06.073072,19,"stress_label",5,32,0.03,0.511627906976744,0.494186046511628,NA,5,"top5","hr_sd_precond;hr_med_precond;eda_med_precond;eeg_fm_specent_precond;hrv_rmssd_precond"
2025-12-19 16:52:06.116466,19,"stress_label",5,64,0.03,0.47093023255814,0.511627906976744,0.469767441860465,5,"top5","hr_sd_precond;hr_med_precond;eda_med_precond;eeg_fm_specent_precond;hrv_rmssd_precond"
2025-12-19 16:52:06.24934,19,"stress_label",5,128,0.03,0.453488372093023,0.383720930232558,0.457364341085271,5,"top5","hr_sd_precond;hr_med_precond;eda_med_precond;eeg_fm_specent_precond;hrv_rmssd_precond"
2025-12-19 16:52:06.414861,19,"stress_label",5,256,0.03,0.436046511627907,0.406976744186047,0.451162790697674,5,"top5","hr_sd_precond;hr_med_precond;eda_med_precond;eeg_fm_specent_precond;hrv_rmssd_precond"
2025-12-19 16:52:06.143441,19,"stress_label",5,2,0.06,0.575581395348837,0.598837209302326,0.572868217054264,5,"top5","hr_sd_precond;hr_med_precond;eda_med_precond;eeg_fm_specent_precond;hrv_rmssd_precond"
2025-12-19 16:52:06.184657,19,"stress_label",5,4,0.06,0.540697674418605,0.540697674418605,0.53953488372093,5,"top5","hr_sd_precond;hr_med_precond;eda_med_precond;eeg_fm_specent_precond;hrv_rmssd_precond"
2025-12-19 16:52:06.300207,19,"stress_label",5,8,0.06,0.505813953488372,0.534883720930233,0.509302325581395,5,"top5","hr_sd_precond;hr_med_precond;eda_med_precond;eeg_fm_specent_precond;hrv_rmssd_precond"
2025-12-19 16:52:06.312118,19,"stress_label",5,16,0.06,0.465116279069767,0.441860465116279,0.466666666666667,5,"top5","hr_sd_precond;hr_med_precond;eda_med_precond;eeg_fm_specent_precond;hrv_rmssd_precond"
2025-12-19 16:52:06.401763,19,"stress_label",5,32,0.06,0.430232558139535,0.441860465116279,0.455038759689922,5,"top5","hr_sd_precond;hr_med_precond;eda_med_precond;eeg_fm_specent_precond;hrv_rmssd_precond"
2025-12-19 16:52:06.706448,19,"stress_label",5,64,0.06,0.436046511627907,0.424418604651163,0.448837209302326,5,"top5","hr_sd_precond;hr_med_precond;eda_med_precond;eeg_fm_specent_precond;hrv_rmssd_precond"
2025-12-19 16:52:06.848513,19,"stress_label",5,128,0.06,0.424418604651163,0.453488372093023,0.423255813953488,5,"top5","hr_sd_precond;hr_med_precond;eda_med_precond;eeg_fm_specent_precond;hrv_rmssd_precond"
2025-12-19 16:52:07.346864,19,"stress_label",5,256,0.06,0.418604651162791,0.430232558139535,NA,5,"top5","hr_sd_precond;hr_med_precond;eda_med_precond;eeg_fm_specent_precond;hrv_rmssd_precond"
2025-12-19 16:52:06.94719,19,"stress_label",5,2,0.1,0.534883720930233,0.569767441860465,0.535658914728682,5,"top5","hr_sd_precond;hr_med_precond;eda_med_precond;eeg_fm_specent_precond;hrv_rmssd_precond"
2025-12-19 16:52:06.997152,19,"stress_label",5,4,0.1,0.476744186046512,0.441860465116279,0.47906976744186,5,"top5","hr_sd_precond;hr_med_precond;eda_med_precond;eeg_fm_specent_precond;hrv_rmssd_precond"
2025-12-19 16:52:07.000097,19,"stress_label",5,8,0.1,0.453488372093023,0.406976744186047,0.451162790697674,5,"top5","hr_sd_precond;hr_med_precond;eda_med_precond;eeg_fm_specent_precond;hrv_rmssd_precond"
2025-12-19 16:52:07.067338,19,"stress_label",5,16,0.1,0.441860465116279,0.436046511627907,0.437984496124031,5,"top5","hr_sd_precond;hr_med_precond;eda_med_precond;eeg_fm_specent_precond;hrv_rmssd_precond"
2025-12-19 16:52:07.136831,19,"stress_label",5,32,0.1,0.430232558139535,0.412790697674419,NA,5,"top5","hr_sd_precond;hr_med_precond;eda_med_precond;eeg_fm_specent_precond;hrv_rmssd_precond"
2025-12-19 16:52:07.218558,19,"stress_label",5,64,0.1,0.424418604651163,0.482558139534884,NA,5,"top5","hr_sd_precond;hr_med_precond;eda_med_precond;eeg_fm_specent_precond;hrv_rmssd_precond"
2025-12-19 16:52:07.463521,19,"stress_label",5,128,0.1,0.465116279069767,0.424418604651163,NA,5,"top5","hr_sd_precond;hr_med_precond;eda_med_precond;eeg_fm_specent_precond;hrv_rmssd_precond"
2025-12-19 16:52:07.700248,19,"stress_label",5,256,0.1,0.505813953488372,0.430232558139535,NA,5,"top5","hr_sd_precond;hr_med_precond;eda_med_precond;eeg_fm_specent_precond;hrv_rmssd_precond"
2025-12-19 16:52:09.021459,20,"stress_label",5,2,0.0078125,0.616279069767442,0.616279069767442,0.613953488372093,5,"top5","hr_med_precond;eda_med_precond;hr_sd_precond;eeg_fm_specent_precond;hrv_rmssd_precond"
2025-12-19 16:52:09.009147,20,"stress_label",5,4,0.0078125,0.593023255813954,0.616279069767442,0.582170542635659,5,"top5","hr_med_precond;eda_med_precond;hr_sd_precond;eeg_fm_specent_precond;hrv_rmssd_precond"
2025-12-19 16:52:08.982899,20,"stress_label",5,8,0.0078125,0.604651162790698,0.633720930232558,0.593023255813954,5,"top5","hr_med_precond;eda_med_precond;hr_sd_precond;eeg_fm_specent_precond;hrv_rmssd_precond"
2025-12-19 16:52:09.024961,20,"stress_label",5,16,0.0078125,0.604651162790698,0.627906976744186,0.59922480620155,5,"top5","hr_med_precond;eda_med_precond;hr_sd_precond;eeg_fm_specent_precond;hrv_rmssd_precond"
2025-12-19 16:52:09.03292,20,"stress_label",5,32,0.0078125,0.593023255813954,0.616279069767442,0.582945736434109,5,"top5","hr_med_precond;eda_med_precond;hr_sd_precond;eeg_fm_specent_precond;hrv_rmssd_precond"
2025-12-19 16:52:09.06658,20,"stress_label",5,64,0.0078125,0.581395348837209,0.581395348837209,0.570542635658915,5,"top5","hr_med_precond;eda_med_precond;hr_sd_precond;eeg_fm_specent_precond;hrv_rmssd_precond"
2025-12-19 16:52:09.046009,20,"stress_label",5,128,0.0078125,0.540697674418605,0.505813953488372,0.537209302325581,5,"top5","hr_med_precond;eda_med_precond;hr_sd_precond;eeg_fm_specent_precond;hrv_rmssd_precond"
2025-12-19 16:52:09.098886,20,"stress_label",5,256,0.0078125,0.540697674418605,0.558139534883721,0.548837209302326,5,"top5","hr_med_precond;eda_med_precond;hr_sd_precond;eeg_fm_specent_precond;hrv_rmssd_precond"
2025-12-19 16:52:08.999772,20,"stress_label",5,2,0.015625,0.598837209302326,0.604651162790698,0.590697674418605,5,"top5","hr_med_precond;eda_med_precond;hr_sd_precond;eeg_fm_specent_precond;hrv_rmssd_precond"
2025-12-19 16:52:08.997844,20,"stress_label",5,4,0.015625,0.604651162790698,0.627906976744186,0.598449612403101,5,"top5","hr_med_precond;eda_med_precond;hr_sd_precond;eeg_fm_specent_precond;hrv_rmssd_precond"
2025-12-19 16:52:08.979739,20,"stress_label",5,8,0.015625,0.604651162790698,0.616279069767442,0.598449612403101,5,"top5","hr_med_precond;eda_med_precond;hr_sd_precond;eeg_fm_specent_precond;hrv_rmssd_precond"
2025-12-19 16:52:08.979267,20,"stress_label",5,16,0.015625,0.581395348837209,0.604651162790698,0.570542635658915,5,"top5","hr_med_precond;eda_med_precond;hr_sd_precond;eeg_fm_specent_precond;hrv_rmssd_precond"
2025-12-19 16:52:09.006296,20,"stress_label",5,32,0.015625,0.540697674418605,0.534883720930233,0.537209302325581,5,"top5","hr_med_precond;eda_med_precond;hr_sd_precond;eeg_fm_specent_precond;hrv_rmssd_precond"
2025-12-19 16:52:09.019495,20,"stress_label",5,64,0.015625,0.534883720930233,0.517441860465116,0.538759689922481,5,"top5","hr_med_precond;eda_med_precond;hr_sd_precond;eeg_fm_specent_precond;hrv_rmssd_precond"
2025-12-19 16:52:10.156501,20,"stress_label",5,128,0.015625,0.523255813953488,0.441860465116279,0.530232558139535,5,"top5","hr_med_precond;eda_med_precond;hr_sd_precond;eeg_fm_specent_precond;hrv_rmssd_precond"
2025-12-19 16:52:10.235462,20,"stress_label",5,256,0.015625,0.511627906976744,0.343023255813953,0.52093023255814,5,"top5","hr_med_precond;eda_med_precond;hr_sd_precond;eeg_fm_specent_precond;hrv_rmssd_precond"
2025-12-19 16:52:10.043392,20,"stress_label",5,2,0.03125,0.598837209302326,0.622093023255814,0.590697674418605,5,"top5","hr_med_precond;eda_med_precond;hr_sd_precond;eeg_fm_specent_precond;hrv_rmssd_precond"
2025-12-19 16:52:10.057506,20,"stress_label",5,4,0.03125,0.604651162790698,0.616279069767442,0.594573643410853,5,"top5","hr_med_precond;eda_med_precond;hr_sd_precond;eeg_fm_specent_precond;hrv_rmssd_precond"
2025-12-19 16:52:10.081667,20,"stress_label",5,8,0.03125,0.558139534883721,0.575581395348837,0.555813953488372,5,"top5","hr_med_precond;eda_med_precond;hr_sd_precond;eeg_fm_specent_precond;hrv_rmssd_precond"
2025-12-19 16:52:10.089464,20,"stress_label",5,16,0.03125,0.534883720930233,0.505813953488372,0.535658914728682,5,"top5","hr_med_precond;eda_med_precond;hr_sd_precond;eeg_fm_specent_precond;hrv_rmssd_precond"
2025-12-19 16:52:10.105706,20,"stress_label",5,32,0.03125,0.523255813953488,0.511627906976744,0.530232558139535,5,"top5","hr_med_precond;eda_med_precond;hr_sd_precond;eeg_fm_specent_precond;hrv_rmssd_precond"
2025-12-19 16:52:10.163756,20,"stress_label",5,64,0.03125,0.511627906976744,0.441860465116279,0.516279069767442,5,"top5","hr_med_precond;eda_med_precond;hr_sd_precond;eeg_fm_specent_precond;hrv_rmssd_precond"
2025-12-19 16:52:10.279674,20,"stress_label",5,128,0.03125,0.465116279069767,0.372093023255814,NA,5,"top5","hr_med_precond;eda_med_precond;hr_sd_precond;eeg_fm_specent_precond;hrv_rmssd_precond"
2025-12-19 16:52:10.463116,20,"stress_label",5,256,0.03125,0.441860465116279,0.383720930232558,0.437984496124031,5,"top5","hr_med_precond;eda_med_precond;hr_sd_precond;eeg_fm_specent_precond;hrv_rmssd_precond"
2025-12-19 16:52:10.071806,20,"stress_label",5,2,0.0625,0.575581395348837,0.598837209302326,0.571317829457364,5,"top5","hr_med_precond;eda_med_precond;hr_sd_precond;eeg_fm_specent_precond;hrv_rmssd_precond"
2025-12-19 16:52:10.082957,20,"stress_label",5,4,0.0625,0.540697674418605,0.569767441860465,0.550387596899225,5,"top5","hr_med_precond;eda_med_precond;hr_sd_precond;eeg_fm_specent_precond;hrv_rmssd_precond"
2025-12-19 16:52:10.124175,20,"stress_label",5,8,0.0625,0.534883720930233,0.488372093023256,0.543410852713178,5,"top5","hr_med_precond;eda_med_precond;hr_sd_precond;eeg_fm_specent_precond;hrv_rmssd_precond"
2025-12-19 16:52:10.173157,20,"stress_label",5,16,0.0625,0.505813953488372,0.441860465116279,0.514728682170543,5,"top5","hr_med_precond;eda_med_precond;hr_sd_precond;eeg_fm_specent_precond;hrv_rmssd_precond"
2025-12-19 16:52:11.182,20,"stress_label",5,32,0.0625,0.47093023255814,0.36046511627907,NA,5,"top5","hr_med_precond;eda_med_precond;hr_sd_precond;eeg_fm_specent_precond;hrv_rmssd_precond"
2025-12-19 16:52:11.302734,20,"stress_label",5,64,0.0625,0.447674418604651,0.313953488372093,NA,5,"top5","hr_med_precond;eda_med_precond;hr_sd_precond;eeg_fm_specent_precond;hrv_rmssd_precond"
2025-12-19 16:52:11.494239,20,"stress_label",5,128,0.0625,0.505813953488372,0.465116279069767,NA,5,"top5","hr_med_precond;eda_med_precond;hr_sd_precond;eeg_fm_specent_precond;hrv_rmssd_precond"
2025-12-19 16:52:11.846948,20,"stress_label",5,256,0.0625,0.494186046511628,0.377906976744186,NA,5,"top5","hr_med_precond;eda_med_precond;hr_sd_precond;eeg_fm_specent_precond;hrv_rmssd_precond"
2025-12-19 16:52:11.140959,20,"stress_label",5,2,0.125,0.552325581395349,0.494186046511628,0.548062015503876,5,"top5","hr_med_precond;eda_med_precond;hr_sd_precond;eeg_fm_specent_precond;hrv_rmssd_precond"
2025-12-19 16:52:11.168852,20,"stress_label",5,4,0.125,0.517441860465116,0.47093023255814,0.531007751937985,5,"top5","hr_med_precond;eda_med_precond;hr_sd_precond;eeg_fm_specent_precond;hrv_rmssd_precond"
2025-12-19 16:52:11.224117,20,"stress_label",5,8,0.125,0.488372093023256,0.430232558139535,NA,5,"top5","hr_med_precond;eda_med_precond;hr_sd_precond;eeg_fm_specent_precond;hrv_rmssd_precond"
2025-12-19 16:52:11.294428,20,"stress_label",5,16,0.125,0.523255813953488,0.430232558139535,NA,5,"top5","hr_med_precond;eda_med_precond;hr_sd_precond;eeg_fm_specent_precond;hrv_rmssd_precond"
2025-12-19 16:52:11.368264,20,"stress_label",5,32,0.125,0.505813953488372,0.436046511627907,NA,5,"top5","hr_med_precond;eda_med_precond;hr_sd_precond;eeg_fm_specent_precond;hrv_rmssd_precond"
2025-12-19 16:52:11.531299,20,"stress_label",5,64,0.125,0.494186046511628,0.47093023255814,NA,5,"top5","hr_med_precond;eda_med_precond;hr_sd_precond;eeg_fm_specent_precond;hrv_rmssd_precond"
2025-12-19 16:52:11.759827,20,"stress_label",5,128,0.125,0.494186046511628,0.418604651162791,NA,5,"top5","hr_med_precond;eda_med_precond;hr_sd_precond;eeg_fm_specent_precond;hrv_rmssd_precond"
2025-12-19 16:52:12.215628,20,"stress_label",5,256,0.125,0.465116279069767,0.401162790697674,NA,5,"top5","hr_med_precond;eda_med_precond;hr_sd_precond;eeg_fm_specent_precond;hrv_rmssd_precond"
2025-12-19 16:52:11.356663,20,"stress_label",5,2,0.03,0.604651162790698,0.622093023255814,0.598449612403101,5,"top5","hr_med_precond;eda_med_precond;hr_sd_precond;eeg_fm_specent_precond;hrv_rmssd_precond"
2025-12-19 16:52:11.525287,20,"stress_label",5,4,0.03,0.593023255813954,0.61046511627907,0.582945736434109,5,"top5","hr_med_precond;eda_med_precond;hr_sd_precond;eeg_fm_specent_precond;hrv_rmssd_precond"
2025-12-19 16:52:12.147131,20,"stress_label",5,8,0.03,0.558139534883721,0.581395348837209,0.555813953488372,5,"top5","hr_med_precond;eda_med_precond;hr_sd_precond;eeg_fm_specent_precond;hrv_rmssd_precond"
2025-12-19 16:52:12.224479,20,"stress_label",5,16,0.03,0.534883720930233,0.558139534883721,0.535658914728682,5,"top5","hr_med_precond;eda_med_precond;hr_sd_precond;eeg_fm_specent_precond;hrv_rmssd_precond"
2025-12-19 16:52:12.260693,20,"stress_label",5,32,0.03,0.523255813953488,0.552325581395349,0.530232558139535,5,"top5","hr_med_precond;eda_med_precond;hr_sd_precond;eeg_fm_specent_precond;hrv_rmssd_precond"
2025-12-19 16:52:12.370294,20,"stress_label",5,64,0.03,0.511627906976744,0.436046511627907,0.516279069767442,5,"top5","hr_med_precond;eda_med_precond;hr_sd_precond;eeg_fm_specent_precond;hrv_rmssd_precond"
2025-12-19 16:52:12.528648,20,"stress_label",5,128,0.03,0.476744186046512,0.383720930232558,0.470542635658915,5,"top5","hr_med_precond;eda_med_precond;hr_sd_precond;eeg_fm_specent_precond;hrv_rmssd_precond"
2025-12-19 16:52:12.762636,20,"stress_label",5,256,0.03,0.430232558139535,0.436046511627907,NA,5,"top5","hr_med_precond;eda_med_precond;hr_sd_precond;eeg_fm_specent_precond;hrv_rmssd_precond"
2025-12-19 16:52:12.392778,20,"stress_label",5,2,0.06,0.575581395348837,0.598837209302326,0.575968992248062,5,"top5","hr_med_precond;eda_med_precond;hr_sd_precond;eeg_fm_specent_precond;hrv_rmssd_precond"
2025-12-19 16:52:12.402938,20,"stress_label",5,4,0.06,0.546511627906977,0.569767441860465,0.558139534883721,5,"top5","hr_med_precond;eda_med_precond;hr_sd_precond;eeg_fm_specent_precond;hrv_rmssd_precond"
2025-12-19 16:52:12.558425,20,"stress_label",5,8,0.06,0.534883720930233,0.517441860465116,0.543410852713178,5,"top5","hr_med_precond;eda_med_precond;hr_sd_precond;eeg_fm_specent_precond;hrv_rmssd_precond"
2025-12-19 16:52:12.613779,20,"stress_label",5,16,0.06,0.511627906976744,0.476744186046512,0.51937984496124,5,"top5","hr_med_precond;eda_med_precond;hr_sd_precond;eeg_fm_specent_precond;hrv_rmssd_precond"
2025-12-19 16:52:12.654134,20,"stress_label",5,32,0.06,0.47093023255814,0.36046511627907,NA,5,"top5","hr_med_precond;eda_med_precond;hr_sd_precond;eeg_fm_specent_precond;hrv_rmssd_precond"
2025-12-19 16:52:13.009666,20,"stress_label",5,64,0.06,0.447674418604651,0.441860465116279,NA,5,"top5","hr_med_precond;eda_med_precond;hr_sd_precond;eeg_fm_specent_precond;hrv_rmssd_precond"
2025-12-19 16:52:13.225846,20,"stress_label",5,128,0.06,0.5,0.447674418604651,NA,5,"top5","hr_med_precond;eda_med_precond;hr_sd_precond;eeg_fm_specent_precond;hrv_rmssd_precond"
2025-12-19 16:52:13.658019,20,"stress_label",5,256,0.06,0.5,0.366279069767442,NA,5,"top5","hr_med_precond;eda_med_precond;hr_sd_precond;eeg_fm_specent_precond;hrv_rmssd_precond"
2025-12-19 16:52:13.246269,20,"stress_label",5,2,0.1,0.540697674418605,0.569767441860465,0.551937984496124,5,"top5","hr_med_precond;eda_med_precond;hr_sd_precond;eeg_fm_specent_precond;hrv_rmssd_precond"
2025-12-19 16:52:13.257482,20,"stress_label",5,4,0.1,0.534883720930233,0.511627906976744,0.537984496124031,5,"top5","hr_med_precond;eda_med_precond;hr_sd_precond;eeg_fm_specent_precond;hrv_rmssd_precond"
2025-12-19 16:52:13.295622,20,"stress_label",5,8,0.1,0.494186046511628,0.430232558139535,NA,5,"top5","hr_med_precond;eda_med_precond;hr_sd_precond;eeg_fm_specent_precond;hrv_rmssd_precond"
2025-12-19 16:52:13.403716,20,"stress_label",5,16,0.1,0.459302325581395,0.482558139534884,NA,5,"top5","hr_med_precond;eda_med_precond;hr_sd_precond;eeg_fm_specent_precond;hrv_rmssd_precond"
2025-12-19 16:52:13.492661,20,"stress_label",5,32,0.1,0.511627906976744,0.459302325581395,NA,5,"top5","hr_med_precond;eda_med_precond;hr_sd_precond;eeg_fm_specent_precond;hrv_rmssd_precond"
2025-12-19 16:52:13.544487,20,"stress_label",5,64,0.1,0.494186046511628,0.38953488372093,NA,5,"top5","hr_med_precond;eda_med_precond;hr_sd_precond;eeg_fm_specent_precond;hrv_rmssd_precond"
2025-12-19 16:52:13.758075,20,"stress_label",5,128,0.1,0.505813953488372,0.47093023255814,NA,5,"top5","hr_med_precond;eda_med_precond;hr_sd_precond;eeg_fm_specent_precond;hrv_rmssd_precond"
2025-12-19 16:52:14.04106,20,"stress_label",5,256,0.1,0.476744186046512,0.482558139534884,NA,5,"top5","hr_med_precond;eda_med_precond;hr_sd_precond;eeg_fm_specent_precond;hrv_rmssd_precond"
2025-12-19 16:52:15.304565,21,"stress_label",5,2,0.0078125,0.581395348837209,0.575581395348837,0.60077519379845,5,"top5","hr_sd_precond;hr_med_precond;eda_med_precond;eeg_fm_lbeta_power_precond;pupil_full_pupil_asymmetry_precond"
2025-12-19 16:52:15.312739,21,"stress_label",5,4,0.0078125,0.552325581395349,0.563953488372093,0.591472868217054,5,"top5","hr_sd_precond;hr_med_precond;eda_med_precond;eeg_fm_lbeta_power_precond;pupil_full_pupil_asymmetry_precond"
2025-12-19 16:52:15.283499,21,"stress_label",5,8,0.0078125,0.517441860465116,0.546511627906977,0.556589147286822,5,"top5","hr_sd_precond;hr_med_precond;eda_med_precond;eeg_fm_lbeta_power_precond;pupil_full_pupil_asymmetry_precond"
2025-12-19 16:52:15.311012,21,"stress_label",5,16,0.0078125,0.494186046511628,0.523255813953488,0.534108527131783,5,"top5","hr_sd_precond;hr_med_precond;eda_med_precond;eeg_fm_lbeta_power_precond;pupil_full_pupil_asymmetry_precond"
2025-12-19 16:52:15.281988,21,"stress_label",5,32,0.0078125,0.488372093023256,0.534883720930233,0.531007751937985,5,"top5","hr_sd_precond;hr_med_precond;eda_med_precond;eeg_fm_lbeta_power_precond;pupil_full_pupil_asymmetry_precond"
2025-12-19 16:52:15.29766,21,"stress_label",5,64,0.0078125,0.482558139534884,0.494186046511628,0.526356589147287,5,"top5","hr_sd_precond;hr_med_precond;eda_med_precond;eeg_fm_lbeta_power_precond;pupil_full_pupil_asymmetry_precond"
2025-12-19 16:52:15.329384,21,"stress_label",5,128,0.0078125,0.47093023255814,0.447674418604651,0.5,5,"top5","hr_sd_precond;hr_med_precond;eda_med_precond;eeg_fm_lbeta_power_precond;pupil_full_pupil_asymmetry_precond"
2025-12-19 16:52:15.406995,21,"stress_label",5,256,0.0078125,0.529069767441861,0.447674418604651,NA,5,"top5","hr_sd_precond;hr_med_precond;eda_med_precond;eeg_fm_lbeta_power_precond;pupil_full_pupil_asymmetry_precond"
2025-12-19 16:52:15.289581,21,"stress_label",5,2,0.015625,0.546511627906977,0.563953488372093,0.591472868217054,5,"top5","hr_sd_precond;hr_med_precond;eda_med_precond;eeg_fm_lbeta_power_precond;pupil_full_pupil_asymmetry_precond"
2025-12-19 16:52:15.291612,21,"stress_label",5,4,0.015625,0.511627906976744,0.540697674418605,0.545736434108527,5,"top5","hr_sd_precond;hr_med_precond;eda_med_precond;eeg_fm_lbeta_power_precond;pupil_full_pupil_asymmetry_precond"
2025-12-19 16:52:15.319711,21,"stress_label",5,8,0.015625,0.5,0.529069767441861,0.541085271317829,5,"top5","hr_sd_precond;hr_med_precond;eda_med_precond;eeg_fm_lbeta_power_precond;pupil_full_pupil_asymmetry_precond"
2025-12-19 16:52:15.332395,21,"stress_label",5,16,0.015625,0.488372093023256,0.488372093023256,0.526356589147287,5,"top5","hr_sd_precond;hr_med_precond;eda_med_precond;eeg_fm_lbeta_power_precond;pupil_full_pupil_asymmetry_precond"
2025-12-19 16:52:15.266923,21,"stress_label",5,32,0.015625,0.476744186046512,0.395348837209302,0.504651162790698,5,"top5","hr_sd_precond;hr_med_precond;eda_med_precond;eeg_fm_lbeta_power_precond;pupil_full_pupil_asymmetry_precond"
2025-12-19 16:52:15.361151,21,"stress_label",5,64,0.015625,0.523255813953488,0.447674418604651,0.518604651162791,5,"top5","hr_sd_precond;hr_med_precond;eda_med_precond;eeg_fm_lbeta_power_precond;pupil_full_pupil_asymmetry_precond"
2025-12-19 16:52:16.500756,21,"stress_label",5,128,0.015625,0.546511627906977,0.459302325581395,NA,5,"top5","hr_sd_precond;hr_med_precond;eda_med_precond;eeg_fm_lbeta_power_precond;pupil_full_pupil_asymmetry_precond"
2025-12-19 16:52:16.58696,21,"stress_label",5,256,0.015625,0.5,0.343023255813953,NA,5,"top5","hr_sd_precond;hr_med_precond;eda_med_precond;eeg_fm_lbeta_power_precond;pupil_full_pupil_asymmetry_precond"
2025-12-19 16:52:16.351675,21,"stress_label",5,2,0.03125,0.523255813953488,0.552325581395349,0.552713178294574,5,"top5","hr_sd_precond;hr_med_precond;eda_med_precond;eeg_fm_lbeta_power_precond;pupil_full_pupil_asymmetry_precond"
2025-12-19 16:52:16.578212,21,"stress_label",5,4,0.03125,0.5,0.534883720930233,0.537984496124031,5,"top5","hr_sd_precond;hr_med_precond;eda_med_precond;eeg_fm_lbeta_power_precond;pupil_full_pupil_asymmetry_precond"
2025-12-19 16:52:16.358926,21,"stress_label",5,8,0.03125,0.5,0.418604651162791,0.525581395348837,5,"top5","hr_sd_precond;hr_med_precond;eda_med_precond;eeg_fm_lbeta_power_precond;pupil_full_pupil_asymmetry_precond"
2025-12-19 16:52:16.401826,21,"stress_label",5,16,0.03125,0.505813953488372,0.447674418604651,0.49922480620155,5,"top5","hr_sd_precond;hr_med_precond;eda_med_precond;eeg_fm_lbeta_power_precond;pupil_full_pupil_asymmetry_precond"
2025-12-19 16:52:16.433097,21,"stress_label",5,32,0.03125,0.540697674418605,0.36046511627907,NA,5,"top5","hr_sd_precond;hr_med_precond;eda_med_precond;eeg_fm_lbeta_power_precond;pupil_full_pupil_asymmetry_precond"
2025-12-19 16:52:16.495271,21,"stress_label",5,64,0.03125,0.517441860465116,0.377906976744186,NA,5,"top5","hr_sd_precond;hr_med_precond;eda_med_precond;eeg_fm_lbeta_power_precond;pupil_full_pupil_asymmetry_precond"
2025-12-19 16:52:16.585583,21,"stress_label",5,128,0.03125,0.488372093023256,0.401162790697674,NA,5,"top5","hr_sd_precond;hr_med_precond;eda_med_precond;eeg_fm_lbeta_power_precond;pupil_full_pupil_asymmetry_precond"
2025-12-19 16:52:16.730824,21,"stress_label",5,256,0.03125,0.459302325581395,0.430232558139535,NA,5,"top5","hr_sd_precond;hr_med_precond;eda_med_precond;eeg_fm_lbeta_power_precond;pupil_full_pupil_asymmetry_precond"
2025-12-19 16:52:16.400649,21,"stress_label",5,2,0.0625,0.529069767441861,0.511627906976744,0.554263565891473,5,"top5","hr_sd_precond;hr_med_precond;eda_med_precond;eeg_fm_lbeta_power_precond;pupil_full_pupil_asymmetry_precond"
2025-12-19 16:52:16.384957,21,"stress_label",5,4,0.0625,0.505813953488372,0.441860465116279,0.504651162790698,5,"top5","hr_sd_precond;hr_med_precond;eda_med_precond;eeg_fm_lbeta_power_precond;pupil_full_pupil_asymmetry_precond"
2025-12-19 16:52:16.447299,21,"stress_label",5,8,0.0625,0.511627906976744,0.430232558139535,NA,5,"top5","hr_sd_precond;hr_med_precond;eda_med_precond;eeg_fm_lbeta_power_precond;pupil_full_pupil_asymmetry_precond"
2025-12-19 16:52:16.527256,21,"stress_label",5,16,0.0625,0.517441860465116,0.343023255813953,NA,5,"top5","hr_sd_precond;hr_med_precond;eda_med_precond;eeg_fm_lbeta_power_precond;pupil_full_pupil_asymmetry_precond"
2025-12-19 16:52:17.475975,21,"stress_label",5,32,0.0625,0.488372093023256,0.412790697674419,NA,5,"top5","hr_sd_precond;hr_med_precond;eda_med_precond;eeg_fm_lbeta_power_precond;pupil_full_pupil_asymmetry_precond"
2025-12-19 16:52:17.544588,21,"stress_label",5,64,0.0625,0.441860465116279,0.401162790697674,NA,5,"top5","hr_sd_precond;hr_med_precond;eda_med_precond;eeg_fm_lbeta_power_precond;pupil_full_pupil_asymmetry_precond"
2025-12-19 16:52:17.73223,21,"stress_label",5,128,0.0625,0.424418604651163,0.534883720930233,NA,5,"top5","hr_sd_precond;hr_med_precond;eda_med_precond;eeg_fm_lbeta_power_precond;pupil_full_pupil_asymmetry_precond"
2025-12-19 16:52:18.095495,21,"stress_label",5,256,0.0625,0.406976744186047,0.575581395348837,NA,5,"top5","hr_sd_precond;hr_med_precond;eda_med_precond;eeg_fm_lbeta_power_precond;pupil_full_pupil_asymmetry_precond"
2025-12-19 16:52:17.441122,21,"stress_label",5,2,0.125,0.517441860465116,0.482558139534884,0.506976744186047,5,"top5","hr_sd_precond;hr_med_precond;eda_med_precond;eeg_fm_lbeta_power_precond;pupil_full_pupil_asymmetry_precond"
2025-12-19 16:52:17.485744,21,"stress_label",5,4,0.125,0.505813953488372,0.418604651162791,NA,5,"top5","hr_sd_precond;hr_med_precond;eda_med_precond;eeg_fm_lbeta_power_precond;pupil_full_pupil_asymmetry_precond"
2025-12-19 16:52:17.517819,21,"stress_label",5,8,0.125,0.476744186046512,0.377906976744186,NA,5,"top5","hr_sd_precond;hr_med_precond;eda_med_precond;eeg_fm_lbeta_power_precond;pupil_full_pupil_asymmetry_precond"
2025-12-19 16:52:17.593641,21,"stress_label",5,16,0.125,0.430232558139535,0.395348837209302,NA,5,"top5","hr_sd_precond;hr_med_precond;eda_med_precond;eeg_fm_lbeta_power_precond;pupil_full_pupil_asymmetry_precond"
2025-12-19 16:52:17.693335,21,"stress_label",5,32,0.125,0.412790697674419,0.534883720930233,NA,5,"top5","hr_sd_precond;hr_med_precond;eda_med_precond;eeg_fm_lbeta_power_precond;pupil_full_pupil_asymmetry_precond"
2025-12-19 16:52:17.851737,21,"stress_label",5,64,0.125,0.412790697674419,0.581395348837209,NA,5,"top5","hr_sd_precond;hr_med_precond;eda_med_precond;eeg_fm_lbeta_power_precond;pupil_full_pupil_asymmetry_precond"
2025-12-19 16:52:18.162345,21,"stress_label",5,128,0.125,0.465116279069767,0.540697674418605,0.451162790697674,5,"top5","hr_sd_precond;hr_med_precond;eda_med_precond;eeg_fm_lbeta_power_precond;pupil_full_pupil_asymmetry_precond"
2025-12-19 16:52:18.619558,21,"stress_label",5,256,0.125,0.482558139534884,0.482558139534884,0.481395348837209,5,"top5","hr_sd_precond;hr_med_precond;eda_med_precond;eeg_fm_lbeta_power_precond;pupil_full_pupil_asymmetry_precond"
2025-12-19 16:52:17.592057,21,"stress_label",5,2,0.03,0.523255813953488,0.563953488372093,0.552713178294574,5,"top5","hr_sd_precond;hr_med_precond;eda_med_precond;eeg_fm_lbeta_power_precond;pupil_full_pupil_asymmetry_precond"
2025-12-19 16:52:17.761937,21,"stress_label",5,4,0.03,0.505813953488372,0.505813953488372,0.544961240310078,5,"top5","hr_sd_precond;hr_med_precond;eda_med_precond;eeg_fm_lbeta_power_precond;pupil_full_pupil_asymmetry_precond"
2025-12-19 16:52:18.488007,21,"stress_label",5,8,0.03,0.511627906976744,0.459302325581395,0.542635658914729,5,"top5","hr_sd_precond;hr_med_precond;eda_med_precond;eeg_fm_lbeta_power_precond;pupil_full_pupil_asymmetry_precond"
2025-12-19 16:52:18.513393,21,"stress_label",5,16,0.03,0.5,0.447674418604651,0.496899224806202,5,"top5","hr_sd_precond;hr_med_precond;eda_med_precond;eeg_fm_lbeta_power_precond;pupil_full_pupil_asymmetry_precond"
2025-12-19 16:52:18.603533,21,"stress_label",5,32,0.03,0.534883720930233,0.505813953488372,NA,5,"top5","hr_sd_precond;hr_med_precond;eda_med_precond;eeg_fm_lbeta_power_precond;pupil_full_pupil_asymmetry_precond"
2025-12-19 16:52:18.678287,21,"stress_label",5,64,0.03,0.523255813953488,0.377906976744186,NA,5,"top5","hr_sd_precond;hr_med_precond;eda_med_precond;eeg_fm_lbeta_power_precond;pupil_full_pupil_asymmetry_precond"
2025-12-19 16:52:18.718051,21,"stress_label",5,128,0.03,0.494186046511628,0.354651162790698,NA,5,"top5","hr_sd_precond;hr_med_precond;eda_med_precond;eeg_fm_lbeta_power_precond;pupil_full_pupil_asymmetry_precond"
2025-12-19 16:52:18.976753,21,"stress_label",5,256,0.03,0.459302325581395,0.348837209302326,NA,5,"top5","hr_sd_precond;hr_med_precond;eda_med_precond;eeg_fm_lbeta_power_precond;pupil_full_pupil_asymmetry_precond"
2025-12-19 16:52:18.622549,21,"stress_label",5,2,0.06,0.523255813953488,0.494186046511628,0.551937984496124,5,"top5","hr_sd_precond;hr_med_precond;eda_med_precond;eeg_fm_lbeta_power_precond;pupil_full_pupil_asymmetry_precond"
2025-12-19 16:52:18.733052,21,"stress_label",5,4,0.06,0.5,0.418604651162791,0.497674418604651,5,"top5","hr_sd_precond;hr_med_precond;eda_med_precond;eeg_fm_lbeta_power_precond;pupil_full_pupil_asymmetry_precond"
2025-12-19 16:52:18.793209,21,"stress_label",5,8,0.06,0.517441860465116,0.36046511627907,NA,5,"top5","hr_sd_precond;hr_med_precond;eda_med_precond;eeg_fm_lbeta_power_precond;pupil_full_pupil_asymmetry_precond"
2025-12-19 16:52:18.806112,21,"stress_label",5,16,0.06,0.517441860465116,0.27906976744186,NA,5,"top5","hr_sd_precond;hr_med_precond;eda_med_precond;eeg_fm_lbeta_power_precond;pupil_full_pupil_asymmetry_precond"
2025-12-19 16:52:18.962439,21,"stress_label",5,32,0.06,0.488372093023256,0.354651162790698,NA,5,"top5","hr_sd_precond;hr_med_precond;eda_med_precond;eeg_fm_lbeta_power_precond;pupil_full_pupil_asymmetry_precond"
2025-12-19 16:52:19.282231,21,"stress_label",5,64,0.06,0.447674418604651,0.453488372093023,NA,5,"top5","hr_sd_precond;hr_med_precond;eda_med_precond;eeg_fm_lbeta_power_precond;pupil_full_pupil_asymmetry_precond"
2025-12-19 16:52:19.448041,21,"stress_label",5,128,0.06,0.436046511627907,0.5,NA,5,"top5","hr_sd_precond;hr_med_precond;eda_med_precond;eeg_fm_lbeta_power_precond;pupil_full_pupil_asymmetry_precond"
2025-12-19 16:52:19.834253,21,"stress_label",5,256,0.06,0.406976744186047,0.581395348837209,NA,5,"top5","hr_sd_precond;hr_med_precond;eda_med_precond;eeg_fm_lbeta_power_precond;pupil_full_pupil_asymmetry_precond"
2025-12-19 16:52:19.478712,21,"stress_label",5,2,0.1,0.505813953488372,0.453488372093023,0.497674418604651,5,"top5","hr_sd_precond;hr_med_precond;eda_med_precond;eeg_fm_lbeta_power_precond;pupil_full_pupil_asymmetry_precond"
2025-12-19 16:52:19.546549,21,"stress_label",5,4,0.1,0.488372093023256,0.459302325581395,0.45968992248062,5,"top5","hr_sd_precond;hr_med_precond;eda_med_precond;eeg_fm_lbeta_power_precond;pupil_full_pupil_asymmetry_precond"
2025-12-19 16:52:19.599378,21,"stress_label",5,8,0.1,0.505813953488372,0.383720930232558,NA,5,"top5","hr_sd_precond;hr_med_precond;eda_med_precond;eeg_fm_lbeta_power_precond;pupil_full_pupil_asymmetry_precond"
2025-12-19 16:52:19.612328,21,"stress_label",5,16,0.1,0.453488372093023,0.441860465116279,NA,5,"top5","hr_sd_precond;hr_med_precond;eda_med_precond;eeg_fm_lbeta_power_precond;pupil_full_pupil_asymmetry_precond"
2025-12-19 16:52:19.711007,21,"stress_label",5,32,0.1,0.447674418604651,0.47093023255814,NA,5,"top5","hr_sd_precond;hr_med_precond;eda_med_precond;eeg_fm_lbeta_power_precond;pupil_full_pupil_asymmetry_precond"
2025-12-19 16:52:19.767069,21,"stress_label",5,64,0.1,0.412790697674419,0.581395348837209,NA,5,"top5","hr_sd_precond;hr_med_precond;eda_med_precond;eeg_fm_lbeta_power_precond;pupil_full_pupil_asymmetry_precond"
2025-12-19 16:52:19.949789,21,"stress_label",5,128,0.1,0.412790697674419,0.575581395348837,NA,5,"top5","hr_sd_precond;hr_med_precond;eda_med_precond;eeg_fm_lbeta_power_precond;pupil_full_pupil_asymmetry_precond"
2025-12-19 16:52:20.288276,21,"stress_label",5,256,0.1,0.459302325581395,0.529069767441861,0.448062015503876,5,"top5","hr_sd_precond;hr_med_precond;eda_med_precond;eeg_fm_lbeta_power_precond;pupil_full_pupil_asymmetry_precond"
2025-12-19 16:52:21.551338,22,"stress_label",5,2,0.0078125,0.616279069767442,0.604651162790698,0.617054263565891,5,"top5","hr_sd_precond;hr_med_precond;eda_med_precond;hrv_rmssd_precond;eeg_fm_specent_precond"
2025-12-19 16:52:21.553934,22,"stress_label",5,4,0.0078125,0.61046511627907,0.616279069767442,0.613178294573643,5,"top5","hr_sd_precond;hr_med_precond;eda_med_precond;hrv_rmssd_precond;eeg_fm_specent_precond"
2025-12-19 16:52:21.539997,22,"stress_label",5,8,0.0078125,0.581395348837209,0.616279069767442,0.566666666666667,5,"top5","hr_sd_precond;hr_med_precond;eda_med_precond;hrv_rmssd_precond;eeg_fm_specent_precond"
2025-12-19 16:52:21.523087,22,"stress_label",5,16,0.0078125,0.598837209302326,0.633720930232558,0.594573643410853,5,"top5","hr_sd_precond;hr_med_precond;eda_med_precond;hrv_rmssd_precond;eeg_fm_specent_precond"
2025-12-19 16:52:21.558891,22,"stress_label",5,32,0.0078125,0.616279069767442,0.633720930232558,0.609302325581395,5,"top5","hr_sd_precond;hr_med_precond;eda_med_precond;hrv_rmssd_precond;eeg_fm_specent_precond"
2025-12-19 16:52:21.560745,22,"stress_label",5,64,0.0078125,0.587209302325581,0.616279069767442,0.588372093023256,5,"top5","hr_sd_precond;hr_med_precond;eda_med_precond;hrv_rmssd_precond;eeg_fm_specent_precond"
2025-12-19 16:52:21.561549,22,"stress_label",5,128,0.0078125,0.569767441860465,0.604651162790698,0.578294573643411,5,"top5","hr_sd_precond;hr_med_precond;eda_med_precond;hrv_rmssd_precond;eeg_fm_specent_precond"
2025-12-19 16:52:21.664822,22,"stress_label",5,256,0.0078125,0.5,0.511627906976744,NA,5,"top5","hr_sd_precond;hr_med_precond;eda_med_precond;hrv_rmssd_precond;eeg_fm_specent_precond"
2025-12-19 16:52:21.521472,22,"stress_label",5,2,0.015625,0.616279069767442,0.604651162790698,0.617054263565891,5,"top5","hr_sd_precond;hr_med_precond;eda_med_precond;hrv_rmssd_precond;eeg_fm_specent_precond"
2025-12-19 16:52:21.544583,22,"stress_label",5,4,0.015625,0.604651162790698,0.61046511627907,0.594573643410853,5,"top5","hr_sd_precond;hr_med_precond;eda_med_precond;hrv_rmssd_precond;eeg_fm_specent_precond"
2025-12-19 16:52:21.572267,22,"stress_label",5,8,0.015625,0.61046511627907,0.627906976744186,0.609302325581395,5,"top5","hr_sd_precond;hr_med_precond;eda_med_precond;hrv_rmssd_precond;eeg_fm_specent_precond"
2025-12-19 16:52:21.513303,22,"stress_label",5,16,0.015625,0.593023255813954,0.61046511627907,0.593023255813954,5,"top5","hr_sd_precond;hr_med_precond;eda_med_precond;hrv_rmssd_precond;eeg_fm_specent_precond"
2025-12-19 16:52:21.787454,22,"stress_label",5,32,0.015625,0.563953488372093,0.61046511627907,0.58062015503876,5,"top5","hr_sd_precond;hr_med_precond;eda_med_precond;hrv_rmssd_precond;eeg_fm_specent_precond"
2025-12-19 16:52:21.604536,22,"stress_label",5,64,0.015625,0.517441860465116,0.558139534883721,NA,5,"top5","hr_sd_precond;hr_med_precond;eda_med_precond;hrv_rmssd_precond;eeg_fm_specent_precond"
2025-12-19 16:52:22.804016,22,"stress_label",5,128,0.015625,0.494186046511628,0.494186046511628,NA,5,"top5","hr_sd_precond;hr_med_precond;eda_med_precond;hrv_rmssd_precond;eeg_fm_specent_precond"
2025-12-19 16:52:22.843581,22,"stress_label",5,256,0.015625,0.505813953488372,0.465116279069767,0.505426356589147,5,"top5","hr_sd_precond;hr_med_precond;eda_med_precond;hrv_rmssd_precond;eeg_fm_specent_precond"
2025-12-19 16:52:22.671754,22,"stress_label",5,2,0.03125,0.61046511627907,0.598837209302326,0.609302325581395,5,"top5","hr_sd_precond;hr_med_precond;eda_med_precond;hrv_rmssd_precond;eeg_fm_specent_precond"
2025-12-19 16:52:22.698468,22,"stress_label",5,4,0.03125,0.598837209302326,0.616279069767442,0.589147286821705,5,"top5","hr_sd_precond;hr_med_precond;eda_med_precond;hrv_rmssd_precond;eeg_fm_specent_precond"
2025-12-19 16:52:22.660379,22,"stress_label",5,8,0.03125,0.563953488372093,0.598837209302326,0.576744186046512,5,"top5","hr_sd_precond;hr_med_precond;eda_med_precond;hrv_rmssd_precond;eeg_fm_specent_precond"
2025-12-19 16:52:22.727675,22,"stress_label",5,16,0.03125,0.529069767441861,0.523255813953488,NA,5,"top5","hr_sd_precond;hr_med_precond;eda_med_precond;hrv_rmssd_precond;eeg_fm_specent_precond"
2025-12-19 16:52:22.744828,22,"stress_label",5,32,0.03125,0.523255813953488,0.505813953488372,0.516279069767442,5,"top5","hr_sd_precond;hr_med_precond;eda_med_precond;hrv_rmssd_precond;eeg_fm_specent_precond"
2025-12-19 16:52:23.006507,22,"stress_label",5,64,0.03125,0.505813953488372,0.447674418604651,0.512403100775194,5,"top5","hr_sd_precond;hr_med_precond;eda_med_precond;hrv_rmssd_precond;eeg_fm_specent_precond"
2025-12-19 16:52:22.875653,22,"stress_label",5,128,0.03125,0.482558139534884,0.436046511627907,0.485271317829457,5,"top5","hr_sd_precond;hr_med_precond;eda_med_precond;hrv_rmssd_precond;eeg_fm_specent_precond"
2025-12-19 16:52:23.025493,22,"stress_label",5,256,0.03125,0.436046511627907,0.377906976744186,NA,5,"top5","hr_sd_precond;hr_med_precond;eda_med_precond;hrv_rmssd_precond;eeg_fm_specent_precond"
2025-12-19 16:52:22.696285,22,"stress_label",5,2,0.0625,0.569767441860465,0.575581395348837,0.575968992248062,5,"top5","hr_sd_precond;hr_med_precond;eda_med_precond;hrv_rmssd_precond;eeg_fm_specent_precond"
2025-12-19 16:52:22.753497,22,"stress_label",5,4,0.0625,0.546511627906977,0.529069767441861,0.55968992248062,5,"top5","hr_sd_precond;hr_med_precond;eda_med_precond;hrv_rmssd_precond;eeg_fm_specent_precond"
2025-12-19 16:52:23.003233,22,"stress_label",5,8,0.0625,0.558139534883721,0.5,0.573643410852713,5,"top5","hr_sd_precond;hr_med_precond;eda_med_precond;hrv_rmssd_precond;eeg_fm_specent_precond"
2025-12-19 16:52:22.885693,22,"stress_label",5,16,0.0625,0.523255813953488,0.412790697674419,0.536434108527132,5,"top5","hr_sd_precond;hr_med_precond;eda_med_precond;hrv_rmssd_precond;eeg_fm_specent_precond"
2025-12-19 16:52:23.768955,22,"stress_label",5,32,0.0625,0.47093023255814,0.36046511627907,0.477519379844961,5,"top5","hr_sd_precond;hr_med_precond;eda_med_precond;hrv_rmssd_precond;eeg_fm_specent_precond"
2025-12-19 16:52:23.905427,22,"stress_label",5,64,0.0625,0.447674418604651,0.401162790697674,NA,5,"top5","hr_sd_precond;hr_med_precond;eda_med_precond;hrv_rmssd_precond;eeg_fm_specent_precond"
2025-12-19 16:52:24.016418,22,"stress_label",5,128,0.0625,0.436046511627907,0.441860465116279,0.43953488372093,5,"top5","hr_sd_precond;hr_med_precond;eda_med_precond;hrv_rmssd_precond;eeg_fm_specent_precond"
2025-12-19 16:52:24.387614,22,"stress_label",5,256,0.0625,0.418604651162791,0.47093023255814,NA,5,"top5","hr_sd_precond;hr_med_precond;eda_med_precond;hrv_rmssd_precond;eeg_fm_specent_precond"
2025-12-19 16:52:23.764664,22,"stress_label",5,2,0.125,0.546511627906977,0.546511627906977,0.554263565891473,5,"top5","hr_sd_precond;hr_med_precond;eda_med_precond;hrv_rmssd_precond;eeg_fm_specent_precond"
2025-12-19 16:52:23.828206,22,"stress_label",5,4,0.125,0.523255813953488,0.494186046511628,0.544186046511628,5,"top5","hr_sd_precond;hr_med_precond;eda_med_precond;hrv_rmssd_precond;eeg_fm_specent_precond"
2025-12-19 16:52:24.042082,22,"stress_label",5,8,0.125,0.441860465116279,0.366279069767442,0.463565891472868,5,"top5","hr_sd_precond;hr_med_precond;eda_med_precond;hrv_rmssd_precond;eeg_fm_specent_precond"
2025-12-19 16:52:23.890458,22,"stress_label",5,16,0.125,0.447674418604651,0.366279069767442,0.442635658914729,5,"top5","hr_sd_precond;hr_med_precond;eda_med_precond;hrv_rmssd_precond;eeg_fm_specent_precond"
2025-12-19 16:52:24.020441,22,"stress_label",5,32,0.125,0.447674418604651,0.436046511627907,NA,5,"top5","hr_sd_precond;hr_med_precond;eda_med_precond;hrv_rmssd_precond;eeg_fm_specent_precond"
2025-12-19 16:52:24.227748,22,"stress_label",5,64,0.125,0.436046511627907,0.47093023255814,NA,5,"top5","hr_sd_precond;hr_med_precond;eda_med_precond;hrv_rmssd_precond;eeg_fm_specent_precond"
2025-12-19 16:52:24.461328,22,"stress_label",5,128,0.125,0.47093023255814,0.459302325581395,NA,5,"top5","hr_sd_precond;hr_med_precond;eda_med_precond;hrv_rmssd_precond;eeg_fm_specent_precond"
2025-12-19 16:52:24.899132,22,"stress_label",5,256,0.125,0.447674418604651,0.412790697674419,NA,5,"top5","hr_sd_precond;hr_med_precond;eda_med_precond;hrv_rmssd_precond;eeg_fm_specent_precond"
2025-12-19 16:52:24.037674,22,"stress_label",5,2,0.03,0.61046511627907,0.581395348837209,0.609302325581395,5,"top5","hr_sd_precond;hr_med_precond;eda_med_precond;hrv_rmssd_precond;eeg_fm_specent_precond"
2025-12-19 16:52:24.291945,22,"stress_label",5,4,0.03,0.61046511627907,0.616279069767442,0.604651162790698,5,"top5","hr_sd_precond;hr_med_precond;eda_med_precond;hrv_rmssd_precond;eeg_fm_specent_precond"
2025-12-19 16:52:25.0368,22,"stress_label",5,8,0.03,0.563953488372093,0.569767441860465,0.576744186046512,5,"top5","hr_sd_precond;hr_med_precond;eda_med_precond;hrv_rmssd_precond;eeg_fm_specent_precond"
2025-12-19 16:52:25.101517,22,"stress_label",5,16,0.03,0.534883720930233,0.552325581395349,NA,5,"top5","hr_sd_precond;hr_med_precond;eda_med_precond;hrv_rmssd_precond;eeg_fm_specent_precond"
2025-12-19 16:52:24.93973,22,"stress_label",5,32,0.03,0.505813953488372,0.581395348837209,NA,5,"top5","hr_sd_precond;hr_med_precond;eda_med_precond;hrv_rmssd_precond;eeg_fm_specent_precond"
2025-12-19 16:52:25.074053,22,"stress_label",5,64,0.03,0.511627906976744,0.459302325581395,0.521705426356589,5,"top5","hr_sd_precond;hr_med_precond;eda_med_precond;hrv_rmssd_precond;eeg_fm_specent_precond"
2025-12-19 16:52:25.118051,22,"stress_label",5,128,0.03,0.488372093023256,0.412790697674419,0.489922480620155,5,"top5","hr_sd_precond;hr_med_precond;eda_med_precond;hrv_rmssd_precond;eeg_fm_specent_precond"
2025-12-19 16:52:25.446557,22,"stress_label",5,256,0.03,0.441860465116279,0.476744186046512,NA,5,"top5","hr_sd_precond;hr_med_precond;eda_med_precond;hrv_rmssd_precond;eeg_fm_specent_precond"
2025-12-19 16:52:25.074132,22,"stress_label",5,2,0.06,0.569767441860465,0.575581395348837,0.575968992248062,5,"top5","hr_sd_precond;hr_med_precond;eda_med_precond;hrv_rmssd_precond;eeg_fm_specent_precond"
2025-12-19 16:52:25.071438,22,"stress_label",5,4,0.06,0.546511627906977,0.540697674418605,0.55968992248062,5,"top5","hr_sd_precond;hr_med_precond;eda_med_precond;hrv_rmssd_precond;eeg_fm_specent_precond"
2025-12-19 16:52:25.112777,22,"stress_label",5,8,0.06,0.546511627906977,0.540697674418605,0.557364341085271,5,"top5","hr_sd_precond;hr_med_precond;eda_med_precond;hrv_rmssd_precond;eeg_fm_specent_precond"
2025-12-19 16:52:25.352363,22,"stress_label",5,16,0.06,0.523255813953488,0.424418604651163,0.536434108527132,5,"top5","hr_sd_precond;hr_med_precond;eda_med_precond;hrv_rmssd_precond;eeg_fm_specent_precond"
2025-12-19 16:52:25.421255,22,"stress_label",5,32,0.06,0.476744186046512,0.447674418604651,0.484496124031008,5,"top5","hr_sd_precond;hr_med_precond;eda_med_precond;hrv_rmssd_precond;eeg_fm_specent_precond"
2025-12-19 16:52:25.76271,22,"stress_label",5,64,0.06,0.436046511627907,0.38953488372093,NA,5,"top5","hr_sd_precond;hr_med_precond;eda_med_precond;hrv_rmssd_precond;eeg_fm_specent_precond"
2025-12-19 16:52:25.779403,22,"stress_label",5,128,0.06,0.436046511627907,0.529069767441861,0.43953488372093,5,"top5","hr_sd_precond;hr_med_precond;eda_med_precond;hrv_rmssd_precond;eeg_fm_specent_precond"
2025-12-19 16:52:26.278765,22,"stress_label",5,256,0.06,0.412790697674419,0.47093023255814,NA,5,"top5","hr_sd_precond;hr_med_precond;eda_med_precond;hrv_rmssd_precond;eeg_fm_specent_precond"
2025-12-19 16:52:26.058051,22,"stress_label",5,2,0.1,0.546511627906977,0.546511627906977,0.555813953488372,5,"top5","hr_sd_precond;hr_med_precond;eda_med_precond;hrv_rmssd_precond;eeg_fm_specent_precond"
2025-12-19 16:52:25.984165,22,"stress_label",5,4,0.1,0.529069767441861,0.529069767441861,0.546511627906977,5,"top5","hr_sd_precond;hr_med_precond;eda_med_precond;hrv_rmssd_precond;eeg_fm_specent_precond"
2025-12-19 16:52:26.01058,22,"stress_label",5,8,0.1,0.482558139534884,0.465116279069767,0.507751937984496,5,"top5","hr_sd_precond;hr_med_precond;eda_med_precond;hrv_rmssd_precond;eeg_fm_specent_precond"
2025-12-19 16:52:26.096745,22,"stress_label",5,16,0.1,0.430232558139535,0.372093023255814,NA,5,"top5","hr_sd_precond;hr_med_precond;eda_med_precond;hrv_rmssd_precond;eeg_fm_specent_precond"
2025-12-19 16:52:26.062567,22,"stress_label",5,32,0.1,0.447674418604651,0.406976744186047,0.43953488372093,5,"top5","hr_sd_precond;hr_med_precond;eda_med_precond;hrv_rmssd_precond;eeg_fm_specent_precond"
2025-12-19 16:52:26.221662,22,"stress_label",5,64,0.1,0.453488372093023,0.453488372093023,NA,5,"top5","hr_sd_precond;hr_med_precond;eda_med_precond;hrv_rmssd_precond;eeg_fm_specent_precond"
2025-12-19 16:52:26.333545,22,"stress_label",5,128,0.1,0.441860465116279,0.337209302325581,NA,5,"top5","hr_sd_precond;hr_med_precond;eda_med_precond;hrv_rmssd_precond;eeg_fm_specent_precond"
2025-12-19 16:52:26.803605,22,"stress_label",5,256,0.1,0.465116279069767,0.546511627906977,NA,5,"top5","hr_sd_precond;hr_med_precond;eda_med_precond;hrv_rmssd_precond;eeg_fm_specent_precond"
2025-12-19 16:52:28.061463,23,"stress_label",5,2,0.0078125,0.587209302325581,0.575581395348837,0.582945736434109,5,"top5","hr_sd_precond;hr_med_precond;eda_med_precond;hrv_rmssd_precond;eeg_fm_specent_precond"
2025-12-19 16:52:28.062968,23,"stress_label",5,4,0.0078125,0.581395348837209,0.593023255813954,0.571317829457364,5,"top5","hr_sd_precond;hr_med_precond;eda_med_precond;hrv_rmssd_precond;eeg_fm_specent_precond"
2025-12-19 16:52:28.044881,23,"stress_label",5,8,0.0078125,0.581395348837209,0.598837209302326,0.574418604651163,5,"top5","hr_sd_precond;hr_med_precond;eda_med_precond;hrv_rmssd_precond;eeg_fm_specent_precond"
2025-12-19 16:52:28.033932,23,"stress_label",5,16,0.0078125,0.598837209302326,0.616279069767442,0.589922480620155,5,"top5","hr_sd_precond;hr_med_precond;eda_med_precond;hrv_rmssd_precond;eeg_fm_specent_precond"
2025-12-19 16:52:28.100686,23,"stress_label",5,32,0.0078125,0.593023255813954,0.598837209302326,0.592248062015504,5,"top5","hr_sd_precond;hr_med_precond;eda_med_precond;hrv_rmssd_precond;eeg_fm_specent_precond"
2025-12-19 16:52:28.318445,23,"stress_label",5,64,0.0078125,0.563953488372093,0.552325581395349,0.58062015503876,5,"top5","hr_sd_precond;hr_med_precond;eda_med_precond;hrv_rmssd_precond;eeg_fm_specent_precond"
2025-12-19 16:52:28.112365,23,"stress_label",5,128,0.0078125,0.529069767441861,0.505813953488372,0.542635658914729,5,"top5","hr_sd_precond;hr_med_precond;eda_med_precond;hrv_rmssd_precond;eeg_fm_specent_precond"
2025-12-19 16:52:28.180516,23,"stress_label",5,256,0.0078125,0.465116279069767,0.482558139534884,NA,5,"top5","hr_sd_precond;hr_med_precond;eda_med_precond;hrv_rmssd_precond;eeg_fm_specent_precond"
2025-12-19 16:52:28.049089,23,"stress_label",5,2,0.015625,0.587209302325581,0.598837209302326,0.582945736434109,5,"top5","hr_sd_precond;hr_med_precond;eda_med_precond;hrv_rmssd_precond;eeg_fm_specent_precond"
2025-12-19 16:52:28.080332,23,"stress_label",5,4,0.015625,0.598837209302326,0.598837209302326,0.60077519379845,5,"top5","hr_sd_precond;hr_med_precond;eda_med_precond;hrv_rmssd_precond;eeg_fm_specent_precond"
2025-12-19 16:52:28.365781,23,"stress_label",5,8,0.015625,0.598837209302326,0.575581395348837,0.595348837209302,5,"top5","hr_sd_precond;hr_med_precond;eda_med_precond;hrv_rmssd_precond;eeg_fm_specent_precond"
2025-12-19 16:52:28.334598,23,"stress_label",5,16,0.015625,0.563953488372093,0.517441860465116,0.58062015503876,5,"top5","hr_sd_precond;hr_med_precond;eda_med_precond;hrv_rmssd_precond;eeg_fm_specent_precond"
2025-12-19 16:52:28.082553,23,"stress_label",5,32,0.015625,0.523255813953488,0.540697674418605,0.535658914728682,5,"top5","hr_sd_precond;hr_med_precond;eda_med_precond;hrv_rmssd_precond;eeg_fm_specent_precond"
2025-12-19 16:52:28.131588,23,"stress_label",5,64,0.015625,0.482558139534884,0.482558139534884,NA,5,"top5","hr_sd_precond;hr_med_precond;eda_med_precond;hrv_rmssd_precond;eeg_fm_specent_precond"
2025-12-19 16:52:29.17923,23,"stress_label",5,128,0.015625,0.505813953488372,0.418604651162791,0.511627906976744,5,"top5","hr_sd_precond;hr_med_precond;eda_med_precond;hrv_rmssd_precond;eeg_fm_specent_precond"
2025-12-19 16:52:29.304459,23,"stress_label",5,256,0.015625,0.476744186046512,0.494186046511628,0.492248062015504,5,"top5","hr_sd_precond;hr_med_precond;eda_med_precond;hrv_rmssd_precond;eeg_fm_specent_precond"
2025-12-19 16:52:29.112256,23,"stress_label",5,2,0.03125,0.593023255813954,0.598837209302326,0.591472868217054,5,"top5","hr_sd_precond;hr_med_precond;eda_med_precond;hrv_rmssd_precond;eeg_fm_specent_precond"
2025-12-19 16:52:29.151015,23,"stress_label",5,4,0.03125,0.581395348837209,0.558139534883721,0.586821705426357,5,"top5","hr_sd_precond;hr_med_precond;eda_med_precond;hrv_rmssd_precond;eeg_fm_specent_precond"
2025-12-19 16:52:29.128075,23,"stress_label",5,8,0.03125,0.523255813953488,0.546511627906977,0.535658914728682,5,"top5","hr_sd_precond;hr_med_precond;eda_med_precond;hrv_rmssd_precond;eeg_fm_specent_precond"
2025-12-19 16:52:29.173361,23,"stress_label",5,16,0.03125,0.5,0.517441860465116,NA,5,"top5","hr_sd_precond;hr_med_precond;eda_med_precond;hrv_rmssd_precond;eeg_fm_specent_precond"
2025-12-19 16:52:29.219924,23,"stress_label",5,32,0.03125,0.505813953488372,0.488372093023256,0.509302325581395,5,"top5","hr_sd_precond;hr_med_precond;eda_med_precond;hrv_rmssd_precond;eeg_fm_specent_precond"
2025-12-19 16:52:29.254624,23,"stress_label",5,64,0.03125,0.459302325581395,0.453488372093023,0.466666666666667,5,"top5","hr_sd_precond;hr_med_precond;eda_med_precond;hrv_rmssd_precond;eeg_fm_specent_precond"
2025-12-19 16:52:29.37091,23,"stress_label",5,128,0.03125,0.465116279069767,0.476744186046512,0.462790697674419,5,"top5","hr_sd_precond;hr_med_precond;eda_med_precond;hrv_rmssd_precond;eeg_fm_specent_precond"
2025-12-19 16:52:29.563207,23,"stress_label",5,256,0.03125,0.505813953488372,0.395348837209302,NA,5,"top5","hr_sd_precond;hr_med_precond;eda_med_precond;hrv_rmssd_precond;eeg_fm_specent_precond"
2025-12-19 16:52:29.21472,23,"stress_label",5,2,0.0625,0.534883720930233,0.529069767441861,0.549612403100775,5,"top5","hr_sd_precond;hr_med_precond;eda_med_precond;hrv_rmssd_precond;eeg_fm_specent_precond"
2025-12-19 16:52:29.344146,23,"stress_label",5,4,0.0625,0.505813953488372,0.494186046511628,0.524806201550388,5,"top5","hr_sd_precond;hr_med_precond;eda_med_precond;hrv_rmssd_precond;eeg_fm_specent_precond"
2025-12-19 16:52:29.386872,23,"stress_label",5,8,0.0625,0.529069767441861,0.459302325581395,0.543410852713178,5,"top5","hr_sd_precond;hr_med_precond;eda_med_precond;hrv_rmssd_precond;eeg_fm_specent_precond"
2025-12-19 16:52:29.418804,23,"stress_label",5,16,0.0625,0.465116279069767,0.436046511627907,0.466666666666667,5,"top5","hr_sd_precond;hr_med_precond;eda_med_precond;hrv_rmssd_precond;eeg_fm_specent_precond"
2025-12-19 16:52:30.232593,23,"stress_label",5,32,0.0625,0.488372093023256,0.453488372093023,NA,5,"top5","hr_sd_precond;hr_med_precond;eda_med_precond;hrv_rmssd_precond;eeg_fm_specent_precond"
2025-12-19 16:52:30.350764,23,"stress_label",5,64,0.0625,0.511627906976744,0.401162790697674,NA,5,"top5","hr_sd_precond;hr_med_precond;eda_med_precond;hrv_rmssd_precond;eeg_fm_specent_precond"
2025-12-19 16:52:30.554599,23,"stress_label",5,128,0.0625,0.476744186046512,0.430232558139535,NA,5,"top5","hr_sd_precond;hr_med_precond;eda_med_precond;hrv_rmssd_precond;eeg_fm_specent_precond"
2025-12-19 16:52:30.877323,23,"stress_label",5,256,0.0625,0.482558139534884,0.395348837209302,NA,5,"top5","hr_sd_precond;hr_med_precond;eda_med_precond;hrv_rmssd_precond;eeg_fm_specent_precond"
2025-12-19 16:52:30.20407,23,"stress_label",5,2,0.125,0.523255813953488,0.534883720930233,0.544186046511628,5,"top5","hr_sd_precond;hr_med_precond;eda_med_precond;hrv_rmssd_precond;eeg_fm_specent_precond"
2025-12-19 16:52:30.245419,23,"stress_label",5,4,0.125,0.523255813953488,0.447674418604651,0.537984496124031,5,"top5","hr_sd_precond;hr_med_precond;eda_med_precond;hrv_rmssd_precond;eeg_fm_specent_precond"
2025-12-19 16:52:30.265761,23,"stress_label",5,8,0.125,0.511627906976744,0.430232558139535,NA,5,"top5","hr_sd_precond;hr_med_precond;eda_med_precond;hrv_rmssd_precond;eeg_fm_specent_precond"
2025-12-19 16:52:30.34311,23,"stress_label",5,16,0.125,0.5,0.406976744186047,NA,5,"top5","hr_sd_precond;hr_med_precond;eda_med_precond;hrv_rmssd_precond;eeg_fm_specent_precond"
2025-12-19 16:52:30.498688,23,"stress_label",5,32,0.125,0.494186046511628,0.308139534883721,NA,5,"top5","hr_sd_precond;hr_med_precond;eda_med_precond;hrv_rmssd_precond;eeg_fm_specent_precond"
2025-12-19 16:52:30.688676,23,"stress_label",5,64,0.125,0.482558139534884,0.447674418604651,NA,5,"top5","hr_sd_precond;hr_med_precond;eda_med_precond;hrv_rmssd_precond;eeg_fm_specent_precond"
2025-12-19 16:52:30.963423,23,"stress_label",5,128,0.125,0.517441860465116,0.424418604651163,NA,5,"top5","hr_sd_precond;hr_med_precond;eda_med_precond;hrv_rmssd_precond;eeg_fm_specent_precond"
2025-12-19 16:52:31.376908,23,"stress_label",5,256,0.125,0.5,0.412790697674419,NA,5,"top5","hr_sd_precond;hr_med_precond;eda_med_precond;hrv_rmssd_precond;eeg_fm_specent_precond"
2025-12-19 16:52:30.456921,23,"stress_label",5,2,0.03,0.593023255813954,0.598837209302326,0.591472868217054,5,"top5","hr_sd_precond;hr_med_precond;eda_med_precond;hrv_rmssd_precond;eeg_fm_specent_precond"
2025-12-19 16:52:30.589528,23,"stress_label",5,4,0.03,0.587209302325581,0.598837209302326,0.589147286821705,5,"top5","hr_sd_precond;hr_med_precond;eda_med_precond;hrv_rmssd_precond;eeg_fm_specent_precond"
2025-12-19 16:52:31.213226,23,"stress_label",5,8,0.03,0.529069767441861,0.569767441860465,0.537984496124031,5,"top5","hr_sd_precond;hr_med_precond;eda_med_precond;hrv_rmssd_precond;eeg_fm_specent_precond"
2025-12-19 16:52:31.254736,23,"stress_label",5,16,0.03,0.505813953488372,0.424418604651163,0.521705426356589,5,"top5","hr_sd_precond;hr_med_precond;eda_med_precond;hrv_rmssd_precond;eeg_fm_specent_precond"
2025-12-19 16:52:31.299253,23,"stress_label",5,32,0.03,0.511627906976744,0.412790697674419,NA,5,"top5","hr_sd_precond;hr_med_precond;eda_med_precond;hrv_rmssd_precond;eeg_fm_specent_precond"
2025-12-19 16:52:31.386752,23,"stress_label",5,64,0.03,0.476744186046512,0.523255813953488,0.494573643410853,5,"top5","hr_sd_precond;hr_med_precond;eda_med_precond;hrv_rmssd_precond;eeg_fm_specent_precond"
2025-12-19 16:52:31.582733,23,"stress_label",5,128,0.03,0.459302325581395,0.366279069767442,0.455813953488372,5,"top5","hr_sd_precond;hr_med_precond;eda_med_precond;hrv_rmssd_precond;eeg_fm_specent_precond"
2025-12-19 16:52:31.72976,23,"stress_label",5,256,0.03,0.476744186046512,0.372093023255814,0.47984496124031,5,"top5","hr_sd_precond;hr_med_precond;eda_med_precond;hrv_rmssd_precond;eeg_fm_specent_precond"
2025-12-19 16:52:31.473657,23,"stress_label",5,2,0.06,0.534883720930233,0.534883720930233,0.549612403100775,5,"top5","hr_sd_precond;hr_med_precond;eda_med_precond;hrv_rmssd_precond;eeg_fm_specent_precond"
2025-12-19 16:52:31.52407,23,"stress_label",5,4,0.06,0.505813953488372,0.558139534883721,0.524806201550388,5,"top5","hr_sd_precond;hr_med_precond;eda_med_precond;hrv_rmssd_precond;eeg_fm_specent_precond"
2025-12-19 16:52:31.615514,23,"stress_label",5,8,0.06,0.517441860465116,0.494186046511628,0.529457364341085,5,"top5","hr_sd_precond;hr_med_precond;eda_med_precond;hrv_rmssd_precond;eeg_fm_specent_precond"
2025-12-19 16:52:31.64359,23,"stress_label",5,16,0.06,0.482558139534884,0.447674418604651,0.494573643410853,5,"top5","hr_sd_precond;hr_med_precond;eda_med_precond;hrv_rmssd_precond;eeg_fm_specent_precond"
2025-12-19 16:52:31.78876,23,"stress_label",5,32,0.06,0.482558139534884,0.395348837209302,NA,5,"top5","hr_sd_precond;hr_med_precond;eda_med_precond;hrv_rmssd_precond;eeg_fm_specent_precond"
2025-12-19 16:52:32.073243,23,"stress_label",5,64,0.06,0.494186046511628,0.308139534883721,NA,5,"top5","hr_sd_precond;hr_med_precond;eda_med_precond;hrv_rmssd_precond;eeg_fm_specent_precond"
2025-12-19 16:52:32.29637,23,"stress_label",5,128,0.06,0.494186046511628,0.459302325581395,NA,5,"top5","hr_sd_precond;hr_med_precond;eda_med_precond;hrv_rmssd_precond;eeg_fm_specent_precond"
2025-12-19 16:52:32.713387,23,"stress_label",5,256,0.06,0.476744186046512,0.302325581395349,NA,5,"top5","hr_sd_precond;hr_med_precond;eda_med_precond;hrv_rmssd_precond;eeg_fm_specent_precond"
2025-12-19 16:52:32.247759,23,"stress_label",5,2,0.1,0.511627906976744,0.540697674418605,0.527906976744186,5,"top5","hr_sd_precond;hr_med_precond;eda_med_precond;hrv_rmssd_precond;eeg_fm_specent_precond"
2025-12-19 16:52:32.28754,23,"stress_label",5,4,0.1,0.511627906976744,0.459302325581395,0.527906976744186,5,"top5","hr_sd_precond;hr_med_precond;eda_med_precond;hrv_rmssd_precond;eeg_fm_specent_precond"
2025-12-19 16:52:32.365311,23,"stress_label",5,8,0.1,0.488372093023256,0.430232558139535,NA,5,"top5","hr_sd_precond;hr_med_precond;eda_med_precond;hrv_rmssd_precond;eeg_fm_specent_precond"
2025-12-19 16:52:32.37149,23,"stress_label",5,16,0.1,0.517441860465116,0.436046511627907,NA,5,"top5","hr_sd_precond;hr_med_precond;eda_med_precond;hrv_rmssd_precond;eeg_fm_specent_precond"
2025-12-19 16:52:32.476702,23,"stress_label",5,32,0.1,0.5,0.424418604651163,NA,5,"top5","hr_sd_precond;hr_med_precond;eda_med_precond;hrv_rmssd_precond;eeg_fm_specent_precond"
2025-12-19 16:52:32.588814,23,"stress_label",5,64,0.1,0.488372093023256,0.47093023255814,NA,5,"top5","hr_sd_precond;hr_med_precond;eda_med_precond;hrv_rmssd_precond;eeg_fm_specent_precond"
2025-12-19 16:52:32.797033,23,"stress_label",5,128,0.1,0.488372093023256,0.441860465116279,NA,5,"top5","hr_sd_precond;hr_med_precond;eda_med_precond;hrv_rmssd_precond;eeg_fm_specent_precond"
2025-12-19 16:52:33.087593,23,"stress_label",5,256,0.1,0.523255813953488,0.354651162790698,NA,5,"top5","hr_sd_precond;hr_med_precond;eda_med_precond;hrv_rmssd_precond;eeg_fm_specent_precond"
2025-12-19 16:52:34.359047,24,"stress_label",5,2,0.0078125,0.581395348837209,0.575581395348837,0.571317829457364,5,"top5","hr_sd_precond;hr_med_precond;eda_med_precond;eeg_fm_specent_precond;hrv_rmssd_precond"
2025-12-19 16:52:34.337499,24,"stress_label",5,4,0.0078125,0.581395348837209,0.587209302325581,0.568992248062016,5,"top5","hr_sd_precond;hr_med_precond;eda_med_precond;eeg_fm_specent_precond;hrv_rmssd_precond"
2025-12-19 16:52:34.344143,24,"stress_label",5,8,0.0078125,0.581395348837209,0.604651162790698,0.564341085271318,5,"top5","hr_sd_precond;hr_med_precond;eda_med_precond;eeg_fm_specent_precond;hrv_rmssd_precond"
2025-12-19 16:52:34.372585,24,"stress_label",5,16,0.0078125,0.598837209302326,0.61046511627907,0.587596899224806,5,"top5","hr_sd_precond;hr_med_precond;eda_med_precond;eeg_fm_specent_precond;hrv_rmssd_precond"
2025-12-19 16:52:34.306724,24,"stress_label",5,32,0.0078125,0.581395348837209,0.604651162790698,0.567441860465116,5,"top5","hr_sd_precond;hr_med_precond;eda_med_precond;eeg_fm_specent_precond;hrv_rmssd_precond"
2025-12-19 16:52:34.318561,24,"stress_label",5,64,0.0078125,0.540697674418605,0.5,0.531782945736434,5,"top5","hr_sd_precond;hr_med_precond;eda_med_precond;eeg_fm_specent_precond;hrv_rmssd_precond"
2025-12-19 16:52:34.384706,24,"stress_label",5,128,0.0078125,0.505813953488372,0.505813953488372,NA,5,"top5","hr_sd_precond;hr_med_precond;eda_med_precond;eeg_fm_specent_precond;hrv_rmssd_precond"
2025-12-19 16:52:34.4066,24,"stress_label",5,256,0.0078125,0.505813953488372,0.441860465116279,0.495348837209302,5,"top5","hr_sd_precond;hr_med_precond;eda_med_precond;eeg_fm_specent_precond;hrv_rmssd_precond"
2025-12-19 16:52:34.338428,24,"stress_label",5,2,0.015625,0.593023255813954,0.581395348837209,0.583720930232558,5,"top5","hr_sd_precond;hr_med_precond;eda_med_precond;eeg_fm_specent_precond;hrv_rmssd_precond"
2025-12-19 16:52:34.335269,24,"stress_label",5,4,0.015625,0.598837209302326,0.616279069767442,0.583720930232558,5,"top5","hr_sd_precond;hr_med_precond;eda_med_precond;eeg_fm_specent_precond;hrv_rmssd_precond"
2025-12-19 16:52:34.309614,24,"stress_label",5,8,0.015625,0.587209302325581,0.587209302325581,0.575193798449612,5,"top5","hr_sd_precond;hr_med_precond;eda_med_precond;eeg_fm_specent_precond;hrv_rmssd_precond"
2025-12-19 16:52:34.361271,24,"stress_label",5,16,0.015625,0.563953488372093,0.529069767441861,0.547286821705426,5,"top5","hr_sd_precond;hr_med_precond;eda_med_precond;eeg_fm_specent_precond;hrv_rmssd_precond"
2025-12-19 16:52:34.355087,24,"stress_label",5,32,0.015625,0.523255813953488,0.5,NA,5,"top5","hr_sd_precond;hr_med_precond;eda_med_precond;eeg_fm_specent_precond;hrv_rmssd_precond"
2025-12-19 16:52:34.33847,24,"stress_label",5,64,0.015625,0.511627906976744,0.453488372093023,0.502325581395349,5,"top5","hr_sd_precond;hr_med_precond;eda_med_precond;eeg_fm_specent_precond;hrv_rmssd_precond"
2025-12-19 16:52:35.453185,24,"stress_label",5,128,0.015625,0.47093023255814,0.447674418604651,NA,5,"top5","hr_sd_precond;hr_med_precond;eda_med_precond;eeg_fm_specent_precond;hrv_rmssd_precond"
2025-12-19 16:52:35.565642,24,"stress_label",5,256,0.015625,0.47093023255814,0.337209302325581,NA,5,"top5","hr_sd_precond;hr_med_precond;eda_med_precond;eeg_fm_specent_precond;hrv_rmssd_precond"
2025-12-19 16:52:35.380091,24,"stress_label",5,2,0.03125,0.604651162790698,0.61046511627907,0.59922480620155,5,"top5","hr_sd_precond;hr_med_precond;eda_med_precond;eeg_fm_specent_precond;hrv_rmssd_precond"
2025-12-19 16:52:35.37981,24,"stress_label",5,4,0.03125,0.581395348837209,0.552325581395349,0.570542635658915,5,"top5","hr_sd_precond;hr_med_precond;eda_med_precond;eeg_fm_specent_precond;hrv_rmssd_precond"
2025-12-19 16:52:35.38717,24,"stress_label",5,8,0.03125,0.529069767441861,0.540697674418605,0.531007751937985,5,"top5","hr_sd_precond;hr_med_precond;eda_med_precond;eeg_fm_specent_precond;hrv_rmssd_precond"
2025-12-19 16:52:35.409029,24,"stress_label",5,16,0.03125,0.511627906976744,0.482558139534884,NA,5,"top5","hr_sd_precond;hr_med_precond;eda_med_precond;eeg_fm_specent_precond;hrv_rmssd_precond"
2025-12-19 16:52:35.407627,24,"stress_label",5,32,0.03125,0.465116279069767,0.38953488372093,NA,5,"top5","hr_sd_precond;hr_med_precond;eda_med_precond;eeg_fm_specent_precond;hrv_rmssd_precond"
2025-12-19 16:52:35.484495,24,"stress_label",5,64,0.03125,0.465116279069767,0.313953488372093,NA,5,"top5","hr_sd_precond;hr_med_precond;eda_med_precond;eeg_fm_specent_precond;hrv_rmssd_precond"
2025-12-19 16:52:35.601969,24,"stress_label",5,128,0.03125,0.447674418604651,0.430232558139535,NA,5,"top5","hr_sd_precond;hr_med_precond;eda_med_precond;eeg_fm_specent_precond;hrv_rmssd_precond"
2025-12-19 16:52:35.729129,24,"stress_label",5,256,0.03125,0.436046511627907,0.38953488372093,NA,5,"top5","hr_sd_precond;hr_med_precond;eda_med_precond;eeg_fm_specent_precond;hrv_rmssd_precond"
2025-12-19 16:52:35.391146,24,"stress_label",5,2,0.0625,0.546511627906977,0.587209302325581,0.546511627906977,5,"top5","hr_sd_precond;hr_med_precond;eda_med_precond;eeg_fm_specent_precond;hrv_rmssd_precond"
2025-12-19 16:52:35.417978,24,"stress_label",5,4,0.0625,0.534883720930233,0.517441860465116,0.537984496124031,5,"top5","hr_sd_precond;hr_med_precond;eda_med_precond;eeg_fm_specent_precond;hrv_rmssd_precond"
2025-12-19 16:52:35.4671,24,"stress_label",5,8,0.0625,0.505813953488372,0.441860465116279,NA,5,"top5","hr_sd_precond;hr_med_precond;eda_med_precond;eeg_fm_specent_precond;hrv_rmssd_precond"
2025-12-19 16:52:35.502929,24,"stress_label",5,16,0.0625,0.47093023255814,0.401162790697674,NA,5,"top5","hr_sd_precond;hr_med_precond;eda_med_precond;eeg_fm_specent_precond;hrv_rmssd_precond"
2025-12-19 16:52:36.514877,24,"stress_label",5,32,0.0625,0.424418604651163,0.447674418604651,NA,5,"top5","hr_sd_precond;hr_med_precond;eda_med_precond;eeg_fm_specent_precond;hrv_rmssd_precond"
2025-12-19 16:52:36.559616,24,"stress_label",5,64,0.0625,0.418604651162791,0.476744186046512,0.426356589147287,5,"top5","hr_sd_precond;hr_med_precond;eda_med_precond;eeg_fm_specent_precond;hrv_rmssd_precond"
2025-12-19 16:52:36.75413,24,"stress_label",5,128,0.0625,0.482558139534884,0.418604651162791,NA,5,"top5","hr_sd_precond;hr_med_precond;eda_med_precond;eeg_fm_specent_precond;hrv_rmssd_precond"
2025-12-19 16:52:37.140726,24,"stress_label",5,256,0.0625,0.453488372093023,0.447674418604651,NA,5,"top5","hr_sd_precond;hr_med_precond;eda_med_precond;eeg_fm_specent_precond;hrv_rmssd_precond"
2025-12-19 16:52:36.412793,24,"stress_label",5,2,0.125,0.523255813953488,0.401162790697674,0.514728682170543,5,"top5","hr_sd_precond;hr_med_precond;eda_med_precond;eeg_fm_specent_precond;hrv_rmssd_precond"
2025-12-19 16:52:36.435336,24,"stress_label",5,4,0.125,0.482558139534884,0.430232558139535,NA,5,"top5","hr_sd_precond;hr_med_precond;eda_med_precond;eeg_fm_specent_precond;hrv_rmssd_precond"
2025-12-19 16:52:36.465955,24,"stress_label",5,8,0.125,0.424418604651163,0.348837209302326,NA,5,"top5","hr_sd_precond;hr_med_precond;eda_med_precond;eeg_fm_specent_precond;hrv_rmssd_precond"
2025-12-19 16:52:36.547468,24,"stress_label",5,16,0.125,0.47093023255814,0.401162790697674,NA,5,"top5","hr_sd_precond;hr_med_precond;eda_med_precond;eeg_fm_specent_precond;hrv_rmssd_precond"
2025-12-19 16:52:36.65117,24,"stress_label",5,32,0.125,0.447674418604651,0.534883720930233,NA,5,"top5","hr_sd_precond;hr_med_precond;eda_med_precond;eeg_fm_specent_precond;hrv_rmssd_precond"
2025-12-19 16:52:36.792262,24,"stress_label",5,64,0.125,0.459302325581395,0.401162790697674,NA,5,"top5","hr_sd_precond;hr_med_precond;eda_med_precond;eeg_fm_specent_precond;hrv_rmssd_precond"
2025-12-19 16:52:37.052946,24,"stress_label",5,128,0.125,0.505813953488372,0.36046511627907,NA,5,"top5","hr_sd_precond;hr_med_precond;eda_med_precond;eeg_fm_specent_precond;hrv_rmssd_precond"
2025-12-19 16:52:37.51714,24,"stress_label",5,256,0.125,0.465116279069767,0.412790697674419,NA,5,"top5","hr_sd_precond;hr_med_precond;eda_med_precond;eeg_fm_specent_precond;hrv_rmssd_precond"
2025-12-19 16:52:36.621081,24,"stress_label",5,2,0.03,0.604651162790698,0.552325581395349,0.59922480620155,5,"top5","hr_sd_precond;hr_med_precond;eda_med_precond;eeg_fm_specent_precond;hrv_rmssd_precond"
2025-12-19 16:52:36.732166,24,"stress_label",5,4,0.03,0.581395348837209,0.552325581395349,0.570542635658915,5,"top5","hr_sd_precond;hr_med_precond;eda_med_precond;eeg_fm_specent_precond;hrv_rmssd_precond"
2025-12-19 16:52:37.440533,24,"stress_label",5,8,0.03,0.529069767441861,0.563953488372093,0.531007751937985,5,"top5","hr_sd_precond;hr_med_precond;eda_med_precond;eeg_fm_specent_precond;hrv_rmssd_precond"
2025-12-19 16:52:37.463313,24,"stress_label",5,16,0.03,0.517441860465116,0.523255813953488,NA,5,"top5","hr_sd_precond;hr_med_precond;eda_med_precond;eeg_fm_specent_precond;hrv_rmssd_precond"
2025-12-19 16:52:37.546126,24,"stress_label",5,32,0.03,0.476744186046512,0.412790697674419,NA,5,"top5","hr_sd_precond;hr_med_precond;eda_med_precond;eeg_fm_specent_precond;hrv_rmssd_precond"
2025-12-19 16:52:37.643997,24,"stress_label",5,64,0.03,0.465116279069767,0.441860465116279,NA,5,"top5","hr_sd_precond;hr_med_precond;eda_med_precond;eeg_fm_specent_precond;hrv_rmssd_precond"
2025-12-19 16:52:37.772363,24,"stress_label",5,128,0.03,0.447674418604651,0.418604651162791,NA,5,"top5","hr_sd_precond;hr_med_precond;eda_med_precond;eeg_fm_specent_precond;hrv_rmssd_precond"
2025-12-19 16:52:37.965678,24,"stress_label",5,256,0.03,0.436046511627907,0.436046511627907,NA,5,"top5","hr_sd_precond;hr_med_precond;eda_med_precond;eeg_fm_specent_precond;hrv_rmssd_precond"
2025-12-19 16:52:37.642268,24,"stress_label",5,2,0.06,0.546511627906977,0.494186046511628,0.546511627906977,5,"top5","hr_sd_precond;hr_med_precond;eda_med_precond;eeg_fm_specent_precond;hrv_rmssd_precond"
2025-12-19 16:52:37.676133,24,"stress_label",5,4,0.06,0.540697674418605,0.494186046511628,0.541860465116279,5,"top5","hr_sd_precond;hr_med_precond;eda_med_precond;eeg_fm_specent_precond;hrv_rmssd_precond"
2025-12-19 16:52:37.765791,24,"stress_label",5,8,0.06,0.511627906976744,0.430232558139535,NA,5,"top5","hr_sd_precond;hr_med_precond;eda_med_precond;eeg_fm_specent_precond;hrv_rmssd_precond"
2025-12-19 16:52:37.832339,24,"stress_label",5,16,0.06,0.482558139534884,0.377906976744186,NA,5,"top5","hr_sd_precond;hr_med_precond;eda_med_precond;eeg_fm_specent_precond;hrv_rmssd_precond"
2025-12-19 16:52:37.890075,24,"stress_label",5,32,0.06,0.436046511627907,0.424418604651163,NA,5,"top5","hr_sd_precond;hr_med_precond;eda_med_precond;eeg_fm_specent_precond;hrv_rmssd_precond"
2025-12-19 16:52:38.198315,24,"stress_label",5,64,0.06,0.412790697674419,0.441860465116279,NA,5,"top5","hr_sd_precond;hr_med_precond;eda_med_precond;eeg_fm_specent_precond;hrv_rmssd_precond"
2025-12-19 16:52:38.385086,24,"stress_label",5,128,0.06,0.459302325581395,0.401162790697674,0.47906976744186,5,"top5","hr_sd_precond;hr_med_precond;eda_med_precond;eeg_fm_specent_precond;hrv_rmssd_precond"
2025-12-19 16:52:38.852028,24,"stress_label",5,256,0.06,0.447674418604651,0.401162790697674,NA,5,"top5","hr_sd_precond;hr_med_precond;eda_med_precond;eeg_fm_specent_precond;hrv_rmssd_precond"
2025-12-19 16:52:38.414992,24,"stress_label",5,2,0.1,0.534883720930233,0.534883720930233,0.526356589147287,5,"top5","hr_sd_precond;hr_med_precond;eda_med_precond;eeg_fm_specent_precond;hrv_rmssd_precond"
2025-12-19 16:52:38.460704,24,"stress_label",5,4,0.1,0.511627906976744,0.383720930232558,NA,5,"top5","hr_sd_precond;hr_med_precond;eda_med_precond;eeg_fm_specent_precond;hrv_rmssd_precond"
2025-12-19 16:52:38.497853,24,"stress_label",5,8,0.1,0.459302325581395,0.476744186046512,NA,5,"top5","hr_sd_precond;hr_med_precond;eda_med_precond;eeg_fm_specent_precond;hrv_rmssd_precond"
2025-12-19 16:52:38.599154,24,"stress_label",5,16,0.1,0.424418604651163,0.47093023255814,0.431782945736434,5,"top5","hr_sd_precond;hr_med_precond;eda_med_precond;eeg_fm_specent_precond;hrv_rmssd_precond"
2025-12-19 16:52:38.642908,24,"stress_label",5,32,0.1,0.47093023255814,0.412790697674419,NA,5,"top5","hr_sd_precond;hr_med_precond;eda_med_precond;eeg_fm_specent_precond;hrv_rmssd_precond"
2025-12-19 16:52:38.748781,24,"stress_label",5,64,0.1,0.447674418604651,0.476744186046512,NA,5,"top5","hr_sd_precond;hr_med_precond;eda_med_precond;eeg_fm_specent_precond;hrv_rmssd_precond"
2025-12-19 16:52:39.001189,24,"stress_label",5,128,0.1,0.465116279069767,0.47093023255814,NA,5,"top5","hr_sd_precond;hr_med_precond;eda_med_precond;eeg_fm_specent_precond;hrv_rmssd_precond"
2025-12-19 16:52:39.210848,24,"stress_label",5,256,0.1,0.511627906976744,0.38953488372093,NA,5,"top5","hr_sd_precond;hr_med_precond;eda_med_precond;eeg_fm_specent_precond;hrv_rmssd_precond"
2025-12-19 16:52:40.483107,25,"stress_label",5,2,0.0078125,0.598837209302326,0.581395348837209,0.598449612403101,5,"top5","hr_sd_precond;hr_med_precond;eda_med_precond;eeg_fm_specent_precond;hrv_rmssd_precond"
2025-12-19 16:52:40.48613,25,"stress_label",5,4,0.0078125,0.587209302325581,0.558139534883721,0.587596899224806,5,"top5","hr_sd_precond;hr_med_precond;eda_med_precond;eeg_fm_specent_precond;hrv_rmssd_precond"
2025-12-19 16:52:40.479496,25,"stress_label",5,8,0.0078125,0.575581395348837,0.587209302325581,0.567441860465116,5,"top5","hr_sd_precond;hr_med_precond;eda_med_precond;eeg_fm_specent_precond;hrv_rmssd_precond"
2025-12-19 16:52:40.471724,25,"stress_label",5,16,0.0078125,0.593023255813954,0.581395348837209,0.590697674418605,5,"top5","hr_sd_precond;hr_med_precond;eda_med_precond;eeg_fm_specent_precond;hrv_rmssd_precond"
2025-12-19 16:52:40.475313,25,"stress_label",5,32,0.0078125,0.587209302325581,0.587209302325581,0.582945736434109,5,"top5","hr_sd_precond;hr_med_precond;eda_med_precond;eeg_fm_specent_precond;hrv_rmssd_precond"
2025-12-19 16:52:40.525301,25,"stress_label",5,64,0.0078125,0.534883720930233,0.511627906976744,NA,5,"top5","hr_sd_precond;hr_med_precond;eda_med_precond;eeg_fm_specent_precond;hrv_rmssd_precond"
2025-12-19 16:52:40.520687,25,"stress_label",5,128,0.0078125,0.505813953488372,0.505813953488372,0.494573643410853,5,"top5","hr_sd_precond;hr_med_precond;eda_med_precond;eeg_fm_specent_precond;hrv_rmssd_precond"
2025-12-19 16:52:40.593742,25,"stress_label",5,256,0.0078125,0.488372093023256,0.38953488372093,NA,5,"top5","hr_sd_precond;hr_med_precond;eda_med_precond;eeg_fm_specent_precond;hrv_rmssd_precond"
2025-12-19 16:52:40.476602,25,"stress_label",5,2,0.015625,0.593023255813954,0.563953488372093,0.594573643410853,5,"top5","hr_sd_precond;hr_med_precond;eda_med_precond;eeg_fm_specent_precond;hrv_rmssd_precond"
2025-12-19 16:52:40.438208,25,"stress_label",5,4,0.015625,0.581395348837209,0.598837209302326,0.575193798449612,5,"top5","hr_sd_precond;hr_med_precond;eda_med_precond;eeg_fm_specent_precond;hrv_rmssd_precond"
2025-12-19 16:52:40.438683,25,"stress_label",5,8,0.015625,0.587209302325581,0.563953488372093,0.582945736434109,5,"top5","hr_sd_precond;hr_med_precond;eda_med_precond;eeg_fm_specent_precond;hrv_rmssd_precond"
2025-12-19 16:52:40.4923,25,"stress_label",5,16,0.015625,0.558139534883721,0.546511627906977,0.554263565891473,5,"top5","hr_sd_precond;hr_med_precond;eda_med_precond;eeg_fm_specent_precond;hrv_rmssd_precond"
2025-12-19 16:52:40.492313,25,"stress_label",5,32,0.015625,0.511627906976744,0.47093023255814,0.496899224806202,5,"top5","hr_sd_precond;hr_med_precond;eda_med_precond;eeg_fm_specent_precond;hrv_rmssd_precond"
2025-12-19 16:52:40.533277,25,"stress_label",5,64,0.015625,0.488372093023256,0.418604651162791,NA,5,"top5","hr_sd_precond;hr_med_precond;eda_med_precond;eeg_fm_specent_precond;hrv_rmssd_precond"
2025-12-19 16:52:41.597289,25,"stress_label",5,128,0.015625,0.482558139534884,0.383720930232558,NA,5,"top5","hr_sd_precond;hr_med_precond;eda_med_precond;eeg_fm_specent_precond;hrv_rmssd_precond"
2025-12-19 16:52:41.709662,25,"stress_label",5,256,0.015625,0.476744186046512,0.395348837209302,NA,5,"top5","hr_sd_precond;hr_med_precond;eda_med_precond;eeg_fm_specent_precond;hrv_rmssd_precond"
2025-12-19 16:52:41.527056,25,"stress_label",5,2,0.03125,0.587209302325581,0.581395348837209,0.57906976744186,5,"top5","hr_sd_precond;hr_med_precond;eda_med_precond;eeg_fm_specent_precond;hrv_rmssd_precond"
2025-12-19 16:52:41.528047,25,"stress_label",5,4,0.03125,0.569767441860465,0.529069767441861,0.567441860465116,5,"top5","hr_sd_precond;hr_med_precond;eda_med_precond;eeg_fm_specent_precond;hrv_rmssd_precond"
2025-12-19 16:52:41.553024,25,"stress_label",5,8,0.03125,0.517441860465116,0.488372093023256,NA,5,"top5","hr_sd_precond;hr_med_precond;eda_med_precond;eeg_fm_specent_precond;hrv_rmssd_precond"
2025-12-19 16:52:41.525672,25,"stress_label",5,16,0.03125,0.5,0.552325581395349,NA,5,"top5","hr_sd_precond;hr_med_precond;eda_med_precond;eeg_fm_specent_precond;hrv_rmssd_precond"
2025-12-19 16:52:41.583321,25,"stress_label",5,32,0.03125,0.482558139534884,0.325581395348837,NA,5,"top5","hr_sd_precond;hr_med_precond;eda_med_precond;eeg_fm_specent_precond;hrv_rmssd_precond"
2025-12-19 16:52:41.61409,25,"stress_label",5,64,0.03125,0.488372093023256,0.465116279069767,NA,5,"top5","hr_sd_precond;hr_med_precond;eda_med_precond;eeg_fm_specent_precond;hrv_rmssd_precond"
2025-12-19 16:52:41.746307,25,"stress_label",5,128,0.03125,0.459302325581395,0.453488372093023,NA,5,"top5","hr_sd_precond;hr_med_precond;eda_med_precond;eeg_fm_specent_precond;hrv_rmssd_precond"
2025-12-19 16:52:41.913316,25,"stress_label",5,256,0.03125,0.412790697674419,0.447674418604651,NA,5,"top5","hr_sd_precond;hr_med_precond;eda_med_precond;eeg_fm_specent_precond;hrv_rmssd_precond"
2025-12-19 16:52:41.560646,25,"stress_label",5,2,0.0625,0.546511627906977,0.511627906976744,0.545736434108527,5,"top5","hr_sd_precond;hr_med_precond;eda_med_precond;eeg_fm_specent_precond;hrv_rmssd_precond"
2025-12-19 16:52:41.536338,25,"stress_label",5,4,0.0625,0.517441860465116,0.476744186046512,0.524031007751938,5,"top5","hr_sd_precond;hr_med_precond;eda_med_precond;eeg_fm_specent_precond;hrv_rmssd_precond"
2025-12-19 16:52:41.592177,25,"stress_label",5,8,0.0625,0.517441860465116,0.401162790697674,NA,5,"top5","hr_sd_precond;hr_med_precond;eda_med_precond;eeg_fm_specent_precond;hrv_rmssd_precond"
2025-12-19 16:52:41.668101,25,"stress_label",5,16,0.0625,0.482558139534884,0.395348837209302,0.486821705426357,5,"top5","hr_sd_precond;hr_med_precond;eda_med_precond;eeg_fm_specent_precond;hrv_rmssd_precond"
2025-12-19 16:52:42.663341,25,"stress_label",5,32,0.0625,0.453488372093023,0.476744186046512,NA,5,"top5","hr_sd_precond;hr_med_precond;eda_med_precond;eeg_fm_specent_precond;hrv_rmssd_precond"
2025-12-19 16:52:42.756835,25,"stress_label",5,64,0.0625,0.436046511627907,0.453488372093023,NA,5,"top5","hr_sd_precond;hr_med_precond;eda_med_precond;eeg_fm_specent_precond;hrv_rmssd_precond"
2025-12-19 16:52:42.946952,25,"stress_label",5,128,0.0625,0.412790697674419,0.494186046511628,NA,5,"top5","hr_sd_precond;hr_med_precond;eda_med_precond;eeg_fm_specent_precond;hrv_rmssd_precond"
2025-12-19 16:52:43.284349,25,"stress_label",5,256,0.0625,0.406976744186047,0.465116279069767,NA,5,"top5","hr_sd_precond;hr_med_precond;eda_med_precond;eeg_fm_specent_precond;hrv_rmssd_precond"
2025-12-19 16:52:42.581802,25,"stress_label",5,2,0.125,0.517441860465116,0.459302325581395,NA,5,"top5","hr_sd_precond;hr_med_precond;eda_med_precond;eeg_fm_specent_precond;hrv_rmssd_precond"
2025-12-19 16:52:42.596013,25,"stress_label",5,4,0.125,0.5,0.563953488372093,0.496124031007752,5,"top5","hr_sd_precond;hr_med_precond;eda_med_precond;eeg_fm_specent_precond;hrv_rmssd_precond"
2025-12-19 16:52:42.67246,25,"stress_label",5,8,0.125,0.453488372093023,0.459302325581395,NA,5,"top5","hr_sd_precond;hr_med_precond;eda_med_precond;eeg_fm_specent_precond;hrv_rmssd_precond"
2025-12-19 16:52:42.721065,25,"stress_label",5,16,0.125,0.465116279069767,0.424418604651163,0.486046511627907,5,"top5","hr_sd_precond;hr_med_precond;eda_med_precond;eeg_fm_specent_precond;hrv_rmssd_precond"
2025-12-19 16:52:42.802756,25,"stress_label",5,32,0.125,0.436046511627907,0.476744186046512,NA,5,"top5","hr_sd_precond;hr_med_precond;eda_med_precond;eeg_fm_specent_precond;hrv_rmssd_precond"
2025-12-19 16:52:42.976247,25,"stress_label",5,64,0.125,0.418604651162791,0.430232558139535,NA,5,"top5","hr_sd_precond;hr_med_precond;eda_med_precond;eeg_fm_specent_precond;hrv_rmssd_precond"
2025-12-19 16:52:43.334508,25,"stress_label",5,128,0.125,0.5,0.459302325581395,NA,5,"top5","hr_sd_precond;hr_med_precond;eda_med_precond;eeg_fm_specent_precond;hrv_rmssd_precond"
2025-12-19 16:52:43.781021,25,"stress_label",5,256,0.125,0.453488372093023,0.366279069767442,NA,5,"top5","hr_sd_precond;hr_med_precond;eda_med_precond;eeg_fm_specent_precond;hrv_rmssd_precond"
2025-12-19 16:52:42.787248,25,"stress_label",5,2,0.03,0.587209302325581,0.523255813953488,0.57906976744186,5,"top5","hr_sd_precond;hr_med_precond;eda_med_precond;eeg_fm_specent_precond;hrv_rmssd_precond"
2025-12-19 16:52:42.968041,25,"stress_label",5,4,0.03,0.575581395348837,0.552325581395349,0.571317829457364,5,"top5","hr_sd_precond;hr_med_precond;eda_med_precond;eeg_fm_specent_precond;hrv_rmssd_precond"
2025-12-19 16:52:43.685152,25,"stress_label",5,8,0.03,0.523255813953488,0.488372093023256,NA,5,"top5","hr_sd_precond;hr_med_precond;eda_med_precond;eeg_fm_specent_precond;hrv_rmssd_precond"
2025-12-19 16:52:43.705715,25,"stress_label",5,16,0.03,0.5,0.441860465116279,NA,5,"top5","hr_sd_precond;hr_med_precond;eda_med_precond;eeg_fm_specent_precond;hrv_rmssd_precond"
2025-12-19 16:52:43.788992,25,"stress_label",5,32,0.03,0.482558139534884,0.377906976744186,NA,5,"top5","hr_sd_precond;hr_med_precond;eda_med_precond;eeg_fm_specent_precond;hrv_rmssd_precond"
2025-12-19 16:52:43.850768,25,"stress_label",5,64,0.03,0.494186046511628,0.401162790697674,NA,5,"top5","hr_sd_precond;hr_med_precond;eda_med_precond;eeg_fm_specent_precond;hrv_rmssd_precond"
2025-12-19 16:52:43.99518,25,"stress_label",5,128,0.03,0.441860465116279,0.395348837209302,NA,5,"top5","hr_sd_precond;hr_med_precond;eda_med_precond;eeg_fm_specent_precond;hrv_rmssd_precond"
2025-12-19 16:52:44.201389,25,"stress_label",5,256,0.03,0.412790697674419,0.517441860465116,NA,5,"top5","hr_sd_precond;hr_med_precond;eda_med_precond;eeg_fm_specent_precond;hrv_rmssd_precond"
2025-12-19 16:52:43.887053,25,"stress_label",5,2,0.06,0.552325581395349,0.488372093023256,0.542635658914729,5,"top5","hr_sd_precond;hr_med_precond;eda_med_precond;eeg_fm_specent_precond;hrv_rmssd_precond"
2025-12-19 16:52:43.904542,25,"stress_label",5,4,0.06,0.517441860465116,0.395348837209302,0.524031007751938,5,"top5","hr_sd_precond;hr_med_precond;eda_med_precond;eeg_fm_specent_precond;hrv_rmssd_precond"
2025-12-19 16:52:44.014986,25,"stress_label",5,8,0.06,0.523255813953488,0.383720930232558,NA,5,"top5","hr_sd_precond;hr_med_precond;eda_med_precond;eeg_fm_specent_precond;hrv_rmssd_precond"
2025-12-19 16:52:44.059584,25,"stress_label",5,16,0.06,0.488372093023256,0.401162790697674,NA,5,"top5","hr_sd_precond;hr_med_precond;eda_med_precond;eeg_fm_specent_precond;hrv_rmssd_precond"
2025-12-19 16:52:44.129949,25,"stress_label",5,32,0.06,0.453488372093023,0.447674418604651,NA,5,"top5","hr_sd_precond;hr_med_precond;eda_med_precond;eeg_fm_specent_precond;hrv_rmssd_precond"
2025-12-19 16:52:44.413932,25,"stress_label",5,64,0.06,0.430232558139535,0.412790697674419,NA,5,"top5","hr_sd_precond;hr_med_precond;eda_med_precond;eeg_fm_specent_precond;hrv_rmssd_precond"
2025-12-19 16:52:44.609036,25,"stress_label",5,128,0.06,0.441860465116279,0.412790697674419,0.457364341085271,5,"top5","hr_sd_precond;hr_med_precond;eda_med_precond;eeg_fm_specent_precond;hrv_rmssd_precond"
2025-12-19 16:52:45.064157,25,"stress_label",5,256,0.06,0.401162790697674,0.482558139534884,NA,5,"top5","hr_sd_precond;hr_med_precond;eda_med_precond;eeg_fm_specent_precond;hrv_rmssd_precond"
2025-12-19 16:52:44.678862,25,"stress_label",5,2,0.1,0.540697674418605,0.38953488372093,0.547286821705426,5,"top5","hr_sd_precond;hr_med_precond;eda_med_precond;eeg_fm_specent_precond;hrv_rmssd_precond"
2025-12-19 16:52:44.756913,25,"stress_label",5,4,0.1,0.494186046511628,0.406976744186047,NA,5,"top5","hr_sd_precond;hr_med_precond;eda_med_precond;eeg_fm_specent_precond;hrv_rmssd_precond"
2025-12-19 16:52:44.759551,25,"stress_label",5,8,0.1,0.482558139534884,0.418604651162791,NA,5,"top5","hr_sd_precond;hr_med_precond;eda_med_precond;eeg_fm_specent_precond;hrv_rmssd_precond"
2025-12-19 16:52:44.81523,25,"stress_label",5,16,0.1,0.447674418604651,0.459302325581395,NA,5,"top5","hr_sd_precond;hr_med_precond;eda_med_precond;eeg_fm_specent_precond;hrv_rmssd_precond"
2025-12-19 16:52:44.885545,25,"stress_label",5,32,0.1,0.441860465116279,0.436046511627907,0.451937984496124,5,"top5","hr_sd_precond;hr_med_precond;eda_med_precond;eeg_fm_specent_precond;hrv_rmssd_precond"
2025-12-19 16:52:44.945899,25,"stress_label",5,64,0.1,0.424418604651163,0.482558139534884,NA,5,"top5","hr_sd_precond;hr_med_precond;eda_med_precond;eeg_fm_specent_precond;hrv_rmssd_precond"
2025-12-19 16:52:45.215326,25,"stress_label",5,128,0.1,0.430232558139535,0.488372093023256,NA,5,"top5","hr_sd_precond;hr_med_precond;eda_med_precond;eeg_fm_specent_precond;hrv_rmssd_precond"
2025-12-19 16:52:45.485954,25,"stress_label",5,256,0.1,0.494186046511628,0.47093023255814,NA,5,"top5","hr_sd_precond;hr_med_precond;eda_med_precond;eeg_fm_specent_precond;hrv_rmssd_precond"
2025-12-19 16:52:46.764714,26,"stress_label",5,2,0.0078125,0.593023255813954,0.540697674418605,0.593798449612403,5,"top5","hr_sd_precond;hr_med_precond;eda_med_precond;eeg_fm_specent_precond;hrv_rmssd_precond"
2025-12-19 16:52:46.752873,26,"stress_label",5,4,0.0078125,0.593023255813954,0.523255813953488,0.597674418604651,5,"top5","hr_sd_precond;hr_med_precond;eda_med_precond;eeg_fm_specent_precond;hrv_rmssd_precond"
2025-12-19 16:52:46.731812,26,"stress_label",5,8,0.0078125,0.587209302325581,0.575581395348837,0.589922480620155,5,"top5","hr_sd_precond;hr_med_precond;eda_med_precond;eeg_fm_specent_precond;hrv_rmssd_precond"
2025-12-19 16:52:46.738671,26,"stress_label",5,16,0.0078125,0.598837209302326,0.598837209302326,0.593798449612403,5,"top5","hr_sd_precond;hr_med_precond;eda_med_precond;eeg_fm_specent_precond;hrv_rmssd_precond"
2025-12-19 16:52:46.77554,26,"stress_label",5,32,0.0078125,0.581395348837209,0.529069767441861,NA,5,"top5","hr_sd_precond;hr_med_precond;eda_med_precond;eeg_fm_specent_precond;hrv_rmssd_precond"
2025-12-19 16:52:46.775116,26,"stress_label",5,64,0.0078125,0.540697674418605,0.563953488372093,0.547286821705426,5,"top5","hr_sd_precond;hr_med_precond;eda_med_precond;eeg_fm_specent_precond;hrv_rmssd_precond"
2025-12-19 16:52:46.789652,26,"stress_label",5,128,0.0078125,0.5,0.5,0.5,5,"top5","hr_sd_precond;hr_med_precond;eda_med_precond;eeg_fm_specent_precond;hrv_rmssd_precond"
2025-12-19 16:52:46.853954,26,"stress_label",5,256,0.0078125,0.476744186046512,0.5,NA,5,"top5","hr_sd_precond;hr_med_precond;eda_med_precond;eeg_fm_specent_precond;hrv_rmssd_precond"
2025-12-19 16:52:46.736119,26,"stress_label",5,2,0.015625,0.593023255813954,0.569767441860465,0.597674418604651,5,"top5","hr_sd_precond;hr_med_precond;eda_med_precond;eeg_fm_specent_precond;hrv_rmssd_precond"
2025-12-19 16:52:46.734749,26,"stress_label",5,4,0.015625,0.593023255813954,0.581395348837209,0.593798449612403,5,"top5","hr_sd_precond;hr_med_precond;eda_med_precond;eeg_fm_specent_precond;hrv_rmssd_precond"
2025-12-19 16:52:46.750724,26,"stress_label",5,8,0.015625,0.587209302325581,0.552325581395349,0.574418604651163,5,"top5","hr_sd_precond;hr_med_precond;eda_med_precond;eeg_fm_specent_precond;hrv_rmssd_precond"
2025-12-19 16:52:46.725074,26,"stress_label",5,16,0.015625,0.558139534883721,0.494186046511628,0.557364341085271,5,"top5","hr_sd_precond;hr_med_precond;eda_med_precond;eeg_fm_specent_precond;hrv_rmssd_precond"
2025-12-19 16:52:46.784034,26,"stress_label",5,32,0.015625,0.5,0.412790697674419,0.509302325581395,5,"top5","hr_sd_precond;hr_med_precond;eda_med_precond;eeg_fm_specent_precond;hrv_rmssd_precond"
2025-12-19 16:52:46.756469,26,"stress_label",5,64,0.015625,0.482558139534884,0.395348837209302,NA,5,"top5","hr_sd_precond;hr_med_precond;eda_med_precond;eeg_fm_specent_precond;hrv_rmssd_precond"
2025-12-19 16:52:47.873025,26,"stress_label",5,128,0.015625,0.465116279069767,0.401162790697674,NA,5,"top5","hr_sd_precond;hr_med_precond;eda_med_precond;eeg_fm_specent_precond;hrv_rmssd_precond"
2025-12-19 16:52:47.992645,26,"stress_label",5,256,0.015625,0.488372093023256,0.401162790697674,NA,5,"top5","hr_sd_precond;hr_med_precond;eda_med_precond;eeg_fm_specent_precond;hrv_rmssd_precond"
2025-12-19 16:52:47.801637,26,"stress_label",5,2,0.03125,0.593023255813954,0.569767441860465,0.593798449612403,5,"top5","hr_sd_precond;hr_med_precond;eda_med_precond;eeg_fm_specent_precond;hrv_rmssd_precond"
2025-12-19 16:52:47.797974,26,"stress_label",5,4,0.03125,0.569767441860465,0.534883720930233,0.568217054263566,5,"top5","hr_sd_precond;hr_med_precond;eda_med_precond;eeg_fm_specent_precond;hrv_rmssd_precond"
2025-12-19 16:52:47.808424,26,"stress_label",5,8,0.03125,0.511627906976744,0.47093023255814,0.52015503875969,5,"top5","hr_sd_precond;hr_med_precond;eda_med_precond;eeg_fm_specent_precond;hrv_rmssd_precond"
2025-12-19 16:52:47.813492,26,"stress_label",5,16,0.03125,0.476744186046512,0.424418604651163,NA,5,"top5","hr_sd_precond;hr_med_precond;eda_med_precond;eeg_fm_specent_precond;hrv_rmssd_precond"
2025-12-19 16:52:47.860583,26,"stress_label",5,32,0.03125,0.476744186046512,0.412790697674419,NA,5,"top5","hr_sd_precond;hr_med_precond;eda_med_precond;eeg_fm_specent_precond;hrv_rmssd_precond"
2025-12-19 16:52:47.923934,26,"stress_label",5,64,0.03125,0.47093023255814,0.441860465116279,NA,5,"top5","hr_sd_precond;hr_med_precond;eda_med_precond;eeg_fm_specent_precond;hrv_rmssd_precond"
2025-12-19 16:52:47.988742,26,"stress_label",5,128,0.03125,0.453488372093023,0.517441860465116,NA,5,"top5","hr_sd_precond;hr_med_precond;eda_med_precond;eeg_fm_specent_precond;hrv_rmssd_precond"
2025-12-19 16:52:48.241425,26,"stress_label",5,256,0.03125,0.441860465116279,0.476744186046512,NA,5,"top5","hr_sd_precond;hr_med_precond;eda_med_precond;eeg_fm_specent_precond;hrv_rmssd_precond"
2025-12-19 16:52:47.8239,26,"stress_label",5,2,0.0625,0.534883720930233,0.482558139534884,0.537984496124031,5,"top5","hr_sd_precond;hr_med_precond;eda_med_precond;eeg_fm_specent_precond;hrv_rmssd_precond"
2025-12-19 16:52:47.83625,26,"stress_label",5,4,0.0625,0.494186046511628,0.401162790697674,0.510852713178295,5,"top5","hr_sd_precond;hr_med_precond;eda_med_precond;eeg_fm_specent_precond;hrv_rmssd_precond"
2025-12-19 16:52:47.862635,26,"stress_label",5,8,0.0625,0.5,0.406976744186047,NA,5,"top5","hr_sd_precond;hr_med_precond;eda_med_precond;eeg_fm_specent_precond;hrv_rmssd_precond"
2025-12-19 16:52:47.933076,26,"stress_label",5,16,0.0625,0.476744186046512,0.424418604651163,NA,5,"top5","hr_sd_precond;hr_med_precond;eda_med_precond;eeg_fm_specent_precond;hrv_rmssd_precond"
2025-12-19 16:52:48.902249,26,"stress_label",5,32,0.0625,0.441860465116279,0.482558139534884,NA,5,"top5","hr_sd_precond;hr_med_precond;eda_med_precond;eeg_fm_specent_precond;hrv_rmssd_precond"
2025-12-19 16:52:48.980567,26,"stress_label",5,64,0.0625,0.430232558139535,0.383720930232558,NA,5,"top5","hr_sd_precond;hr_med_precond;eda_med_precond;eeg_fm_specent_precond;hrv_rmssd_precond"
2025-12-19 16:52:49.156092,26,"stress_label",5,128,0.0625,0.424418604651163,0.441860465116279,NA,5,"top5","hr_sd_precond;hr_med_precond;eda_med_precond;eeg_fm_specent_precond;hrv_rmssd_precond"
2025-12-19 16:52:49.460165,26,"stress_label",5,256,0.0625,0.441860465116279,0.436046511627907,0.441085271317829,5,"top5","hr_sd_precond;hr_med_precond;eda_med_precond;eeg_fm_specent_precond;hrv_rmssd_precond"
2025-12-19 16:52:48.875709,26,"stress_label",5,2,0.125,0.494186046511628,0.441860465116279,NA,5,"top5","hr_sd_precond;hr_med_precond;eda_med_precond;eeg_fm_specent_precond;hrv_rmssd_precond"
2025-12-19 16:52:48.849356,26,"stress_label",5,4,0.125,0.453488372093023,0.406976744186047,0.457364341085271,5,"top5","hr_sd_precond;hr_med_precond;eda_med_precond;eeg_fm_specent_precond;hrv_rmssd_precond"
2025-12-19 16:52:48.939633,26,"stress_label",5,8,0.125,0.47093023255814,0.441860465116279,NA,5,"top5","hr_sd_precond;hr_med_precond;eda_med_precond;eeg_fm_specent_precond;hrv_rmssd_precond"
2025-12-19 16:52:48.966115,26,"stress_label",5,16,0.125,0.476744186046512,0.383720930232558,NA,5,"top5","hr_sd_precond;hr_med_precond;eda_med_precond;eeg_fm_specent_precond;hrv_rmssd_precond"
2025-12-19 16:52:49.067465,26,"stress_label",5,32,0.125,0.453488372093023,0.465116279069767,NA,5,"top5","hr_sd_precond;hr_med_precond;eda_med_precond;eeg_fm_specent_precond;hrv_rmssd_precond"
2025-12-19 16:52:49.258501,26,"stress_label",5,64,0.125,0.447674418604651,0.47093023255814,NA,5,"top5","hr_sd_precond;hr_med_precond;eda_med_precond;eeg_fm_specent_precond;hrv_rmssd_precond"
2025-12-19 16:52:49.527211,26,"stress_label",5,128,0.125,0.494186046511628,0.494186046511628,NA,5,"top5","hr_sd_precond;hr_med_precond;eda_med_precond;eeg_fm_specent_precond;hrv_rmssd_precond"
2025-12-19 16:52:49.977604,26,"stress_label",5,256,0.125,0.465116279069767,0.47093023255814,NA,5,"top5","hr_sd_precond;hr_med_precond;eda_med_precond;eeg_fm_specent_precond;hrv_rmssd_precond"
2025-12-19 16:52:49.041041,26,"stress_label",5,2,0.03,0.593023255813954,0.569767441860465,0.593798449612403,5,"top5","hr_sd_precond;hr_med_precond;eda_med_precond;eeg_fm_specent_precond;hrv_rmssd_precond"
2025-12-19 16:52:49.266125,26,"stress_label",5,4,0.03,0.569767441860465,0.505813953488372,0.568217054263566,5,"top5","hr_sd_precond;hr_med_precond;eda_med_precond;eeg_fm_specent_precond;hrv_rmssd_precond"
2025-12-19 16:52:49.883947,26,"stress_label",5,8,0.03,0.529069767441861,0.459302325581395,0.537209302325581,5,"top5","hr_sd_precond;hr_med_precond;eda_med_precond;eeg_fm_specent_precond;hrv_rmssd_precond"
2025-12-19 16:52:49.933826,26,"stress_label",5,16,0.03,0.488372093023256,0.5,NA,5,"top5","hr_sd_precond;hr_med_precond;eda_med_precond;eeg_fm_specent_precond;hrv_rmssd_precond"
2025-12-19 16:52:50.041468,26,"stress_label",5,32,0.03,0.476744186046512,0.453488372093023,NA,5,"top5","hr_sd_precond;hr_med_precond;eda_med_precond;eeg_fm_specent_precond;hrv_rmssd_precond"
2025-12-19 16:52:50.063741,26,"stress_label",5,64,0.03,0.47093023255814,0.476744186046512,NA,5,"top5","hr_sd_precond;hr_med_precond;eda_med_precond;eeg_fm_specent_precond;hrv_rmssd_precond"
2025-12-19 16:52:50.190964,26,"stress_label",5,128,0.03,0.447674418604651,0.38953488372093,NA,5,"top5","hr_sd_precond;hr_med_precond;eda_med_precond;eeg_fm_specent_precond;hrv_rmssd_precond"
2025-12-19 16:52:50.382561,26,"stress_label",5,256,0.03,0.436046511627907,0.430232558139535,NA,5,"top5","hr_sd_precond;hr_med_precond;eda_med_precond;eeg_fm_specent_precond;hrv_rmssd_precond"
2025-12-19 16:52:50.084276,26,"stress_label",5,2,0.06,0.546511627906977,0.482558139534884,0.548062015503876,5,"top5","hr_sd_precond;hr_med_precond;eda_med_precond;eeg_fm_specent_precond;hrv_rmssd_precond"
2025-12-19 16:52:50.108486,26,"stress_label",5,4,0.06,0.494186046511628,0.412790697674419,0.510852713178295,5,"top5","hr_sd_precond;hr_med_precond;eda_med_precond;eeg_fm_specent_precond;hrv_rmssd_precond"
2025-12-19 16:52:50.189979,26,"stress_label",5,8,0.06,0.505813953488372,0.441860465116279,NA,5,"top5","hr_sd_precond;hr_med_precond;eda_med_precond;eeg_fm_specent_precond;hrv_rmssd_precond"
2025-12-19 16:52:50.339521,26,"stress_label",5,16,0.06,0.476744186046512,0.36046511627907,NA,5,"top5","hr_sd_precond;hr_med_precond;eda_med_precond;eeg_fm_specent_precond;hrv_rmssd_precond"
2025-12-19 16:52:50.384577,26,"stress_label",5,32,0.06,0.441860465116279,0.488372093023256,NA,5,"top5","hr_sd_precond;hr_med_precond;eda_med_precond;eeg_fm_specent_precond;hrv_rmssd_precond"
2025-12-19 16:52:50.619652,26,"stress_label",5,64,0.06,0.441860465116279,0.436046511627907,NA,5,"top5","hr_sd_precond;hr_med_precond;eda_med_precond;eeg_fm_specent_precond;hrv_rmssd_precond"
2025-12-19 16:52:50.82586,26,"stress_label",5,128,0.06,0.418604651162791,0.430232558139535,0.418604651162791,5,"top5","hr_sd_precond;hr_med_precond;eda_med_precond;eeg_fm_specent_precond;hrv_rmssd_precond"
2025-12-19 16:52:51.286965,26,"stress_label",5,256,0.06,0.459302325581395,0.511627906976744,0.463565891472868,5,"top5","hr_sd_precond;hr_med_precond;eda_med_precond;eeg_fm_specent_precond;hrv_rmssd_precond"
2025-12-19 16:52:50.919888,26,"stress_label",5,2,0.1,0.5,0.395348837209302,NA,5,"top5","hr_sd_precond;hr_med_precond;eda_med_precond;eeg_fm_specent_precond;hrv_rmssd_precond"
2025-12-19 16:52:50.951816,26,"stress_label",5,4,0.1,0.494186046511628,0.377906976744186,NA,5,"top5","hr_sd_precond;hr_med_precond;eda_med_precond;eeg_fm_specent_precond;hrv_rmssd_precond"
2025-12-19 16:52:50.98748,26,"stress_label",5,8,0.1,0.441860465116279,0.406976744186047,NA,5,"top5","hr_sd_precond;hr_med_precond;eda_med_precond;eeg_fm_specent_precond;hrv_rmssd_precond"
2025-12-19 16:52:51.04216,26,"stress_label",5,16,0.1,0.447674418604651,0.430232558139535,NA,5,"top5","hr_sd_precond;hr_med_precond;eda_med_precond;eeg_fm_specent_precond;hrv_rmssd_precond"
2025-12-19 16:52:51.130775,26,"stress_label",5,32,0.1,0.441860465116279,0.418604651162791,NA,5,"top5","hr_sd_precond;hr_med_precond;eda_med_precond;eeg_fm_specent_precond;hrv_rmssd_precond"
2025-12-19 16:52:51.21262,26,"stress_label",5,64,0.1,0.441860465116279,0.447674418604651,NA,5,"top5","hr_sd_precond;hr_med_precond;eda_med_precond;eeg_fm_specent_precond;hrv_rmssd_precond"
2025-12-19 16:52:51.408475,26,"stress_label",5,128,0.1,0.453488372093023,0.430232558139535,NA,5,"top5","hr_sd_precond;hr_med_precond;eda_med_precond;eeg_fm_specent_precond;hrv_rmssd_precond"
2025-12-19 16:52:51.67031,26,"stress_label",5,256,0.1,0.517441860465116,0.430232558139535,NA,5,"top5","hr_sd_precond;hr_med_precond;eda_med_precond;eeg_fm_specent_precond;hrv_rmssd_precond"
2025-12-19 16:52:52.918998,27,"stress_label",5,2,0.0078125,0.593023255813954,0.604651162790698,0.582170542635659,5,"top5","hr_sd_precond;hr_med_precond;eda_med_precond;eeg_fm_specent_precond;hrv_rmssd_precond"
2025-12-19 16:52:52.909538,27,"stress_label",5,4,0.0078125,0.593023255813954,0.563953488372093,0.593023255813954,5,"top5","hr_sd_precond;hr_med_precond;eda_med_precond;eeg_fm_specent_precond;hrv_rmssd_precond"
2025-12-19 16:52:52.895465,27,"stress_label",5,8,0.0078125,0.581395348837209,0.593023255813954,0.572868217054264,5,"top5","hr_sd_precond;hr_med_precond;eda_med_precond;eeg_fm_specent_precond;hrv_rmssd_precond"
2025-12-19 16:52:52.930717,27,"stress_label",5,16,0.0078125,0.593023255813954,0.61046511627907,0.582945736434109,5,"top5","hr_sd_precond;hr_med_precond;eda_med_precond;eeg_fm_specent_precond;hrv_rmssd_precond"
2025-12-19 16:52:52.928859,27,"stress_label",5,32,0.0078125,0.598837209302326,0.598837209302326,0.589922480620155,5,"top5","hr_sd_precond;hr_med_precond;eda_med_precond;eeg_fm_specent_precond;hrv_rmssd_precond"
2025-12-19 16:52:52.944819,27,"stress_label",5,64,0.0078125,0.540697674418605,0.523255813953488,0.537984496124031,5,"top5","hr_sd_precond;hr_med_precond;eda_med_precond;eeg_fm_specent_precond;hrv_rmssd_precond"
2025-12-19 16:52:52.934524,27,"stress_label",5,128,0.0078125,0.511627906976744,0.494186046511628,0.511627906976744,5,"top5","hr_sd_precond;hr_med_precond;eda_med_precond;eeg_fm_specent_precond;hrv_rmssd_precond"
2025-12-19 16:52:53.006196,27,"stress_label",5,256,0.0078125,0.494186046511628,0.436046511627907,0.504651162790698,5,"top5","hr_sd_precond;hr_med_precond;eda_med_precond;eeg_fm_specent_precond;hrv_rmssd_precond"
2025-12-19 16:52:52.920209,27,"stress_label",5,2,0.015625,0.598837209302326,0.587209302325581,0.60077519379845,5,"top5","hr_sd_precond;hr_med_precond;eda_med_precond;eeg_fm_specent_precond;hrv_rmssd_precond"
2025-12-19 16:52:52.906835,27,"stress_label",5,4,0.015625,0.61046511627907,0.593023255813954,0.610077519379845,5,"top5","hr_sd_precond;hr_med_precond;eda_med_precond;eeg_fm_specent_precond;hrv_rmssd_precond"
2025-12-19 16:52:52.905462,27,"stress_label",5,8,0.015625,0.587209302325581,0.604651162790698,0.587596899224806,5,"top5","hr_sd_precond;hr_med_precond;eda_med_precond;eeg_fm_specent_precond;hrv_rmssd_precond"
2025-12-19 16:52:52.939022,27,"stress_label",5,16,0.015625,0.546511627906977,0.569767441860465,0.545736434108527,5,"top5","hr_sd_precond;hr_med_precond;eda_med_precond;eeg_fm_specent_precond;hrv_rmssd_precond"
2025-12-19 16:52:52.959649,27,"stress_label",5,32,0.015625,0.517441860465116,0.523255813953488,0.52015503875969,5,"top5","hr_sd_precond;hr_med_precond;eda_med_precond;eeg_fm_specent_precond;hrv_rmssd_precond"
2025-12-19 16:52:52.953064,27,"stress_label",5,64,0.015625,0.482558139534884,0.47093023255814,0.493798449612403,5,"top5","hr_sd_precond;hr_med_precond;eda_med_precond;eeg_fm_specent_precond;hrv_rmssd_precond"
2025-12-19 16:52:54.038865,27,"stress_label",5,128,0.015625,0.482558139534884,0.517441860465116,NA,5,"top5","hr_sd_precond;hr_med_precond;eda_med_precond;eeg_fm_specent_precond;hrv_rmssd_precond"
2025-12-19 16:52:54.191986,27,"stress_label",5,256,0.015625,0.494186046511628,0.424418604651163,NA,5,"top5","hr_sd_precond;hr_med_precond;eda_med_precond;eeg_fm_specent_precond;hrv_rmssd_precond"
2025-12-19 16:52:53.954066,27,"stress_label",5,2,0.03125,0.587209302325581,0.593023255813954,0.587596899224806,5,"top5","hr_sd_precond;hr_med_precond;eda_med_precond;eeg_fm_specent_precond;hrv_rmssd_precond"
2025-12-19 16:52:53.973424,27,"stress_label",5,4,0.03125,0.558139534883721,0.569767441860465,0.555038759689922,5,"top5","hr_sd_precond;hr_med_precond;eda_med_precond;eeg_fm_specent_precond;hrv_rmssd_precond"
2025-12-19 16:52:53.985212,27,"stress_label",5,8,0.03125,0.540697674418605,0.552325581395349,0.547286821705426,5,"top5","hr_sd_precond;hr_med_precond;eda_med_precond;eeg_fm_specent_precond;hrv_rmssd_precond"
2025-12-19 16:52:53.989278,27,"stress_label",5,16,0.03125,0.5,0.511627906976744,0.507751937984496,5,"top5","hr_sd_precond;hr_med_precond;eda_med_precond;eeg_fm_specent_precond;hrv_rmssd_precond"
2025-12-19 16:52:54.024461,27,"stress_label",5,32,0.03125,0.488372093023256,0.494186046511628,NA,5,"top5","hr_sd_precond;hr_med_precond;eda_med_precond;eeg_fm_specent_precond;hrv_rmssd_precond"
2025-12-19 16:52:54.077825,27,"stress_label",5,64,0.03125,0.476744186046512,0.465116279069767,0.486046511627907,5,"top5","hr_sd_precond;hr_med_precond;eda_med_precond;eeg_fm_specent_precond;hrv_rmssd_precond"
2025-12-19 16:52:54.188571,27,"stress_label",5,128,0.03125,0.459302325581395,0.459302325581395,NA,5,"top5","hr_sd_precond;hr_med_precond;eda_med_precond;eeg_fm_specent_precond;hrv_rmssd_precond"
2025-12-19 16:52:54.346121,27,"stress_label",5,256,0.03125,0.476744186046512,0.401162790697674,NA,5,"top5","hr_sd_precond;hr_med_precond;eda_med_precond;eeg_fm_specent_precond;hrv_rmssd_precond"
2025-12-19 16:52:53.967546,27,"stress_label",5,2,0.0625,0.534883720930233,0.540697674418605,0.534883720930233,5,"top5","hr_sd_precond;hr_med_precond;eda_med_precond;eeg_fm_specent_precond;hrv_rmssd_precond"
2025-12-19 16:52:54.00633,27,"stress_label",5,4,0.0625,0.517441860465116,0.511627906976744,0.527131782945736,5,"top5","hr_sd_precond;hr_med_precond;eda_med_precond;eeg_fm_specent_precond;hrv_rmssd_precond"
2025-12-19 16:52:54.02556,27,"stress_label",5,8,0.0625,0.5,0.47093023255814,NA,5,"top5","hr_sd_precond;hr_med_precond;eda_med_precond;eeg_fm_specent_precond;hrv_rmssd_precond"
2025-12-19 16:52:54.084671,27,"stress_label",5,16,0.0625,0.465116279069767,0.476744186046512,NA,5,"top5","hr_sd_precond;hr_med_precond;eda_med_precond;eeg_fm_specent_precond;hrv_rmssd_precond"
2025-12-19 16:52:55.055059,27,"stress_label",5,32,0.0625,0.494186046511628,0.401162790697674,NA,5,"top5","hr_sd_precond;hr_med_precond;eda_med_precond;eeg_fm_specent_precond;hrv_rmssd_precond"
2025-12-19 16:52:55.167444,27,"stress_label",5,64,0.0625,0.476744186046512,0.372093023255814,NA,5,"top5","hr_sd_precond;hr_med_precond;eda_med_precond;eeg_fm_specent_precond;hrv_rmssd_precond"
2025-12-19 16:52:55.336667,27,"stress_label",5,128,0.0625,0.482558139534884,0.38953488372093,NA,5,"top5","hr_sd_precond;hr_med_precond;eda_med_precond;eeg_fm_specent_precond;hrv_rmssd_precond"
2025-12-19 16:52:55.692614,27,"stress_label",5,256,0.0625,0.488372093023256,0.436046511627907,NA,5,"top5","hr_sd_precond;hr_med_precond;eda_med_precond;eeg_fm_specent_precond;hrv_rmssd_precond"
2025-12-19 16:52:55.043639,27,"stress_label",5,2,0.125,0.511627906976744,0.494186046511628,NA,5,"top5","hr_sd_precond;hr_med_precond;eda_med_precond;eeg_fm_specent_precond;hrv_rmssd_precond"
2025-12-19 16:52:55.018391,27,"stress_label",5,4,0.125,0.5,0.453488372093023,NA,5,"top5","hr_sd_precond;hr_med_precond;eda_med_precond;eeg_fm_specent_precond;hrv_rmssd_precond"
2025-12-19 16:52:55.114191,27,"stress_label",5,8,0.125,0.494186046511628,0.476744186046512,NA,5,"top5","hr_sd_precond;hr_med_precond;eda_med_precond;eeg_fm_specent_precond;hrv_rmssd_precond"
2025-12-19 16:52:55.114039,27,"stress_label",5,16,0.125,0.505813953488372,0.505813953488372,NA,5,"top5","hr_sd_precond;hr_med_precond;eda_med_precond;eeg_fm_specent_precond;hrv_rmssd_precond"
2025-12-19 16:52:55.228097,27,"stress_label",5,32,0.125,0.476744186046512,0.47093023255814,NA,5,"top5","hr_sd_precond;hr_med_precond;eda_med_precond;eeg_fm_specent_precond;hrv_rmssd_precond"
2025-12-19 16:52:55.381915,27,"stress_label",5,64,0.125,0.482558139534884,0.38953488372093,NA,5,"top5","hr_sd_precond;hr_med_precond;eda_med_precond;eeg_fm_specent_precond;hrv_rmssd_precond"
2025-12-19 16:52:55.697123,27,"stress_label",5,128,0.125,0.505813953488372,0.488372093023256,NA,5,"top5","hr_sd_precond;hr_med_precond;eda_med_precond;eeg_fm_specent_precond;hrv_rmssd_precond"
2025-12-19 16:52:56.153691,27,"stress_label",5,256,0.125,0.482558139534884,0.476744186046512,NA,5,"top5","hr_sd_precond;hr_med_precond;eda_med_precond;eeg_fm_specent_precond;hrv_rmssd_precond"
2025-12-19 16:52:55.209189,27,"stress_label",5,2,0.03,0.593023255813954,0.598837209302326,0.592248062015504,5,"top5","hr_sd_precond;hr_med_precond;eda_med_precond;eeg_fm_specent_precond;hrv_rmssd_precond"
2025-12-19 16:52:55.367811,27,"stress_label",5,4,0.03,0.569767441860465,0.540697674418605,0.558914728682171,5,"top5","hr_sd_precond;hr_med_precond;eda_med_precond;eeg_fm_specent_precond;hrv_rmssd_precond"
2025-12-19 16:52:56.051407,27,"stress_label",5,8,0.03,0.534883720930233,0.552325581395349,0.537984496124031,5,"top5","hr_sd_precond;hr_med_precond;eda_med_precond;eeg_fm_specent_precond;hrv_rmssd_precond"
2025-12-19 16:52:56.088303,27,"stress_label",5,16,0.03,0.5,0.5,0.507751937984496,5,"top5","hr_sd_precond;hr_med_precond;eda_med_precond;eeg_fm_specent_precond;hrv_rmssd_precond"
2025-12-19 16:52:56.10681,27,"stress_label",5,32,0.03,0.494186046511628,0.5,NA,5,"top5","hr_sd_precond;hr_med_precond;eda_med_precond;eeg_fm_specent_precond;hrv_rmssd_precond"
2025-12-19 16:52:56.228581,27,"stress_label",5,64,0.03,0.476744186046512,0.441860465116279,0.486046511627907,5,"top5","hr_sd_precond;hr_med_precond;eda_med_precond;eeg_fm_specent_precond;hrv_rmssd_precond"
2025-12-19 16:52:56.314879,27,"stress_label",5,128,0.03,0.465116279069767,0.366279069767442,NA,5,"top5","hr_sd_precond;hr_med_precond;eda_med_precond;eeg_fm_specent_precond;hrv_rmssd_precond"
2025-12-19 16:52:56.574824,27,"stress_label",5,256,0.03,0.488372093023256,0.343023255813953,NA,5,"top5","hr_sd_precond;hr_med_precond;eda_med_precond;eeg_fm_specent_precond;hrv_rmssd_precond"
2025-12-19 16:52:56.245164,27,"stress_label",5,2,0.06,0.534883720930233,0.523255813953488,0.534883720930233,5,"top5","hr_sd_precond;hr_med_precond;eda_med_precond;eeg_fm_specent_precond;hrv_rmssd_precond"
2025-12-19 16:52:56.274142,27,"stress_label",5,4,0.06,0.517441860465116,0.517441860465116,0.527131782945736,5,"top5","hr_sd_precond;hr_med_precond;eda_med_precond;eeg_fm_specent_precond;hrv_rmssd_precond"
2025-12-19 16:52:56.356019,27,"stress_label",5,8,0.06,0.5,0.505813953488372,0.513953488372093,5,"top5","hr_sd_precond;hr_med_precond;eda_med_precond;eeg_fm_specent_precond;hrv_rmssd_precond"
2025-12-19 16:52:56.410702,27,"stress_label",5,16,0.06,0.465116279069767,0.436046511627907,NA,5,"top5","hr_sd_precond;hr_med_precond;eda_med_precond;eeg_fm_specent_precond;hrv_rmssd_precond"
2025-12-19 16:52:56.497463,27,"stress_label",5,32,0.06,0.482558139534884,0.406976744186047,NA,5,"top5","hr_sd_precond;hr_med_precond;eda_med_precond;eeg_fm_specent_precond;hrv_rmssd_precond"
2025-12-19 16:52:56.81303,27,"stress_label",5,64,0.06,0.465116279069767,0.401162790697674,NA,5,"top5","hr_sd_precond;hr_med_precond;eda_med_precond;eeg_fm_specent_precond;hrv_rmssd_precond"
2025-12-19 16:52:57.005549,27,"stress_label",5,128,0.06,0.47093023255814,0.395348837209302,NA,5,"top5","hr_sd_precond;hr_med_precond;eda_med_precond;eeg_fm_specent_precond;hrv_rmssd_precond"
2025-12-19 16:52:57.485446,27,"stress_label",5,256,0.06,0.5,0.436046511627907,NA,5,"top5","hr_sd_precond;hr_med_precond;eda_med_precond;eeg_fm_specent_precond;hrv_rmssd_precond"
2025-12-19 16:52:57.001118,27,"stress_label",5,2,0.1,0.529069767441861,0.563953488372093,0.531782945736434,5,"top5","hr_sd_precond;hr_med_precond;eda_med_precond;eeg_fm_specent_precond;hrv_rmssd_precond"
2025-12-19 16:52:57.077976,27,"stress_label",5,4,0.1,0.47093023255814,0.494186046511628,NA,5,"top5","hr_sd_precond;hr_med_precond;eda_med_precond;eeg_fm_specent_precond;hrv_rmssd_precond"
2025-12-19 16:52:57.084669,27,"stress_label",5,8,0.1,0.488372093023256,0.430232558139535,NA,5,"top5","hr_sd_precond;hr_med_precond;eda_med_precond;eeg_fm_specent_precond;hrv_rmssd_precond"
2025-12-19 16:52:57.191332,27,"stress_label",5,16,0.1,0.488372093023256,0.401162790697674,NA,5,"top5","hr_sd_precond;hr_med_precond;eda_med_precond;eeg_fm_specent_precond;hrv_rmssd_precond"
2025-12-19 16:52:57.257178,27,"stress_label",5,32,0.1,0.488372093023256,0.436046511627907,NA,5,"top5","hr_sd_precond;hr_med_precond;eda_med_precond;eeg_fm_specent_precond;hrv_rmssd_precond"
2025-12-19 16:52:57.329818,27,"stress_label",5,64,0.1,0.476744186046512,0.395348837209302,NA,5,"top5","hr_sd_precond;hr_med_precond;eda_med_precond;eeg_fm_specent_precond;hrv_rmssd_precond"
2025-12-19 16:52:57.524421,27,"stress_label",5,128,0.1,0.488372093023256,0.395348837209302,NA,5,"top5","hr_sd_precond;hr_med_precond;eda_med_precond;eeg_fm_specent_precond;hrv_rmssd_precond"
2025-12-19 16:52:57.828862,27,"stress_label",5,256,0.1,0.511627906976744,0.47093023255814,NA,5,"top5","hr_sd_precond;hr_med_precond;eda_med_precond;eeg_fm_specent_precond;hrv_rmssd_precond"
2025-12-19 16:52:59.106448,28,"stress_label",5,2,0.0078125,0.593023255813954,0.581395348837209,0.589922480620155,5,"top5","hr_sd_precond;hr_med_precond;eda_med_precond;eeg_fm_specent_precond;hrv_rmssd_precond"
2025-12-19 16:52:59.103214,28,"stress_label",5,4,0.0078125,0.593023255813954,0.598837209302326,0.60077519379845,5,"top5","hr_sd_precond;hr_med_precond;eda_med_precond;eeg_fm_specent_precond;hrv_rmssd_precond"
2025-12-19 16:52:59.097081,28,"stress_label",5,8,0.0078125,0.581395348837209,0.593023255813954,0.582945736434109,5,"top5","hr_sd_precond;hr_med_precond;eda_med_precond;eeg_fm_specent_precond;hrv_rmssd_precond"
2025-12-19 16:52:59.085211,28,"stress_label",5,16,0.0078125,0.593023255813954,0.61046511627907,0.593798449612403,5,"top5","hr_sd_precond;hr_med_precond;eda_med_precond;eeg_fm_specent_precond;hrv_rmssd_precond"
2025-12-19 16:52:59.108832,28,"stress_label",5,32,0.0078125,0.587209302325581,0.575581395348837,0.591472868217054,5,"top5","hr_sd_precond;hr_med_precond;eda_med_precond;eeg_fm_specent_precond;hrv_rmssd_precond"
2025-12-19 16:52:59.104808,28,"stress_label",5,64,0.0078125,0.552325581395349,0.517441860465116,0.554263565891473,5,"top5","hr_sd_precond;hr_med_precond;eda_med_precond;eeg_fm_specent_precond;hrv_rmssd_precond"
2025-12-19 16:52:59.136997,28,"stress_label",5,128,0.0078125,0.523255813953488,0.47093023255814,0.531782945736434,5,"top5","hr_sd_precond;hr_med_precond;eda_med_precond;eeg_fm_specent_precond;hrv_rmssd_precond"
2025-12-19 16:52:59.183625,28,"stress_label",5,256,0.0078125,0.517441860465116,0.482558139534884,0.524031007751938,5,"top5","hr_sd_precond;hr_med_precond;eda_med_precond;eeg_fm_specent_precond;hrv_rmssd_precond"
2025-12-19 16:52:59.077717,28,"stress_label",5,2,0.015625,0.598837209302326,0.604651162790698,0.608527131782946,5,"top5","hr_sd_precond;hr_med_precond;eda_med_precond;eeg_fm_specent_precond;hrv_rmssd_precond"
2025-12-19 16:52:59.094723,28,"stress_label",5,4,0.015625,0.598837209302326,0.616279069767442,0.601550387596899,5,"top5","hr_sd_precond;hr_med_precond;eda_med_precond;eeg_fm_specent_precond;hrv_rmssd_precond"
2025-12-19 16:52:59.084961,28,"stress_label",5,8,0.015625,0.587209302325581,0.558139534883721,0.591472868217054,5,"top5","hr_sd_precond;hr_med_precond;eda_med_precond;eeg_fm_specent_precond;hrv_rmssd_precond"
2025-12-19 16:52:59.094903,28,"stress_label",5,16,0.015625,0.558139534883721,0.523255813953488,0.558139534883721,5,"top5","hr_sd_precond;hr_med_precond;eda_med_precond;eeg_fm_specent_precond;hrv_rmssd_precond"
2025-12-19 16:52:59.105538,28,"stress_label",5,32,0.015625,0.529069767441861,0.546511627906977,0.535658914728682,5,"top5","hr_sd_precond;hr_med_precond;eda_med_precond;eeg_fm_specent_precond;hrv_rmssd_precond"
2025-12-19 16:52:59.113246,28,"stress_label",5,64,0.015625,0.511627906976744,0.517441860465116,0.512403100775194,5,"top5","hr_sd_precond;hr_med_precond;eda_med_precond;eeg_fm_specent_precond;hrv_rmssd_precond"
2025-12-19 16:53:00.252369,28,"stress_label",5,128,0.015625,0.488372093023256,0.529069767441861,0.510077519379845,5,"top5","hr_sd_precond;hr_med_precond;eda_med_precond;eeg_fm_specent_precond;hrv_rmssd_precond"
2025-12-19 16:53:00.35062,28,"stress_label",5,256,0.015625,0.517441860465116,0.436046511627907,0.54031007751938,5,"top5","hr_sd_precond;hr_med_precond;eda_med_precond;eeg_fm_specent_precond;hrv_rmssd_precond"
2025-12-19 16:53:00.170068,28,"stress_label",5,2,0.03125,0.587209302325581,0.569767441860465,0.589922480620155,5,"top5","hr_sd_precond;hr_med_precond;eda_med_precond;eeg_fm_specent_precond;hrv_rmssd_precond"
2025-12-19 16:53:00.195066,28,"stress_label",5,4,0.03125,0.569767441860465,0.575581395348837,0.573643410852713,5,"top5","hr_sd_precond;hr_med_precond;eda_med_precond;eeg_fm_specent_precond;hrv_rmssd_precond"
2025-12-19 16:53:00.177513,28,"stress_label",5,8,0.03125,0.529069767441861,0.511627906976744,0.535658914728682,5,"top5","hr_sd_precond;hr_med_precond;eda_med_precond;eeg_fm_specent_precond;hrv_rmssd_precond"
2025-12-19 16:53:00.20546,28,"stress_label",5,16,0.03125,0.517441860465116,0.424418604651163,0.526356589147287,5,"top5","hr_sd_precond;hr_med_precond;eda_med_precond;eeg_fm_specent_precond;hrv_rmssd_precond"
2025-12-19 16:53:00.237633,28,"stress_label",5,32,0.03125,0.494186046511628,0.517441860465116,0.516279069767442,5,"top5","hr_sd_precond;hr_med_precond;eda_med_precond;eeg_fm_specent_precond;hrv_rmssd_precond"
2025-12-19 16:53:00.255385,28,"stress_label",5,64,0.03125,0.494186046511628,0.36046511627907,0.511627906976744,5,"top5","hr_sd_precond;hr_med_precond;eda_med_precond;eeg_fm_specent_precond;hrv_rmssd_precond"
2025-12-19 16:53:00.374843,28,"stress_label",5,128,0.03125,0.447674418604651,0.465116279069767,0.449612403100775,5,"top5","hr_sd_precond;hr_med_precond;eda_med_precond;eeg_fm_specent_precond;hrv_rmssd_precond"
2025-12-19 16:53:00.558121,28,"stress_label",5,256,0.03125,0.441860465116279,0.406976744186047,NA,5,"top5","hr_sd_precond;hr_med_precond;eda_med_precond;eeg_fm_specent_precond;hrv_rmssd_precond"
2025-12-19 16:53:00.218916,28,"stress_label",5,2,0.0625,0.552325581395349,0.552325581395349,0.557364341085271,5,"top5","hr_sd_precond;hr_med_precond;eda_med_precond;eeg_fm_specent_precond;hrv_rmssd_precond"
2025-12-19 16:53:00.189622,28,"stress_label",5,4,0.0625,0.517441860465116,0.47093023255814,0.528682170542636,5,"top5","hr_sd_precond;hr_med_precond;eda_med_precond;eeg_fm_specent_precond;hrv_rmssd_precond"
2025-12-19 16:53:00.228821,28,"stress_label",5,8,0.0625,0.5,0.459302325581395,0.507751937984496,5,"top5","hr_sd_precond;hr_med_precond;eda_med_precond;eeg_fm_specent_precond;hrv_rmssd_precond"
2025-12-19 16:53:00.270245,28,"stress_label",5,16,0.0625,0.459302325581395,0.383720930232558,0.46046511627907,5,"top5","hr_sd_precond;hr_med_precond;eda_med_precond;eeg_fm_specent_precond;hrv_rmssd_precond"
2025-12-19 16:53:01.265769,28,"stress_label",5,32,0.0625,0.441860465116279,0.383720930232558,NA,5,"top5","hr_sd_precond;hr_med_precond;eda_med_precond;eeg_fm_specent_precond;hrv_rmssd_precond"
2025-12-19 16:53:01.403816,28,"stress_label",5,64,0.0625,0.447674418604651,0.377906976744186,NA,5,"top5","hr_sd_precond;hr_med_precond;eda_med_precond;eeg_fm_specent_precond;hrv_rmssd_precond"
2025-12-19 16:53:01.544634,28,"stress_label",5,128,0.0625,0.459302325581395,0.366279069767442,NA,5,"top5","hr_sd_precond;hr_med_precond;eda_med_precond;eeg_fm_specent_precond;hrv_rmssd_precond"
2025-12-19 16:53:01.950268,28,"stress_label",5,256,0.0625,0.5,0.406976744186047,NA,5,"top5","hr_sd_precond;hr_med_precond;eda_med_precond;eeg_fm_specent_precond;hrv_rmssd_precond"
2025-12-19 16:53:01.221868,28,"stress_label",5,2,0.125,0.5,0.459302325581395,0.496124031007752,5,"top5","hr_sd_precond;hr_med_precond;eda_med_precond;eeg_fm_specent_precond;hrv_rmssd_precond"
2025-12-19 16:53:01.232728,28,"stress_label",5,4,0.125,0.465116279069767,0.505813953488372,0.455038759689922,5,"top5","hr_sd_precond;hr_med_precond;eda_med_precond;eeg_fm_specent_precond;hrv_rmssd_precond"
2025-12-19 16:53:01.299743,28,"stress_label",5,8,0.125,0.47093023255814,0.430232558139535,0.469767441860465,5,"top5","hr_sd_precond;hr_med_precond;eda_med_precond;eeg_fm_specent_precond;hrv_rmssd_precond"
2025-12-19 16:53:01.38779,28,"stress_label",5,16,0.125,0.505813953488372,0.38953488372093,NA,5,"top5","hr_sd_precond;hr_med_precond;eda_med_precond;eeg_fm_specent_precond;hrv_rmssd_precond"
2025-12-19 16:53:01.449042,28,"stress_label",5,32,0.125,0.482558139534884,0.453488372093023,NA,5,"top5","hr_sd_precond;hr_med_precond;eda_med_precond;eeg_fm_specent_precond;hrv_rmssd_precond"
2025-12-19 16:53:01.589246,28,"stress_label",5,64,0.125,0.534883720930233,0.505813953488372,NA,5,"top5","hr_sd_precond;hr_med_precond;eda_med_precond;eeg_fm_specent_precond;hrv_rmssd_precond"
2025-12-19 16:53:01.869142,28,"stress_label",5,128,0.125,0.552325581395349,0.424418604651163,0.548062015503876,5,"top5","hr_sd_precond;hr_med_precond;eda_med_precond;eeg_fm_specent_precond;hrv_rmssd_precond"
2025-12-19 16:53:02.348932,28,"stress_label",5,256,0.125,0.540697674418605,0.511627906976744,NA,5,"top5","hr_sd_precond;hr_med_precond;eda_med_precond;eeg_fm_specent_precond;hrv_rmssd_precond"
2025-12-19 16:53:01.384509,28,"stress_label",5,2,0.03,0.593023255813954,0.593023255813954,0.597674418604651,5,"top5","hr_sd_precond;hr_med_precond;eda_med_precond;eeg_fm_specent_precond;hrv_rmssd_precond"
2025-12-19 16:53:01.5978,28,"stress_label",5,4,0.03,0.575581395348837,0.593023255813954,0.573643410852713,5,"top5","hr_sd_precond;hr_med_precond;eda_med_precond;eeg_fm_specent_precond;hrv_rmssd_precond"
2025-12-19 16:53:02.259769,28,"stress_label",5,8,0.03,0.529069767441861,0.534883720930233,0.535658914728682,5,"top5","hr_sd_precond;hr_med_precond;eda_med_precond;eeg_fm_specent_precond;hrv_rmssd_precond"
2025-12-19 16:53:02.268911,28,"stress_label",5,16,0.03,0.529069767441861,0.5,0.537984496124031,5,"top5","hr_sd_precond;hr_med_precond;eda_med_precond;eeg_fm_specent_precond;hrv_rmssd_precond"
2025-12-19 16:53:02.323513,28,"stress_label",5,32,0.03,0.488372093023256,0.395348837209302,0.510077519379845,5,"top5","hr_sd_precond;hr_med_precond;eda_med_precond;eeg_fm_specent_precond;hrv_rmssd_precond"
2025-12-19 16:53:02.415121,28,"stress_label",5,64,0.03,0.494186046511628,0.395348837209302,0.511627906976744,5,"top5","hr_sd_precond;hr_med_precond;eda_med_precond;eeg_fm_specent_precond;hrv_rmssd_precond"
2025-12-19 16:53:02.577129,28,"stress_label",5,128,0.03,0.441860465116279,0.412790697674419,0.442635658914729,5,"top5","hr_sd_precond;hr_med_precond;eda_med_precond;eeg_fm_specent_precond;hrv_rmssd_precond"
2025-12-19 16:53:02.76649,28,"stress_label",5,256,0.03,0.441860465116279,0.406976744186047,NA,5,"top5","hr_sd_precond;hr_med_precond;eda_med_precond;eeg_fm_specent_precond;hrv_rmssd_precond"
2025-12-19 16:53:02.430277,28,"stress_label",5,2,0.06,0.563953488372093,0.534883720930233,0.563565891472868,5,"top5","hr_sd_precond;hr_med_precond;eda_med_precond;eeg_fm_specent_precond;hrv_rmssd_precond"
2025-12-19 16:53:02.489401,28,"stress_label",5,4,0.06,0.523255813953488,0.453488372093023,0.528682170542636,5,"top5","hr_sd_precond;hr_med_precond;eda_med_precond;eeg_fm_specent_precond;hrv_rmssd_precond"
2025-12-19 16:53:02.582644,28,"stress_label",5,8,0.06,0.511627906976744,0.459302325581395,0.517054263565891,5,"top5","hr_sd_precond;hr_med_precond;eda_med_precond;eeg_fm_specent_precond;hrv_rmssd_precond"
2025-12-19 16:53:02.64313,28,"stress_label",5,16,0.06,0.476744186046512,0.366279069767442,0.483720930232558,5,"top5","hr_sd_precond;hr_med_precond;eda_med_precond;eeg_fm_specent_precond;hrv_rmssd_precond"
2025-12-19 16:53:02.689509,28,"stress_label",5,32,0.06,0.447674418604651,0.441860465116279,0.445736434108527,5,"top5","hr_sd_precond;hr_med_precond;eda_med_precond;eeg_fm_specent_precond;hrv_rmssd_precond"
2025-12-19 16:53:03.038458,28,"stress_label",5,64,0.06,0.447674418604651,0.412790697674419,NA,5,"top5","hr_sd_precond;hr_med_precond;eda_med_precond;eeg_fm_specent_precond;hrv_rmssd_precond"
2025-12-19 16:53:03.244491,28,"stress_label",5,128,0.06,0.47093023255814,0.395348837209302,0.461240310077519,5,"top5","hr_sd_precond;hr_med_precond;eda_med_precond;eeg_fm_specent_precond;hrv_rmssd_precond"
2025-12-19 16:53:03.702634,28,"stress_label",5,256,0.06,0.482558139534884,0.38953488372093,NA,5,"top5","hr_sd_precond;hr_med_precond;eda_med_precond;eeg_fm_specent_precond;hrv_rmssd_precond"
2025-12-19 16:53:03.214132,28,"stress_label",5,2,0.1,0.529069767441861,0.494186046511628,0.525581395348837,5,"top5","hr_sd_precond;hr_med_precond;eda_med_precond;eeg_fm_specent_precond;hrv_rmssd_precond"
2025-12-19 16:53:03.267842,28,"stress_label",5,4,0.1,0.47093023255814,0.436046511627907,0.475968992248062,5,"top5","hr_sd_precond;hr_med_precond;eda_med_precond;eeg_fm_specent_precond;hrv_rmssd_precond"
2025-12-19 16:53:03.307987,28,"stress_label",5,8,0.1,0.453488372093023,0.406976744186047,0.438759689922481,5,"top5","hr_sd_precond;hr_med_precond;eda_med_precond;eeg_fm_specent_precond;hrv_rmssd_precond"
2025-12-19 16:53:03.375641,28,"stress_label",5,16,0.1,0.453488372093023,0.383720930232558,NA,5,"top5","hr_sd_precond;hr_med_precond;eda_med_precond;eeg_fm_specent_precond;hrv_rmssd_precond"
2025-12-19 16:53:03.430729,28,"stress_label",5,32,0.1,0.482558139534884,0.383720930232558,NA,5,"top5","hr_sd_precond;hr_med_precond;eda_med_precond;eeg_fm_specent_precond;hrv_rmssd_precond"
2025-12-19 16:53:03.557318,28,"stress_label",5,64,0.1,0.5,0.488372093023256,NA,5,"top5","hr_sd_precond;hr_med_precond;eda_med_precond;eeg_fm_specent_precond;hrv_rmssd_precond"
2025-12-19 16:53:03.790481,28,"stress_label",5,128,0.1,0.511627906976744,0.406976744186047,0.517829457364341,5,"top5","hr_sd_precond;hr_med_precond;eda_med_precond;eeg_fm_specent_precond;hrv_rmssd_precond"
2025-12-19 16:53:04.023221,28,"stress_label",5,256,0.1,0.534883720930233,0.494186046511628,NA,5,"top5","hr_sd_precond;hr_med_precond;eda_med_precond;eeg_fm_specent_precond;hrv_rmssd_precond"
2025-12-19 16:53:05.270345,29,"stress_label",5,2,0.0078125,0.593023255813954,0.598837209302326,0.584496124031008,5,"top5","hr_sd_precond;hr_med_precond;eeg_fm_lbeta_power_precond;eda_med_precond;eeg_fm_specent_precond"
2025-12-19 16:53:05.257687,29,"stress_label",5,4,0.0078125,0.627906976744186,0.627906976744186,0.627131782945736,5,"top5","hr_sd_precond;hr_med_precond;eeg_fm_lbeta_power_precond;eda_med_precond;eeg_fm_specent_precond"
2025-12-19 16:53:05.261374,29,"stress_label",5,8,0.0078125,0.627906976744186,0.622093023255814,0.627131782945736,5,"top5","hr_sd_precond;hr_med_precond;eeg_fm_lbeta_power_precond;eda_med_precond;eeg_fm_specent_precond"
2025-12-19 16:53:05.274155,29,"stress_label",5,16,0.0078125,0.604651162790698,0.604651162790698,0.614728682170543,5,"top5","hr_sd_precond;hr_med_precond;eeg_fm_lbeta_power_precond;eda_med_precond;eeg_fm_specent_precond"
2025-12-19 16:53:05.317612,29,"stress_label",5,32,0.0078125,0.593023255813954,0.558139534883721,NA,5,"top5","hr_sd_precond;hr_med_precond;eeg_fm_lbeta_power_precond;eda_med_precond;eeg_fm_specent_precond"
2025-12-19 16:53:05.296603,29,"stress_label",5,64,0.0078125,0.587209302325581,0.540697674418605,NA,5,"top5","hr_sd_precond;hr_med_precond;eeg_fm_lbeta_power_precond;eda_med_precond;eeg_fm_specent_precond"
2025-12-19 16:53:05.297768,29,"stress_label",5,128,0.0078125,0.587209302325581,0.552325581395349,0.572868217054264,5,"top5","hr_sd_precond;hr_med_precond;eeg_fm_lbeta_power_precond;eda_med_precond;eeg_fm_specent_precond"
2025-12-19 16:53:05.35373,29,"stress_label",5,256,0.0078125,0.569767441860465,0.546511627906977,0.575193798449612,5,"top5","hr_sd_precond;hr_med_precond;eeg_fm_lbeta_power_precond;eda_med_precond;eeg_fm_specent_precond"
2025-12-19 16:53:05.265335,29,"stress_label",5,2,0.015625,0.616279069767442,0.627906976744186,0.62015503875969,5,"top5","hr_sd_precond;hr_med_precond;eeg_fm_lbeta_power_precond;eda_med_precond;eeg_fm_specent_precond"
2025-12-19 16:53:05.249996,29,"stress_label",5,4,0.015625,0.61046511627907,0.622093023255814,0.610077519379845,5,"top5","hr_sd_precond;hr_med_precond;eeg_fm_lbeta_power_precond;eda_med_precond;eeg_fm_specent_precond"
2025-12-19 16:53:05.286518,29,"stress_label",5,8,0.015625,0.581395348837209,0.563953488372093,NA,5,"top5","hr_sd_precond;hr_med_precond;eeg_fm_lbeta_power_precond;eda_med_precond;eeg_fm_specent_precond"
2025-12-19 16:53:05.321211,29,"stress_label",5,16,0.015625,0.593023255813954,0.540697674418605,NA,5,"top5","hr_sd_precond;hr_med_precond;eeg_fm_lbeta_power_precond;eda_med_precond;eeg_fm_specent_precond"
2025-12-19 16:53:05.283956,29,"stress_label",5,32,0.015625,0.569767441860465,0.552325581395349,0.550387596899225,5,"top5","hr_sd_precond;hr_med_precond;eeg_fm_lbeta_power_precond;eda_med_precond;eeg_fm_specent_precond"
2025-12-19 16:53:05.302931,29,"stress_label",5,64,0.015625,0.569767441860465,0.529069767441861,0.575193798449612,5,"top5","hr_sd_precond;hr_med_precond;eeg_fm_lbeta_power_precond;eda_med_precond;eeg_fm_specent_precond"
2025-12-19 16:53:06.387401,29,"stress_label",5,128,0.015625,0.552325581395349,0.511627906976744,0.548837209302326,5,"top5","hr_sd_precond;hr_med_precond;eeg_fm_lbeta_power_precond;eda_med_precond;eeg_fm_specent_precond"
2025-12-19 16:53:06.471604,29,"stress_label",5,256,0.015625,0.505813953488372,0.459302325581395,0.494573643410853,5,"top5","hr_sd_precond;hr_med_precond;eeg_fm_lbeta_power_precond;eda_med_precond;eeg_fm_specent_precond"
2025-12-19 16:53:06.328291,29,"stress_label",5,2,0.03125,0.616279069767442,0.587209302325581,0.612403100775194,5,"top5","hr_sd_precond;hr_med_precond;eeg_fm_lbeta_power_precond;eda_med_precond;eeg_fm_specent_precond"
2025-12-19 16:53:06.336992,29,"stress_label",5,4,0.03125,0.575581395348837,0.558139534883721,NA,5,"top5","hr_sd_precond;hr_med_precond;eeg_fm_lbeta_power_precond;eda_med_precond;eeg_fm_specent_precond"
2025-12-19 16:53:06.340519,29,"stress_label",5,8,0.03125,0.569767441860465,0.540697674418605,0.546511627906977,5,"top5","hr_sd_precond;hr_med_precond;eeg_fm_lbeta_power_precond;eda_med_precond;eeg_fm_specent_precond"
2025-12-19 16:53:06.311442,29,"stress_label",5,16,0.03125,0.540697674418605,0.523255813953488,0.537984496124031,5,"top5","hr_sd_precond;hr_med_precond;eeg_fm_lbeta_power_precond;eda_med_precond;eeg_fm_specent_precond"
2025-12-19 16:53:06.342332,29,"stress_label",5,32,0.03125,0.523255813953488,0.482558139534884,0.52093023255814,5,"top5","hr_sd_precond;hr_med_precond;eeg_fm_lbeta_power_precond;eda_med_precond;eeg_fm_specent_precond"
2025-12-19 16:53:06.372827,29,"stress_label",5,64,0.03125,0.505813953488372,0.418604651162791,0.494573643410853,5,"top5","hr_sd_precond;hr_med_precond;eeg_fm_lbeta_power_precond;eda_med_precond;eeg_fm_specent_precond"
2025-12-19 16:53:06.514027,29,"stress_label",5,128,0.03125,0.523255813953488,0.325581395348837,0.513953488372093,5,"top5","hr_sd_precond;hr_med_precond;eeg_fm_lbeta_power_precond;eda_med_precond;eeg_fm_specent_precond"
2025-12-19 16:53:06.673072,29,"stress_label",5,256,0.03125,0.488372093023256,0.441860465116279,0.469767441860465,5,"top5","hr_sd_precond;hr_med_precond;eeg_fm_lbeta_power_precond;eda_med_precond;eeg_fm_specent_precond"
2025-12-19 16:53:06.350896,29,"stress_label",5,2,0.0625,0.546511627906977,0.546511627906977,0.537984496124031,5,"top5","hr_sd_precond;hr_med_precond;eeg_fm_lbeta_power_precond;eda_med_precond;eeg_fm_specent_precond"
2025-12-19 16:53:06.366618,29,"stress_label",5,4,0.0625,0.529069767441861,0.482558139534884,0.525581395348837,5,"top5","hr_sd_precond;hr_med_precond;eeg_fm_lbeta_power_precond;eda_med_precond;eeg_fm_specent_precond"
2025-12-19 16:53:06.386315,29,"stress_label",5,8,0.0625,0.534883720930233,0.482558139534884,0.535658914728682,5,"top5","hr_sd_precond;hr_med_precond;eeg_fm_lbeta_power_precond;eda_med_precond;eeg_fm_specent_precond"
2025-12-19 16:53:06.425803,29,"stress_label",5,16,0.0625,0.523255813953488,0.401162790697674,0.513178294573643,5,"top5","hr_sd_precond;hr_med_precond;eeg_fm_lbeta_power_precond;eda_med_precond;eeg_fm_specent_precond"
2025-12-19 16:53:07.411567,29,"stress_label",5,32,0.0625,0.511627906976744,0.406976744186047,0.489147286821705,5,"top5","hr_sd_precond;hr_med_precond;eeg_fm_lbeta_power_precond;eda_med_precond;eeg_fm_specent_precond"
2025-12-19 16:53:07.485185,29,"stress_label",5,64,0.0625,0.488372093023256,0.441860465116279,0.482945736434109,5,"top5","hr_sd_precond;hr_med_precond;eeg_fm_lbeta_power_precond;eda_med_precond;eeg_fm_specent_precond"
2025-12-19 16:53:07.663339,29,"stress_label",5,128,0.0625,0.47093023255814,0.372093023255814,0.455038759689922,5,"top5","hr_sd_precond;hr_med_precond;eeg_fm_lbeta_power_precond;eda_med_precond;eeg_fm_specent_precond"
2025-12-19 16:53:07.939725,29,"stress_label",5,256,0.0625,0.465116279069767,0.465116279069767,0.447286821705426,5,"top5","hr_sd_precond;hr_med_precond;eeg_fm_lbeta_power_precond;eda_med_precond;eeg_fm_specent_precond"
2025-12-19 16:53:07.364424,29,"stress_label",5,2,0.125,0.534883720930233,0.523255813953488,0.538759689922481,5,"top5","hr_sd_precond;hr_med_precond;eeg_fm_lbeta_power_precond;eda_med_precond;eeg_fm_specent_precond"
2025-12-19 16:53:07.412033,29,"stress_label",5,4,0.125,0.505813953488372,0.476744186046512,0.508527131782946,5,"top5","hr_sd_precond;hr_med_precond;eeg_fm_lbeta_power_precond;eda_med_precond;eeg_fm_specent_precond"
2025-12-19 16:53:07.420169,29,"stress_label",5,8,0.125,0.494186046511628,0.377906976744186,0.482170542635659,5,"top5","hr_sd_precond;hr_med_precond;eeg_fm_lbeta_power_precond;eda_med_precond;eeg_fm_specent_precond"
2025-12-19 16:53:07.4605,29,"stress_label",5,16,0.125,0.465116279069767,0.465116279069767,0.454263565891473,5,"top5","hr_sd_precond;hr_med_precond;eeg_fm_lbeta_power_precond;eda_med_precond;eeg_fm_specent_precond"
2025-12-19 16:53:07.550613,29,"stress_label",5,32,0.125,0.453488372093023,0.412790697674419,0.434883720930233,5,"top5","hr_sd_precond;hr_med_precond;eeg_fm_lbeta_power_precond;eda_med_precond;eeg_fm_specent_precond"
2025-12-19 16:53:07.676375,29,"stress_label",5,64,0.125,0.482558139534884,0.325581395348837,0.469767441860465,5,"top5","hr_sd_precond;hr_med_precond;eeg_fm_lbeta_power_precond;eda_med_precond;eeg_fm_specent_precond"
2025-12-19 16:53:07.992249,29,"stress_label",5,128,0.125,0.505813953488372,0.430232558139535,0.47984496124031,5,"top5","hr_sd_precond;hr_med_precond;eeg_fm_lbeta_power_precond;eda_med_precond;eeg_fm_specent_precond"
2025-12-19 16:53:08.520842,29,"stress_label",5,256,0.125,0.529069767441861,0.447674418604651,NA,5,"top5","hr_sd_precond;hr_med_precond;eeg_fm_lbeta_power_precond;eda_med_precond;eeg_fm_specent_precond"
2025-12-19 16:53:07.555365,29,"stress_label",5,2,0.03,0.61046511627907,0.598837209302326,0.604651162790698,5,"top5","hr_sd_precond;hr_med_precond;eeg_fm_lbeta_power_precond;eda_med_precond;eeg_fm_specent_precond"
2025-12-19 16:53:07.702056,29,"stress_label",5,4,0.03,0.569767441860465,0.558139534883721,NA,5,"top5","hr_sd_precond;hr_med_precond;eeg_fm_lbeta_power_precond;eda_med_precond;eeg_fm_specent_precond"
2025-12-19 16:53:08.393454,29,"stress_label",5,8,0.03,0.569767441860465,0.540697674418605,0.546511627906977,5,"top5","hr_sd_precond;hr_med_precond;eeg_fm_lbeta_power_precond;eda_med_precond;eeg_fm_specent_precond"
2025-12-19 16:53:08.449032,29,"stress_label",5,16,0.03,0.546511627906977,0.505813953488372,0.545736434108527,5,"top5","hr_sd_precond;hr_med_precond;eeg_fm_lbeta_power_precond;eda_med_precond;eeg_fm_specent_precond"
2025-12-19 16:53:08.444518,29,"stress_label",5,32,0.03,0.523255813953488,0.482558139534884,0.52093023255814,5,"top5","hr_sd_precond;hr_med_precond;eeg_fm_lbeta_power_precond;eda_med_precond;eeg_fm_specent_precond"
2025-12-19 16:53:08.514507,29,"stress_label",5,64,0.03,0.511627906976744,0.453488372093023,0.494573643410853,5,"top5","hr_sd_precond;hr_med_precond;eeg_fm_lbeta_power_precond;eda_med_precond;eeg_fm_specent_precond"
2025-12-19 16:53:08.645233,29,"stress_label",5,128,0.03,0.517441860465116,0.441860465116279,0.506976744186047,5,"top5","hr_sd_precond;hr_med_precond;eeg_fm_lbeta_power_precond;eda_med_precond;eeg_fm_specent_precond"
2025-12-19 16:53:08.866106,29,"stress_label",5,256,0.03,0.494186046511628,0.372093023255814,0.481395348837209,5,"top5","hr_sd_precond;hr_med_precond;eeg_fm_lbeta_power_precond;eda_med_precond;eeg_fm_specent_precond"
2025-12-19 16:53:08.563009,29,"stress_label",5,2,0.06,0.552325581395349,0.552325581395349,0.542635658914729,5,"top5","hr_sd_precond;hr_med_precond;eeg_fm_lbeta_power_precond;eda_med_precond;eeg_fm_specent_precond"
2025-12-19 16:53:08.594165,29,"stress_label",5,4,0.06,0.529069767441861,0.523255813953488,0.525581395348837,5,"top5","hr_sd_precond;hr_med_precond;eeg_fm_lbeta_power_precond;eda_med_precond;eeg_fm_specent_precond"
2025-12-19 16:53:08.668587,29,"stress_label",5,8,0.06,0.534883720930233,0.465116279069767,0.535658914728682,5,"top5","hr_sd_precond;hr_med_precond;eeg_fm_lbeta_power_precond;eda_med_precond;eeg_fm_specent_precond"
2025-12-19 16:53:08.740182,29,"stress_label",5,16,0.06,0.529069767441861,0.436046511627907,0.52015503875969,5,"top5","hr_sd_precond;hr_med_precond;eeg_fm_lbeta_power_precond;eda_med_precond;eeg_fm_specent_precond"
2025-12-19 16:53:08.812169,29,"stress_label",5,32,0.06,0.511627906976744,0.354651162790698,0.489147286821705,5,"top5","hr_sd_precond;hr_med_precond;eeg_fm_lbeta_power_precond;eda_med_precond;eeg_fm_specent_precond"
2025-12-19 16:53:09.093934,29,"stress_label",5,64,0.06,0.476744186046512,0.395348837209302,0.469767441860465,5,"top5","hr_sd_precond;hr_med_precond;eeg_fm_lbeta_power_precond;eda_med_precond;eeg_fm_specent_precond"
2025-12-19 16:53:09.267562,29,"stress_label",5,128,0.06,0.465116279069767,0.36046511627907,0.455038759689922,5,"top5","hr_sd_precond;hr_med_precond;eeg_fm_lbeta_power_precond;eda_med_precond;eeg_fm_specent_precond"
2025-12-19 16:53:09.734269,29,"stress_label",5,256,0.06,0.453488372093023,0.465116279069767,0.433333333333333,5,"top5","hr_sd_precond;hr_med_precond;eeg_fm_lbeta_power_precond;eda_med_precond;eeg_fm_specent_precond"
2025-12-19 16:53:09.400907,29,"stress_label",5,2,0.1,0.534883720930233,0.534883720930233,0.537209302325581,5,"top5","hr_sd_precond;hr_med_precond;eeg_fm_lbeta_power_precond;eda_med_precond;eeg_fm_specent_precond"
2025-12-19 16:53:09.400055,29,"stress_label",5,4,0.1,0.534883720930233,0.540697674418605,0.531007751937985,5,"top5","hr_sd_precond;hr_med_precond;eeg_fm_lbeta_power_precond;eda_med_precond;eeg_fm_specent_precond"
2025-12-19 16:53:09.454641,29,"stress_label",5,8,0.1,0.505813953488372,0.47093023255814,0.491472868217054,5,"top5","hr_sd_precond;hr_med_precond;eeg_fm_lbeta_power_precond;eda_med_precond;eeg_fm_specent_precond"
2025-12-19 16:53:09.489625,29,"stress_label",5,16,0.1,0.488372093023256,0.38953488372093,0.47984496124031,5,"top5","hr_sd_precond;hr_med_precond;eeg_fm_lbeta_power_precond;eda_med_precond;eeg_fm_specent_precond"
2025-12-19 16:53:09.576257,29,"stress_label",5,32,0.1,0.465116279069767,0.395348837209302,0.448837209302326,5,"top5","hr_sd_precond;hr_med_precond;eeg_fm_lbeta_power_precond;eda_med_precond;eeg_fm_specent_precond"
2025-12-19 16:53:09.673397,29,"stress_label",5,64,0.1,0.453488372093023,0.453488372093023,0.435658914728682,5,"top5","hr_sd_precond;hr_med_precond;eeg_fm_lbeta_power_precond;eda_med_precond;eeg_fm_specent_precond"
2025-12-19 16:53:09.840322,29,"stress_label",5,128,0.1,0.47093023255814,0.424418604651163,0.458139534883721,5,"top5","hr_sd_precond;hr_med_precond;eeg_fm_lbeta_power_precond;eda_med_precond;eeg_fm_specent_precond"
2025-12-19 16:53:10.127283,29,"stress_label",5,256,0.1,0.505813953488372,0.447674418604651,0.47984496124031,5,"top5","hr_sd_precond;hr_med_precond;eeg_fm_lbeta_power_precond;eda_med_precond;eeg_fm_specent_precond"
2025-12-19 16:53:11.429371,30,"stress_label",5,2,0.0078125,0.569767441860465,0.540697674418605,0.549612403100775,5,"top5","hr_med_precond;hr_sd_precond;eda_med_precond;eeg_fm_specent_precond;hrv_rmssd_precond"
2025-12-19 16:53:11.430995,30,"stress_label",5,4,0.0078125,0.575581395348837,0.581395348837209,0.568992248062016,5,"top5","hr_med_precond;hr_sd_precond;eda_med_precond;eeg_fm_specent_precond;hrv_rmssd_precond"
2025-12-19 16:53:11.429707,30,"stress_label",5,8,0.0078125,0.575581395348837,0.593023255813954,0.555813953488372,5,"top5","hr_med_precond;hr_sd_precond;eda_med_precond;eeg_fm_specent_precond;hrv_rmssd_precond"
2025-12-19 16:53:11.426786,30,"stress_label",5,16,0.0078125,0.587209302325581,0.569767441860465,0.566666666666667,5,"top5","hr_med_precond;hr_sd_precond;eda_med_precond;eeg_fm_specent_precond;hrv_rmssd_precond"
2025-12-19 16:53:11.428491,30,"stress_label",5,32,0.0078125,0.593023255813954,0.552325581395349,0.582945736434109,5,"top5","hr_med_precond;hr_sd_precond;eda_med_precond;eeg_fm_specent_precond;hrv_rmssd_precond"
2025-12-19 16:53:11.430643,30,"stress_label",5,64,0.0078125,0.558139534883721,0.511627906976744,0.565116279069767,5,"top5","hr_med_precond;hr_sd_precond;eda_med_precond;eeg_fm_specent_precond;hrv_rmssd_precond"
2025-12-19 16:53:11.461464,30,"stress_label",5,128,0.0078125,0.505813953488372,0.412790697674419,0.513178294573643,5,"top5","hr_med_precond;hr_sd_precond;eda_med_precond;eeg_fm_specent_precond;hrv_rmssd_precond"
2025-12-19 16:53:11.522487,30,"stress_label",5,256,0.0078125,0.494186046511628,0.459302325581395,NA,5,"top5","hr_med_precond;hr_sd_precond;eda_med_precond;eeg_fm_specent_precond;hrv_rmssd_precond"
2025-12-19 16:53:11.410389,30,"stress_label",5,2,0.015625,0.598837209302326,0.581395348837209,0.595348837209302,5,"top5","hr_med_precond;hr_sd_precond;eda_med_precond;eeg_fm_specent_precond;hrv_rmssd_precond"
2025-12-19 16:53:11.417959,30,"stress_label",5,4,0.015625,0.587209302325581,0.569767441860465,0.576744186046512,5,"top5","hr_med_precond;hr_sd_precond;eda_med_precond;eeg_fm_specent_precond;hrv_rmssd_precond"
2025-12-19 16:53:11.443997,30,"stress_label",5,8,0.015625,0.587209302325581,0.587209302325581,0.57984496124031,5,"top5","hr_med_precond;hr_sd_precond;eda_med_precond;eeg_fm_specent_precond;hrv_rmssd_precond"
2025-12-19 16:53:11.420155,30,"stress_label",5,16,0.015625,0.563953488372093,0.534883720930233,0.568992248062016,5,"top5","hr_med_precond;hr_sd_precond;eda_med_precond;eeg_fm_specent_precond;hrv_rmssd_precond"
2025-12-19 16:53:11.441382,30,"stress_label",5,32,0.015625,0.523255813953488,0.430232558139535,0.530232558139535,5,"top5","hr_med_precond;hr_sd_precond;eda_med_precond;eeg_fm_specent_precond;hrv_rmssd_precond"
2025-12-19 16:53:11.448377,30,"stress_label",5,64,0.015625,0.517441860465116,0.418604651162791,0.524806201550388,5,"top5","hr_med_precond;hr_sd_precond;eda_med_precond;eeg_fm_specent_precond;hrv_rmssd_precond"
2025-12-19 16:53:12.55344,30,"stress_label",5,128,0.015625,0.488372093023256,0.436046511627907,NA,5,"top5","hr_med_precond;hr_sd_precond;eda_med_precond;eeg_fm_specent_precond;hrv_rmssd_precond"
2025-12-19 16:53:12.645969,30,"stress_label",5,256,0.015625,0.447674418604651,0.453488372093023,0.451162790697674,5,"top5","hr_med_precond;hr_sd_precond;eda_med_precond;eeg_fm_specent_precond;hrv_rmssd_precond"
2025-12-19 16:53:12.467604,30,"stress_label",5,2,0.03125,0.598837209302326,0.575581395348837,0.587596899224806,5,"top5","hr_med_precond;hr_sd_precond;eda_med_precond;eeg_fm_specent_precond;hrv_rmssd_precond"
2025-12-19 16:53:12.466953,30,"stress_label",5,4,0.03125,0.569767441860465,0.552325581395349,0.568992248062016,5,"top5","hr_med_precond;hr_sd_precond;eda_med_precond;eeg_fm_specent_precond;hrv_rmssd_precond"
2025-12-19 16:53:12.48356,30,"stress_label",5,8,0.03125,0.517441860465116,0.511627906976744,0.518604651162791,5,"top5","hr_med_precond;hr_sd_precond;eda_med_precond;eeg_fm_specent_precond;hrv_rmssd_precond"
2025-12-19 16:53:12.471695,30,"stress_label",5,16,0.03125,0.511627906976744,0.476744186046512,0.521705426356589,5,"top5","hr_med_precond;hr_sd_precond;eda_med_precond;eeg_fm_specent_precond;hrv_rmssd_precond"
2025-12-19 16:53:12.515843,30,"stress_label",5,32,0.03125,0.5,0.395348837209302,NA,5,"top5","hr_med_precond;hr_sd_precond;eda_med_precond;eeg_fm_specent_precond;hrv_rmssd_precond"
2025-12-19 16:53:12.532531,30,"stress_label",5,64,0.03125,0.47093023255814,0.395348837209302,0.491472868217054,5,"top5","hr_med_precond;hr_sd_precond;eda_med_precond;eeg_fm_specent_precond;hrv_rmssd_precond"
2025-12-19 16:53:12.644318,30,"stress_label",5,128,0.03125,0.436046511627907,0.441860465116279,0.445736434108527,5,"top5","hr_med_precond;hr_sd_precond;eda_med_precond;eeg_fm_specent_precond;hrv_rmssd_precond"
2025-12-19 16:53:12.834326,30,"stress_label",5,256,0.03125,0.424418604651163,0.459302325581395,0.447286821705426,5,"top5","hr_med_precond;hr_sd_precond;eda_med_precond;eeg_fm_specent_precond;hrv_rmssd_precond"
2025-12-19 16:53:12.481248,30,"stress_label",5,2,0.0625,0.529069767441861,0.529069767441861,0.550387596899225,5,"top5","hr_med_precond;hr_sd_precond;eda_med_precond;eeg_fm_specent_precond;hrv_rmssd_precond"
2025-12-19 16:53:12.466521,30,"stress_label",5,4,0.0625,0.534883720930233,0.401162790697674,0.550387596899225,5,"top5","hr_med_precond;hr_sd_precond;eda_med_precond;eeg_fm_specent_precond;hrv_rmssd_precond"
2025-12-19 16:53:12.513221,30,"stress_label",5,8,0.0625,0.511627906976744,0.383720930232558,0.531782945736434,5,"top5","hr_med_precond;hr_sd_precond;eda_med_precond;eeg_fm_specent_precond;hrv_rmssd_precond"
2025-12-19 16:53:12.574998,30,"stress_label",5,16,0.0625,0.465116279069767,0.447674418604651,0.483720930232558,5,"top5","hr_med_precond;hr_sd_precond;eda_med_precond;eeg_fm_specent_precond;hrv_rmssd_precond"
2025-12-19 16:53:13.589928,30,"stress_label",5,32,0.0625,0.418604651162791,0.465116279069767,0.434108527131783,5,"top5","hr_med_precond;hr_sd_precond;eda_med_precond;eeg_fm_specent_precond;hrv_rmssd_precond"
2025-12-19 16:53:13.66698,30,"stress_label",5,64,0.0625,0.465116279069767,0.47093023255814,NA,5,"top5","hr_med_precond;hr_sd_precond;eda_med_precond;eeg_fm_specent_precond;hrv_rmssd_precond"
2025-12-19 16:53:13.837405,30,"stress_label",5,128,0.0625,0.441860465116279,0.38953488372093,NA,5,"top5","hr_med_precond;hr_sd_precond;eda_med_precond;eeg_fm_specent_precond;hrv_rmssd_precond"
2025-12-19 16:53:14.194725,30,"stress_label",5,256,0.0625,0.453488372093023,0.401162790697674,NA,5,"top5","hr_med_precond;hr_sd_precond;eda_med_precond;eeg_fm_specent_precond;hrv_rmssd_precond"
2025-12-19 16:53:13.500141,30,"stress_label",5,2,0.125,0.523255813953488,0.418604651162791,0.537209302325581,5,"top5","hr_med_precond;hr_sd_precond;eda_med_precond;eeg_fm_specent_precond;hrv_rmssd_precond"
2025-12-19 16:53:13.510585,30,"stress_label",5,4,0.125,0.453488372093023,0.401162790697674,0.469767441860465,5,"top5","hr_med_precond;hr_sd_precond;eda_med_precond;eeg_fm_specent_precond;hrv_rmssd_precond"
2025-12-19 16:53:13.559171,30,"stress_label",5,8,0.125,0.430232558139535,0.447674418604651,NA,5,"top5","hr_med_precond;hr_sd_precond;eda_med_precond;eeg_fm_specent_precond;hrv_rmssd_precond"
2025-12-19 16:53:13.624458,30,"stress_label",5,16,0.125,0.453488372093023,0.505813953488372,NA,5,"top5","hr_med_precond;hr_sd_precond;eda_med_precond;eeg_fm_specent_precond;hrv_rmssd_precond"
2025-12-19 16:53:13.701578,30,"stress_label",5,32,0.125,0.465116279069767,0.517441860465116,NA,5,"top5","hr_med_precond;hr_sd_precond;eda_med_precond;eeg_fm_specent_precond;hrv_rmssd_precond"
2025-12-19 16:53:13.870908,30,"stress_label",5,64,0.125,0.430232558139535,0.47093023255814,NA,5,"top5","hr_med_precond;hr_sd_precond;eda_med_precond;eeg_fm_specent_precond;hrv_rmssd_precond"
2025-12-19 16:53:14.198039,30,"stress_label",5,128,0.125,0.494186046511628,0.453488372093023,NA,5,"top5","hr_med_precond;hr_sd_precond;eda_med_precond;eeg_fm_specent_precond;hrv_rmssd_precond"
2025-12-19 16:53:14.688958,30,"stress_label",5,256,0.125,0.482558139534884,0.377906976744186,NA,5,"top5","hr_med_precond;hr_sd_precond;eda_med_precond;eeg_fm_specent_precond;hrv_rmssd_precond"
2025-12-19 16:53:13.680938,30,"stress_label",5,2,0.03,0.598837209302326,0.546511627906977,0.587596899224806,5,"top5","hr_med_precond;hr_sd_precond;eda_med_precond;eeg_fm_specent_precond;hrv_rmssd_precond"
2025-12-19 16:53:13.852404,30,"stress_label",5,4,0.03,0.581395348837209,0.575581395348837,0.581395348837209,5,"top5","hr_med_precond;hr_sd_precond;eda_med_precond;eeg_fm_specent_precond;hrv_rmssd_precond"
2025-12-19 16:53:14.493364,30,"stress_label",5,8,0.03,0.517441860465116,0.5,0.518604651162791,5,"top5","hr_med_precond;hr_sd_precond;eda_med_precond;eeg_fm_specent_precond;hrv_rmssd_precond"
2025-12-19 16:53:14.554761,30,"stress_label",5,16,0.03,0.517441860465116,0.459302325581395,0.524031007751938,5,"top5","hr_med_precond;hr_sd_precond;eda_med_precond;eeg_fm_specent_precond;hrv_rmssd_precond"
2025-12-19 16:53:14.638169,30,"stress_label",5,32,0.03,0.5,0.424418604651163,NA,5,"top5","hr_med_precond;hr_sd_precond;eda_med_precond;eeg_fm_specent_precond;hrv_rmssd_precond"
2025-12-19 16:53:14.712686,30,"stress_label",5,64,0.03,0.482558139534884,0.372093023255814,0.497674418604651,5,"top5","hr_med_precond;hr_sd_precond;eda_med_precond;eeg_fm_specent_precond;hrv_rmssd_precond"
2025-12-19 16:53:14.809552,30,"stress_label",5,128,0.03,0.436046511627907,0.476744186046512,0.445736434108527,5,"top5","hr_med_precond;hr_sd_precond;eda_med_precond;eeg_fm_specent_precond;hrv_rmssd_precond"
2025-12-19 16:53:15.053411,30,"stress_label",5,256,0.03,0.424418604651163,0.406976744186047,0.443410852713178,5,"top5","hr_med_precond;hr_sd_precond;eda_med_precond;eeg_fm_specent_precond;hrv_rmssd_precond"
2025-12-19 16:53:14.720197,30,"stress_label",5,2,0.06,0.540697674418605,0.534883720930233,0.556589147286822,5,"top5","hr_med_precond;hr_sd_precond;eda_med_precond;eeg_fm_specent_precond;hrv_rmssd_precond"
2025-12-19 16:53:14.718898,30,"stress_label",5,4,0.06,0.529069767441861,0.505813953488372,0.546511627906977,5,"top5","hr_med_precond;hr_sd_precond;eda_med_precond;eeg_fm_specent_precond;hrv_rmssd_precond"
2025-12-19 16:53:14.900172,30,"stress_label",5,8,0.06,0.511627906976744,0.436046511627907,0.531782945736434,5,"top5","hr_med_precond;hr_sd_precond;eda_med_precond;eeg_fm_specent_precond;hrv_rmssd_precond"
2025-12-19 16:53:14.870066,30,"stress_label",5,16,0.06,0.459302325581395,0.447674418604651,0.481395348837209,5,"top5","hr_med_precond;hr_sd_precond;eda_med_precond;eeg_fm_specent_precond;hrv_rmssd_precond"
2025-12-19 16:53:14.970247,30,"stress_label",5,32,0.06,0.412790697674419,0.511627906976744,0.431782945736434,5,"top5","hr_med_precond;hr_sd_precond;eda_med_precond;eeg_fm_specent_precond;hrv_rmssd_precond"
2025-12-19 16:53:15.378502,30,"stress_label",5,64,0.06,0.441860465116279,0.47093023255814,NA,5,"top5","hr_med_precond;hr_sd_precond;eda_med_precond;eeg_fm_specent_precond;hrv_rmssd_precond"
2025-12-19 16:53:15.51387,30,"stress_label",5,128,0.06,0.441860465116279,0.465116279069767,NA,5,"top5","hr_med_precond;hr_sd_precond;eda_med_precond;eeg_fm_specent_precond;hrv_rmssd_precond"
2025-12-19 16:53:15.937877,30,"stress_label",5,256,0.06,0.447674418604651,0.383720930232558,NA,5,"top5","hr_med_precond;hr_sd_precond;eda_med_precond;eeg_fm_specent_precond;hrv_rmssd_precond"
2025-12-19 16:53:15.500055,30,"stress_label",5,2,0.1,0.517441860465116,0.424418604651163,0.527131782945736,5,"top5","hr_med_precond;hr_sd_precond;eda_med_precond;eeg_fm_specent_precond;hrv_rmssd_precond"
2025-12-19 16:53:15.587502,30,"stress_label",5,4,0.1,0.482558139534884,0.38953488372093,0.495348837209302,5,"top5","hr_med_precond;hr_sd_precond;eda_med_precond;eeg_fm_specent_precond;hrv_rmssd_precond"
2025-12-19 16:53:15.635972,30,"stress_label",5,8,0.1,0.441860465116279,0.383720930232558,0.457364341085271,5,"top5","hr_med_precond;hr_sd_precond;eda_med_precond;eeg_fm_specent_precond;hrv_rmssd_precond"
2025-12-19 16:53:15.68608,30,"stress_label",5,16,0.1,0.453488372093023,0.459302325581395,NA,5,"top5","hr_med_precond;hr_sd_precond;eda_med_precond;eeg_fm_specent_precond;hrv_rmssd_precond"
2025-12-19 16:53:15.73933,30,"stress_label",5,32,0.1,0.441860465116279,0.453488372093023,NA,5,"top5","hr_med_precond;hr_sd_precond;eda_med_precond;eeg_fm_specent_precond;hrv_rmssd_precond"
2025-12-19 16:53:15.822726,30,"stress_label",5,64,0.1,0.459302325581395,0.436046511627907,NA,5,"top5","hr_med_precond;hr_sd_precond;eda_med_precond;eeg_fm_specent_precond;hrv_rmssd_precond"
2025-12-19 16:53:16.030472,30,"stress_label",5,128,0.1,0.459302325581395,0.418604651162791,NA,5,"top5","hr_med_precond;hr_sd_precond;eda_med_precond;eeg_fm_specent_precond;hrv_rmssd_precond"
2025-12-19 16:53:16.358052,30,"stress_label",5,256,0.1,0.494186046511628,0.412790697674419,NA,5,"top5","hr_med_precond;hr_sd_precond;eda_med_precond;eeg_fm_specent_precond;hrv_rmssd_precond"
2025-12-19 16:53:17.609946,31,"stress_label",5,2,0.0078125,0.598837209302326,0.604651162790698,0.597674418604651,5,"top5","hr_sd_precond;hr_med_precond;eda_med_precond;hrv_rmssd_precond;eeg_fm_specent_precond"
2025-12-19 16:53:17.614968,31,"stress_label",5,4,0.0078125,0.593023255813954,0.598837209302326,0.593023255813954,5,"top5","hr_sd_precond;hr_med_precond;eda_med_precond;hrv_rmssd_precond;eeg_fm_specent_precond"
2025-12-19 16:53:17.589591,31,"stress_label",5,8,0.0078125,0.587209302325581,0.598837209302326,0.582170542635659,5,"top5","hr_sd_precond;hr_med_precond;eda_med_precond;hrv_rmssd_precond;eeg_fm_specent_precond"
2025-12-19 16:53:17.61689,31,"stress_label",5,16,0.0078125,0.587209302325581,0.604651162790698,0.581395348837209,5,"top5","hr_sd_precond;hr_med_precond;eda_med_precond;hrv_rmssd_precond;eeg_fm_specent_precond"
2025-12-19 16:53:17.575342,31,"stress_label",5,32,0.0078125,0.569767441860465,0.598837209302326,0.575193798449612,5,"top5","hr_sd_precond;hr_med_precond;eda_med_precond;hrv_rmssd_precond;eeg_fm_specent_precond"
2025-12-19 16:53:17.585535,31,"stress_label",5,64,0.0078125,0.540697674418605,0.575581395348837,0.555813953488372,5,"top5","hr_sd_precond;hr_med_precond;eda_med_precond;hrv_rmssd_precond;eeg_fm_specent_precond"
2025-12-19 16:53:17.638764,31,"stress_label",5,128,0.0078125,0.523255813953488,0.540697674418605,0.535658914728682,5,"top5","hr_sd_precond;hr_med_precond;eda_med_precond;hrv_rmssd_precond;eeg_fm_specent_precond"
2025-12-19 16:53:17.705782,31,"stress_label",5,256,0.0078125,0.482558139534884,0.494186046511628,NA,5,"top5","hr_sd_precond;hr_med_precond;eda_med_precond;hrv_rmssd_precond;eeg_fm_specent_precond"
2025-12-19 16:53:17.611727,31,"stress_label",5,2,0.015625,0.604651162790698,0.598837209302326,0.605426356589147,5,"top5","hr_sd_precond;hr_med_precond;eda_med_precond;hrv_rmssd_precond;eeg_fm_specent_precond"
2025-12-19 16:53:17.567912,31,"stress_label",5,4,0.015625,0.587209302325581,0.581395348837209,0.581395348837209,5,"top5","hr_sd_precond;hr_med_precond;eda_med_precond;hrv_rmssd_precond;eeg_fm_specent_precond"
2025-12-19 16:53:17.605523,31,"stress_label",5,8,0.015625,0.581395348837209,0.598837209302326,0.57984496124031,5,"top5","hr_sd_precond;hr_med_precond;eda_med_precond;hrv_rmssd_precond;eeg_fm_specent_precond"
2025-12-19 16:53:17.610593,31,"stress_label",5,16,0.015625,0.546511627906977,0.534883720930233,0.562790697674419,5,"top5","hr_sd_precond;hr_med_precond;eda_med_precond;hrv_rmssd_precond;eeg_fm_specent_precond"
2025-12-19 16:53:17.598054,31,"stress_label",5,32,0.015625,0.517441860465116,0.476744186046512,0.527906976744186,5,"top5","hr_sd_precond;hr_med_precond;eda_med_precond;hrv_rmssd_precond;eeg_fm_specent_precond"
2025-12-19 16:53:17.659902,31,"stress_label",5,64,0.015625,0.494186046511628,0.488372093023256,NA,5,"top5","hr_sd_precond;hr_med_precond;eda_med_precond;hrv_rmssd_precond;eeg_fm_specent_precond"
2025-12-19 16:53:18.728209,31,"stress_label",5,128,0.015625,0.488372093023256,0.476744186046512,NA,5,"top5","hr_sd_precond;hr_med_precond;eda_med_precond;hrv_rmssd_precond;eeg_fm_specent_precond"
2025-12-19 16:53:18.843447,31,"stress_label",5,256,0.015625,0.47093023255814,0.406976744186047,NA,5,"top5","hr_sd_precond;hr_med_precond;eda_med_precond;hrv_rmssd_precond;eeg_fm_specent_precond"
2025-12-19 16:53:18.647441,31,"stress_label",5,2,0.03125,0.593023255813954,0.587209302325581,0.586046511627907,5,"top5","hr_sd_precond;hr_med_precond;eda_med_precond;hrv_rmssd_precond;eeg_fm_specent_precond"
2025-12-19 16:53:18.659354,31,"stress_label",5,4,0.03125,0.546511627906977,0.581395348837209,0.558139534883721,5,"top5","hr_sd_precond;hr_med_precond;eda_med_precond;hrv_rmssd_precond;eeg_fm_specent_precond"
2025-12-19 16:53:18.673169,31,"stress_label",5,8,0.03125,0.523255813953488,0.523255813953488,0.534883720930233,5,"top5","hr_sd_precond;hr_med_precond;eda_med_precond;hrv_rmssd_precond;eeg_fm_specent_precond"
2025-12-19 16:53:18.644618,31,"stress_label",5,16,0.03125,0.5,0.5,NA,5,"top5","hr_sd_precond;hr_med_precond;eda_med_precond;hrv_rmssd_precond;eeg_fm_specent_precond"
2025-12-19 16:53:18.748791,31,"stress_label",5,32,0.03125,0.482558139534884,0.465116279069767,NA,5,"top5","hr_sd_precond;hr_med_precond;eda_med_precond;hrv_rmssd_precond;eeg_fm_specent_precond"
2025-12-19 16:53:18.760061,31,"stress_label",5,64,0.03125,0.482558139534884,0.418604651162791,NA,5,"top5","hr_sd_precond;hr_med_precond;eda_med_precond;hrv_rmssd_precond;eeg_fm_specent_precond"
2025-12-19 16:53:18.844213,31,"stress_label",5,128,0.03125,0.459302325581395,0.459302325581395,0.462790697674419,5,"top5","hr_sd_precond;hr_med_precond;eda_med_precond;hrv_rmssd_precond;eeg_fm_specent_precond"
2025-12-19 16:53:19.031939,31,"stress_label",5,256,0.03125,0.441860465116279,0.488372093023256,NA,5,"top5","hr_sd_precond;hr_med_precond;eda_med_precond;hrv_rmssd_precond;eeg_fm_specent_precond"
2025-12-19 16:53:18.670814,31,"stress_label",5,2,0.0625,0.534883720930233,0.546511627906977,0.533333333333333,5,"top5","hr_sd_precond;hr_med_precond;eda_med_precond;hrv_rmssd_precond;eeg_fm_specent_precond"
2025-12-19 16:53:18.709401,31,"stress_label",5,4,0.0625,0.511627906976744,0.494186046511628,0.521705426356589,5,"top5","hr_sd_precond;hr_med_precond;eda_med_precond;hrv_rmssd_precond;eeg_fm_specent_precond"
2025-12-19 16:53:18.72039,31,"stress_label",5,8,0.0625,0.523255813953488,0.453488372093023,NA,5,"top5","hr_sd_precond;hr_med_precond;eda_med_precond;hrv_rmssd_precond;eeg_fm_specent_precond"
2025-12-19 16:53:18.790238,31,"stress_label",5,16,0.0625,0.482558139534884,0.430232558139535,NA,5,"top5","hr_sd_precond;hr_med_precond;eda_med_precond;hrv_rmssd_precond;eeg_fm_specent_precond"
2025-12-19 16:53:19.76745,31,"stress_label",5,32,0.0625,0.476744186046512,0.47093023255814,NA,5,"top5","hr_sd_precond;hr_med_precond;eda_med_precond;hrv_rmssd_precond;eeg_fm_specent_precond"
2025-12-19 16:53:19.843081,31,"stress_label",5,64,0.0625,0.441860465116279,0.418604651162791,NA,5,"top5","hr_sd_precond;hr_med_precond;eda_med_precond;hrv_rmssd_precond;eeg_fm_specent_precond"
2025-12-19 16:53:20.024879,31,"stress_label",5,128,0.0625,0.453488372093023,0.406976744186047,0.455038759689922,5,"top5","hr_sd_precond;hr_med_precond;eda_med_precond;hrv_rmssd_precond;eeg_fm_specent_precond"
2025-12-19 16:53:20.351264,31,"stress_label",5,256,0.0625,0.436046511627907,0.36046511627907,NA,5,"top5","hr_sd_precond;hr_med_precond;eda_med_precond;hrv_rmssd_precond;eeg_fm_specent_precond"
2025-12-19 16:53:19.714148,31,"stress_label",5,2,0.125,0.517441860465116,0.424418604651163,NA,5,"top5","hr_sd_precond;hr_med_precond;eda_med_precond;hrv_rmssd_precond;eeg_fm_specent_precond"
2025-12-19 16:53:19.714806,31,"stress_label",5,4,0.125,0.488372093023256,0.418604651162791,0.495348837209302,5,"top5","hr_sd_precond;hr_med_precond;eda_med_precond;hrv_rmssd_precond;eeg_fm_specent_precond"
2025-12-19 16:53:19.767959,31,"stress_label",5,8,0.125,0.47093023255814,0.348837209302326,0.468217054263566,5,"top5","hr_sd_precond;hr_med_precond;eda_med_precond;hrv_rmssd_precond;eeg_fm_specent_precond"
2025-12-19 16:53:19.811268,31,"stress_label",5,16,0.125,0.47093023255814,0.441860465116279,NA,5,"top5","hr_sd_precond;hr_med_precond;eda_med_precond;hrv_rmssd_precond;eeg_fm_specent_precond"
2025-12-19 16:53:19.911125,31,"stress_label",5,32,0.125,0.441860465116279,0.441860465116279,NA,5,"top5","hr_sd_precond;hr_med_precond;eda_med_precond;hrv_rmssd_precond;eeg_fm_specent_precond"
2025-12-19 16:53:20.099287,31,"stress_label",5,64,0.125,0.47093023255814,0.38953488372093,NA,5,"top5","hr_sd_precond;hr_med_precond;eda_med_precond;hrv_rmssd_precond;eeg_fm_specent_precond"
2025-12-19 16:53:20.336805,31,"stress_label",5,128,0.125,0.482558139534884,0.482558139534884,NA,5,"top5","hr_sd_precond;hr_med_precond;eda_med_precond;hrv_rmssd_precond;eeg_fm_specent_precond"
2025-12-19 16:53:20.762207,31,"stress_label",5,256,0.125,0.488372093023256,0.465116279069767,NA,5,"top5","hr_sd_precond;hr_med_precond;eda_med_precond;hrv_rmssd_precond;eeg_fm_specent_precond"
2025-12-19 16:53:19.87823,31,"stress_label",5,2,0.03,0.593023255813954,0.593023255813954,0.586046511627907,5,"top5","hr_sd_precond;hr_med_precond;eda_med_precond;hrv_rmssd_precond;eeg_fm_specent_precond"
2025-12-19 16:53:20.030293,31,"stress_label",5,4,0.03,0.552325581395349,0.587209302325581,0.56046511627907,5,"top5","hr_sd_precond;hr_med_precond;eda_med_precond;hrv_rmssd_precond;eeg_fm_specent_precond"
2025-12-19 16:53:20.726695,31,"stress_label",5,8,0.03,0.523255813953488,0.546511627906977,0.534883720930233,5,"top5","hr_sd_precond;hr_med_precond;eda_med_precond;hrv_rmssd_precond;eeg_fm_specent_precond"
2025-12-19 16:53:20.730434,31,"stress_label",5,16,0.03,0.5,0.540697674418605,NA,5,"top5","hr_sd_precond;hr_med_precond;eda_med_precond;hrv_rmssd_precond;eeg_fm_specent_precond"
2025-12-19 16:53:20.852736,31,"stress_label",5,32,0.03,0.482558139534884,0.418604651162791,NA,5,"top5","hr_sd_precond;hr_med_precond;eda_med_precond;hrv_rmssd_precond;eeg_fm_specent_precond"
2025-12-19 16:53:20.876372,31,"stress_label",5,64,0.03,0.476744186046512,0.372093023255814,NA,5,"top5","hr_sd_precond;hr_med_precond;eda_med_precond;hrv_rmssd_precond;eeg_fm_specent_precond"
2025-12-19 16:53:21.031035,31,"stress_label",5,128,0.03,0.459302325581395,0.424418604651163,0.450387596899225,5,"top5","hr_sd_precond;hr_med_precond;eda_med_precond;hrv_rmssd_precond;eeg_fm_specent_precond"
2025-12-19 16:53:21.243364,31,"stress_label",5,256,0.03,0.447674418604651,0.372093023255814,NA,5,"top5","hr_sd_precond;hr_med_precond;eda_med_precond;hrv_rmssd_precond;eeg_fm_specent_precond"
2025-12-19 16:53:20.915317,31,"stress_label",5,2,0.06,0.546511627906977,0.546511627906977,0.548837209302326,5,"top5","hr_sd_precond;hr_med_precond;eda_med_precond;hrv_rmssd_precond;eeg_fm_specent_precond"
2025-12-19 16:53:20.92522,31,"stress_label",5,4,0.06,0.517441860465116,0.482558139534884,0.528682170542636,5,"top5","hr_sd_precond;hr_med_precond;eda_med_precond;hrv_rmssd_precond;eeg_fm_specent_precond"
2025-12-19 16:53:21.092529,31,"stress_label",5,8,0.06,0.517441860465116,0.430232558139535,NA,5,"top5","hr_sd_precond;hr_med_precond;eda_med_precond;hrv_rmssd_precond;eeg_fm_specent_precond"
2025-12-19 16:53:21.143531,31,"stress_label",5,16,0.06,0.494186046511628,0.38953488372093,NA,5,"top5","hr_sd_precond;hr_med_precond;eda_med_precond;hrv_rmssd_precond;eeg_fm_specent_precond"
2025-12-19 16:53:21.24895,31,"stress_label",5,32,0.06,0.482558139534884,0.372093023255814,NA,5,"top5","hr_sd_precond;hr_med_precond;eda_med_precond;hrv_rmssd_precond;eeg_fm_specent_precond"
2025-12-19 16:53:21.527182,31,"stress_label",5,64,0.06,0.447674418604651,0.354651162790698,NA,5,"top5","hr_sd_precond;hr_med_precond;eda_med_precond;hrv_rmssd_precond;eeg_fm_specent_precond"
2025-12-19 16:53:21.675895,31,"stress_label",5,128,0.06,0.453488372093023,0.447674418604651,0.450387596899225,5,"top5","hr_sd_precond;hr_med_precond;eda_med_precond;hrv_rmssd_precond;eeg_fm_specent_precond"
2025-12-19 16:53:22.154453,31,"stress_label",5,256,0.06,0.436046511627907,0.441860465116279,NA,5,"top5","hr_sd_precond;hr_med_precond;eda_med_precond;hrv_rmssd_precond;eeg_fm_specent_precond"
2025-12-19 16:53:21.744097,31,"stress_label",5,2,0.1,0.529069767441861,0.523255813953488,0.533333333333333,5,"top5","hr_sd_precond;hr_med_precond;eda_med_precond;hrv_rmssd_precond;eeg_fm_specent_precond"
2025-12-19 16:53:21.78116,31,"stress_label",5,4,0.1,0.523255813953488,0.482558139534884,NA,5,"top5","hr_sd_precond;hr_med_precond;eda_med_precond;hrv_rmssd_precond;eeg_fm_specent_precond"
2025-12-19 16:53:21.8288,31,"stress_label",5,8,0.1,0.476744186046512,0.38953488372093,NA,5,"top5","hr_sd_precond;hr_med_precond;eda_med_precond;hrv_rmssd_precond;eeg_fm_specent_precond"
2025-12-19 16:53:21.888652,31,"stress_label",5,16,0.1,0.494186046511628,0.430232558139535,NA,5,"top5","hr_sd_precond;hr_med_precond;eda_med_precond;hrv_rmssd_precond;eeg_fm_specent_precond"
2025-12-19 16:53:21.945669,31,"stress_label",5,32,0.1,0.465116279069767,0.38953488372093,NA,5,"top5","hr_sd_precond;hr_med_precond;eda_med_precond;hrv_rmssd_precond;eeg_fm_specent_precond"
2025-12-19 16:53:22.025787,31,"stress_label",5,64,0.1,0.441860465116279,0.337209302325581,NA,5,"top5","hr_sd_precond;hr_med_precond;eda_med_precond;hrv_rmssd_precond;eeg_fm_specent_precond"
2025-12-19 16:53:22.233928,31,"stress_label",5,128,0.1,0.5,0.412790697674419,NA,5,"top5","hr_sd_precond;hr_med_precond;eda_med_precond;hrv_rmssd_precond;eeg_fm_specent_precond"
2025-12-19 16:53:22.534206,31,"stress_label",5,256,0.1,0.476744186046512,0.424418604651163,NA,5,"top5","hr_sd_precond;hr_med_precond;eda_med_precond;hrv_rmssd_precond;eeg_fm_specent_precond"
2025-12-19 16:53:23.864783,32,"stress_label",5,2,0.0078125,0.569767441860465,0.523255813953488,0.542635658914729,5,"top5","hr_sd_precond;hr_med_precond;eda_med_precond;hrv_rmssd_precond;eeg_fm_lbeta_power_precond"
2025-12-19 16:53:23.816948,32,"stress_label",5,4,0.0078125,0.546511627906977,0.552325581395349,0.517054263565891,5,"top5","hr_sd_precond;hr_med_precond;eda_med_precond;hrv_rmssd_precond;eeg_fm_lbeta_power_precond"
2025-12-19 16:53:23.825559,32,"stress_label",5,8,0.0078125,0.546511627906977,0.563953488372093,0.532558139534884,5,"top5","hr_sd_precond;hr_med_precond;eda_med_precond;hrv_rmssd_precond;eeg_fm_lbeta_power_precond"
2025-12-19 16:53:23.817813,32,"stress_label",5,16,0.0078125,0.529069767441861,0.581395348837209,0.524806201550388,5,"top5","hr_sd_precond;hr_med_precond;eda_med_precond;hrv_rmssd_precond;eeg_fm_lbeta_power_precond"
2025-12-19 16:53:23.83231,32,"stress_label",5,32,0.0078125,0.523255813953488,0.546511627906977,0.521705426356589,5,"top5","hr_sd_precond;hr_med_precond;eda_med_precond;hrv_rmssd_precond;eeg_fm_lbeta_power_precond"
2025-12-19 16:53:23.865552,32,"stress_label",5,64,0.0078125,0.5,0.511627906976744,0.505426356589147,5,"top5","hr_sd_precond;hr_med_precond;eda_med_precond;hrv_rmssd_precond;eeg_fm_lbeta_power_precond"
2025-12-19 16:53:23.858941,32,"stress_label",5,128,0.0078125,0.517441860465116,0.529069767441861,0.522480620155039,5,"top5","hr_sd_precond;hr_med_precond;eda_med_precond;hrv_rmssd_precond;eeg_fm_lbeta_power_precond"
2025-12-19 16:53:23.914748,32,"stress_label",5,256,0.0078125,0.482558139534884,0.465116279069767,0.486821705426357,5,"top5","hr_sd_precond;hr_med_precond;eda_med_precond;hrv_rmssd_precond;eeg_fm_lbeta_power_precond"
2025-12-19 16:53:23.852022,32,"stress_label",5,2,0.015625,0.569767441860465,0.575581395348837,0.541085271317829,5,"top5","hr_sd_precond;hr_med_precond;eda_med_precond;hrv_rmssd_precond;eeg_fm_lbeta_power_precond"
2025-12-19 16:53:23.840122,32,"stress_label",5,4,0.015625,0.546511627906977,0.575581395348837,0.527906976744186,5,"top5","hr_sd_precond;hr_med_precond;eda_med_precond;hrv_rmssd_precond;eeg_fm_lbeta_power_precond"
2025-12-19 16:53:23.83516,32,"stress_label",5,8,0.015625,0.523255813953488,0.552325581395349,0.517054263565891,5,"top5","hr_sd_precond;hr_med_precond;eda_med_precond;hrv_rmssd_precond;eeg_fm_lbeta_power_precond"
2025-12-19 16:53:23.826578,32,"stress_label",5,16,0.015625,0.5,0.540697674418605,0.510077519379845,5,"top5","hr_sd_precond;hr_med_precond;eda_med_precond;hrv_rmssd_precond;eeg_fm_lbeta_power_precond"
2025-12-19 16:53:23.810214,32,"stress_label",5,32,0.015625,0.511627906976744,0.505813953488372,0.517829457364341,5,"top5","hr_sd_precond;hr_med_precond;eda_med_precond;hrv_rmssd_precond;eeg_fm_lbeta_power_precond"
2025-12-19 16:53:23.883826,32,"stress_label",5,64,0.015625,0.476744186046512,0.482558139534884,0.472868217054264,5,"top5","hr_sd_precond;hr_med_precond;eda_med_precond;hrv_rmssd_precond;eeg_fm_lbeta_power_precond"
2025-12-19 16:53:24.883703,32,"stress_label",5,128,0.015625,0.476744186046512,0.47093023255814,0.489147286821705,5,"top5","hr_sd_precond;hr_med_precond;eda_med_precond;hrv_rmssd_precond;eeg_fm_lbeta_power_precond"
2025-12-19 16:53:25.055255,32,"stress_label",5,256,0.015625,0.482558139534884,0.459302325581395,0.501550387596899,5,"top5","hr_sd_precond;hr_med_precond;eda_med_precond;hrv_rmssd_precond;eeg_fm_lbeta_power_precond"
2025-12-19 16:53:24.882612,32,"stress_label",5,2,0.03125,0.517441860465116,0.563953488372093,0.501550387596899,5,"top5","hr_sd_precond;hr_med_precond;eda_med_precond;hrv_rmssd_precond;eeg_fm_lbeta_power_precond"
2025-12-19 16:53:24.87579,32,"stress_label",5,4,0.03125,0.494186046511628,0.517441860465116,0.501550387596899,5,"top5","hr_sd_precond;hr_med_precond;eda_med_precond;hrv_rmssd_precond;eeg_fm_lbeta_power_precond"
2025-12-19 16:53:24.881444,32,"stress_label",5,8,0.03125,0.511627906976744,0.517441860465116,0.517054263565891,5,"top5","hr_sd_precond;hr_med_precond;eda_med_precond;hrv_rmssd_precond;eeg_fm_lbeta_power_precond"
2025-12-19 16:53:24.90606,32,"stress_label",5,16,0.03125,0.494186046511628,0.494186046511628,0.47984496124031,5,"top5","hr_sd_precond;hr_med_precond;eda_med_precond;hrv_rmssd_precond;eeg_fm_lbeta_power_precond"
2025-12-19 16:53:24.893442,32,"stress_label",5,32,0.03125,0.494186046511628,0.38953488372093,0.493798449612403,5,"top5","hr_sd_precond;hr_med_precond;eda_med_precond;hrv_rmssd_precond;eeg_fm_lbeta_power_precond"
2025-12-19 16:53:24.963258,32,"stress_label",5,64,0.03125,0.5,0.395348837209302,0.50077519379845,5,"top5","hr_sd_precond;hr_med_precond;eda_med_precond;hrv_rmssd_precond;eeg_fm_lbeta_power_precond"
2025-12-19 16:53:25.044442,32,"stress_label",5,128,0.03125,0.505813953488372,0.453488372093023,0.503100775193798,5,"top5","hr_sd_precond;hr_med_precond;eda_med_precond;hrv_rmssd_precond;eeg_fm_lbeta_power_precond"
2025-12-19 16:53:25.260088,32,"stress_label",5,256,0.03125,0.517441860465116,0.38953488372093,NA,5,"top5","hr_sd_precond;hr_med_precond;eda_med_precond;hrv_rmssd_precond;eeg_fm_lbeta_power_precond"
2025-12-19 16:53:24.871849,32,"stress_label",5,2,0.0625,0.5,0.482558139534884,0.517829457364341,5,"top5","hr_sd_precond;hr_med_precond;eda_med_precond;hrv_rmssd_precond;eeg_fm_lbeta_power_precond"
2025-12-19 16:53:24.88571,32,"stress_label",5,4,0.0625,0.5,0.488372093023256,0.498449612403101,5,"top5","hr_sd_precond;hr_med_precond;eda_med_precond;hrv_rmssd_precond;eeg_fm_lbeta_power_precond"
2025-12-19 16:53:24.928002,32,"stress_label",5,8,0.0625,0.5,0.453488372093023,0.498449612403101,5,"top5","hr_sd_precond;hr_med_precond;eda_med_precond;hrv_rmssd_precond;eeg_fm_lbeta_power_precond"
2025-12-19 16:53:24.971476,32,"stress_label",5,16,0.0625,0.47093023255814,0.372093023255814,0.468217054263566,5,"top5","hr_sd_precond;hr_med_precond;eda_med_precond;hrv_rmssd_precond;eeg_fm_lbeta_power_precond"
2025-12-19 16:53:25.978524,32,"stress_label",5,32,0.0625,0.505813953488372,0.377906976744186,0.496899224806202,5,"top5","hr_sd_precond;hr_med_precond;eda_med_precond;hrv_rmssd_precond;eeg_fm_lbeta_power_precond"
2025-12-19 16:53:26.069894,32,"stress_label",5,64,0.0625,0.529069767441861,0.372093023255814,NA,5,"top5","hr_sd_precond;hr_med_precond;eda_med_precond;hrv_rmssd_precond;eeg_fm_lbeta_power_precond"
2025-12-19 16:53:26.221129,32,"stress_label",5,128,0.0625,0.534883720930233,0.337209302325581,NA,5,"top5","hr_sd_precond;hr_med_precond;eda_med_precond;hrv_rmssd_precond;eeg_fm_lbeta_power_precond"
2025-12-19 16:53:26.561414,32,"stress_label",5,256,0.0625,0.523255813953488,0.401162790697674,NA,5,"top5","hr_sd_precond;hr_med_precond;eda_med_precond;hrv_rmssd_precond;eeg_fm_lbeta_power_precond"
2025-12-19 16:53:25.917543,32,"stress_label",5,2,0.125,0.494186046511628,0.418604651162791,0.50077519379845,5,"top5","hr_sd_precond;hr_med_precond;eda_med_precond;hrv_rmssd_precond;eeg_fm_lbeta_power_precond"
2025-12-19 16:53:25.922573,32,"stress_label",5,4,0.125,0.488372093023256,0.343023255813953,0.472093023255814,5,"top5","hr_sd_precond;hr_med_precond;eda_med_precond;hrv_rmssd_precond;eeg_fm_lbeta_power_precond"
2025-12-19 16:53:25.926676,32,"stress_label",5,8,0.125,0.552325581395349,0.383720930232558,0.538759689922481,5,"top5","hr_sd_precond;hr_med_precond;eda_med_precond;hrv_rmssd_precond;eeg_fm_lbeta_power_precond"
2025-12-19 16:53:25.995496,32,"stress_label",5,16,0.125,0.540697674418605,0.377906976744186,NA,5,"top5","hr_sd_precond;hr_med_precond;eda_med_precond;hrv_rmssd_precond;eeg_fm_lbeta_power_precond"
2025-12-19 16:53:26.07309,32,"stress_label",5,32,0.125,0.523255813953488,0.331395348837209,NA,5,"top5","hr_sd_precond;hr_med_precond;eda_med_precond;hrv_rmssd_precond;eeg_fm_lbeta_power_precond"
2025-12-19 16:53:26.261525,32,"stress_label",5,64,0.125,0.482558139534884,0.36046511627907,NA,5,"top5","hr_sd_precond;hr_med_precond;eda_med_precond;hrv_rmssd_precond;eeg_fm_lbeta_power_precond"
2025-12-19 16:53:26.500221,32,"stress_label",5,128,0.125,0.436046511627907,0.418604651162791,NA,5,"top5","hr_sd_precond;hr_med_precond;eda_med_precond;hrv_rmssd_precond;eeg_fm_lbeta_power_precond"
2025-12-19 16:53:26.987349,32,"stress_label",5,256,0.125,0.441860465116279,0.395348837209302,NA,5,"top5","hr_sd_precond;hr_med_precond;eda_med_precond;hrv_rmssd_precond;eeg_fm_lbeta_power_precond"
2025-12-19 16:53:26.089122,32,"stress_label",5,2,0.03,0.523255813953488,0.540697674418605,0.503875968992248,5,"top5","hr_sd_precond;hr_med_precond;eda_med_precond;hrv_rmssd_precond;eeg_fm_lbeta_power_precond"
2025-12-19 16:53:26.265414,32,"stress_label",5,4,0.03,0.5,0.523255813953488,0.505426356589147,5,"top5","hr_sd_precond;hr_med_precond;eda_med_precond;hrv_rmssd_precond;eeg_fm_lbeta_power_precond"
2025-12-19 16:53:26.943171,32,"stress_label",5,8,0.03,0.511627906976744,0.482558139534884,0.517054263565891,5,"top5","hr_sd_precond;hr_med_precond;eda_med_precond;hrv_rmssd_precond;eeg_fm_lbeta_power_precond"
2025-12-19 16:53:26.962511,32,"stress_label",5,16,0.03,0.5,0.5,0.498449612403101,5,"top5","hr_sd_precond;hr_med_precond;eda_med_precond;hrv_rmssd_precond;eeg_fm_lbeta_power_precond"
2025-12-19 16:53:26.981885,32,"stress_label",5,32,0.03,0.494186046511628,0.465116279069767,0.493798449612403,5,"top5","hr_sd_precond;hr_med_precond;eda_med_precond;hrv_rmssd_precond;eeg_fm_lbeta_power_precond"
2025-12-19 16:53:27.068658,32,"stress_label",5,64,0.03,0.488372093023256,0.401162790697674,0.491472868217054,5,"top5","hr_sd_precond;hr_med_precond;eda_med_precond;hrv_rmssd_precond;eeg_fm_lbeta_power_precond"
2025-12-19 16:53:27.204895,32,"stress_label",5,128,0.03,0.5,0.401162790697674,0.495348837209302,5,"top5","hr_sd_precond;hr_med_precond;eda_med_precond;hrv_rmssd_precond;eeg_fm_lbeta_power_precond"
2025-12-19 16:53:27.448018,32,"stress_label",5,256,0.03,0.511627906976744,0.395348837209302,NA,5,"top5","hr_sd_precond;hr_med_precond;eda_med_precond;hrv_rmssd_precond;eeg_fm_lbeta_power_precond"
2025-12-19 16:53:27.108512,32,"stress_label",5,2,0.06,0.5,0.523255813953488,0.517829457364341,5,"top5","hr_sd_precond;hr_med_precond;eda_med_precond;hrv_rmssd_precond;eeg_fm_lbeta_power_precond"
2025-12-19 16:53:27.109119,32,"stress_label",5,4,0.06,0.505813953488372,0.482558139534884,0.510077519379845,5,"top5","hr_sd_precond;hr_med_precond;eda_med_precond;hrv_rmssd_precond;eeg_fm_lbeta_power_precond"
2025-12-19 16:53:27.252393,32,"stress_label",5,8,0.06,0.505813953488372,0.418604651162791,0.507751937984496,5,"top5","hr_sd_precond;hr_med_precond;eda_med_precond;hrv_rmssd_precond;eeg_fm_lbeta_power_precond"
2025-12-19 16:53:27.323573,32,"stress_label",5,16,0.06,0.47093023255814,0.377906976744186,0.468217054263566,5,"top5","hr_sd_precond;hr_med_precond;eda_med_precond;hrv_rmssd_precond;eeg_fm_lbeta_power_precond"
2025-12-19 16:53:27.368814,32,"stress_label",5,32,0.06,0.5,0.36046511627907,0.494573643410853,5,"top5","hr_sd_precond;hr_med_precond;eda_med_precond;hrv_rmssd_precond;eeg_fm_lbeta_power_precond"
2025-12-19 16:53:27.689218,32,"stress_label",5,64,0.06,0.529069767441861,0.366279069767442,NA,5,"top5","hr_sd_precond;hr_med_precond;eda_med_precond;hrv_rmssd_precond;eeg_fm_lbeta_power_precond"
2025-12-19 16:53:27.879266,32,"stress_label",5,128,0.06,0.517441860465116,0.354651162790698,NA,5,"top5","hr_sd_precond;hr_med_precond;eda_med_precond;hrv_rmssd_precond;eeg_fm_lbeta_power_precond"
2025-12-19 16:53:28.375227,32,"stress_label",5,256,0.06,0.511627906976744,0.418604651162791,NA,5,"top5","hr_sd_precond;hr_med_precond;eda_med_precond;hrv_rmssd_precond;eeg_fm_lbeta_power_precond"
2025-12-19 16:53:27.93804,32,"stress_label",5,2,0.1,0.494186046511628,0.505813953488372,0.50077519379845,5,"top5","hr_sd_precond;hr_med_precond;eda_med_precond;hrv_rmssd_precond;eeg_fm_lbeta_power_precond"
2025-12-19 16:53:27.947429,32,"stress_label",5,4,0.1,0.488372093023256,0.441860465116279,0.47984496124031,5,"top5","hr_sd_precond;hr_med_precond;eda_med_precond;hrv_rmssd_precond;eeg_fm_lbeta_power_precond"
2025-12-19 16:53:27.998117,32,"stress_label",5,8,0.1,0.494186046511628,0.377906976744186,0.472868217054264,5,"top5","hr_sd_precond;hr_med_precond;eda_med_precond;hrv_rmssd_precond;eeg_fm_lbeta_power_precond"
2025-12-19 16:53:28.06572,32,"stress_label",5,16,0.1,0.546511627906977,0.395348837209302,NA,5,"top5","hr_sd_precond;hr_med_precond;eda_med_precond;hrv_rmssd_precond;eeg_fm_lbeta_power_precond"
2025-12-19 16:53:28.117227,32,"stress_label",5,32,0.1,0.529069767441861,0.401162790697674,NA,5,"top5","hr_sd_precond;hr_med_precond;eda_med_precond;hrv_rmssd_precond;eeg_fm_lbeta_power_precond"
2025-12-19 16:53:28.209054,32,"stress_label",5,64,0.1,0.517441860465116,0.38953488372093,NA,5,"top5","hr_sd_precond;hr_med_precond;eda_med_precond;hrv_rmssd_precond;eeg_fm_lbeta_power_precond"
2025-12-19 16:53:28.39261,32,"stress_label",5,128,0.1,0.482558139534884,0.38953488372093,NA,5,"top5","hr_sd_precond;hr_med_precond;eda_med_precond;hrv_rmssd_precond;eeg_fm_lbeta_power_precond"
2025-12-19 16:53:28.683674,32,"stress_label",5,256,0.1,0.430232558139535,0.494186046511628,NA,5,"top5","hr_sd_precond;hr_med_precond;eda_med_precond;hrv_rmssd_precond;eeg_fm_lbeta_power_precond"
2025-12-19 16:53:29.955334,33,"stress_label",5,2,0.0078125,0.598837209302326,0.552325581395349,0.597674418604651,5,"top5","hr_sd_precond;hr_med_precond;eda_med_precond;eeg_fm_specent_precond;hrv_rmssd_precond"
2025-12-19 16:53:29.937382,33,"stress_label",5,4,0.0078125,0.598837209302326,0.598837209302326,0.601550387596899,5,"top5","hr_sd_precond;hr_med_precond;eda_med_precond;eeg_fm_specent_precond;hrv_rmssd_precond"
2025-12-19 16:53:29.926666,33,"stress_label",5,8,0.0078125,0.604651162790698,0.575581395348837,0.597674418604651,5,"top5","hr_sd_precond;hr_med_precond;eda_med_precond;eeg_fm_specent_precond;hrv_rmssd_precond"
2025-12-19 16:53:29.928502,33,"stress_label",5,16,0.0078125,0.61046511627907,0.598837209302326,0.605426356589147,5,"top5","hr_sd_precond;hr_med_precond;eda_med_precond;eeg_fm_specent_precond;hrv_rmssd_precond"
2025-12-19 16:53:29.92588,33,"stress_label",5,32,0.0078125,0.593023255813954,0.598837209302326,0.585271317829457,5,"top5","hr_sd_precond;hr_med_precond;eda_med_precond;eeg_fm_specent_precond;hrv_rmssd_precond"
2025-12-19 16:53:29.965368,33,"stress_label",5,64,0.0078125,0.546511627906977,0.517441860465116,0.537209302325581,5,"top5","hr_sd_precond;hr_med_precond;eda_med_precond;eeg_fm_specent_precond;hrv_rmssd_precond"
2025-12-19 16:53:29.950751,33,"stress_label",5,128,0.0078125,0.534883720930233,0.447674418604651,0.524806201550388,5,"top5","hr_sd_precond;hr_med_precond;eda_med_precond;eeg_fm_specent_precond;hrv_rmssd_precond"
2025-12-19 16:53:30.039323,33,"stress_label",5,256,0.0078125,0.5,0.540697674418605,NA,5,"top5","hr_sd_precond;hr_med_precond;eda_med_precond;eeg_fm_specent_precond;hrv_rmssd_precond"
2025-12-19 16:53:29.942429,33,"stress_label",5,2,0.015625,0.593023255813954,0.558139534883721,0.593798449612403,5,"top5","hr_sd_precond;hr_med_precond;eda_med_precond;eeg_fm_specent_precond;hrv_rmssd_precond"
2025-12-19 16:53:29.937361,33,"stress_label",5,4,0.015625,0.604651162790698,0.598837209302326,0.597674418604651,5,"top5","hr_sd_precond;hr_med_precond;eda_med_precond;eeg_fm_specent_precond;hrv_rmssd_precond"
2025-12-19 16:53:29.910885,33,"stress_label",5,8,0.015625,0.587209302325581,0.598837209302326,0.582170542635659,5,"top5","hr_sd_precond;hr_med_precond;eda_med_precond;eeg_fm_specent_precond;hrv_rmssd_precond"
2025-12-19 16:53:29.934697,33,"stress_label",5,16,0.015625,0.546511627906977,0.563953488372093,0.537209302325581,5,"top5","hr_sd_precond;hr_med_precond;eda_med_precond;eeg_fm_specent_precond;hrv_rmssd_precond"
2025-12-19 16:53:30.004044,33,"stress_label",5,32,0.015625,0.529069767441861,0.488372093023256,NA,5,"top5","hr_sd_precond;hr_med_precond;eda_med_precond;eeg_fm_specent_precond;hrv_rmssd_precond"
2025-12-19 16:53:30.024438,33,"stress_label",5,64,0.015625,0.505813953488372,0.5,NA,5,"top5","hr_sd_precond;hr_med_precond;eda_med_precond;eeg_fm_specent_precond;hrv_rmssd_precond"
2025-12-19 16:53:31.101168,33,"stress_label",5,128,0.015625,0.5,0.430232558139535,NA,5,"top5","hr_sd_precond;hr_med_precond;eda_med_precond;eeg_fm_specent_precond;hrv_rmssd_precond"
2025-12-19 16:53:31.191859,33,"stress_label",5,256,0.015625,0.494186046511628,0.453488372093023,NA,5,"top5","hr_sd_precond;hr_med_precond;eda_med_precond;eeg_fm_specent_precond;hrv_rmssd_precond"
2025-12-19 16:53:30.98497,33,"stress_label",5,2,0.03125,0.598837209302326,0.569767441860465,0.589922480620155,5,"top5","hr_sd_precond;hr_med_precond;eda_med_precond;eeg_fm_specent_precond;hrv_rmssd_precond"
2025-12-19 16:53:31.015035,33,"stress_label",5,4,0.03125,0.558139534883721,0.563953488372093,0.56046511627907,5,"top5","hr_sd_precond;hr_med_precond;eda_med_precond;eeg_fm_specent_precond;hrv_rmssd_precond"
2025-12-19 16:53:31.007405,33,"stress_label",5,8,0.03125,0.534883720930233,0.552325581395349,NA,5,"top5","hr_sd_precond;hr_med_precond;eda_med_precond;eeg_fm_specent_precond;hrv_rmssd_precond"
2025-12-19 16:53:31.027235,33,"stress_label",5,16,0.03125,0.517441860465116,0.505813953488372,NA,5,"top5","hr_sd_precond;hr_med_precond;eda_med_precond;eeg_fm_specent_precond;hrv_rmssd_precond"
2025-12-19 16:53:31.056682,33,"stress_label",5,32,0.03125,0.511627906976744,0.395348837209302,NA,5,"top5","hr_sd_precond;hr_med_precond;eda_med_precond;eeg_fm_specent_precond;hrv_rmssd_precond"
2025-12-19 16:53:31.093472,33,"stress_label",5,64,0.03125,0.511627906976744,0.424418604651163,NA,5,"top5","hr_sd_precond;hr_med_precond;eda_med_precond;eeg_fm_specent_precond;hrv_rmssd_precond"
2025-12-19 16:53:31.205794,33,"stress_label",5,128,0.03125,0.476744186046512,0.395348837209302,0.488372093023256,5,"top5","hr_sd_precond;hr_med_precond;eda_med_precond;eeg_fm_specent_precond;hrv_rmssd_precond"
2025-12-19 16:53:31.40774,33,"stress_label",5,256,0.03125,0.447674418604651,0.412790697674419,NA,5,"top5","hr_sd_precond;hr_med_precond;eda_med_precond;eeg_fm_specent_precond;hrv_rmssd_precond"
2025-12-19 16:53:31.028281,33,"stress_label",5,2,0.0625,0.534883720930233,0.511627906976744,0.52015503875969,5,"top5","hr_sd_precond;hr_med_precond;eda_med_precond;eeg_fm_specent_precond;hrv_rmssd_precond"
2025-12-19 16:53:31.060748,33,"stress_label",5,4,0.0625,0.517441860465116,0.441860465116279,0.506976744186047,5,"top5","hr_sd_precond;hr_med_precond;eda_med_precond;eeg_fm_specent_precond;hrv_rmssd_precond"
2025-12-19 16:53:31.136478,33,"stress_label",5,8,0.0625,0.505813953488372,0.488372093023256,NA,5,"top5","hr_sd_precond;hr_med_precond;eda_med_precond;eeg_fm_specent_precond;hrv_rmssd_precond"
2025-12-19 16:53:31.110768,33,"stress_label",5,16,0.0625,0.517441860465116,0.430232558139535,0.517054263565891,5,"top5","hr_sd_precond;hr_med_precond;eda_med_precond;eeg_fm_specent_precond;hrv_rmssd_precond"
2025-12-19 16:53:32.217292,33,"stress_label",5,32,0.0625,0.476744186046512,0.395348837209302,NA,5,"top5","hr_sd_precond;hr_med_precond;eda_med_precond;eeg_fm_specent_precond;hrv_rmssd_precond"
2025-12-19 16:53:32.268177,33,"stress_label",5,64,0.0625,0.447674418604651,0.47093023255814,0.466666666666667,5,"top5","hr_sd_precond;hr_med_precond;eda_med_precond;eeg_fm_specent_precond;hrv_rmssd_precond"
2025-12-19 16:53:32.434221,33,"stress_label",5,128,0.0625,0.441860465116279,0.412790697674419,0.444961240310077,5,"top5","hr_sd_precond;hr_med_precond;eda_med_precond;eeg_fm_specent_precond;hrv_rmssd_precond"
2025-12-19 16:53:32.802353,33,"stress_label",5,256,0.0625,0.418604651162791,0.447674418604651,NA,5,"top5","hr_sd_precond;hr_med_precond;eda_med_precond;eeg_fm_specent_precond;hrv_rmssd_precond"
2025-12-19 16:53:32.128597,33,"stress_label",5,2,0.125,0.529069767441861,0.401162790697674,NA,5,"top5","hr_sd_precond;hr_med_precond;eda_med_precond;eeg_fm_specent_precond;hrv_rmssd_precond"
2025-12-19 16:53:32.163496,33,"stress_label",5,4,0.125,0.511627906976744,0.401162790697674,0.507751937984496,5,"top5","hr_sd_precond;hr_med_precond;eda_med_precond;eeg_fm_specent_precond;hrv_rmssd_precond"
2025-12-19 16:53:32.212999,33,"stress_label",5,8,0.125,0.5,0.348837209302326,NA,5,"top5","hr_sd_precond;hr_med_precond;eda_med_precond;eeg_fm_specent_precond;hrv_rmssd_precond"
2025-12-19 16:53:32.277683,33,"stress_label",5,16,0.125,0.465116279069767,0.36046511627907,NA,5,"top5","hr_sd_precond;hr_med_precond;eda_med_precond;eeg_fm_specent_precond;hrv_rmssd_precond"
2025-12-19 16:53:32.327289,33,"stress_label",5,32,0.125,0.436046511627907,0.430232558139535,NA,5,"top5","hr_sd_precond;hr_med_precond;eda_med_precond;eeg_fm_specent_precond;hrv_rmssd_precond"
2025-12-19 16:53:32.483283,33,"stress_label",5,64,0.125,0.424418604651163,0.453488372093023,NA,5,"top5","hr_sd_precond;hr_med_precond;eda_med_precond;eeg_fm_specent_precond;hrv_rmssd_precond"
2025-12-19 16:53:32.794053,33,"stress_label",5,128,0.125,0.453488372093023,0.38953488372093,NA,5,"top5","hr_sd_precond;hr_med_precond;eda_med_precond;eeg_fm_specent_precond;hrv_rmssd_precond"
2025-12-19 16:53:33.202455,33,"stress_label",5,256,0.125,0.436046511627907,0.436046511627907,NA,5,"top5","hr_sd_precond;hr_med_precond;eda_med_precond;eeg_fm_specent_precond;hrv_rmssd_precond"
2025-12-19 16:53:32.298066,33,"stress_label",5,2,0.03,0.598837209302326,0.593023255813954,0.589922480620155,5,"top5","hr_sd_precond;hr_med_precond;eda_med_precond;eeg_fm_specent_precond;hrv_rmssd_precond"
2025-12-19 16:53:32.491609,33,"stress_label",5,4,0.03,0.563953488372093,0.575581395348837,0.564341085271318,5,"top5","hr_sd_precond;hr_med_precond;eda_med_precond;eeg_fm_specent_precond;hrv_rmssd_precond"
2025-12-19 16:53:33.185449,33,"stress_label",5,8,0.03,0.546511627906977,0.558139534883721,NA,5,"top5","hr_sd_precond;hr_med_precond;eda_med_precond;eeg_fm_specent_precond;hrv_rmssd_precond"
2025-12-19 16:53:33.256219,33,"stress_label",5,16,0.03,0.523255813953488,0.482558139534884,NA,5,"top5","hr_sd_precond;hr_med_precond;eda_med_precond;eeg_fm_specent_precond;hrv_rmssd_precond"
2025-12-19 16:53:33.286653,33,"stress_label",5,32,0.03,0.505813953488372,0.436046511627907,NA,5,"top5","hr_sd_precond;hr_med_precond;eda_med_precond;eeg_fm_specent_precond;hrv_rmssd_precond"
2025-12-19 16:53:33.322548,33,"stress_label",5,64,0.03,0.511627906976744,0.424418604651163,NA,5,"top5","hr_sd_precond;hr_med_precond;eda_med_precond;eeg_fm_specent_precond;hrv_rmssd_precond"
2025-12-19 16:53:33.462802,33,"stress_label",5,128,0.03,0.476744186046512,0.337209302325581,0.483720930232558,5,"top5","hr_sd_precond;hr_med_precond;eda_med_precond;eeg_fm_specent_precond;hrv_rmssd_precond"
2025-12-19 16:53:33.676292,33,"stress_label",5,256,0.03,0.441860465116279,0.38953488372093,NA,5,"top5","hr_sd_precond;hr_med_precond;eda_med_precond;eeg_fm_specent_precond;hrv_rmssd_precond"
2025-12-19 16:53:33.322176,33,"stress_label",5,2,0.06,0.546511627906977,0.563953488372093,0.535658914728682,5,"top5","hr_sd_precond;hr_med_precond;eda_med_precond;eeg_fm_specent_precond;hrv_rmssd_precond"
2025-12-19 16:53:33.352671,33,"stress_label",5,4,0.06,0.505813953488372,0.465116279069767,0.495348837209302,5,"top5","hr_sd_precond;hr_med_precond;eda_med_precond;eeg_fm_specent_precond;hrv_rmssd_precond"
2025-12-19 16:53:33.463288,33,"stress_label",5,8,0.06,0.511627906976744,0.47093023255814,NA,5,"top5","hr_sd_precond;hr_med_precond;eda_med_precond;eeg_fm_specent_precond;hrv_rmssd_precond"
2025-12-19 16:53:33.549242,33,"stress_label",5,16,0.06,0.517441860465116,0.430232558139535,0.517054263565891,5,"top5","hr_sd_precond;hr_med_precond;eda_med_precond;eeg_fm_specent_precond;hrv_rmssd_precond"
2025-12-19 16:53:33.604394,33,"stress_label",5,32,0.06,0.482558139534884,0.36046511627907,NA,5,"top5","hr_sd_precond;hr_med_precond;eda_med_precond;eeg_fm_specent_precond;hrv_rmssd_precond"
2025-12-19 16:53:33.964254,33,"stress_label",5,64,0.06,0.436046511627907,0.465116279069767,NA,5,"top5","hr_sd_precond;hr_med_precond;eda_med_precond;eeg_fm_specent_precond;hrv_rmssd_precond"
2025-12-19 16:53:34.055867,33,"stress_label",5,128,0.06,0.441860465116279,0.395348837209302,0.448062015503876,5,"top5","hr_sd_precond;hr_med_precond;eda_med_precond;eeg_fm_specent_precond;hrv_rmssd_precond"
2025-12-19 16:53:34.594574,33,"stress_label",5,256,0.06,0.418604651162791,0.436046511627907,NA,5,"top5","hr_sd_precond;hr_med_precond;eda_med_precond;eeg_fm_specent_precond;hrv_rmssd_precond"
2025-12-19 16:53:34.146557,33,"stress_label",5,2,0.1,0.523255813953488,0.488372093023256,0.514728682170543,5,"top5","hr_sd_precond;hr_med_precond;eda_med_precond;eeg_fm_specent_precond;hrv_rmssd_precond"
2025-12-19 16:53:34.186833,33,"stress_label",5,4,0.1,0.511627906976744,0.412790697674419,NA,5,"top5","hr_sd_precond;hr_med_precond;eda_med_precond;eeg_fm_specent_precond;hrv_rmssd_precond"
2025-12-19 16:53:34.218847,33,"stress_label",5,8,0.1,0.494186046511628,0.383720930232558,0.49922480620155,5,"top5","hr_sd_precond;hr_med_precond;eda_med_precond;eeg_fm_specent_precond;hrv_rmssd_precond"
2025-12-19 16:53:34.2879,33,"stress_label",5,16,0.1,0.465116279069767,0.38953488372093,NA,5,"top5","hr_sd_precond;hr_med_precond;eda_med_precond;eeg_fm_specent_precond;hrv_rmssd_precond"
2025-12-19 16:53:34.320454,33,"stress_label",5,32,0.1,0.459302325581395,0.38953488372093,NA,5,"top5","hr_sd_precond;hr_med_precond;eda_med_precond;eeg_fm_specent_precond;hrv_rmssd_precond"
2025-12-19 16:53:34.442149,33,"stress_label",5,64,0.1,0.418604651162791,0.441860465116279,NA,5,"top5","hr_sd_precond;hr_med_precond;eda_med_precond;eeg_fm_specent_precond;hrv_rmssd_precond"
2025-12-19 16:53:34.683169,33,"stress_label",5,128,0.1,0.430232558139535,0.488372093023256,NA,5,"top5","hr_sd_precond;hr_med_precond;eda_med_precond;eeg_fm_specent_precond;hrv_rmssd_precond"
2025-12-19 16:53:34.94285,33,"stress_label",5,256,0.1,0.453488372093023,0.459302325581395,NA,5,"top5","hr_sd_precond;hr_med_precond;eda_med_precond;eeg_fm_specent_precond;hrv_rmssd_precond"
2025-12-19 16:53:36.254362,34,"stress_label",5,2,0.0078125,0.587209302325581,0.529069767441861,0.582170542635659,5,"top5","hr_sd_precond;hr_med_precond;eda_med_precond;eeg_fm_specent_precond;hrv_rmssd_precond"
2025-12-19 16:53:36.197713,34,"stress_label",5,4,0.0078125,0.587209302325581,0.587209302325581,0.593023255813954,5,"top5","hr_sd_precond;hr_med_precond;eda_med_precond;eeg_fm_specent_precond;hrv_rmssd_precond"
2025-12-19 16:53:36.205125,34,"stress_label",5,8,0.0078125,0.569767441860465,0.552325581395349,0.569767441860465,5,"top5","hr_sd_precond;hr_med_precond;eda_med_precond;eeg_fm_specent_precond;hrv_rmssd_precond"
2025-12-19 16:53:36.198583,34,"stress_label",5,16,0.0078125,0.552325581395349,0.546511627906977,0.541860465116279,5,"top5","hr_sd_precond;hr_med_precond;eda_med_precond;eeg_fm_specent_precond;hrv_rmssd_precond"
2025-12-19 16:53:36.226113,34,"stress_label",5,32,0.0078125,0.558139534883721,0.552325581395349,0.556589147286822,5,"top5","hr_sd_precond;hr_med_precond;eda_med_precond;eeg_fm_specent_precond;hrv_rmssd_precond"
2025-12-19 16:53:36.21034,34,"stress_label",5,64,0.0078125,0.511627906976744,0.552325581395349,0.513953488372093,5,"top5","hr_sd_precond;hr_med_precond;eda_med_precond;eeg_fm_specent_precond;hrv_rmssd_precond"
2025-12-19 16:53:36.260241,34,"stress_label",5,128,0.0078125,0.523255813953488,0.534883720930233,0.51937984496124,5,"top5","hr_sd_precond;hr_med_precond;eda_med_precond;eeg_fm_specent_precond;hrv_rmssd_precond"
2025-12-19 16:53:36.317787,34,"stress_label",5,256,0.0078125,0.505813953488372,0.482558139534884,0.512403100775194,5,"top5","hr_sd_precond;hr_med_precond;eda_med_precond;eeg_fm_specent_precond;hrv_rmssd_precond"
2025-12-19 16:53:36.238526,34,"stress_label",5,2,0.015625,0.587209302325581,0.598837209302326,0.593023255813954,5,"top5","hr_sd_precond;hr_med_precond;eda_med_precond;eeg_fm_specent_precond;hrv_rmssd_precond"
2025-12-19 16:53:36.220701,34,"stress_label",5,4,0.015625,0.569767441860465,0.558139534883721,0.566666666666667,5,"top5","hr_sd_precond;hr_med_precond;eda_med_precond;eeg_fm_specent_precond;hrv_rmssd_precond"
2025-12-19 16:53:36.219205,34,"stress_label",5,8,0.015625,0.563953488372093,0.552325581395349,0.558914728682171,5,"top5","hr_sd_precond;hr_med_precond;eda_med_precond;eeg_fm_specent_precond;hrv_rmssd_precond"
2025-12-19 16:53:36.210219,34,"stress_label",5,16,0.015625,0.511627906976744,0.517441860465116,0.517054263565891,5,"top5","hr_sd_precond;hr_med_precond;eda_med_precond;eeg_fm_specent_precond;hrv_rmssd_precond"
2025-12-19 16:53:36.227537,34,"stress_label",5,32,0.015625,0.523255813953488,0.418604651162791,0.52093023255814,5,"top5","hr_sd_precond;hr_med_precond;eda_med_precond;eeg_fm_specent_precond;hrv_rmssd_precond"
2025-12-19 16:53:36.234081,34,"stress_label",5,64,0.015625,0.5,0.430232558139535,0.505426356589147,5,"top5","hr_sd_precond;hr_med_precond;eda_med_precond;eeg_fm_specent_precond;hrv_rmssd_precond"
2025-12-19 16:53:37.344621,34,"stress_label",5,128,0.015625,0.482558139534884,0.465116279069767,0.493798449612403,5,"top5","hr_sd_precond;hr_med_precond;eda_med_precond;eeg_fm_specent_precond;hrv_rmssd_precond"
2025-12-19 16:53:37.458443,34,"stress_label",5,256,0.015625,0.453488372093023,0.38953488372093,0.454263565891473,5,"top5","hr_sd_precond;hr_med_precond;eda_med_precond;eeg_fm_specent_precond;hrv_rmssd_precond"
2025-12-19 16:53:37.271439,34,"stress_label",5,2,0.03125,0.558139534883721,0.558139534883721,0.558914728682171,5,"top5","hr_sd_precond;hr_med_precond;eda_med_precond;eeg_fm_specent_precond;hrv_rmssd_precond"
2025-12-19 16:53:37.292101,34,"stress_label",5,4,0.03125,0.534883720930233,0.529069767441861,0.529457364341085,5,"top5","hr_sd_precond;hr_med_precond;eda_med_precond;eeg_fm_specent_precond;hrv_rmssd_precond"
2025-12-19 16:53:37.264571,34,"stress_label",5,8,0.03125,0.5,0.505813953488372,0.495348837209302,5,"top5","hr_sd_precond;hr_med_precond;eda_med_precond;eeg_fm_specent_precond;hrv_rmssd_precond"
2025-12-19 16:53:37.306388,34,"stress_label",5,16,0.03125,0.494186046511628,0.441860465116279,0.503875968992248,5,"top5","hr_sd_precond;hr_med_precond;eda_med_precond;eeg_fm_specent_precond;hrv_rmssd_precond"
2025-12-19 16:53:37.343894,34,"stress_label",5,32,0.03125,0.505813953488372,0.401162790697674,0.515503875968992,5,"top5","hr_sd_precond;hr_med_precond;eda_med_precond;eeg_fm_specent_precond;hrv_rmssd_precond"
2025-12-19 16:53:37.366488,34,"stress_label",5,64,0.03125,0.453488372093023,0.36046511627907,0.456589147286822,5,"top5","hr_sd_precond;hr_med_precond;eda_med_precond;eeg_fm_specent_precond;hrv_rmssd_precond"
2025-12-19 16:53:37.481223,34,"stress_label",5,128,0.03125,0.424418604651163,0.412790697674419,0.424806201550388,5,"top5","hr_sd_precond;hr_med_precond;eda_med_precond;eeg_fm_specent_precond;hrv_rmssd_precond"
2025-12-19 16:53:37.632119,34,"stress_label",5,256,0.03125,0.424418604651163,0.441860465116279,0.432558139534884,5,"top5","hr_sd_precond;hr_med_precond;eda_med_precond;eeg_fm_specent_precond;hrv_rmssd_precond"
2025-12-19 16:53:37.299409,34,"stress_label",5,2,0.0625,0.505813953488372,0.5,0.503100775193798,5,"top5","hr_sd_precond;hr_med_precond;eda_med_precond;eeg_fm_specent_precond;hrv_rmssd_precond"
2025-12-19 16:53:37.340405,34,"stress_label",5,4,0.0625,0.5,0.488372093023256,0.5,5,"top5","hr_sd_precond;hr_med_precond;eda_med_precond;eeg_fm_specent_precond;hrv_rmssd_precond"
2025-12-19 16:53:37.337678,34,"stress_label",5,8,0.0625,0.529069767441861,0.441860465116279,0.527131782945736,5,"top5","hr_sd_precond;hr_med_precond;eda_med_precond;eeg_fm_specent_precond;hrv_rmssd_precond"
2025-12-19 16:53:37.4133,34,"stress_label",5,16,0.0625,0.459302325581395,0.354651162790698,0.472868217054264,5,"top5","hr_sd_precond;hr_med_precond;eda_med_precond;eeg_fm_specent_precond;hrv_rmssd_precond"
2025-12-19 16:53:38.359271,34,"stress_label",5,32,0.0625,0.436046511627907,0.377906976744186,0.444961240310078,5,"top5","hr_sd_precond;hr_med_precond;eda_med_precond;eeg_fm_specent_precond;hrv_rmssd_precond"
2025-12-19 16:53:38.455964,34,"stress_label",5,64,0.0625,0.430232558139535,0.441860465116279,0.455813953488372,5,"top5","hr_sd_precond;hr_med_precond;eda_med_precond;eeg_fm_specent_precond;hrv_rmssd_precond"
2025-12-19 16:53:38.667747,34,"stress_label",5,128,0.0625,0.441860465116279,0.482558139534884,NA,5,"top5","hr_sd_precond;hr_med_precond;eda_med_precond;eeg_fm_specent_precond;hrv_rmssd_precond"
2025-12-19 16:53:38.973068,34,"stress_label",5,256,0.0625,0.441860465116279,0.47093023255814,NA,5,"top5","hr_sd_precond;hr_med_precond;eda_med_precond;eeg_fm_specent_precond;hrv_rmssd_precond"
2025-12-19 16:53:38.332568,34,"stress_label",5,2,0.125,0.511627906976744,0.5,0.516279069767442,5,"top5","hr_sd_precond;hr_med_precond;eda_med_precond;eeg_fm_specent_precond;hrv_rmssd_precond"
2025-12-19 16:53:38.348575,34,"stress_label",5,4,0.125,0.482558139534884,0.372093023255814,0.509302325581395,5,"top5","hr_sd_precond;hr_med_precond;eda_med_precond;eeg_fm_specent_precond;hrv_rmssd_precond"
2025-12-19 16:53:38.389788,34,"stress_label",5,8,0.125,0.430232558139535,0.343023255813953,0.455038759689922,5,"top5","hr_sd_precond;hr_med_precond;eda_med_precond;eeg_fm_specent_precond;hrv_rmssd_precond"
2025-12-19 16:53:38.445027,34,"stress_label",5,16,0.125,0.465116279069767,0.465116279069767,NA,5,"top5","hr_sd_precond;hr_med_precond;eda_med_precond;eeg_fm_specent_precond;hrv_rmssd_precond"
2025-12-19 16:53:38.53793,34,"stress_label",5,32,0.125,0.436046511627907,0.5,NA,5,"top5","hr_sd_precond;hr_med_precond;eda_med_precond;eeg_fm_specent_precond;hrv_rmssd_precond"
2025-12-19 16:53:38.729801,34,"stress_label",5,64,0.125,0.447674418604651,0.47093023255814,NA,5,"top5","hr_sd_precond;hr_med_precond;eda_med_precond;eeg_fm_specent_precond;hrv_rmssd_precond"
2025-12-19 16:53:39.037976,34,"stress_label",5,128,0.125,0.494186046511628,0.447674418604651,NA,5,"top5","hr_sd_precond;hr_med_precond;eda_med_precond;eeg_fm_specent_precond;hrv_rmssd_precond"
2025-12-19 16:53:39.48654,34,"stress_label",5,256,0.125,0.453488372093023,0.418604651162791,NA,5,"top5","hr_sd_precond;hr_med_precond;eda_med_precond;eeg_fm_specent_precond;hrv_rmssd_precond"
2025-12-19 16:53:38.493892,34,"stress_label",5,2,0.03,0.558139534883721,0.558139534883721,0.558914728682171,5,"top5","hr_sd_precond;hr_med_precond;eda_med_precond;eeg_fm_specent_precond;hrv_rmssd_precond"
2025-12-19 16:53:38.668941,34,"stress_label",5,4,0.03,0.534883720930233,0.569767441860465,0.529457364341085,5,"top5","hr_sd_precond;hr_med_precond;eda_med_precond;eeg_fm_specent_precond;hrv_rmssd_precond"
2025-12-19 16:53:39.380364,34,"stress_label",5,8,0.03,0.505813953488372,0.494186046511628,0.506976744186047,5,"top5","hr_sd_precond;hr_med_precond;eda_med_precond;eeg_fm_specent_precond;hrv_rmssd_precond"
2025-12-19 16:53:39.403054,34,"stress_label",5,16,0.03,0.505813953488372,0.476744186046512,0.508527131782946,5,"top5","hr_sd_precond;hr_med_precond;eda_med_precond;eeg_fm_specent_precond;hrv_rmssd_precond"
2025-12-19 16:53:39.452178,34,"stress_label",5,32,0.03,0.505813953488372,0.494186046511628,0.513178294573643,5,"top5","hr_sd_precond;hr_med_precond;eda_med_precond;eeg_fm_specent_precond;hrv_rmssd_precond"
2025-12-19 16:53:39.5111,34,"stress_label",5,64,0.03,0.453488372093023,0.337209302325581,0.456589147286822,5,"top5","hr_sd_precond;hr_med_precond;eda_med_precond;eeg_fm_specent_precond;hrv_rmssd_precond"
2025-12-19 16:53:39.642472,34,"stress_label",5,128,0.03,0.418604651162791,0.424418604651163,0.413178294573643,5,"top5","hr_sd_precond;hr_med_precond;eda_med_precond;eeg_fm_specent_precond;hrv_rmssd_precond"
2025-12-19 16:53:39.836298,34,"stress_label",5,256,0.03,0.436046511627907,0.366279069767442,0.437984496124031,5,"top5","hr_sd_precond;hr_med_precond;eda_med_precond;eeg_fm_specent_precond;hrv_rmssd_precond"
2025-12-19 16:53:39.536959,34,"stress_label",5,2,0.06,0.505813953488372,0.540697674418605,0.503100775193798,5,"top5","hr_sd_precond;hr_med_precond;eda_med_precond;eeg_fm_specent_precond;hrv_rmssd_precond"
2025-12-19 16:53:39.586639,34,"stress_label",5,4,0.06,0.5,0.465116279069767,0.5,5,"top5","hr_sd_precond;hr_med_precond;eda_med_precond;eeg_fm_specent_precond;hrv_rmssd_precond"
2025-12-19 16:53:39.693116,34,"stress_label",5,8,0.06,0.529069767441861,0.372093023255814,0.527131782945736,5,"top5","hr_sd_precond;hr_med_precond;eda_med_precond;eeg_fm_specent_precond;hrv_rmssd_precond"
2025-12-19 16:53:39.732195,34,"stress_label",5,16,0.06,0.459302325581395,0.348837209302326,0.472868217054264,5,"top5","hr_sd_precond;hr_med_precond;eda_med_precond;eeg_fm_specent_precond;hrv_rmssd_precond"
2025-12-19 16:53:39.840546,34,"stress_label",5,32,0.06,0.436046511627907,0.453488372093023,0.444961240310078,5,"top5","hr_sd_precond;hr_med_precond;eda_med_precond;eeg_fm_specent_precond;hrv_rmssd_precond"
2025-12-19 16:53:40.130375,34,"stress_label",5,64,0.06,0.441860465116279,0.418604651162791,0.46046511627907,5,"top5","hr_sd_precond;hr_med_precond;eda_med_precond;eeg_fm_specent_precond;hrv_rmssd_precond"
2025-12-19 16:53:40.390661,34,"stress_label",5,128,0.06,0.441860465116279,0.494186046511628,NA,5,"top5","hr_sd_precond;hr_med_precond;eda_med_precond;eeg_fm_specent_precond;hrv_rmssd_precond"
2025-12-19 16:53:40.898465,34,"stress_label",5,256,0.06,0.447674418604651,0.447674418604651,NA,5,"top5","hr_sd_precond;hr_med_precond;eda_med_precond;eeg_fm_specent_precond;hrv_rmssd_precond"
2025-12-19 16:53:40.387484,34,"stress_label",5,2,0.1,0.511627906976744,0.459302325581395,0.511627906976744,5,"top5","hr_sd_precond;hr_med_precond;eda_med_precond;eeg_fm_specent_precond;hrv_rmssd_precond"
2025-12-19 16:53:40.447543,34,"stress_label",5,4,0.1,0.494186046511628,0.383720930232558,0.506201550387597,5,"top5","hr_sd_precond;hr_med_precond;eda_med_precond;eeg_fm_specent_precond;hrv_rmssd_precond"
2025-12-19 16:53:40.502584,34,"stress_label",5,8,0.1,0.453488372093023,0.418604651162791,0.477519379844961,5,"top5","hr_sd_precond;hr_med_precond;eda_med_precond;eeg_fm_specent_precond;hrv_rmssd_precond"
2025-12-19 16:53:40.529262,34,"stress_label",5,16,0.1,0.447674418604651,0.465116279069767,0.461240310077519,5,"top5","hr_sd_precond;hr_med_precond;eda_med_precond;eeg_fm_specent_precond;hrv_rmssd_precond"
2025-12-19 16:53:40.59739,34,"stress_label",5,32,0.1,0.447674418604651,0.372093023255814,NA,5,"top5","hr_sd_precond;hr_med_precond;eda_med_precond;eeg_fm_specent_precond;hrv_rmssd_precond"
2025-12-19 16:53:40.725515,34,"stress_label",5,64,0.1,0.430232558139535,0.5,NA,5,"top5","hr_sd_precond;hr_med_precond;eda_med_precond;eeg_fm_specent_precond;hrv_rmssd_precond"
2025-12-19 16:53:40.963499,34,"stress_label",5,128,0.1,0.441860465116279,0.424418604651163,NA,5,"top5","hr_sd_precond;hr_med_precond;eda_med_precond;eeg_fm_specent_precond;hrv_rmssd_precond"
2025-12-19 16:53:41.291819,34,"stress_label",5,256,0.1,0.488372093023256,0.436046511627907,NA,5,"top5","hr_sd_precond;hr_med_precond;eda_med_precond;eeg_fm_specent_precond;hrv_rmssd_precond"
2025-12-19 16:53:42.606658,35,"stress_label",5,2,0.0078125,0.593023255813954,0.593023255813954,0.589147286821705,5,"top5","hr_sd_precond;hr_med_precond;eda_med_precond;eeg_fm_specent_precond;hrv_rmssd_precond"
2025-12-19 16:53:42.589789,35,"stress_label",5,4,0.0078125,0.575581395348837,0.587209302325581,0.575968992248062,5,"top5","hr_sd_precond;hr_med_precond;eda_med_precond;eeg_fm_specent_precond;hrv_rmssd_precond"
2025-12-19 16:53:42.597106,35,"stress_label",5,8,0.0078125,0.575581395348837,0.593023255813954,0.568992248062016,5,"top5","hr_sd_precond;hr_med_precond;eda_med_precond;eeg_fm_specent_precond;hrv_rmssd_precond"
2025-12-19 16:53:42.589513,35,"stress_label",5,16,0.0078125,0.581395348837209,0.587209302325581,0.577519379844961,5,"top5","hr_sd_precond;hr_med_precond;eda_med_precond;eeg_fm_specent_precond;hrv_rmssd_precond"
2025-12-19 16:53:42.597894,35,"stress_label",5,32,0.0078125,0.569767441860465,0.587209302325581,0.564341085271318,5,"top5","hr_sd_precond;hr_med_precond;eda_med_precond;eeg_fm_specent_precond;hrv_rmssd_precond"
2025-12-19 16:53:42.615333,35,"stress_label",5,64,0.0078125,0.529069767441861,0.575581395348837,0.51937984496124,5,"top5","hr_sd_precond;hr_med_precond;eda_med_precond;eeg_fm_specent_precond;hrv_rmssd_precond"
2025-12-19 16:53:42.659989,35,"stress_label",5,128,0.0078125,0.523255813953488,0.540697674418605,0.52015503875969,5,"top5","hr_sd_precond;hr_med_precond;eda_med_precond;eeg_fm_specent_precond;hrv_rmssd_precond"
2025-12-19 16:53:42.658721,35,"stress_label",5,256,0.0078125,0.5,0.5,0.495348837209302,5,"top5","hr_sd_precond;hr_med_precond;eda_med_precond;eeg_fm_specent_precond;hrv_rmssd_precond"
2025-12-19 16:53:42.582198,35,"stress_label",5,2,0.015625,0.587209302325581,0.593023255813954,0.597674418604651,5,"top5","hr_sd_precond;hr_med_precond;eda_med_precond;eeg_fm_specent_precond;hrv_rmssd_precond"
2025-12-19 16:53:42.538997,35,"stress_label",5,4,0.015625,0.593023255813954,0.581395348837209,0.601550387596899,5,"top5","hr_sd_precond;hr_med_precond;eda_med_precond;eeg_fm_specent_precond;hrv_rmssd_precond"
2025-12-19 16:53:42.597462,35,"stress_label",5,8,0.015625,0.569767441860465,0.581395348837209,0.565116279069767,5,"top5","hr_sd_precond;hr_med_precond;eda_med_precond;eeg_fm_specent_precond;hrv_rmssd_precond"
2025-12-19 16:53:42.634089,35,"stress_label",5,16,0.015625,0.529069767441861,0.563953488372093,0.524806201550388,5,"top5","hr_sd_precond;hr_med_precond;eda_med_precond;eeg_fm_specent_precond;hrv_rmssd_precond"
2025-12-19 16:53:42.609058,35,"stress_label",5,32,0.015625,0.529069767441861,0.505813953488372,0.522480620155039,5,"top5","hr_sd_precond;hr_med_precond;eda_med_precond;eeg_fm_specent_precond;hrv_rmssd_precond"
2025-12-19 16:53:42.621165,35,"stress_label",5,64,0.015625,0.505813953488372,0.494186046511628,0.497674418604651,5,"top5","hr_sd_precond;hr_med_precond;eda_med_precond;eeg_fm_specent_precond;hrv_rmssd_precond"
2025-12-19 16:53:43.721933,35,"stress_label",5,128,0.015625,0.482558139534884,0.494186046511628,0.48062015503876,5,"top5","hr_sd_precond;hr_med_precond;eda_med_precond;eeg_fm_specent_precond;hrv_rmssd_precond"
2025-12-19 16:53:43.855771,35,"stress_label",5,256,0.015625,0.476744186046512,0.406976744186047,0.464341085271318,5,"top5","hr_sd_precond;hr_med_precond;eda_med_precond;eeg_fm_specent_precond;hrv_rmssd_precond"
2025-12-19 16:53:43.646572,35,"stress_label",5,2,0.03125,0.569767441860465,0.581395348837209,0.567441860465116,5,"top5","hr_sd_precond;hr_med_precond;eda_med_precond;eeg_fm_specent_precond;hrv_rmssd_precond"
2025-12-19 16:53:43.67074,35,"stress_label",5,4,0.03125,0.534883720930233,0.587209302325581,0.527906976744186,5,"top5","hr_sd_precond;hr_med_precond;eda_med_precond;eeg_fm_specent_precond;hrv_rmssd_precond"
2025-12-19 16:53:43.658606,35,"stress_label",5,8,0.03125,0.523255813953488,0.523255813953488,0.515503875968992,5,"top5","hr_sd_precond;hr_med_precond;eda_med_precond;eeg_fm_specent_precond;hrv_rmssd_precond"
2025-12-19 16:53:43.670987,35,"stress_label",5,16,0.03125,0.517441860465116,0.459302325581395,0.514728682170543,5,"top5","hr_sd_precond;hr_med_precond;eda_med_precond;eeg_fm_specent_precond;hrv_rmssd_precond"
2025-12-19 16:53:43.727993,35,"stress_label",5,32,0.03125,0.5,0.38953488372093,0.50077519379845,5,"top5","hr_sd_precond;hr_med_precond;eda_med_precond;eeg_fm_specent_precond;hrv_rmssd_precond"
2025-12-19 16:53:43.795108,35,"stress_label",5,64,0.03125,0.459302325581395,0.354651162790698,0.448837209302326,5,"top5","hr_sd_precond;hr_med_precond;eda_med_precond;eeg_fm_specent_precond;hrv_rmssd_precond"
2025-12-19 16:53:43.86808,35,"stress_label",5,128,0.03125,0.430232558139535,0.395348837209302,0.428682170542636,5,"top5","hr_sd_precond;hr_med_precond;eda_med_precond;eeg_fm_specent_precond;hrv_rmssd_precond"
2025-12-19 16:53:44.0723,35,"stress_label",5,256,0.03125,0.436046511627907,0.488372093023256,0.443410852713178,5,"top5","hr_sd_precond;hr_med_precond;eda_med_precond;eeg_fm_specent_precond;hrv_rmssd_precond"
2025-12-19 16:53:43.698661,35,"stress_label",5,2,0.0625,0.529069767441861,0.546511627906977,0.525581395348837,5,"top5","hr_sd_precond;hr_med_precond;eda_med_precond;eeg_fm_specent_precond;hrv_rmssd_precond"
2025-12-19 16:53:43.695405,35,"stress_label",5,4,0.0625,0.511627906976744,0.552325581395349,0.503100775193798,5,"top5","hr_sd_precond;hr_med_precond;eda_med_precond;eeg_fm_specent_precond;hrv_rmssd_precond"
2025-12-19 16:53:43.743666,35,"stress_label",5,8,0.0625,0.523255813953488,0.412790697674419,0.525581395348837,5,"top5","hr_sd_precond;hr_med_precond;eda_med_precond;eeg_fm_specent_precond;hrv_rmssd_precond"
2025-12-19 16:53:43.774186,35,"stress_label",5,16,0.0625,0.459302325581395,0.424418604651163,0.458139534883721,5,"top5","hr_sd_precond;hr_med_precond;eda_med_precond;eeg_fm_specent_precond;hrv_rmssd_precond"
2025-12-19 16:53:44.788782,35,"stress_label",5,32,0.0625,0.430232558139535,0.424418604651163,0.441085271317829,5,"top5","hr_sd_precond;hr_med_precond;eda_med_precond;eeg_fm_specent_precond;hrv_rmssd_precond"
2025-12-19 16:53:44.882335,35,"stress_label",5,64,0.0625,0.447674418604651,0.546511627906977,0.457364341085271,5,"top5","hr_sd_precond;hr_med_precond;eda_med_precond;eeg_fm_specent_precond;hrv_rmssd_precond"
2025-12-19 16:53:45.086982,35,"stress_label",5,128,0.0625,0.406976744186047,0.372093023255814,0.406976744186047,5,"top5","hr_sd_precond;hr_med_precond;eda_med_precond;eeg_fm_specent_precond;hrv_rmssd_precond"
2025-12-19 16:53:45.438644,35,"stress_label",5,256,0.0625,0.401162790697674,0.436046511627907,0.410852713178295,5,"top5","hr_sd_precond;hr_med_precond;eda_med_precond;eeg_fm_specent_precond;hrv_rmssd_precond"
2025-12-19 16:53:44.79274,35,"stress_label",5,2,0.125,0.5,0.441860465116279,0.487596899224806,5,"top5","hr_sd_precond;hr_med_precond;eda_med_precond;eeg_fm_specent_precond;hrv_rmssd_precond"
2025-12-19 16:53:44.763644,35,"stress_label",5,4,0.125,0.494186046511628,0.430232558139535,0.502325581395349,5,"top5","hr_sd_precond;hr_med_precond;eda_med_precond;eeg_fm_specent_precond;hrv_rmssd_precond"
2025-12-19 16:53:44.807701,35,"stress_label",5,8,0.125,0.447674418604651,0.453488372093023,0.448837209302326,5,"top5","hr_sd_precond;hr_med_precond;eda_med_precond;eeg_fm_specent_precond;hrv_rmssd_precond"
2025-12-19 16:53:44.89226,35,"stress_label",5,16,0.125,0.441860465116279,0.447674418604651,NA,5,"top5","hr_sd_precond;hr_med_precond;eda_med_precond;eeg_fm_specent_precond;hrv_rmssd_precond"
2025-12-19 16:53:44.972447,35,"stress_label",5,32,0.125,0.401162790697674,0.505813953488372,NA,5,"top5","hr_sd_precond;hr_med_precond;eda_med_precond;eeg_fm_specent_precond;hrv_rmssd_precond"
2025-12-19 16:53:45.131586,35,"stress_label",5,64,0.125,0.424418604651163,0.441860465116279,0.429457364341085,5,"top5","hr_sd_precond;hr_med_precond;eda_med_precond;eeg_fm_specent_precond;hrv_rmssd_precond"
2025-12-19 16:53:45.451673,35,"stress_label",5,128,0.125,0.482558139534884,0.47093023255814,NA,5,"top5","hr_sd_precond;hr_med_precond;eda_med_precond;eeg_fm_specent_precond;hrv_rmssd_precond"
2025-12-19 16:53:45.971484,35,"stress_label",5,256,0.125,0.511627906976744,0.494186046511628,NA,5,"top5","hr_sd_precond;hr_med_precond;eda_med_precond;eeg_fm_specent_precond;hrv_rmssd_precond"
2025-12-19 16:53:44.945139,35,"stress_label",5,2,0.03,0.575581395348837,0.581395348837209,0.576744186046512,5,"top5","hr_sd_precond;hr_med_precond;eda_med_precond;eeg_fm_specent_precond;hrv_rmssd_precond"
2025-12-19 16:53:45.140551,35,"stress_label",5,4,0.03,0.534883720930233,0.552325581395349,0.527906976744186,5,"top5","hr_sd_precond;hr_med_precond;eda_med_precond;eeg_fm_specent_precond;hrv_rmssd_precond"
2025-12-19 16:53:45.877666,35,"stress_label",5,8,0.03,0.523255813953488,0.523255813953488,0.512403100775194,5,"top5","hr_sd_precond;hr_med_precond;eda_med_precond;eeg_fm_specent_precond;hrv_rmssd_precond"
2025-12-19 16:53:45.930281,35,"stress_label",5,16,0.03,0.511627906976744,0.482558139534884,0.507751937984496,5,"top5","hr_sd_precond;hr_med_precond;eda_med_precond;eeg_fm_specent_precond;hrv_rmssd_precond"
2025-12-19 16:53:45.908673,35,"stress_label",5,32,0.03,0.5,0.465116279069767,0.50077519379845,5,"top5","hr_sd_precond;hr_med_precond;eda_med_precond;eeg_fm_specent_precond;hrv_rmssd_precond"
2025-12-19 16:53:45.988076,35,"stress_label",5,64,0.03,0.465116279069767,0.418604651162791,0.452713178294574,5,"top5","hr_sd_precond;hr_med_precond;eda_med_precond;eeg_fm_specent_precond;hrv_rmssd_precond"
2025-12-19 16:53:46.184438,35,"stress_label",5,128,0.03,0.436046511627907,0.331395348837209,0.44031007751938,5,"top5","hr_sd_precond;hr_med_precond;eda_med_precond;eeg_fm_specent_precond;hrv_rmssd_precond"
2025-12-19 16:53:46.373167,35,"stress_label",5,256,0.03,0.441860465116279,0.430232558139535,0.455038759689922,5,"top5","hr_sd_precond;hr_med_precond;eda_med_precond;eeg_fm_specent_precond;hrv_rmssd_precond"
2025-12-19 16:53:46.138562,35,"stress_label",5,2,0.06,0.529069767441861,0.552325581395349,0.525581395348837,5,"top5","hr_sd_precond;hr_med_precond;eda_med_precond;eeg_fm_specent_precond;hrv_rmssd_precond"
2025-12-19 16:53:46.049168,35,"stress_label",5,4,0.06,0.517441860465116,0.47093023255814,0.510852713178295,5,"top5","hr_sd_precond;hr_med_precond;eda_med_precond;eeg_fm_specent_precond;hrv_rmssd_precond"
2025-12-19 16:53:46.192931,35,"stress_label",5,8,0.06,0.523255813953488,0.459302325581395,0.517054263565891,5,"top5","hr_sd_precond;hr_med_precond;eda_med_precond;eeg_fm_specent_precond;hrv_rmssd_precond"
2025-12-19 16:53:46.272205,35,"stress_label",5,16,0.06,0.453488372093023,0.337209302325581,0.446511627906977,5,"top5","hr_sd_precond;hr_med_precond;eda_med_precond;eeg_fm_specent_precond;hrv_rmssd_precond"
2025-12-19 16:53:46.272548,35,"stress_label",5,32,0.06,0.447674418604651,0.406976744186047,0.448837209302326,5,"top5","hr_sd_precond;hr_med_precond;eda_med_precond;eeg_fm_specent_precond;hrv_rmssd_precond"
2025-12-19 16:53:46.67704,35,"stress_label",5,64,0.06,0.441860465116279,0.38953488372093,0.453488372093023,5,"top5","hr_sd_precond;hr_med_precond;eda_med_precond;eeg_fm_specent_precond;hrv_rmssd_precond"
2025-12-19 16:53:46.844317,35,"stress_label",5,128,0.06,0.424418604651163,0.488372093023256,NA,5,"top5","hr_sd_precond;hr_med_precond;eda_med_precond;eeg_fm_specent_precond;hrv_rmssd_precond"
2025-12-19 16:53:47.367364,35,"stress_label",5,256,0.06,0.395348837209302,0.430232558139535,0.401550387596899,5,"top5","hr_sd_precond;hr_med_precond;eda_med_precond;eeg_fm_specent_precond;hrv_rmssd_precond"
2025-12-19 16:53:46.920724,35,"stress_label",5,2,0.1,0.505813953488372,0.517441860465116,0.491472868217054,5,"top5","hr_sd_precond;hr_med_precond;eda_med_precond;eeg_fm_specent_precond;hrv_rmssd_precond"
2025-12-19 16:53:46.983314,35,"stress_label",5,4,0.1,0.494186046511628,0.465116279069767,0.487596899224806,5,"top5","hr_sd_precond;hr_med_precond;eda_med_precond;eeg_fm_specent_precond;hrv_rmssd_precond"
2025-12-19 16:53:46.994271,35,"stress_label",5,8,0.1,0.459302325581395,0.401162790697674,0.467441860465116,5,"top5","hr_sd_precond;hr_med_precond;eda_med_precond;eeg_fm_specent_precond;hrv_rmssd_precond"
2025-12-19 16:53:47.045568,35,"stress_label",5,16,0.1,0.453488372093023,0.383720930232558,NA,5,"top5","hr_sd_precond;hr_med_precond;eda_med_precond;eeg_fm_specent_precond;hrv_rmssd_precond"
2025-12-19 16:53:47.179707,35,"stress_label",5,32,0.1,0.418604651162791,0.47093023255814,NA,5,"top5","hr_sd_precond;hr_med_precond;eda_med_precond;eeg_fm_specent_precond;hrv_rmssd_precond"
2025-12-19 16:53:47.302313,35,"stress_label",5,64,0.1,0.418604651162791,0.430232558139535,NA,5,"top5","hr_sd_precond;hr_med_precond;eda_med_precond;eeg_fm_specent_precond;hrv_rmssd_precond"
2025-12-19 16:53:47.463307,35,"stress_label",5,128,0.1,0.430232558139535,0.459302325581395,0.431782945736434,5,"top5","hr_sd_precond;hr_med_precond;eda_med_precond;eeg_fm_specent_precond;hrv_rmssd_precond"
2025-12-19 16:53:47.747201,35,"stress_label",5,256,0.1,0.488372093023256,0.406976744186047,NA,5,"top5","hr_sd_precond;hr_med_precond;eda_med_precond;eeg_fm_specent_precond;hrv_rmssd_precond"
2025-12-19 16:53:49.020767,36,"stress_label",5,2,0.0078125,0.598837209302326,0.511627906976744,0.593798449612403,5,"top5","hr_med_precond;hr_sd_precond;eda_med_precond;eeg_fm_specent_precond;hrv_rmssd_precond"
2025-12-19 16:53:48.989318,36,"stress_label",5,4,0.0078125,0.587209302325581,0.563953488372093,0.577519379844961,5,"top5","hr_med_precond;hr_sd_precond;eda_med_precond;eeg_fm_specent_precond;hrv_rmssd_precond"
2025-12-19 16:53:49.008444,36,"stress_label",5,8,0.0078125,0.575581395348837,0.569767441860465,0.55968992248062,5,"top5","hr_med_precond;hr_sd_precond;eda_med_precond;eeg_fm_specent_precond;hrv_rmssd_precond"
2025-12-19 16:53:49.00616,36,"stress_label",5,16,0.0078125,0.575581395348837,0.581395348837209,0.558139534883721,5,"top5","hr_med_precond;hr_sd_precond;eda_med_precond;eeg_fm_specent_precond;hrv_rmssd_precond"
2025-12-19 16:53:49.036025,36,"stress_label",5,32,0.0078125,0.569767441860465,0.569767441860465,0.55968992248062,5,"top5","hr_med_precond;hr_sd_precond;eda_med_precond;eeg_fm_specent_precond;hrv_rmssd_precond"
2025-12-19 16:53:49.009785,36,"stress_label",5,64,0.0078125,0.529069767441861,0.47093023255814,0.524031007751938,5,"top5","hr_med_precond;hr_sd_precond;eda_med_precond;eeg_fm_specent_precond;hrv_rmssd_precond"
2025-12-19 16:53:49.069643,36,"stress_label",5,128,0.0078125,0.5,0.476744186046512,NA,5,"top5","hr_med_precond;hr_sd_precond;eda_med_precond;eeg_fm_specent_precond;hrv_rmssd_precond"
2025-12-19 16:53:49.156352,36,"stress_label",5,256,0.0078125,0.494186046511628,0.447674418604651,NA,5,"top5","hr_med_precond;hr_sd_precond;eda_med_precond;eeg_fm_specent_precond;hrv_rmssd_precond"
2025-12-19 16:53:48.995264,36,"stress_label",5,2,0.015625,0.593023255813954,0.563953488372093,0.589922480620155,5,"top5","hr_med_precond;hr_sd_precond;eda_med_precond;eeg_fm_specent_precond;hrv_rmssd_precond"
2025-12-19 16:53:49.004397,36,"stress_label",5,4,0.015625,0.581395348837209,0.482558139534884,0.567441860465116,5,"top5","hr_med_precond;hr_sd_precond;eda_med_precond;eeg_fm_specent_precond;hrv_rmssd_precond"
2025-12-19 16:53:49.004865,36,"stress_label",5,8,0.015625,0.569767441860465,0.546511627906977,0.55968992248062,5,"top5","hr_med_precond;hr_sd_precond;eda_med_precond;eeg_fm_specent_precond;hrv_rmssd_precond"
2025-12-19 16:53:48.973248,36,"stress_label",5,16,0.015625,0.540697674418605,0.517441860465116,0.53953488372093,5,"top5","hr_med_precond;hr_sd_precond;eda_med_precond;eeg_fm_specent_precond;hrv_rmssd_precond"
2025-12-19 16:53:49.03999,36,"stress_label",5,32,0.015625,0.511627906976744,0.459302325581395,NA,5,"top5","hr_med_precond;hr_sd_precond;eda_med_precond;eeg_fm_specent_precond;hrv_rmssd_precond"
2025-12-19 16:53:49.08657,36,"stress_label",5,64,0.015625,0.488372093023256,0.453488372093023,NA,5,"top5","hr_med_precond;hr_sd_precond;eda_med_precond;eeg_fm_specent_precond;hrv_rmssd_precond"
2025-12-19 16:53:50.134865,36,"stress_label",5,128,0.015625,0.447674418604651,0.476744186046512,0.455813953488372,5,"top5","hr_med_precond;hr_sd_precond;eda_med_precond;eeg_fm_specent_precond;hrv_rmssd_precond"
2025-12-19 16:53:50.231843,36,"stress_label",5,256,0.015625,0.453488372093023,0.395348837209302,0.465891472868217,5,"top5","hr_med_precond;hr_sd_precond;eda_med_precond;eeg_fm_specent_precond;hrv_rmssd_precond"
2025-12-19 16:53:50.042918,36,"stress_label",5,2,0.03125,0.581395348837209,0.581395348837209,0.57906976744186,5,"top5","hr_med_precond;hr_sd_precond;eda_med_precond;eeg_fm_specent_precond;hrv_rmssd_precond"
2025-12-19 16:53:50.044968,36,"stress_label",5,4,0.03125,0.540697674418605,0.581395348837209,0.534108527131783,5,"top5","hr_med_precond;hr_sd_precond;eda_med_precond;eeg_fm_specent_precond;hrv_rmssd_precond"
2025-12-19 16:53:50.057339,36,"stress_label",5,8,0.03125,0.517441860465116,0.482558139534884,NA,5,"top5","hr_med_precond;hr_sd_precond;eda_med_precond;eeg_fm_specent_precond;hrv_rmssd_precond"
2025-12-19 16:53:50.072969,36,"stress_label",5,16,0.03125,0.476744186046512,0.348837209302326,NA,5,"top5","hr_med_precond;hr_sd_precond;eda_med_precond;eeg_fm_specent_precond;hrv_rmssd_precond"
2025-12-19 16:53:50.125855,36,"stress_label",5,32,0.03125,0.453488372093023,0.372093023255814,0.464341085271318,5,"top5","hr_med_precond;hr_sd_precond;eda_med_precond;eeg_fm_specent_precond;hrv_rmssd_precond"
2025-12-19 16:53:50.147403,36,"stress_label",5,64,0.03125,0.436046511627907,0.418604651162791,0.437984496124031,5,"top5","hr_med_precond;hr_sd_precond;eda_med_precond;eeg_fm_specent_precond;hrv_rmssd_precond"
2025-12-19 16:53:50.258438,36,"stress_label",5,128,0.03125,0.436046511627907,0.418604651162791,0.455038759689922,5,"top5","hr_med_precond;hr_sd_precond;eda_med_precond;eeg_fm_specent_precond;hrv_rmssd_precond"
2025-12-19 16:53:50.443926,36,"stress_label",5,256,0.03125,0.418604651162791,0.453488372093023,0.431782945736434,5,"top5","hr_med_precond;hr_sd_precond;eda_med_precond;eeg_fm_specent_precond;hrv_rmssd_precond"
2025-12-19 16:53:50.092886,36,"stress_label",5,2,0.0625,0.523255813953488,0.505813953488372,0.522480620155039,5,"top5","hr_med_precond;hr_sd_precond;eda_med_precond;eeg_fm_specent_precond;hrv_rmssd_precond"
2025-12-19 16:53:50.093287,36,"stress_label",5,4,0.0625,0.488372093023256,0.441860465116279,0.485271317829457,5,"top5","hr_med_precond;hr_sd_precond;eda_med_precond;eeg_fm_specent_precond;hrv_rmssd_precond"
2025-12-19 16:53:50.154247,36,"stress_label",5,8,0.0625,0.441860465116279,0.436046511627907,0.451162790697674,5,"top5","hr_med_precond;hr_sd_precond;eda_med_precond;eeg_fm_specent_precond;hrv_rmssd_precond"
2025-12-19 16:53:50.242083,36,"stress_label",5,16,0.0625,0.412790697674419,0.430232558139535,0.415503875968992,5,"top5","hr_med_precond;hr_sd_precond;eda_med_precond;eeg_fm_specent_precond;hrv_rmssd_precond"
2025-12-19 16:53:51.159138,36,"stress_label",5,32,0.0625,0.406976744186047,0.447674418604651,0.410852713178295,5,"top5","hr_med_precond;hr_sd_precond;eda_med_precond;eeg_fm_specent_precond;hrv_rmssd_precond"
2025-12-19 16:53:51.289886,36,"stress_label",5,64,0.0625,0.47093023255814,0.418604651162791,NA,5,"top5","hr_med_precond;hr_sd_precond;eda_med_precond;eeg_fm_specent_precond;hrv_rmssd_precond"
2025-12-19 16:53:51.459769,36,"stress_label",5,128,0.0625,0.430232558139535,0.494186046511628,NA,5,"top5","hr_med_precond;hr_sd_precond;eda_med_precond;eeg_fm_specent_precond;hrv_rmssd_precond"
2025-12-19 16:53:51.842833,36,"stress_label",5,256,0.0625,0.436046511627907,0.476744186046512,NA,5,"top5","hr_med_precond;hr_sd_precond;eda_med_precond;eeg_fm_specent_precond;hrv_rmssd_precond"
2025-12-19 16:53:51.113827,36,"stress_label",5,2,0.125,0.453488372093023,0.377906976744186,0.453488372093023,5,"top5","hr_med_precond;hr_sd_precond;eda_med_precond;eeg_fm_specent_precond;hrv_rmssd_precond"
2025-12-19 16:53:51.153802,36,"stress_label",5,4,0.125,0.406976744186047,0.476744186046512,NA,5,"top5","hr_med_precond;hr_sd_precond;eda_med_precond;eeg_fm_specent_precond;hrv_rmssd_precond"
2025-12-19 16:53:51.184507,36,"stress_label",5,8,0.125,0.424418604651163,0.377906976744186,NA,5,"top5","hr_med_precond;hr_sd_precond;eda_med_precond;eeg_fm_specent_precond;hrv_rmssd_precond"
2025-12-19 16:53:51.227039,36,"stress_label",5,16,0.125,0.453488372093023,0.412790697674419,NA,5,"top5","hr_med_precond;hr_sd_precond;eda_med_precond;eeg_fm_specent_precond;hrv_rmssd_precond"
2025-12-19 16:53:51.323373,36,"stress_label",5,32,0.125,0.465116279069767,0.366279069767442,NA,5,"top5","hr_med_precond;hr_sd_precond;eda_med_precond;eeg_fm_specent_precond;hrv_rmssd_precond"
2025-12-19 16:53:51.488023,36,"stress_label",5,64,0.125,0.453488372093023,0.383720930232558,NA,5,"top5","hr_med_precond;hr_sd_precond;eda_med_precond;eeg_fm_specent_precond;hrv_rmssd_precond"
2025-12-19 16:53:51.813389,36,"stress_label",5,128,0.125,0.482558139534884,0.406976744186047,NA,5,"top5","hr_med_precond;hr_sd_precond;eda_med_precond;eeg_fm_specent_precond;hrv_rmssd_precond"
2025-12-19 16:53:52.217986,36,"stress_label",5,256,0.125,0.476744186046512,0.430232558139535,NA,5,"top5","hr_med_precond;hr_sd_precond;eda_med_precond;eeg_fm_specent_precond;hrv_rmssd_precond"
2025-12-19 16:53:51.304567,36,"stress_label",5,2,0.03,0.587209302325581,0.552325581395349,0.586821705426357,5,"top5","hr_med_precond;hr_sd_precond;eda_med_precond;eeg_fm_specent_precond;hrv_rmssd_precond"
2025-12-19 16:53:51.457893,36,"stress_label",5,4,0.03,0.546511627906977,0.511627906976744,0.541860465116279,5,"top5","hr_med_precond;hr_sd_precond;eda_med_precond;eeg_fm_specent_precond;hrv_rmssd_precond"
2025-12-19 16:53:52.143464,36,"stress_label",5,8,0.03,0.517441860465116,0.546511627906977,NA,5,"top5","hr_med_precond;hr_sd_precond;eda_med_precond;eeg_fm_specent_precond;hrv_rmssd_precond"
2025-12-19 16:53:52.190601,36,"stress_label",5,16,0.03,0.488372093023256,0.465116279069767,0.488372093023256,5,"top5","hr_med_precond;hr_sd_precond;eda_med_precond;eeg_fm_specent_precond;hrv_rmssd_precond"
2025-12-19 16:53:52.246587,36,"stress_label",5,32,0.03,0.459302325581395,0.47093023255814,0.471317829457364,5,"top5","hr_med_precond;hr_sd_precond;eda_med_precond;eeg_fm_specent_precond;hrv_rmssd_precond"
2025-12-19 16:53:52.299402,36,"stress_label",5,64,0.03,0.441860465116279,0.383720930232558,0.444961240310078,5,"top5","hr_med_precond;hr_sd_precond;eda_med_precond;eeg_fm_specent_precond;hrv_rmssd_precond"
2025-12-19 16:53:52.437967,36,"stress_label",5,128,0.03,0.447674418604651,0.505813953488372,0.464341085271318,5,"top5","hr_med_precond;hr_sd_precond;eda_med_precond;eeg_fm_specent_precond;hrv_rmssd_precond"
2025-12-19 16:53:52.669169,36,"stress_label",5,256,0.03,0.418604651162791,0.459302325581395,0.436434108527132,5,"top5","hr_med_precond;hr_sd_precond;eda_med_precond;eeg_fm_specent_precond;hrv_rmssd_precond"
2025-12-19 16:53:52.317497,36,"stress_label",5,2,0.06,0.523255813953488,0.482558139534884,0.522480620155039,5,"top5","hr_med_precond;hr_sd_precond;eda_med_precond;eeg_fm_specent_precond;hrv_rmssd_precond"
2025-12-19 16:53:52.339189,36,"stress_label",5,4,0.06,0.5,0.459302325581395,0.496124031007752,5,"top5","hr_med_precond;hr_sd_precond;eda_med_precond;eeg_fm_specent_precond;hrv_rmssd_precond"
2025-12-19 16:53:52.515193,36,"stress_label",5,8,0.06,0.441860465116279,0.412790697674419,0.451162790697674,5,"top5","hr_med_precond;hr_sd_precond;eda_med_precond;eeg_fm_specent_precond;hrv_rmssd_precond"
2025-12-19 16:53:52.543081,36,"stress_label",5,16,0.06,0.418604651162791,0.453488372093023,0.421705426356589,5,"top5","hr_med_precond;hr_sd_precond;eda_med_precond;eeg_fm_specent_precond;hrv_rmssd_precond"
2025-12-19 16:53:52.58994,36,"stress_label",5,32,0.06,0.401162790697674,0.430232558139535,0.413178294573643,5,"top5","hr_med_precond;hr_sd_precond;eda_med_precond;eeg_fm_specent_precond;hrv_rmssd_precond"
2025-12-19 16:53:52.959682,36,"stress_label",5,64,0.06,0.465116279069767,0.47093023255814,0.493023255813954,5,"top5","hr_med_precond;hr_sd_precond;eda_med_precond;eeg_fm_specent_precond;hrv_rmssd_precond"
2025-12-19 16:53:53.136214,36,"stress_label",5,128,0.06,0.447674418604651,0.430232558139535,NA,5,"top5","hr_med_precond;hr_sd_precond;eda_med_precond;eeg_fm_specent_precond;hrv_rmssd_precond"
2025-12-19 16:53:53.570529,36,"stress_label",5,256,0.06,0.424418604651163,0.482558139534884,NA,5,"top5","hr_med_precond;hr_sd_precond;eda_med_precond;eeg_fm_specent_precond;hrv_rmssd_precond"
2025-12-19 16:53:53.139029,36,"stress_label",5,2,0.1,0.488372093023256,0.383720930232558,0.485271317829457,5,"top5","hr_med_precond;hr_sd_precond;eda_med_precond;eeg_fm_specent_precond;hrv_rmssd_precond"
2025-12-19 16:53:53.15148,36,"stress_label",5,4,0.1,0.447674418604651,0.313953488372093,0.453488372093023,5,"top5","hr_med_precond;hr_sd_precond;eda_med_precond;eeg_fm_specent_precond;hrv_rmssd_precond"
2025-12-19 16:53:53.20577,36,"stress_label",5,8,0.1,0.401162790697674,0.406976744186047,0.396899224806202,5,"top5","hr_med_precond;hr_sd_precond;eda_med_precond;eeg_fm_specent_precond;hrv_rmssd_precond"
2025-12-19 16:53:53.303918,36,"stress_label",5,16,0.1,0.453488372093023,0.412790697674419,NA,5,"top5","hr_med_precond;hr_sd_precond;eda_med_precond;eeg_fm_specent_precond;hrv_rmssd_precond"
2025-12-19 16:53:53.342535,36,"stress_label",5,32,0.1,0.447674418604651,0.5,NA,5,"top5","hr_med_precond;hr_sd_precond;eda_med_precond;eeg_fm_specent_precond;hrv_rmssd_precond"
2025-12-19 16:53:53.430169,36,"stress_label",5,64,0.1,0.453488372093023,0.488372093023256,NA,5,"top5","hr_med_precond;hr_sd_precond;eda_med_precond;eeg_fm_specent_precond;hrv_rmssd_precond"
2025-12-19 16:53:53.653731,36,"stress_label",5,128,0.1,0.436046511627907,0.424418604651163,NA,5,"top5","hr_med_precond;hr_sd_precond;eda_med_precond;eeg_fm_specent_precond;hrv_rmssd_precond"
2025-12-19 16:53:53.982654,36,"stress_label",5,256,0.1,0.494186046511628,0.412790697674419,NA,5,"top5","hr_med_precond;hr_sd_precond;eda_med_precond;eeg_fm_specent_precond;hrv_rmssd_precond"
2025-12-19 16:53:55.276623,37,"stress_label",5,2,0.0078125,0.575581395348837,0.598837209302326,0.565116279069767,5,"top5","hr_sd_precond;eda_med_precond;hr_med_precond;hrv_rmssd_precond;pupil_full_pupil_asymmetry_precond"
2025-12-19 16:53:55.252702,37,"stress_label",5,4,0.0078125,0.581395348837209,0.593023255813954,0.561240310077519,5,"top5","hr_sd_precond;eda_med_precond;hr_med_precond;hrv_rmssd_precond;pupil_full_pupil_asymmetry_precond"
2025-12-19 16:53:55.244547,37,"stress_label",5,8,0.0078125,0.575581395348837,0.587209302325581,0.565116279069767,5,"top5","hr_sd_precond;eda_med_precond;hr_med_precond;hrv_rmssd_precond;pupil_full_pupil_asymmetry_precond"
2025-12-19 16:53:55.252752,37,"stress_label",5,16,0.0078125,0.593023255813954,0.587209302325581,0.607751937984496,5,"top5","hr_sd_precond;eda_med_precond;hr_med_precond;hrv_rmssd_precond;pupil_full_pupil_asymmetry_precond"
2025-12-19 16:53:55.235461,37,"stress_label",5,32,0.0078125,0.598837209302326,0.587209302325581,0.62015503875969,5,"top5","hr_sd_precond;eda_med_precond;hr_med_precond;hrv_rmssd_precond;pupil_full_pupil_asymmetry_precond"
2025-12-19 16:53:55.302101,37,"stress_label",5,64,0.0078125,0.598837209302326,0.61046511627907,0.636434108527132,5,"top5","hr_sd_precond;eda_med_precond;hr_med_precond;hrv_rmssd_precond;pupil_full_pupil_asymmetry_precond"
2025-12-19 16:53:55.320864,37,"stress_label",5,128,0.0078125,0.581395348837209,0.581395348837209,0.626356589147287,5,"top5","hr_sd_precond;eda_med_precond;hr_med_precond;hrv_rmssd_precond;pupil_full_pupil_asymmetry_precond"
2025-12-19 16:53:55.374617,37,"stress_label",5,256,0.0078125,0.581395348837209,0.552325581395349,0.624031007751938,5,"top5","hr_sd_precond;eda_med_precond;hr_med_precond;hrv_rmssd_precond;pupil_full_pupil_asymmetry_precond"
2025-12-19 16:53:55.234482,37,"stress_label",5,2,0.015625,0.569767441860465,0.575581395348837,0.558914728682171,5,"top5","hr_sd_precond;eda_med_precond;hr_med_precond;hrv_rmssd_precond;pupil_full_pupil_asymmetry_precond"
2025-12-19 16:53:55.253507,37,"stress_label",5,4,0.015625,0.563953488372093,0.569767441860465,0.569767441860465,5,"top5","hr_sd_precond;eda_med_precond;hr_med_precond;hrv_rmssd_precond;pupil_full_pupil_asymmetry_precond"
2025-12-19 16:53:55.281611,37,"stress_label",5,8,0.015625,0.598837209302326,0.587209302325581,0.62015503875969,5,"top5","hr_sd_precond;eda_med_precond;hr_med_precond;hrv_rmssd_precond;pupil_full_pupil_asymmetry_precond"
2025-12-19 16:53:55.280541,37,"stress_label",5,16,0.015625,0.593023255813954,0.593023255813954,0.629457364341085,5,"top5","hr_sd_precond;eda_med_precond;hr_med_precond;hrv_rmssd_precond;pupil_full_pupil_asymmetry_precond"
2025-12-19 16:53:55.263847,37,"stress_label",5,32,0.015625,0.587209302325581,0.581395348837209,0.629457364341085,5,"top5","hr_sd_precond;eda_med_precond;hr_med_precond;hrv_rmssd_precond;pupil_full_pupil_asymmetry_precond"
2025-12-19 16:53:55.333764,37,"stress_label",5,64,0.015625,0.593023255813954,0.546511627906977,0.634108527131783,5,"top5","hr_sd_precond;eda_med_precond;hr_med_precond;hrv_rmssd_precond;pupil_full_pupil_asymmetry_precond"
2025-12-19 16:53:56.402326,37,"stress_label",5,128,0.015625,0.587209302325581,0.552325581395349,0.635658914728682,5,"top5","hr_sd_precond;eda_med_precond;hr_med_precond;hrv_rmssd_precond;pupil_full_pupil_asymmetry_precond"
2025-12-19 16:53:56.495903,37,"stress_label",5,256,0.015625,0.552325581395349,0.505813953488372,0.59922480620155,5,"top5","hr_sd_precond;eda_med_precond;hr_med_precond;hrv_rmssd_precond;pupil_full_pupil_asymmetry_precond"
2025-12-19 16:53:56.29655,37,"stress_label",5,2,0.03125,0.575581395348837,0.569767441860465,0.592248062015504,5,"top5","hr_sd_precond;eda_med_precond;hr_med_precond;hrv_rmssd_precond;pupil_full_pupil_asymmetry_precond"
2025-12-19 16:53:56.304473,37,"stress_label",5,4,0.03125,0.581395348837209,0.587209302325581,0.613953488372093,5,"top5","hr_sd_precond;eda_med_precond;hr_med_precond;hrv_rmssd_precond;pupil_full_pupil_asymmetry_precond"
2025-12-19 16:53:56.33109,37,"stress_label",5,8,0.03125,0.569767441860465,0.581395348837209,0.608527131782946,5,"top5","hr_sd_precond;eda_med_precond;hr_med_precond;hrv_rmssd_precond;pupil_full_pupil_asymmetry_precond"
2025-12-19 16:53:56.326231,37,"stress_label",5,16,0.03125,0.575581395348837,0.534883720930233,0.614728682170543,5,"top5","hr_sd_precond;eda_med_precond;hr_med_precond;hrv_rmssd_precond;pupil_full_pupil_asymmetry_precond"
2025-12-19 16:53:56.373724,37,"stress_label",5,32,0.03125,0.581395348837209,0.505813953488372,0.615503875968992,5,"top5","hr_sd_precond;eda_med_precond;hr_med_precond;hrv_rmssd_precond;pupil_full_pupil_asymmetry_precond"
2025-12-19 16:53:56.430682,37,"stress_label",5,64,0.03125,0.534883720930233,0.47093023255814,0.568992248062016,5,"top5","hr_sd_precond;eda_med_precond;hr_med_precond;hrv_rmssd_precond;pupil_full_pupil_asymmetry_precond"
2025-12-19 16:53:56.537533,37,"stress_label",5,128,0.03125,0.494186046511628,0.383720930232558,0.513953488372093,5,"top5","hr_sd_precond;eda_med_precond;hr_med_precond;hrv_rmssd_precond;pupil_full_pupil_asymmetry_precond"
2025-12-19 16:53:56.719425,37,"stress_label",5,256,0.03125,0.494186046511628,0.418604651162791,0.52093023255814,5,"top5","hr_sd_precond;eda_med_precond;hr_med_precond;hrv_rmssd_precond;pupil_full_pupil_asymmetry_precond"
2025-12-19 16:53:56.353837,37,"stress_label",5,2,0.0625,0.593023255813954,0.593023255813954,0.626356589147287,5,"top5","hr_sd_precond;eda_med_precond;hr_med_precond;hrv_rmssd_precond;pupil_full_pupil_asymmetry_precond"
2025-12-19 16:53:56.367442,37,"stress_label",5,4,0.0625,0.563953488372093,0.540697674418605,0.601550387596899,5,"top5","hr_sd_precond;eda_med_precond;hr_med_precond;hrv_rmssd_precond;pupil_full_pupil_asymmetry_precond"
2025-12-19 16:53:56.391877,37,"stress_label",5,8,0.0625,0.569767441860465,0.494186046511628,0.603875968992248,5,"top5","hr_sd_precond;eda_med_precond;hr_med_precond;hrv_rmssd_precond;pupil_full_pupil_asymmetry_precond"
2025-12-19 16:53:56.436039,37,"stress_label",5,16,0.0625,0.529069767441861,0.418604651162791,0.555038759689922,5,"top5","hr_sd_precond;eda_med_precond;hr_med_precond;hrv_rmssd_precond;pupil_full_pupil_asymmetry_precond"
2025-12-19 16:53:57.408236,37,"stress_label",5,32,0.0625,0.5,0.406976744186047,0.516279069767442,5,"top5","hr_sd_precond;eda_med_precond;hr_med_precond;hrv_rmssd_precond;pupil_full_pupil_asymmetry_precond"
2025-12-19 16:53:57.513492,37,"stress_label",5,64,0.0625,0.482558139534884,0.383720930232558,0.486046511627907,5,"top5","hr_sd_precond;eda_med_precond;hr_med_precond;hrv_rmssd_precond;pupil_full_pupil_asymmetry_precond"
2025-12-19 16:53:57.72579,37,"stress_label",5,128,0.0625,0.482558139534884,0.488372093023256,0.5,5,"top5","hr_sd_precond;eda_med_precond;hr_med_precond;hrv_rmssd_precond;pupil_full_pupil_asymmetry_precond"
2025-12-19 16:53:58.06953,37,"stress_label",5,256,0.0625,0.459302325581395,0.529069767441861,NA,5,"top5","hr_sd_precond;eda_med_precond;hr_med_precond;hrv_rmssd_precond;pupil_full_pupil_asymmetry_precond"
2025-12-19 16:53:57.37614,37,"stress_label",5,2,0.125,0.563953488372093,0.523255813953488,0.594573643410853,5,"top5","hr_sd_precond;eda_med_precond;hr_med_precond;hrv_rmssd_precond;pupil_full_pupil_asymmetry_precond"
2025-12-19 16:53:57.40755,37,"stress_label",5,4,0.125,0.534883720930233,0.38953488372093,0.567441860465116,5,"top5","hr_sd_precond;eda_med_precond;hr_med_precond;hrv_rmssd_precond;pupil_full_pupil_asymmetry_precond"
2025-12-19 16:53:57.429779,37,"stress_label",5,8,0.125,0.5,0.465116279069767,0.521705426356589,5,"top5","hr_sd_precond;eda_med_precond;hr_med_precond;hrv_rmssd_precond;pupil_full_pupil_asymmetry_precond"
2025-12-19 16:53:57.499485,37,"stress_label",5,16,0.125,0.476744186046512,0.406976744186047,0.475193798449612,5,"top5","hr_sd_precond;eda_med_precond;hr_med_precond;hrv_rmssd_precond;pupil_full_pupil_asymmetry_precond"
2025-12-19 16:53:57.614263,37,"stress_label",5,32,0.125,0.494186046511628,0.505813953488372,NA,5,"top5","hr_sd_precond;eda_med_precond;hr_med_precond;hrv_rmssd_precond;pupil_full_pupil_asymmetry_precond"
2025-12-19 16:53:57.780845,37,"stress_label",5,64,0.125,0.418604651162791,0.581395348837209,NA,5,"top5","hr_sd_precond;eda_med_precond;hr_med_precond;hrv_rmssd_precond;pupil_full_pupil_asymmetry_precond"
2025-12-19 16:53:58.01076,37,"stress_label",5,128,0.125,0.38953488372093,0.587209302325581,NA,5,"top5","hr_sd_precond;eda_med_precond;hr_med_precond;hrv_rmssd_precond;pupil_full_pupil_asymmetry_precond"
2025-12-19 16:53:58.520527,37,"stress_label",5,256,0.125,0.406976744186047,0.604651162790698,NA,5,"top5","hr_sd_precond;eda_med_precond;hr_med_precond;hrv_rmssd_precond;pupil_full_pupil_asymmetry_precond"
2025-12-19 16:53:57.557671,37,"stress_label",5,2,0.03,0.575581395348837,0.569767441860465,0.592248062015504,5,"top5","hr_sd_precond;eda_med_precond;hr_med_precond;hrv_rmssd_precond;pupil_full_pupil_asymmetry_precond"
2025-12-19 16:53:57.759029,37,"stress_label",5,4,0.03,0.581395348837209,0.587209302325581,0.613953488372093,5,"top5","hr_sd_precond;eda_med_precond;hr_med_precond;hrv_rmssd_precond;pupil_full_pupil_asymmetry_precond"
2025-12-19 16:53:58.37897,37,"stress_label",5,8,0.03,0.581395348837209,0.587209302325581,0.62015503875969,5,"top5","hr_sd_precond;eda_med_precond;hr_med_precond;hrv_rmssd_precond;pupil_full_pupil_asymmetry_precond"
2025-12-19 16:53:58.451664,37,"stress_label",5,16,0.03,0.575581395348837,0.540697674418605,0.614728682170543,5,"top5","hr_sd_precond;eda_med_precond;hr_med_precond;hrv_rmssd_precond;pupil_full_pupil_asymmetry_precond"
2025-12-19 16:53:58.474901,37,"stress_label",5,32,0.03,0.581395348837209,0.517441860465116,0.615503875968992,5,"top5","hr_sd_precond;eda_med_precond;hr_med_precond;hrv_rmssd_precond;pupil_full_pupil_asymmetry_precond"
2025-12-19 16:53:58.544083,37,"stress_label",5,64,0.03,0.534883720930233,0.47093023255814,0.564341085271318,5,"top5","hr_sd_precond;eda_med_precond;hr_med_precond;hrv_rmssd_precond;pupil_full_pupil_asymmetry_precond"
2025-12-19 16:53:58.720039,37,"stress_label",5,128,0.03,0.5,0.406976744186047,0.52093023255814,5,"top5","hr_sd_precond;eda_med_precond;hr_med_precond;hrv_rmssd_precond;pupil_full_pupil_asymmetry_precond"
2025-12-19 16:53:58.914345,37,"stress_label",5,256,0.03,0.494186046511628,0.465116279069767,0.52093023255814,5,"top5","hr_sd_precond;eda_med_precond;hr_med_precond;hrv_rmssd_precond;pupil_full_pupil_asymmetry_precond"
2025-12-19 16:53:58.584301,37,"stress_label",5,2,0.06,0.598837209302326,0.593023255813954,0.628682170542636,5,"top5","hr_sd_precond;eda_med_precond;hr_med_precond;hrv_rmssd_precond;pupil_full_pupil_asymmetry_precond"
2025-12-19 16:53:58.66131,37,"stress_label",5,4,0.06,0.581395348837209,0.546511627906977,0.622480620155039,5,"top5","hr_sd_precond;eda_med_precond;hr_med_precond;hrv_rmssd_precond;pupil_full_pupil_asymmetry_precond"
2025-12-19 16:53:58.754422,37,"stress_label",5,8,0.06,0.569767441860465,0.488372093023256,0.603875968992248,5,"top5","hr_sd_precond;eda_med_precond;hr_med_precond;hrv_rmssd_precond;pupil_full_pupil_asymmetry_precond"
2025-12-19 16:53:58.815705,37,"stress_label",5,16,0.06,0.534883720930233,0.424418604651163,0.562790697674419,5,"top5","hr_sd_precond;eda_med_precond;hr_med_precond;hrv_rmssd_precond;pupil_full_pupil_asymmetry_precond"
2025-12-19 16:53:58.905507,37,"stress_label",5,32,0.06,0.5,0.401162790697674,0.516279069767442,5,"top5","hr_sd_precond;eda_med_precond;hr_med_precond;hrv_rmssd_precond;pupil_full_pupil_asymmetry_precond"
2025-12-19 16:53:59.174327,37,"stress_label",5,64,0.06,0.488372093023256,0.401162790697674,0.497674418604651,5,"top5","hr_sd_precond;eda_med_precond;hr_med_precond;hrv_rmssd_precond;pupil_full_pupil_asymmetry_precond"
2025-12-19 16:53:59.390623,37,"stress_label",5,128,0.06,0.5,0.459302325581395,NA,5,"top5","hr_sd_precond;eda_med_precond;hr_med_precond;hrv_rmssd_precond;pupil_full_pupil_asymmetry_precond"
2025-12-19 16:53:59.809972,37,"stress_label",5,256,0.06,0.47093023255814,0.534883720930233,NA,5,"top5","hr_sd_precond;eda_med_precond;hr_med_precond;hrv_rmssd_precond;pupil_full_pupil_asymmetry_precond"
2025-12-19 16:53:59.389727,37,"stress_label",5,2,0.1,0.581395348837209,0.575581395348837,0.62015503875969,5,"top5","hr_sd_precond;eda_med_precond;hr_med_precond;hrv_rmssd_precond;pupil_full_pupil_asymmetry_precond"
2025-12-19 16:53:59.437158,37,"stress_label",5,4,0.1,0.563953488372093,0.441860465116279,0.594573643410853,5,"top5","hr_sd_precond;eda_med_precond;hr_med_precond;hrv_rmssd_precond;pupil_full_pupil_asymmetry_precond"
2025-12-19 16:53:59.486284,37,"stress_label",5,8,0.1,0.517441860465116,0.383720930232558,0.544186046511628,5,"top5","hr_sd_precond;eda_med_precond;hr_med_precond;hrv_rmssd_precond;pupil_full_pupil_asymmetry_precond"
2025-12-19 16:53:59.512261,37,"stress_label",5,16,0.1,0.494186046511628,0.319767441860465,0.505426356589147,5,"top5","hr_sd_precond;eda_med_precond;hr_med_precond;hrv_rmssd_precond;pupil_full_pupil_asymmetry_precond"
2025-12-19 16:53:59.610709,37,"stress_label",5,32,0.1,0.488372093023256,0.558139534883721,NA,5,"top5","hr_sd_precond;eda_med_precond;hr_med_precond;hrv_rmssd_precond;pupil_full_pupil_asymmetry_precond"
2025-12-19 16:53:59.904992,37,"stress_label",5,64,0.1,0.465116279069767,0.552325581395349,NA,5,"top5","hr_sd_precond;eda_med_precond;hr_med_precond;hrv_rmssd_precond;pupil_full_pupil_asymmetry_precond"
2025-12-19 16:53:59.932726,37,"stress_label",5,128,0.1,0.418604651162791,0.593023255813954,NA,5,"top5","hr_sd_precond;eda_med_precond;hr_med_precond;hrv_rmssd_precond;pupil_full_pupil_asymmetry_precond"
2025-12-19 16:54:00.161088,37,"stress_label",5,256,0.1,0.395348837209302,0.627906976744186,NA,5,"top5","hr_sd_precond;eda_med_precond;hr_med_precond;hrv_rmssd_precond;pupil_full_pupil_asymmetry_precond"
2025-12-19 16:54:01.450399,38,"stress_label",5,2,0.0078125,0.593023255813954,0.552325581395349,0.585271317829457,5,"top5","hr_sd_precond;hr_med_precond;eda_med_precond;hrv_rmssd_precond;eeg_fm_specent_precond"
2025-12-19 16:54:01.433313,38,"stress_label",5,4,0.0078125,0.581395348837209,0.604651162790698,0.575968992248062,5,"top5","hr_sd_precond;hr_med_precond;eda_med_precond;hrv_rmssd_precond;eeg_fm_specent_precond"
2025-12-19 16:54:01.44625,38,"stress_label",5,8,0.0078125,0.575581395348837,0.598837209302326,0.562015503875969,5,"top5","hr_sd_precond;hr_med_precond;eda_med_precond;hrv_rmssd_precond;eeg_fm_specent_precond"
2025-12-19 16:54:01.461547,38,"stress_label",5,16,0.0078125,0.581395348837209,0.61046511627907,0.562015503875969,5,"top5","hr_sd_precond;hr_med_precond;eda_med_precond;hrv_rmssd_precond;eeg_fm_specent_precond"
2025-12-19 16:54:01.435719,38,"stress_label",5,32,0.0078125,0.587209302325581,0.616279069767442,0.575968992248062,5,"top5","hr_sd_precond;hr_med_precond;eda_med_precond;hrv_rmssd_precond;eeg_fm_specent_precond"
2025-12-19 16:54:01.455925,38,"stress_label",5,64,0.0078125,0.563953488372093,0.575581395348837,0.548837209302326,5,"top5","hr_sd_precond;hr_med_precond;eda_med_precond;hrv_rmssd_precond;eeg_fm_specent_precond"
2025-12-19 16:54:01.456878,38,"stress_label",5,128,0.0078125,0.523255813953488,0.540697674418605,0.52093023255814,5,"top5","hr_sd_precond;hr_med_precond;eda_med_precond;hrv_rmssd_precond;eeg_fm_specent_precond"
2025-12-19 16:54:01.51905,38,"stress_label",5,256,0.0078125,0.511627906976744,0.529069767441861,0.5,5,"top5","hr_sd_precond;hr_med_precond;eda_med_precond;hrv_rmssd_precond;eeg_fm_specent_precond"
2025-12-19 16:54:01.400517,38,"stress_label",5,2,0.015625,0.598837209302326,0.604651162790698,0.593798449612403,5,"top5","hr_sd_precond;hr_med_precond;eda_med_precond;hrv_rmssd_precond;eeg_fm_specent_precond"
2025-12-19 16:54:01.426315,38,"stress_label",5,4,0.015625,0.587209302325581,0.593023255813954,0.571317829457364,5,"top5","hr_sd_precond;hr_med_precond;eda_med_precond;hrv_rmssd_precond;eeg_fm_specent_precond"
2025-12-19 16:54:01.425432,38,"stress_label",5,8,0.015625,0.616279069767442,0.61046511627907,0.618604651162791,5,"top5","hr_sd_precond;hr_med_precond;eda_med_precond;hrv_rmssd_precond;eeg_fm_specent_precond"
2025-12-19 16:54:01.43829,38,"stress_label",5,16,0.015625,0.558139534883721,0.587209302325581,0.548837209302326,5,"top5","hr_sd_precond;hr_med_precond;eda_med_precond;hrv_rmssd_precond;eeg_fm_specent_precond"
2025-12-19 16:54:01.998654,38,"stress_label",5,32,0.015625,0.523255813953488,0.529069767441861,0.51937984496124,5,"top5","hr_sd_precond;hr_med_precond;eda_med_precond;hrv_rmssd_precond;eeg_fm_specent_precond"
2025-12-19 16:54:01.492114,38,"stress_label",5,64,0.015625,0.517441860465116,0.453488372093023,0.506976744186047,5,"top5","hr_sd_precond;hr_med_precond;eda_med_precond;hrv_rmssd_precond;eeg_fm_specent_precond"
2025-12-19 16:54:02.586585,38,"stress_label",5,128,0.015625,0.494186046511628,0.494186046511628,0.47906976744186,5,"top5","hr_sd_precond;hr_med_precond;eda_med_precond;hrv_rmssd_precond;eeg_fm_specent_precond"
2025-12-19 16:54:02.729909,38,"stress_label",5,256,0.015625,0.5,0.465116279069767,0.5,5,"top5","hr_sd_precond;hr_med_precond;eda_med_precond;hrv_rmssd_precond;eeg_fm_specent_precond"
2025-12-19 16:54:02.7514,38,"stress_label",5,2,0.03125,0.616279069767442,0.598837209302326,0.612403100775194,5,"top5","hr_sd_precond;hr_med_precond;eda_med_precond;hrv_rmssd_precond;eeg_fm_specent_precond"
2025-12-19 16:54:02.505358,38,"stress_label",5,4,0.03125,0.581395348837209,0.587209302325581,0.57984496124031,5,"top5","hr_sd_precond;hr_med_precond;eda_med_precond;hrv_rmssd_precond;eeg_fm_specent_precond"
2025-12-19 16:54:02.523513,38,"stress_label",5,8,0.03125,0.534883720930233,0.517441860465116,0.532558139534884,5,"top5","hr_sd_precond;hr_med_precond;eda_med_precond;hrv_rmssd_precond;eeg_fm_specent_precond"
2025-12-19 16:54:02.533227,38,"stress_label",5,16,0.03125,0.534883720930233,0.511627906976744,0.544186046511628,5,"top5","hr_sd_precond;hr_med_precond;eda_med_precond;hrv_rmssd_precond;eeg_fm_specent_precond"
2025-12-19 16:54:02.567934,38,"stress_label",5,32,0.03125,0.529069767441861,0.5,0.527906976744186,5,"top5","hr_sd_precond;hr_med_precond;eda_med_precond;hrv_rmssd_precond;eeg_fm_specent_precond"
2025-12-19 16:54:02.631462,38,"stress_label",5,64,0.03125,0.488372093023256,0.418604651162791,0.488372093023256,5,"top5","hr_sd_precond;hr_med_precond;eda_med_precond;hrv_rmssd_precond;eeg_fm_specent_precond"
2025-12-19 16:54:02.738884,38,"stress_label",5,128,0.03125,0.453488372093023,0.406976744186047,0.457364341085271,5,"top5","hr_sd_precond;hr_med_precond;eda_med_precond;hrv_rmssd_precond;eeg_fm_specent_precond"
2025-12-19 16:54:02.920151,38,"stress_label",5,256,0.03125,0.430232558139535,0.436046511627907,0.448062015503876,5,"top5","hr_sd_precond;hr_med_precond;eda_med_precond;hrv_rmssd_precond;eeg_fm_specent_precond"
2025-12-19 16:54:02.545445,38,"stress_label",5,2,0.0625,0.575581395348837,0.563953488372093,0.568217054263566,5,"top5","hr_sd_precond;hr_med_precond;eda_med_precond;hrv_rmssd_precond;eeg_fm_specent_precond"
2025-12-19 16:54:02.607904,38,"stress_label",5,4,0.0625,0.534883720930233,0.517441860465116,0.543410852713178,5,"top5","hr_sd_precond;hr_med_precond;eda_med_precond;hrv_rmssd_precond;eeg_fm_specent_precond"
2025-12-19 16:54:02.626413,38,"stress_label",5,8,0.0625,0.534883720930233,0.459302325581395,0.538759689922481,5,"top5","hr_sd_precond;hr_med_precond;eda_med_precond;hrv_rmssd_precond;eeg_fm_specent_precond"
2025-12-19 16:54:03.075997,38,"stress_label",5,16,0.0625,0.488372093023256,0.343023255813953,0.487596899224806,5,"top5","hr_sd_precond;hr_med_precond;eda_med_precond;hrv_rmssd_precond;eeg_fm_specent_precond"
2025-12-19 16:54:03.639571,38,"stress_label",5,32,0.0625,0.430232558139535,0.395348837209302,0.448062015503876,5,"top5","hr_sd_precond;hr_med_precond;eda_med_precond;hrv_rmssd_precond;eeg_fm_specent_precond"
2025-12-19 16:54:03.75735,38,"stress_label",5,64,0.0625,0.395348837209302,0.36046511627907,NA,5,"top5","hr_sd_precond;hr_med_precond;eda_med_precond;hrv_rmssd_precond;eeg_fm_specent_precond"
2025-12-19 16:54:03.932742,38,"stress_label",5,128,0.0625,0.418604651162791,0.482558139534884,NA,5,"top5","hr_sd_precond;hr_med_precond;eda_med_precond;hrv_rmssd_precond;eeg_fm_specent_precond"
2025-12-19 16:54:04.288133,38,"stress_label",5,256,0.0625,0.401162790697674,0.523255813953488,NA,5,"top5","hr_sd_precond;hr_med_precond;eda_med_precond;hrv_rmssd_precond;eeg_fm_specent_precond"
2025-12-19 16:54:03.629379,38,"stress_label",5,2,0.125,0.540697674418605,0.534883720930233,0.543410852713178,5,"top5","hr_sd_precond;hr_med_precond;eda_med_precond;hrv_rmssd_precond;eeg_fm_specent_precond"
2025-12-19 16:54:03.629037,38,"stress_label",5,4,0.125,0.482558139534884,0.418604651162791,0.47984496124031,5,"top5","hr_sd_precond;hr_med_precond;eda_med_precond;hrv_rmssd_precond;eeg_fm_specent_precond"
2025-12-19 16:54:03.689148,38,"stress_label",5,8,0.125,0.453488372093023,0.36046511627907,0.462790697674419,5,"top5","hr_sd_precond;hr_med_precond;eda_med_precond;hrv_rmssd_precond;eeg_fm_specent_precond"
2025-12-19 16:54:03.740336,38,"stress_label",5,16,0.125,0.430232558139535,0.430232558139535,NA,5,"top5","hr_sd_precond;hr_med_precond;eda_med_precond;hrv_rmssd_precond;eeg_fm_specent_precond"
2025-12-19 16:54:03.834525,38,"stress_label",5,32,0.125,0.412790697674419,0.430232558139535,NA,5,"top5","hr_sd_precond;hr_med_precond;eda_med_precond;hrv_rmssd_precond;eeg_fm_specent_precond"
2025-12-19 16:54:04.053749,38,"stress_label",5,64,0.125,0.418604651162791,0.38953488372093,NA,5,"top5","hr_sd_precond;hr_med_precond;eda_med_precond;hrv_rmssd_precond;eeg_fm_specent_precond"
2025-12-19 16:54:04.323894,38,"stress_label",5,128,0.125,0.5,0.5,NA,5,"top5","hr_sd_precond;hr_med_precond;eda_med_precond;hrv_rmssd_precond;eeg_fm_specent_precond"
2025-12-19 16:54:04.749256,38,"stress_label",5,256,0.125,0.441860465116279,0.401162790697674,NA,5,"top5","hr_sd_precond;hr_med_precond;eda_med_precond;hrv_rmssd_precond;eeg_fm_specent_precond"
2025-12-19 16:54:03.950591,38,"stress_label",5,2,0.03,0.61046511627907,0.604651162790698,0.604651162790698,5,"top5","hr_sd_precond;hr_med_precond;eda_med_precond;hrv_rmssd_precond;eeg_fm_specent_precond"
2025-12-19 16:54:04.112409,38,"stress_label",5,4,0.03,0.587209302325581,0.593023255813954,0.584496124031008,5,"top5","hr_sd_precond;hr_med_precond;eda_med_precond;hrv_rmssd_precond;eeg_fm_specent_precond"
2025-12-19 16:54:04.680773,38,"stress_label",5,8,0.03,0.534883720930233,0.546511627906977,0.53953488372093,5,"top5","hr_sd_precond;hr_med_precond;eda_med_precond;hrv_rmssd_precond;eeg_fm_specent_precond"
2025-12-19 16:54:04.68927,38,"stress_label",5,16,0.03,0.529069767441861,0.418604651162791,0.537209302325581,5,"top5","hr_sd_precond;hr_med_precond;eda_med_precond;hrv_rmssd_precond;eeg_fm_specent_precond"
2025-12-19 16:54:04.711414,38,"stress_label",5,32,0.03,0.529069767441861,0.436046511627907,0.525581395348837,5,"top5","hr_sd_precond;hr_med_precond;eda_med_precond;hrv_rmssd_precond;eeg_fm_specent_precond"
2025-12-19 16:54:04.82928,38,"stress_label",5,64,0.03,0.494186046511628,0.412790697674419,0.490697674418605,5,"top5","hr_sd_precond;hr_med_precond;eda_med_precond;hrv_rmssd_precond;eeg_fm_specent_precond"
2025-12-19 16:54:04.951058,38,"stress_label",5,128,0.03,0.459302325581395,0.348837209302326,0.466666666666667,5,"top5","hr_sd_precond;hr_med_precond;eda_med_precond;hrv_rmssd_precond;eeg_fm_specent_precond"
2025-12-19 16:54:05.334203,38,"stress_label",5,256,0.03,0.430232558139535,0.488372093023256,0.448062015503876,5,"top5","hr_sd_precond;hr_med_precond;eda_med_precond;hrv_rmssd_precond;eeg_fm_specent_precond"
2025-12-19 16:54:04.868003,38,"stress_label",5,2,0.06,0.587209302325581,0.540697674418605,0.582945736434109,5,"top5","hr_sd_precond;hr_med_precond;eda_med_precond;hrv_rmssd_precond;eeg_fm_specent_precond"
2025-12-19 16:54:04.994412,38,"stress_label",5,4,0.06,0.540697674418605,0.517441860465116,0.545736434108527,5,"top5","hr_sd_precond;hr_med_precond;eda_med_precond;hrv_rmssd_precond;eeg_fm_specent_precond"
2025-12-19 16:54:05.00437,38,"stress_label",5,8,0.06,0.534883720930233,0.517441860465116,0.538759689922481,5,"top5","hr_sd_precond;hr_med_precond;eda_med_precond;hrv_rmssd_precond;eeg_fm_specent_precond"
2025-12-19 16:54:05.107707,38,"stress_label",5,16,0.06,0.494186046511628,0.412790697674419,0.491472868217054,5,"top5","hr_sd_precond;hr_med_precond;eda_med_precond;hrv_rmssd_precond;eeg_fm_specent_precond"
2025-12-19 16:54:05.193304,38,"stress_label",5,32,0.06,0.430232558139535,0.441860465116279,0.438759689922481,5,"top5","hr_sd_precond;hr_med_precond;eda_med_precond;hrv_rmssd_precond;eeg_fm_specent_precond"
2025-12-19 16:54:05.463464,38,"stress_label",5,64,0.06,0.406976744186047,0.383720930232558,0.429457364341085,5,"top5","hr_sd_precond;hr_med_precond;eda_med_precond;hrv_rmssd_precond;eeg_fm_specent_precond"
2025-12-19 16:54:05.613935,38,"stress_label",5,128,0.06,0.424418604651163,0.476744186046512,NA,5,"top5","hr_sd_precond;hr_med_precond;eda_med_precond;hrv_rmssd_precond;eeg_fm_specent_precond"
2025-12-19 16:54:06.085404,38,"stress_label",5,256,0.06,0.395348837209302,0.430232558139535,NA,5,"top5","hr_sd_precond;hr_med_precond;eda_med_precond;hrv_rmssd_precond;eeg_fm_specent_precond"
2025-12-19 16:54:05.652708,38,"stress_label",5,2,0.1,0.540697674418605,0.424418604651163,0.542635658914729,5,"top5","hr_sd_precond;hr_med_precond;eda_med_precond;hrv_rmssd_precond;eeg_fm_specent_precond"
2025-12-19 16:54:05.680856,38,"stress_label",5,4,0.1,0.523255813953488,0.459302325581395,0.517829457364341,5,"top5","hr_sd_precond;hr_med_precond;eda_med_precond;hrv_rmssd_precond;eeg_fm_specent_precond"
2025-12-19 16:54:05.68481,38,"stress_label",5,8,0.1,0.453488372093023,0.38953488372093,0.451937984496124,5,"top5","hr_sd_precond;hr_med_precond;eda_med_precond;hrv_rmssd_precond;eeg_fm_specent_precond"
2025-12-19 16:54:05.782412,38,"stress_label",5,16,0.1,0.436046511627907,0.441860465116279,0.445736434108527,5,"top5","hr_sd_precond;hr_med_precond;eda_med_precond;hrv_rmssd_precond;eeg_fm_specent_precond"
2025-12-19 16:54:05.868663,38,"stress_label",5,32,0.1,0.430232558139535,0.348837209302326,NA,5,"top5","hr_sd_precond;hr_med_precond;eda_med_precond;hrv_rmssd_precond;eeg_fm_specent_precond"
2025-12-19 16:54:06.021476,38,"stress_label",5,64,0.1,0.401162790697674,0.465116279069767,NA,5,"top5","hr_sd_precond;hr_med_precond;eda_med_precond;hrv_rmssd_precond;eeg_fm_specent_precond"
2025-12-19 16:54:06.21078,38,"stress_label",5,128,0.1,0.436046511627907,0.540697674418605,NA,5,"top5","hr_sd_precond;hr_med_precond;eda_med_precond;hrv_rmssd_precond;eeg_fm_specent_precond"
2025-12-19 16:54:06.47114,38,"stress_label",5,256,0.1,0.482558139534884,0.47093023255814,NA,5,"top5","hr_sd_precond;hr_med_precond;eda_med_precond;hrv_rmssd_precond;eeg_fm_specent_precond"
2025-12-19 16:54:07.749528,39,"stress_label",5,2,0.0078125,0.581395348837209,0.575581395348837,0.567441860465116,5,"top5","hr_med_precond;hr_sd_precond;eda_med_precond;eeg_fm_specent_precond;hrv_rmssd_precond"
2025-12-19 16:54:07.771178,39,"stress_label",5,4,0.0078125,0.593023255813954,0.593023255813954,0.578294573643411,5,"top5","hr_med_precond;hr_sd_precond;eda_med_precond;eeg_fm_specent_precond;hrv_rmssd_precond"
2025-12-19 16:54:08.031278,39,"stress_label",5,8,0.0078125,0.598837209302326,0.587209302325581,0.582170542635659,5,"top5","hr_med_precond;hr_sd_precond;eda_med_precond;eeg_fm_specent_precond;hrv_rmssd_precond"
2025-12-19 16:54:07.730965,39,"stress_label",5,16,0.0078125,0.587209302325581,0.598837209302326,0.575968992248062,5,"top5","hr_med_precond;hr_sd_precond;eda_med_precond;eeg_fm_specent_precond;hrv_rmssd_precond"
2025-12-19 16:54:07.772146,39,"stress_label",5,32,0.0078125,0.587209302325581,0.581395348837209,0.578294573643411,5,"top5","hr_med_precond;hr_sd_precond;eda_med_precond;eeg_fm_specent_precond;hrv_rmssd_precond"
2025-12-19 16:54:07.795573,39,"stress_label",5,64,0.0078125,0.563953488372093,0.529069767441861,0.558914728682171,5,"top5","hr_med_precond;hr_sd_precond;eda_med_precond;eeg_fm_specent_precond;hrv_rmssd_precond"
2025-12-19 16:54:07.774625,39,"stress_label",5,128,0.0078125,0.534883720930233,0.488372093023256,0.531782945736434,5,"top5","hr_med_precond;hr_sd_precond;eda_med_precond;eeg_fm_specent_precond;hrv_rmssd_precond"
2025-12-19 16:54:07.890333,39,"stress_label",5,256,0.0078125,0.511627906976744,0.412790697674419,0.506201550387597,5,"top5","hr_med_precond;hr_sd_precond;eda_med_precond;eeg_fm_specent_precond;hrv_rmssd_precond"
2025-12-19 16:54:07.763567,39,"stress_label",5,2,0.015625,0.581395348837209,0.598837209302326,0.572093023255814,5,"top5","hr_med_precond;hr_sd_precond;eda_med_precond;eeg_fm_specent_precond;hrv_rmssd_precond"
2025-12-19 16:54:07.756193,39,"stress_label",5,4,0.015625,0.598837209302326,0.593023255813954,0.581395348837209,5,"top5","hr_med_precond;hr_sd_precond;eda_med_precond;eeg_fm_specent_precond;hrv_rmssd_precond"
2025-12-19 16:54:07.806131,39,"stress_label",5,8,0.015625,0.587209302325581,0.581395348837209,0.578294573643411,5,"top5","hr_med_precond;hr_sd_precond;eda_med_precond;eeg_fm_specent_precond;hrv_rmssd_precond"
2025-12-19 16:54:07.786439,39,"stress_label",5,16,0.015625,0.569767441860465,0.563953488372093,0.558914728682171,5,"top5","hr_med_precond;hr_sd_precond;eda_med_precond;eeg_fm_specent_precond;hrv_rmssd_precond"
2025-12-19 16:54:07.7927,39,"stress_label",5,32,0.015625,0.534883720930233,0.511627906976744,0.531782945736434,5,"top5","hr_med_precond;hr_sd_precond;eda_med_precond;eeg_fm_specent_precond;hrv_rmssd_precond"
2025-12-19 16:54:08.033634,39,"stress_label",5,64,0.015625,0.5,0.441860465116279,0.496124031007752,5,"top5","hr_med_precond;hr_sd_precond;eda_med_precond;eeg_fm_specent_precond;hrv_rmssd_precond"
2025-12-19 16:54:08.914374,39,"stress_label",5,128,0.015625,0.517441860465116,0.38953488372093,0.517829457364341,5,"top5","hr_med_precond;hr_sd_precond;eda_med_precond;eeg_fm_specent_precond;hrv_rmssd_precond"
2025-12-19 16:54:09.03952,39,"stress_label",5,256,0.015625,0.5,0.424418604651163,NA,5,"top5","hr_med_precond;hr_sd_precond;eda_med_precond;eeg_fm_specent_precond;hrv_rmssd_precond"
2025-12-19 16:54:08.840634,39,"stress_label",5,2,0.03125,0.593023255813954,0.534883720930233,0.582170542635659,5,"top5","hr_med_precond;hr_sd_precond;eda_med_precond;eeg_fm_specent_precond;hrv_rmssd_precond"
2025-12-19 16:54:08.81148,39,"stress_label",5,4,0.03125,0.569767441860465,0.563953488372093,0.558914728682171,5,"top5","hr_med_precond;hr_sd_precond;eda_med_precond;eeg_fm_specent_precond;hrv_rmssd_precond"
2025-12-19 16:54:08.844994,39,"stress_label",5,8,0.03125,0.523255813953488,0.47093023255814,0.517054263565891,5,"top5","hr_med_precond;hr_sd_precond;eda_med_precond;eeg_fm_specent_precond;hrv_rmssd_precond"
2025-12-19 16:54:08.875562,39,"stress_label",5,16,0.03125,0.517441860465116,0.47093023255814,0.511627906976744,5,"top5","hr_med_precond;hr_sd_precond;eda_med_precond;eeg_fm_specent_precond;hrv_rmssd_precond"
2025-12-19 16:54:09.07847,39,"stress_label",5,32,0.03125,0.511627906976744,0.38953488372093,0.507751937984496,5,"top5","hr_med_precond;hr_sd_precond;eda_med_precond;eeg_fm_specent_precond;hrv_rmssd_precond"
2025-12-19 16:54:08.988801,39,"stress_label",5,64,0.03125,0.488372093023256,0.447674418604651,NA,5,"top5","hr_med_precond;hr_sd_precond;eda_med_precond;eeg_fm_specent_precond;hrv_rmssd_precond"
2025-12-19 16:54:09.072388,39,"stress_label",5,128,0.03125,0.476744186046512,0.441860465116279,NA,5,"top5","hr_med_precond;hr_sd_precond;eda_med_precond;eeg_fm_specent_precond;hrv_rmssd_precond"
2025-12-19 16:54:09.266645,39,"stress_label",5,256,0.03125,0.441860465116279,0.377906976744186,NA,5,"top5","hr_med_precond;hr_sd_precond;eda_med_precond;eeg_fm_specent_precond;hrv_rmssd_precond"
2025-12-19 16:54:08.872386,39,"stress_label",5,2,0.0625,0.569767441860465,0.540697674418605,0.558914728682171,5,"top5","hr_med_precond;hr_sd_precond;eda_med_precond;eeg_fm_specent_precond;hrv_rmssd_precond"
2025-12-19 16:54:08.949825,39,"stress_label",5,4,0.0625,0.534883720930233,0.558139534883721,0.530232558139535,5,"top5","hr_med_precond;hr_sd_precond;eda_med_precond;eeg_fm_specent_precond;hrv_rmssd_precond"
2025-12-19 16:54:09.073109,39,"stress_label",5,8,0.0625,0.511627906976744,0.401162790697674,0.515503875968992,5,"top5","hr_med_precond;hr_sd_precond;eda_med_precond;eeg_fm_specent_precond;hrv_rmssd_precond"
2025-12-19 16:54:09.115646,39,"stress_label",5,16,0.0625,0.5,0.459302325581395,NA,5,"top5","hr_med_precond;hr_sd_precond;eda_med_precond;eeg_fm_specent_precond;hrv_rmssd_precond"
2025-12-19 16:54:09.92554,39,"stress_label",5,32,0.0625,0.447674418604651,0.482558139534884,NA,5,"top5","hr_med_precond;hr_sd_precond;eda_med_precond;eeg_fm_specent_precond;hrv_rmssd_precond"
2025-12-19 16:54:10.069338,39,"stress_label",5,64,0.0625,0.447674418604651,0.430232558139535,NA,5,"top5","hr_med_precond;hr_sd_precond;eda_med_precond;eeg_fm_specent_precond;hrv_rmssd_precond"
2025-12-19 16:54:10.236668,39,"stress_label",5,128,0.0625,0.447674418604651,0.406976744186047,NA,5,"top5","hr_med_precond;hr_sd_precond;eda_med_precond;eeg_fm_specent_precond;hrv_rmssd_precond"
2025-12-19 16:54:10.563173,39,"stress_label",5,256,0.0625,0.441860465116279,0.47093023255814,0.438759689922481,5,"top5","hr_med_precond;hr_sd_precond;eda_med_precond;eeg_fm_specent_precond;hrv_rmssd_precond"
2025-12-19 16:54:09.898801,39,"stress_label",5,2,0.125,0.529069767441861,0.488372093023256,0.529457364341085,5,"top5","hr_med_precond;hr_sd_precond;eda_med_precond;eeg_fm_specent_precond;hrv_rmssd_precond"
2025-12-19 16:54:09.945345,39,"stress_label",5,4,0.125,0.476744186046512,0.401162790697674,0.467441860465116,5,"top5","hr_med_precond;hr_sd_precond;eda_med_precond;eeg_fm_specent_precond;hrv_rmssd_precond"
2025-12-19 16:54:10.052465,39,"stress_label",5,8,0.125,0.441860465116279,0.372093023255814,NA,5,"top5","hr_med_precond;hr_sd_precond;eda_med_precond;eeg_fm_specent_precond;hrv_rmssd_precond"
2025-12-19 16:54:10.331904,39,"stress_label",5,16,0.125,0.476744186046512,0.430232558139535,NA,5,"top5","hr_med_precond;hr_sd_precond;eda_med_precond;eeg_fm_specent_precond;hrv_rmssd_precond"
2025-12-19 16:54:10.211373,39,"stress_label",5,32,0.125,0.441860465116279,0.517441860465116,NA,5,"top5","hr_med_precond;hr_sd_precond;eda_med_precond;eeg_fm_specent_precond;hrv_rmssd_precond"
2025-12-19 16:54:10.413484,39,"stress_label",5,64,0.125,0.430232558139535,0.38953488372093,NA,5,"top5","hr_med_precond;hr_sd_precond;eda_med_precond;eeg_fm_specent_precond;hrv_rmssd_precond"
2025-12-19 16:54:10.711584,39,"stress_label",5,128,0.125,0.488372093023256,0.453488372093023,NA,5,"top5","hr_med_precond;hr_sd_precond;eda_med_precond;eeg_fm_specent_precond;hrv_rmssd_precond"
2025-12-19 16:54:11.121078,39,"stress_label",5,256,0.125,0.441860465116279,0.441860465116279,NA,5,"top5","hr_med_precond;hr_sd_precond;eda_med_precond;eeg_fm_specent_precond;hrv_rmssd_precond"
2025-12-19 16:54:10.125141,39,"stress_label",5,2,0.03,0.593023255813954,0.581395348837209,0.582170542635659,5,"top5","hr_med_precond;hr_sd_precond;eda_med_precond;eeg_fm_specent_precond;hrv_rmssd_precond"
2025-12-19 16:54:10.301622,39,"stress_label",5,4,0.03,0.569767441860465,0.569767441860465,0.555038759689922,5,"top5","hr_med_precond;hr_sd_precond;eda_med_precond;eeg_fm_specent_precond;hrv_rmssd_precond"
2025-12-19 16:54:10.937,39,"stress_label",5,8,0.03,0.534883720930233,0.540697674418605,0.528682170542636,5,"top5","hr_med_precond;hr_sd_precond;eda_med_precond;eeg_fm_specent_precond;hrv_rmssd_precond"
2025-12-19 16:54:10.965604,39,"stress_label",5,16,0.03,0.511627906976744,0.488372093023256,0.511627906976744,5,"top5","hr_med_precond;hr_sd_precond;eda_med_precond;eeg_fm_specent_precond;hrv_rmssd_precond"
2025-12-19 16:54:11.053739,39,"stress_label",5,32,0.03,0.511627906976744,0.418604651162791,0.507751937984496,5,"top5","hr_med_precond;hr_sd_precond;eda_med_precond;eeg_fm_specent_precond;hrv_rmssd_precond"
2025-12-19 16:54:11.215892,39,"stress_label",5,64,0.03,0.5,0.406976744186047,NA,5,"top5","hr_med_precond;hr_sd_precond;eda_med_precond;eeg_fm_specent_precond;hrv_rmssd_precond"
2025-12-19 16:54:11.34003,39,"stress_label",5,128,0.03,0.482558139534884,0.401162790697674,NA,5,"top5","hr_med_precond;hr_sd_precond;eda_med_precond;eeg_fm_specent_precond;hrv_rmssd_precond"
2025-12-19 16:54:11.597295,39,"stress_label",5,256,0.03,0.441860465116279,0.453488372093023,NA,5,"top5","hr_med_precond;hr_sd_precond;eda_med_precond;eeg_fm_specent_precond;hrv_rmssd_precond"
2025-12-19 16:54:11.255403,39,"stress_label",5,2,0.06,0.569767441860465,0.517441860465116,0.558914728682171,5,"top5","hr_med_precond;hr_sd_precond;eda_med_precond;eeg_fm_specent_precond;hrv_rmssd_precond"
2025-12-19 16:54:11.309607,39,"stress_label",5,4,0.06,0.540697674418605,0.511627906976744,0.532558139534884,5,"top5","hr_med_precond;hr_sd_precond;eda_med_precond;eeg_fm_specent_precond;hrv_rmssd_precond"
2025-12-19 16:54:11.377945,39,"stress_label",5,8,0.06,0.505813953488372,0.441860465116279,0.503875968992248,5,"top5","hr_med_precond;hr_sd_precond;eda_med_precond;eeg_fm_specent_precond;hrv_rmssd_precond"
2025-12-19 16:54:11.417464,39,"stress_label",5,16,0.06,0.511627906976744,0.354651162790698,NA,5,"top5","hr_med_precond;hr_sd_precond;eda_med_precond;eeg_fm_specent_precond;hrv_rmssd_precond"
2025-12-19 16:54:11.574273,39,"stress_label",5,32,0.06,0.465116279069767,0.412790697674419,NA,5,"top5","hr_med_precond;hr_sd_precond;eda_med_precond;eeg_fm_specent_precond;hrv_rmssd_precond"
2025-12-19 16:54:11.768855,39,"stress_label",5,64,0.06,0.441860465116279,0.47093023255814,NA,5,"top5","hr_med_precond;hr_sd_precond;eda_med_precond;eeg_fm_specent_precond;hrv_rmssd_precond"
2025-12-19 16:54:12.014474,39,"stress_label",5,128,0.06,0.453488372093023,0.395348837209302,NA,5,"top5","hr_med_precond;hr_sd_precond;eda_med_precond;eeg_fm_specent_precond;hrv_rmssd_precond"
2025-12-19 16:54:12.375805,39,"stress_label",5,256,0.06,0.430232558139535,0.418604651162791,0.424806201550388,5,"top5","hr_med_precond;hr_sd_precond;eda_med_precond;eeg_fm_specent_precond;hrv_rmssd_precond"
2025-12-19 16:54:11.918276,39,"stress_label",5,2,0.1,0.534883720930233,0.372093023255814,0.528682170542636,5,"top5","hr_med_precond;hr_sd_precond;eda_med_precond;eeg_fm_specent_precond;hrv_rmssd_precond"
2025-12-19 16:54:12.038907,39,"stress_label",5,4,0.1,0.511627906976744,0.447674418604651,0.514728682170543,5,"top5","hr_med_precond;hr_sd_precond;eda_med_precond;eeg_fm_specent_precond;hrv_rmssd_precond"
2025-12-19 16:54:12.086468,39,"stress_label",5,8,0.1,0.482558139534884,0.418604651162791,NA,5,"top5","hr_med_precond;hr_sd_precond;eda_med_precond;eeg_fm_specent_precond;hrv_rmssd_precond"
2025-12-19 16:54:12.1764,39,"stress_label",5,16,0.1,0.430232558139535,0.383720930232558,NA,5,"top5","hr_med_precond;hr_sd_precond;eda_med_precond;eeg_fm_specent_precond;hrv_rmssd_precond"
2025-12-19 16:54:12.410325,39,"stress_label",5,32,0.1,0.465116279069767,0.418604651162791,NA,5,"top5","hr_med_precond;hr_sd_precond;eda_med_precond;eeg_fm_specent_precond;hrv_rmssd_precond"
2025-12-19 16:54:12.363448,39,"stress_label",5,64,0.1,0.436046511627907,0.494186046511628,NA,5,"top5","hr_med_precond;hr_sd_precond;eda_med_precond;eeg_fm_specent_precond;hrv_rmssd_precond"
2025-12-19 16:54:12.735501,39,"stress_label",5,128,0.1,0.436046511627907,0.406976744186047,NA,5,"top5","hr_med_precond;hr_sd_precond;eda_med_precond;eeg_fm_specent_precond;hrv_rmssd_precond"
2025-12-19 16:54:12.838612,39,"stress_label",5,256,0.1,0.47093023255814,0.441860465116279,NA,5,"top5","hr_med_precond;hr_sd_precond;eda_med_precond;eeg_fm_specent_precond;hrv_rmssd_precond"
2025-12-19 16:54:14.104695,40,"stress_label",5,2,0.0078125,0.598837209302326,0.581395348837209,0.586821705426357,5,"top5","hr_sd_precond;eda_med_precond;hr_med_precond;eeg_fm_specent_precond;hrv_rmssd_precond"
2025-12-19 16:54:14.394568,40,"stress_label",5,4,0.0078125,0.575581395348837,0.575581395348837,0.564341085271318,5,"top5","hr_sd_precond;eda_med_precond;hr_med_precond;eeg_fm_specent_precond;hrv_rmssd_precond"
2025-12-19 16:54:14.090156,40,"stress_label",5,8,0.0078125,0.587209302325581,0.604651162790698,0.571317829457364,5,"top5","hr_sd_precond;eda_med_precond;hr_med_precond;eeg_fm_specent_precond;hrv_rmssd_precond"
2025-12-19 16:54:14.436622,40,"stress_label",5,16,0.0078125,0.598837209302326,0.604651162790698,0.582945736434109,5,"top5","hr_sd_precond;eda_med_precond;hr_med_precond;eeg_fm_specent_precond;hrv_rmssd_precond"
2025-12-19 16:54:14.114573,40,"stress_label",5,32,0.0078125,0.587209302325581,0.593023255813954,0.581395348837209,5,"top5","hr_sd_precond;eda_med_precond;hr_med_precond;eeg_fm_specent_precond;hrv_rmssd_precond"
2025-12-19 16:54:14.099256,40,"stress_label",5,64,0.0078125,0.546511627906977,0.569767441860465,0.553488372093023,5,"top5","hr_sd_precond;eda_med_precond;hr_med_precond;eeg_fm_specent_precond;hrv_rmssd_precond"
2025-12-19 16:54:14.151129,40,"stress_label",5,128,0.0078125,0.546511627906977,0.511627906976744,0.558914728682171,5,"top5","hr_sd_precond;eda_med_precond;hr_med_precond;eeg_fm_specent_precond;hrv_rmssd_precond"
2025-12-19 16:54:14.207445,40,"stress_label",5,256,0.0078125,0.511627906976744,0.430232558139535,0.524031007751938,5,"top5","hr_sd_precond;eda_med_precond;hr_med_precond;eeg_fm_specent_precond;hrv_rmssd_precond"
2025-12-19 16:54:14.076702,40,"stress_label",5,2,0.015625,0.587209302325581,0.587209302325581,0.575193798449612,5,"top5","hr_sd_precond;eda_med_precond;hr_med_precond;eeg_fm_specent_precond;hrv_rmssd_precond"
2025-12-19 16:54:14.098511,40,"stress_label",5,4,0.015625,0.598837209302326,0.593023255813954,0.582945736434109,5,"top5","hr_sd_precond;eda_med_precond;hr_med_precond;eeg_fm_specent_precond;hrv_rmssd_precond"
2025-12-19 16:54:14.113638,40,"stress_label",5,8,0.015625,0.593023255813954,0.604651162790698,0.586821705426357,5,"top5","hr_sd_precond;eda_med_precond;hr_med_precond;eeg_fm_specent_precond;hrv_rmssd_precond"
2025-12-19 16:54:14.107711,40,"stress_label",5,16,0.015625,0.558139534883721,0.569767441860465,0.570542635658915,5,"top5","hr_sd_precond;eda_med_precond;hr_med_precond;eeg_fm_specent_precond;hrv_rmssd_precond"
2025-12-19 16:54:14.10588,40,"stress_label",5,32,0.015625,0.540697674418605,0.482558139534884,0.555813953488372,5,"top5","hr_sd_precond;eda_med_precond;hr_med_precond;eeg_fm_specent_precond;hrv_rmssd_precond"
2025-12-19 16:54:14.126899,40,"stress_label",5,64,0.015625,0.511627906976744,0.465116279069767,0.533333333333333,5,"top5","hr_sd_precond;eda_med_precond;hr_med_precond;eeg_fm_specent_precond;hrv_rmssd_precond"
2025-12-19 16:54:15.274286,40,"stress_label",5,128,0.015625,0.505813953488372,0.36046511627907,0.530232558139535,5,"top5","hr_sd_precond;eda_med_precond;hr_med_precond;eeg_fm_specent_precond;hrv_rmssd_precond"
2025-12-19 16:54:15.345242,40,"stress_label",5,256,0.015625,0.5,0.372093023255814,0.524031007751938,5,"top5","hr_sd_precond;eda_med_precond;hr_med_precond;eeg_fm_specent_precond;hrv_rmssd_precond"
2025-12-19 16:54:15.152713,40,"stress_label",5,2,0.03125,0.593023255813954,0.593023255813954,0.596899224806202,5,"top5","hr_sd_precond;eda_med_precond;hr_med_precond;eeg_fm_specent_precond;hrv_rmssd_precond"
2025-12-19 16:54:15.202697,40,"stress_label",5,4,0.03125,0.569767441860465,0.581395348837209,0.574418604651163,5,"top5","hr_sd_precond;eda_med_precond;hr_med_precond;eeg_fm_specent_precond;hrv_rmssd_precond"
2025-12-19 16:54:15.190754,40,"stress_label",5,8,0.03125,0.534883720930233,0.546511627906977,0.548837209302326,5,"top5","hr_sd_precond;eda_med_precond;hr_med_precond;eeg_fm_specent_precond;hrv_rmssd_precond"
2025-12-19 16:54:15.192143,40,"stress_label",5,16,0.03125,0.511627906976744,0.476744186046512,0.528682170542636,5,"top5","hr_sd_precond;eda_med_precond;hr_med_precond;eeg_fm_specent_precond;hrv_rmssd_precond"
2025-12-19 16:54:15.27401,40,"stress_label",5,32,0.03125,0.482558139534884,0.395348837209302,0.502325581395349,5,"top5","hr_sd_precond;eda_med_precond;hr_med_precond;eeg_fm_specent_precond;hrv_rmssd_precond"
2025-12-19 16:54:15.516192,40,"stress_label",5,64,0.03125,0.488372093023256,0.401162790697674,0.517054263565891,5,"top5","hr_sd_precond;eda_med_precond;hr_med_precond;eeg_fm_specent_precond;hrv_rmssd_precond"
2025-12-19 16:54:15.387464,40,"stress_label",5,128,0.03125,0.47093023255814,0.325581395348837,0.510077519379845,5,"top5","hr_sd_precond;eda_med_precond;hr_med_precond;eeg_fm_specent_precond;hrv_rmssd_precond"
2025-12-19 16:54:15.642524,40,"stress_label",5,256,0.03125,0.441860465116279,0.436046511627907,0.484496124031008,5,"top5","hr_sd_precond;eda_med_precond;hr_med_precond;eeg_fm_specent_precond;hrv_rmssd_precond"
2025-12-19 16:54:15.269302,40,"stress_label",5,2,0.0625,0.558139534883721,0.540697674418605,0.566666666666667,5,"top5","hr_sd_precond;eda_med_precond;hr_med_precond;eeg_fm_specent_precond;hrv_rmssd_precond"
2025-12-19 16:54:15.306259,40,"stress_label",5,4,0.0625,0.529069767441861,0.47093023255814,0.546511627906977,5,"top5","hr_sd_precond;eda_med_precond;hr_med_precond;eeg_fm_specent_precond;hrv_rmssd_precond"
2025-12-19 16:54:15.429669,40,"stress_label",5,8,0.0625,0.476744186046512,0.354651162790698,0.497674418604651,5,"top5","hr_sd_precond;eda_med_precond;hr_med_precond;eeg_fm_specent_precond;hrv_rmssd_precond"
2025-12-19 16:54:15.490792,40,"stress_label",5,16,0.0625,0.476744186046512,0.395348837209302,0.506201550387597,5,"top5","hr_sd_precond;eda_med_precond;hr_med_precond;eeg_fm_specent_precond;hrv_rmssd_precond"
2025-12-19 16:54:16.274526,40,"stress_label",5,32,0.0625,0.424418604651163,0.430232558139535,0.458139534883721,5,"top5","hr_sd_precond;eda_med_precond;hr_med_precond;eeg_fm_specent_precond;hrv_rmssd_precond"
2025-12-19 16:54:16.411104,40,"stress_label",5,64,0.0625,0.47093023255814,0.424418604651163,NA,5,"top5","hr_sd_precond;eda_med_precond;hr_med_precond;eeg_fm_specent_precond;hrv_rmssd_precond"
2025-12-19 16:54:16.566267,40,"stress_label",5,128,0.0625,0.459302325581395,0.447674418604651,0.478294573643411,5,"top5","hr_sd_precond;eda_med_precond;hr_med_precond;eeg_fm_specent_precond;hrv_rmssd_precond"
2025-12-19 16:54:17.14944,40,"stress_label",5,256,0.0625,0.453488372093023,0.418604651162791,0.472093023255814,5,"top5","hr_sd_precond;eda_med_precond;hr_med_precond;eeg_fm_specent_precond;hrv_rmssd_precond"
2025-12-19 16:54:16.29165,40,"stress_label",5,2,0.125,0.505813953488372,0.488372093023256,0.523255813953488,5,"top5","hr_sd_precond;eda_med_precond;hr_med_precond;eeg_fm_specent_precond;hrv_rmssd_precond"
2025-12-19 16:54:16.321058,40,"stress_label",5,4,0.125,0.488372093023256,0.354651162790698,0.510077519379845,5,"top5","hr_sd_precond;eda_med_precond;hr_med_precond;eeg_fm_specent_precond;hrv_rmssd_precond"
2025-12-19 16:54:16.366291,40,"stress_label",5,8,0.125,0.459302325581395,0.424418604651163,NA,5,"top5","hr_sd_precond;eda_med_precond;hr_med_precond;eeg_fm_specent_precond;hrv_rmssd_precond"
2025-12-19 16:54:16.705962,40,"stress_label",5,16,0.125,0.47093023255814,0.406976744186047,NA,5,"top5","hr_sd_precond;eda_med_precond;hr_med_precond;eeg_fm_specent_precond;hrv_rmssd_precond"
2025-12-19 16:54:16.499454,40,"stress_label",5,32,0.125,0.465116279069767,0.505813953488372,NA,5,"top5","hr_sd_precond;eda_med_precond;hr_med_precond;eeg_fm_specent_precond;hrv_rmssd_precond"
2025-12-19 16:54:16.73236,40,"stress_label",5,64,0.125,0.47093023255814,0.424418604651163,NA,5,"top5","hr_sd_precond;eda_med_precond;hr_med_precond;eeg_fm_specent_precond;hrv_rmssd_precond"
2025-12-19 16:54:17.046898,40,"stress_label",5,128,0.125,0.505813953488372,0.412790697674419,NA,5,"top5","hr_sd_precond;eda_med_precond;hr_med_precond;eeg_fm_specent_precond;hrv_rmssd_precond"
2025-12-19 16:54:17.46348,40,"stress_label",5,256,0.125,0.453488372093023,0.534883720930233,NA,5,"top5","hr_sd_precond;eda_med_precond;hr_med_precond;eeg_fm_specent_precond;hrv_rmssd_precond"
2025-12-19 16:54:16.543078,40,"stress_label",5,2,0.03,0.593023255813954,0.593023255813954,0.593798449612403,5,"top5","hr_sd_precond;eda_med_precond;hr_med_precond;eeg_fm_specent_precond;hrv_rmssd_precond"
2025-12-19 16:54:16.677883,40,"stress_label",5,4,0.03,0.575581395348837,0.558139534883721,0.578294573643411,5,"top5","hr_sd_precond;eda_med_precond;hr_med_precond;eeg_fm_specent_precond;hrv_rmssd_precond"
2025-12-19 16:54:17.298025,40,"stress_label",5,8,0.03,0.540697674418605,0.540697674418605,0.551162790697674,5,"top5","hr_sd_precond;eda_med_precond;hr_med_precond;eeg_fm_specent_precond;hrv_rmssd_precond"
2025-12-19 16:54:17.316835,40,"stress_label",5,16,0.03,0.511627906976744,0.412790697674419,0.528682170542636,5,"top5","hr_sd_precond;eda_med_precond;hr_med_precond;eeg_fm_specent_precond;hrv_rmssd_precond"
2025-12-19 16:54:17.388908,40,"stress_label",5,32,0.03,0.482558139534884,0.377906976744186,0.502325581395349,5,"top5","hr_sd_precond;eda_med_precond;hr_med_precond;eeg_fm_specent_precond;hrv_rmssd_precond"
2025-12-19 16:54:17.467809,40,"stress_label",5,64,0.03,0.482558139534884,0.453488372093023,0.50077519379845,5,"top5","hr_sd_precond;eda_med_precond;hr_med_precond;eeg_fm_specent_precond;hrv_rmssd_precond"
2025-12-19 16:54:17.594005,40,"stress_label",5,128,0.03,0.47093023255814,0.401162790697674,0.503875968992248,5,"top5","hr_sd_precond;eda_med_precond;hr_med_precond;eeg_fm_specent_precond;hrv_rmssd_precond"
2025-12-19 16:54:17.865261,40,"stress_label",5,256,0.03,0.441860465116279,0.505813953488372,0.484496124031008,5,"top5","hr_sd_precond;eda_med_precond;hr_med_precond;eeg_fm_specent_precond;hrv_rmssd_precond"
2025-12-19 16:54:17.545329,40,"stress_label",5,2,0.06,0.569767441860465,0.523255813953488,0.582170542635659,5,"top5","hr_sd_precond;eda_med_precond;hr_med_precond;eeg_fm_specent_precond;hrv_rmssd_precond"
2025-12-19 16:54:17.590812,40,"stress_label",5,4,0.06,0.534883720930233,0.465116279069767,0.551162790697674,5,"top5","hr_sd_precond;eda_med_precond;hr_med_precond;eeg_fm_specent_precond;hrv_rmssd_precond"
2025-12-19 16:54:17.686796,40,"stress_label",5,8,0.06,0.476744186046512,0.430232558139535,0.497674418604651,5,"top5","hr_sd_precond;eda_med_precond;hr_med_precond;eeg_fm_specent_precond;hrv_rmssd_precond"
2025-12-19 16:54:17.744966,40,"stress_label",5,16,0.06,0.476744186046512,0.354651162790698,0.506201550387597,5,"top5","hr_sd_precond;eda_med_precond;hr_med_precond;eeg_fm_specent_precond;hrv_rmssd_precond"
2025-12-19 16:54:17.828497,40,"stress_label",5,32,0.06,0.430232558139535,0.447674418604651,0.469767441860465,5,"top5","hr_sd_precond;eda_med_precond;hr_med_precond;eeg_fm_specent_precond;hrv_rmssd_precond"
2025-12-19 16:54:18.202851,40,"stress_label",5,64,0.06,0.453488372093023,0.395348837209302,NA,5,"top5","hr_sd_precond;eda_med_precond;hr_med_precond;eeg_fm_specent_precond;hrv_rmssd_precond"
2025-12-19 16:54:18.393074,40,"stress_label",5,128,0.06,0.441860465116279,0.441860465116279,0.465116279069767,5,"top5","hr_sd_precond;eda_med_precond;hr_med_precond;eeg_fm_specent_precond;hrv_rmssd_precond"
2025-12-19 16:54:18.699422,40,"stress_label",5,256,0.06,0.447674418604651,0.494186046511628,0.468217054263566,5,"top5","hr_sd_precond;eda_med_precond;hr_med_precond;eeg_fm_specent_precond;hrv_rmssd_precond"
2025-12-19 16:54:18.270866,40,"stress_label",5,2,0.1,0.511627906976744,0.5,0.527906976744186,5,"top5","hr_sd_precond;eda_med_precond;hr_med_precond;eeg_fm_specent_precond;hrv_rmssd_precond"
2025-12-19 16:54:18.357057,40,"stress_label",5,4,0.1,0.488372093023256,0.505813953488372,0.510077519379845,5,"top5","hr_sd_precond;eda_med_precond;hr_med_precond;eeg_fm_specent_precond;hrv_rmssd_precond"
2025-12-19 16:54:18.404012,40,"stress_label",5,8,0.1,0.453488372093023,0.383720930232558,0.495348837209302,5,"top5","hr_sd_precond;eda_med_precond;hr_med_precond;eeg_fm_specent_precond;hrv_rmssd_precond"
2025-12-19 16:54:18.441435,40,"stress_label",5,16,0.1,0.459302325581395,0.482558139534884,NA,5,"top5","hr_sd_precond;eda_med_precond;hr_med_precond;eeg_fm_specent_precond;hrv_rmssd_precond"
2025-12-19 16:54:18.54781,40,"stress_label",5,32,0.1,0.465116279069767,0.38953488372093,NA,5,"top5","hr_sd_precond;eda_med_precond;hr_med_precond;eeg_fm_specent_precond;hrv_rmssd_precond"
2025-12-19 16:54:18.651937,40,"stress_label",5,64,0.1,0.459302325581395,0.523255813953488,NA,5,"top5","hr_sd_precond;eda_med_precond;hr_med_precond;eeg_fm_specent_precond;hrv_rmssd_precond"
2025-12-19 16:54:18.829527,40,"stress_label",5,128,0.1,0.47093023255814,0.453488372093023,NA,5,"top5","hr_sd_precond;eda_med_precond;hr_med_precond;eeg_fm_specent_precond;hrv_rmssd_precond"
2025-12-19 16:54:19.167271,40,"stress_label",5,256,0.1,0.511627906976744,0.424418604651163,NA,5,"top5","hr_sd_precond;eda_med_precond;hr_med_precond;eeg_fm_specent_precond;hrv_rmssd_precond"
2025-12-19 16:54:20.435812,41,"stress_label",5,2,0.0078125,0.593023255813954,0.598837209302326,0.582945736434109,5,"top5","hr_med_precond;hr_sd_precond;eda_med_precond;hrv_rmssd_precond;eeg_fm_specent_precond"
2025-12-19 16:54:20.417082,41,"stress_label",5,4,0.0078125,0.563953488372093,0.563953488372093,0.545736434108527,5,"top5","hr_med_precond;hr_sd_precond;eda_med_precond;hrv_rmssd_precond;eeg_fm_specent_precond"
2025-12-19 16:54:20.438518,41,"stress_label",5,8,0.0078125,0.563953488372093,0.61046511627907,0.543410852713178,5,"top5","hr_med_precond;hr_sd_precond;eda_med_precond;hrv_rmssd_precond;eeg_fm_specent_precond"
2025-12-19 16:54:20.411003,41,"stress_label",5,16,0.0078125,0.587209302325581,0.61046511627907,0.565891472868217,5,"top5","hr_med_precond;hr_sd_precond;eda_med_precond;hrv_rmssd_precond;eeg_fm_specent_precond"
2025-12-19 16:54:20.406861,41,"stress_label",5,32,0.0078125,0.598837209302326,0.552325581395349,0.582945736434109,5,"top5","hr_med_precond;hr_sd_precond;eda_med_precond;hrv_rmssd_precond;eeg_fm_specent_precond"
2025-12-19 16:54:20.458146,41,"stress_label",5,64,0.0078125,0.563953488372093,0.569767441860465,0.554263565891473,5,"top5","hr_med_precond;hr_sd_precond;eda_med_precond;hrv_rmssd_precond;eeg_fm_specent_precond"
2025-12-19 16:54:20.471746,41,"stress_label",5,128,0.0078125,0.546511627906977,0.505813953488372,0.541860465116279,5,"top5","hr_med_precond;hr_sd_precond;eda_med_precond;hrv_rmssd_precond;eeg_fm_specent_precond"
2025-12-19 16:54:20.536164,41,"stress_label",5,256,0.0078125,0.529069767441861,0.447674418604651,0.530232558139535,5,"top5","hr_med_precond;hr_sd_precond;eda_med_precond;hrv_rmssd_precond;eeg_fm_specent_precond"
2025-12-19 16:54:20.419335,41,"stress_label",5,2,0.015625,0.587209302325581,0.587209302325581,0.572093023255814,5,"top5","hr_med_precond;hr_sd_precond;eda_med_precond;hrv_rmssd_precond;eeg_fm_specent_precond"
2025-12-19 16:54:20.423668,41,"stress_label",5,4,0.015625,0.593023255813954,0.61046511627907,0.57906976744186,5,"top5","hr_med_precond;hr_sd_precond;eda_med_precond;hrv_rmssd_precond;eeg_fm_specent_precond"
2025-12-19 16:54:20.419689,41,"stress_label",5,8,0.015625,0.61046511627907,0.598837209302326,0.601550387596899,5,"top5","hr_med_precond;hr_sd_precond;eda_med_precond;hrv_rmssd_precond;eeg_fm_specent_precond"
2025-12-19 16:54:20.42258,41,"stress_label",5,16,0.015625,0.575581395348837,0.581395348837209,0.565891472868217,5,"top5","hr_med_precond;hr_sd_precond;eda_med_precond;hrv_rmssd_precond;eeg_fm_specent_precond"
2025-12-19 16:54:20.469672,41,"stress_label",5,32,0.015625,0.546511627906977,0.494186046511628,0.541860465116279,5,"top5","hr_med_precond;hr_sd_precond;eda_med_precond;hrv_rmssd_precond;eeg_fm_specent_precond"
2025-12-19 16:54:20.445971,41,"stress_label",5,64,0.015625,0.529069767441861,0.436046511627907,0.525581395348837,5,"top5","hr_med_precond;hr_sd_precond;eda_med_precond;hrv_rmssd_precond;eeg_fm_specent_precond"
2025-12-19 16:54:21.56332,41,"stress_label",5,128,0.015625,0.511627906976744,0.418604651162791,0.506201550387597,5,"top5","hr_med_precond;hr_sd_precond;eda_med_precond;hrv_rmssd_precond;eeg_fm_specent_precond"
2025-12-19 16:54:21.613333,41,"stress_label",5,256,0.015625,0.5,0.348837209302326,0.513953488372093,5,"top5","hr_med_precond;hr_sd_precond;eda_med_precond;hrv_rmssd_precond;eeg_fm_specent_precond"
2025-12-19 16:54:21.471842,41,"stress_label",5,2,0.03125,0.598837209302326,0.598837209302326,0.586821705426357,5,"top5","hr_med_precond;hr_sd_precond;eda_med_precond;hrv_rmssd_precond;eeg_fm_specent_precond"
2025-12-19 16:54:21.455864,41,"stress_label",5,4,0.03125,0.581395348837209,0.593023255813954,0.584496124031008,5,"top5","hr_med_precond;hr_sd_precond;eda_med_precond;hrv_rmssd_precond;eeg_fm_specent_precond"
2025-12-19 16:54:21.469141,41,"stress_label",5,8,0.03125,0.540697674418605,0.523255813953488,0.541860465116279,5,"top5","hr_med_precond;hr_sd_precond;eda_med_precond;hrv_rmssd_precond;eeg_fm_specent_precond"
2025-12-19 16:54:21.501991,41,"stress_label",5,16,0.03125,0.540697674418605,0.511627906976744,0.534883720930233,5,"top5","hr_med_precond;hr_sd_precond;eda_med_precond;hrv_rmssd_precond;eeg_fm_specent_precond"
2025-12-19 16:54:21.495956,41,"stress_label",5,32,0.03125,0.529069767441861,0.430232558139535,0.538759689922481,5,"top5","hr_med_precond;hr_sd_precond;eda_med_precond;hrv_rmssd_precond;eeg_fm_specent_precond"
2025-12-19 16:54:21.569013,41,"stress_label",5,64,0.03125,0.511627906976744,0.488372093023256,0.525581395348837,5,"top5","hr_med_precond;hr_sd_precond;eda_med_precond;hrv_rmssd_precond;eeg_fm_specent_precond"
2025-12-19 16:54:21.663314,41,"stress_label",5,128,0.03125,0.453488372093023,0.401162790697674,0.465891472868217,5,"top5","hr_med_precond;hr_sd_precond;eda_med_precond;hrv_rmssd_precond;eeg_fm_specent_precond"
2025-12-19 16:54:21.845659,41,"stress_label",5,256,0.03125,0.424418604651163,0.488372093023256,0.422480620155039,5,"top5","hr_med_precond;hr_sd_precond;eda_med_precond;hrv_rmssd_precond;eeg_fm_specent_precond"
2025-12-19 16:54:21.496053,41,"stress_label",5,2,0.0625,0.569767441860465,0.558139534883721,0.565116279069767,5,"top5","hr_med_precond;hr_sd_precond;eda_med_precond;hrv_rmssd_precond;eeg_fm_specent_precond"
2025-12-19 16:54:21.495945,41,"stress_label",5,4,0.0625,0.534883720930233,0.511627906976744,0.545736434108527,5,"top5","hr_med_precond;hr_sd_precond;eda_med_precond;hrv_rmssd_precond;eeg_fm_specent_precond"
2025-12-19 16:54:21.517401,41,"stress_label",5,8,0.0625,0.529069767441861,0.401162790697674,0.534108527131783,5,"top5","hr_med_precond;hr_sd_precond;eda_med_precond;hrv_rmssd_precond;eeg_fm_specent_precond"
2025-12-19 16:54:21.605942,41,"stress_label",5,16,0.0625,0.529069767441861,0.348837209302326,0.534883720930233,5,"top5","hr_med_precond;hr_sd_precond;eda_med_precond;hrv_rmssd_precond;eeg_fm_specent_precond"
2025-12-19 16:54:22.607387,41,"stress_label",5,32,0.0625,0.430232558139535,0.348837209302326,0.454263565891473,5,"top5","hr_med_precond;hr_sd_precond;eda_med_precond;hrv_rmssd_precond;eeg_fm_specent_precond"
2025-12-19 16:54:22.717561,41,"stress_label",5,64,0.0625,0.430232558139535,0.406976744186047,NA,5,"top5","hr_med_precond;hr_sd_precond;eda_med_precond;hrv_rmssd_precond;eeg_fm_specent_precond"
2025-12-19 16:54:22.896167,41,"stress_label",5,128,0.0625,0.441860465116279,0.412790697674419,NA,5,"top5","hr_med_precond;hr_sd_precond;eda_med_precond;hrv_rmssd_precond;eeg_fm_specent_precond"
2025-12-19 16:54:23.242638,41,"stress_label",5,256,0.0625,0.436046511627907,0.436046511627907,NA,5,"top5","hr_med_precond;hr_sd_precond;eda_med_precond;hrv_rmssd_precond;eeg_fm_specent_precond"
2025-12-19 16:54:22.545203,41,"stress_label",5,2,0.125,0.534883720930233,0.482558139534884,0.536434108527132,5,"top5","hr_med_precond;hr_sd_precond;eda_med_precond;hrv_rmssd_precond;eeg_fm_specent_precond"
2025-12-19 16:54:22.567301,41,"stress_label",5,4,0.125,0.488372093023256,0.412790697674419,0.489147286821705,5,"top5","hr_med_precond;hr_sd_precond;eda_med_precond;hrv_rmssd_precond;eeg_fm_specent_precond"
2025-12-19 16:54:22.608742,41,"stress_label",5,8,0.125,0.453488372093023,0.436046511627907,NA,5,"top5","hr_med_precond;hr_sd_precond;eda_med_precond;hrv_rmssd_precond;eeg_fm_specent_precond"
2025-12-19 16:54:22.660736,41,"stress_label",5,16,0.125,0.447674418604651,0.436046511627907,NA,5,"top5","hr_med_precond;hr_sd_precond;eda_med_precond;hrv_rmssd_precond;eeg_fm_specent_precond"
2025-12-19 16:54:22.77923,41,"stress_label",5,32,0.125,0.453488372093023,0.418604651162791,NA,5,"top5","hr_med_precond;hr_sd_precond;eda_med_precond;hrv_rmssd_precond;eeg_fm_specent_precond"
2025-12-19 16:54:22.935091,41,"stress_label",5,64,0.125,0.453488372093023,0.436046511627907,NA,5,"top5","hr_med_precond;hr_sd_precond;eda_med_precond;hrv_rmssd_precond;eeg_fm_specent_precond"
2025-12-19 16:54:23.223532,41,"stress_label",5,128,0.125,0.505813953488372,0.523255813953488,NA,5,"top5","hr_med_precond;hr_sd_precond;eda_med_precond;hrv_rmssd_precond;eeg_fm_specent_precond"
2025-12-19 16:54:23.67395,41,"stress_label",5,256,0.125,0.47093023255814,0.465116279069767,NA,5,"top5","hr_med_precond;hr_sd_precond;eda_med_precond;hrv_rmssd_precond;eeg_fm_specent_precond"
2025-12-19 16:54:22.74871,41,"stress_label",5,2,0.03,0.598837209302326,0.604651162790698,0.586821705426357,5,"top5","hr_med_precond;hr_sd_precond;eda_med_precond;hrv_rmssd_precond;eeg_fm_specent_precond"
2025-12-19 16:54:22.905897,41,"stress_label",5,4,0.03,0.593023255813954,0.569767441860465,0.593023255813954,5,"top5","hr_med_precond;hr_sd_precond;eda_med_precond;hrv_rmssd_precond;eeg_fm_specent_precond"
2025-12-19 16:54:23.573027,41,"stress_label",5,8,0.03,0.540697674418605,0.523255813953488,0.541860465116279,5,"top5","hr_med_precond;hr_sd_precond;eda_med_precond;hrv_rmssd_precond;eeg_fm_specent_precond"
2025-12-19 16:54:23.600737,41,"stress_label",5,16,0.03,0.540697674418605,0.447674418604651,0.531782945736434,5,"top5","hr_med_precond;hr_sd_precond;eda_med_precond;hrv_rmssd_precond;eeg_fm_specent_precond"
2025-12-19 16:54:23.664985,41,"stress_label",5,32,0.03,0.534883720930233,0.459302325581395,0.542635658914729,5,"top5","hr_med_precond;hr_sd_precond;eda_med_precond;hrv_rmssd_precond;eeg_fm_specent_precond"
2025-12-19 16:54:23.722465,41,"stress_label",5,64,0.03,0.523255813953488,0.38953488372093,0.527906976744186,5,"top5","hr_med_precond;hr_sd_precond;eda_med_precond;hrv_rmssd_precond;eeg_fm_specent_precond"
2025-12-19 16:54:23.860411,41,"stress_label",5,128,0.03,0.459302325581395,0.47093023255814,0.472093023255814,5,"top5","hr_med_precond;hr_sd_precond;eda_med_precond;hrv_rmssd_precond;eeg_fm_specent_precond"
2025-12-19 16:54:24.075845,41,"stress_label",5,256,0.03,0.424418604651163,0.412790697674419,0.418604651162791,5,"top5","hr_med_precond;hr_sd_precond;eda_med_precond;hrv_rmssd_precond;eeg_fm_specent_precond"
2025-12-19 16:54:23.762021,41,"stress_label",5,2,0.06,0.563953488372093,0.534883720930233,0.561240310077519,5,"top5","hr_med_precond;hr_sd_precond;eda_med_precond;hrv_rmssd_precond;eeg_fm_specent_precond"
2025-12-19 16:54:23.806141,41,"stress_label",5,4,0.06,0.546511627906977,0.494186046511628,0.555038759689922,5,"top5","hr_med_precond;hr_sd_precond;eda_med_precond;hrv_rmssd_precond;eeg_fm_specent_precond"
2025-12-19 16:54:23.909384,41,"stress_label",5,8,0.06,0.529069767441861,0.465116279069767,0.534108527131783,5,"top5","hr_med_precond;hr_sd_precond;eda_med_precond;hrv_rmssd_precond;eeg_fm_specent_precond"
2025-12-19 16:54:23.929242,41,"stress_label",5,16,0.06,0.523255813953488,0.354651162790698,0.532558139534884,5,"top5","hr_med_precond;hr_sd_precond;eda_med_precond;hrv_rmssd_precond;eeg_fm_specent_precond"
2025-12-19 16:54:24.036421,41,"stress_label",5,32,0.06,0.441860465116279,0.372093023255814,0.456589147286822,5,"top5","hr_med_precond;hr_sd_precond;eda_med_precond;hrv_rmssd_precond;eeg_fm_specent_precond"
2025-12-19 16:54:24.395462,41,"stress_label",5,64,0.06,0.436046511627907,0.412790697674419,NA,5,"top5","hr_med_precond;hr_sd_precond;eda_med_precond;hrv_rmssd_precond;eeg_fm_specent_precond"
2025-12-19 16:54:24.523583,41,"stress_label",5,128,0.06,0.441860465116279,0.441860465116279,NA,5,"top5","hr_med_precond;hr_sd_precond;eda_med_precond;hrv_rmssd_precond;eeg_fm_specent_precond"
2025-12-19 16:54:24.989957,41,"stress_label",5,256,0.06,0.430232558139535,0.377906976744186,NA,5,"top5","hr_med_precond;hr_sd_precond;eda_med_precond;hrv_rmssd_precond;eeg_fm_specent_precond"
2025-12-19 16:54:24.553109,41,"stress_label",5,2,0.1,0.523255813953488,0.523255813953488,0.529457364341085,5,"top5","hr_med_precond;hr_sd_precond;eda_med_precond;hrv_rmssd_precond;eeg_fm_specent_precond"
2025-12-19 16:54:24.610419,41,"stress_label",5,4,0.1,0.529069767441861,0.505813953488372,0.527131782945736,5,"top5","hr_med_precond;hr_sd_precond;eda_med_precond;hrv_rmssd_precond;eeg_fm_specent_precond"
2025-12-19 16:54:24.592666,41,"stress_label",5,8,0.1,0.465116279069767,0.401162790697674,0.472868217054264,5,"top5","hr_med_precond;hr_sd_precond;eda_med_precond;hrv_rmssd_precond;eeg_fm_specent_precond"
2025-12-19 16:54:24.709089,41,"stress_label",5,16,0.1,0.441860465116279,0.395348837209302,NA,5,"top5","hr_med_precond;hr_sd_precond;eda_med_precond;hrv_rmssd_precond;eeg_fm_specent_precond"
2025-12-19 16:54:24.778037,41,"stress_label",5,32,0.1,0.447674418604651,0.465116279069767,NA,5,"top5","hr_med_precond;hr_sd_precond;eda_med_precond;hrv_rmssd_precond;eeg_fm_specent_precond"
2025-12-19 16:54:24.86065,41,"stress_label",5,64,0.1,0.441860465116279,0.36046511627907,NA,5,"top5","hr_med_precond;hr_sd_precond;eda_med_precond;hrv_rmssd_precond;eeg_fm_specent_precond"
2025-12-19 16:54:25.046024,41,"stress_label",5,128,0.1,0.459302325581395,0.534883720930233,NA,5,"top5","hr_med_precond;hr_sd_precond;eda_med_precond;hrv_rmssd_precond;eeg_fm_specent_precond"
2025-12-19 16:54:25.330418,41,"stress_label",5,256,0.1,0.494186046511628,0.406976744186047,NA,5,"top5","hr_med_precond;hr_sd_precond;eda_med_precond;hrv_rmssd_precond;eeg_fm_specent_precond"
2025-12-19 16:54:26.573668,42,"stress_label",5,2,0.0078125,0.540697674418605,0.540697674418605,0.521705426356589,5,"top5","hr_med_precond;hr_sd_precond;eda_med_precond;hrv_rmssd_precond;pupil_full_pupil_asymmetry_precond"
2025-12-19 16:54:26.589095,42,"stress_label",5,4,0.0078125,0.540697674418605,0.540697674418605,0.517054263565891,5,"top5","hr_med_precond;hr_sd_precond;eda_med_precond;hrv_rmssd_precond;pupil_full_pupil_asymmetry_precond"
2025-12-19 16:54:26.568685,42,"stress_label",5,8,0.0078125,0.569767441860465,0.581395348837209,0.558139534883721,5,"top5","hr_med_precond;hr_sd_precond;eda_med_precond;hrv_rmssd_precond;pupil_full_pupil_asymmetry_precond"
2025-12-19 16:54:26.597031,42,"stress_label",5,16,0.0078125,0.581395348837209,0.575581395348837,0.585271317829457,5,"top5","hr_med_precond;hr_sd_precond;eda_med_precond;hrv_rmssd_precond;pupil_full_pupil_asymmetry_precond"
2025-12-19 16:54:26.585169,42,"stress_label",5,32,0.0078125,0.575581395348837,0.587209302325581,0.586821705426357,5,"top5","hr_med_precond;hr_sd_precond;eda_med_precond;hrv_rmssd_precond;pupil_full_pupil_asymmetry_precond"
2025-12-19 16:54:26.592537,42,"stress_label",5,64,0.0078125,0.575581395348837,0.587209302325581,0.608527131782946,5,"top5","hr_med_precond;hr_sd_precond;eda_med_precond;hrv_rmssd_precond;pupil_full_pupil_asymmetry_precond"
2025-12-19 16:54:26.627769,42,"stress_label",5,128,0.0078125,0.563953488372093,0.569767441860465,0.610077519379845,5,"top5","hr_med_precond;hr_sd_precond;eda_med_precond;hrv_rmssd_precond;pupil_full_pupil_asymmetry_precond"
2025-12-19 16:54:26.661362,42,"stress_label",5,256,0.0078125,0.529069767441861,0.505813953488372,0.568992248062016,5,"top5","hr_med_precond;hr_sd_precond;eda_med_precond;hrv_rmssd_precond;pupil_full_pupil_asymmetry_precond"
2025-12-19 16:54:26.607035,42,"stress_label",5,2,0.015625,0.552325581395349,0.587209302325581,0.543410852713178,5,"top5","hr_med_precond;hr_sd_precond;eda_med_precond;hrv_rmssd_precond;pupil_full_pupil_asymmetry_precond"
2025-12-19 16:54:26.548261,42,"stress_label",5,4,0.015625,0.581395348837209,0.575581395348837,0.583720930232558,5,"top5","hr_med_precond;hr_sd_precond;eda_med_precond;hrv_rmssd_precond;pupil_full_pupil_asymmetry_precond"
2025-12-19 16:54:26.577803,42,"stress_label",5,8,0.015625,0.581395348837209,0.558139534883721,0.596124031007752,5,"top5","hr_med_precond;hr_sd_precond;eda_med_precond;hrv_rmssd_precond;pupil_full_pupil_asymmetry_precond"
2025-12-19 16:54:26.604966,42,"stress_label",5,16,0.015625,0.569767441860465,0.587209302325581,0.596899224806202,5,"top5","hr_med_precond;hr_sd_precond;eda_med_precond;hrv_rmssd_precond;pupil_full_pupil_asymmetry_precond"
2025-12-19 16:54:26.582852,42,"stress_label",5,32,0.015625,0.569767441860465,0.540697674418605,0.612403100775194,5,"top5","hr_med_precond;hr_sd_precond;eda_med_precond;hrv_rmssd_precond;pupil_full_pupil_asymmetry_precond"
2025-12-19 16:54:26.615944,42,"stress_label",5,64,0.015625,0.534883720930233,0.505813953488372,0.57984496124031,5,"top5","hr_med_precond;hr_sd_precond;eda_med_precond;hrv_rmssd_precond;pupil_full_pupil_asymmetry_precond"
2025-12-19 16:54:27.681523,42,"stress_label",5,128,0.015625,0.529069767441861,0.523255813953488,0.567441860465116,5,"top5","hr_med_precond;hr_sd_precond;eda_med_precond;hrv_rmssd_precond;pupil_full_pupil_asymmetry_precond"
2025-12-19 16:54:27.763379,42,"stress_label",5,256,0.015625,0.511627906976744,0.511627906976744,0.542635658914729,5,"top5","hr_med_precond;hr_sd_precond;eda_med_precond;hrv_rmssd_precond;pupil_full_pupil_asymmetry_precond"
2025-12-19 16:54:27.608515,42,"stress_label",5,2,0.03125,0.581395348837209,0.563953488372093,0.598449612403101,5,"top5","hr_med_precond;hr_sd_precond;eda_med_precond;hrv_rmssd_precond;pupil_full_pupil_asymmetry_precond"
2025-12-19 16:54:27.636205,42,"stress_label",5,4,0.03125,0.575581395348837,0.587209302325581,0.596124031007752,5,"top5","hr_med_precond;hr_sd_precond;eda_med_precond;hrv_rmssd_precond;pupil_full_pupil_asymmetry_precond"
2025-12-19 16:54:27.637538,42,"stress_label",5,8,0.03125,0.581395348837209,0.569767441860465,0.613178294573643,5,"top5","hr_med_precond;hr_sd_precond;eda_med_precond;hrv_rmssd_precond;pupil_full_pupil_asymmetry_precond"
2025-12-19 16:54:27.66094,42,"stress_label",5,16,0.03125,0.540697674418605,0.529069767441861,0.583720930232558,5,"top5","hr_med_precond;hr_sd_precond;eda_med_precond;hrv_rmssd_precond;pupil_full_pupil_asymmetry_precond"
2025-12-19 16:54:27.650905,42,"stress_label",5,32,0.03125,0.529069767441861,0.523255813953488,0.569767441860465,5,"top5","hr_med_precond;hr_sd_precond;eda_med_precond;hrv_rmssd_precond;pupil_full_pupil_asymmetry_precond"
2025-12-19 16:54:27.724886,42,"stress_label",5,64,0.03125,0.517441860465116,0.453488372093023,0.544961240310078,5,"top5","hr_med_precond;hr_sd_precond;eda_med_precond;hrv_rmssd_precond;pupil_full_pupil_asymmetry_precond"
2025-12-19 16:54:27.812418,42,"stress_label",5,128,0.03125,0.482558139534884,0.383720930232558,0.523255813953488,5,"top5","hr_med_precond;hr_sd_precond;eda_med_precond;hrv_rmssd_precond;pupil_full_pupil_asymmetry_precond"
2025-12-19 16:54:28.012634,42,"stress_label",5,256,0.03125,0.476744186046512,0.348837209302326,0.507751937984496,5,"top5","hr_med_precond;hr_sd_precond;eda_med_precond;hrv_rmssd_precond;pupil_full_pupil_asymmetry_precond"
2025-12-19 16:54:27.646311,42,"stress_label",5,2,0.0625,0.587209302325581,0.552325581395349,0.617054263565891,5,"top5","hr_med_precond;hr_sd_precond;eda_med_precond;hrv_rmssd_precond;pupil_full_pupil_asymmetry_precond"
2025-12-19 16:54:27.673801,42,"stress_label",5,4,0.0625,0.552325581395349,0.529069767441861,0.591472868217054,5,"top5","hr_med_precond;hr_sd_precond;eda_med_precond;hrv_rmssd_precond;pupil_full_pupil_asymmetry_precond"
2025-12-19 16:54:27.662247,42,"stress_label",5,8,0.0625,0.534883720930233,0.482558139534884,0.574418604651163,5,"top5","hr_med_precond;hr_sd_precond;eda_med_precond;hrv_rmssd_precond;pupil_full_pupil_asymmetry_precond"
2025-12-19 16:54:27.717959,42,"stress_label",5,16,0.0625,0.529069767441861,0.38953488372093,0.56046511627907,5,"top5","hr_med_precond;hr_sd_precond;eda_med_precond;hrv_rmssd_precond;pupil_full_pupil_asymmetry_precond"
2025-12-19 16:54:28.695458,42,"stress_label",5,32,0.0625,0.47093023255814,0.377906976744186,0.5,5,"top5","hr_med_precond;hr_sd_precond;eda_med_precond;hrv_rmssd_precond;pupil_full_pupil_asymmetry_precond"
2025-12-19 16:54:28.823038,42,"stress_label",5,64,0.0625,0.436046511627907,0.511627906976744,0.463565891472868,5,"top5","hr_med_precond;hr_sd_precond;eda_med_precond;hrv_rmssd_precond;pupil_full_pupil_asymmetry_precond"
2025-12-19 16:54:28.993132,42,"stress_label",5,128,0.0625,0.412790697674419,0.575581395348837,0.426356589147287,5,"top5","hr_med_precond;hr_sd_precond;eda_med_precond;hrv_rmssd_precond;pupil_full_pupil_asymmetry_precond"
2025-12-19 16:54:29.294305,42,"stress_label",5,256,0.0625,0.401162790697674,0.563953488372093,0.416279069767442,5,"top5","hr_med_precond;hr_sd_precond;eda_med_precond;hrv_rmssd_precond;pupil_full_pupil_asymmetry_precond"
2025-12-19 16:54:28.676034,42,"stress_label",5,2,0.125,0.558139534883721,0.511627906976744,0.595348837209302,5,"top5","hr_med_precond;hr_sd_precond;eda_med_precond;hrv_rmssd_precond;pupil_full_pupil_asymmetry_precond"
2025-12-19 16:54:28.676249,42,"stress_label",5,4,0.125,0.529069767441861,0.401162790697674,0.562015503875969,5,"top5","hr_med_precond;hr_sd_precond;eda_med_precond;hrv_rmssd_precond;pupil_full_pupil_asymmetry_precond"
2025-12-19 16:54:28.712888,42,"stress_label",5,8,0.125,0.5,0.395348837209302,0.523255813953488,5,"top5","hr_med_precond;hr_sd_precond;eda_med_precond;hrv_rmssd_precond;pupil_full_pupil_asymmetry_precond"
2025-12-19 16:54:28.747627,42,"stress_label",5,16,0.125,0.447674418604651,0.38953488372093,0.465116279069767,5,"top5","hr_med_precond;hr_sd_precond;eda_med_precond;hrv_rmssd_precond;pupil_full_pupil_asymmetry_precond"
2025-12-19 16:54:28.831849,42,"stress_label",5,32,0.125,0.412790697674419,0.540697674418605,0.411627906976744,5,"top5","hr_med_precond;hr_sd_precond;eda_med_precond;hrv_rmssd_precond;pupil_full_pupil_asymmetry_precond"
2025-12-19 16:54:29.015182,42,"stress_label",5,64,0.125,0.38953488372093,0.616279069767442,0.393023255813953,5,"top5","hr_med_precond;hr_sd_precond;eda_med_precond;hrv_rmssd_precond;pupil_full_pupil_asymmetry_precond"
2025-12-19 16:54:29.24387,42,"stress_label",5,128,0.125,0.395348837209302,0.622093023255814,0.389147286821705,5,"top5","hr_med_precond;hr_sd_precond;eda_med_precond;hrv_rmssd_precond;pupil_full_pupil_asymmetry_precond"
2025-12-19 16:54:29.757417,42,"stress_label",5,256,0.125,0.412790697674419,0.593023255813954,0.406201550387597,5,"top5","hr_med_precond;hr_sd_precond;eda_med_precond;hrv_rmssd_precond;pupil_full_pupil_asymmetry_precond"
2025-12-19 16:54:28.828589,42,"stress_label",5,2,0.03,0.587209302325581,0.563953488372093,0.598449612403101,5,"top5","hr_med_precond;hr_sd_precond;eda_med_precond;hrv_rmssd_precond;pupil_full_pupil_asymmetry_precond"
2025-12-19 16:54:29.039701,42,"stress_label",5,4,0.03,0.581395348837209,0.581395348837209,0.598449612403101,5,"top5","hr_med_precond;hr_sd_precond;eda_med_precond;hrv_rmssd_precond;pupil_full_pupil_asymmetry_precond"
2025-12-19 16:54:29.708037,42,"stress_label",5,8,0.03,0.581395348837209,0.563953488372093,0.613178294573643,5,"top5","hr_med_precond;hr_sd_precond;eda_med_precond;hrv_rmssd_precond;pupil_full_pupil_asymmetry_precond"
2025-12-19 16:54:29.714045,42,"stress_label",5,16,0.03,0.546511627906977,0.529069767441861,0.586821705426357,5,"top5","hr_med_precond;hr_sd_precond;eda_med_precond;hrv_rmssd_precond;pupil_full_pupil_asymmetry_precond"
2025-12-19 16:54:29.74719,42,"stress_label",5,32,0.03,0.523255813953488,0.511627906976744,0.565116279069767,5,"top5","hr_med_precond;hr_sd_precond;eda_med_precond;hrv_rmssd_precond;pupil_full_pupil_asymmetry_precond"
2025-12-19 16:54:29.812431,42,"stress_label",5,64,0.03,0.517441860465116,0.441860465116279,0.544961240310078,5,"top5","hr_med_precond;hr_sd_precond;eda_med_precond;hrv_rmssd_precond;pupil_full_pupil_asymmetry_precond"
2025-12-19 16:54:29.951019,42,"stress_label",5,128,0.03,0.488372093023256,0.343023255813953,0.526356589147287,5,"top5","hr_med_precond;hr_sd_precond;eda_med_precond;hrv_rmssd_precond;pupil_full_pupil_asymmetry_precond"
2025-12-19 16:54:30.179166,42,"stress_label",5,256,0.03,0.488372093023256,0.598837209302326,0.516279069767442,5,"top5","hr_med_precond;hr_sd_precond;eda_med_precond;hrv_rmssd_precond;pupil_full_pupil_asymmetry_precond"
2025-12-19 16:54:29.853497,42,"stress_label",5,2,0.06,0.587209302325581,0.575581395348837,0.617054263565891,5,"top5","hr_med_precond;hr_sd_precond;eda_med_precond;hrv_rmssd_precond;pupil_full_pupil_asymmetry_precond"
2025-12-19 16:54:29.852975,42,"stress_label",5,4,0.06,0.558139534883721,0.523255813953488,0.593798449612403,5,"top5","hr_med_precond;hr_sd_precond;eda_med_precond;hrv_rmssd_precond;pupil_full_pupil_asymmetry_precond"
2025-12-19 16:54:30.011965,42,"stress_label",5,8,0.06,0.534883720930233,0.488372093023256,0.574418604651163,5,"top5","hr_med_precond;hr_sd_precond;eda_med_precond;hrv_rmssd_precond;pupil_full_pupil_asymmetry_precond"
2025-12-19 16:54:30.070925,42,"stress_label",5,16,0.06,0.546511627906977,0.494186046511628,0.585271317829457,5,"top5","hr_med_precond;hr_sd_precond;eda_med_precond;hrv_rmssd_precond;pupil_full_pupil_asymmetry_precond"
2025-12-19 16:54:30.144421,42,"stress_label",5,32,0.06,0.488372093023256,0.38953488372093,0.516279069767442,5,"top5","hr_med_precond;hr_sd_precond;eda_med_precond;hrv_rmssd_precond;pupil_full_pupil_asymmetry_precond"
2025-12-19 16:54:30.402147,42,"stress_label",5,64,0.06,0.441860465116279,0.47093023255814,0.471317829457364,5,"top5","hr_med_precond;hr_sd_precond;eda_med_precond;hrv_rmssd_precond;pupil_full_pupil_asymmetry_precond"
2025-12-19 16:54:30.562632,42,"stress_label",5,128,0.06,0.412790697674419,0.546511627906977,0.424031007751938,5,"top5","hr_med_precond;hr_sd_precond;eda_med_precond;hrv_rmssd_precond;pupil_full_pupil_asymmetry_precond"
2025-12-19 16:54:31.060903,42,"stress_label",5,256,0.06,0.406976744186047,0.569767441860465,0.42093023255814,5,"top5","hr_med_precond;hr_sd_precond;eda_med_precond;hrv_rmssd_precond;pupil_full_pupil_asymmetry_precond"
2025-12-19 16:54:30.673012,42,"stress_label",5,2,0.1,0.563953488372093,0.523255813953488,0.598449612403101,5,"top5","hr_med_precond;hr_sd_precond;eda_med_precond;hrv_rmssd_precond;pupil_full_pupil_asymmetry_precond"
2025-12-19 16:54:30.667773,42,"stress_label",5,4,0.1,0.552325581395349,0.447674418604651,0.586046511627907,5,"top5","hr_med_precond;hr_sd_precond;eda_med_precond;hrv_rmssd_precond;pupil_full_pupil_asymmetry_precond"
2025-12-19 16:54:30.705222,42,"stress_label",5,8,0.1,0.517441860465116,0.348837209302326,0.541860465116279,5,"top5","hr_med_precond;hr_sd_precond;eda_med_precond;hrv_rmssd_precond;pupil_full_pupil_asymmetry_precond"
2025-12-19 16:54:30.786071,42,"stress_label",5,16,0.1,0.465116279069767,0.331395348837209,0.481395348837209,5,"top5","hr_med_precond;hr_sd_precond;eda_med_precond;hrv_rmssd_precond;pupil_full_pupil_asymmetry_precond"
2025-12-19 16:54:30.839935,42,"stress_label",5,32,0.1,0.430232558139535,0.552325581395349,0.447286821705426,5,"top5","hr_med_precond;hr_sd_precond;eda_med_precond;hrv_rmssd_precond;pupil_full_pupil_asymmetry_precond"
2025-12-19 16:54:30.909109,42,"stress_label",5,64,0.1,0.395348837209302,0.558139534883721,0.402325581395349,5,"top5","hr_med_precond;hr_sd_precond;eda_med_precond;hrv_rmssd_precond;pupil_full_pupil_asymmetry_precond"
2025-12-19 16:54:31.094759,42,"stress_label",5,128,0.1,0.383720930232558,0.645348837209302,0.39922480620155,5,"top5","hr_med_precond;hr_sd_precond;eda_med_precond;hrv_rmssd_precond;pupil_full_pupil_asymmetry_precond"
2025-12-19 16:54:31.386825,42,"stress_label",5,256,0.1,0.383720930232558,0.633720930232558,0.375193798449612,5,"top5","hr_med_precond;hr_sd_precond;eda_med_precond;hrv_rmssd_precond;pupil_full_pupil_asymmetry_precond"
2025-12-19 16:54:32.669884,43,"stress_label",5,2,0.0078125,0.604651162790698,0.581395348837209,0.594573643410853,5,"top5","hr_sd_precond;eda_med_precond;hr_med_precond;eeg_fm_specent_precond;hrv_rmssd_precond"
2025-12-19 16:54:32.65131,43,"stress_label",5,4,0.0078125,0.581395348837209,0.593023255813954,0.575193798449612,5,"top5","hr_sd_precond;eda_med_precond;hr_med_precond;eeg_fm_specent_precond;hrv_rmssd_precond"
2025-12-19 16:54:32.652311,43,"stress_label",5,8,0.0078125,0.598837209302326,0.598837209302326,0.596899224806202,5,"top5","hr_sd_precond;eda_med_precond;hr_med_precond;eeg_fm_specent_precond;hrv_rmssd_precond"
2025-12-19 16:54:32.661477,43,"stress_label",5,16,0.0078125,0.598837209302326,0.604651162790698,0.590697674418605,5,"top5","hr_sd_precond;eda_med_precond;hr_med_precond;eeg_fm_specent_precond;hrv_rmssd_precond"
2025-12-19 16:54:32.691895,43,"stress_label",5,32,0.0078125,0.598837209302326,0.598837209302326,0.594573643410853,5,"top5","hr_sd_precond;eda_med_precond;hr_med_precond;eeg_fm_specent_precond;hrv_rmssd_precond"
2025-12-19 16:54:32.684549,43,"stress_label",5,64,0.0078125,0.569767441860465,0.575581395348837,0.56046511627907,5,"top5","hr_sd_precond;eda_med_precond;hr_med_precond;eeg_fm_specent_precond;hrv_rmssd_precond"
2025-12-19 16:54:32.756875,43,"stress_label",5,128,0.0078125,0.534883720930233,0.534883720930233,0.517054263565891,5,"top5","hr_sd_precond;eda_med_precond;hr_med_precond;eeg_fm_specent_precond;hrv_rmssd_precond"
2025-12-19 16:54:32.777679,43,"stress_label",5,256,0.0078125,0.529069767441861,0.465116279069767,0.521705426356589,5,"top5","hr_sd_precond;eda_med_precond;hr_med_precond;eeg_fm_specent_precond;hrv_rmssd_precond"
2025-12-19 16:54:32.670863,43,"stress_label",5,2,0.015625,0.581395348837209,0.593023255813954,0.582170542635659,5,"top5","hr_sd_precond;eda_med_precond;hr_med_precond;eeg_fm_specent_precond;hrv_rmssd_precond"
2025-12-19 16:54:32.64017,43,"stress_label",5,4,0.015625,0.598837209302326,0.616279069767442,0.593798449612403,5,"top5","hr_sd_precond;eda_med_precond;hr_med_precond;eeg_fm_specent_precond;hrv_rmssd_precond"
2025-12-19 16:54:32.674682,43,"stress_label",5,8,0.015625,0.604651162790698,0.598837209302326,0.602325581395349,5,"top5","hr_sd_precond;eda_med_precond;hr_med_precond;eeg_fm_specent_precond;hrv_rmssd_precond"
2025-12-19 16:54:32.679046,43,"stress_label",5,16,0.015625,0.575581395348837,0.569767441860465,0.561240310077519,5,"top5","hr_sd_precond;eda_med_precond;hr_med_precond;eeg_fm_specent_precond;hrv_rmssd_precond"
2025-12-19 16:54:32.68671,43,"stress_label",5,32,0.015625,0.534883720930233,0.488372093023256,0.524806201550388,5,"top5","hr_sd_precond;eda_med_precond;hr_med_precond;eeg_fm_specent_precond;hrv_rmssd_precond"
2025-12-19 16:54:32.733518,43,"stress_label",5,64,0.015625,0.529069767441861,0.401162790697674,0.521705426356589,5,"top5","hr_sd_precond;eda_med_precond;hr_med_precond;eeg_fm_specent_precond;hrv_rmssd_precond"
2025-12-19 16:54:33.804106,43,"stress_label",5,128,0.015625,0.494186046511628,0.418604651162791,NA,5,"top5","hr_sd_precond;eda_med_precond;hr_med_precond;eeg_fm_specent_precond;hrv_rmssd_precond"
2025-12-19 16:54:33.915018,43,"stress_label",5,256,0.015625,0.453488372093023,0.366279069767442,NA,5,"top5","hr_sd_precond;eda_med_precond;hr_med_precond;eeg_fm_specent_precond;hrv_rmssd_precond"
2025-12-19 16:54:33.688016,43,"stress_label",5,2,0.03125,0.598837209302326,0.598837209302326,0.60077519379845,5,"top5","hr_sd_precond;eda_med_precond;hr_med_precond;eeg_fm_specent_precond;hrv_rmssd_precond"
2025-12-19 16:54:33.711235,43,"stress_label",5,4,0.03125,0.587209302325581,0.598837209302326,0.57984496124031,5,"top5","hr_sd_precond;eda_med_precond;hr_med_precond;eeg_fm_specent_precond;hrv_rmssd_precond"
2025-12-19 16:54:33.72945,43,"stress_label",5,8,0.03125,0.540697674418605,0.540697674418605,0.527906976744186,5,"top5","hr_sd_precond;eda_med_precond;hr_med_precond;eeg_fm_specent_precond;hrv_rmssd_precond"
2025-12-19 16:54:33.766492,43,"stress_label",5,16,0.03125,0.523255813953488,0.47093023255814,0.517829457364341,5,"top5","hr_sd_precond;eda_med_precond;hr_med_precond;eeg_fm_specent_precond;hrv_rmssd_precond"
2025-12-19 16:54:33.79436,43,"stress_label",5,32,0.03125,0.476744186046512,0.395348837209302,NA,5,"top5","hr_sd_precond;eda_med_precond;hr_med_precond;eeg_fm_specent_precond;hrv_rmssd_precond"
2025-12-19 16:54:33.848077,43,"stress_label",5,64,0.03125,0.476744186046512,0.406976744186047,NA,5,"top5","hr_sd_precond;eda_med_precond;hr_med_precond;eeg_fm_specent_precond;hrv_rmssd_precond"
2025-12-19 16:54:33.919702,43,"stress_label",5,128,0.03125,0.430232558139535,0.383720930232558,0.427131782945736,5,"top5","hr_sd_precond;eda_med_precond;hr_med_precond;eeg_fm_specent_precond;hrv_rmssd_precond"
2025-12-19 16:54:34.087888,43,"stress_label",5,256,0.03125,0.418604651162791,0.465116279069767,NA,5,"top5","hr_sd_precond;eda_med_precond;hr_med_precond;eeg_fm_specent_precond;hrv_rmssd_precond"
2025-12-19 16:54:33.7475,43,"stress_label",5,2,0.0625,0.552325581395349,0.563953488372093,0.548837209302326,5,"top5","hr_sd_precond;eda_med_precond;hr_med_precond;eeg_fm_specent_precond;hrv_rmssd_precond"
2025-12-19 16:54:33.779648,43,"stress_label",5,4,0.0625,0.534883720930233,0.563953488372093,0.529457364341085,5,"top5","hr_sd_precond;eda_med_precond;hr_med_precond;eeg_fm_specent_precond;hrv_rmssd_precond"
2025-12-19 16:54:33.819528,43,"stress_label",5,8,0.0625,0.494186046511628,0.366279069767442,0.496124031007752,5,"top5","hr_sd_precond;eda_med_precond;hr_med_precond;eeg_fm_specent_precond;hrv_rmssd_precond"
2025-12-19 16:54:33.851284,43,"stress_label",5,16,0.0625,0.465116279069767,0.418604651162791,0.465891472868217,5,"top5","hr_sd_precond;eda_med_precond;hr_med_precond;eeg_fm_specent_precond;hrv_rmssd_precond"
2025-12-19 16:54:34.79221,43,"stress_label",5,32,0.0625,0.441860465116279,0.494186046511628,0.443410852713178,5,"top5","hr_sd_precond;eda_med_precond;hr_med_precond;eeg_fm_specent_precond;hrv_rmssd_precond"
2025-12-19 16:54:34.943782,43,"stress_label",5,64,0.0625,0.418604651162791,0.465116279069767,NA,5,"top5","hr_sd_precond;eda_med_precond;hr_med_precond;eeg_fm_specent_precond;hrv_rmssd_precond"
2025-12-19 16:54:35.106831,43,"stress_label",5,128,0.0625,0.453488372093023,0.383720930232558,NA,5,"top5","hr_sd_precond;eda_med_precond;hr_med_precond;eeg_fm_specent_precond;hrv_rmssd_precond"
2025-12-19 16:54:35.440184,43,"stress_label",5,256,0.0625,0.453488372093023,0.453488372093023,NA,5,"top5","hr_sd_precond;eda_med_precond;hr_med_precond;eeg_fm_specent_precond;hrv_rmssd_precond"
2025-12-19 16:54:34.822496,43,"stress_label",5,2,0.125,0.529069767441861,0.569767441860465,0.513953488372093,5,"top5","hr_sd_precond;eda_med_precond;hr_med_precond;eeg_fm_specent_precond;hrv_rmssd_precond"
2025-12-19 16:54:34.834875,43,"stress_label",5,4,0.125,0.494186046511628,0.395348837209302,0.498449612403101,5,"top5","hr_sd_precond;eda_med_precond;hr_med_precond;eeg_fm_specent_precond;hrv_rmssd_precond"
2025-12-19 16:54:34.866714,43,"stress_label",5,8,0.125,0.436046511627907,0.424418604651163,0.441085271317829,5,"top5","hr_sd_precond;eda_med_precond;hr_med_precond;eeg_fm_specent_precond;hrv_rmssd_precond"
2025-12-19 16:54:34.909368,43,"stress_label",5,16,0.125,0.441860465116279,0.412790697674419,NA,5,"top5","hr_sd_precond;eda_med_precond;hr_med_precond;eeg_fm_specent_precond;hrv_rmssd_precond"
2025-12-19 16:54:35.012327,43,"stress_label",5,32,0.125,0.447674418604651,0.465116279069767,NA,5,"top5","hr_sd_precond;eda_med_precond;hr_med_precond;eeg_fm_specent_precond;hrv_rmssd_precond"
2025-12-19 16:54:35.185784,43,"stress_label",5,64,0.125,0.453488372093023,0.5,NA,5,"top5","hr_sd_precond;eda_med_precond;hr_med_precond;eeg_fm_specent_precond;hrv_rmssd_precond"
2025-12-19 16:54:35.46548,43,"stress_label",5,128,0.125,0.505813953488372,0.395348837209302,NA,5,"top5","hr_sd_precond;eda_med_precond;hr_med_precond;eeg_fm_specent_precond;hrv_rmssd_precond"
2025-12-19 16:54:35.932649,43,"stress_label",5,256,0.125,0.453488372093023,0.47093023255814,NA,5,"top5","hr_sd_precond;eda_med_precond;hr_med_precond;eeg_fm_specent_precond;hrv_rmssd_precond"
2025-12-19 16:54:34.973891,43,"stress_label",5,2,0.03,0.598837209302326,0.598837209302326,0.593798449612403,5,"top5","hr_sd_precond;eda_med_precond;hr_med_precond;eeg_fm_specent_precond;hrv_rmssd_precond"
2025-12-19 16:54:35.121103,43,"stress_label",5,4,0.03,0.593023255813954,0.581395348837209,0.587596899224806,5,"top5","hr_sd_precond;eda_med_precond;hr_med_precond;eeg_fm_specent_precond;hrv_rmssd_precond"
2025-12-19 16:54:35.817417,43,"stress_label",5,8,0.03,0.540697674418605,0.517441860465116,0.525581395348837,5,"top5","hr_sd_precond;eda_med_precond;hr_med_precond;eeg_fm_specent_precond;hrv_rmssd_precond"
2025-12-19 16:54:35.86454,43,"stress_label",5,16,0.03,0.523255813953488,0.494186046511628,0.517829457364341,5,"top5","hr_sd_precond;eda_med_precond;hr_med_precond;eeg_fm_specent_precond;hrv_rmssd_precond"
2025-12-19 16:54:35.914613,43,"stress_label",5,32,0.03,0.476744186046512,0.38953488372093,NA,5,"top5","hr_sd_precond;eda_med_precond;hr_med_precond;eeg_fm_specent_precond;hrv_rmssd_precond"
2025-12-19 16:54:35.991135,43,"stress_label",5,64,0.03,0.476744186046512,0.366279069767442,NA,5,"top5","hr_sd_precond;eda_med_precond;hr_med_precond;eeg_fm_specent_precond;hrv_rmssd_precond"
2025-12-19 16:54:36.146151,43,"stress_label",5,128,0.03,0.430232558139535,0.366279069767442,0.427131782945736,5,"top5","hr_sd_precond;eda_med_precond;hr_med_precond;eeg_fm_specent_precond;hrv_rmssd_precond"
2025-12-19 16:54:36.340024,43,"stress_label",5,256,0.03,0.430232558139535,0.459302325581395,NA,5,"top5","hr_sd_precond;eda_med_precond;hr_med_precond;eeg_fm_specent_precond;hrv_rmssd_precond"
2025-12-19 16:54:35.97057,43,"stress_label",5,2,0.06,0.546511627906977,0.540697674418605,0.544961240310078,5,"top5","hr_sd_precond;eda_med_precond;hr_med_precond;eeg_fm_specent_precond;hrv_rmssd_precond"
2025-12-19 16:54:36.050275,43,"stress_label",5,4,0.06,0.540697674418605,0.523255813953488,0.536434108527132,5,"top5","hr_sd_precond;eda_med_precond;hr_med_precond;eeg_fm_specent_precond;hrv_rmssd_precond"
2025-12-19 16:54:36.189636,43,"stress_label",5,8,0.06,0.5,0.459302325581395,NA,5,"top5","hr_sd_precond;eda_med_precond;hr_med_precond;eeg_fm_specent_precond;hrv_rmssd_precond"
2025-12-19 16:54:36.19267,43,"stress_label",5,16,0.06,0.47093023255814,0.395348837209302,0.475193798449612,5,"top5","hr_sd_precond;eda_med_precond;hr_med_precond;eeg_fm_specent_precond;hrv_rmssd_precond"
2025-12-19 16:54:36.295538,43,"stress_label",5,32,0.06,0.441860465116279,0.406976744186047,0.448062015503876,5,"top5","hr_sd_precond;eda_med_precond;hr_med_precond;eeg_fm_specent_precond;hrv_rmssd_precond"
2025-12-19 16:54:36.611707,43,"stress_label",5,64,0.06,0.401162790697674,0.401162790697674,NA,5,"top5","hr_sd_precond;eda_med_precond;hr_med_precond;eeg_fm_specent_precond;hrv_rmssd_precond"
2025-12-19 16:54:36.771976,43,"stress_label",5,128,0.06,0.436046511627907,0.418604651162791,NA,5,"top5","hr_sd_precond;eda_med_precond;hr_med_precond;eeg_fm_specent_precond;hrv_rmssd_precond"
2025-12-19 16:54:37.240682,43,"stress_label",5,256,0.06,0.453488372093023,0.441860465116279,NA,5,"top5","hr_sd_precond;eda_med_precond;hr_med_precond;eeg_fm_specent_precond;hrv_rmssd_precond"
2025-12-19 16:54:36.821798,43,"stress_label",5,2,0.1,0.540697674418605,0.465116279069767,0.526356589147287,5,"top5","hr_sd_precond;eda_med_precond;hr_med_precond;eeg_fm_specent_precond;hrv_rmssd_precond"
2025-12-19 16:54:36.904785,43,"stress_label",5,4,0.1,0.505813953488372,0.418604651162791,0.5,5,"top5","hr_sd_precond;eda_med_precond;hr_med_precond;eeg_fm_specent_precond;hrv_rmssd_precond"
2025-12-19 16:54:36.918063,43,"stress_label",5,8,0.1,0.482558139534884,0.383720930232558,0.47984496124031,5,"top5","hr_sd_precond;eda_med_precond;hr_med_precond;eeg_fm_specent_precond;hrv_rmssd_precond"
2025-12-19 16:54:36.948171,43,"stress_label",5,16,0.1,0.412790697674419,0.412790697674419,0.41937984496124,5,"top5","hr_sd_precond;eda_med_precond;hr_med_precond;eeg_fm_specent_precond;hrv_rmssd_precond"
2025-12-19 16:54:37.026258,43,"stress_label",5,32,0.1,0.453488372093023,0.372093023255814,NA,5,"top5","hr_sd_precond;eda_med_precond;hr_med_precond;eeg_fm_specent_precond;hrv_rmssd_precond"
2025-12-19 16:54:37.136899,43,"stress_label",5,64,0.1,0.447674418604651,0.476744186046512,NA,5,"top5","hr_sd_precond;eda_med_precond;hr_med_precond;eeg_fm_specent_precond;hrv_rmssd_precond"
2025-12-19 16:54:37.324712,43,"stress_label",5,128,0.1,0.47093023255814,0.447674418604651,NA,5,"top5","hr_sd_precond;eda_med_precond;hr_med_precond;eeg_fm_specent_precond;hrv_rmssd_precond"
2025-12-19 16:54:37.635739,43,"stress_label",5,256,0.1,0.511627906976744,0.430232558139535,NA,5,"top5","hr_sd_precond;eda_med_precond;hr_med_precond;eeg_fm_specent_precond;hrv_rmssd_precond"
2025-12-19 16:54:38.883217,44,"stress_label",5,2,0.0078125,0.587209302325581,0.581395348837209,0.575968992248062,5,"top5","hr_med_precond;hr_sd_precond;eda_med_precond;eeg_fm_specent_precond;hrv_rmssd_precond"
2025-12-19 16:54:38.884954,44,"stress_label",5,4,0.0078125,0.598837209302326,0.604651162790698,0.589922480620155,5,"top5","hr_med_precond;hr_sd_precond;eda_med_precond;eeg_fm_specent_precond;hrv_rmssd_precond"
2025-12-19 16:54:38.850582,44,"stress_label",5,8,0.0078125,0.593023255813954,0.604651162790698,0.578294573643411,5,"top5","hr_med_precond;hr_sd_precond;eda_med_precond;eeg_fm_specent_precond;hrv_rmssd_precond"
2025-12-19 16:54:38.906821,44,"stress_label",5,16,0.0078125,0.581395348837209,0.61046511627907,0.566666666666667,5,"top5","hr_med_precond;hr_sd_precond;eda_med_precond;eeg_fm_specent_precond;hrv_rmssd_precond"
2025-12-19 16:54:38.912553,44,"stress_label",5,32,0.0078125,0.598837209302326,0.604651162790698,0.57984496124031,5,"top5","hr_med_precond;hr_sd_precond;eda_med_precond;eeg_fm_specent_precond;hrv_rmssd_precond"
2025-12-19 16:54:38.904479,44,"stress_label",5,64,0.0078125,0.546511627906977,0.563953488372093,0.541860465116279,5,"top5","hr_med_precond;hr_sd_precond;eda_med_precond;eeg_fm_specent_precond;hrv_rmssd_precond"
2025-12-19 16:54:38.92787,44,"stress_label",5,128,0.0078125,0.511627906976744,0.482558139534884,0.505426356589147,5,"top5","hr_med_precond;hr_sd_precond;eda_med_precond;eeg_fm_specent_precond;hrv_rmssd_precond"
2025-12-19 16:54:39.004354,44,"stress_label",5,256,0.0078125,0.505813953488372,0.465116279069767,NA,5,"top5","hr_med_precond;hr_sd_precond;eda_med_precond;eeg_fm_specent_precond;hrv_rmssd_precond"
2025-12-19 16:54:38.894606,44,"stress_label",5,2,0.015625,0.598837209302326,0.61046511627907,0.591472868217054,5,"top5","hr_med_precond;hr_sd_precond;eda_med_precond;eeg_fm_specent_precond;hrv_rmssd_precond"
2025-12-19 16:54:38.873073,44,"stress_label",5,4,0.015625,0.575581395348837,0.587209302325581,0.564341085271318,5,"top5","hr_med_precond;hr_sd_precond;eda_med_precond;eeg_fm_specent_precond;hrv_rmssd_precond"
2025-12-19 16:54:38.902236,44,"stress_label",5,8,0.015625,0.593023255813954,0.604651162790698,0.57984496124031,5,"top5","hr_med_precond;hr_sd_precond;eda_med_precond;eeg_fm_specent_precond;hrv_rmssd_precond"
2025-12-19 16:54:38.8862,44,"stress_label",5,16,0.015625,0.546511627906977,0.581395348837209,0.541860465116279,5,"top5","hr_med_precond;hr_sd_precond;eda_med_precond;eeg_fm_specent_precond;hrv_rmssd_precond"
2025-12-19 16:54:38.916722,44,"stress_label",5,32,0.015625,0.505813953488372,0.511627906976744,0.496124031007752,5,"top5","hr_med_precond;hr_sd_precond;eda_med_precond;eeg_fm_specent_precond;hrv_rmssd_precond"
2025-12-19 16:54:38.94817,44,"stress_label",5,64,0.015625,0.5,0.47093023255814,NA,5,"top5","hr_med_precond;hr_sd_precond;eda_med_precond;eeg_fm_specent_precond;hrv_rmssd_precond"
2025-12-19 16:54:40.059486,44,"stress_label",5,128,0.015625,0.511627906976744,0.511627906976744,NA,5,"top5","hr_med_precond;hr_sd_precond;eda_med_precond;eeg_fm_specent_precond;hrv_rmssd_precond"
2025-12-19 16:54:40.166965,44,"stress_label",5,256,0.015625,0.505813953488372,0.38953488372093,NA,5,"top5","hr_med_precond;hr_sd_precond;eda_med_precond;eeg_fm_specent_precond;hrv_rmssd_precond"
2025-12-19 16:54:39.985322,44,"stress_label",5,2,0.03125,0.587209302325581,0.575581395348837,0.57906976744186,5,"top5","hr_med_precond;hr_sd_precond;eda_med_precond;eeg_fm_specent_precond;hrv_rmssd_precond"
2025-12-19 16:54:39.956763,44,"stress_label",5,4,0.03125,0.563953488372093,0.575581395348837,0.552713178294574,5,"top5","hr_med_precond;hr_sd_precond;eda_med_precond;eeg_fm_specent_precond;hrv_rmssd_precond"
2025-12-19 16:54:39.964722,44,"stress_label",5,8,0.03125,0.511627906976744,0.546511627906977,0.508527131782946,5,"top5","hr_med_precond;hr_sd_precond;eda_med_precond;eeg_fm_specent_precond;hrv_rmssd_precond"
2025-12-19 16:54:39.99769,44,"stress_label",5,16,0.03125,0.511627906976744,0.494186046511628,0.509302325581395,5,"top5","hr_med_precond;hr_sd_precond;eda_med_precond;eeg_fm_specent_precond;hrv_rmssd_precond"
2025-12-19 16:54:40.02027,44,"stress_label",5,32,0.03125,0.523255813953488,0.5,NA,5,"top5","hr_med_precond;hr_sd_precond;eda_med_precond;eeg_fm_specent_precond;hrv_rmssd_precond"
2025-12-19 16:54:40.098233,44,"stress_label",5,64,0.03125,0.540697674418605,0.476744186046512,NA,5,"top5","hr_med_precond;hr_sd_precond;eda_med_precond;eeg_fm_specent_precond;hrv_rmssd_precond"
2025-12-19 16:54:40.202042,44,"stress_label",5,128,0.03125,0.47093023255814,0.465116279069767,NA,5,"top5","hr_med_precond;hr_sd_precond;eda_med_precond;eeg_fm_specent_precond;hrv_rmssd_precond"
2025-12-19 16:54:40.397419,44,"stress_label",5,256,0.03125,0.441860465116279,0.476744186046512,NA,5,"top5","hr_med_precond;hr_sd_precond;eda_med_precond;eeg_fm_specent_precond;hrv_rmssd_precond"
2025-12-19 16:54:39.913362,44,"stress_label",5,2,0.0625,0.529069767441861,0.581395348837209,0.527131782945736,5,"top5","hr_med_precond;hr_sd_precond;eda_med_precond;eeg_fm_specent_precond;hrv_rmssd_precond"
2025-12-19 16:54:39.992129,44,"stress_label",5,4,0.0625,0.511627906976744,0.546511627906977,0.512403100775194,5,"top5","hr_med_precond;hr_sd_precond;eda_med_precond;eeg_fm_specent_precond;hrv_rmssd_precond"
2025-12-19 16:54:40.099603,44,"stress_label",5,8,0.0625,0.517441860465116,0.517441860465116,NA,5,"top5","hr_med_precond;hr_sd_precond;eda_med_precond;eeg_fm_specent_precond;hrv_rmssd_precond"
2025-12-19 16:54:40.116089,44,"stress_label",5,16,0.0625,0.517441860465116,0.447674418604651,NA,5,"top5","hr_med_precond;hr_sd_precond;eda_med_precond;eeg_fm_specent_precond;hrv_rmssd_precond"
2025-12-19 16:54:41.05737,44,"stress_label",5,32,0.0625,0.465116279069767,0.401162790697674,NA,5,"top5","hr_med_precond;hr_sd_precond;eda_med_precond;eeg_fm_specent_precond;hrv_rmssd_precond"
2025-12-19 16:54:41.218874,44,"stress_label",5,64,0.0625,0.453488372093023,0.47093023255814,NA,5,"top5","hr_med_precond;hr_sd_precond;eda_med_precond;eeg_fm_specent_precond;hrv_rmssd_precond"
2025-12-19 16:54:41.360363,44,"stress_label",5,128,0.0625,0.441860465116279,0.372093023255814,NA,5,"top5","hr_med_precond;hr_sd_precond;eda_med_precond;eeg_fm_specent_precond;hrv_rmssd_precond"
2025-12-19 16:54:41.723159,44,"stress_label",5,256,0.0625,0.47093023255814,0.424418604651163,NA,5,"top5","hr_med_precond;hr_sd_precond;eda_med_precond;eeg_fm_specent_precond;hrv_rmssd_precond"
2025-12-19 16:54:41.042096,44,"stress_label",5,2,0.125,0.523255813953488,0.488372093023256,NA,5,"top5","hr_med_precond;hr_sd_precond;eda_med_precond;eeg_fm_specent_precond;hrv_rmssd_precond"
2025-12-19 16:54:41.033868,44,"stress_label",5,4,0.125,0.494186046511628,0.406976744186047,NA,5,"top5","hr_med_precond;hr_sd_precond;eda_med_precond;eeg_fm_specent_precond;hrv_rmssd_precond"
2025-12-19 16:54:41.094035,44,"stress_label",5,8,0.125,0.47093023255814,0.38953488372093,NA,5,"top5","hr_med_precond;hr_sd_precond;eda_med_precond;eeg_fm_specent_precond;hrv_rmssd_precond"
2025-12-19 16:54:41.14336,44,"stress_label",5,16,0.125,0.476744186046512,0.38953488372093,NA,5,"top5","hr_med_precond;hr_sd_precond;eda_med_precond;eeg_fm_specent_precond;hrv_rmssd_precond"
2025-12-19 16:54:41.272759,44,"stress_label",5,32,0.125,0.465116279069767,0.459302325581395,NA,5,"top5","hr_med_precond;hr_sd_precond;eda_med_precond;eeg_fm_specent_precond;hrv_rmssd_precond"
2025-12-19 16:54:41.4199,44,"stress_label",5,64,0.125,0.482558139534884,0.372093023255814,NA,5,"top5","hr_med_precond;hr_sd_precond;eda_med_precond;eeg_fm_specent_precond;hrv_rmssd_precond"
2025-12-19 16:54:41.676049,44,"stress_label",5,128,0.125,0.494186046511628,0.377906976744186,NA,5,"top5","hr_med_precond;hr_sd_precond;eda_med_precond;eeg_fm_specent_precond;hrv_rmssd_precond"
2025-12-19 16:54:42.13629,44,"stress_label",5,256,0.125,0.488372093023256,0.447674418604651,NA,5,"top5","hr_med_precond;hr_sd_precond;eda_med_precond;eeg_fm_specent_precond;hrv_rmssd_precond"
2025-12-19 16:54:41.214714,44,"stress_label",5,2,0.03,0.587209302325581,0.587209302325581,0.57906976744186,5,"top5","hr_med_precond;hr_sd_precond;eda_med_precond;eeg_fm_specent_precond;hrv_rmssd_precond"
2025-12-19 16:54:41.430788,44,"stress_label",5,4,0.03,0.575581395348837,0.581395348837209,0.563565891472868,5,"top5","hr_med_precond;hr_sd_precond;eda_med_precond;eeg_fm_specent_precond;hrv_rmssd_precond"
2025-12-19 16:54:42.097662,44,"stress_label",5,8,0.03,0.511627906976744,0.546511627906977,0.508527131782946,5,"top5","hr_med_precond;hr_sd_precond;eda_med_precond;eeg_fm_specent_precond;hrv_rmssd_precond"
2025-12-19 16:54:42.138242,44,"stress_label",5,16,0.03,0.511627906976744,0.459302325581395,0.509302325581395,5,"top5","hr_med_precond;hr_sd_precond;eda_med_precond;eeg_fm_specent_precond;hrv_rmssd_precond"
2025-12-19 16:54:42.155874,44,"stress_label",5,32,0.03,0.517441860465116,0.505813953488372,NA,5,"top5","hr_med_precond;hr_sd_precond;eda_med_precond;eeg_fm_specent_precond;hrv_rmssd_precond"
2025-12-19 16:54:42.225658,44,"stress_label",5,64,0.03,0.534883720930233,0.441860465116279,NA,5,"top5","hr_med_precond;hr_sd_precond;eda_med_precond;eeg_fm_specent_precond;hrv_rmssd_precond"
2025-12-19 16:54:42.393217,44,"stress_label",5,128,0.03,0.465116279069767,0.436046511627907,NA,5,"top5","hr_med_precond;hr_sd_precond;eda_med_precond;eeg_fm_specent_precond;hrv_rmssd_precond"
2025-12-19 16:54:42.618038,44,"stress_label",5,256,0.03,0.436046511627907,0.38953488372093,NA,5,"top5","hr_med_precond;hr_sd_precond;eda_med_precond;eeg_fm_specent_precond;hrv_rmssd_precond"
2025-12-19 16:54:42.259344,44,"stress_label",5,2,0.06,0.529069767441861,0.563953488372093,0.531782945736434,5,"top5","hr_med_precond;hr_sd_precond;eda_med_precond;eeg_fm_specent_precond;hrv_rmssd_precond"
2025-12-19 16:54:42.309142,44,"stress_label",5,4,0.06,0.517441860465116,0.523255813953488,0.514728682170543,5,"top5","hr_med_precond;hr_sd_precond;eda_med_precond;eeg_fm_specent_precond;hrv_rmssd_precond"
2025-12-19 16:54:42.422809,44,"stress_label",5,8,0.06,0.511627906976744,0.505813953488372,NA,5,"top5","hr_med_precond;hr_sd_precond;eda_med_precond;eeg_fm_specent_precond;hrv_rmssd_precond"
2025-12-19 16:54:42.525828,44,"stress_label",5,16,0.06,0.517441860465116,0.383720930232558,NA,5,"top5","hr_med_precond;hr_sd_precond;eda_med_precond;eeg_fm_specent_precond;hrv_rmssd_precond"
2025-12-19 16:54:42.555996,44,"stress_label",5,32,0.06,0.47093023255814,0.47093023255814,NA,5,"top5","hr_med_precond;hr_sd_precond;eda_med_precond;eeg_fm_specent_precond;hrv_rmssd_precond"
2025-12-19 16:54:42.87835,44,"stress_label",5,64,0.06,0.447674418604651,0.412790697674419,NA,5,"top5","hr_med_precond;hr_sd_precond;eda_med_precond;eeg_fm_specent_precond;hrv_rmssd_precond"
2025-12-19 16:54:43.030151,44,"stress_label",5,128,0.06,0.436046511627907,0.465116279069767,0.421705426356589,5,"top5","hr_med_precond;hr_sd_precond;eda_med_precond;eeg_fm_specent_precond;hrv_rmssd_precond"
2025-12-19 16:54:43.493216,44,"stress_label",5,256,0.06,0.47093023255814,0.465116279069767,NA,5,"top5","hr_med_precond;hr_sd_precond;eda_med_precond;eeg_fm_specent_precond;hrv_rmssd_precond"
2025-12-19 16:54:43.088281,44,"stress_label",5,2,0.1,0.517441860465116,0.529069767441861,0.512403100775194,5,"top5","hr_med_precond;hr_sd_precond;eda_med_precond;eeg_fm_specent_precond;hrv_rmssd_precond"
2025-12-19 16:54:43.096975,44,"stress_label",5,4,0.1,0.511627906976744,0.436046511627907,NA,5,"top5","hr_med_precond;hr_sd_precond;eda_med_precond;eeg_fm_specent_precond;hrv_rmssd_precond"
2025-12-19 16:54:43.182691,44,"stress_label",5,8,0.1,0.488372093023256,0.441860465116279,NA,5,"top5","hr_med_precond;hr_sd_precond;eda_med_precond;eeg_fm_specent_precond;hrv_rmssd_precond"
2025-12-19 16:54:43.226856,44,"stress_label",5,16,0.1,0.453488372093023,0.325581395348837,NA,5,"top5","hr_med_precond;hr_sd_precond;eda_med_precond;eeg_fm_specent_precond;hrv_rmssd_precond"
2025-12-19 16:54:43.267742,44,"stress_label",5,32,0.1,0.459302325581395,0.476744186046512,NA,5,"top5","hr_med_precond;hr_sd_precond;eda_med_precond;eeg_fm_specent_precond;hrv_rmssd_precond"
2025-12-19 16:54:43.424654,44,"stress_label",5,64,0.1,0.482558139534884,0.511627906976744,NA,5,"top5","hr_med_precond;hr_sd_precond;eda_med_precond;eeg_fm_specent_precond;hrv_rmssd_precond"
2025-12-19 16:54:43.607877,44,"stress_label",5,128,0.1,0.505813953488372,0.366279069767442,NA,5,"top5","hr_med_precond;hr_sd_precond;eda_med_precond;eeg_fm_specent_precond;hrv_rmssd_precond"
2025-12-19 16:54:43.89004,44,"stress_label",5,256,0.1,0.488372093023256,0.453488372093023,NA,5,"top5","hr_med_precond;hr_sd_precond;eda_med_precond;eeg_fm_specent_precond;hrv_rmssd_precond"
2025-12-19 16:54:45.174869,45,"stress_label",5,2,0.0078125,0.616279069767442,0.622093023255814,0.614728682170543,5,"top5","hr_sd_precond;hr_med_precond;eda_med_precond;eeg_fm_lbeta_power_precond;eeg_fm_specent_precond"
2025-12-19 16:54:45.156419,45,"stress_label",5,4,0.0078125,0.616279069767442,0.622093023255814,0.614728682170543,5,"top5","hr_sd_precond;hr_med_precond;eda_med_precond;eeg_fm_lbeta_power_precond;eeg_fm_specent_precond"
2025-12-19 16:54:45.139931,45,"stress_label",5,8,0.0078125,0.616279069767442,0.633720930232558,0.613953488372093,5,"top5","hr_sd_precond;hr_med_precond;eda_med_precond;eeg_fm_lbeta_power_precond;eeg_fm_specent_precond"
2025-12-19 16:54:45.151043,45,"stress_label",5,16,0.0078125,0.61046511627907,0.616279069767442,0.613953488372093,5,"top5","hr_sd_precond;hr_med_precond;eda_med_precond;eeg_fm_lbeta_power_precond;eeg_fm_specent_precond"
2025-12-19 16:54:45.144159,45,"stress_label",5,32,0.0078125,0.616279069767442,0.616279069767442,0.627131782945736,5,"top5","hr_sd_precond;hr_med_precond;eda_med_precond;eeg_fm_lbeta_power_precond;eeg_fm_specent_precond"
2025-12-19 16:54:45.196477,45,"stress_label",5,64,0.0078125,0.61046511627907,0.616279069767442,0.613178294573643,5,"top5","hr_sd_precond;hr_med_precond;eda_med_precond;eeg_fm_lbeta_power_precond;eeg_fm_specent_precond"
2025-12-19 16:54:45.207671,45,"stress_label",5,128,0.0078125,0.581395348837209,0.581395348837209,0.588372093023256,5,"top5","hr_sd_precond;hr_med_precond;eda_med_precond;eeg_fm_lbeta_power_precond;eeg_fm_specent_precond"
2025-12-19 16:54:45.235719,45,"stress_label",5,256,0.0078125,0.569767441860465,0.563953488372093,0.58062015503876,5,"top5","hr_sd_precond;hr_med_precond;eda_med_precond;eeg_fm_lbeta_power_precond;eeg_fm_specent_precond"
2025-12-19 16:54:45.161436,45,"stress_label",5,2,0.015625,0.616279069767442,0.627906976744186,0.610852713178295,5,"top5","hr_sd_precond;hr_med_precond;eda_med_precond;eeg_fm_lbeta_power_precond;eeg_fm_specent_precond"
2025-12-19 16:54:45.137068,45,"stress_label",5,4,0.015625,0.633720930232558,0.627906976744186,0.63953488372093,5,"top5","hr_sd_precond;hr_med_precond;eda_med_precond;eeg_fm_lbeta_power_precond;eeg_fm_specent_precond"
2025-12-19 16:54:45.126051,45,"stress_label",5,8,0.015625,0.622093023255814,0.616279069767442,0.629457364341085,5,"top5","hr_sd_precond;hr_med_precond;eda_med_precond;eeg_fm_lbeta_power_precond;eeg_fm_specent_precond"
2025-12-19 16:54:45.158842,45,"stress_label",5,16,0.015625,0.61046511627907,0.622093023255814,0.613178294573643,5,"top5","hr_sd_precond;hr_med_precond;eda_med_precond;eeg_fm_lbeta_power_precond;eeg_fm_specent_precond"
2025-12-19 16:54:45.11325,45,"stress_label",5,32,0.015625,0.581395348837209,0.563953488372093,0.588372093023256,5,"top5","hr_sd_precond;hr_med_precond;eda_med_precond;eeg_fm_lbeta_power_precond;eeg_fm_specent_precond"
2025-12-19 16:54:45.181816,45,"stress_label",5,64,0.015625,0.569767441860465,0.569767441860465,0.587596899224806,5,"top5","hr_sd_precond;hr_med_precond;eda_med_precond;eeg_fm_lbeta_power_precond;eeg_fm_specent_precond"
2025-12-19 16:54:46.250605,45,"stress_label",5,128,0.015625,0.529069767441861,0.511627906976744,0.528682170542636,5,"top5","hr_sd_precond;hr_med_precond;eda_med_precond;eeg_fm_lbeta_power_precond;eeg_fm_specent_precond"
2025-12-19 16:54:46.331311,45,"stress_label",5,256,0.015625,0.488372093023256,0.523255813953488,0.489922480620155,5,"top5","hr_sd_precond;hr_med_precond;eda_med_precond;eeg_fm_lbeta_power_precond;eeg_fm_specent_precond"
2025-12-19 16:54:46.198514,45,"stress_label",5,2,0.03125,0.616279069767442,0.627906976744186,0.623255813953488,5,"top5","hr_sd_precond;hr_med_precond;eda_med_precond;eeg_fm_lbeta_power_precond;eeg_fm_specent_precond"
2025-12-19 16:54:46.181806,45,"stress_label",5,4,0.03125,0.598837209302326,0.622093023255814,0.610852713178295,5,"top5","hr_sd_precond;hr_med_precond;eda_med_precond;eeg_fm_lbeta_power_precond;eeg_fm_specent_precond"
2025-12-19 16:54:46.156009,45,"stress_label",5,8,0.03125,0.587209302325581,0.593023255813954,0.590697674418605,5,"top5","hr_sd_precond;hr_med_precond;eda_med_precond;eeg_fm_lbeta_power_precond;eeg_fm_specent_precond"
2025-12-19 16:54:46.225403,45,"stress_label",5,16,0.03125,0.558139534883721,0.575581395348837,0.565891472868217,5,"top5","hr_sd_precond;hr_med_precond;eda_med_precond;eeg_fm_lbeta_power_precond;eeg_fm_specent_precond"
2025-12-19 16:54:46.261208,45,"stress_label",5,32,0.03125,0.540697674418605,0.540697674418605,0.551937984496124,5,"top5","hr_sd_precond;hr_med_precond;eda_med_precond;eeg_fm_lbeta_power_precond;eeg_fm_specent_precond"
2025-12-19 16:54:46.296411,45,"stress_label",5,64,0.03125,0.505813953488372,0.476744186046512,0.507751937984496,5,"top5","hr_sd_precond;hr_med_precond;eda_med_precond;eeg_fm_lbeta_power_precond;eeg_fm_specent_precond"
2025-12-19 16:54:46.377755,45,"stress_label",5,128,0.03125,0.494186046511628,0.494186046511628,0.491472868217054,5,"top5","hr_sd_precond;hr_med_precond;eda_med_precond;eeg_fm_lbeta_power_precond;eeg_fm_specent_precond"
2025-12-19 16:54:46.587677,45,"stress_label",5,256,0.03125,0.494186046511628,0.511627906976744,NA,5,"top5","hr_sd_precond;hr_med_precond;eda_med_precond;eeg_fm_lbeta_power_precond;eeg_fm_specent_precond"
2025-12-19 16:54:46.222685,45,"stress_label",5,2,0.0625,0.598837209302326,0.604651162790698,0.610077519379845,5,"top5","hr_sd_precond;hr_med_precond;eda_med_precond;eeg_fm_lbeta_power_precond;eeg_fm_specent_precond"
2025-12-19 16:54:46.225135,45,"stress_label",5,4,0.0625,0.563953488372093,0.593023255813954,0.568217054263566,5,"top5","hr_sd_precond;hr_med_precond;eda_med_precond;eeg_fm_lbeta_power_precond;eeg_fm_specent_precond"
2025-12-19 16:54:46.249873,45,"stress_label",5,8,0.0625,0.552325581395349,0.540697674418605,0.558914728682171,5,"top5","hr_sd_precond;hr_med_precond;eda_med_precond;eeg_fm_lbeta_power_precond;eeg_fm_specent_precond"
2025-12-19 16:54:46.299789,45,"stress_label",5,16,0.0625,0.511627906976744,0.465116279069767,0.52093023255814,5,"top5","hr_sd_precond;hr_med_precond;eda_med_precond;eeg_fm_lbeta_power_precond;eeg_fm_specent_precond"
2025-12-19 16:54:47.246185,45,"stress_label",5,32,0.0625,0.488372093023256,0.546511627906977,NA,5,"top5","hr_sd_precond;hr_med_precond;eda_med_precond;eeg_fm_lbeta_power_precond;eeg_fm_specent_precond"
2025-12-19 16:54:47.36815,45,"stress_label",5,64,0.0625,0.517441860465116,0.424418604651163,NA,5,"top5","hr_sd_precond;hr_med_precond;eda_med_precond;eeg_fm_lbeta_power_precond;eeg_fm_specent_precond"
2025-12-19 16:54:47.539761,45,"stress_label",5,128,0.0625,0.523255813953488,0.418604651162791,NA,5,"top5","hr_sd_precond;hr_med_precond;eda_med_precond;eeg_fm_lbeta_power_precond;eeg_fm_specent_precond"
2025-12-19 16:54:47.824293,45,"stress_label",5,256,0.0625,0.5,0.441860465116279,0.507751937984496,5,"top5","hr_sd_precond;hr_med_precond;eda_med_precond;eeg_fm_lbeta_power_precond;eeg_fm_specent_precond"
2025-12-19 16:54:47.23966,45,"stress_label",5,2,0.125,0.552325581395349,0.569767441860465,0.551937984496124,5,"top5","hr_sd_precond;hr_med_precond;eda_med_precond;eeg_fm_lbeta_power_precond;eeg_fm_specent_precond"
2025-12-19 16:54:47.238479,45,"stress_label",5,4,0.125,0.517441860465116,0.540697674418605,0.535658914728682,5,"top5","hr_sd_precond;hr_med_precond;eda_med_precond;eeg_fm_lbeta_power_precond;eeg_fm_specent_precond"
2025-12-19 16:54:47.297178,45,"stress_label",5,8,0.125,0.5,0.47093023255814,0.496124031007752,5,"top5","hr_sd_precond;hr_med_precond;eda_med_precond;eeg_fm_lbeta_power_precond;eeg_fm_specent_precond"
2025-12-19 16:54:47.313243,45,"stress_label",5,16,0.125,0.523255813953488,0.465116279069767,NA,5,"top5","hr_sd_precond;hr_med_precond;eda_med_precond;eeg_fm_lbeta_power_precond;eeg_fm_specent_precond"
2025-12-19 16:54:47.377685,45,"stress_label",5,32,0.125,0.488372093023256,0.406976744186047,0.477519379844961,5,"top5","hr_sd_precond;hr_med_precond;eda_med_precond;eeg_fm_lbeta_power_precond;eeg_fm_specent_precond"
2025-12-19 16:54:47.559598,45,"stress_label",5,64,0.125,0.494186046511628,0.38953488372093,0.495348837209302,5,"top5","hr_sd_precond;hr_med_precond;eda_med_precond;eeg_fm_lbeta_power_precond;eeg_fm_specent_precond"
2025-12-19 16:54:47.800067,45,"stress_label",5,128,0.125,0.494186046511628,0.436046511627907,0.462790697674419,5,"top5","hr_sd_precond;hr_med_precond;eda_med_precond;eeg_fm_lbeta_power_precond;eeg_fm_specent_precond"
2025-12-19 16:54:48.371982,45,"stress_label",5,256,0.125,0.5,0.424418604651163,0.461240310077519,5,"top5","hr_sd_precond;hr_med_precond;eda_med_precond;eeg_fm_lbeta_power_precond;eeg_fm_specent_precond"
2025-12-19 16:54:47.412,45,"stress_label",5,2,0.03,0.616279069767442,0.627906976744186,0.623255813953488,5,"top5","hr_sd_precond;hr_med_precond;eda_med_precond;eeg_fm_lbeta_power_precond;eeg_fm_specent_precond"
2025-12-19 16:54:47.604973,45,"stress_label",5,4,0.03,0.598837209302326,0.616279069767442,0.610852713178295,5,"top5","hr_sd_precond;hr_med_precond;eda_med_precond;eeg_fm_lbeta_power_precond;eeg_fm_specent_precond"
2025-12-19 16:54:48.267997,45,"stress_label",5,8,0.03,0.587209302325581,0.598837209302326,0.590697674418605,5,"top5","hr_sd_precond;hr_med_precond;eda_med_precond;eeg_fm_lbeta_power_precond;eeg_fm_specent_precond"
2025-12-19 16:54:48.238632,45,"stress_label",5,16,0.03,0.563953488372093,0.575581395348837,0.570542635658915,5,"top5","hr_sd_precond;hr_med_precond;eda_med_precond;eeg_fm_lbeta_power_precond;eeg_fm_specent_precond"
2025-12-19 16:54:48.294677,45,"stress_label",5,32,0.03,0.534883720930233,0.546511627906977,0.549612403100775,5,"top5","hr_sd_precond;hr_med_precond;eda_med_precond;eeg_fm_lbeta_power_precond;eeg_fm_specent_precond"
2025-12-19 16:54:48.375448,45,"stress_label",5,64,0.03,0.517441860465116,0.517441860465116,0.51937984496124,5,"top5","hr_sd_precond;hr_med_precond;eda_med_precond;eeg_fm_lbeta_power_precond;eeg_fm_specent_precond"
2025-12-19 16:54:48.469008,45,"stress_label",5,128,0.03,0.494186046511628,0.488372093023256,0.491472868217054,5,"top5","hr_sd_precond;hr_med_precond;eda_med_precond;eeg_fm_lbeta_power_precond;eeg_fm_specent_precond"
2025-12-19 16:54:48.712327,45,"stress_label",5,256,0.03,0.494186046511628,0.447674418604651,NA,5,"top5","hr_sd_precond;hr_med_precond;eda_med_precond;eeg_fm_lbeta_power_precond;eeg_fm_specent_precond"
2025-12-19 16:54:48.413746,45,"stress_label",5,2,0.06,0.598837209302326,0.604651162790698,0.610077519379845,5,"top5","hr_sd_precond;hr_med_precond;eda_med_precond;eeg_fm_lbeta_power_precond;eeg_fm_specent_precond"
2025-12-19 16:54:48.414259,45,"stress_label",5,4,0.06,0.563953488372093,0.593023255813954,0.568217054263566,5,"top5","hr_sd_precond;hr_med_precond;eda_med_precond;eeg_fm_lbeta_power_precond;eeg_fm_specent_precond"
2025-12-19 16:54:48.554514,45,"stress_label",5,8,0.06,0.552325581395349,0.517441860465116,0.558914728682171,5,"top5","hr_sd_precond;hr_med_precond;eda_med_precond;eeg_fm_lbeta_power_precond;eeg_fm_specent_precond"
2025-12-19 16:54:48.608237,45,"stress_label",5,16,0.06,0.517441860465116,0.517441860465116,0.525581395348837,5,"top5","hr_sd_precond;hr_med_precond;eda_med_precond;eeg_fm_lbeta_power_precond;eeg_fm_specent_precond"
2025-12-19 16:54:48.681839,45,"stress_label",5,32,0.06,0.482558139534884,0.424418604651163,NA,5,"top5","hr_sd_precond;hr_med_precond;eda_med_precond;eeg_fm_lbeta_power_precond;eeg_fm_specent_precond"
2025-12-19 16:54:48.945398,45,"stress_label",5,64,0.06,0.517441860465116,0.441860465116279,NA,5,"top5","hr_sd_precond;hr_med_precond;eda_med_precond;eeg_fm_lbeta_power_precond;eeg_fm_specent_precond"
2025-12-19 16:54:49.079251,45,"stress_label",5,128,0.06,0.523255813953488,0.494186046511628,NA,5,"top5","hr_sd_precond;hr_med_precond;eda_med_precond;eeg_fm_lbeta_power_precond;eeg_fm_specent_precond"
2025-12-19 16:54:49.590111,45,"stress_label",5,256,0.06,0.511627906976744,0.372093023255814,NA,5,"top5","hr_sd_precond;hr_med_precond;eda_med_precond;eeg_fm_lbeta_power_precond;eeg_fm_specent_precond"
2025-12-19 16:54:49.190638,45,"stress_label",5,2,0.1,0.569767441860465,0.587209302325581,0.570542635658915,5,"top5","hr_sd_precond;hr_med_precond;eda_med_precond;eeg_fm_lbeta_power_precond;eeg_fm_specent_precond"
2025-12-19 16:54:49.196788,45,"stress_label",5,4,0.1,0.546511627906977,0.517441860465116,0.549612403100775,5,"top5","hr_sd_precond;hr_med_precond;eda_med_precond;eeg_fm_lbeta_power_precond;eeg_fm_specent_precond"
2025-12-19 16:54:49.317821,45,"stress_label",5,8,0.1,0.488372093023256,0.441860465116279,0.489147286821705,5,"top5","hr_sd_precond;hr_med_precond;eda_med_precond;eeg_fm_lbeta_power_precond;eeg_fm_specent_precond"
2025-12-19 16:54:49.368241,45,"stress_label",5,16,0.1,0.5,0.424418604651163,NA,5,"top5","hr_sd_precond;hr_med_precond;eda_med_precond;eeg_fm_lbeta_power_precond;eeg_fm_specent_precond"
2025-12-19 16:54:49.373376,45,"stress_label",5,32,0.1,0.517441860465116,0.418604651162791,NA,5,"top5","hr_sd_precond;hr_med_precond;eda_med_precond;eeg_fm_lbeta_power_precond;eeg_fm_specent_precond"
2025-12-19 16:54:49.461306,45,"stress_label",5,64,0.1,0.494186046511628,0.476744186046512,0.496124031007752,5,"top5","hr_sd_precond;hr_med_precond;eda_med_precond;eeg_fm_lbeta_power_precond;eeg_fm_specent_precond"
2025-12-19 16:54:49.638658,45,"stress_label",5,128,0.1,0.5,0.343023255813953,0.503875968992248,5,"top5","hr_sd_precond;hr_med_precond;eda_med_precond;eeg_fm_lbeta_power_precond;eeg_fm_specent_precond"
2025-12-19 16:54:49.958901,45,"stress_label",5,256,0.1,0.5,0.430232558139535,0.465116279069767,5,"top5","hr_sd_precond;hr_med_precond;eda_med_precond;eeg_fm_lbeta_power_precond;eeg_fm_specent_precond"
2025-12-19 16:54:51.231158,47,"stress_label",5,2,0.0078125,0.581395348837209,0.604651162790698,0.571317829457364,5,"top5","hr_sd_precond;hr_med_precond;eda_med_precond;eeg_fm_specent_precond;hrv_rmssd_precond"
2025-12-19 16:54:51.247784,47,"stress_label",5,4,0.0078125,0.598837209302326,0.604651162790698,0.589147286821705,5,"top5","hr_sd_precond;hr_med_precond;eda_med_precond;eeg_fm_specent_precond;hrv_rmssd_precond"
2025-12-19 16:54:51.209268,47,"stress_label",5,8,0.0078125,0.581395348837209,0.61046511627907,0.562790697674419,5,"top5","hr_sd_precond;hr_med_precond;eda_med_precond;eeg_fm_specent_precond;hrv_rmssd_precond"
2025-12-19 16:54:51.224586,47,"stress_label",5,16,0.0078125,0.587209302325581,0.616279069767442,0.566666666666667,5,"top5","hr_sd_precond;hr_med_precond;eda_med_precond;eeg_fm_specent_precond;hrv_rmssd_precond"
2025-12-19 16:54:51.226345,47,"stress_label",5,32,0.0078125,0.598837209302326,0.604651162790698,0.586046511627907,5,"top5","hr_sd_precond;hr_med_precond;eda_med_precond;eeg_fm_specent_precond;hrv_rmssd_precond"
2025-12-19 16:54:51.279476,47,"stress_label",5,64,0.0078125,0.534883720930233,0.558139534883721,NA,5,"top5","hr_sd_precond;hr_med_precond;eda_med_precond;eeg_fm_specent_precond;hrv_rmssd_precond"
2025-12-19 16:54:51.268628,47,"stress_label",5,128,0.0078125,0.505813953488372,0.511627906976744,NA,5,"top5","hr_sd_precond;hr_med_precond;eda_med_precond;eeg_fm_specent_precond;hrv_rmssd_precond"
2025-12-19 16:54:51.375341,47,"stress_label",5,256,0.0078125,0.5,0.5,NA,5,"top5","hr_sd_precond;hr_med_precond;eda_med_precond;eeg_fm_specent_precond;hrv_rmssd_precond"
2025-12-19 16:54:51.217508,47,"stress_label",5,2,0.015625,0.593023255813954,0.604651162790698,0.583720930232558,5,"top5","hr_sd_precond;hr_med_precond;eda_med_precond;eeg_fm_specent_precond;hrv_rmssd_precond"
2025-12-19 16:54:51.230436,47,"stress_label",5,4,0.015625,0.593023255813954,0.616279069767442,0.575968992248062,5,"top5","hr_sd_precond;hr_med_precond;eda_med_precond;eeg_fm_specent_precond;hrv_rmssd_precond"
2025-12-19 16:54:51.22309,47,"stress_label",5,8,0.015625,0.581395348837209,0.604651162790698,0.562790697674419,5,"top5","hr_sd_precond;hr_med_precond;eda_med_precond;eeg_fm_specent_precond;hrv_rmssd_precond"
2025-12-19 16:54:51.239186,47,"stress_label",5,16,0.015625,0.552325581395349,0.552325581395349,NA,5,"top5","hr_sd_precond;hr_med_precond;eda_med_precond;eeg_fm_specent_precond;hrv_rmssd_precond"
2025-12-19 16:54:51.217249,47,"stress_label",5,32,0.015625,0.5,0.552325581395349,0.471317829457364,5,"top5","hr_sd_precond;hr_med_precond;eda_med_precond;eeg_fm_specent_precond;hrv_rmssd_precond"
2025-12-19 16:54:51.315555,47,"stress_label",5,64,0.015625,0.511627906976744,0.523255813953488,NA,5,"top5","hr_sd_precond;hr_med_precond;eda_med_precond;eeg_fm_specent_precond;hrv_rmssd_precond"
2025-12-19 16:54:52.376259,47,"stress_label",5,128,0.015625,0.494186046511628,0.459302325581395,NA,5,"top5","hr_sd_precond;hr_med_precond;eda_med_precond;eeg_fm_specent_precond;hrv_rmssd_precond"
2025-12-19 16:54:52.474092,47,"stress_label",5,256,0.015625,0.476744186046512,0.436046511627907,NA,5,"top5","hr_sd_precond;hr_med_precond;eda_med_precond;eeg_fm_specent_precond;hrv_rmssd_precond"
2025-12-19 16:54:52.283541,47,"stress_label",5,2,0.03125,0.587209302325581,0.604651162790698,0.571317829457364,5,"top5","hr_sd_precond;hr_med_precond;eda_med_precond;eeg_fm_specent_precond;hrv_rmssd_precond"
2025-12-19 16:54:52.262693,47,"stress_label",5,4,0.03125,0.569767441860465,0.558139534883721,0.552713178294574,5,"top5","hr_sd_precond;hr_med_precond;eda_med_precond;eeg_fm_specent_precond;hrv_rmssd_precond"
2025-12-19 16:54:52.309783,47,"stress_label",5,8,0.03125,0.517441860465116,0.5,NA,5,"top5","hr_sd_precond;hr_med_precond;eda_med_precond;eeg_fm_specent_precond;hrv_rmssd_precond"
2025-12-19 16:54:52.314001,47,"stress_label",5,16,0.03125,0.505813953488372,0.505813953488372,NA,5,"top5","hr_sd_precond;hr_med_precond;eda_med_precond;eeg_fm_specent_precond;hrv_rmssd_precond"
2025-12-19 16:54:52.32999,47,"stress_label",5,32,0.03125,0.5,0.441860465116279,NA,5,"top5","hr_sd_precond;hr_med_precond;eda_med_precond;eeg_fm_specent_precond;hrv_rmssd_precond"
2025-12-19 16:54:52.353202,47,"stress_label",5,64,0.03125,0.494186046511628,0.436046511627907,NA,5,"top5","hr_sd_precond;hr_med_precond;eda_med_precond;eeg_fm_specent_precond;hrv_rmssd_precond"
2025-12-19 16:54:52.466292,47,"stress_label",5,128,0.03125,0.441860465116279,0.476744186046512,NA,5,"top5","hr_sd_precond;hr_med_precond;eda_med_precond;eeg_fm_specent_precond;hrv_rmssd_precond"
2025-12-19 16:54:52.612878,47,"stress_label",5,256,0.03125,0.401162790697674,0.383720930232558,0.386046511627907,5,"top5","hr_sd_precond;hr_med_precond;eda_med_precond;eeg_fm_specent_precond;hrv_rmssd_precond"
2025-12-19 16:54:52.320741,47,"stress_label",5,2,0.0625,0.546511627906977,0.581395348837209,0.532558139534884,5,"top5","hr_sd_precond;hr_med_precond;eda_med_precond;eeg_fm_specent_precond;hrv_rmssd_precond"
2025-12-19 16:54:52.348117,47,"stress_label",5,4,0.0625,0.505813953488372,0.505813953488372,NA,5,"top5","hr_sd_precond;hr_med_precond;eda_med_precond;eeg_fm_specent_precond;hrv_rmssd_precond"
2025-12-19 16:54:52.390125,47,"stress_label",5,8,0.0625,0.5,0.38953488372093,NA,5,"top5","hr_sd_precond;hr_med_precond;eda_med_precond;eeg_fm_specent_precond;hrv_rmssd_precond"
2025-12-19 16:54:52.445775,47,"stress_label",5,16,0.0625,0.494186046511628,0.331395348837209,0.465116279069767,5,"top5","hr_sd_precond;hr_med_precond;eda_med_precond;eeg_fm_specent_precond;hrv_rmssd_precond"
2025-12-19 16:54:53.440381,47,"stress_label",5,32,0.0625,0.441860465116279,0.436046511627907,NA,5,"top5","hr_sd_precond;hr_med_precond;eda_med_precond;eeg_fm_specent_precond;hrv_rmssd_precond"
2025-12-19 16:54:53.532681,47,"stress_label",5,64,0.0625,0.424418604651163,0.377906976744186,NA,5,"top5","hr_sd_precond;hr_med_precond;eda_med_precond;eeg_fm_specent_precond;hrv_rmssd_precond"
2025-12-19 16:54:53.666887,47,"stress_label",5,128,0.0625,0.436046511627907,0.430232558139535,NA,5,"top5","hr_sd_precond;hr_med_precond;eda_med_precond;eeg_fm_specent_precond;hrv_rmssd_precond"
2025-12-19 16:54:54.053901,47,"stress_label",5,256,0.0625,0.418604651162791,0.465116279069767,NA,5,"top5","hr_sd_precond;hr_med_precond;eda_med_precond;eeg_fm_specent_precond;hrv_rmssd_precond"
2025-12-19 16:54:53.379845,47,"stress_label",5,2,0.125,0.505813953488372,0.412790697674419,NA,5,"top5","hr_sd_precond;hr_med_precond;eda_med_precond;eeg_fm_specent_precond;hrv_rmssd_precond"
2025-12-19 16:54:53.365253,47,"stress_label",5,4,0.125,0.482558139534884,0.337209302325581,0.458914728682171,5,"top5","hr_sd_precond;hr_med_precond;eda_med_precond;eeg_fm_specent_precond;hrv_rmssd_precond"
2025-12-19 16:54:53.455117,47,"stress_label",5,8,0.125,0.476744186046512,0.47093023255814,NA,5,"top5","hr_sd_precond;hr_med_precond;eda_med_precond;eeg_fm_specent_precond;hrv_rmssd_precond"
2025-12-19 16:54:53.503077,47,"stress_label",5,16,0.125,0.465116279069767,0.38953488372093,NA,5,"top5","hr_sd_precond;hr_med_precond;eda_med_precond;eeg_fm_specent_precond;hrv_rmssd_precond"
2025-12-19 16:54:53.586641,47,"stress_label",5,32,0.125,0.447674418604651,0.412790697674419,NA,5,"top5","hr_sd_precond;hr_med_precond;eda_med_precond;eeg_fm_specent_precond;hrv_rmssd_precond"
2025-12-19 16:54:53.730452,47,"stress_label",5,64,0.125,0.465116279069767,0.453488372093023,NA,5,"top5","hr_sd_precond;hr_med_precond;eda_med_precond;eeg_fm_specent_precond;hrv_rmssd_precond"
2025-12-19 16:54:54.128845,47,"stress_label",5,128,0.125,0.511627906976744,0.412790697674419,NA,5,"top5","hr_sd_precond;hr_med_precond;eda_med_precond;eeg_fm_specent_precond;hrv_rmssd_precond"
2025-12-19 16:54:54.524057,47,"stress_label",5,256,0.125,0.476744186046512,0.412790697674419,NA,5,"top5","hr_sd_precond;hr_med_precond;eda_med_precond;eeg_fm_specent_precond;hrv_rmssd_precond"
2025-12-19 16:54:53.534923,47,"stress_label",5,2,0.03,0.593023255813954,0.604651162790698,0.57906976744186,5,"top5","hr_sd_precond;hr_med_precond;eda_med_precond;eeg_fm_specent_precond;hrv_rmssd_precond"
2025-12-19 16:54:53.66718,47,"stress_label",5,4,0.03,0.581395348837209,0.587209302325581,0.557364341085271,5,"top5","hr_sd_precond;hr_med_precond;eda_med_precond;eeg_fm_specent_precond;hrv_rmssd_precond"
2025-12-19 16:54:54.406389,47,"stress_label",5,8,0.03,0.517441860465116,0.558139534883721,NA,5,"top5","hr_sd_precond;hr_med_precond;eda_med_precond;eeg_fm_specent_precond;hrv_rmssd_precond"
2025-12-19 16:54:54.423766,47,"stress_label",5,16,0.03,0.5,0.546511627906977,NA,5,"top5","hr_sd_precond;hr_med_precond;eda_med_precond;eeg_fm_specent_precond;hrv_rmssd_precond"
2025-12-19 16:54:54.515697,47,"stress_label",5,32,0.03,0.5,0.47093023255814,NA,5,"top5","hr_sd_precond;hr_med_precond;eda_med_precond;eeg_fm_specent_precond;hrv_rmssd_precond"
2025-12-19 16:54:54.549613,47,"stress_label",5,64,0.03,0.511627906976744,0.447674418604651,NA,5,"top5","hr_sd_precond;hr_med_precond;eda_med_precond;eeg_fm_specent_precond;hrv_rmssd_precond"
2025-12-19 16:54:54.726934,47,"stress_label",5,128,0.03,0.453488372093023,0.430232558139535,NA,5,"top5","hr_sd_precond;hr_med_precond;eda_med_precond;eeg_fm_specent_precond;hrv_rmssd_precond"
2025-12-19 16:54:54.907517,47,"stress_label",5,256,0.03,0.406976744186047,0.488372093023256,0.381395348837209,5,"top5","hr_sd_precond;hr_med_precond;eda_med_precond;eeg_fm_specent_precond;hrv_rmssd_precond"
2025-12-19 16:54:54.562615,47,"stress_label",5,2,0.06,0.546511627906977,0.529069767441861,0.532558139534884,5,"top5","hr_sd_precond;hr_med_precond;eda_med_precond;eeg_fm_specent_precond;hrv_rmssd_precond"
2025-12-19 16:54:54.626418,47,"stress_label",5,4,0.06,0.505813953488372,0.476744186046512,NA,5,"top5","hr_sd_precond;hr_med_precond;eda_med_precond;eeg_fm_specent_precond;hrv_rmssd_precond"
2025-12-19 16:54:54.728527,47,"stress_label",5,8,0.06,0.505813953488372,0.494186046511628,NA,5,"top5","hr_sd_precond;hr_med_precond;eda_med_precond;eeg_fm_specent_precond;hrv_rmssd_precond"
2025-12-19 16:54:54.746382,47,"stress_label",5,16,0.06,0.511627906976744,0.430232558139535,NA,5,"top5","hr_sd_precond;hr_med_precond;eda_med_precond;eeg_fm_specent_precond;hrv_rmssd_precond"
2025-12-19 16:54:54.846678,47,"stress_label",5,32,0.06,0.447674418604651,0.441860465116279,0.43953488372093,5,"top5","hr_sd_precond;hr_med_precond;eda_med_precond;eeg_fm_specent_precond;hrv_rmssd_precond"
2025-12-19 16:54:55.22369,47,"stress_label",5,64,0.06,0.436046511627907,0.47093023255814,NA,5,"top5","hr_sd_precond;hr_med_precond;eda_med_precond;eeg_fm_specent_precond;hrv_rmssd_precond"
2025-12-19 16:54:55.402471,47,"stress_label",5,128,0.06,0.430232558139535,0.36046511627907,NA,5,"top5","hr_sd_precond;hr_med_precond;eda_med_precond;eeg_fm_specent_precond;hrv_rmssd_precond"
2025-12-19 16:54:55.836584,47,"stress_label",5,256,0.06,0.418604651162791,0.430232558139535,NA,5,"top5","hr_sd_precond;hr_med_precond;eda_med_precond;eeg_fm_specent_precond;hrv_rmssd_precond"
2025-12-19 16:54:55.381854,47,"stress_label",5,2,0.1,0.517441860465116,0.47093023255814,NA,5,"top5","hr_sd_precond;hr_med_precond;eda_med_precond;eeg_fm_specent_precond;hrv_rmssd_precond"
2025-12-19 16:54:55.471178,47,"stress_label",5,4,0.1,0.494186046511628,0.453488372093023,NA,5,"top5","hr_sd_precond;hr_med_precond;eda_med_precond;eeg_fm_specent_precond;hrv_rmssd_precond"
2025-12-19 16:54:55.512728,47,"stress_label",5,8,0.1,0.476744186046512,0.395348837209302,NA,5,"top5","hr_sd_precond;hr_med_precond;eda_med_precond;eeg_fm_specent_precond;hrv_rmssd_precond"
2025-12-19 16:54:55.536442,47,"stress_label",5,16,0.1,0.453488372093023,0.412790697674419,NA,5,"top5","hr_sd_precond;hr_med_precond;eda_med_precond;eeg_fm_specent_precond;hrv_rmssd_precond"
2025-12-19 16:54:55.576654,47,"stress_label",5,32,0.1,0.453488372093023,0.430232558139535,NA,5,"top5","hr_sd_precond;hr_med_precond;eda_med_precond;eeg_fm_specent_precond;hrv_rmssd_precond"
2025-12-19 16:54:55.690574,47,"stress_label",5,64,0.1,0.430232558139535,0.372093023255814,NA,5,"top5","hr_sd_precond;hr_med_precond;eda_med_precond;eeg_fm_specent_precond;hrv_rmssd_precond"
2025-12-19 16:54:55.911982,47,"stress_label",5,128,0.1,0.47093023255814,0.441860465116279,NA,5,"top5","hr_sd_precond;hr_med_precond;eda_med_precond;eeg_fm_specent_precond;hrv_rmssd_precond"
2025-12-19 16:54:56.170284,47,"stress_label",5,256,0.1,0.523255813953488,0.453488372093023,NA,5,"top5","hr_sd_precond;hr_med_precond;eda_med_precond;eeg_fm_specent_precond;hrv_rmssd_precond"
2025-12-19 16:54:57.43671,48,"stress_label",5,2,0.0078125,0.604651162790698,0.563953488372093,0.597674418604651,5,"top5","hr_sd_precond;eda_med_precond;hr_med_precond;eda_pkrate_precond;eeg_fm_specent_precond"
2025-12-19 16:54:57.400148,48,"stress_label",5,4,0.0078125,0.593023255813954,0.61046511627907,0.598449612403101,5,"top5","hr_sd_precond;eda_med_precond;hr_med_precond;eda_pkrate_precond;eeg_fm_specent_precond"
2025-12-19 16:54:57.403473,48,"stress_label",5,8,0.0078125,0.569767441860465,0.581395348837209,0.568217054263566,5,"top5","hr_sd_precond;eda_med_precond;hr_med_precond;eda_pkrate_precond;eeg_fm_specent_precond"
2025-12-19 16:54:57.410899,48,"stress_label",5,16,0.0078125,0.552325581395349,0.587209302325581,0.544186046511628,5,"top5","hr_sd_precond;eda_med_precond;hr_med_precond;eda_pkrate_precond;eeg_fm_specent_precond"
2025-12-19 16:54:57.424284,48,"stress_label",5,32,0.0078125,0.558139534883721,0.61046511627907,0.550387596899225,5,"top5","hr_sd_precond;eda_med_precond;hr_med_precond;eda_pkrate_precond;eeg_fm_specent_precond"
2025-12-19 16:54:57.42163,48,"stress_label",5,64,0.0078125,0.540697674418605,0.581395348837209,0.529457364341085,5,"top5","hr_sd_precond;eda_med_precond;hr_med_precond;eda_pkrate_precond;eeg_fm_specent_precond"
2025-12-19 16:54:57.437896,48,"stress_label",5,128,0.0078125,0.505813953488372,0.523255813953488,0.487596899224806,5,"top5","hr_sd_precond;eda_med_precond;hr_med_precond;eda_pkrate_precond;eeg_fm_specent_precond"
2025-12-19 16:54:57.561796,48,"stress_label",5,256,0.0078125,0.511627906976744,0.546511627906977,NA,5,"top5","hr_sd_precond;eda_med_precond;hr_med_precond;eda_pkrate_precond;eeg_fm_specent_precond"
2025-12-19 16:54:57.409277,48,"stress_label",5,2,0.015625,0.593023255813954,0.604651162790698,0.598449612403101,5,"top5","hr_sd_precond;eda_med_precond;hr_med_precond;eda_pkrate_precond;eeg_fm_specent_precond"
2025-12-19 16:54:57.42282,48,"stress_label",5,4,0.015625,0.552325581395349,0.575581395348837,0.545736434108527,5,"top5","hr_sd_precond;eda_med_precond;hr_med_precond;eda_pkrate_precond;eeg_fm_specent_precond"
2025-12-19 16:54:57.408577,48,"stress_label",5,8,0.015625,0.552325581395349,0.563953488372093,0.544186046511628,5,"top5","hr_sd_precond;eda_med_precond;hr_med_precond;eda_pkrate_precond;eeg_fm_specent_precond"
2025-12-19 16:54:57.418731,48,"stress_label",5,16,0.015625,0.540697674418605,0.593023255813954,0.534108527131783,5,"top5","hr_sd_precond;eda_med_precond;hr_med_precond;eda_pkrate_precond;eeg_fm_specent_precond"
2025-12-19 16:54:57.456283,48,"stress_label",5,32,0.015625,0.505813953488372,0.546511627906977,NA,5,"top5","hr_sd_precond;eda_med_precond;hr_med_precond;eda_pkrate_precond;eeg_fm_specent_precond"
2025-12-19 16:54:57.445602,48,"stress_label",5,64,0.015625,0.517441860465116,0.546511627906977,NA,5,"top5","hr_sd_precond;eda_med_precond;hr_med_precond;eda_pkrate_precond;eeg_fm_specent_precond"
2025-12-19 16:54:58.535469,48,"stress_label",5,128,0.015625,0.517441860465116,0.505813953488372,0.508527131782946,5,"top5","hr_sd_precond;eda_med_precond;hr_med_precond;eda_pkrate_precond;eeg_fm_specent_precond"
2025-12-19 16:54:58.658768,48,"stress_label",5,256,0.015625,0.505813953488372,0.476744186046512,NA,5,"top5","hr_sd_precond;eda_med_precond;hr_med_precond;eda_pkrate_precond;eeg_fm_specent_precond"
2025-12-19 16:54:58.488144,48,"stress_label",5,2,0.03125,0.529069767441861,0.552325581395349,0.511627906976744,5,"top5","hr_sd_precond;eda_med_precond;hr_med_precond;eda_pkrate_precond;eeg_fm_specent_precond"
2025-12-19 16:54:58.494293,48,"stress_label",5,4,0.03125,0.529069767441861,0.558139534883721,NA,5,"top5","hr_sd_precond;eda_med_precond;hr_med_precond;eda_pkrate_precond;eeg_fm_specent_precond"
2025-12-19 16:54:58.499833,48,"stress_label",5,8,0.03125,0.511627906976744,0.563953488372093,NA,5,"top5","hr_sd_precond;eda_med_precond;hr_med_precond;eda_pkrate_precond;eeg_fm_specent_precond"
2025-12-19 16:54:58.49391,48,"stress_label",5,16,0.03125,0.517441860465116,0.546511627906977,0.49922480620155,5,"top5","hr_sd_precond;eda_med_precond;hr_med_precond;eda_pkrate_precond;eeg_fm_specent_precond"
2025-12-19 16:54:58.505506,48,"stress_label",5,32,0.03125,0.523255813953488,0.517441860465116,NA,5,"top5","hr_sd_precond;eda_med_precond;hr_med_precond;eda_pkrate_precond;eeg_fm_specent_precond"
2025-12-19 16:54:58.566818,48,"stress_label",5,64,0.03125,0.529069767441861,0.569767441860465,NA,5,"top5","hr_sd_precond;eda_med_precond;hr_med_precond;eda_pkrate_precond;eeg_fm_specent_precond"
2025-12-19 16:54:58.67166,48,"stress_label",5,128,0.03125,0.517441860465116,0.534883720930233,NA,5,"top5","hr_sd_precond;eda_med_precond;hr_med_precond;eda_pkrate_precond;eeg_fm_specent_precond"
2025-12-19 16:54:58.788197,48,"stress_label",5,256,0.03125,0.511627906976744,0.476744186046512,NA,5,"top5","hr_sd_precond;eda_med_precond;hr_med_precond;eda_pkrate_precond;eeg_fm_specent_precond"
2025-12-19 16:54:58.529351,48,"stress_label",5,2,0.0625,0.534883720930233,0.558139534883721,NA,5,"top5","hr_sd_precond;eda_med_precond;hr_med_precond;eda_pkrate_precond;eeg_fm_specent_precond"
2025-12-19 16:54:58.539516,48,"stress_label",5,4,0.0625,0.511627906976744,0.581395348837209,NA,5,"top5","hr_sd_precond;eda_med_precond;hr_med_precond;eda_pkrate_precond;eeg_fm_specent_precond"
2025-12-19 16:54:58.530525,48,"stress_label",5,8,0.0625,0.534883720930233,0.575581395348837,NA,5,"top5","hr_sd_precond;eda_med_precond;hr_med_precond;eda_pkrate_precond;eeg_fm_specent_precond"
2025-12-19 16:54:58.639219,48,"stress_label",5,16,0.0625,0.534883720930233,0.569767441860465,NA,5,"top5","hr_sd_precond;eda_med_precond;hr_med_precond;eda_pkrate_precond;eeg_fm_specent_precond"
2025-12-19 16:54:59.620341,48,"stress_label",5,32,0.0625,0.511627906976744,0.523255813953488,NA,5,"top5","hr_sd_precond;eda_med_precond;hr_med_precond;eda_pkrate_precond;eeg_fm_specent_precond"
2025-12-19 16:54:59.692881,48,"stress_label",5,64,0.0625,0.488372093023256,0.523255813953488,NA,5,"top5","hr_sd_precond;eda_med_precond;hr_med_precond;eda_pkrate_precond;eeg_fm_specent_precond"
2025-12-19 16:54:59.85864,48,"stress_label",5,128,0.0625,0.482558139534884,0.482558139534884,NA,5,"top5","hr_sd_precond;eda_med_precond;hr_med_precond;eda_pkrate_precond;eeg_fm_specent_precond"
2025-12-19 16:55:00.171222,48,"stress_label",5,256,0.0625,0.517441860465116,0.430232558139535,0.526356589147287,5,"top5","hr_sd_precond;eda_med_precond;hr_med_precond;eda_pkrate_precond;eeg_fm_specent_precond"
2025-12-19 16:54:59.579572,48,"stress_label",5,2,0.125,0.540697674418605,0.575581395348837,NA,5,"top5","hr_sd_precond;eda_med_precond;hr_med_precond;eda_pkrate_precond;eeg_fm_specent_precond"
2025-12-19 16:54:59.574344,48,"stress_label",5,4,0.125,0.552325581395349,0.598837209302326,NA,5,"top5","hr_sd_precond;eda_med_precond;hr_med_precond;eda_pkrate_precond;eeg_fm_specent_precond"
2025-12-19 16:54:59.609795,48,"stress_label",5,8,0.125,0.517441860465116,0.534883720930233,NA,5,"top5","hr_sd_precond;eda_med_precond;hr_med_precond;eda_pkrate_precond;eeg_fm_specent_precond"
2025-12-19 16:54:59.652711,48,"stress_label",5,16,0.125,0.5,0.505813953488372,NA,5,"top5","hr_sd_precond;eda_med_precond;hr_med_precond;eda_pkrate_precond;eeg_fm_specent_precond"
2025-12-19 16:54:59.724886,48,"stress_label",5,32,0.125,0.5,0.465116279069767,NA,5,"top5","hr_sd_precond;eda_med_precond;hr_med_precond;eda_pkrate_precond;eeg_fm_specent_precond"
2025-12-19 16:54:59.859576,48,"stress_label",5,64,0.125,0.482558139534884,0.47093023255814,NA,5,"top5","hr_sd_precond;eda_med_precond;hr_med_precond;eda_pkrate_precond;eeg_fm_specent_precond"
2025-12-19 16:55:00.229317,48,"stress_label",5,128,0.125,0.465116279069767,0.424418604651163,NA,5,"top5","hr_sd_precond;eda_med_precond;hr_med_precond;eda_pkrate_precond;eeg_fm_specent_precond"
2025-12-19 16:55:00.554661,48,"stress_label",5,256,0.125,0.476744186046512,0.447674418604651,NA,5,"top5","hr_sd_precond;eda_med_precond;hr_med_precond;eda_pkrate_precond;eeg_fm_specent_precond"
2025-12-19 16:54:59.720624,48,"stress_label",5,2,0.03,0.534883720930233,0.552325581395349,0.52093023255814,5,"top5","hr_sd_precond;eda_med_precond;hr_med_precond;eda_pkrate_precond;eeg_fm_specent_precond"
2025-12-19 16:54:59.839598,48,"stress_label",5,4,0.03,0.523255813953488,0.546511627906977,NA,5,"top5","hr_sd_precond;eda_med_precond;hr_med_precond;eda_pkrate_precond;eeg_fm_specent_precond"
2025-12-19 16:55:00.665234,48,"stress_label",5,8,0.03,0.523255813953488,0.563953488372093,NA,5,"top5","hr_sd_precond;eda_med_precond;hr_med_precond;eda_pkrate_precond;eeg_fm_specent_precond"
2025-12-19 16:55:00.651877,48,"stress_label",5,16,0.03,0.517441860465116,0.546511627906977,0.49922480620155,5,"top5","hr_sd_precond;eda_med_precond;hr_med_precond;eda_pkrate_precond;eeg_fm_specent_precond"
2025-12-19 16:55:00.693728,48,"stress_label",5,32,0.03,0.517441860465116,0.540697674418605,NA,5,"top5","hr_sd_precond;eda_med_precond;hr_med_precond;eda_pkrate_precond;eeg_fm_specent_precond"
2025-12-19 16:55:00.785596,48,"stress_label",5,64,0.03,0.529069767441861,0.534883720930233,NA,5,"top5","hr_sd_precond;eda_med_precond;hr_med_precond;eda_pkrate_precond;eeg_fm_specent_precond"
2025-12-19 16:55:00.881858,48,"stress_label",5,128,0.03,0.529069767441861,0.529069767441861,NA,5,"top5","hr_sd_precond;eda_med_precond;hr_med_precond;eda_pkrate_precond;eeg_fm_specent_precond"
2025-12-19 16:55:01.046276,48,"stress_label",5,256,0.03,0.511627906976744,0.436046511627907,NA,5,"top5","hr_sd_precond;eda_med_precond;hr_med_precond;eda_pkrate_precond;eeg_fm_specent_precond"
2025-12-19 16:55:00.769516,48,"stress_label",5,2,0.06,0.529069767441861,0.529069767441861,NA,5,"top5","hr_sd_precond;eda_med_precond;hr_med_precond;eda_pkrate_precond;eeg_fm_specent_precond"
2025-12-19 16:55:00.818298,48,"stress_label",5,4,0.06,0.511627906976744,0.581395348837209,NA,5,"top5","hr_sd_precond;eda_med_precond;hr_med_precond;eda_pkrate_precond;eeg_fm_specent_precond"
2025-12-19 16:55:00.916368,48,"stress_label",5,8,0.06,0.534883720930233,0.523255813953488,NA,5,"top5","hr_sd_precond;eda_med_precond;hr_med_precond;eda_pkrate_precond;eeg_fm_specent_precond"
2025-12-19 16:55:00.932697,48,"stress_label",5,16,0.06,0.534883720930233,0.540697674418605,NA,5,"top5","hr_sd_precond;eda_med_precond;hr_med_precond;eda_pkrate_precond;eeg_fm_specent_precond"
2025-12-19 16:55:01.005587,48,"stress_label",5,32,0.06,0.511627906976744,0.529069767441861,NA,5,"top5","hr_sd_precond;eda_med_precond;hr_med_precond;eda_pkrate_precond;eeg_fm_specent_precond"
2025-12-19 16:55:01.304405,48,"stress_label",5,64,0.06,0.494186046511628,0.5,NA,5,"top5","hr_sd_precond;eda_med_precond;hr_med_precond;eda_pkrate_precond;eeg_fm_specent_precond"
2025-12-19 16:55:01.494049,48,"stress_label",5,128,0.06,0.482558139534884,0.383720930232558,NA,5,"top5","hr_sd_precond;eda_med_precond;hr_med_precond;eda_pkrate_precond;eeg_fm_specent_precond"
2025-12-19 16:55:01.883714,48,"stress_label",5,256,0.06,0.505813953488372,0.441860465116279,0.511627906976744,5,"top5","hr_sd_precond;eda_med_precond;hr_med_precond;eda_pkrate_precond;eeg_fm_specent_precond"
2025-12-19 16:55:01.628129,48,"stress_label",5,2,0.1,0.523255813953488,0.587209302325581,NA,5,"top5","hr_sd_precond;eda_med_precond;hr_med_precond;eda_pkrate_precond;eeg_fm_specent_precond"
2025-12-19 16:55:01.598277,48,"stress_label",5,4,0.1,0.546511627906977,0.587209302325581,NA,5,"top5","hr_sd_precond;eda_med_precond;hr_med_precond;eda_pkrate_precond;eeg_fm_specent_precond"
2025-12-19 16:55:01.636754,48,"stress_label",5,8,0.1,0.517441860465116,0.529069767441861,NA,5,"top5","hr_sd_precond;eda_med_precond;hr_med_precond;eda_pkrate_precond;eeg_fm_specent_precond"
2025-12-19 16:55:01.728453,48,"stress_label",5,16,0.1,0.505813953488372,0.511627906976744,NA,5,"top5","hr_sd_precond;eda_med_precond;hr_med_precond;eda_pkrate_precond;eeg_fm_specent_precond"
2025-12-19 16:55:01.730112,48,"stress_label",5,32,0.1,0.482558139534884,0.465116279069767,NA,5,"top5","hr_sd_precond;eda_med_precond;hr_med_precond;eda_pkrate_precond;eeg_fm_specent_precond"
2025-12-19 16:55:01.856054,48,"stress_label",5,64,0.1,0.505813953488372,0.459302325581395,NA,5,"top5","hr_sd_precond;eda_med_precond;hr_med_precond;eda_pkrate_precond;eeg_fm_specent_precond"
2025-12-19 16:55:02.035478,48,"stress_label",5,128,0.1,0.476744186046512,0.447674418604651,NA,5,"top5","hr_sd_precond;eda_med_precond;hr_med_precond;eda_pkrate_precond;eeg_fm_specent_precond"
2025-12-19 16:55:02.282027,48,"stress_label",5,256,0.1,0.482558139534884,0.517441860465116,NA,5,"top5","hr_sd_precond;eda_med_precond;hr_med_precond;eda_pkrate_precond;eeg_fm_specent_precond"
