target,f1,accuracy,auc,logloss
stress_label,0.5844155844155844,0.6,0.6190625,0.721396728253167
