target,f1,accuracy,auc,logloss
workload_label,0.5238095238095238,0.5,0.5275,0.7049722403863878
