target,f1,accuracy,auc,logloss
workload_label,0.5217391304347826,0.51875,0.49421875,0.6962618120866595
