target,f1,accuracy,auc,logloss
stress_label,0.4691358024691358,0.4625,0.445625,0.6901558565177508
