target,f1,accuracy,auc,logloss
stress_label,0.39189189189189183,0.4375,0.431640625,0.6883520865238588
workload_label,0.5590062111801242,0.55625,0.51953125,0.7106089107650307
