timestamp,test_pid,target,k,cost,gamma,inner_acc,inner_auc,inner_f1,feature_n,feature_set,features_used
2025-12-19 15:56:01.135194,1,"workload_label",7,2,0.0078125,0.61046511627907,0.668604651162791,0.594573643410853,7,"top7","eeg_tb_ratio_precond;eeg_ab_ratio_precond;hrv_rmssd_precond;eda_sd_precond;eeg_tleft_lbeta_power_precond;hr_med_precond;eeg_fl_hbeta_power_precond"
2025-12-19 15:56:01.108143,1,"workload_label",7,4,0.0078125,0.622093023255814,0.645348837209302,0.597674418604651,7,"top7","eeg_tb_ratio_precond;eeg_ab_ratio_precond;hrv_rmssd_precond;eda_sd_precond;eeg_tleft_lbeta_power_precond;hr_med_precond;eeg_fl_hbeta_power_precond"
2025-12-19 15:56:01.134848,1,"workload_label",7,8,0.0078125,0.616279069767442,0.627906976744186,0.590697674418605,7,"top7","eeg_tb_ratio_precond;eeg_ab_ratio_precond;hrv_rmssd_precond;eda_sd_precond;eeg_tleft_lbeta_power_precond;hr_med_precond;eeg_fl_hbeta_power_precond"
2025-12-19 15:56:01.123955,1,"workload_label",7,16,0.0078125,0.593023255813954,0.633720930232558,0.592248062015504,7,"top7","eeg_tb_ratio_precond;eeg_ab_ratio_precond;hrv_rmssd_precond;eda_sd_precond;eeg_tleft_lbeta_power_precond;hr_med_precond;eeg_fl_hbeta_power_precond"
2025-12-19 15:56:01.141558,1,"workload_label",7,32,0.0078125,0.593023255813954,0.651162790697674,0.601550387596899,7,"top7","eeg_tb_ratio_precond;eeg_ab_ratio_precond;hrv_rmssd_precond;eda_sd_precond;eeg_tleft_lbeta_power_precond;hr_med_precond;eeg_fl_hbeta_power_precond"
2025-12-19 15:56:01.155613,1,"workload_label",7,64,0.0078125,0.598837209302326,0.645348837209302,0.603100775193798,7,"top7","eeg_tb_ratio_precond;eeg_ab_ratio_precond;hrv_rmssd_precond;eda_sd_precond;eeg_tleft_lbeta_power_precond;hr_med_precond;eeg_fl_hbeta_power_precond"
2025-12-19 15:56:01.20969,1,"workload_label",7,128,0.0078125,0.598837209302326,0.63953488372093,0.609302325581395,7,"top7","eeg_tb_ratio_precond;eeg_ab_ratio_precond;hrv_rmssd_precond;eda_sd_precond;eeg_tleft_lbeta_power_precond;hr_med_precond;eeg_fl_hbeta_power_precond"
2025-12-19 15:56:01.354986,1,"workload_label",7,256,0.0078125,0.593023255813954,0.651162790697674,0.609302325581395,7,"top7","eeg_tb_ratio_precond;eeg_ab_ratio_precond;hrv_rmssd_precond;eda_sd_precond;eeg_tleft_lbeta_power_precond;hr_med_precond;eeg_fl_hbeta_power_precond"
2025-12-19 15:56:01.133184,1,"workload_label",7,2,0.015625,0.622093023255814,0.651162790697674,0.60077519379845,7,"top7","eeg_tb_ratio_precond;eeg_ab_ratio_precond;hrv_rmssd_precond;eda_sd_precond;eeg_tleft_lbeta_power_precond;hr_med_precond;eeg_fl_hbeta_power_precond"
2025-12-19 15:56:01.148946,1,"workload_label",7,4,0.015625,0.604651162790698,0.645348837209302,0.588372093023256,7,"top7","eeg_tb_ratio_precond;eeg_ab_ratio_precond;hrv_rmssd_precond;eda_sd_precond;eeg_tleft_lbeta_power_precond;hr_med_precond;eeg_fl_hbeta_power_precond"
2025-12-19 15:56:01.121182,1,"workload_label",7,8,0.015625,0.61046511627907,0.645348837209302,0.615503875968992,7,"top7","eeg_tb_ratio_precond;eeg_ab_ratio_precond;hrv_rmssd_precond;eda_sd_precond;eeg_tleft_lbeta_power_precond;hr_med_precond;eeg_fl_hbeta_power_precond"
2025-12-19 15:56:01.142588,1,"workload_label",7,16,0.015625,0.61046511627907,0.651162790697674,0.618604651162791,7,"top7","eeg_tb_ratio_precond;eeg_ab_ratio_precond;hrv_rmssd_precond;eda_sd_precond;eeg_tleft_lbeta_power_precond;hr_med_precond;eeg_fl_hbeta_power_precond"
2025-12-19 15:56:01.172215,1,"workload_label",7,32,0.015625,0.61046511627907,0.645348837209302,0.613953488372093,7,"top7","eeg_tb_ratio_precond;eeg_ab_ratio_precond;hrv_rmssd_precond;eda_sd_precond;eeg_tleft_lbeta_power_precond;hr_med_precond;eeg_fl_hbeta_power_precond"
2025-12-19 15:56:01.203661,1,"workload_label",7,64,0.015625,0.598837209302326,0.651162790697674,0.62015503875969,7,"top7","eeg_tb_ratio_precond;eeg_ab_ratio_precond;hrv_rmssd_precond;eda_sd_precond;eeg_tleft_lbeta_power_precond;hr_med_precond;eeg_fl_hbeta_power_precond"
2025-12-19 15:56:02.33628,1,"workload_label",7,128,0.015625,0.593023255813954,0.651162790697674,NA,7,"top7","eeg_tb_ratio_precond;eeg_ab_ratio_precond;hrv_rmssd_precond;eda_sd_precond;eeg_tleft_lbeta_power_precond;hr_med_precond;eeg_fl_hbeta_power_precond"
2025-12-19 15:56:02.501865,1,"workload_label",7,256,0.015625,0.552325581395349,0.627906976744186,0.566666666666667,7,"top7","eeg_tb_ratio_precond;eeg_ab_ratio_precond;hrv_rmssd_precond;eda_sd_precond;eeg_tleft_lbeta_power_precond;hr_med_precond;eeg_fl_hbeta_power_precond"
2025-12-19 15:56:02.219893,1,"workload_label",7,2,0.03125,0.587209302325581,0.645348837209302,0.591472868217054,7,"top7","eeg_tb_ratio_precond;eeg_ab_ratio_precond;hrv_rmssd_precond;eda_sd_precond;eeg_tleft_lbeta_power_precond;hr_med_precond;eeg_fl_hbeta_power_precond"
2025-12-19 15:56:02.219726,1,"workload_label",7,4,0.03125,0.598837209302326,0.656976744186046,0.611627906976744,7,"top7","eeg_tb_ratio_precond;eeg_ab_ratio_precond;hrv_rmssd_precond;eda_sd_precond;eeg_tleft_lbeta_power_precond;hr_med_precond;eeg_fl_hbeta_power_precond"
2025-12-19 15:56:02.223321,1,"workload_label",7,8,0.03125,0.604651162790698,0.651162790697674,0.609302325581395,7,"top7","eeg_tb_ratio_precond;eeg_ab_ratio_precond;hrv_rmssd_precond;eda_sd_precond;eeg_tleft_lbeta_power_precond;hr_med_precond;eeg_fl_hbeta_power_precond"
2025-12-19 15:56:02.230532,1,"workload_label",7,16,0.03125,0.598837209302326,0.645348837209302,0.609302325581395,7,"top7","eeg_tb_ratio_precond;eeg_ab_ratio_precond;hrv_rmssd_precond;eda_sd_precond;eeg_tleft_lbeta_power_precond;hr_med_precond;eeg_fl_hbeta_power_precond"
2025-12-19 15:56:02.294266,1,"workload_label",7,32,0.03125,0.587209302325581,0.622093023255814,NA,7,"top7","eeg_tb_ratio_precond;eeg_ab_ratio_precond;hrv_rmssd_precond;eda_sd_precond;eeg_tleft_lbeta_power_precond;hr_med_precond;eeg_fl_hbeta_power_precond"
2025-12-19 15:56:02.374019,1,"workload_label",7,64,0.03125,0.575581395348837,0.63953488372093,0.585271317829457,7,"top7","eeg_tb_ratio_precond;eeg_ab_ratio_precond;hrv_rmssd_precond;eda_sd_precond;eeg_tleft_lbeta_power_precond;hr_med_precond;eeg_fl_hbeta_power_precond"
2025-12-19 15:56:02.492672,1,"workload_label",7,128,0.03125,0.575581395348837,0.627906976744186,0.584496124031008,7,"top7","eeg_tb_ratio_precond;eeg_ab_ratio_precond;hrv_rmssd_precond;eda_sd_precond;eeg_tleft_lbeta_power_precond;hr_med_precond;eeg_fl_hbeta_power_precond"
2025-12-19 15:56:02.814906,1,"workload_label",7,256,0.03125,0.581395348837209,0.598837209302326,NA,7,"top7","eeg_tb_ratio_precond;eeg_ab_ratio_precond;hrv_rmssd_precond;eda_sd_precond;eeg_tleft_lbeta_power_precond;hr_med_precond;eeg_fl_hbeta_power_precond"
2025-12-19 15:56:02.223013,1,"workload_label",7,2,0.0625,0.61046511627907,0.651162790697674,0.612403100775194,7,"top7","eeg_tb_ratio_precond;eeg_ab_ratio_precond;hrv_rmssd_precond;eda_sd_precond;eeg_tleft_lbeta_power_precond;hr_med_precond;eeg_fl_hbeta_power_precond"
2025-12-19 15:56:02.268361,1,"workload_label",7,4,0.0625,0.587209302325581,0.627906976744186,0.593798449612403,7,"top7","eeg_tb_ratio_precond;eeg_ab_ratio_precond;hrv_rmssd_precond;eda_sd_precond;eeg_tleft_lbeta_power_precond;hr_med_precond;eeg_fl_hbeta_power_precond"
2025-12-19 15:56:02.303471,1,"workload_label",7,8,0.0625,0.581395348837209,0.633720930232558,NA,7,"top7","eeg_tb_ratio_precond;eeg_ab_ratio_precond;hrv_rmssd_precond;eda_sd_precond;eeg_tleft_lbeta_power_precond;hr_med_precond;eeg_fl_hbeta_power_precond"
2025-12-19 15:56:02.466732,1,"workload_label",7,16,0.0625,0.581395348837209,0.645348837209302,0.57984496124031,7,"top7","eeg_tb_ratio_precond;eeg_ab_ratio_precond;hrv_rmssd_precond;eda_sd_precond;eeg_tleft_lbeta_power_precond;hr_med_precond;eeg_fl_hbeta_power_precond"
2025-12-19 15:56:03.392484,1,"workload_label",7,32,0.0625,0.581395348837209,0.604651162790698,0.582945736434109,7,"top7","eeg_tb_ratio_precond;eeg_ab_ratio_precond;hrv_rmssd_precond;eda_sd_precond;eeg_tleft_lbeta_power_precond;hr_med_precond;eeg_fl_hbeta_power_precond"
2025-12-19 15:56:03.51527,1,"workload_label",7,64,0.0625,0.534883720930233,0.575581395348837,0.533333333333333,7,"top7","eeg_tb_ratio_precond;eeg_ab_ratio_precond;hrv_rmssd_precond;eda_sd_precond;eeg_tleft_lbeta_power_precond;hr_med_precond;eeg_fl_hbeta_power_precond"
2025-12-19 15:56:03.714258,1,"workload_label",7,128,0.0625,0.529069767441861,0.593023255813954,0.510077519379845,7,"top7","eeg_tb_ratio_precond;eeg_ab_ratio_precond;hrv_rmssd_precond;eda_sd_precond;eeg_tleft_lbeta_power_precond;hr_med_precond;eeg_fl_hbeta_power_precond"
2025-12-19 15:56:04.089525,1,"workload_label",7,256,0.0625,0.540697674418605,0.505813953488372,NA,7,"top7","eeg_tb_ratio_precond;eeg_ab_ratio_precond;hrv_rmssd_precond;eda_sd_precond;eeg_tleft_lbeta_power_precond;hr_med_precond;eeg_fl_hbeta_power_precond"
2025-12-19 15:56:03.28973,1,"workload_label",7,2,0.125,0.587209302325581,0.645348837209302,0.584496124031008,7,"top7","eeg_tb_ratio_precond;eeg_ab_ratio_precond;hrv_rmssd_precond;eda_sd_precond;eeg_tleft_lbeta_power_precond;hr_med_precond;eeg_fl_hbeta_power_precond"
2025-12-19 15:56:03.358297,1,"workload_label",7,4,0.125,0.587209302325581,0.622093023255814,NA,7,"top7","eeg_tb_ratio_precond;eeg_ab_ratio_precond;hrv_rmssd_precond;eda_sd_precond;eeg_tleft_lbeta_power_precond;hr_med_precond;eeg_fl_hbeta_power_precond"
2025-12-19 15:56:03.401836,1,"workload_label",7,8,0.125,0.529069767441861,0.581395348837209,NA,7,"top7","eeg_tb_ratio_precond;eeg_ab_ratio_precond;hrv_rmssd_precond;eda_sd_precond;eeg_tleft_lbeta_power_precond;hr_med_precond;eeg_fl_hbeta_power_precond"
2025-12-19 15:56:03.413363,1,"workload_label",7,16,0.125,0.517441860465116,0.534883720930233,0.517054263565891,7,"top7","eeg_tb_ratio_precond;eeg_ab_ratio_precond;hrv_rmssd_precond;eda_sd_precond;eeg_tleft_lbeta_power_precond;hr_med_precond;eeg_fl_hbeta_power_precond"
2025-12-19 15:56:03.61724,1,"workload_label",7,32,0.125,0.546511627906977,0.598837209302326,NA,7,"top7","eeg_tb_ratio_precond;eeg_ab_ratio_precond;hrv_rmssd_precond;eda_sd_precond;eeg_tleft_lbeta_power_precond;hr_med_precond;eeg_fl_hbeta_power_precond"
2025-12-19 15:56:03.79662,1,"workload_label",7,64,0.125,0.494186046511628,0.505813953488372,NA,7,"top7","eeg_tb_ratio_precond;eeg_ab_ratio_precond;hrv_rmssd_precond;eda_sd_precond;eeg_tleft_lbeta_power_precond;hr_med_precond;eeg_fl_hbeta_power_precond"
2025-12-19 15:56:04.030807,1,"workload_label",7,128,0.125,0.505813953488372,0.505813953488372,NA,7,"top7","eeg_tb_ratio_precond;eeg_ab_ratio_precond;hrv_rmssd_precond;eda_sd_precond;eeg_tleft_lbeta_power_precond;hr_med_precond;eeg_fl_hbeta_power_precond"
2025-12-19 15:56:04.223034,1,"workload_label",7,256,0.125,0.517441860465116,0.447674418604651,NA,7,"top7","eeg_tb_ratio_precond;eeg_ab_ratio_precond;hrv_rmssd_precond;eda_sd_precond;eeg_tleft_lbeta_power_precond;hr_med_precond;eeg_fl_hbeta_power_precond"
2025-12-19 15:56:03.541328,1,"workload_label",7,2,0.03,0.598837209302326,0.651162790697674,0.59922480620155,7,"top7","eeg_tb_ratio_precond;eeg_ab_ratio_precond;hrv_rmssd_precond;eda_sd_precond;eeg_tleft_lbeta_power_precond;hr_med_precond;eeg_fl_hbeta_power_precond"
2025-12-19 15:56:03.824264,1,"workload_label",7,4,0.03,0.598837209302326,0.656976744186046,0.611627906976744,7,"top7","eeg_tb_ratio_precond;eeg_ab_ratio_precond;hrv_rmssd_precond;eda_sd_precond;eeg_tleft_lbeta_power_precond;hr_med_precond;eeg_fl_hbeta_power_precond"
2025-12-19 15:56:04.287388,1,"workload_label",7,8,0.03,0.604651162790698,0.656976744186046,0.609302325581395,7,"top7","eeg_tb_ratio_precond;eeg_ab_ratio_precond;hrv_rmssd_precond;eda_sd_precond;eeg_tleft_lbeta_power_precond;hr_med_precond;eeg_fl_hbeta_power_precond"
2025-12-19 15:56:04.395881,1,"workload_label",7,16,0.03,0.598837209302326,0.645348837209302,0.609302325581395,7,"top7","eeg_tb_ratio_precond;eeg_ab_ratio_precond;hrv_rmssd_precond;eda_sd_precond;eeg_tleft_lbeta_power_precond;hr_med_precond;eeg_fl_hbeta_power_precond"
2025-12-19 15:56:04.505172,1,"workload_label",7,32,0.03,0.587209302325581,0.627906976744186,NA,7,"top7","eeg_tb_ratio_precond;eeg_ab_ratio_precond;hrv_rmssd_precond;eda_sd_precond;eeg_tleft_lbeta_power_precond;hr_med_precond;eeg_fl_hbeta_power_precond"
2025-12-19 15:56:04.577232,1,"workload_label",7,64,0.03,0.563953488372093,0.63953488372093,NA,7,"top7","eeg_tb_ratio_precond;eeg_ab_ratio_precond;hrv_rmssd_precond;eda_sd_precond;eeg_tleft_lbeta_power_precond;hr_med_precond;eeg_fl_hbeta_power_precond"
2025-12-19 15:56:04.760372,1,"workload_label",7,128,0.03,0.575581395348837,0.622093023255814,0.585271317829457,7,"top7","eeg_tb_ratio_precond;eeg_ab_ratio_precond;hrv_rmssd_precond;eda_sd_precond;eeg_tleft_lbeta_power_precond;hr_med_precond;eeg_fl_hbeta_power_precond"
2025-12-19 15:56:05.143362,1,"workload_label",7,256,0.03,0.575581395348837,0.61046511627907,NA,7,"top7","eeg_tb_ratio_precond;eeg_ab_ratio_precond;hrv_rmssd_precond;eda_sd_precond;eeg_tleft_lbeta_power_precond;hr_med_precond;eeg_fl_hbeta_power_precond"
2025-12-19 15:56:04.563096,1,"workload_label",7,2,0.06,0.616279069767442,0.656976744186046,0.62015503875969,7,"top7","eeg_tb_ratio_precond;eeg_ab_ratio_precond;hrv_rmssd_precond;eda_sd_precond;eeg_tleft_lbeta_power_precond;hr_med_precond;eeg_fl_hbeta_power_precond"
2025-12-19 15:56:04.65655,1,"workload_label",7,4,0.06,0.593023255813954,0.645348837209302,0.597674418604651,7,"top7","eeg_tb_ratio_precond;eeg_ab_ratio_precond;hrv_rmssd_precond;eda_sd_precond;eeg_tleft_lbeta_power_precond;hr_med_precond;eeg_fl_hbeta_power_precond"
2025-12-19 15:56:04.826999,1,"workload_label",7,8,0.06,0.587209302325581,0.627906976744186,NA,7,"top7","eeg_tb_ratio_precond;eeg_ab_ratio_precond;hrv_rmssd_precond;eda_sd_precond;eeg_tleft_lbeta_power_precond;hr_med_precond;eeg_fl_hbeta_power_precond"
2025-12-19 15:56:04.953273,1,"workload_label",7,16,0.06,0.575581395348837,0.63953488372093,NA,7,"top7","eeg_tb_ratio_precond;eeg_ab_ratio_precond;hrv_rmssd_precond;eda_sd_precond;eeg_tleft_lbeta_power_precond;hr_med_precond;eeg_fl_hbeta_power_precond"
2025-12-19 15:56:04.983034,1,"workload_label",7,32,0.06,0.581395348837209,0.616279069767442,0.582945736434109,7,"top7","eeg_tb_ratio_precond;eeg_ab_ratio_precond;hrv_rmssd_precond;eda_sd_precond;eeg_tleft_lbeta_power_precond;hr_med_precond;eeg_fl_hbeta_power_precond"
2025-12-19 15:56:05.29207,1,"workload_label",7,64,0.06,0.534883720930233,0.587209302325581,0.533333333333333,7,"top7","eeg_tb_ratio_precond;eeg_ab_ratio_precond;hrv_rmssd_precond;eda_sd_precond;eeg_tleft_lbeta_power_precond;hr_med_precond;eeg_fl_hbeta_power_precond"
2025-12-19 15:56:05.533898,1,"workload_label",7,128,0.06,0.540697674418605,0.593023255813954,NA,7,"top7","eeg_tb_ratio_precond;eeg_ab_ratio_precond;hrv_rmssd_precond;eda_sd_precond;eeg_tleft_lbeta_power_precond;hr_med_precond;eeg_fl_hbeta_power_precond"
2025-12-19 15:56:05.832076,1,"workload_label",7,256,0.06,0.552325581395349,0.523255813953488,0.554263565891473,7,"top7","eeg_tb_ratio_precond;eeg_ab_ratio_precond;hrv_rmssd_precond;eda_sd_precond;eeg_tleft_lbeta_power_precond;hr_med_precond;eeg_fl_hbeta_power_precond"
2025-12-19 15:56:05.311204,1,"workload_label",7,2,0.1,0.598837209302326,0.622093023255814,0.593023255813954,7,"top7","eeg_tb_ratio_precond;eeg_ab_ratio_precond;hrv_rmssd_precond;eda_sd_precond;eeg_tleft_lbeta_power_precond;hr_med_precond;eeg_fl_hbeta_power_precond"
2025-12-19 15:56:05.429795,1,"workload_label",7,4,0.1,0.587209302325581,0.627906976744186,NA,7,"top7","eeg_tb_ratio_precond;eeg_ab_ratio_precond;hrv_rmssd_precond;eda_sd_precond;eeg_tleft_lbeta_power_precond;hr_med_precond;eeg_fl_hbeta_power_precond"
2025-12-19 15:56:05.538131,1,"workload_label",7,8,0.1,0.563953488372093,0.61046511627907,NA,7,"top7","eeg_tb_ratio_precond;eeg_ab_ratio_precond;hrv_rmssd_precond;eda_sd_precond;eeg_tleft_lbeta_power_precond;hr_med_precond;eeg_fl_hbeta_power_precond"
2025-12-19 15:56:05.592141,1,"workload_label",7,16,0.1,0.540697674418605,0.581395348837209,0.542635658914729,7,"top7","eeg_tb_ratio_precond;eeg_ab_ratio_precond;hrv_rmssd_precond;eda_sd_precond;eeg_tleft_lbeta_power_precond;hr_med_precond;eeg_fl_hbeta_power_precond"
2025-12-19 15:56:05.641612,1,"workload_label",7,32,0.1,0.529069767441861,0.534883720930233,0.52015503875969,7,"top7","eeg_tb_ratio_precond;eeg_ab_ratio_precond;hrv_rmssd_precond;eda_sd_precond;eeg_tleft_lbeta_power_precond;hr_med_precond;eeg_fl_hbeta_power_precond"
2025-12-19 15:56:05.809092,1,"workload_label",7,64,0.1,0.546511627906977,0.558139534883721,0.534883720930233,7,"top7","eeg_tb_ratio_precond;eeg_ab_ratio_precond;hrv_rmssd_precond;eda_sd_precond;eeg_tleft_lbeta_power_precond;hr_med_precond;eeg_fl_hbeta_power_precond"
2025-12-19 15:56:06.000002,1,"workload_label",7,128,0.1,0.5,0.517441860465116,NA,7,"top7","eeg_tb_ratio_precond;eeg_ab_ratio_precond;hrv_rmssd_precond;eda_sd_precond;eeg_tleft_lbeta_power_precond;hr_med_precond;eeg_fl_hbeta_power_precond"
2025-12-19 15:56:06.17691,1,"workload_label",7,256,0.1,0.511627906976744,0.453488372093023,NA,7,"top7","eeg_tb_ratio_precond;eeg_ab_ratio_precond;hrv_rmssd_precond;eda_sd_precond;eeg_tleft_lbeta_power_precond;hr_med_precond;eeg_fl_hbeta_power_precond"
2025-12-19 15:56:07.486122,3,"workload_label",7,2,0.0078125,0.63953488372093,0.651162790697674,0.62015503875969,7,"top7","eeg_tb_ratio_precond;eeg_ab_ratio_precond;hrv_rmssd_precond;eda_sd_precond;hr_med_precond;eeg_tright_lbeta_power_precond;eeg_fl_hbeta_power_precond"
2025-12-19 15:56:07.500916,3,"workload_label",7,4,0.0078125,0.63953488372093,0.651162790697674,0.62093023255814,7,"top7","eeg_tb_ratio_precond;eeg_ab_ratio_precond;hrv_rmssd_precond;eda_sd_precond;hr_med_precond;eeg_tright_lbeta_power_precond;eeg_fl_hbeta_power_precond"
2025-12-19 15:56:07.46304,3,"workload_label",7,8,0.0078125,0.622093023255814,0.627906976744186,0.613953488372093,7,"top7","eeg_tb_ratio_precond;eeg_ab_ratio_precond;hrv_rmssd_precond;eda_sd_precond;hr_med_precond;eeg_tright_lbeta_power_precond;eeg_fl_hbeta_power_precond"
2025-12-19 15:56:07.477626,3,"workload_label",7,16,0.0078125,0.587209302325581,0.61046511627907,0.584496124031008,7,"top7","eeg_tb_ratio_precond;eeg_ab_ratio_precond;hrv_rmssd_precond;eda_sd_precond;hr_med_precond;eeg_tright_lbeta_power_precond;eeg_fl_hbeta_power_precond"
2025-12-19 15:56:07.496522,3,"workload_label",7,32,0.0078125,0.581395348837209,0.616279069767442,0.575968992248062,7,"top7","eeg_tb_ratio_precond;eeg_ab_ratio_precond;hrv_rmssd_precond;eda_sd_precond;hr_med_precond;eeg_tright_lbeta_power_precond;eeg_fl_hbeta_power_precond"
2025-12-19 15:56:07.490067,3,"workload_label",7,64,0.0078125,0.604651162790698,0.63953488372093,0.616279069767442,7,"top7","eeg_tb_ratio_precond;eeg_ab_ratio_precond;hrv_rmssd_precond;eda_sd_precond;hr_med_precond;eeg_tright_lbeta_power_precond;eeg_fl_hbeta_power_precond"
2025-12-19 15:56:07.565925,3,"workload_label",7,128,0.0078125,0.616279069767442,0.63953488372093,0.624806201550388,7,"top7","eeg_tb_ratio_precond;eeg_ab_ratio_precond;hrv_rmssd_precond;eda_sd_precond;hr_med_precond;eeg_tright_lbeta_power_precond;eeg_fl_hbeta_power_precond"
2025-12-19 15:56:07.649734,3,"workload_label",7,256,0.0078125,0.627906976744186,0.656976744186046,0.633333333333333,7,"top7","eeg_tb_ratio_precond;eeg_ab_ratio_precond;hrv_rmssd_precond;eda_sd_precond;hr_med_precond;eeg_tright_lbeta_power_precond;eeg_fl_hbeta_power_precond"
2025-12-19 15:56:07.500197,3,"workload_label",7,2,0.015625,0.633720930232558,0.645348837209302,0.616279069767442,7,"top7","eeg_tb_ratio_precond;eeg_ab_ratio_precond;hrv_rmssd_precond;eda_sd_precond;hr_med_precond;eeg_tright_lbeta_power_precond;eeg_fl_hbeta_power_precond"
2025-12-19 15:56:07.441184,3,"workload_label",7,4,0.015625,0.598837209302326,0.622093023255814,0.598449612403101,7,"top7","eeg_tb_ratio_precond;eeg_ab_ratio_precond;hrv_rmssd_precond;eda_sd_precond;hr_med_precond;eeg_tright_lbeta_power_precond;eeg_fl_hbeta_power_precond"
2025-12-19 15:56:07.496875,3,"workload_label",7,8,0.015625,0.581395348837209,0.616279069767442,0.587596899224806,7,"top7","eeg_tb_ratio_precond;eeg_ab_ratio_precond;hrv_rmssd_precond;eda_sd_precond;hr_med_precond;eeg_tright_lbeta_power_precond;eeg_fl_hbeta_power_precond"
2025-12-19 15:56:07.501359,3,"workload_label",7,16,0.015625,0.593023255813954,0.63953488372093,0.603100775193798,7,"top7","eeg_tb_ratio_precond;eeg_ab_ratio_precond;hrv_rmssd_precond;eda_sd_precond;hr_med_precond;eeg_tright_lbeta_power_precond;eeg_fl_hbeta_power_precond"
2025-12-19 15:56:07.498021,3,"workload_label",7,32,0.015625,0.61046511627907,0.63953488372093,0.62015503875969,7,"top7","eeg_tb_ratio_precond;eeg_ab_ratio_precond;hrv_rmssd_precond;eda_sd_precond;hr_med_precond;eeg_tright_lbeta_power_precond;eeg_fl_hbeta_power_precond"
2025-12-19 15:56:07.556169,3,"workload_label",7,64,0.015625,0.63953488372093,0.651162790697674,0.642635658914729,7,"top7","eeg_tb_ratio_precond;eeg_ab_ratio_precond;hrv_rmssd_precond;eda_sd_precond;hr_med_precond;eeg_tright_lbeta_power_precond;eeg_fl_hbeta_power_precond"
2025-12-19 15:56:08.694153,3,"workload_label",7,128,0.015625,0.61046511627907,0.633720930232558,NA,7,"top7","eeg_tb_ratio_precond;eeg_ab_ratio_precond;hrv_rmssd_precond;eda_sd_precond;hr_med_precond;eeg_tright_lbeta_power_precond;eeg_fl_hbeta_power_precond"
2025-12-19 15:56:08.922064,3,"workload_label",7,256,0.015625,0.581395348837209,0.593023255813954,NA,7,"top7","eeg_tb_ratio_precond;eeg_ab_ratio_precond;hrv_rmssd_precond;eda_sd_precond;hr_med_precond;eeg_tright_lbeta_power_precond;eeg_fl_hbeta_power_precond"
2025-12-19 15:56:08.540267,3,"workload_label",7,2,0.03125,0.598837209302326,0.61046511627907,0.604651162790698,7,"top7","eeg_tb_ratio_precond;eeg_ab_ratio_precond;hrv_rmssd_precond;eda_sd_precond;hr_med_precond;eeg_tright_lbeta_power_precond;eeg_fl_hbeta_power_precond"
2025-12-19 15:56:08.551395,3,"workload_label",7,4,0.03125,0.587209302325581,0.627906976744186,0.596124031007752,7,"top7","eeg_tb_ratio_precond;eeg_ab_ratio_precond;hrv_rmssd_precond;eda_sd_precond;hr_med_precond;eeg_tright_lbeta_power_precond;eeg_fl_hbeta_power_precond"
2025-12-19 15:56:08.560652,3,"workload_label",7,8,0.03125,0.61046511627907,0.627906976744186,0.617054263565891,7,"top7","eeg_tb_ratio_precond;eeg_ab_ratio_precond;hrv_rmssd_precond;eda_sd_precond;hr_med_precond;eeg_tright_lbeta_power_precond;eeg_fl_hbeta_power_precond"
2025-12-19 15:56:08.569732,3,"workload_label",7,16,0.03125,0.627906976744186,0.63953488372093,0.631007751937985,7,"top7","eeg_tb_ratio_precond;eeg_ab_ratio_precond;hrv_rmssd_precond;eda_sd_precond;hr_med_precond;eeg_tright_lbeta_power_precond;eeg_fl_hbeta_power_precond"
2025-12-19 15:56:08.637102,3,"workload_label",7,32,0.03125,0.627906976744186,0.633720930232558,NA,7,"top7","eeg_tb_ratio_precond;eeg_ab_ratio_precond;hrv_rmssd_precond;eda_sd_precond;hr_med_precond;eeg_tright_lbeta_power_precond;eeg_fl_hbeta_power_precond"
2025-12-19 15:56:08.731992,3,"workload_label",7,64,0.03125,0.575581395348837,0.587209302325581,NA,7,"top7","eeg_tb_ratio_precond;eeg_ab_ratio_precond;hrv_rmssd_precond;eda_sd_precond;hr_med_precond;eeg_tright_lbeta_power_precond;eeg_fl_hbeta_power_precond"
2025-12-19 15:56:08.847034,3,"workload_label",7,128,0.03125,0.540697674418605,0.569767441860465,NA,7,"top7","eeg_tb_ratio_precond;eeg_ab_ratio_precond;hrv_rmssd_precond;eda_sd_precond;hr_med_precond;eeg_tright_lbeta_power_precond;eeg_fl_hbeta_power_precond"
2025-12-19 15:56:09.091452,3,"workload_label",7,256,0.03125,0.563953488372093,0.558139534883721,0.563565891472868,7,"top7","eeg_tb_ratio_precond;eeg_ab_ratio_precond;hrv_rmssd_precond;eda_sd_precond;hr_med_precond;eeg_tright_lbeta_power_precond;eeg_fl_hbeta_power_precond"
2025-12-19 15:56:08.537086,3,"workload_label",7,2,0.0625,0.627906976744186,0.622093023255814,0.625581395348837,7,"top7","eeg_tb_ratio_precond;eeg_ab_ratio_precond;hrv_rmssd_precond;eda_sd_precond;hr_med_precond;eeg_tright_lbeta_power_precond;eeg_fl_hbeta_power_precond"
2025-12-19 15:56:08.645864,3,"workload_label",7,4,0.0625,0.622093023255814,0.622093023255814,0.618604651162791,7,"top7","eeg_tb_ratio_precond;eeg_ab_ratio_precond;hrv_rmssd_precond;eda_sd_precond;hr_med_precond;eeg_tright_lbeta_power_precond;eeg_fl_hbeta_power_precond"
2025-12-19 15:56:08.643885,3,"workload_label",7,8,0.0625,0.616279069767442,0.61046511627907,NA,7,"top7","eeg_tb_ratio_precond;eeg_ab_ratio_precond;hrv_rmssd_precond;eda_sd_precond;hr_med_precond;eeg_tright_lbeta_power_precond;eeg_fl_hbeta_power_precond"
2025-12-19 15:56:08.769182,3,"workload_label",7,16,0.0625,0.575581395348837,0.587209302325581,NA,7,"top7","eeg_tb_ratio_precond;eeg_ab_ratio_precond;hrv_rmssd_precond;eda_sd_precond;hr_med_precond;eeg_tright_lbeta_power_precond;eeg_fl_hbeta_power_precond"
2025-12-19 15:56:09.684283,3,"workload_label",7,32,0.0625,0.552325581395349,0.552325581395349,0.552713178294574,7,"top7","eeg_tb_ratio_precond;eeg_ab_ratio_precond;hrv_rmssd_precond;eda_sd_precond;hr_med_precond;eeg_tright_lbeta_power_precond;eeg_fl_hbeta_power_precond"
2025-12-19 15:56:09.812193,3,"workload_label",7,64,0.0625,0.581395348837209,0.558139534883721,0.575193798449612,7,"top7","eeg_tb_ratio_precond;eeg_ab_ratio_precond;hrv_rmssd_precond;eda_sd_precond;hr_med_precond;eeg_tright_lbeta_power_precond;eeg_fl_hbeta_power_precond"
2025-12-19 15:56:10.078901,3,"workload_label",7,128,0.0625,0.552325581395349,0.511627906976744,NA,7,"top7","eeg_tb_ratio_precond;eeg_ab_ratio_precond;hrv_rmssd_precond;eda_sd_precond;hr_med_precond;eeg_tright_lbeta_power_precond;eeg_fl_hbeta_power_precond"
2025-12-19 15:56:10.434711,3,"workload_label",7,256,0.0625,0.558139534883721,0.523255813953488,NA,7,"top7","eeg_tb_ratio_precond;eeg_ab_ratio_precond;hrv_rmssd_precond;eda_sd_precond;hr_med_precond;eeg_tright_lbeta_power_precond;eeg_fl_hbeta_power_precond"
2025-12-19 15:56:09.581841,3,"workload_label",7,2,0.125,0.593023255813954,0.633720930232558,0.58062015503876,7,"top7","eeg_tb_ratio_precond;eeg_ab_ratio_precond;hrv_rmssd_precond;eda_sd_precond;hr_med_precond;eeg_tright_lbeta_power_precond;eeg_fl_hbeta_power_precond"
2025-12-19 15:56:09.674467,3,"workload_label",7,4,0.125,0.569767441860465,0.593023255813954,NA,7,"top7","eeg_tb_ratio_precond;eeg_ab_ratio_precond;hrv_rmssd_precond;eda_sd_precond;hr_med_precond;eeg_tright_lbeta_power_precond;eeg_fl_hbeta_power_precond"
2025-12-19 15:56:09.746478,3,"workload_label",7,8,0.125,0.569767441860465,0.575581395348837,NA,7,"top7","eeg_tb_ratio_precond;eeg_ab_ratio_precond;hrv_rmssd_precond;eda_sd_precond;hr_med_precond;eeg_tright_lbeta_power_precond;eeg_fl_hbeta_power_precond"
2025-12-19 15:56:09.810905,3,"workload_label",7,16,0.125,0.546511627906977,0.534883720930233,NA,7,"top7","eeg_tb_ratio_precond;eeg_ab_ratio_precond;hrv_rmssd_precond;eda_sd_precond;hr_med_precond;eeg_tright_lbeta_power_precond;eeg_fl_hbeta_power_precond"
2025-12-19 15:56:09.943316,3,"workload_label",7,32,0.125,0.540697674418605,0.529069767441861,NA,7,"top7","eeg_tb_ratio_precond;eeg_ab_ratio_precond;hrv_rmssd_precond;eda_sd_precond;hr_med_precond;eeg_tright_lbeta_power_precond;eeg_fl_hbeta_power_precond"
2025-12-19 15:56:10.164159,3,"workload_label",7,64,0.125,0.558139534883721,0.523255813953488,NA,7,"top7","eeg_tb_ratio_precond;eeg_ab_ratio_precond;hrv_rmssd_precond;eda_sd_precond;hr_med_precond;eeg_tright_lbeta_power_precond;eeg_fl_hbeta_power_precond"
2025-12-19 15:56:10.276566,3,"workload_label",7,128,0.125,0.546511627906977,0.517441860465116,NA,7,"top7","eeg_tb_ratio_precond;eeg_ab_ratio_precond;hrv_rmssd_precond;eda_sd_precond;hr_med_precond;eeg_tright_lbeta_power_precond;eeg_fl_hbeta_power_precond"
2025-12-19 15:56:10.500408,3,"workload_label",7,256,0.125,0.540697674418605,0.523255813953488,NA,7,"top7","eeg_tb_ratio_precond;eeg_ab_ratio_precond;hrv_rmssd_precond;eda_sd_precond;hr_med_precond;eeg_tright_lbeta_power_precond;eeg_fl_hbeta_power_precond"
2025-12-19 15:56:09.946764,3,"workload_label",7,2,0.03,0.593023255813954,0.61046511627907,0.597674418604651,7,"top7","eeg_tb_ratio_precond;eeg_ab_ratio_precond;hrv_rmssd_precond;eda_sd_precond;hr_med_precond;eeg_tright_lbeta_power_precond;eeg_fl_hbeta_power_precond"
2025-12-19 15:56:10.132699,3,"workload_label",7,4,0.03,0.587209302325581,0.627906976744186,0.596124031007752,7,"top7","eeg_tb_ratio_precond;eeg_ab_ratio_precond;hrv_rmssd_precond;eda_sd_precond;hr_med_precond;eeg_tright_lbeta_power_precond;eeg_fl_hbeta_power_precond"
2025-12-19 15:56:10.647376,3,"workload_label",7,8,0.03,0.61046511627907,0.633720930232558,0.610077519379845,7,"top7","eeg_tb_ratio_precond;eeg_ab_ratio_precond;hrv_rmssd_precond;eda_sd_precond;hr_med_precond;eeg_tright_lbeta_power_precond;eeg_fl_hbeta_power_precond"
2025-12-19 15:56:10.751393,3,"workload_label",7,16,0.03,0.627906976744186,0.63953488372093,0.631007751937985,7,"top7","eeg_tb_ratio_precond;eeg_ab_ratio_precond;hrv_rmssd_precond;eda_sd_precond;hr_med_precond;eeg_tright_lbeta_power_precond;eeg_fl_hbeta_power_precond"
2025-12-19 15:56:10.775258,3,"workload_label",7,32,0.03,0.627906976744186,0.645348837209302,NA,7,"top7","eeg_tb_ratio_precond;eeg_ab_ratio_precond;hrv_rmssd_precond;eda_sd_precond;hr_med_precond;eeg_tright_lbeta_power_precond;eeg_fl_hbeta_power_precond"
2025-12-19 15:56:10.915407,3,"workload_label",7,64,0.03,0.575581395348837,0.593023255813954,NA,7,"top7","eeg_tb_ratio_precond;eeg_ab_ratio_precond;hrv_rmssd_precond;eda_sd_precond;hr_med_precond;eeg_tright_lbeta_power_precond;eeg_fl_hbeta_power_precond"
2025-12-19 15:56:11.115245,3,"workload_label",7,128,0.03,0.546511627906977,0.558139534883721,NA,7,"top7","eeg_tb_ratio_precond;eeg_ab_ratio_precond;hrv_rmssd_precond;eda_sd_precond;hr_med_precond;eeg_tright_lbeta_power_precond;eeg_fl_hbeta_power_precond"
2025-12-19 15:56:11.405574,3,"workload_label",7,256,0.03,0.563953488372093,0.563953488372093,0.563565891472868,7,"top7","eeg_tb_ratio_precond;eeg_ab_ratio_precond;hrv_rmssd_precond;eda_sd_precond;hr_med_precond;eeg_tright_lbeta_power_precond;eeg_fl_hbeta_power_precond"
2025-12-19 15:56:11.007003,3,"workload_label",7,2,0.06,0.622093023255814,0.627906976744186,0.623255813953488,7,"top7","eeg_tb_ratio_precond;eeg_ab_ratio_precond;hrv_rmssd_precond;eda_sd_precond;hr_med_precond;eeg_tright_lbeta_power_precond;eeg_fl_hbeta_power_precond"
2025-12-19 15:56:11.015842,3,"workload_label",7,4,0.06,0.627906976744186,0.622093023255814,0.626356589147287,7,"top7","eeg_tb_ratio_precond;eeg_ab_ratio_precond;hrv_rmssd_precond;eda_sd_precond;hr_med_precond;eeg_tright_lbeta_power_precond;eeg_fl_hbeta_power_precond"
2025-12-19 15:56:11.15985,3,"workload_label",7,8,0.06,0.61046511627907,0.604651162790698,NA,7,"top7","eeg_tb_ratio_precond;eeg_ab_ratio_precond;hrv_rmssd_precond;eda_sd_precond;hr_med_precond;eeg_tright_lbeta_power_precond;eeg_fl_hbeta_power_precond"
2025-12-19 15:56:11.238136,3,"workload_label",7,16,0.06,0.575581395348837,0.593023255813954,NA,7,"top7","eeg_tb_ratio_precond;eeg_ab_ratio_precond;hrv_rmssd_precond;eda_sd_precond;hr_med_precond;eeg_tright_lbeta_power_precond;eeg_fl_hbeta_power_precond"
2025-12-19 15:56:11.284368,3,"workload_label",7,32,0.06,0.552325581395349,0.552325581395349,0.550387596899225,7,"top7","eeg_tb_ratio_precond;eeg_ab_ratio_precond;hrv_rmssd_precond;eda_sd_precond;hr_med_precond;eeg_tright_lbeta_power_precond;eeg_fl_hbeta_power_precond"
2025-12-19 15:56:11.555849,3,"workload_label",7,64,0.06,0.575581395348837,0.552325581395349,0.571317829457364,7,"top7","eeg_tb_ratio_precond;eeg_ab_ratio_precond;hrv_rmssd_precond;eda_sd_precond;hr_med_precond;eeg_tright_lbeta_power_precond;eeg_fl_hbeta_power_precond"
2025-12-19 15:56:11.825898,3,"workload_label",7,128,0.06,0.558139534883721,0.511627906976744,0.544961240310078,7,"top7","eeg_tb_ratio_precond;eeg_ab_ratio_precond;hrv_rmssd_precond;eda_sd_precond;hr_med_precond;eeg_tright_lbeta_power_precond;eeg_fl_hbeta_power_precond"
2025-12-19 15:56:12.085596,3,"workload_label",7,256,0.06,0.558139534883721,0.494186046511628,NA,7,"top7","eeg_tb_ratio_precond;eeg_ab_ratio_precond;hrv_rmssd_precond;eda_sd_precond;hr_med_precond;eeg_tright_lbeta_power_precond;eeg_fl_hbeta_power_precond"
2025-12-19 15:56:11.641473,3,"workload_label",7,2,0.1,0.61046511627907,0.627906976744186,0.602325581395349,7,"top7","eeg_tb_ratio_precond;eeg_ab_ratio_precond;hrv_rmssd_precond;eda_sd_precond;hr_med_precond;eeg_tright_lbeta_power_precond;eeg_fl_hbeta_power_precond"
2025-12-19 15:56:11.745575,3,"workload_label",7,4,0.1,0.581395348837209,0.61046511627907,NA,7,"top7","eeg_tb_ratio_precond;eeg_ab_ratio_precond;hrv_rmssd_precond;eda_sd_precond;hr_med_precond;eeg_tright_lbeta_power_precond;eeg_fl_hbeta_power_precond"
2025-12-19 15:56:11.757639,3,"workload_label",7,8,0.1,0.569767441860465,0.593023255813954,NA,7,"top7","eeg_tb_ratio_precond;eeg_ab_ratio_precond;hrv_rmssd_precond;eda_sd_precond;hr_med_precond;eeg_tright_lbeta_power_precond;eeg_fl_hbeta_power_precond"
2025-12-19 15:56:11.928273,3,"workload_label",7,16,0.1,0.558139534883721,0.546511627906977,NA,7,"top7","eeg_tb_ratio_precond;eeg_ab_ratio_precond;hrv_rmssd_precond;eda_sd_precond;hr_med_precond;eeg_tright_lbeta_power_precond;eeg_fl_hbeta_power_precond"
2025-12-19 15:56:12.02483,3,"workload_label",7,32,0.1,0.546511627906977,0.5,NA,7,"top7","eeg_tb_ratio_precond;eeg_ab_ratio_precond;hrv_rmssd_precond;eda_sd_precond;hr_med_precond;eeg_tright_lbeta_power_precond;eeg_fl_hbeta_power_precond"
2025-12-19 15:56:12.124864,3,"workload_label",7,64,0.1,0.552325581395349,0.511627906976744,NA,7,"top7","eeg_tb_ratio_precond;eeg_ab_ratio_precond;hrv_rmssd_precond;eda_sd_precond;hr_med_precond;eeg_tright_lbeta_power_precond;eeg_fl_hbeta_power_precond"
2025-12-19 15:56:12.29842,3,"workload_label",7,128,0.1,0.558139534883721,0.505813953488372,NA,7,"top7","eeg_tb_ratio_precond;eeg_ab_ratio_precond;hrv_rmssd_precond;eda_sd_precond;hr_med_precond;eeg_tright_lbeta_power_precond;eeg_fl_hbeta_power_precond"
2025-12-19 15:56:12.391054,3,"workload_label",7,256,0.1,0.534883720930233,0.523255813953488,NA,7,"top7","eeg_tb_ratio_precond;eeg_ab_ratio_precond;hrv_rmssd_precond;eda_sd_precond;hr_med_precond;eeg_tright_lbeta_power_precond;eeg_fl_hbeta_power_precond"
2025-12-19 15:56:13.663817,4,"workload_label",7,2,0.0078125,0.627906976744186,0.674418604651163,0.59922480620155,7,"top7","eeg_tb_ratio_precond;eeg_ab_ratio_precond;hrv_rmssd_precond;hr_med_precond;eda_sd_precond;eeg_fl_hbeta_power_precond;eeg_tright_lbeta_power_precond"
2025-12-19 15:56:13.669299,4,"workload_label",7,4,0.0078125,0.627906976744186,0.627906976744186,0.593798449612403,7,"top7","eeg_tb_ratio_precond;eeg_ab_ratio_precond;hrv_rmssd_precond;hr_med_precond;eda_sd_precond;eeg_fl_hbeta_power_precond;eeg_tright_lbeta_power_precond"
2025-12-19 15:56:13.677567,4,"workload_label",7,8,0.0078125,0.616279069767442,0.627906976744186,0.593023255813954,7,"top7","eeg_tb_ratio_precond;eeg_ab_ratio_precond;hrv_rmssd_precond;hr_med_precond;eda_sd_precond;eeg_fl_hbeta_power_precond;eeg_tright_lbeta_power_precond"
2025-12-19 15:56:13.674219,4,"workload_label",7,16,0.0078125,0.61046511627907,0.622093023255814,0.586046511627907,7,"top7","eeg_tb_ratio_precond;eeg_ab_ratio_precond;hrv_rmssd_precond;hr_med_precond;eda_sd_precond;eeg_fl_hbeta_power_precond;eeg_tright_lbeta_power_precond"
2025-12-19 15:56:13.661771,4,"workload_label",7,32,0.0078125,0.587209302325581,0.622093023255814,0.57906976744186,7,"top7","eeg_tb_ratio_precond;eeg_ab_ratio_precond;hrv_rmssd_precond;hr_med_precond;eda_sd_precond;eeg_fl_hbeta_power_precond;eeg_tright_lbeta_power_precond"
2025-12-19 15:56:13.718473,4,"workload_label",7,64,0.0078125,0.575581395348837,0.616279069767442,0.591472868217054,7,"top7","eeg_tb_ratio_precond;eeg_ab_ratio_precond;hrv_rmssd_precond;hr_med_precond;eda_sd_precond;eeg_fl_hbeta_power_precond;eeg_tright_lbeta_power_precond"
2025-12-19 15:56:13.755037,4,"workload_label",7,128,0.0078125,0.569767441860465,0.622093023255814,0.589922480620155,7,"top7","eeg_tb_ratio_precond;eeg_ab_ratio_precond;hrv_rmssd_precond;hr_med_precond;eda_sd_precond;eeg_fl_hbeta_power_precond;eeg_tright_lbeta_power_precond"
2025-12-19 15:56:13.848404,4,"workload_label",7,256,0.0078125,0.587209302325581,0.645348837209302,0.604651162790698,7,"top7","eeg_tb_ratio_precond;eeg_ab_ratio_precond;hrv_rmssd_precond;hr_med_precond;eda_sd_precond;eeg_fl_hbeta_power_precond;eeg_tright_lbeta_power_precond"
2025-12-19 15:56:13.650454,4,"workload_label",7,2,0.015625,0.61046511627907,0.627906976744186,0.581395348837209,7,"top7","eeg_tb_ratio_precond;eeg_ab_ratio_precond;hrv_rmssd_precond;hr_med_precond;eda_sd_precond;eeg_fl_hbeta_power_precond;eeg_tright_lbeta_power_precond"
2025-12-19 15:56:13.671779,4,"workload_label",7,4,0.015625,0.604651162790698,0.622093023255814,0.581395348837209,7,"top7","eeg_tb_ratio_precond;eeg_ab_ratio_precond;hrv_rmssd_precond;hr_med_precond;eda_sd_precond;eeg_fl_hbeta_power_precond;eeg_tright_lbeta_power_precond"
2025-12-19 15:56:13.696432,4,"workload_label",7,8,0.015625,0.587209302325581,0.627906976744186,0.588372093023256,7,"top7","eeg_tb_ratio_precond;eeg_ab_ratio_precond;hrv_rmssd_precond;hr_med_precond;eda_sd_precond;eeg_fl_hbeta_power_precond;eeg_tright_lbeta_power_precond"
2025-12-19 15:56:13.663881,4,"workload_label",7,16,0.015625,0.581395348837209,0.627906976744186,0.592248062015504,7,"top7","eeg_tb_ratio_precond;eeg_ab_ratio_precond;hrv_rmssd_precond;hr_med_precond;eda_sd_precond;eeg_fl_hbeta_power_precond;eeg_tright_lbeta_power_precond"
2025-12-19 15:56:13.717063,4,"workload_label",7,32,0.015625,0.569767441860465,0.633720930232558,0.589922480620155,7,"top7","eeg_tb_ratio_precond;eeg_ab_ratio_precond;hrv_rmssd_precond;hr_med_precond;eda_sd_precond;eeg_fl_hbeta_power_precond;eeg_tright_lbeta_power_precond"
2025-12-19 15:56:13.766957,4,"workload_label",7,64,0.015625,0.581395348837209,0.645348837209302,0.597674418604651,7,"top7","eeg_tb_ratio_precond;eeg_ab_ratio_precond;hrv_rmssd_precond;hr_med_precond;eda_sd_precond;eeg_fl_hbeta_power_precond;eeg_tright_lbeta_power_precond"
2025-12-19 15:56:14.897942,4,"workload_label",7,128,0.015625,0.558139534883721,0.622093023255814,NA,7,"top7","eeg_tb_ratio_precond;eeg_ab_ratio_precond;hrv_rmssd_precond;hr_med_precond;eda_sd_precond;eeg_fl_hbeta_power_precond;eeg_tright_lbeta_power_precond"
2025-12-19 15:56:15.056963,4,"workload_label",7,256,0.015625,0.540697674418605,0.575581395348837,NA,7,"top7","eeg_tb_ratio_precond;eeg_ab_ratio_precond;hrv_rmssd_precond;hr_med_precond;eda_sd_precond;eeg_fl_hbeta_power_precond;eeg_tright_lbeta_power_precond"
2025-12-19 15:56:14.756383,4,"workload_label",7,2,0.03125,0.604651162790698,0.627906976744186,0.596899224806202,7,"top7","eeg_tb_ratio_precond;eeg_ab_ratio_precond;hrv_rmssd_precond;hr_med_precond;eda_sd_precond;eeg_fl_hbeta_power_precond;eeg_tright_lbeta_power_precond"
2025-12-19 15:56:14.708564,4,"workload_label",7,4,0.03125,0.587209302325581,0.63953488372093,0.606976744186047,7,"top7","eeg_tb_ratio_precond;eeg_ab_ratio_precond;hrv_rmssd_precond;hr_med_precond;eda_sd_precond;eeg_fl_hbeta_power_precond;eeg_tright_lbeta_power_precond"
2025-12-19 15:56:14.73874,4,"workload_label",7,8,0.03125,0.581395348837209,0.627906976744186,0.596124031007752,7,"top7","eeg_tb_ratio_precond;eeg_ab_ratio_precond;hrv_rmssd_precond;hr_med_precond;eda_sd_precond;eeg_fl_hbeta_power_precond;eeg_tright_lbeta_power_precond"
2025-12-19 15:56:14.740356,4,"workload_label",7,16,0.03125,0.569767441860465,0.627906976744186,0.585271317829457,7,"top7","eeg_tb_ratio_precond;eeg_ab_ratio_precond;hrv_rmssd_precond;hr_med_precond;eda_sd_precond;eeg_fl_hbeta_power_precond;eeg_tright_lbeta_power_precond"
2025-12-19 15:56:14.807224,4,"workload_label",7,32,0.03125,0.558139534883721,0.598837209302326,NA,7,"top7","eeg_tb_ratio_precond;eeg_ab_ratio_precond;hrv_rmssd_precond;hr_med_precond;eda_sd_precond;eeg_fl_hbeta_power_precond;eeg_tright_lbeta_power_precond"
2025-12-19 15:56:14.881694,4,"workload_label",7,64,0.03125,0.534883720930233,0.569767441860465,NA,7,"top7","eeg_tb_ratio_precond;eeg_ab_ratio_precond;hrv_rmssd_precond;hr_med_precond;eda_sd_precond;eeg_fl_hbeta_power_precond;eeg_tright_lbeta_power_precond"
2025-12-19 15:56:15.066688,4,"workload_label",7,128,0.03125,0.558139534883721,0.569767441860465,NA,7,"top7","eeg_tb_ratio_precond;eeg_ab_ratio_precond;hrv_rmssd_precond;hr_med_precond;eda_sd_precond;eeg_fl_hbeta_power_precond;eeg_tright_lbeta_power_precond"
2025-12-19 15:56:15.398541,4,"workload_label",7,256,0.03125,0.546511627906977,0.563953488372093,0.551162790697674,7,"top7","eeg_tb_ratio_precond;eeg_ab_ratio_precond;hrv_rmssd_precond;hr_med_precond;eda_sd_precond;eeg_fl_hbeta_power_precond;eeg_tright_lbeta_power_precond"
2025-12-19 15:56:14.797345,4,"workload_label",7,2,0.0625,0.587209302325581,0.61046511627907,0.6,7,"top7","eeg_tb_ratio_precond;eeg_ab_ratio_precond;hrv_rmssd_precond;hr_med_precond;eda_sd_precond;eeg_fl_hbeta_power_precond;eeg_tright_lbeta_power_precond"
2025-12-19 15:56:14.820525,4,"workload_label",7,4,0.0625,0.563953488372093,0.593023255813954,0.565116279069767,7,"top7","eeg_tb_ratio_precond;eeg_ab_ratio_precond;hrv_rmssd_precond;hr_med_precond;eda_sd_precond;eeg_fl_hbeta_power_precond;eeg_tright_lbeta_power_precond"
2025-12-19 15:56:14.862288,4,"workload_label",7,8,0.0625,0.552325581395349,0.575581395348837,NA,7,"top7","eeg_tb_ratio_precond;eeg_ab_ratio_precond;hrv_rmssd_precond;hr_med_precond;eda_sd_precond;eeg_fl_hbeta_power_precond;eeg_tright_lbeta_power_precond"
2025-12-19 15:56:14.960303,4,"workload_label",7,16,0.0625,0.529069767441861,0.581395348837209,NA,7,"top7","eeg_tb_ratio_precond;eeg_ab_ratio_precond;hrv_rmssd_precond;hr_med_precond;eda_sd_precond;eeg_fl_hbeta_power_precond;eeg_tright_lbeta_power_precond"
2025-12-19 15:56:15.89746,4,"workload_label",7,32,0.0625,0.534883720930233,0.558139534883721,NA,7,"top7","eeg_tb_ratio_precond;eeg_ab_ratio_precond;hrv_rmssd_precond;hr_med_precond;eda_sd_precond;eeg_fl_hbeta_power_precond;eeg_tright_lbeta_power_precond"
2025-12-19 15:56:16.011721,4,"workload_label",7,64,0.0625,0.546511627906977,0.552325581395349,NA,7,"top7","eeg_tb_ratio_precond;eeg_ab_ratio_precond;hrv_rmssd_precond;hr_med_precond;eda_sd_precond;eeg_fl_hbeta_power_precond;eeg_tright_lbeta_power_precond"
2025-12-19 15:56:16.314208,4,"workload_label",7,128,0.0625,0.540697674418605,0.546511627906977,NA,7,"top7","eeg_tb_ratio_precond;eeg_ab_ratio_precond;hrv_rmssd_precond;hr_med_precond;eda_sd_precond;eeg_fl_hbeta_power_precond;eeg_tright_lbeta_power_precond"
2025-12-19 15:56:16.672689,4,"workload_label",7,256,0.0625,0.552325581395349,0.465116279069767,0.55968992248062,7,"top7","eeg_tb_ratio_precond;eeg_ab_ratio_precond;hrv_rmssd_precond;hr_med_precond;eda_sd_precond;eeg_fl_hbeta_power_precond;eeg_tright_lbeta_power_precond"
2025-12-19 15:56:15.828032,4,"workload_label",7,2,0.125,0.546511627906977,0.581395348837209,NA,7,"top7","eeg_tb_ratio_precond;eeg_ab_ratio_precond;hrv_rmssd_precond;hr_med_precond;eda_sd_precond;eeg_fl_hbeta_power_precond;eeg_tright_lbeta_power_precond"
2025-12-19 15:56:15.871135,4,"workload_label",7,4,0.125,0.540697674418605,0.604651162790698,NA,7,"top7","eeg_tb_ratio_precond;eeg_ab_ratio_precond;hrv_rmssd_precond;hr_med_precond;eda_sd_precond;eeg_fl_hbeta_power_precond;eeg_tright_lbeta_power_precond"
2025-12-19 15:56:15.952447,4,"workload_label",7,8,0.125,0.523255813953488,0.552325581395349,NA,7,"top7","eeg_tb_ratio_precond;eeg_ab_ratio_precond;hrv_rmssd_precond;hr_med_precond;eda_sd_precond;eeg_fl_hbeta_power_precond;eeg_tright_lbeta_power_precond"
2025-12-19 15:56:16.023413,4,"workload_label",7,16,0.125,0.534883720930233,0.558139534883721,NA,7,"top7","eeg_tb_ratio_precond;eeg_ab_ratio_precond;hrv_rmssd_precond;hr_med_precond;eda_sd_precond;eeg_fl_hbeta_power_precond;eeg_tright_lbeta_power_precond"
2025-12-19 15:56:16.192268,4,"workload_label",7,32,0.125,0.534883720930233,0.47093023255814,NA,7,"top7","eeg_tb_ratio_precond;eeg_ab_ratio_precond;hrv_rmssd_precond;hr_med_precond;eda_sd_precond;eeg_fl_hbeta_power_precond;eeg_tright_lbeta_power_precond"
2025-12-19 15:56:16.331359,4,"workload_label",7,64,0.125,0.534883720930233,0.424418604651163,NA,7,"top7","eeg_tb_ratio_precond;eeg_ab_ratio_precond;hrv_rmssd_precond;hr_med_precond;eda_sd_precond;eeg_fl_hbeta_power_precond;eeg_tright_lbeta_power_precond"
2025-12-19 15:56:16.533739,4,"workload_label",7,128,0.125,0.505813953488372,0.494186046511628,NA,7,"top7","eeg_tb_ratio_precond;eeg_ab_ratio_precond;hrv_rmssd_precond;hr_med_precond;eda_sd_precond;eeg_fl_hbeta_power_precond;eeg_tright_lbeta_power_precond"
2025-12-19 15:56:16.720841,4,"workload_label",7,256,0.125,0.523255813953488,0.412790697674419,NA,7,"top7","eeg_tb_ratio_precond;eeg_ab_ratio_precond;hrv_rmssd_precond;hr_med_precond;eda_sd_precond;eeg_fl_hbeta_power_precond;eeg_tright_lbeta_power_precond"
2025-12-19 15:56:16.043701,4,"workload_label",7,2,0.03,0.61046511627907,0.627906976744186,0.60077519379845,7,"top7","eeg_tb_ratio_precond;eeg_ab_ratio_precond;hrv_rmssd_precond;hr_med_precond;eda_sd_precond;eeg_fl_hbeta_power_precond;eeg_tright_lbeta_power_precond"
2025-12-19 15:56:16.430146,4,"workload_label",7,4,0.03,0.581395348837209,0.63953488372093,0.595348837209302,7,"top7","eeg_tb_ratio_precond;eeg_ab_ratio_precond;hrv_rmssd_precond;hr_med_precond;eda_sd_precond;eeg_fl_hbeta_power_precond;eeg_tright_lbeta_power_precond"
2025-12-19 15:56:16.908741,4,"workload_label",7,8,0.03,0.575581395348837,0.627906976744186,0.593798449612403,7,"top7","eeg_tb_ratio_precond;eeg_ab_ratio_precond;hrv_rmssd_precond;hr_med_precond;eda_sd_precond;eeg_fl_hbeta_power_precond;eeg_tright_lbeta_power_precond"
2025-12-19 15:56:16.948085,4,"workload_label",7,16,0.03,0.569767441860465,0.633720930232558,0.585271317829457,7,"top7","eeg_tb_ratio_precond;eeg_ab_ratio_precond;hrv_rmssd_precond;hr_med_precond;eda_sd_precond;eeg_fl_hbeta_power_precond;eeg_tright_lbeta_power_precond"
2025-12-19 15:56:17.005095,4,"workload_label",7,32,0.03,0.563953488372093,0.604651162790698,NA,7,"top7","eeg_tb_ratio_precond;eeg_ab_ratio_precond;hrv_rmssd_precond;hr_med_precond;eda_sd_precond;eeg_fl_hbeta_power_precond;eeg_tright_lbeta_power_precond"
2025-12-19 15:56:17.15686,4,"workload_label",7,64,0.03,0.534883720930233,0.569767441860465,NA,7,"top7","eeg_tb_ratio_precond;eeg_ab_ratio_precond;hrv_rmssd_precond;hr_med_precond;eda_sd_precond;eeg_fl_hbeta_power_precond;eeg_tright_lbeta_power_precond"
2025-12-19 15:56:17.389141,4,"workload_label",7,128,0.03,0.558139534883721,0.569767441860465,NA,7,"top7","eeg_tb_ratio_precond;eeg_ab_ratio_precond;hrv_rmssd_precond;hr_med_precond;eda_sd_precond;eeg_fl_hbeta_power_precond;eeg_tright_lbeta_power_precond"
2025-12-19 15:56:17.659638,4,"workload_label",7,256,0.03,0.558139534883721,0.581395348837209,NA,7,"top7","eeg_tb_ratio_precond;eeg_ab_ratio_precond;hrv_rmssd_precond;hr_med_precond;eda_sd_precond;eeg_fl_hbeta_power_precond;eeg_tright_lbeta_power_precond"
2025-12-19 15:56:17.083733,4,"workload_label",7,2,0.06,0.587209302325581,0.61046511627907,0.6,7,"top7","eeg_tb_ratio_precond;eeg_ab_ratio_precond;hrv_rmssd_precond;hr_med_precond;eda_sd_precond;eeg_fl_hbeta_power_precond;eeg_tright_lbeta_power_precond"
2025-12-19 15:56:17.224061,4,"workload_label",7,4,0.06,0.569767441860465,0.587209302325581,0.572093023255814,7,"top7","eeg_tb_ratio_precond;eeg_ab_ratio_precond;hrv_rmssd_precond;hr_med_precond;eda_sd_precond;eeg_fl_hbeta_power_precond;eeg_tright_lbeta_power_precond"
2025-12-19 15:56:17.383559,4,"workload_label",7,8,0.06,0.563953488372093,0.581395348837209,NA,7,"top7","eeg_tb_ratio_precond;eeg_ab_ratio_precond;hrv_rmssd_precond;hr_med_precond;eda_sd_precond;eeg_fl_hbeta_power_precond;eeg_tright_lbeta_power_precond"
2025-12-19 15:56:17.444496,4,"workload_label",7,16,0.06,0.529069767441861,0.581395348837209,NA,7,"top7","eeg_tb_ratio_precond;eeg_ab_ratio_precond;hrv_rmssd_precond;hr_med_precond;eda_sd_precond;eeg_fl_hbeta_power_precond;eeg_tright_lbeta_power_precond"
2025-12-19 15:56:17.609934,4,"workload_label",7,32,0.06,0.523255813953488,0.558139534883721,NA,7,"top7","eeg_tb_ratio_precond;eeg_ab_ratio_precond;hrv_rmssd_precond;hr_med_precond;eda_sd_precond;eeg_fl_hbeta_power_precond;eeg_tright_lbeta_power_precond"
2025-12-19 15:56:17.8372,4,"workload_label",7,64,0.06,0.546511627906977,0.563953488372093,NA,7,"top7","eeg_tb_ratio_precond;eeg_ab_ratio_precond;hrv_rmssd_precond;hr_med_precond;eda_sd_precond;eeg_fl_hbeta_power_precond;eeg_tright_lbeta_power_precond"
2025-12-19 15:56:18.118534,4,"workload_label",7,128,0.06,0.534883720930233,0.581395348837209,NA,7,"top7","eeg_tb_ratio_precond;eeg_ab_ratio_precond;hrv_rmssd_precond;hr_med_precond;eda_sd_precond;eeg_fl_hbeta_power_precond;eeg_tright_lbeta_power_precond"
2025-12-19 15:56:18.336281,4,"workload_label",7,256,0.06,0.546511627906977,0.517441860465116,0.547286821705426,7,"top7","eeg_tb_ratio_precond;eeg_ab_ratio_precond;hrv_rmssd_precond;hr_med_precond;eda_sd_precond;eeg_fl_hbeta_power_precond;eeg_tright_lbeta_power_precond"
2025-12-19 15:56:17.87826,4,"workload_label",7,2,0.1,0.552325581395349,0.575581395348837,0.553488372093023,7,"top7","eeg_tb_ratio_precond;eeg_ab_ratio_precond;hrv_rmssd_precond;hr_med_precond;eda_sd_precond;eeg_fl_hbeta_power_precond;eeg_tright_lbeta_power_precond"
2025-12-19 15:56:17.899923,4,"workload_label",7,4,0.1,0.529069767441861,0.569767441860465,NA,7,"top7","eeg_tb_ratio_precond;eeg_ab_ratio_precond;hrv_rmssd_precond;hr_med_precond;eda_sd_precond;eeg_fl_hbeta_power_precond;eeg_tright_lbeta_power_precond"
2025-12-19 15:56:18.033836,4,"workload_label",7,8,0.1,0.523255813953488,0.575581395348837,NA,7,"top7","eeg_tb_ratio_precond;eeg_ab_ratio_precond;hrv_rmssd_precond;hr_med_precond;eda_sd_precond;eeg_fl_hbeta_power_precond;eeg_tright_lbeta_power_precond"
2025-12-19 15:56:18.128341,4,"workload_label",7,16,0.1,0.517441860465116,0.534883720930233,NA,7,"top7","eeg_tb_ratio_precond;eeg_ab_ratio_precond;hrv_rmssd_precond;hr_med_precond;eda_sd_precond;eeg_fl_hbeta_power_precond;eeg_tright_lbeta_power_precond"
2025-12-19 15:56:18.221146,4,"workload_label",7,32,0.1,0.529069767441861,0.558139534883721,NA,7,"top7","eeg_tb_ratio_precond;eeg_ab_ratio_precond;hrv_rmssd_precond;hr_med_precond;eda_sd_precond;eeg_fl_hbeta_power_precond;eeg_tright_lbeta_power_precond"
2025-12-19 15:56:18.358146,4,"workload_label",7,64,0.1,0.546511627906977,0.418604651162791,NA,7,"top7","eeg_tb_ratio_precond;eeg_ab_ratio_precond;hrv_rmssd_precond;hr_med_precond;eda_sd_precond;eeg_fl_hbeta_power_precond;eeg_tright_lbeta_power_precond"
2025-12-19 15:56:18.566378,4,"workload_label",7,128,0.1,0.534883720930233,0.534883720930233,NA,7,"top7","eeg_tb_ratio_precond;eeg_ab_ratio_precond;hrv_rmssd_precond;hr_med_precond;eda_sd_precond;eeg_fl_hbeta_power_precond;eeg_tright_lbeta_power_precond"
2025-12-19 15:56:18.697176,4,"workload_label",7,256,0.1,0.517441860465116,0.47093023255814,NA,7,"top7","eeg_tb_ratio_precond;eeg_ab_ratio_precond;hrv_rmssd_precond;hr_med_precond;eda_sd_precond;eeg_fl_hbeta_power_precond;eeg_tright_lbeta_power_precond"
2025-12-19 15:56:20.003989,5,"workload_label",7,2,0.0078125,0.633720930232558,0.662790697674419,0.613953488372093,7,"top7","eeg_tb_ratio_precond;eeg_ab_ratio_precond;hrv_rmssd_precond;eda_sd_precond;hr_med_precond;eeg_fl_specent_precond;eeg_fm_specent_precond"
2025-12-19 15:56:19.969244,5,"workload_label",7,4,0.0078125,0.622093023255814,0.651162790697674,0.593023255813954,7,"top7","eeg_tb_ratio_precond;eeg_ab_ratio_precond;hrv_rmssd_precond;eda_sd_precond;hr_med_precond;eeg_fl_specent_precond;eeg_fm_specent_precond"
2025-12-19 15:56:20.022645,5,"workload_label",7,8,0.0078125,0.627906976744186,0.627906976744186,0.596124031007752,7,"top7","eeg_tb_ratio_precond;eeg_ab_ratio_precond;hrv_rmssd_precond;eda_sd_precond;hr_med_precond;eeg_fl_specent_precond;eeg_fm_specent_precond"
2025-12-19 15:56:20.013544,5,"workload_label",7,16,0.0078125,0.61046511627907,0.622093023255814,0.57906976744186,7,"top7","eeg_tb_ratio_precond;eeg_ab_ratio_precond;hrv_rmssd_precond;eda_sd_precond;hr_med_precond;eeg_fl_specent_precond;eeg_fm_specent_precond"
2025-12-19 15:56:19.986913,5,"workload_label",7,32,0.0078125,0.616279069767442,0.633720930232558,0.589922480620155,7,"top7","eeg_tb_ratio_precond;eeg_ab_ratio_precond;hrv_rmssd_precond;eda_sd_precond;hr_med_precond;eeg_fl_specent_precond;eeg_fm_specent_precond"
2025-12-19 15:56:20.068958,5,"workload_label",7,64,0.0078125,0.587209302325581,0.616279069767442,0.572093023255814,7,"top7","eeg_tb_ratio_precond;eeg_ab_ratio_precond;hrv_rmssd_precond;eda_sd_precond;hr_med_precond;eeg_fl_specent_precond;eeg_fm_specent_precond"
2025-12-19 15:56:20.033272,5,"workload_label",7,128,0.0078125,0.575581395348837,0.622093023255814,0.55968992248062,7,"top7","eeg_tb_ratio_precond;eeg_ab_ratio_precond;hrv_rmssd_precond;eda_sd_precond;hr_med_precond;eeg_fl_specent_precond;eeg_fm_specent_precond"
2025-12-19 15:56:20.175788,5,"workload_label",7,256,0.0078125,0.563953488372093,0.662790697674419,NA,7,"top7","eeg_tb_ratio_precond;eeg_ab_ratio_precond;hrv_rmssd_precond;eda_sd_precond;hr_med_precond;eeg_fl_specent_precond;eeg_fm_specent_precond"
2025-12-19 15:56:20.024472,5,"workload_label",7,2,0.015625,0.61046511627907,0.651162790697674,0.585271317829457,7,"top7","eeg_tb_ratio_precond;eeg_ab_ratio_precond;hrv_rmssd_precond;eda_sd_precond;hr_med_precond;eeg_fl_specent_precond;eeg_fm_specent_precond"
2025-12-19 15:56:20.030607,5,"workload_label",7,4,0.015625,0.61046511627907,0.616279069767442,0.58062015503876,7,"top7","eeg_tb_ratio_precond;eeg_ab_ratio_precond;hrv_rmssd_precond;eda_sd_precond;hr_med_precond;eeg_fl_specent_precond;eeg_fm_specent_precond"
2025-12-19 15:56:19.981734,5,"workload_label",7,8,0.015625,0.604651162790698,0.627906976744186,0.575968992248062,7,"top7","eeg_tb_ratio_precond;eeg_ab_ratio_precond;hrv_rmssd_precond;eda_sd_precond;hr_med_precond;eeg_fl_specent_precond;eeg_fm_specent_precond"
2025-12-19 15:56:20.027749,5,"workload_label",7,16,0.015625,0.598837209302326,0.633720930232558,0.57984496124031,7,"top7","eeg_tb_ratio_precond;eeg_ab_ratio_precond;hrv_rmssd_precond;eda_sd_precond;hr_med_precond;eeg_fl_specent_precond;eeg_fm_specent_precond"
2025-12-19 15:56:20.072205,5,"workload_label",7,32,0.015625,0.563953488372093,0.616279069767442,0.553488372093023,7,"top7","eeg_tb_ratio_precond;eeg_ab_ratio_precond;hrv_rmssd_precond;eda_sd_precond;hr_med_precond;eeg_fl_specent_precond;eeg_fm_specent_precond"
2025-12-19 15:56:20.109123,5,"workload_label",7,64,0.015625,0.558139534883721,0.645348837209302,NA,7,"top7","eeg_tb_ratio_precond;eeg_ab_ratio_precond;hrv_rmssd_precond;eda_sd_precond;hr_med_precond;eeg_fl_specent_precond;eeg_fm_specent_precond"
2025-12-19 15:56:21.281584,5,"workload_label",7,128,0.015625,0.575581395348837,0.651162790697674,NA,7,"top7","eeg_tb_ratio_precond;eeg_ab_ratio_precond;hrv_rmssd_precond;eda_sd_precond;hr_med_precond;eeg_fl_specent_precond;eeg_fm_specent_precond"
2025-12-19 15:56:21.440746,5,"workload_label",7,256,0.015625,0.63953488372093,0.691860465116279,NA,7,"top7","eeg_tb_ratio_precond;eeg_ab_ratio_precond;hrv_rmssd_precond;eda_sd_precond;hr_med_precond;eeg_fl_specent_precond;eeg_fm_specent_precond"
2025-12-19 15:56:21.044593,5,"workload_label",7,2,0.03125,0.61046511627907,0.633720930232558,0.586821705426357,7,"top7","eeg_tb_ratio_precond;eeg_ab_ratio_precond;hrv_rmssd_precond;eda_sd_precond;hr_med_precond;eeg_fl_specent_precond;eeg_fm_specent_precond"
2025-12-19 15:56:21.07338,5,"workload_label",7,4,0.03125,0.61046511627907,0.633720930232558,0.589922480620155,7,"top7","eeg_tb_ratio_precond;eeg_ab_ratio_precond;hrv_rmssd_precond;eda_sd_precond;hr_med_precond;eeg_fl_specent_precond;eeg_fm_specent_precond"
2025-12-19 15:56:21.098574,5,"workload_label",7,8,0.03125,0.575581395348837,0.645348837209302,0.555813953488372,7,"top7","eeg_tb_ratio_precond;eeg_ab_ratio_precond;hrv_rmssd_precond;eda_sd_precond;hr_med_precond;eeg_fl_specent_precond;eeg_fm_specent_precond"
2025-12-19 15:56:21.114385,5,"workload_label",7,16,0.03125,0.569767441860465,0.651162790697674,0.542635658914729,7,"top7","eeg_tb_ratio_precond;eeg_ab_ratio_precond;hrv_rmssd_precond;eda_sd_precond;hr_med_precond;eeg_fl_specent_precond;eeg_fm_specent_precond"
2025-12-19 15:56:21.216656,5,"workload_label",7,32,0.03125,0.587209302325581,0.645348837209302,NA,7,"top7","eeg_tb_ratio_precond;eeg_ab_ratio_precond;hrv_rmssd_precond;eda_sd_precond;hr_med_precond;eeg_fl_specent_precond;eeg_fm_specent_precond"
2025-12-19 15:56:21.290422,5,"workload_label",7,64,0.03125,0.668604651162791,0.697674418604651,NA,7,"top7","eeg_tb_ratio_precond;eeg_ab_ratio_precond;hrv_rmssd_precond;eda_sd_precond;hr_med_precond;eeg_fl_specent_precond;eeg_fm_specent_precond"
2025-12-19 15:56:21.440004,5,"workload_label",7,128,0.03125,0.651162790697674,0.656976744186046,NA,7,"top7","eeg_tb_ratio_precond;eeg_ab_ratio_precond;hrv_rmssd_precond;eda_sd_precond;hr_med_precond;eeg_fl_specent_precond;eeg_fm_specent_precond"
2025-12-19 15:56:21.738711,5,"workload_label",7,256,0.03125,0.598837209302326,0.622093023255814,NA,7,"top7","eeg_tb_ratio_precond;eeg_ab_ratio_precond;hrv_rmssd_precond;eda_sd_precond;hr_med_precond;eeg_fl_specent_precond;eeg_fm_specent_precond"
2025-12-19 15:56:21.141221,5,"workload_label",7,2,0.0625,0.604651162790698,0.645348837209302,0.585271317829457,7,"top7","eeg_tb_ratio_precond;eeg_ab_ratio_precond;hrv_rmssd_precond;eda_sd_precond;hr_med_precond;eeg_fl_specent_precond;eeg_fm_specent_precond"
2025-12-19 15:56:21.179709,5,"workload_label",7,4,0.0625,0.604651162790698,0.662790697674419,0.57906976744186,7,"top7","eeg_tb_ratio_precond;eeg_ab_ratio_precond;hrv_rmssd_precond;eda_sd_precond;hr_med_precond;eeg_fl_specent_precond;eeg_fm_specent_precond"
2025-12-19 15:56:21.194534,5,"workload_label",7,8,0.0625,0.593023255813954,0.651162790697674,NA,7,"top7","eeg_tb_ratio_precond;eeg_ab_ratio_precond;hrv_rmssd_precond;eda_sd_precond;hr_med_precond;eeg_fl_specent_precond;eeg_fm_specent_precond"
2025-12-19 15:56:21.298781,5,"workload_label",7,16,0.0625,0.645348837209302,0.651162790697674,NA,7,"top7","eeg_tb_ratio_precond;eeg_ab_ratio_precond;hrv_rmssd_precond;eda_sd_precond;hr_med_precond;eeg_fl_specent_precond;eeg_fm_specent_precond"
2025-12-19 15:56:22.298998,5,"workload_label",7,32,0.0625,0.645348837209302,0.63953488372093,NA,7,"top7","eeg_tb_ratio_precond;eeg_ab_ratio_precond;hrv_rmssd_precond;eda_sd_precond;hr_med_precond;eeg_fl_specent_precond;eeg_fm_specent_precond"
2025-12-19 15:56:22.461322,5,"workload_label",7,64,0.0625,0.604651162790698,0.633720930232558,0.57906976744186,7,"top7","eeg_tb_ratio_precond;eeg_ab_ratio_precond;hrv_rmssd_precond;eda_sd_precond;hr_med_precond;eeg_fl_specent_precond;eeg_fm_specent_precond"
2025-12-19 15:56:22.794294,5,"workload_label",7,128,0.0625,0.598837209302326,0.604651162790698,NA,7,"top7","eeg_tb_ratio_precond;eeg_ab_ratio_precond;hrv_rmssd_precond;eda_sd_precond;hr_med_precond;eeg_fl_specent_precond;eeg_fm_specent_precond"
2025-12-19 15:56:23.100476,5,"workload_label",7,256,0.0625,0.61046511627907,0.61046511627907,NA,7,"top7","eeg_tb_ratio_precond;eeg_ab_ratio_precond;hrv_rmssd_precond;eda_sd_precond;hr_med_precond;eeg_fl_specent_precond;eeg_fm_specent_precond"
2025-12-19 15:56:22.20541,5,"workload_label",7,2,0.125,0.622093023255814,0.662790697674419,0.594573643410853,7,"top7","eeg_tb_ratio_precond;eeg_ab_ratio_precond;hrv_rmssd_precond;eda_sd_precond;hr_med_precond;eeg_fl_specent_precond;eeg_fm_specent_precond"
2025-12-19 15:56:22.270351,5,"workload_label",7,4,0.125,0.61046511627907,0.651162790697674,0.575193798449612,7,"top7","eeg_tb_ratio_precond;eeg_ab_ratio_precond;hrv_rmssd_precond;eda_sd_precond;hr_med_precond;eeg_fl_specent_precond;eeg_fm_specent_precond"
2025-12-19 15:56:22.350631,5,"workload_label",7,8,0.125,0.616279069767442,0.645348837209302,0.594573643410853,7,"top7","eeg_tb_ratio_precond;eeg_ab_ratio_precond;hrv_rmssd_precond;eda_sd_precond;hr_med_precond;eeg_fl_specent_precond;eeg_fm_specent_precond"
2025-12-19 15:56:22.449576,5,"workload_label",7,16,0.125,0.598837209302326,0.633720930232558,0.569767441860465,7,"top7","eeg_tb_ratio_precond;eeg_ab_ratio_precond;hrv_rmssd_precond;eda_sd_precond;hr_med_precond;eeg_fl_specent_precond;eeg_fm_specent_precond"
2025-12-19 15:56:22.854732,5,"workload_label",7,32,0.125,0.575581395348837,0.61046511627907,NA,7,"top7","eeg_tb_ratio_precond;eeg_ab_ratio_precond;hrv_rmssd_precond;eda_sd_precond;hr_med_precond;eeg_fl_specent_precond;eeg_fm_specent_precond"
2025-12-19 15:56:22.799476,5,"workload_label",7,64,0.125,0.575581395348837,0.593023255813954,NA,7,"top7","eeg_tb_ratio_precond;eeg_ab_ratio_precond;hrv_rmssd_precond;eda_sd_precond;hr_med_precond;eeg_fl_specent_precond;eeg_fm_specent_precond"
2025-12-19 15:56:22.883412,5,"workload_label",7,128,0.125,0.587209302325581,0.587209302325581,NA,7,"top7","eeg_tb_ratio_precond;eeg_ab_ratio_precond;hrv_rmssd_precond;eda_sd_precond;hr_med_precond;eeg_fl_specent_precond;eeg_fm_specent_precond"
2025-12-19 15:56:23.172008,5,"workload_label",7,256,0.125,0.569767441860465,0.622093023255814,NA,7,"top7","eeg_tb_ratio_precond;eeg_ab_ratio_precond;hrv_rmssd_precond;eda_sd_precond;hr_med_precond;eeg_fl_specent_precond;eeg_fm_specent_precond"
2025-12-19 15:56:22.578294,5,"workload_label",7,2,0.03,0.61046511627907,0.627906976744186,0.586821705426357,7,"top7","eeg_tb_ratio_precond;eeg_ab_ratio_precond;hrv_rmssd_precond;eda_sd_precond;hr_med_precond;eeg_fl_specent_precond;eeg_fm_specent_precond"
2025-12-19 15:56:22.837912,5,"workload_label",7,4,0.03,0.604651162790698,0.633720930232558,0.582170542635659,7,"top7","eeg_tb_ratio_precond;eeg_ab_ratio_precond;hrv_rmssd_precond;eda_sd_precond;hr_med_precond;eeg_fl_specent_precond;eeg_fm_specent_precond"
2025-12-19 15:56:23.290767,5,"workload_label",7,8,0.03,0.575581395348837,0.63953488372093,0.555813953488372,7,"top7","eeg_tb_ratio_precond;eeg_ab_ratio_precond;hrv_rmssd_precond;eda_sd_precond;hr_med_precond;eeg_fl_specent_precond;eeg_fm_specent_precond"
2025-12-19 15:56:23.378853,5,"workload_label",7,16,0.03,0.569767441860465,0.651162790697674,0.542635658914729,7,"top7","eeg_tb_ratio_precond;eeg_ab_ratio_precond;hrv_rmssd_precond;eda_sd_precond;hr_med_precond;eeg_fl_specent_precond;eeg_fm_specent_precond"
2025-12-19 15:56:23.493101,5,"workload_label",7,32,0.03,0.581395348837209,0.63953488372093,NA,7,"top7","eeg_tb_ratio_precond;eeg_ab_ratio_precond;hrv_rmssd_precond;eda_sd_precond;hr_med_precond;eeg_fl_specent_precond;eeg_fm_specent_precond"
2025-12-19 15:56:23.625988,5,"workload_label",7,64,0.03,0.651162790697674,0.697674418604651,NA,7,"top7","eeg_tb_ratio_precond;eeg_ab_ratio_precond;hrv_rmssd_precond;eda_sd_precond;hr_med_precond;eeg_fl_specent_precond;eeg_fm_specent_precond"
2025-12-19 15:56:23.877552,5,"workload_label",7,128,0.03,0.656976744186046,0.674418604651163,NA,7,"top7","eeg_tb_ratio_precond;eeg_ab_ratio_precond;hrv_rmssd_precond;eda_sd_precond;hr_med_precond;eeg_fl_specent_precond;eeg_fm_specent_precond"
2025-12-19 15:56:24.129739,5,"workload_label",7,256,0.03,0.61046511627907,0.633720930232558,NA,7,"top7","eeg_tb_ratio_precond;eeg_ab_ratio_precond;hrv_rmssd_precond;eda_sd_precond;hr_med_precond;eeg_fl_specent_precond;eeg_fm_specent_precond"
2025-12-19 15:56:23.657985,5,"workload_label",7,2,0.06,0.61046511627907,0.645348837209302,0.587596899224806,7,"top7","eeg_tb_ratio_precond;eeg_ab_ratio_precond;hrv_rmssd_precond;eda_sd_precond;hr_med_precond;eeg_fl_specent_precond;eeg_fm_specent_precond"
2025-12-19 15:56:23.854398,5,"workload_label",7,4,0.06,0.593023255813954,0.656976744186046,0.566666666666667,7,"top7","eeg_tb_ratio_precond;eeg_ab_ratio_precond;hrv_rmssd_precond;eda_sd_precond;hr_med_precond;eeg_fl_specent_precond;eeg_fm_specent_precond"
2025-12-19 15:56:23.895657,5,"workload_label",7,8,0.06,0.593023255813954,0.651162790697674,NA,7,"top7","eeg_tb_ratio_precond;eeg_ab_ratio_precond;hrv_rmssd_precond;eda_sd_precond;hr_med_precond;eeg_fl_specent_precond;eeg_fm_specent_precond"
2025-12-19 15:56:24.202657,5,"workload_label",7,16,0.06,0.63953488372093,0.662790697674419,NA,7,"top7","eeg_tb_ratio_precond;eeg_ab_ratio_precond;hrv_rmssd_precond;eda_sd_precond;hr_med_precond;eeg_fl_specent_precond;eeg_fm_specent_precond"
2025-12-19 15:56:24.055388,5,"workload_label",7,32,0.06,0.645348837209302,0.63953488372093,NA,7,"top7","eeg_tb_ratio_precond;eeg_ab_ratio_precond;hrv_rmssd_precond;eda_sd_precond;hr_med_precond;eeg_fl_specent_precond;eeg_fm_specent_precond"
2025-12-19 15:56:24.221394,5,"workload_label",7,64,0.06,0.598837209302326,0.633720930232558,0.571317829457364,7,"top7","eeg_tb_ratio_precond;eeg_ab_ratio_precond;hrv_rmssd_precond;eda_sd_precond;hr_med_precond;eeg_fl_specent_precond;eeg_fm_specent_precond"
2025-12-19 15:56:24.54191,5,"workload_label",7,128,0.06,0.598837209302326,0.61046511627907,0.566666666666667,7,"top7","eeg_tb_ratio_precond;eeg_ab_ratio_precond;hrv_rmssd_precond;eda_sd_precond;hr_med_precond;eeg_fl_specent_precond;eeg_fm_specent_precond"
2025-12-19 15:56:24.853977,5,"workload_label",7,256,0.06,0.604651162790698,0.61046511627907,NA,7,"top7","eeg_tb_ratio_precond;eeg_ab_ratio_precond;hrv_rmssd_precond;eda_sd_precond;hr_med_precond;eeg_fl_specent_precond;eeg_fm_specent_precond"
2025-12-19 15:56:24.299996,5,"workload_label",7,2,0.1,0.61046511627907,0.662790697674419,0.582945736434109,7,"top7","eeg_tb_ratio_precond;eeg_ab_ratio_precond;hrv_rmssd_precond;eda_sd_precond;hr_med_precond;eeg_fl_specent_precond;eeg_fm_specent_precond"
2025-12-19 15:56:24.36688,5,"workload_label",7,4,0.1,0.604651162790698,0.633720930232558,0.571317829457364,7,"top7","eeg_tb_ratio_precond;eeg_ab_ratio_precond;hrv_rmssd_precond;eda_sd_precond;hr_med_precond;eeg_fl_specent_precond;eeg_fm_specent_precond"
2025-12-19 15:56:24.514643,5,"workload_label",7,8,0.1,0.616279069767442,0.656976744186046,0.586821705426357,7,"top7","eeg_tb_ratio_precond;eeg_ab_ratio_precond;hrv_rmssd_precond;eda_sd_precond;hr_med_precond;eeg_fl_specent_precond;eeg_fm_specent_precond"
2025-12-19 15:56:24.761837,5,"workload_label",7,16,0.1,0.633720930232558,0.651162790697674,NA,7,"top7","eeg_tb_ratio_precond;eeg_ab_ratio_precond;hrv_rmssd_precond;eda_sd_precond;hr_med_precond;eeg_fl_specent_precond;eeg_fm_specent_precond"
2025-12-19 15:56:24.676448,5,"workload_label",7,32,0.1,0.61046511627907,0.633720930232558,0.575193798449612,7,"top7","eeg_tb_ratio_precond;eeg_ab_ratio_precond;hrv_rmssd_precond;eda_sd_precond;hr_med_precond;eeg_fl_specent_precond;eeg_fm_specent_precond"
2025-12-19 15:56:24.968621,5,"workload_label",7,64,0.1,0.569767441860465,0.593023255813954,NA,7,"top7","eeg_tb_ratio_precond;eeg_ab_ratio_precond;hrv_rmssd_precond;eda_sd_precond;hr_med_precond;eeg_fl_specent_precond;eeg_fm_specent_precond"
2025-12-19 15:56:25.106873,5,"workload_label",7,128,0.1,0.575581395348837,0.581395348837209,NA,7,"top7","eeg_tb_ratio_precond;eeg_ab_ratio_precond;hrv_rmssd_precond;eda_sd_precond;hr_med_precond;eeg_fl_specent_precond;eeg_fm_specent_precond"
2025-12-19 15:56:25.177385,5,"workload_label",7,256,0.1,0.598837209302326,0.575581395348837,NA,7,"top7","eeg_tb_ratio_precond;eeg_ab_ratio_precond;hrv_rmssd_precond;eda_sd_precond;hr_med_precond;eeg_fl_specent_precond;eeg_fm_specent_precond"
2025-12-19 15:56:26.48153,6,"workload_label",7,2,0.0078125,0.63953488372093,0.662790697674419,0.61937984496124,7,"top7","eeg_tb_ratio_precond;eeg_ab_ratio_precond;hrv_rmssd_precond;eda_sd_precond;hr_med_precond;eeg_fl_hbeta_power_precond;eeg_fm_specent_precond"
2025-12-19 15:56:26.472379,6,"workload_label",7,4,0.0078125,0.616279069767442,0.662790697674419,0.596124031007752,7,"top7","eeg_tb_ratio_precond;eeg_ab_ratio_precond;hrv_rmssd_precond;eda_sd_precond;hr_med_precond;eeg_fl_hbeta_power_precond;eeg_fm_specent_precond"
2025-12-19 15:56:26.456083,6,"workload_label",7,8,0.0078125,0.61046511627907,0.627906976744186,0.589147286821705,7,"top7","eeg_tb_ratio_precond;eeg_ab_ratio_precond;hrv_rmssd_precond;eda_sd_precond;hr_med_precond;eeg_fl_hbeta_power_precond;eeg_fm_specent_precond"
2025-12-19 15:56:26.455073,6,"workload_label",7,16,0.0078125,0.604651162790698,0.622093023255814,0.584496124031008,7,"top7","eeg_tb_ratio_precond;eeg_ab_ratio_precond;hrv_rmssd_precond;eda_sd_precond;hr_med_precond;eeg_fl_hbeta_power_precond;eeg_fm_specent_precond"
2025-12-19 15:56:26.489391,6,"workload_label",7,32,0.0078125,0.581395348837209,0.616279069767442,0.568217054263566,7,"top7","eeg_tb_ratio_precond;eeg_ab_ratio_precond;hrv_rmssd_precond;eda_sd_precond;hr_med_precond;eeg_fl_hbeta_power_precond;eeg_fm_specent_precond"
2025-12-19 15:56:26.495108,6,"workload_label",7,64,0.0078125,0.581395348837209,0.616279069767442,0.575968992248062,7,"top7","eeg_tb_ratio_precond;eeg_ab_ratio_precond;hrv_rmssd_precond;eda_sd_precond;hr_med_precond;eeg_fl_hbeta_power_precond;eeg_fm_specent_precond"
2025-12-19 15:56:26.511692,6,"workload_label",7,128,0.0078125,0.593023255813954,0.622093023255814,0.57984496124031,7,"top7","eeg_tb_ratio_precond;eeg_ab_ratio_precond;hrv_rmssd_precond;eda_sd_precond;hr_med_precond;eeg_fl_hbeta_power_precond;eeg_fm_specent_precond"
2025-12-19 15:56:26.672397,6,"workload_label",7,256,0.0078125,0.581395348837209,0.633720930232558,NA,7,"top7","eeg_tb_ratio_precond;eeg_ab_ratio_precond;hrv_rmssd_precond;eda_sd_precond;hr_med_precond;eeg_fl_hbeta_power_precond;eeg_fm_specent_precond"
2025-12-19 15:56:26.452357,6,"workload_label",7,2,0.015625,0.622093023255814,0.674418604651163,0.605426356589147,7,"top7","eeg_tb_ratio_precond;eeg_ab_ratio_precond;hrv_rmssd_precond;eda_sd_precond;hr_med_precond;eeg_fl_hbeta_power_precond;eeg_fm_specent_precond"
2025-12-19 15:56:26.438224,6,"workload_label",7,4,0.015625,0.604651162790698,0.633720930232558,0.585271317829457,7,"top7","eeg_tb_ratio_precond;eeg_ab_ratio_precond;hrv_rmssd_precond;eda_sd_precond;hr_med_precond;eeg_fl_hbeta_power_precond;eeg_fm_specent_precond"
2025-12-19 15:56:26.431109,6,"workload_label",7,8,0.015625,0.587209302325581,0.616279069767442,0.572093023255814,7,"top7","eeg_tb_ratio_precond;eeg_ab_ratio_precond;hrv_rmssd_precond;eda_sd_precond;hr_med_precond;eeg_fl_hbeta_power_precond;eeg_fm_specent_precond"
2025-12-19 15:56:26.428142,6,"workload_label",7,16,0.015625,0.575581395348837,0.616279069767442,0.575968992248062,7,"top7","eeg_tb_ratio_precond;eeg_ab_ratio_precond;hrv_rmssd_precond;eda_sd_precond;hr_med_precond;eeg_fl_hbeta_power_precond;eeg_fm_specent_precond"
2025-12-19 15:56:26.492916,6,"workload_label",7,32,0.015625,0.587209302325581,0.627906976744186,0.57984496124031,7,"top7","eeg_tb_ratio_precond;eeg_ab_ratio_precond;hrv_rmssd_precond;eda_sd_precond;hr_med_precond;eeg_fl_hbeta_power_precond;eeg_fm_specent_precond"
2025-12-19 15:56:26.56006,6,"workload_label",7,64,0.015625,0.587209302325581,0.622093023255814,0.576744186046512,7,"top7","eeg_tb_ratio_precond;eeg_ab_ratio_precond;hrv_rmssd_precond;eda_sd_precond;hr_med_precond;eeg_fl_hbeta_power_precond;eeg_fm_specent_precond"
2025-12-19 15:56:27.835827,6,"workload_label",7,128,0.015625,0.593023255813954,0.616279069767442,NA,7,"top7","eeg_tb_ratio_precond;eeg_ab_ratio_precond;hrv_rmssd_precond;eda_sd_precond;hr_med_precond;eeg_fl_hbeta_power_precond;eeg_fm_specent_precond"
2025-12-19 15:56:27.991954,6,"workload_label",7,256,0.015625,0.587209302325581,0.633720930232558,NA,7,"top7","eeg_tb_ratio_precond;eeg_ab_ratio_precond;hrv_rmssd_precond;eda_sd_precond;hr_med_precond;eeg_fl_hbeta_power_precond;eeg_fm_specent_precond"
2025-12-19 15:56:27.612383,6,"workload_label",7,2,0.03125,0.587209302325581,0.645348837209302,0.582170542635659,7,"top7","eeg_tb_ratio_precond;eeg_ab_ratio_precond;hrv_rmssd_precond;eda_sd_precond;hr_med_precond;eeg_fl_hbeta_power_precond;eeg_fm_specent_precond"
2025-12-19 15:56:27.645102,6,"workload_label",7,4,0.03125,0.569767441860465,0.61046511627907,0.568217054263566,7,"top7","eeg_tb_ratio_precond;eeg_ab_ratio_precond;hrv_rmssd_precond;eda_sd_precond;hr_med_precond;eeg_fl_hbeta_power_precond;eeg_fm_specent_precond"
2025-12-19 15:56:27.678518,6,"workload_label",7,8,0.03125,0.569767441860465,0.633720930232558,0.564341085271318,7,"top7","eeg_tb_ratio_precond;eeg_ab_ratio_precond;hrv_rmssd_precond;eda_sd_precond;hr_med_precond;eeg_fl_hbeta_power_precond;eeg_fm_specent_precond"
2025-12-19 15:56:27.634459,6,"workload_label",7,16,0.03125,0.587209302325581,0.622093023255814,0.572093023255814,7,"top7","eeg_tb_ratio_precond;eeg_ab_ratio_precond;hrv_rmssd_precond;eda_sd_precond;hr_med_precond;eeg_fl_hbeta_power_precond;eeg_fm_specent_precond"
2025-12-19 15:56:27.742144,6,"workload_label",7,32,0.03125,0.604651162790698,0.627906976744186,NA,7,"top7","eeg_tb_ratio_precond;eeg_ab_ratio_precond;hrv_rmssd_precond;eda_sd_precond;hr_med_precond;eeg_fl_hbeta_power_precond;eeg_fm_specent_precond"
2025-12-19 15:56:27.83571,6,"workload_label",7,64,0.03125,0.598837209302326,0.668604651162791,NA,7,"top7","eeg_tb_ratio_precond;eeg_ab_ratio_precond;hrv_rmssd_precond;eda_sd_precond;hr_med_precond;eeg_fl_hbeta_power_precond;eeg_fm_specent_precond"
2025-12-19 15:56:27.999627,6,"workload_label",7,128,0.03125,0.616279069767442,0.674418604651163,0.6,7,"top7","eeg_tb_ratio_precond;eeg_ab_ratio_precond;hrv_rmssd_precond;eda_sd_precond;hr_med_precond;eeg_fl_hbeta_power_precond;eeg_fm_specent_precond"
2025-12-19 15:56:28.332259,6,"workload_label",7,256,0.03125,0.627906976744186,0.63953488372093,NA,7,"top7","eeg_tb_ratio_precond;eeg_ab_ratio_precond;hrv_rmssd_precond;eda_sd_precond;hr_med_precond;eeg_fl_hbeta_power_precond;eeg_fm_specent_precond"
2025-12-19 15:56:27.72717,6,"workload_label",7,2,0.0625,0.581395348837209,0.633720930232558,0.582170542635659,7,"top7","eeg_tb_ratio_precond;eeg_ab_ratio_precond;hrv_rmssd_precond;eda_sd_precond;hr_med_precond;eeg_fl_hbeta_power_precond;eeg_fm_specent_precond"
2025-12-19 15:56:27.710087,6,"workload_label",7,4,0.0625,0.569767441860465,0.633720930232558,0.56046511627907,7,"top7","eeg_tb_ratio_precond;eeg_ab_ratio_precond;hrv_rmssd_precond;eda_sd_precond;hr_med_precond;eeg_fl_hbeta_power_precond;eeg_fm_specent_precond"
2025-12-19 15:56:27.78654,6,"workload_label",7,8,0.0625,0.587209302325581,0.627906976744186,0.586046511627907,7,"top7","eeg_tb_ratio_precond;eeg_ab_ratio_precond;hrv_rmssd_precond;eda_sd_precond;hr_med_precond;eeg_fl_hbeta_power_precond;eeg_fm_specent_precond"
2025-12-19 15:56:27.943294,6,"workload_label",7,16,0.0625,0.61046511627907,0.656976744186046,0.592248062015504,7,"top7","eeg_tb_ratio_precond;eeg_ab_ratio_precond;hrv_rmssd_precond;eda_sd_precond;hr_med_precond;eeg_fl_hbeta_power_precond;eeg_fm_specent_precond"
2025-12-19 15:56:28.876665,6,"workload_label",7,32,0.0625,0.668604651162791,0.651162790697674,0.666666666666667,7,"top7","eeg_tb_ratio_precond;eeg_ab_ratio_precond;hrv_rmssd_precond;eda_sd_precond;hr_med_precond;eeg_fl_hbeta_power_precond;eeg_fm_specent_precond"
2025-12-19 15:56:29.029255,6,"workload_label",7,64,0.0625,0.616279069767442,0.598837209302326,NA,7,"top7","eeg_tb_ratio_precond;eeg_ab_ratio_precond;hrv_rmssd_precond;eda_sd_precond;hr_med_precond;eeg_fl_hbeta_power_precond;eeg_fm_specent_precond"
2025-12-19 15:56:29.237183,6,"workload_label",7,128,0.0625,0.598837209302326,0.581395348837209,NA,7,"top7","eeg_tb_ratio_precond;eeg_ab_ratio_precond;hrv_rmssd_precond;eda_sd_precond;hr_med_precond;eeg_fl_hbeta_power_precond;eeg_fm_specent_precond"
2025-12-19 15:56:29.590036,6,"workload_label",7,256,0.0625,0.569767441860465,0.575581395348837,NA,7,"top7","eeg_tb_ratio_precond;eeg_ab_ratio_precond;hrv_rmssd_precond;eda_sd_precond;hr_med_precond;eeg_fl_hbeta_power_precond;eeg_fm_specent_precond"
2025-12-19 15:56:28.828044,6,"workload_label",7,2,0.125,0.575581395348837,0.645348837209302,0.572868217054264,7,"top7","eeg_tb_ratio_precond;eeg_ab_ratio_precond;hrv_rmssd_precond;eda_sd_precond;hr_med_precond;eeg_fl_hbeta_power_precond;eeg_fm_specent_precond"
2025-12-19 15:56:28.877375,6,"workload_label",7,4,0.125,0.61046511627907,0.645348837209302,0.598449612403101,7,"top7","eeg_tb_ratio_precond;eeg_ab_ratio_precond;hrv_rmssd_precond;eda_sd_precond;hr_med_precond;eeg_fl_hbeta_power_precond;eeg_fm_specent_precond"
2025-12-19 15:56:28.908676,6,"workload_label",7,8,0.125,0.656976744186046,0.633720930232558,NA,7,"top7","eeg_tb_ratio_precond;eeg_ab_ratio_precond;hrv_rmssd_precond;eda_sd_precond;hr_med_precond;eeg_fl_hbeta_power_precond;eeg_fm_specent_precond"
2025-12-19 15:56:29.012645,6,"workload_label",7,16,0.125,0.633720930232558,0.616279069767442,NA,7,"top7","eeg_tb_ratio_precond;eeg_ab_ratio_precond;hrv_rmssd_precond;eda_sd_precond;hr_med_precond;eeg_fl_hbeta_power_precond;eeg_fm_specent_precond"
2025-12-19 15:56:29.140008,6,"workload_label",7,32,0.125,0.593023255813954,0.563953488372093,NA,7,"top7","eeg_tb_ratio_precond;eeg_ab_ratio_precond;hrv_rmssd_precond;eda_sd_precond;hr_med_precond;eeg_fl_hbeta_power_precond;eeg_fm_specent_precond"
2025-12-19 15:56:29.249534,6,"workload_label",7,64,0.125,0.517441860465116,0.558139534883721,0.49922480620155,7,"top7","eeg_tb_ratio_precond;eeg_ab_ratio_precond;hrv_rmssd_precond;eda_sd_precond;hr_med_precond;eeg_fl_hbeta_power_precond;eeg_fm_specent_precond"
2025-12-19 15:56:29.416376,6,"workload_label",7,128,0.125,0.529069767441861,0.587209302325581,0.524806201550388,7,"top7","eeg_tb_ratio_precond;eeg_ab_ratio_precond;hrv_rmssd_precond;eda_sd_precond;hr_med_precond;eeg_fl_hbeta_power_precond;eeg_fm_specent_precond"
2025-12-19 15:56:29.588806,6,"workload_label",7,256,0.125,0.546511627906977,0.540697674418605,0.543410852713178,7,"top7","eeg_tb_ratio_precond;eeg_ab_ratio_precond;hrv_rmssd_precond;eda_sd_precond;hr_med_precond;eeg_fl_hbeta_power_precond;eeg_fm_specent_precond"
2025-12-19 15:56:29.052823,6,"workload_label",7,2,0.03,0.593023255813954,0.645348837209302,0.582170542635659,7,"top7","eeg_tb_ratio_precond;eeg_ab_ratio_precond;hrv_rmssd_precond;eda_sd_precond;hr_med_precond;eeg_fl_hbeta_power_precond;eeg_fm_specent_precond"
2025-12-19 15:56:29.382547,6,"workload_label",7,4,0.03,0.575581395348837,0.61046511627907,0.568217054263566,7,"top7","eeg_tb_ratio_precond;eeg_ab_ratio_precond;hrv_rmssd_precond;eda_sd_precond;hr_med_precond;eeg_fl_hbeta_power_precond;eeg_fm_specent_precond"
2025-12-19 15:56:29.862841,6,"workload_label",7,8,0.03,0.575581395348837,0.63953488372093,0.568217054263566,7,"top7","eeg_tb_ratio_precond;eeg_ab_ratio_precond;hrv_rmssd_precond;eda_sd_precond;hr_med_precond;eeg_fl_hbeta_power_precond;eeg_fm_specent_precond"
2025-12-19 15:56:29.93674,6,"workload_label",7,16,0.03,0.587209302325581,0.622093023255814,0.568217054263566,7,"top7","eeg_tb_ratio_precond;eeg_ab_ratio_precond;hrv_rmssd_precond;eda_sd_precond;hr_med_precond;eeg_fl_hbeta_power_precond;eeg_fm_specent_precond"
2025-12-19 15:56:30.013804,6,"workload_label",7,32,0.03,0.61046511627907,0.633720930232558,NA,7,"top7","eeg_tb_ratio_precond;eeg_ab_ratio_precond;hrv_rmssd_precond;eda_sd_precond;hr_med_precond;eeg_fl_hbeta_power_precond;eeg_fm_specent_precond"
2025-12-19 15:56:30.141654,6,"workload_label",7,64,0.03,0.598837209302326,0.662790697674419,NA,7,"top7","eeg_tb_ratio_precond;eeg_ab_ratio_precond;hrv_rmssd_precond;eda_sd_precond;hr_med_precond;eeg_fl_hbeta_power_precond;eeg_fm_specent_precond"
2025-12-19 15:56:30.371877,6,"workload_label",7,128,0.03,0.616279069767442,0.680232558139535,0.6,7,"top7","eeg_tb_ratio_precond;eeg_ab_ratio_precond;hrv_rmssd_precond;eda_sd_precond;hr_med_precond;eeg_fl_hbeta_power_precond;eeg_fm_specent_precond"
2025-12-19 15:56:30.701662,6,"workload_label",7,256,0.03,0.645348837209302,0.645348837209302,0.642635658914729,7,"top7","eeg_tb_ratio_precond;eeg_ab_ratio_precond;hrv_rmssd_precond;eda_sd_precond;hr_med_precond;eeg_fl_hbeta_power_precond;eeg_fm_specent_precond"
2025-12-19 15:56:30.106215,6,"workload_label",7,2,0.06,0.581395348837209,0.63953488372093,0.582170542635659,7,"top7","eeg_tb_ratio_precond;eeg_ab_ratio_precond;hrv_rmssd_precond;eda_sd_precond;hr_med_precond;eeg_fl_hbeta_power_precond;eeg_fm_specent_precond"
2025-12-19 15:56:30.24404,6,"workload_label",7,4,0.06,0.563953488372093,0.622093023255814,0.556589147286822,7,"top7","eeg_tb_ratio_precond;eeg_ab_ratio_precond;hrv_rmssd_precond;eda_sd_precond;hr_med_precond;eeg_fl_hbeta_power_precond;eeg_fm_specent_precond"
2025-12-19 15:56:30.324566,6,"workload_label",7,8,0.06,0.587209302325581,0.627906976744186,0.581395348837209,7,"top7","eeg_tb_ratio_precond;eeg_ab_ratio_precond;hrv_rmssd_precond;eda_sd_precond;hr_med_precond;eeg_fl_hbeta_power_precond;eeg_fm_specent_precond"
2025-12-19 15:56:30.433473,6,"workload_label",7,16,0.06,0.598837209302326,0.662790697674419,0.585271317829457,7,"top7","eeg_tb_ratio_precond;eeg_ab_ratio_precond;hrv_rmssd_precond;eda_sd_precond;hr_med_precond;eeg_fl_hbeta_power_precond;eeg_fm_specent_precond"
2025-12-19 15:56:30.573044,6,"workload_label",7,32,0.06,0.656976744186046,0.656976744186046,0.654263565891473,7,"top7","eeg_tb_ratio_precond;eeg_ab_ratio_precond;hrv_rmssd_precond;eda_sd_precond;hr_med_precond;eeg_fl_hbeta_power_precond;eeg_fm_specent_precond"
2025-12-19 15:56:30.742237,6,"workload_label",7,64,0.06,0.616279069767442,0.616279069767442,NA,7,"top7","eeg_tb_ratio_precond;eeg_ab_ratio_precond;hrv_rmssd_precond;eda_sd_precond;hr_med_precond;eeg_fl_hbeta_power_precond;eeg_fm_specent_precond"
2025-12-19 15:56:31.068471,6,"workload_label",7,128,0.06,0.61046511627907,0.581395348837209,NA,7,"top7","eeg_tb_ratio_precond;eeg_ab_ratio_precond;hrv_rmssd_precond;eda_sd_precond;hr_med_precond;eeg_fl_hbeta_power_precond;eeg_fm_specent_precond"
2025-12-19 15:56:31.218895,6,"workload_label",7,256,0.06,0.587209302325581,0.575581395348837,NA,7,"top7","eeg_tb_ratio_precond;eeg_ab_ratio_precond;hrv_rmssd_precond;eda_sd_precond;hr_med_precond;eeg_fl_hbeta_power_precond;eeg_fm_specent_precond"
2025-12-19 15:56:30.878126,6,"workload_label",7,2,0.1,0.587209302325581,0.633720930232558,0.570542635658915,7,"top7","eeg_tb_ratio_precond;eeg_ab_ratio_precond;hrv_rmssd_precond;eda_sd_precond;hr_med_precond;eeg_fl_hbeta_power_precond;eeg_fm_specent_precond"
2025-12-19 15:56:30.955506,6,"workload_label",7,4,0.1,0.593023255813954,0.622093023255814,0.597674418604651,7,"top7","eeg_tb_ratio_precond;eeg_ab_ratio_precond;hrv_rmssd_precond;eda_sd_precond;hr_med_precond;eeg_fl_hbeta_power_precond;eeg_fm_specent_precond"
2025-12-19 15:56:31.04105,6,"workload_label",7,8,0.1,0.633720930232558,0.662790697674419,0.641085271317829,7,"top7","eeg_tb_ratio_precond;eeg_ab_ratio_precond;hrv_rmssd_precond;eda_sd_precond;hr_med_precond;eeg_fl_hbeta_power_precond;eeg_fm_specent_precond"
2025-12-19 15:56:31.149175,6,"workload_label",7,16,0.1,0.63953488372093,0.622093023255814,NA,7,"top7","eeg_tb_ratio_precond;eeg_ab_ratio_precond;hrv_rmssd_precond;eda_sd_precond;hr_med_precond;eeg_fl_hbeta_power_precond;eeg_fm_specent_precond"
2025-12-19 15:56:31.183355,6,"workload_label",7,32,0.1,0.622093023255814,0.593023255813954,NA,7,"top7","eeg_tb_ratio_precond;eeg_ab_ratio_precond;hrv_rmssd_precond;eda_sd_precond;hr_med_precond;eeg_fl_hbeta_power_precond;eeg_fm_specent_precond"
2025-12-19 15:56:31.374728,6,"workload_label",7,64,0.1,0.587209302325581,0.575581395348837,NA,7,"top7","eeg_tb_ratio_precond;eeg_ab_ratio_precond;hrv_rmssd_precond;eda_sd_precond;hr_med_precond;eeg_fl_hbeta_power_precond;eeg_fm_specent_precond"
2025-12-19 15:56:31.497134,6,"workload_label",7,128,0.1,0.540697674418605,0.529069767441861,0.517829457364341,7,"top7","eeg_tb_ratio_precond;eeg_ab_ratio_precond;hrv_rmssd_precond;eda_sd_precond;hr_med_precond;eeg_fl_hbeta_power_precond;eeg_fm_specent_precond"
2025-12-19 15:56:31.626575,6,"workload_label",7,256,0.1,0.517441860465116,0.534883720930233,0.505426356589147,7,"top7","eeg_tb_ratio_precond;eeg_ab_ratio_precond;hrv_rmssd_precond;eda_sd_precond;hr_med_precond;eeg_fl_hbeta_power_precond;eeg_fm_specent_precond"
2025-12-19 15:56:32.907444,7,"workload_label",7,2,0.0078125,0.622093023255814,0.656976744186046,0.596899224806202,7,"top7","eeg_ab_ratio_precond;eeg_tb_ratio_precond;hrv_rmssd_precond;eda_sd_precond;hr_med_precond;eeg_fl_hbeta_power_precond;eda_pkrate_precond"
2025-12-19 15:56:32.923687,7,"workload_label",7,4,0.0078125,0.616279069767442,0.656976744186046,0.60077519379845,7,"top7","eeg_ab_ratio_precond;eeg_tb_ratio_precond;hrv_rmssd_precond;eda_sd_precond;hr_med_precond;eeg_fl_hbeta_power_precond;eda_pkrate_precond"
2025-12-19 15:56:32.928054,7,"workload_label",7,8,0.0078125,0.604651162790698,0.63953488372093,0.589922480620155,7,"top7","eeg_ab_ratio_precond;eeg_tb_ratio_precond;hrv_rmssd_precond;eda_sd_precond;hr_med_precond;eeg_fl_hbeta_power_precond;eda_pkrate_precond"
2025-12-19 15:56:32.894468,7,"workload_label",7,16,0.0078125,0.604651162790698,0.651162790697674,0.583720930232558,7,"top7","eeg_ab_ratio_precond;eeg_tb_ratio_precond;hrv_rmssd_precond;eda_sd_precond;hr_med_precond;eeg_fl_hbeta_power_precond;eda_pkrate_precond"
2025-12-19 15:56:32.8884,7,"workload_label",7,32,0.0078125,0.604651162790698,0.645348837209302,0.583720930232558,7,"top7","eeg_ab_ratio_precond;eeg_tb_ratio_precond;hrv_rmssd_precond;eda_sd_precond;hr_med_precond;eeg_fl_hbeta_power_precond;eda_pkrate_precond"
2025-12-19 15:56:32.899421,7,"workload_label",7,64,0.0078125,0.604651162790698,0.651162790697674,0.593023255813954,7,"top7","eeg_ab_ratio_precond;eeg_tb_ratio_precond;hrv_rmssd_precond;eda_sd_precond;hr_med_precond;eeg_fl_hbeta_power_precond;eda_pkrate_precond"
2025-12-19 15:56:32.975614,7,"workload_label",7,128,0.0078125,0.598837209302326,0.656976744186046,0.582945736434109,7,"top7","eeg_ab_ratio_precond;eeg_tb_ratio_precond;hrv_rmssd_precond;eda_sd_precond;hr_med_precond;eeg_fl_hbeta_power_precond;eda_pkrate_precond"
2025-12-19 15:56:33.039158,7,"workload_label",7,256,0.0078125,0.587209302325581,0.662790697674419,0.565116279069767,7,"top7","eeg_ab_ratio_precond;eeg_tb_ratio_precond;hrv_rmssd_precond;eda_sd_precond;hr_med_precond;eeg_fl_hbeta_power_precond;eda_pkrate_precond"
2025-12-19 15:56:32.851703,7,"workload_label",7,2,0.015625,0.616279069767442,0.651162790697674,0.60077519379845,7,"top7","eeg_ab_ratio_precond;eeg_tb_ratio_precond;hrv_rmssd_precond;eda_sd_precond;hr_med_precond;eeg_fl_hbeta_power_precond;eda_pkrate_precond"
2025-12-19 15:56:32.886907,7,"workload_label",7,4,0.015625,0.604651162790698,0.651162790697674,0.593798449612403,7,"top7","eeg_ab_ratio_precond;eeg_tb_ratio_precond;hrv_rmssd_precond;eda_sd_precond;hr_med_precond;eeg_fl_hbeta_power_precond;eda_pkrate_precond"
2025-12-19 15:56:32.91583,7,"workload_label",7,8,0.015625,0.616279069767442,0.645348837209302,0.602325581395349,7,"top7","eeg_ab_ratio_precond;eeg_tb_ratio_precond;hrv_rmssd_precond;eda_sd_precond;hr_med_precond;eeg_fl_hbeta_power_precond;eda_pkrate_precond"
2025-12-19 15:56:32.886908,7,"workload_label",7,16,0.015625,0.598837209302326,0.656976744186046,0.588372093023256,7,"top7","eeg_ab_ratio_precond;eeg_tb_ratio_precond;hrv_rmssd_precond;eda_sd_precond;hr_med_precond;eeg_fl_hbeta_power_precond;eda_pkrate_precond"
2025-12-19 15:56:32.909752,7,"workload_label",7,32,0.015625,0.604651162790698,0.668604651162791,0.589922480620155,7,"top7","eeg_ab_ratio_precond;eeg_tb_ratio_precond;hrv_rmssd_precond;eda_sd_precond;hr_med_precond;eeg_fl_hbeta_power_precond;eda_pkrate_precond"
2025-12-19 15:56:32.967763,7,"workload_label",7,64,0.015625,0.604651162790698,0.651162790697674,0.581395348837209,7,"top7","eeg_ab_ratio_precond;eeg_tb_ratio_precond;hrv_rmssd_precond;eda_sd_precond;hr_med_precond;eeg_fl_hbeta_power_precond;eda_pkrate_precond"
2025-12-19 15:56:34.104515,7,"workload_label",7,128,0.015625,0.558139534883721,0.616279069767442,0.538759689922481,7,"top7","eeg_ab_ratio_precond;eeg_tb_ratio_precond;hrv_rmssd_precond;eda_sd_precond;hr_med_precond;eeg_fl_hbeta_power_precond;eda_pkrate_precond"
2025-12-19 15:56:34.263595,7,"workload_label",7,256,0.015625,0.558139534883721,0.61046511627907,NA,7,"top7","eeg_ab_ratio_precond;eeg_tb_ratio_precond;hrv_rmssd_precond;eda_sd_precond;hr_med_precond;eeg_fl_hbeta_power_precond;eda_pkrate_precond"
2025-12-19 15:56:34.195931,7,"workload_label",7,2,0.03125,0.616279069767442,0.656976744186046,0.613953488372093,7,"top7","eeg_ab_ratio_precond;eeg_tb_ratio_precond;hrv_rmssd_precond;eda_sd_precond;hr_med_precond;eeg_fl_hbeta_power_precond;eda_pkrate_precond"
2025-12-19 15:56:33.978772,7,"workload_label",7,4,0.03125,0.61046511627907,0.651162790697674,0.602325581395349,7,"top7","eeg_ab_ratio_precond;eeg_tb_ratio_precond;hrv_rmssd_precond;eda_sd_precond;hr_med_precond;eeg_fl_hbeta_power_precond;eda_pkrate_precond"
2025-12-19 15:56:33.982245,7,"workload_label",7,8,0.03125,0.61046511627907,0.662790697674419,0.601550387596899,7,"top7","eeg_ab_ratio_precond;eeg_tb_ratio_precond;hrv_rmssd_precond;eda_sd_precond;hr_med_precond;eeg_fl_hbeta_power_precond;eda_pkrate_precond"
2025-12-19 15:56:33.997926,7,"workload_label",7,16,0.03125,0.604651162790698,0.656976744186046,0.59922480620155,7,"top7","eeg_ab_ratio_precond;eeg_tb_ratio_precond;hrv_rmssd_precond;eda_sd_precond;hr_med_precond;eeg_fl_hbeta_power_precond;eda_pkrate_precond"
2025-12-19 15:56:34.049706,7,"workload_label",7,32,0.03125,0.581395348837209,0.656976744186046,0.56046511627907,7,"top7","eeg_ab_ratio_precond;eeg_tb_ratio_precond;hrv_rmssd_precond;eda_sd_precond;hr_med_precond;eeg_fl_hbeta_power_precond;eda_pkrate_precond"
2025-12-19 15:56:34.170076,7,"workload_label",7,64,0.03125,0.569767441860465,0.627906976744186,0.534108527131783,7,"top7","eeg_ab_ratio_precond;eeg_tb_ratio_precond;hrv_rmssd_precond;eda_sd_precond;hr_med_precond;eeg_fl_hbeta_power_precond;eda_pkrate_precond"
2025-12-19 15:56:34.301473,7,"workload_label",7,128,0.03125,0.581395348837209,0.651162790697674,0.569767441860465,7,"top7","eeg_ab_ratio_precond;eeg_tb_ratio_precond;hrv_rmssd_precond;eda_sd_precond;hr_med_precond;eeg_fl_hbeta_power_precond;eda_pkrate_precond"
2025-12-19 15:56:34.572151,7,"workload_label",7,256,0.03125,0.61046511627907,0.633720930232558,0.607751937984496,7,"top7","eeg_ab_ratio_precond;eeg_tb_ratio_precond;hrv_rmssd_precond;eda_sd_precond;hr_med_precond;eeg_fl_hbeta_power_precond;eda_pkrate_precond"
2025-12-19 15:56:34.015654,7,"workload_label",7,2,0.0625,0.604651162790698,0.656976744186046,0.597674418604651,7,"top7","eeg_ab_ratio_precond;eeg_tb_ratio_precond;hrv_rmssd_precond;eda_sd_precond;hr_med_precond;eeg_fl_hbeta_power_precond;eda_pkrate_precond"
2025-12-19 15:56:34.015938,7,"workload_label",7,4,0.0625,0.593023255813954,0.633720930232558,0.583720930232558,7,"top7","eeg_ab_ratio_precond;eeg_tb_ratio_precond;hrv_rmssd_precond;eda_sd_precond;hr_med_precond;eeg_fl_hbeta_power_precond;eda_pkrate_precond"
2025-12-19 15:56:34.054628,7,"workload_label",7,8,0.0625,0.598837209302326,0.633720930232558,0.575193798449612,7,"top7","eeg_ab_ratio_precond;eeg_tb_ratio_precond;hrv_rmssd_precond;eda_sd_precond;hr_med_precond;eeg_fl_hbeta_power_precond;eda_pkrate_precond"
2025-12-19 15:56:34.136858,7,"workload_label",7,16,0.0625,0.546511627906977,0.633720930232558,0.513953488372093,7,"top7","eeg_ab_ratio_precond;eeg_tb_ratio_precond;hrv_rmssd_precond;eda_sd_precond;hr_med_precond;eeg_fl_hbeta_power_precond;eda_pkrate_precond"
2025-12-19 15:56:35.169309,7,"workload_label",7,32,0.0625,0.604651162790698,0.63953488372093,0.595348837209302,7,"top7","eeg_ab_ratio_precond;eeg_tb_ratio_precond;hrv_rmssd_precond;eda_sd_precond;hr_med_precond;eeg_fl_hbeta_power_precond;eda_pkrate_precond"
2025-12-19 15:56:35.275233,7,"workload_label",7,64,0.0625,0.575581395348837,0.63953488372093,NA,7,"top7","eeg_ab_ratio_precond;eeg_tb_ratio_precond;hrv_rmssd_precond;eda_sd_precond;hr_med_precond;eeg_fl_hbeta_power_precond;eda_pkrate_precond"
2025-12-19 15:56:35.521108,7,"workload_label",7,128,0.0625,0.593023255813954,0.627906976744186,NA,7,"top7","eeg_ab_ratio_precond;eeg_tb_ratio_precond;hrv_rmssd_precond;eda_sd_precond;hr_med_precond;eeg_fl_hbeta_power_precond;eda_pkrate_precond"
2025-12-19 15:56:35.851921,7,"workload_label",7,256,0.0625,0.587209302325581,0.61046511627907,NA,7,"top7","eeg_ab_ratio_precond;eeg_tb_ratio_precond;hrv_rmssd_precond;eda_sd_precond;hr_med_precond;eeg_fl_hbeta_power_precond;eda_pkrate_precond"
2025-12-19 15:56:35.018619,7,"workload_label",7,2,0.125,0.598837209302326,0.616279069767442,0.572868217054264,7,"top7","eeg_ab_ratio_precond;eeg_tb_ratio_precond;hrv_rmssd_precond;eda_sd_precond;hr_med_precond;eeg_fl_hbeta_power_precond;eda_pkrate_precond"
2025-12-19 15:56:35.117086,7,"workload_label",7,4,0.125,0.569767441860465,0.633720930232558,0.558914728682171,7,"top7","eeg_ab_ratio_precond;eeg_tb_ratio_precond;hrv_rmssd_precond;eda_sd_precond;hr_med_precond;eeg_fl_hbeta_power_precond;eda_pkrate_precond"
2025-12-19 15:56:35.195206,7,"workload_label",7,8,0.125,0.581395348837209,0.616279069767442,NA,7,"top7","eeg_ab_ratio_precond;eeg_tb_ratio_precond;hrv_rmssd_precond;eda_sd_precond;hr_med_precond;eeg_fl_hbeta_power_precond;eda_pkrate_precond"
2025-12-19 15:56:35.279935,7,"workload_label",7,16,0.125,0.598837209302326,0.63953488372093,NA,7,"top7","eeg_ab_ratio_precond;eeg_tb_ratio_precond;hrv_rmssd_precond;eda_sd_precond;hr_med_precond;eeg_fl_hbeta_power_precond;eda_pkrate_precond"
2025-12-19 15:56:35.387248,7,"workload_label",7,32,0.125,0.569767441860465,0.616279069767442,NA,7,"top7","eeg_ab_ratio_precond;eeg_tb_ratio_precond;hrv_rmssd_precond;eda_sd_precond;hr_med_precond;eeg_fl_hbeta_power_precond;eda_pkrate_precond"
2025-12-19 15:56:35.512067,7,"workload_label",7,64,0.125,0.558139534883721,0.593023255813954,NA,7,"top7","eeg_ab_ratio_precond;eeg_tb_ratio_precond;hrv_rmssd_precond;eda_sd_precond;hr_med_precond;eeg_fl_hbeta_power_precond;eda_pkrate_precond"
2025-12-19 15:56:35.717574,7,"workload_label",7,128,0.125,0.598837209302326,0.622093023255814,NA,7,"top7","eeg_ab_ratio_precond;eeg_tb_ratio_precond;hrv_rmssd_precond;eda_sd_precond;hr_med_precond;eeg_fl_hbeta_power_precond;eda_pkrate_precond"
2025-12-19 15:56:35.904587,7,"workload_label",7,256,0.125,0.581395348837209,0.61046511627907,0.572868217054264,7,"top7","eeg_ab_ratio_precond;eeg_tb_ratio_precond;hrv_rmssd_precond;eda_sd_precond;hr_med_precond;eeg_fl_hbeta_power_precond;eda_pkrate_precond"
2025-12-19 15:56:35.326262,7,"workload_label",7,2,0.03,0.61046511627907,0.651162790697674,0.609302325581395,7,"top7","eeg_ab_ratio_precond;eeg_tb_ratio_precond;hrv_rmssd_precond;eda_sd_precond;hr_med_precond;eeg_fl_hbeta_power_precond;eda_pkrate_precond"
2025-12-19 15:56:35.600431,7,"workload_label",7,4,0.03,0.61046511627907,0.651162790697674,0.602325581395349,7,"top7","eeg_ab_ratio_precond;eeg_tb_ratio_precond;hrv_rmssd_precond;eda_sd_precond;hr_med_precond;eeg_fl_hbeta_power_precond;eda_pkrate_precond"
2025-12-19 15:56:36.055453,7,"workload_label",7,8,0.03,0.616279069767442,0.656976744186046,0.603875968992248,7,"top7","eeg_ab_ratio_precond;eeg_tb_ratio_precond;hrv_rmssd_precond;eda_sd_precond;hr_med_precond;eeg_fl_hbeta_power_precond;eda_pkrate_precond"
2025-12-19 15:56:36.169833,7,"workload_label",7,16,0.03,0.604651162790698,0.662790697674419,0.59922480620155,7,"top7","eeg_ab_ratio_precond;eeg_tb_ratio_precond;hrv_rmssd_precond;eda_sd_precond;hr_med_precond;eeg_fl_hbeta_power_precond;eda_pkrate_precond"
2025-12-19 15:56:36.2354,7,"workload_label",7,32,0.03,0.587209302325581,0.651162790697674,0.571317829457364,7,"top7","eeg_ab_ratio_precond;eeg_tb_ratio_precond;hrv_rmssd_precond;eda_sd_precond;hr_med_precond;eeg_fl_hbeta_power_precond;eda_pkrate_precond"
2025-12-19 15:56:36.364554,7,"workload_label",7,64,0.03,0.563953488372093,0.622093023255814,0.534108527131783,7,"top7","eeg_ab_ratio_precond;eeg_tb_ratio_precond;hrv_rmssd_precond;eda_sd_precond;hr_med_precond;eeg_fl_hbeta_power_precond;eda_pkrate_precond"
2025-12-19 15:56:36.581364,7,"workload_label",7,128,0.03,0.575581395348837,0.633720930232558,0.564341085271318,7,"top7","eeg_ab_ratio_precond;eeg_tb_ratio_precond;hrv_rmssd_precond;eda_sd_precond;hr_med_precond;eeg_fl_hbeta_power_precond;eda_pkrate_precond"
2025-12-19 15:56:36.904841,7,"workload_label",7,256,0.03,0.61046511627907,0.627906976744186,0.611627906976744,7,"top7","eeg_ab_ratio_precond;eeg_tb_ratio_precond;hrv_rmssd_precond;eda_sd_precond;hr_med_precond;eeg_fl_hbeta_power_precond;eda_pkrate_precond"
2025-12-19 15:56:36.368488,7,"workload_label",7,2,0.06,0.61046511627907,0.656976744186046,0.609302325581395,7,"top7","eeg_ab_ratio_precond;eeg_tb_ratio_precond;hrv_rmssd_precond;eda_sd_precond;hr_med_precond;eeg_fl_hbeta_power_precond;eda_pkrate_precond"
2025-12-19 15:56:36.442503,7,"workload_label",7,4,0.06,0.598837209302326,0.645348837209302,0.587596899224806,7,"top7","eeg_ab_ratio_precond;eeg_tb_ratio_precond;hrv_rmssd_precond;eda_sd_precond;hr_med_precond;eeg_fl_hbeta_power_precond;eda_pkrate_precond"
2025-12-19 15:56:36.767224,7,"workload_label",7,8,0.06,0.604651162790698,0.627906976744186,0.577519379844961,7,"top7","eeg_ab_ratio_precond;eeg_tb_ratio_precond;hrv_rmssd_precond;eda_sd_precond;hr_med_precond;eeg_fl_hbeta_power_precond;eda_pkrate_precond"
2025-12-19 15:56:36.64749,7,"workload_label",7,16,0.06,0.546511627906977,0.633720930232558,NA,7,"top7","eeg_ab_ratio_precond;eeg_tb_ratio_precond;hrv_rmssd_precond;eda_sd_precond;hr_med_precond;eeg_fl_hbeta_power_precond;eda_pkrate_precond"
2025-12-19 15:56:36.768807,7,"workload_label",7,32,0.06,0.587209302325581,0.633720930232558,0.576744186046512,7,"top7","eeg_ab_ratio_precond;eeg_tb_ratio_precond;hrv_rmssd_precond;eda_sd_precond;hr_med_precond;eeg_fl_hbeta_power_precond;eda_pkrate_precond"
2025-12-19 15:56:36.931206,7,"workload_label",7,64,0.06,0.593023255813954,0.63953488372093,0.588372093023256,7,"top7","eeg_ab_ratio_precond;eeg_tb_ratio_precond;hrv_rmssd_precond;eda_sd_precond;hr_med_precond;eeg_fl_hbeta_power_precond;eda_pkrate_precond"
2025-12-19 15:56:37.28451,7,"workload_label",7,128,0.06,0.593023255813954,0.63953488372093,NA,7,"top7","eeg_ab_ratio_precond;eeg_tb_ratio_precond;hrv_rmssd_precond;eda_sd_precond;hr_med_precond;eeg_fl_hbeta_power_precond;eda_pkrate_precond"
2025-12-19 15:56:37.511572,7,"workload_label",7,256,0.06,0.587209302325581,0.61046511627907,NA,7,"top7","eeg_ab_ratio_precond;eeg_tb_ratio_precond;hrv_rmssd_precond;eda_sd_precond;hr_med_precond;eeg_fl_hbeta_power_precond;eda_pkrate_precond"
2025-12-19 15:56:37.062175,7,"workload_label",7,2,0.1,0.604651162790698,0.616279069767442,0.595348837209302,7,"top7","eeg_ab_ratio_precond;eeg_tb_ratio_precond;hrv_rmssd_precond;eda_sd_precond;hr_med_precond;eeg_fl_hbeta_power_precond;eda_pkrate_precond"
2025-12-19 15:56:37.155622,7,"workload_label",7,4,0.1,0.575581395348837,0.63953488372093,0.557364341085271,7,"top7","eeg_ab_ratio_precond;eeg_tb_ratio_precond;hrv_rmssd_precond;eda_sd_precond;hr_med_precond;eeg_fl_hbeta_power_precond;eda_pkrate_precond"
2025-12-19 15:56:37.260149,7,"workload_label",7,8,0.1,0.558139534883721,0.622093023255814,NA,7,"top7","eeg_ab_ratio_precond;eeg_tb_ratio_precond;hrv_rmssd_precond;eda_sd_precond;hr_med_precond;eeg_fl_hbeta_power_precond;eda_pkrate_precond"
2025-12-19 15:56:37.350781,7,"workload_label",7,16,0.1,0.587209302325581,0.622093023255814,0.573643410852713,7,"top7","eeg_ab_ratio_precond;eeg_tb_ratio_precond;hrv_rmssd_precond;eda_sd_precond;hr_med_precond;eeg_fl_hbeta_power_precond;eda_pkrate_precond"
2025-12-19 15:56:37.463187,7,"workload_label",7,32,0.1,0.587209302325581,0.627906976744186,NA,7,"top7","eeg_ab_ratio_precond;eeg_tb_ratio_precond;hrv_rmssd_precond;eda_sd_precond;hr_med_precond;eeg_fl_hbeta_power_precond;eda_pkrate_precond"
2025-12-19 15:56:37.592204,7,"workload_label",7,64,0.1,0.581395348837209,0.622093023255814,NA,7,"top7","eeg_ab_ratio_precond;eeg_tb_ratio_precond;hrv_rmssd_precond;eda_sd_precond;hr_med_precond;eeg_fl_hbeta_power_precond;eda_pkrate_precond"
2025-12-19 15:56:37.920313,7,"workload_label",7,128,0.1,0.563953488372093,0.593023255813954,NA,7,"top7","eeg_ab_ratio_precond;eeg_tb_ratio_precond;hrv_rmssd_precond;eda_sd_precond;hr_med_precond;eeg_fl_hbeta_power_precond;eda_pkrate_precond"
2025-12-19 15:56:37.969992,7,"workload_label",7,256,0.1,0.604651162790698,0.63953488372093,NA,7,"top7","eeg_ab_ratio_precond;eeg_tb_ratio_precond;hrv_rmssd_precond;eda_sd_precond;hr_med_precond;eeg_fl_hbeta_power_precond;eda_pkrate_precond"
2025-12-19 15:56:39.529003,9,"workload_label",7,2,0.0078125,0.627906976744186,0.651162790697674,0.602325581395349,7,"top7","eeg_tb_ratio_precond;eeg_ab_ratio_precond;hrv_rmssd_precond;eda_sd_precond;hr_med_precond;eeg_fl_hbeta_power_precond;eeg_tright_lbeta_power_precond"
2025-12-19 15:56:39.237989,9,"workload_label",7,4,0.0078125,0.627906976744186,0.627906976744186,0.608527131782946,7,"top7","eeg_tb_ratio_precond;eeg_ab_ratio_precond;hrv_rmssd_precond;eda_sd_precond;hr_med_precond;eeg_fl_hbeta_power_precond;eeg_tright_lbeta_power_precond"
2025-12-19 15:56:39.235736,9,"workload_label",7,8,0.0078125,0.616279069767442,0.622093023255814,0.587596899224806,7,"top7","eeg_tb_ratio_precond;eeg_ab_ratio_precond;hrv_rmssd_precond;eda_sd_precond;hr_med_precond;eeg_fl_hbeta_power_precond;eeg_tright_lbeta_power_precond"
2025-12-19 15:56:39.23089,9,"workload_label",7,16,0.0078125,0.581395348837209,0.604651162790698,0.555813953488372,7,"top7","eeg_tb_ratio_precond;eeg_ab_ratio_precond;hrv_rmssd_precond;eda_sd_precond;hr_med_precond;eeg_fl_hbeta_power_precond;eeg_tright_lbeta_power_precond"
2025-12-19 15:56:39.240121,9,"workload_label",7,32,0.0078125,0.569767441860465,0.581395348837209,0.562790697674419,7,"top7","eeg_tb_ratio_precond;eeg_ab_ratio_precond;hrv_rmssd_precond;eda_sd_precond;hr_med_precond;eeg_fl_hbeta_power_precond;eeg_tright_lbeta_power_precond"
2025-12-19 15:56:39.284613,9,"workload_label",7,64,0.0078125,0.581395348837209,0.622093023255814,0.577519379844961,7,"top7","eeg_tb_ratio_precond;eeg_ab_ratio_precond;hrv_rmssd_precond;eda_sd_precond;hr_med_precond;eeg_fl_hbeta_power_precond;eeg_tright_lbeta_power_precond"
2025-12-19 15:56:39.349132,9,"workload_label",7,128,0.0078125,0.587209302325581,0.63953488372093,0.586046511627907,7,"top7","eeg_tb_ratio_precond;eeg_ab_ratio_precond;hrv_rmssd_precond;eda_sd_precond;hr_med_precond;eeg_fl_hbeta_power_precond;eeg_tright_lbeta_power_precond"
2025-12-19 15:56:39.415127,9,"workload_label",7,256,0.0078125,0.569767441860465,0.645348837209302,0.564341085271318,7,"top7","eeg_tb_ratio_precond;eeg_ab_ratio_precond;hrv_rmssd_precond;eda_sd_precond;hr_med_precond;eeg_fl_hbeta_power_precond;eeg_tright_lbeta_power_precond"
2025-12-19 15:56:39.537476,9,"workload_label",7,2,0.015625,0.616279069767442,0.616279069767442,0.60077519379845,7,"top7","eeg_tb_ratio_precond;eeg_ab_ratio_precond;hrv_rmssd_precond;eda_sd_precond;hr_med_precond;eeg_fl_hbeta_power_precond;eeg_tright_lbeta_power_precond"
2025-12-19 15:56:39.20408,9,"workload_label",7,4,0.015625,0.61046511627907,0.622093023255814,0.588372093023256,7,"top7","eeg_tb_ratio_precond;eeg_ab_ratio_precond;hrv_rmssd_precond;eda_sd_precond;hr_med_precond;eeg_fl_hbeta_power_precond;eeg_tright_lbeta_power_precond"
2025-12-19 15:56:39.253529,9,"workload_label",7,8,0.015625,0.569767441860465,0.598837209302326,0.567441860465116,7,"top7","eeg_tb_ratio_precond;eeg_ab_ratio_precond;hrv_rmssd_precond;eda_sd_precond;hr_med_precond;eeg_fl_hbeta_power_precond;eeg_tright_lbeta_power_precond"
2025-12-19 15:56:39.525204,9,"workload_label",7,16,0.015625,0.581395348837209,0.616279069767442,0.57906976744186,7,"top7","eeg_tb_ratio_precond;eeg_ab_ratio_precond;hrv_rmssd_precond;eda_sd_precond;hr_med_precond;eeg_fl_hbeta_power_precond;eeg_tright_lbeta_power_precond"
2025-12-19 15:56:39.340717,9,"workload_label",7,32,0.015625,0.575581395348837,0.633720930232558,0.574418604651163,7,"top7","eeg_tb_ratio_precond;eeg_ab_ratio_precond;hrv_rmssd_precond;eda_sd_precond;hr_med_precond;eeg_fl_hbeta_power_precond;eeg_tright_lbeta_power_precond"
2025-12-19 15:56:39.310001,9,"workload_label",7,64,0.015625,0.558139534883721,0.633720930232558,0.552713178294574,7,"top7","eeg_tb_ratio_precond;eeg_ab_ratio_precond;hrv_rmssd_precond;eda_sd_precond;hr_med_precond;eeg_fl_hbeta_power_precond;eeg_tright_lbeta_power_precond"
2025-12-19 15:56:40.454174,9,"workload_label",7,128,0.015625,0.558139534883721,0.593023255813954,NA,7,"top7","eeg_tb_ratio_precond;eeg_ab_ratio_precond;hrv_rmssd_precond;eda_sd_precond;hr_med_precond;eeg_fl_hbeta_power_precond;eeg_tright_lbeta_power_precond"
2025-12-19 15:56:40.619919,9,"workload_label",7,256,0.015625,0.563953488372093,0.569767441860465,NA,7,"top7","eeg_tb_ratio_precond;eeg_ab_ratio_precond;hrv_rmssd_precond;eda_sd_precond;hr_med_precond;eeg_fl_hbeta_power_precond;eeg_tright_lbeta_power_precond"
2025-12-19 15:56:40.319958,9,"workload_label",7,2,0.03125,0.593023255813954,0.633720930232558,0.589147286821705,7,"top7","eeg_tb_ratio_precond;eeg_ab_ratio_precond;hrv_rmssd_precond;eda_sd_precond;hr_med_precond;eeg_fl_hbeta_power_precond;eeg_tright_lbeta_power_precond"
2025-12-19 15:56:40.301861,9,"workload_label",7,4,0.03125,0.587209302325581,0.604651162790698,0.588372093023256,7,"top7","eeg_tb_ratio_precond;eeg_ab_ratio_precond;hrv_rmssd_precond;eda_sd_precond;hr_med_precond;eeg_fl_hbeta_power_precond;eeg_tright_lbeta_power_precond"
2025-12-19 15:56:40.559475,9,"workload_label",7,8,0.03125,0.581395348837209,0.633720930232558,0.584496124031008,7,"top7","eeg_tb_ratio_precond;eeg_ab_ratio_precond;hrv_rmssd_precond;eda_sd_precond;hr_med_precond;eeg_fl_hbeta_power_precond;eeg_tright_lbeta_power_precond"
2025-12-19 15:56:40.400199,9,"workload_label",7,16,0.03125,0.575581395348837,0.622093023255814,0.57984496124031,7,"top7","eeg_tb_ratio_precond;eeg_ab_ratio_precond;hrv_rmssd_precond;eda_sd_precond;hr_med_precond;eeg_fl_hbeta_power_precond;eeg_tright_lbeta_power_precond"
2025-12-19 15:56:40.429449,9,"workload_label",7,32,0.03125,0.558139534883721,0.587209302325581,NA,7,"top7","eeg_tb_ratio_precond;eeg_ab_ratio_precond;hrv_rmssd_precond;eda_sd_precond;hr_med_precond;eeg_fl_hbeta_power_precond;eeg_tright_lbeta_power_precond"
2025-12-19 15:56:40.524033,9,"workload_label",7,64,0.03125,0.552325581395349,0.569767441860465,NA,7,"top7","eeg_tb_ratio_precond;eeg_ab_ratio_precond;hrv_rmssd_precond;eda_sd_precond;hr_med_precond;eeg_fl_hbeta_power_precond;eeg_tright_lbeta_power_precond"
2025-12-19 15:56:40.691077,9,"workload_label",7,128,0.03125,0.552325581395349,0.593023255813954,NA,7,"top7","eeg_tb_ratio_precond;eeg_ab_ratio_precond;hrv_rmssd_precond;eda_sd_precond;hr_med_precond;eeg_fl_hbeta_power_precond;eeg_tright_lbeta_power_precond"
2025-12-19 15:56:41.024773,9,"workload_label",7,256,0.03125,0.569767441860465,0.587209302325581,0.561240310077519,7,"top7","eeg_tb_ratio_precond;eeg_ab_ratio_precond;hrv_rmssd_precond;eda_sd_precond;hr_med_precond;eeg_fl_hbeta_power_precond;eeg_tright_lbeta_power_precond"
2025-12-19 15:56:40.489941,9,"workload_label",7,2,0.0625,0.581395348837209,0.61046511627907,0.588372093023256,7,"top7","eeg_tb_ratio_precond;eeg_ab_ratio_precond;hrv_rmssd_precond;eda_sd_precond;hr_med_precond;eeg_fl_hbeta_power_precond;eeg_tright_lbeta_power_precond"
2025-12-19 15:56:40.588032,9,"workload_label",7,4,0.0625,0.587209302325581,0.622093023255814,0.585271317829457,7,"top7","eeg_tb_ratio_precond;eeg_ab_ratio_precond;hrv_rmssd_precond;eda_sd_precond;hr_med_precond;eeg_fl_hbeta_power_precond;eeg_tright_lbeta_power_precond"
2025-12-19 15:56:40.616449,9,"workload_label",7,8,0.0625,0.575581395348837,0.598837209302326,NA,7,"top7","eeg_tb_ratio_precond;eeg_ab_ratio_precond;hrv_rmssd_precond;eda_sd_precond;hr_med_precond;eeg_fl_hbeta_power_precond;eeg_tright_lbeta_power_precond"
2025-12-19 15:56:40.622134,9,"workload_label",7,16,0.0625,0.534883720930233,0.581395348837209,NA,7,"top7","eeg_tb_ratio_precond;eeg_ab_ratio_precond;hrv_rmssd_precond;eda_sd_precond;hr_med_precond;eeg_fl_hbeta_power_precond;eeg_tright_lbeta_power_precond"
2025-12-19 15:56:41.535002,9,"workload_label",7,32,0.0625,0.529069767441861,0.593023255813954,NA,7,"top7","eeg_tb_ratio_precond;eeg_ab_ratio_precond;hrv_rmssd_precond;eda_sd_precond;hr_med_precond;eeg_fl_hbeta_power_precond;eeg_tright_lbeta_power_precond"
2025-12-19 15:56:41.684705,9,"workload_label",7,64,0.0625,0.534883720930233,0.593023255813954,0.536434108527132,7,"top7","eeg_tb_ratio_precond;eeg_ab_ratio_precond;hrv_rmssd_precond;eda_sd_precond;hr_med_precond;eeg_fl_hbeta_power_precond;eeg_tright_lbeta_power_precond"
2025-12-19 15:56:41.977837,9,"workload_label",7,128,0.0625,0.523255813953488,0.517441860465116,0.524031007751938,7,"top7","eeg_tb_ratio_precond;eeg_ab_ratio_precond;hrv_rmssd_precond;eda_sd_precond;hr_med_precond;eeg_fl_hbeta_power_precond;eeg_tright_lbeta_power_precond"
2025-12-19 15:56:42.364952,9,"workload_label",7,256,0.0625,0.534883720930233,0.511627906976744,0.525581395348837,7,"top7","eeg_tb_ratio_precond;eeg_ab_ratio_precond;hrv_rmssd_precond;eda_sd_precond;hr_med_precond;eeg_fl_hbeta_power_precond;eeg_tright_lbeta_power_precond"
2025-12-19 15:56:41.546445,9,"workload_label",7,2,0.125,0.569767441860465,0.622093023255814,0.572868217054264,7,"top7","eeg_tb_ratio_precond;eeg_ab_ratio_precond;hrv_rmssd_precond;eda_sd_precond;hr_med_precond;eeg_fl_hbeta_power_precond;eeg_tright_lbeta_power_precond"
2025-12-19 15:56:41.601009,9,"workload_label",7,4,0.125,0.546511627906977,0.616279069767442,NA,7,"top7","eeg_tb_ratio_precond;eeg_ab_ratio_precond;hrv_rmssd_precond;eda_sd_precond;hr_med_precond;eeg_fl_hbeta_power_precond;eeg_tright_lbeta_power_precond"
2025-12-19 15:56:41.663353,9,"workload_label",7,8,0.125,0.517441860465116,0.581395348837209,NA,7,"top7","eeg_tb_ratio_precond;eeg_ab_ratio_precond;hrv_rmssd_precond;eda_sd_precond;hr_med_precond;eeg_fl_hbeta_power_precond;eeg_tright_lbeta_power_precond"
2025-12-19 15:56:41.760697,9,"workload_label",7,16,0.125,0.5,0.540697674418605,NA,7,"top7","eeg_tb_ratio_precond;eeg_ab_ratio_precond;hrv_rmssd_precond;eda_sd_precond;hr_med_precond;eeg_fl_hbeta_power_precond;eeg_tright_lbeta_power_precond"
2025-12-19 15:56:41.856163,9,"workload_label",7,32,0.125,0.517441860465116,0.5,NA,7,"top7","eeg_tb_ratio_precond;eeg_ab_ratio_precond;hrv_rmssd_precond;eda_sd_precond;hr_med_precond;eeg_fl_hbeta_power_precond;eeg_tright_lbeta_power_precond"
2025-12-19 15:56:42.051383,9,"workload_label",7,64,0.125,0.505813953488372,0.482558139534884,NA,7,"top7","eeg_tb_ratio_precond;eeg_ab_ratio_precond;hrv_rmssd_precond;eda_sd_precond;hr_med_precond;eeg_fl_hbeta_power_precond;eeg_tright_lbeta_power_precond"
2025-12-19 15:56:42.204565,9,"workload_label",7,128,0.125,0.494186046511628,0.47093023255814,NA,7,"top7","eeg_tb_ratio_precond;eeg_ab_ratio_precond;hrv_rmssd_precond;eda_sd_precond;hr_med_precond;eeg_fl_hbeta_power_precond;eeg_tright_lbeta_power_precond"
2025-12-19 15:56:42.287547,9,"workload_label",7,256,0.125,0.517441860465116,0.418604651162791,NA,7,"top7","eeg_tb_ratio_precond;eeg_ab_ratio_precond;hrv_rmssd_precond;eda_sd_precond;hr_med_precond;eeg_fl_hbeta_power_precond;eeg_tright_lbeta_power_precond"
2025-12-19 15:56:41.763151,9,"workload_label",7,2,0.03,0.593023255813954,0.63953488372093,0.589147286821705,7,"top7","eeg_tb_ratio_precond;eeg_ab_ratio_precond;hrv_rmssd_precond;eda_sd_precond;hr_med_precond;eeg_fl_hbeta_power_precond;eeg_tright_lbeta_power_precond"
2025-12-19 15:56:42.092924,9,"workload_label",7,4,0.03,0.575581395348837,0.61046511627907,0.575193798449612,7,"top7","eeg_tb_ratio_precond;eeg_ab_ratio_precond;hrv_rmssd_precond;eda_sd_precond;hr_med_precond;eeg_fl_hbeta_power_precond;eeg_tright_lbeta_power_precond"
2025-12-19 15:56:42.572699,9,"workload_label",7,8,0.03,0.581395348837209,0.633720930232558,0.584496124031008,7,"top7","eeg_tb_ratio_precond;eeg_ab_ratio_precond;hrv_rmssd_precond;eda_sd_precond;hr_med_precond;eeg_fl_hbeta_power_precond;eeg_tright_lbeta_power_precond"
2025-12-19 15:56:42.630567,9,"workload_label",7,16,0.03,0.563953488372093,0.622093023255814,0.568217054263566,7,"top7","eeg_tb_ratio_precond;eeg_ab_ratio_precond;hrv_rmssd_precond;eda_sd_precond;hr_med_precond;eeg_fl_hbeta_power_precond;eeg_tright_lbeta_power_precond"
2025-12-19 15:56:42.678382,9,"workload_label",7,32,0.03,0.563953488372093,0.598837209302326,NA,7,"top7","eeg_tb_ratio_precond;eeg_ab_ratio_precond;hrv_rmssd_precond;eda_sd_precond;hr_med_precond;eeg_fl_hbeta_power_precond;eeg_tright_lbeta_power_precond"
2025-12-19 15:56:42.818634,9,"workload_label",7,64,0.03,0.563953488372093,0.569767441860465,NA,7,"top7","eeg_tb_ratio_precond;eeg_ab_ratio_precond;hrv_rmssd_precond;eda_sd_precond;hr_med_precond;eeg_fl_hbeta_power_precond;eeg_tright_lbeta_power_precond"
2025-12-19 15:56:43.006137,9,"workload_label",7,128,0.03,0.552325581395349,0.593023255813954,NA,7,"top7","eeg_tb_ratio_precond;eeg_ab_ratio_precond;hrv_rmssd_precond;eda_sd_precond;hr_med_precond;eeg_fl_hbeta_power_precond;eeg_tright_lbeta_power_precond"
2025-12-19 15:56:43.327246,9,"workload_label",7,256,0.03,0.575581395348837,0.598837209302326,0.564341085271318,7,"top7","eeg_tb_ratio_precond;eeg_ab_ratio_precond;hrv_rmssd_precond;eda_sd_precond;hr_med_precond;eeg_fl_hbeta_power_precond;eeg_tright_lbeta_power_precond"
2025-12-19 15:56:42.803079,9,"workload_label",7,2,0.06,0.587209302325581,0.616279069767442,0.592248062015504,7,"top7","eeg_tb_ratio_precond;eeg_ab_ratio_precond;hrv_rmssd_precond;eda_sd_precond;hr_med_precond;eeg_fl_hbeta_power_precond;eeg_tright_lbeta_power_precond"
2025-12-19 15:56:42.891796,9,"workload_label",7,4,0.06,0.587209302325581,0.622093023255814,0.585271317829457,7,"top7","eeg_tb_ratio_precond;eeg_ab_ratio_precond;hrv_rmssd_precond;eda_sd_precond;hr_med_precond;eeg_fl_hbeta_power_precond;eeg_tright_lbeta_power_precond"
2025-12-19 15:56:43.064955,9,"workload_label",7,8,0.06,0.581395348837209,0.593023255813954,NA,7,"top7","eeg_tb_ratio_precond;eeg_ab_ratio_precond;hrv_rmssd_precond;eda_sd_precond;hr_med_precond;eeg_fl_hbeta_power_precond;eeg_tright_lbeta_power_precond"
2025-12-19 15:56:43.112406,9,"workload_label",7,16,0.06,0.540697674418605,0.587209302325581,NA,7,"top7","eeg_tb_ratio_precond;eeg_ab_ratio_precond;hrv_rmssd_precond;eda_sd_precond;hr_med_precond;eeg_fl_hbeta_power_precond;eeg_tright_lbeta_power_precond"
2025-12-19 15:56:43.265477,9,"workload_label",7,32,0.06,0.546511627906977,0.598837209302326,NA,7,"top7","eeg_tb_ratio_precond;eeg_ab_ratio_precond;hrv_rmssd_precond;eda_sd_precond;hr_med_precond;eeg_fl_hbeta_power_precond;eeg_tright_lbeta_power_precond"
2025-12-19 15:56:43.471356,9,"workload_label",7,64,0.06,0.540697674418605,0.563953488372093,0.544186046511628,7,"top7","eeg_tb_ratio_precond;eeg_ab_ratio_precond;hrv_rmssd_precond;eda_sd_precond;hr_med_precond;eeg_fl_hbeta_power_precond;eeg_tright_lbeta_power_precond"
2025-12-19 15:56:43.685679,9,"workload_label",7,128,0.06,0.523255813953488,0.534883720930233,0.51937984496124,7,"top7","eeg_tb_ratio_precond;eeg_ab_ratio_precond;hrv_rmssd_precond;eda_sd_precond;hr_med_precond;eeg_fl_hbeta_power_precond;eeg_tright_lbeta_power_precond"
2025-12-19 15:56:43.977367,9,"workload_label",7,256,0.06,0.511627906976744,0.558139534883721,0.510077519379845,7,"top7","eeg_tb_ratio_precond;eeg_ab_ratio_precond;hrv_rmssd_precond;eda_sd_precond;hr_med_precond;eeg_fl_hbeta_power_precond;eeg_tright_lbeta_power_precond"
2025-12-19 15:56:43.597981,9,"workload_label",7,2,0.1,0.575581395348837,0.622093023255814,0.572868217054264,7,"top7","eeg_tb_ratio_precond;eeg_ab_ratio_precond;hrv_rmssd_precond;eda_sd_precond;hr_med_precond;eeg_fl_hbeta_power_precond;eeg_tright_lbeta_power_precond"
2025-12-19 15:56:43.63147,9,"workload_label",7,4,0.1,0.552325581395349,0.61046511627907,NA,7,"top7","eeg_tb_ratio_precond;eeg_ab_ratio_precond;hrv_rmssd_precond;eda_sd_precond;hr_med_precond;eeg_fl_hbeta_power_precond;eeg_tright_lbeta_power_precond"
2025-12-19 15:56:43.697732,9,"workload_label",7,8,0.1,0.529069767441861,0.575581395348837,NA,7,"top7","eeg_tb_ratio_precond;eeg_ab_ratio_precond;hrv_rmssd_precond;eda_sd_precond;hr_med_precond;eeg_fl_hbeta_power_precond;eeg_tright_lbeta_power_precond"
2025-12-19 15:56:43.792553,9,"workload_label",7,16,0.1,0.517441860465116,0.587209302325581,NA,7,"top7","eeg_tb_ratio_precond;eeg_ab_ratio_precond;hrv_rmssd_precond;eda_sd_precond;hr_med_precond;eeg_fl_hbeta_power_precond;eeg_tright_lbeta_power_precond"
2025-12-19 15:56:43.852106,9,"workload_label",7,32,0.1,0.494186046511628,0.534883720930233,NA,7,"top7","eeg_tb_ratio_precond;eeg_ab_ratio_precond;hrv_rmssd_precond;eda_sd_precond;hr_med_precond;eeg_fl_hbeta_power_precond;eeg_tright_lbeta_power_precond"
2025-12-19 15:56:44.022909,9,"workload_label",7,64,0.1,0.517441860465116,0.523255813953488,0.51937984496124,7,"top7","eeg_tb_ratio_precond;eeg_ab_ratio_precond;hrv_rmssd_precond;eda_sd_precond;hr_med_precond;eeg_fl_hbeta_power_precond;eeg_tright_lbeta_power_precond"
2025-12-19 15:56:44.363055,9,"workload_label",7,128,0.1,0.523255813953488,0.575581395348837,NA,7,"top7","eeg_tb_ratio_precond;eeg_ab_ratio_precond;hrv_rmssd_precond;eda_sd_precond;hr_med_precond;eeg_fl_hbeta_power_precond;eeg_tright_lbeta_power_precond"
2025-12-19 15:56:44.51833,9,"workload_label",7,256,0.1,0.505813953488372,0.383720930232558,NA,7,"top7","eeg_tb_ratio_precond;eeg_ab_ratio_precond;hrv_rmssd_precond;eda_sd_precond;hr_med_precond;eeg_fl_hbeta_power_precond;eeg_tright_lbeta_power_precond"
2025-12-19 15:56:45.785633,10,"workload_label",7,2,0.0078125,0.616279069767442,0.633720930232558,0.592248062015504,7,"top7","eeg_tb_ratio_precond;eeg_ab_ratio_precond;hrv_rmssd_precond;eda_sd_precond;hr_med_precond;eeg_fl_hbeta_power_precond;eeg_tright_lbeta_power_precond"
2025-12-19 15:56:45.762821,10,"workload_label",7,4,0.0078125,0.63953488372093,0.633720930232558,0.617054263565891,7,"top7","eeg_tb_ratio_precond;eeg_ab_ratio_precond;hrv_rmssd_precond;eda_sd_precond;hr_med_precond;eeg_fl_hbeta_power_precond;eeg_tright_lbeta_power_precond"
2025-12-19 15:56:45.749465,10,"workload_label",7,8,0.0078125,0.604651162790698,0.61046511627907,0.589147286821705,7,"top7","eeg_tb_ratio_precond;eeg_ab_ratio_precond;hrv_rmssd_precond;eda_sd_precond;hr_med_precond;eeg_fl_hbeta_power_precond;eeg_tright_lbeta_power_precond"
2025-12-19 15:56:45.773021,10,"workload_label",7,16,0.0078125,0.569767441860465,0.61046511627907,0.551937984496124,7,"top7","eeg_tb_ratio_precond;eeg_ab_ratio_precond;hrv_rmssd_precond;eda_sd_precond;hr_med_precond;eeg_fl_hbeta_power_precond;eeg_tright_lbeta_power_precond"
2025-12-19 15:56:45.78922,10,"workload_label",7,32,0.0078125,0.558139534883721,0.587209302325581,0.546511627906977,7,"top7","eeg_tb_ratio_precond;eeg_ab_ratio_precond;hrv_rmssd_precond;eda_sd_precond;hr_med_precond;eeg_fl_hbeta_power_precond;eeg_tright_lbeta_power_precond"
2025-12-19 15:56:45.822327,10,"workload_label",7,64,0.0078125,0.552325581395349,0.61046511627907,0.552713178294574,7,"top7","eeg_tb_ratio_precond;eeg_ab_ratio_precond;hrv_rmssd_precond;eda_sd_precond;hr_med_precond;eeg_fl_hbeta_power_precond;eeg_tright_lbeta_power_precond"
2025-12-19 15:56:45.833708,10,"workload_label",7,128,0.0078125,0.563953488372093,0.616279069767442,0.556589147286822,7,"top7","eeg_tb_ratio_precond;eeg_ab_ratio_precond;hrv_rmssd_precond;eda_sd_precond;hr_med_precond;eeg_fl_hbeta_power_precond;eeg_tright_lbeta_power_precond"
2025-12-19 15:56:45.941212,10,"workload_label",7,256,0.0078125,0.558139534883721,0.627906976744186,0.552713178294574,7,"top7","eeg_tb_ratio_precond;eeg_ab_ratio_precond;hrv_rmssd_precond;eda_sd_precond;hr_med_precond;eeg_fl_hbeta_power_precond;eeg_tright_lbeta_power_precond"
2025-12-19 15:56:45.760495,10,"workload_label",7,2,0.015625,0.633720930232558,0.633720930232558,0.613178294573643,7,"top7","eeg_tb_ratio_precond;eeg_ab_ratio_precond;hrv_rmssd_precond;eda_sd_precond;hr_med_precond;eeg_fl_hbeta_power_precond;eeg_tright_lbeta_power_precond"
2025-12-19 15:56:45.754825,10,"workload_label",7,4,0.015625,0.593023255813954,0.61046511627907,0.584496124031008,7,"top7","eeg_tb_ratio_precond;eeg_ab_ratio_precond;hrv_rmssd_precond;eda_sd_precond;hr_med_precond;eeg_fl_hbeta_power_precond;eeg_tright_lbeta_power_precond"
2025-12-19 15:56:45.776364,10,"workload_label",7,8,0.015625,0.563953488372093,0.598837209302326,0.558914728682171,7,"top7","eeg_tb_ratio_precond;eeg_ab_ratio_precond;hrv_rmssd_precond;eda_sd_precond;hr_med_precond;eeg_fl_hbeta_power_precond;eeg_tright_lbeta_power_precond"
2025-12-19 15:56:45.765761,10,"workload_label",7,16,0.015625,0.558139534883721,0.61046511627907,0.562015503875969,7,"top7","eeg_tb_ratio_precond;eeg_ab_ratio_precond;hrv_rmssd_precond;eda_sd_precond;hr_med_precond;eeg_fl_hbeta_power_precond;eeg_tright_lbeta_power_precond"
2025-12-19 15:56:45.77297,10,"workload_label",7,32,0.015625,0.569767441860465,0.616279069767442,0.568217054263566,7,"top7","eeg_tb_ratio_precond;eeg_ab_ratio_precond;hrv_rmssd_precond;eda_sd_precond;hr_med_precond;eeg_fl_hbeta_power_precond;eeg_tright_lbeta_power_precond"
2025-12-19 15:56:45.831753,10,"workload_label",7,64,0.015625,0.569767441860465,0.633720930232558,0.561240310077519,7,"top7","eeg_tb_ratio_precond;eeg_ab_ratio_precond;hrv_rmssd_precond;eda_sd_precond;hr_med_precond;eeg_fl_hbeta_power_precond;eeg_tright_lbeta_power_precond"
2025-12-19 15:56:46.992649,10,"workload_label",7,128,0.015625,0.563953488372093,0.616279069767442,NA,7,"top7","eeg_tb_ratio_precond;eeg_ab_ratio_precond;hrv_rmssd_precond;eda_sd_precond;hr_med_precond;eeg_fl_hbeta_power_precond;eeg_tright_lbeta_power_precond"
2025-12-19 15:56:47.154999,10,"workload_label",7,256,0.015625,0.575581395348837,0.616279069767442,NA,7,"top7","eeg_tb_ratio_precond;eeg_ab_ratio_precond;hrv_rmssd_precond;eda_sd_precond;hr_med_precond;eeg_fl_hbeta_power_precond;eeg_tright_lbeta_power_precond"
2025-12-19 15:56:46.793519,10,"workload_label",7,2,0.03125,0.575581395348837,0.616279069767442,0.577519379844961,7,"top7","eeg_tb_ratio_precond;eeg_ab_ratio_precond;hrv_rmssd_precond;eda_sd_precond;hr_med_precond;eeg_fl_hbeta_power_precond;eeg_tright_lbeta_power_precond"
2025-12-19 15:56:46.805284,10,"workload_label",7,4,0.03125,0.563953488372093,0.622093023255814,0.571317829457364,7,"top7","eeg_tb_ratio_precond;eeg_ab_ratio_precond;hrv_rmssd_precond;eda_sd_precond;hr_med_precond;eeg_fl_hbeta_power_precond;eeg_tright_lbeta_power_precond"
2025-12-19 15:56:46.807052,10,"workload_label",7,8,0.03125,0.575581395348837,0.622093023255814,0.572093023255814,7,"top7","eeg_tb_ratio_precond;eeg_ab_ratio_precond;hrv_rmssd_precond;eda_sd_precond;hr_med_precond;eeg_fl_hbeta_power_precond;eeg_tright_lbeta_power_precond"
2025-12-19 15:56:46.83598,10,"workload_label",7,16,0.03125,0.581395348837209,0.633720930232558,0.576744186046512,7,"top7","eeg_tb_ratio_precond;eeg_ab_ratio_precond;hrv_rmssd_precond;eda_sd_precond;hr_med_precond;eeg_fl_hbeta_power_precond;eeg_tright_lbeta_power_precond"
2025-12-19 15:56:46.898697,10,"workload_label",7,32,0.03125,0.581395348837209,0.593023255813954,NA,7,"top7","eeg_tb_ratio_precond;eeg_ab_ratio_precond;hrv_rmssd_precond;eda_sd_precond;hr_med_precond;eeg_fl_hbeta_power_precond;eeg_tright_lbeta_power_precond"
2025-12-19 15:56:46.980947,10,"workload_label",7,64,0.03125,0.558139534883721,0.61046511627907,NA,7,"top7","eeg_tb_ratio_precond;eeg_ab_ratio_precond;hrv_rmssd_precond;eda_sd_precond;hr_med_precond;eeg_fl_hbeta_power_precond;eeg_tright_lbeta_power_precond"
2025-12-19 15:56:47.162798,10,"workload_label",7,128,0.03125,0.558139534883721,0.604651162790698,NA,7,"top7","eeg_tb_ratio_precond;eeg_ab_ratio_precond;hrv_rmssd_precond;eda_sd_precond;hr_med_precond;eeg_fl_hbeta_power_precond;eeg_tright_lbeta_power_precond"
2025-12-19 15:56:47.430253,10,"workload_label",7,256,0.03125,0.540697674418605,0.569767441860465,NA,7,"top7","eeg_tb_ratio_precond;eeg_ab_ratio_precond;hrv_rmssd_precond;eda_sd_precond;hr_med_precond;eeg_fl_hbeta_power_precond;eeg_tright_lbeta_power_precond"
2025-12-19 15:56:46.846406,10,"workload_label",7,2,0.0625,0.575581395348837,0.616279069767442,0.570542635658915,7,"top7","eeg_tb_ratio_precond;eeg_ab_ratio_precond;hrv_rmssd_precond;eda_sd_precond;hr_med_precond;eeg_fl_hbeta_power_precond;eeg_tright_lbeta_power_precond"
2025-12-19 15:56:46.886611,10,"workload_label",7,4,0.0625,0.587209302325581,0.61046511627907,0.57984496124031,7,"top7","eeg_tb_ratio_precond;eeg_ab_ratio_precond;hrv_rmssd_precond;eda_sd_precond;hr_med_precond;eeg_fl_hbeta_power_precond;eeg_tright_lbeta_power_precond"
2025-12-19 15:56:46.897793,10,"workload_label",7,8,0.0625,0.587209302325581,0.616279069767442,NA,7,"top7","eeg_tb_ratio_precond;eeg_ab_ratio_precond;hrv_rmssd_precond;eda_sd_precond;hr_med_precond;eeg_fl_hbeta_power_precond;eeg_tright_lbeta_power_precond"
2025-12-19 15:56:47.063711,10,"workload_label",7,16,0.0625,0.569767441860465,0.622093023255814,NA,7,"top7","eeg_tb_ratio_precond;eeg_ab_ratio_precond;hrv_rmssd_precond;eda_sd_precond;hr_med_precond;eeg_fl_hbeta_power_precond;eeg_tright_lbeta_power_precond"
2025-12-19 15:56:47.961909,10,"workload_label",7,32,0.0625,0.534883720930233,0.587209302325581,NA,7,"top7","eeg_tb_ratio_precond;eeg_ab_ratio_precond;hrv_rmssd_precond;eda_sd_precond;hr_med_precond;eeg_fl_hbeta_power_precond;eeg_tright_lbeta_power_precond"
2025-12-19 15:56:48.137701,10,"workload_label",7,64,0.0625,0.552325581395349,0.569767441860465,NA,7,"top7","eeg_tb_ratio_precond;eeg_ab_ratio_precond;hrv_rmssd_precond;eda_sd_precond;hr_med_precond;eeg_fl_hbeta_power_precond;eeg_tright_lbeta_power_precond"
2025-12-19 15:56:48.332271,10,"workload_label",7,128,0.0625,0.552325581395349,0.581395348837209,0.546511627906977,7,"top7","eeg_tb_ratio_precond;eeg_ab_ratio_precond;hrv_rmssd_precond;eda_sd_precond;hr_med_precond;eeg_fl_hbeta_power_precond;eeg_tright_lbeta_power_precond"
2025-12-19 15:56:48.750139,10,"workload_label",7,256,0.0625,0.581395348837209,0.505813953488372,NA,7,"top7","eeg_tb_ratio_precond;eeg_ab_ratio_precond;hrv_rmssd_precond;eda_sd_precond;hr_med_precond;eeg_fl_hbeta_power_precond;eeg_tright_lbeta_power_precond"
2025-12-19 15:56:47.852294,10,"workload_label",7,2,0.125,0.598837209302326,0.616279069767442,0.596124031007752,7,"top7","eeg_tb_ratio_precond;eeg_ab_ratio_precond;hrv_rmssd_precond;eda_sd_precond;hr_med_precond;eeg_fl_hbeta_power_precond;eeg_tright_lbeta_power_precond"
2025-12-19 15:56:47.967845,10,"workload_label",7,4,0.125,0.569767441860465,0.622093023255814,NA,7,"top7","eeg_tb_ratio_precond;eeg_ab_ratio_precond;hrv_rmssd_precond;eda_sd_precond;hr_med_precond;eeg_fl_hbeta_power_precond;eeg_tright_lbeta_power_precond"
2025-12-19 15:56:47.995514,10,"workload_label",7,8,0.125,0.558139534883721,0.616279069767442,NA,7,"top7","eeg_tb_ratio_precond;eeg_ab_ratio_precond;hrv_rmssd_precond;eda_sd_precond;hr_med_precond;eeg_fl_hbeta_power_precond;eeg_tright_lbeta_power_precond"
2025-12-19 15:56:48.044811,10,"workload_label",7,16,0.125,0.552325581395349,0.581395348837209,NA,7,"top7","eeg_tb_ratio_precond;eeg_ab_ratio_precond;hrv_rmssd_precond;eda_sd_precond;hr_med_precond;eeg_fl_hbeta_power_precond;eeg_tright_lbeta_power_precond"
2025-12-19 15:56:48.199106,10,"workload_label",7,32,0.125,0.558139534883721,0.552325581395349,NA,7,"top7","eeg_tb_ratio_precond;eeg_ab_ratio_precond;hrv_rmssd_precond;eda_sd_precond;hr_med_precond;eeg_fl_hbeta_power_precond;eeg_tright_lbeta_power_precond"
2025-12-19 15:56:48.40424,10,"workload_label",7,64,0.125,0.587209302325581,0.523255813953488,NA,7,"top7","eeg_tb_ratio_precond;eeg_ab_ratio_precond;hrv_rmssd_precond;eda_sd_precond;hr_med_precond;eeg_fl_hbeta_power_precond;eeg_tright_lbeta_power_precond"
2025-12-19 15:56:48.58342,10,"workload_label",7,128,0.125,0.540697674418605,0.465116279069767,NA,7,"top7","eeg_tb_ratio_precond;eeg_ab_ratio_precond;hrv_rmssd_precond;eda_sd_precond;hr_med_precond;eeg_fl_hbeta_power_precond;eeg_tright_lbeta_power_precond"
2025-12-19 15:56:48.721509,10,"workload_label",7,256,0.125,0.523255813953488,0.488372093023256,NA,7,"top7","eeg_tb_ratio_precond;eeg_ab_ratio_precond;hrv_rmssd_precond;eda_sd_precond;hr_med_precond;eeg_fl_hbeta_power_precond;eeg_tright_lbeta_power_precond"
2025-12-19 15:56:48.19968,10,"workload_label",7,2,0.03,0.581395348837209,0.622093023255814,0.582170542635659,7,"top7","eeg_tb_ratio_precond;eeg_ab_ratio_precond;hrv_rmssd_precond;eda_sd_precond;hr_med_precond;eeg_fl_hbeta_power_precond;eeg_tright_lbeta_power_precond"
2025-12-19 15:56:48.454397,10,"workload_label",7,4,0.03,0.569767441860465,0.616279069767442,0.575193798449612,7,"top7","eeg_tb_ratio_precond;eeg_ab_ratio_precond;hrv_rmssd_precond;eda_sd_precond;hr_med_precond;eeg_fl_hbeta_power_precond;eeg_tright_lbeta_power_precond"
2025-12-19 15:56:48.912058,10,"workload_label",7,8,0.03,0.569767441860465,0.622093023255814,0.568217054263566,7,"top7","eeg_tb_ratio_precond;eeg_ab_ratio_precond;hrv_rmssd_precond;eda_sd_precond;hr_med_precond;eeg_fl_hbeta_power_precond;eeg_tright_lbeta_power_precond"
2025-12-19 15:56:49.019252,10,"workload_label",7,16,0.03,0.581395348837209,0.627906976744186,0.576744186046512,7,"top7","eeg_tb_ratio_precond;eeg_ab_ratio_precond;hrv_rmssd_precond;eda_sd_precond;hr_med_precond;eeg_fl_hbeta_power_precond;eeg_tright_lbeta_power_precond"
2025-12-19 15:56:49.055784,10,"workload_label",7,32,0.03,0.575581395348837,0.598837209302326,NA,7,"top7","eeg_tb_ratio_precond;eeg_ab_ratio_precond;hrv_rmssd_precond;eda_sd_precond;hr_med_precond;eeg_fl_hbeta_power_precond;eeg_tright_lbeta_power_precond"
2025-12-19 15:56:49.206858,10,"workload_label",7,64,0.03,0.558139534883721,0.61046511627907,NA,7,"top7","eeg_tb_ratio_precond;eeg_ab_ratio_precond;hrv_rmssd_precond;eda_sd_precond;hr_med_precond;eeg_fl_hbeta_power_precond;eeg_tright_lbeta_power_precond"
2025-12-19 15:56:49.369235,10,"workload_label",7,128,0.03,0.558139534883721,0.598837209302326,NA,7,"top7","eeg_tb_ratio_precond;eeg_ab_ratio_precond;hrv_rmssd_precond;eda_sd_precond;hr_med_precond;eeg_fl_hbeta_power_precond;eeg_tright_lbeta_power_precond"
2025-12-19 15:56:49.766671,10,"workload_label",7,256,0.03,0.546511627906977,0.563953488372093,NA,7,"top7","eeg_tb_ratio_precond;eeg_ab_ratio_precond;hrv_rmssd_precond;eda_sd_precond;hr_med_precond;eeg_fl_hbeta_power_precond;eeg_tright_lbeta_power_precond"
2025-12-19 15:56:49.234935,10,"workload_label",7,2,0.06,0.581395348837209,0.61046511627907,0.57984496124031,7,"top7","eeg_tb_ratio_precond;eeg_ab_ratio_precond;hrv_rmssd_precond;eda_sd_precond;hr_med_precond;eeg_fl_hbeta_power_precond;eeg_tright_lbeta_power_precond"
2025-12-19 15:56:49.218014,10,"workload_label",7,4,0.06,0.581395348837209,0.616279069767442,0.575968992248062,7,"top7","eeg_tb_ratio_precond;eeg_ab_ratio_precond;hrv_rmssd_precond;eda_sd_precond;hr_med_precond;eeg_fl_hbeta_power_precond;eeg_tright_lbeta_power_precond"
2025-12-19 15:56:49.409774,10,"workload_label",7,8,0.06,0.587209302325581,0.61046511627907,NA,7,"top7","eeg_tb_ratio_precond;eeg_ab_ratio_precond;hrv_rmssd_precond;eda_sd_precond;hr_med_precond;eeg_fl_hbeta_power_precond;eeg_tright_lbeta_power_precond"
2025-12-19 15:56:49.511685,10,"workload_label",7,16,0.06,0.569767441860465,0.622093023255814,NA,7,"top7","eeg_tb_ratio_precond;eeg_ab_ratio_precond;hrv_rmssd_precond;eda_sd_precond;hr_med_precond;eeg_fl_hbeta_power_precond;eeg_tright_lbeta_power_precond"
2025-12-19 15:56:49.607302,10,"workload_label",7,32,0.06,0.540697674418605,0.587209302325581,NA,7,"top7","eeg_tb_ratio_precond;eeg_ab_ratio_precond;hrv_rmssd_precond;eda_sd_precond;hr_med_precond;eeg_fl_hbeta_power_precond;eeg_tright_lbeta_power_precond"
2025-12-19 15:56:49.857434,10,"workload_label",7,64,0.06,0.552325581395349,0.581395348837209,NA,7,"top7","eeg_tb_ratio_precond;eeg_ab_ratio_precond;hrv_rmssd_precond;eda_sd_precond;hr_med_precond;eeg_fl_hbeta_power_precond;eeg_tright_lbeta_power_precond"
2025-12-19 15:56:50.143702,10,"workload_label",7,128,0.06,0.569767441860465,0.569767441860465,0.556589147286822,7,"top7","eeg_tb_ratio_precond;eeg_ab_ratio_precond;hrv_rmssd_precond;eda_sd_precond;hr_med_precond;eeg_fl_hbeta_power_precond;eeg_tright_lbeta_power_precond"
2025-12-19 15:56:50.422142,10,"workload_label",7,256,0.06,0.581395348837209,0.569767441860465,NA,7,"top7","eeg_tb_ratio_precond;eeg_ab_ratio_precond;hrv_rmssd_precond;eda_sd_precond;hr_med_precond;eeg_fl_hbeta_power_precond;eeg_tright_lbeta_power_precond"
2025-12-19 15:56:50.063046,10,"workload_label",7,2,0.1,0.593023255813954,0.616279069767442,0.593798449612403,7,"top7","eeg_tb_ratio_precond;eeg_ab_ratio_precond;hrv_rmssd_precond;eda_sd_precond;hr_med_precond;eeg_fl_hbeta_power_precond;eeg_tright_lbeta_power_precond"
2025-12-19 15:56:50.018678,10,"workload_label",7,4,0.1,0.581395348837209,0.627906976744186,NA,7,"top7","eeg_tb_ratio_precond;eeg_ab_ratio_precond;hrv_rmssd_precond;eda_sd_precond;hr_med_precond;eeg_fl_hbeta_power_precond;eeg_tright_lbeta_power_precond"
2025-12-19 15:56:50.056945,10,"workload_label",7,8,0.1,0.558139534883721,0.622093023255814,NA,7,"top7","eeg_tb_ratio_precond;eeg_ab_ratio_precond;hrv_rmssd_precond;eda_sd_precond;hr_med_precond;eeg_fl_hbeta_power_precond;eeg_tright_lbeta_power_precond"
2025-12-19 15:56:50.223368,10,"workload_label",7,16,0.1,0.563953488372093,0.593023255813954,NA,7,"top7","eeg_tb_ratio_precond;eeg_ab_ratio_precond;hrv_rmssd_precond;eda_sd_precond;hr_med_precond;eeg_fl_hbeta_power_precond;eeg_tright_lbeta_power_precond"
2025-12-19 15:56:50.286872,10,"workload_label",7,32,0.1,0.546511627906977,0.575581395348837,NA,7,"top7","eeg_tb_ratio_precond;eeg_ab_ratio_precond;hrv_rmssd_precond;eda_sd_precond;hr_med_precond;eeg_fl_hbeta_power_precond;eeg_tright_lbeta_power_precond"
2025-12-19 15:56:50.393739,10,"workload_label",7,64,0.1,0.575581395348837,0.523255813953488,0.572093023255814,7,"top7","eeg_tb_ratio_precond;eeg_ab_ratio_precond;hrv_rmssd_precond;eda_sd_precond;hr_med_precond;eeg_fl_hbeta_power_precond;eeg_tright_lbeta_power_precond"
2025-12-19 15:56:50.562168,10,"workload_label",7,128,0.1,0.563953488372093,0.482558139534884,NA,7,"top7","eeg_tb_ratio_precond;eeg_ab_ratio_precond;hrv_rmssd_precond;eda_sd_precond;hr_med_precond;eeg_fl_hbeta_power_precond;eeg_tright_lbeta_power_precond"
2025-12-19 15:56:50.676452,10,"workload_label",7,256,0.1,0.534883720930233,0.517441860465116,NA,7,"top7","eeg_tb_ratio_precond;eeg_ab_ratio_precond;hrv_rmssd_precond;eda_sd_precond;hr_med_precond;eeg_fl_hbeta_power_precond;eeg_tright_lbeta_power_precond"
2025-12-19 15:56:51.945218,11,"workload_label",7,2,0.0078125,0.622093023255814,0.622093023255814,0.591472868217054,7,"top7","eeg_tb_ratio_precond;eeg_ab_ratio_precond;hrv_rmssd_precond;eda_sd_precond;hr_med_precond;eeg_fl_hbeta_power_precond;eeg_tright_lbeta_power_precond"
2025-12-19 15:56:51.927062,11,"workload_label",7,4,0.0078125,0.627906976744186,0.645348837209302,0.606201550387597,7,"top7","eeg_tb_ratio_precond;eeg_ab_ratio_precond;hrv_rmssd_precond;eda_sd_precond;hr_med_precond;eeg_fl_hbeta_power_precond;eeg_tright_lbeta_power_precond"
2025-12-19 15:56:51.964562,11,"workload_label",7,8,0.0078125,0.616279069767442,0.651162790697674,0.596899224806202,7,"top7","eeg_tb_ratio_precond;eeg_ab_ratio_precond;hrv_rmssd_precond;eda_sd_precond;hr_med_precond;eeg_fl_hbeta_power_precond;eeg_tright_lbeta_power_precond"
2025-12-19 15:56:51.922013,11,"workload_label",7,16,0.0078125,0.61046511627907,0.622093023255814,0.588372093023256,7,"top7","eeg_tb_ratio_precond;eeg_ab_ratio_precond;hrv_rmssd_precond;eda_sd_precond;hr_med_precond;eeg_fl_hbeta_power_precond;eeg_tright_lbeta_power_precond"
2025-12-19 15:56:51.928529,11,"workload_label",7,32,0.0078125,0.575581395348837,0.61046511627907,0.565116279069767,7,"top7","eeg_tb_ratio_precond;eeg_ab_ratio_precond;hrv_rmssd_precond;eda_sd_precond;hr_med_precond;eeg_fl_hbeta_power_precond;eeg_tright_lbeta_power_precond"
2025-12-19 15:56:51.968197,11,"workload_label",7,64,0.0078125,0.563953488372093,0.622093023255814,0.562790697674419,7,"top7","eeg_tb_ratio_precond;eeg_ab_ratio_precond;hrv_rmssd_precond;eda_sd_precond;hr_med_precond;eeg_fl_hbeta_power_precond;eeg_tright_lbeta_power_precond"
2025-12-19 15:56:52.009568,11,"workload_label",7,128,0.0078125,0.569767441860465,0.622093023255814,0.577519379844961,7,"top7","eeg_tb_ratio_precond;eeg_ab_ratio_precond;hrv_rmssd_precond;eda_sd_precond;hr_med_precond;eeg_fl_hbeta_power_precond;eeg_tright_lbeta_power_precond"
2025-12-19 15:56:52.128385,11,"workload_label",7,256,0.0078125,0.529069767441861,0.627906976744186,0.534108527131783,7,"top7","eeg_tb_ratio_precond;eeg_ab_ratio_precond;hrv_rmssd_precond;eda_sd_precond;hr_med_precond;eeg_fl_hbeta_power_precond;eeg_tright_lbeta_power_precond"
2025-12-19 15:56:51.97495,11,"workload_label",7,2,0.015625,0.633720930232558,0.63953488372093,0.610077519379845,7,"top7","eeg_tb_ratio_precond;eeg_ab_ratio_precond;hrv_rmssd_precond;eda_sd_precond;hr_med_precond;eeg_fl_hbeta_power_precond;eeg_tright_lbeta_power_precond"
2025-12-19 15:56:51.93221,11,"workload_label",7,4,0.015625,0.622093023255814,0.627906976744186,0.606201550387597,7,"top7","eeg_tb_ratio_precond;eeg_ab_ratio_precond;hrv_rmssd_precond;eda_sd_precond;hr_med_precond;eeg_fl_hbeta_power_precond;eeg_tright_lbeta_power_precond"
2025-12-19 15:56:51.947204,11,"workload_label",7,8,0.015625,0.581395348837209,0.616279069767442,0.57984496124031,7,"top7","eeg_tb_ratio_precond;eeg_ab_ratio_precond;hrv_rmssd_precond;eda_sd_precond;hr_med_precond;eeg_fl_hbeta_power_precond;eeg_tright_lbeta_power_precond"
2025-12-19 15:56:51.91554,11,"workload_label",7,16,0.015625,0.563953488372093,0.604651162790698,0.569767441860465,7,"top7","eeg_tb_ratio_precond;eeg_ab_ratio_precond;hrv_rmssd_precond;eda_sd_precond;hr_med_precond;eeg_fl_hbeta_power_precond;eeg_tright_lbeta_power_precond"
2025-12-19 15:56:51.990825,11,"workload_label",7,32,0.015625,0.569767441860465,0.622093023255814,0.577519379844961,7,"top7","eeg_tb_ratio_precond;eeg_ab_ratio_precond;hrv_rmssd_precond;eda_sd_precond;hr_med_precond;eeg_fl_hbeta_power_precond;eeg_tright_lbeta_power_precond"
2025-12-19 15:56:52.004101,11,"workload_label",7,64,0.015625,0.540697674418605,0.616279069767442,0.553488372093023,7,"top7","eeg_tb_ratio_precond;eeg_ab_ratio_precond;hrv_rmssd_precond;eda_sd_precond;hr_med_precond;eeg_fl_hbeta_power_precond;eeg_tright_lbeta_power_precond"
2025-12-19 15:56:53.119955,11,"workload_label",7,128,0.015625,0.534883720930233,0.593023255813954,NA,7,"top7","eeg_tb_ratio_precond;eeg_ab_ratio_precond;hrv_rmssd_precond;eda_sd_precond;hr_med_precond;eeg_fl_hbeta_power_precond;eeg_tright_lbeta_power_precond"
2025-12-19 15:56:53.329097,11,"workload_label",7,256,0.015625,0.529069767441861,0.546511627906977,NA,7,"top7","eeg_tb_ratio_precond;eeg_ab_ratio_precond;hrv_rmssd_precond;eda_sd_precond;hr_med_precond;eeg_fl_hbeta_power_precond;eeg_tright_lbeta_power_precond"
2025-12-19 15:56:52.974503,11,"workload_label",7,2,0.03125,0.587209302325581,0.622093023255814,0.586046511627907,7,"top7","eeg_tb_ratio_precond;eeg_ab_ratio_precond;hrv_rmssd_precond;eda_sd_precond;hr_med_precond;eeg_fl_hbeta_power_precond;eeg_tright_lbeta_power_precond"
2025-12-19 15:56:53.024649,11,"workload_label",7,4,0.03125,0.552325581395349,0.598837209302326,0.558139534883721,7,"top7","eeg_tb_ratio_precond;eeg_ab_ratio_precond;hrv_rmssd_precond;eda_sd_precond;hr_med_precond;eeg_fl_hbeta_power_precond;eeg_tright_lbeta_power_precond"
2025-12-19 15:56:52.984038,11,"workload_label",7,8,0.03125,0.575581395348837,0.627906976744186,0.586046511627907,7,"top7","eeg_tb_ratio_precond;eeg_ab_ratio_precond;hrv_rmssd_precond;eda_sd_precond;hr_med_precond;eeg_fl_hbeta_power_precond;eeg_tright_lbeta_power_precond"
2025-12-19 15:56:53.033787,11,"workload_label",7,16,0.03125,0.540697674418605,0.587209302325581,0.542635658914729,7,"top7","eeg_tb_ratio_precond;eeg_ab_ratio_precond;hrv_rmssd_precond;eda_sd_precond;hr_med_precond;eeg_fl_hbeta_power_precond;eeg_tright_lbeta_power_precond"
2025-12-19 15:56:53.05938,11,"workload_label",7,32,0.03125,0.534883720930233,0.569767441860465,NA,7,"top7","eeg_tb_ratio_precond;eeg_ab_ratio_precond;hrv_rmssd_precond;eda_sd_precond;hr_med_precond;eeg_fl_hbeta_power_precond;eeg_tright_lbeta_power_precond"
2025-12-19 15:56:53.168706,11,"workload_label",7,64,0.03125,0.529069767441861,0.552325581395349,NA,7,"top7","eeg_tb_ratio_precond;eeg_ab_ratio_precond;hrv_rmssd_precond;eda_sd_precond;hr_med_precond;eeg_fl_hbeta_power_precond;eeg_tright_lbeta_power_precond"
2025-12-19 15:56:53.310304,11,"workload_label",7,128,0.03125,0.523255813953488,0.575581395348837,0.5,7,"top7","eeg_tb_ratio_precond;eeg_ab_ratio_precond;hrv_rmssd_precond;eda_sd_precond;hr_med_precond;eeg_fl_hbeta_power_precond;eeg_tright_lbeta_power_precond"
2025-12-19 15:56:53.639523,11,"workload_label",7,256,0.03125,0.529069767441861,0.534883720930233,NA,7,"top7","eeg_tb_ratio_precond;eeg_ab_ratio_precond;hrv_rmssd_precond;eda_sd_precond;hr_med_precond;eeg_fl_hbeta_power_precond;eeg_tright_lbeta_power_precond"
2025-12-19 15:56:53.037102,11,"workload_label",7,2,0.0625,0.587209302325581,0.593023255813954,0.593023255813954,7,"top7","eeg_tb_ratio_precond;eeg_ab_ratio_precond;hrv_rmssd_precond;eda_sd_precond;hr_med_precond;eeg_fl_hbeta_power_precond;eeg_tright_lbeta_power_precond"
2025-12-19 15:56:53.012887,11,"workload_label",7,4,0.0625,0.575581395348837,0.575581395348837,0.570542635658915,7,"top7","eeg_tb_ratio_precond;eeg_ab_ratio_precond;hrv_rmssd_precond;eda_sd_precond;hr_med_precond;eeg_fl_hbeta_power_precond;eeg_tright_lbeta_power_precond"
2025-12-19 15:56:53.07157,11,"workload_label",7,8,0.0625,0.569767441860465,0.569767441860465,NA,7,"top7","eeg_tb_ratio_precond;eeg_ab_ratio_precond;hrv_rmssd_precond;eda_sd_precond;hr_med_precond;eeg_fl_hbeta_power_precond;eeg_tright_lbeta_power_precond"
2025-12-19 15:56:53.239616,11,"workload_label",7,16,0.0625,0.523255813953488,0.575581395348837,NA,7,"top7","eeg_tb_ratio_precond;eeg_ab_ratio_precond;hrv_rmssd_precond;eda_sd_precond;hr_med_precond;eeg_fl_hbeta_power_precond;eeg_tright_lbeta_power_precond"
2025-12-19 15:56:54.201263,11,"workload_label",7,32,0.0625,0.5,0.558139534883721,NA,7,"top7","eeg_tb_ratio_precond;eeg_ab_ratio_precond;hrv_rmssd_precond;eda_sd_precond;hr_med_precond;eeg_fl_hbeta_power_precond;eeg_tright_lbeta_power_precond"
2025-12-19 15:56:54.347463,11,"workload_label",7,64,0.0625,0.517441860465116,0.505813953488372,NA,7,"top7","eeg_tb_ratio_precond;eeg_ab_ratio_precond;hrv_rmssd_precond;eda_sd_precond;hr_med_precond;eeg_fl_hbeta_power_precond;eeg_tright_lbeta_power_precond"
2025-12-19 15:56:54.581525,11,"workload_label",7,128,0.0625,0.517441860465116,0.5,0.515503875968992,7,"top7","eeg_tb_ratio_precond;eeg_ab_ratio_precond;hrv_rmssd_precond;eda_sd_precond;hr_med_precond;eeg_fl_hbeta_power_precond;eeg_tright_lbeta_power_precond"
2025-12-19 15:56:54.964967,11,"workload_label",7,256,0.0625,0.534883720930233,0.476744186046512,0.545736434108527,7,"top7","eeg_tb_ratio_precond;eeg_ab_ratio_precond;hrv_rmssd_precond;eda_sd_precond;hr_med_precond;eeg_fl_hbeta_power_precond;eeg_tright_lbeta_power_precond"
2025-12-19 15:56:54.095975,11,"workload_label",7,2,0.125,0.575581395348837,0.581395348837209,0.568992248062016,7,"top7","eeg_tb_ratio_precond;eeg_ab_ratio_precond;hrv_rmssd_precond;eda_sd_precond;hr_med_precond;eeg_fl_hbeta_power_precond;eeg_tright_lbeta_power_precond"
2025-12-19 15:56:54.133364,11,"workload_label",7,4,0.125,0.540697674418605,0.587209302325581,NA,7,"top7","eeg_tb_ratio_precond;eeg_ab_ratio_precond;hrv_rmssd_precond;eda_sd_precond;hr_med_precond;eeg_fl_hbeta_power_precond;eeg_tright_lbeta_power_precond"
2025-12-19 15:56:54.232485,11,"workload_label",7,8,0.125,0.517441860465116,0.575581395348837,NA,7,"top7","eeg_tb_ratio_precond;eeg_ab_ratio_precond;hrv_rmssd_precond;eda_sd_precond;hr_med_precond;eeg_fl_hbeta_power_precond;eeg_tright_lbeta_power_precond"
2025-12-19 15:56:54.285381,11,"workload_label",7,16,0.125,0.523255813953488,0.505813953488372,NA,7,"top7","eeg_tb_ratio_precond;eeg_ab_ratio_precond;hrv_rmssd_precond;eda_sd_precond;hr_med_precond;eeg_fl_hbeta_power_precond;eeg_tright_lbeta_power_precond"
2025-12-19 15:56:54.442987,11,"workload_label",7,32,0.125,0.534883720930233,0.523255813953488,0.536434108527132,7,"top7","eeg_tb_ratio_precond;eeg_ab_ratio_precond;hrv_rmssd_precond;eda_sd_precond;hr_med_precond;eeg_fl_hbeta_power_precond;eeg_tright_lbeta_power_precond"
2025-12-19 15:56:54.594353,11,"workload_label",7,64,0.125,0.517441860465116,0.459302325581395,NA,7,"top7","eeg_tb_ratio_precond;eeg_ab_ratio_precond;hrv_rmssd_precond;eda_sd_precond;hr_med_precond;eeg_fl_hbeta_power_precond;eeg_tright_lbeta_power_precond"
2025-12-19 15:56:54.879974,11,"workload_label",7,128,0.125,0.505813953488372,0.494186046511628,NA,7,"top7","eeg_tb_ratio_precond;eeg_ab_ratio_precond;hrv_rmssd_precond;eda_sd_precond;hr_med_precond;eeg_fl_hbeta_power_precond;eeg_tright_lbeta_power_precond"
2025-12-19 15:56:55.030203,11,"workload_label",7,256,0.125,0.517441860465116,0.505813953488372,NA,7,"top7","eeg_tb_ratio_precond;eeg_ab_ratio_precond;hrv_rmssd_precond;eda_sd_precond;hr_med_precond;eeg_fl_hbeta_power_precond;eeg_tright_lbeta_power_precond"
2025-12-19 15:56:54.411784,11,"workload_label",7,2,0.03,0.581395348837209,0.622093023255814,0.578294573643411,7,"top7","eeg_tb_ratio_precond;eeg_ab_ratio_precond;hrv_rmssd_precond;eda_sd_precond;hr_med_precond;eeg_fl_hbeta_power_precond;eeg_tright_lbeta_power_precond"
2025-12-19 15:56:54.702488,11,"workload_label",7,4,0.03,0.552325581395349,0.598837209302326,0.558139534883721,7,"top7","eeg_tb_ratio_precond;eeg_ab_ratio_precond;hrv_rmssd_precond;eda_sd_precond;hr_med_precond;eeg_fl_hbeta_power_precond;eeg_tright_lbeta_power_precond"
2025-12-19 15:56:55.193786,11,"workload_label",7,8,0.03,0.575581395348837,0.627906976744186,0.586046511627907,7,"top7","eeg_tb_ratio_precond;eeg_ab_ratio_precond;hrv_rmssd_precond;eda_sd_precond;hr_med_precond;eeg_fl_hbeta_power_precond;eeg_tright_lbeta_power_precond"
2025-12-19 15:56:55.318357,11,"workload_label",7,16,0.03,0.546511627906977,0.593023255813954,0.547286821705426,7,"top7","eeg_tb_ratio_precond;eeg_ab_ratio_precond;hrv_rmssd_precond;eda_sd_precond;hr_med_precond;eeg_fl_hbeta_power_precond;eeg_tright_lbeta_power_precond"
2025-12-19 15:56:55.377096,11,"workload_label",7,32,0.03,0.546511627906977,0.569767441860465,NA,7,"top7","eeg_tb_ratio_precond;eeg_ab_ratio_precond;hrv_rmssd_precond;eda_sd_precond;hr_med_precond;eeg_fl_hbeta_power_precond;eeg_tright_lbeta_power_precond"
2025-12-19 15:56:55.469182,11,"workload_label",7,64,0.03,0.534883720930233,0.558139534883721,NA,7,"top7","eeg_tb_ratio_precond;eeg_ab_ratio_precond;hrv_rmssd_precond;eda_sd_precond;hr_med_precond;eeg_fl_hbeta_power_precond;eeg_tright_lbeta_power_precond"
2025-12-19 15:56:55.677725,11,"workload_label",7,128,0.03,0.523255813953488,0.529069767441861,0.5,7,"top7","eeg_tb_ratio_precond;eeg_ab_ratio_precond;hrv_rmssd_precond;eda_sd_precond;hr_med_precond;eeg_fl_hbeta_power_precond;eeg_tright_lbeta_power_precond"
2025-12-19 15:56:56.012027,11,"workload_label",7,256,0.03,0.517441860465116,0.529069767441861,NA,7,"top7","eeg_tb_ratio_precond;eeg_ab_ratio_precond;hrv_rmssd_precond;eda_sd_precond;hr_med_precond;eeg_fl_hbeta_power_precond;eeg_tright_lbeta_power_precond"
2025-12-19 15:56:55.489957,11,"workload_label",7,2,0.06,0.587209302325581,0.587209302325581,0.593023255813954,7,"top7","eeg_tb_ratio_precond;eeg_ab_ratio_precond;hrv_rmssd_precond;eda_sd_precond;hr_med_precond;eeg_fl_hbeta_power_precond;eeg_tright_lbeta_power_precond"
2025-12-19 15:56:55.500998,11,"workload_label",7,4,0.06,0.587209302325581,0.575581395348837,0.589922480620155,7,"top7","eeg_tb_ratio_precond;eeg_ab_ratio_precond;hrv_rmssd_precond;eda_sd_precond;hr_med_precond;eeg_fl_hbeta_power_precond;eeg_tright_lbeta_power_precond"
2025-12-19 15:56:55.687176,11,"workload_label",7,8,0.06,0.581395348837209,0.575581395348837,NA,7,"top7","eeg_tb_ratio_precond;eeg_ab_ratio_precond;hrv_rmssd_precond;eda_sd_precond;hr_med_precond;eeg_fl_hbeta_power_precond;eeg_tright_lbeta_power_precond"
2025-12-19 15:56:55.742084,11,"workload_label",7,16,0.06,0.517441860465116,0.575581395348837,NA,7,"top7","eeg_tb_ratio_precond;eeg_ab_ratio_precond;hrv_rmssd_precond;eda_sd_precond;hr_med_precond;eeg_fl_hbeta_power_precond;eeg_tright_lbeta_power_precond"
2025-12-19 15:56:55.955235,11,"workload_label",7,32,0.06,0.5,0.558139534883721,NA,7,"top7","eeg_tb_ratio_precond;eeg_ab_ratio_precond;hrv_rmssd_precond;eda_sd_precond;hr_med_precond;eeg_fl_hbeta_power_precond;eeg_tright_lbeta_power_precond"
2025-12-19 15:56:56.186829,11,"workload_label",7,64,0.06,0.523255813953488,0.540697674418605,NA,7,"top7","eeg_tb_ratio_precond;eeg_ab_ratio_precond;hrv_rmssd_precond;eda_sd_precond;hr_med_precond;eeg_fl_hbeta_power_precond;eeg_tright_lbeta_power_precond"
2025-12-19 15:56:56.375135,11,"workload_label",7,128,0.06,0.534883720930233,0.529069767441861,0.525581395348837,7,"top7","eeg_tb_ratio_precond;eeg_ab_ratio_precond;hrv_rmssd_precond;eda_sd_precond;hr_med_precond;eeg_fl_hbeta_power_precond;eeg_tright_lbeta_power_precond"
2025-12-19 15:56:56.669645,11,"workload_label",7,256,0.06,0.523255813953488,0.517441860465116,0.529457364341085,7,"top7","eeg_tb_ratio_precond;eeg_ab_ratio_precond;hrv_rmssd_precond;eda_sd_precond;hr_med_precond;eeg_fl_hbeta_power_precond;eeg_tright_lbeta_power_precond"
2025-12-19 15:56:56.183084,11,"workload_label",7,2,0.1,0.581395348837209,0.587209302325581,0.582170542635659,7,"top7","eeg_tb_ratio_precond;eeg_ab_ratio_precond;hrv_rmssd_precond;eda_sd_precond;hr_med_precond;eeg_fl_hbeta_power_precond;eeg_tright_lbeta_power_precond"
2025-12-19 15:56:56.312302,11,"workload_label",7,4,0.1,0.540697674418605,0.563953488372093,NA,7,"top7","eeg_tb_ratio_precond;eeg_ab_ratio_precond;hrv_rmssd_precond;eda_sd_precond;hr_med_precond;eeg_fl_hbeta_power_precond;eeg_tright_lbeta_power_precond"
2025-12-19 15:56:56.39436,11,"workload_label",7,8,0.1,0.523255813953488,0.569767441860465,NA,7,"top7","eeg_tb_ratio_precond;eeg_ab_ratio_precond;hrv_rmssd_precond;eda_sd_precond;hr_med_precond;eeg_fl_hbeta_power_precond;eeg_tright_lbeta_power_precond"
2025-12-19 15:56:56.514684,11,"workload_label",7,16,0.1,0.517441860465116,0.540697674418605,NA,7,"top7","eeg_tb_ratio_precond;eeg_ab_ratio_precond;hrv_rmssd_precond;eda_sd_precond;hr_med_precond;eeg_fl_hbeta_power_precond;eeg_tright_lbeta_power_precond"
2025-12-19 15:56:56.563268,11,"workload_label",7,32,0.1,0.517441860465116,0.517441860465116,NA,7,"top7","eeg_tb_ratio_precond;eeg_ab_ratio_precond;hrv_rmssd_precond;eda_sd_precond;hr_med_precond;eeg_fl_hbeta_power_precond;eeg_tright_lbeta_power_precond"
2025-12-19 15:56:56.671873,11,"workload_label",7,64,0.1,0.517441860465116,0.412790697674419,0.52015503875969,7,"top7","eeg_tb_ratio_precond;eeg_ab_ratio_precond;hrv_rmssd_precond;eda_sd_precond;hr_med_precond;eeg_fl_hbeta_power_precond;eeg_tright_lbeta_power_precond"
2025-12-19 15:56:56.846034,11,"workload_label",7,128,0.1,0.523255813953488,0.447674418604651,NA,7,"top7","eeg_tb_ratio_precond;eeg_ab_ratio_precond;hrv_rmssd_precond;eda_sd_precond;hr_med_precond;eeg_fl_hbeta_power_precond;eeg_tright_lbeta_power_precond"
2025-12-19 15:56:56.981219,11,"workload_label",7,256,0.1,0.505813953488372,0.366279069767442,NA,7,"top7","eeg_tb_ratio_precond;eeg_ab_ratio_precond;hrv_rmssd_precond;eda_sd_precond;hr_med_precond;eeg_fl_hbeta_power_precond;eeg_tright_lbeta_power_precond"
2025-12-19 15:56:58.302822,12,"workload_label",7,2,0.0078125,0.61046511627907,0.662790697674419,0.587596899224806,7,"top7","eeg_tb_ratio_precond;eeg_ab_ratio_precond;hrv_rmssd_precond;eda_sd_precond;hr_med_precond;eeg_fl_hbeta_power_precond;eeg_fl_specent_precond"
2025-12-19 15:56:58.267611,12,"workload_label",7,4,0.0078125,0.61046511627907,0.656976744186046,0.598449612403101,7,"top7","eeg_tb_ratio_precond;eeg_ab_ratio_precond;hrv_rmssd_precond;eda_sd_precond;hr_med_precond;eeg_fl_hbeta_power_precond;eeg_fl_specent_precond"
2025-12-19 15:56:58.237227,12,"workload_label",7,8,0.0078125,0.593023255813954,0.622093023255814,0.578294573643411,7,"top7","eeg_tb_ratio_precond;eeg_ab_ratio_precond;hrv_rmssd_precond;eda_sd_precond;hr_med_precond;eeg_fl_hbeta_power_precond;eeg_fl_specent_precond"
2025-12-19 15:56:58.257219,12,"workload_label",7,16,0.0078125,0.558139534883721,0.604651162790698,0.546511627906977,7,"top7","eeg_tb_ratio_precond;eeg_ab_ratio_precond;hrv_rmssd_precond;eda_sd_precond;hr_med_precond;eeg_fl_hbeta_power_precond;eeg_fl_specent_precond"
2025-12-19 15:56:58.240815,12,"workload_label",7,32,0.0078125,0.558139534883721,0.604651162790698,0.54031007751938,7,"top7","eeg_tb_ratio_precond;eeg_ab_ratio_precond;hrv_rmssd_precond;eda_sd_precond;hr_med_precond;eeg_fl_hbeta_power_precond;eeg_fl_specent_precond"
2025-12-19 15:56:58.194663,12,"workload_label",7,64,0.0078125,0.569767441860465,0.616279069767442,0.56046511627907,7,"top7","eeg_tb_ratio_precond;eeg_ab_ratio_precond;hrv_rmssd_precond;eda_sd_precond;hr_med_precond;eeg_fl_hbeta_power_precond;eeg_fl_specent_precond"
2025-12-19 15:56:58.389312,12,"workload_label",7,128,0.0078125,0.569767441860465,0.616279069767442,0.565116279069767,7,"top7","eeg_tb_ratio_precond;eeg_ab_ratio_precond;hrv_rmssd_precond;eda_sd_precond;hr_med_precond;eeg_fl_hbeta_power_precond;eeg_fl_specent_precond"
2025-12-19 15:56:58.421636,12,"workload_label",7,256,0.0078125,0.604651162790698,0.645348837209302,0.593023255813954,7,"top7","eeg_tb_ratio_precond;eeg_ab_ratio_precond;hrv_rmssd_precond;eda_sd_precond;hr_med_precond;eeg_fl_hbeta_power_precond;eeg_fl_specent_precond"
2025-12-19 15:56:58.210149,12,"workload_label",7,2,0.015625,0.616279069767442,0.656976744186046,0.606201550387597,7,"top7","eeg_tb_ratio_precond;eeg_ab_ratio_precond;hrv_rmssd_precond;eda_sd_precond;hr_med_precond;eeg_fl_hbeta_power_precond;eeg_fl_specent_precond"
2025-12-19 15:56:58.237679,12,"workload_label",7,4,0.015625,0.604651162790698,0.627906976744186,0.601550387596899,7,"top7","eeg_tb_ratio_precond;eeg_ab_ratio_precond;hrv_rmssd_precond;eda_sd_precond;hr_med_precond;eeg_fl_hbeta_power_precond;eeg_fl_specent_precond"
2025-12-19 15:56:58.245679,12,"workload_label",7,8,0.015625,0.575581395348837,0.616279069767442,0.566666666666667,7,"top7","eeg_tb_ratio_precond;eeg_ab_ratio_precond;hrv_rmssd_precond;eda_sd_precond;hr_med_precond;eeg_fl_hbeta_power_precond;eeg_fl_specent_precond"
2025-12-19 15:56:58.248171,12,"workload_label",7,16,0.015625,0.563953488372093,0.622093023255814,0.558139534883721,7,"top7","eeg_tb_ratio_precond;eeg_ab_ratio_precond;hrv_rmssd_precond;eda_sd_precond;hr_med_precond;eeg_fl_hbeta_power_precond;eeg_fl_specent_precond"
2025-12-19 15:56:58.275663,12,"workload_label",7,32,0.015625,0.569767441860465,0.616279069767442,0.565116279069767,7,"top7","eeg_tb_ratio_precond;eeg_ab_ratio_precond;hrv_rmssd_precond;eda_sd_precond;hr_med_precond;eeg_fl_hbeta_power_precond;eeg_fl_specent_precond"
2025-12-19 15:56:58.333541,12,"workload_label",7,64,0.015625,0.598837209302326,0.633720930232558,0.593023255813954,7,"top7","eeg_tb_ratio_precond;eeg_ab_ratio_precond;hrv_rmssd_precond;eda_sd_precond;hr_med_precond;eeg_fl_hbeta_power_precond;eeg_fl_specent_precond"
2025-12-19 15:56:59.437211,12,"workload_label",7,128,0.015625,0.593023255813954,0.627906976744186,NA,7,"top7","eeg_tb_ratio_precond;eeg_ab_ratio_precond;hrv_rmssd_precond;eda_sd_precond;hr_med_precond;eeg_fl_hbeta_power_precond;eeg_fl_specent_precond"
2025-12-19 15:56:59.611578,12,"workload_label",7,256,0.015625,0.61046511627907,0.645348837209302,0.605426356589147,7,"top7","eeg_tb_ratio_precond;eeg_ab_ratio_precond;hrv_rmssd_precond;eda_sd_precond;hr_med_precond;eeg_fl_hbeta_power_precond;eeg_fl_specent_precond"
2025-12-19 15:56:59.269146,12,"workload_label",7,2,0.03125,0.575581395348837,0.627906976744186,0.572093023255814,7,"top7","eeg_tb_ratio_precond;eeg_ab_ratio_precond;hrv_rmssd_precond;eda_sd_precond;hr_med_precond;eeg_fl_hbeta_power_precond;eeg_fl_specent_precond"
2025-12-19 15:56:59.305103,12,"workload_label",7,4,0.03125,0.575581395348837,0.622093023255814,0.572093023255814,7,"top7","eeg_tb_ratio_precond;eeg_ab_ratio_precond;hrv_rmssd_precond;eda_sd_precond;hr_med_precond;eeg_fl_hbeta_power_precond;eeg_fl_specent_precond"
2025-12-19 15:56:59.288066,12,"workload_label",7,8,0.03125,0.581395348837209,0.616279069767442,0.58062015503876,7,"top7","eeg_tb_ratio_precond;eeg_ab_ratio_precond;hrv_rmssd_precond;eda_sd_precond;hr_med_precond;eeg_fl_hbeta_power_precond;eeg_fl_specent_precond"
2025-12-19 15:56:59.320244,12,"workload_label",7,16,0.03125,0.587209302325581,0.633720930232558,0.585271317829457,7,"top7","eeg_tb_ratio_precond;eeg_ab_ratio_precond;hrv_rmssd_precond;eda_sd_precond;hr_med_precond;eeg_fl_hbeta_power_precond;eeg_fl_specent_precond"
2025-12-19 15:56:59.372327,12,"workload_label",7,32,0.03125,0.575581395348837,0.61046511627907,0.565891472868217,7,"top7","eeg_tb_ratio_precond;eeg_ab_ratio_precond;hrv_rmssd_precond;eda_sd_precond;hr_med_precond;eeg_fl_hbeta_power_precond;eeg_fl_specent_precond"
2025-12-19 15:56:59.468839,12,"workload_label",7,64,0.03125,0.593023255813954,0.633720930232558,0.587596899224806,7,"top7","eeg_tb_ratio_precond;eeg_ab_ratio_precond;hrv_rmssd_precond;eda_sd_precond;hr_med_precond;eeg_fl_hbeta_power_precond;eeg_fl_specent_precond"
2025-12-19 15:56:59.671287,12,"workload_label",7,128,0.03125,0.598837209302326,0.668604651162791,0.593798449612403,7,"top7","eeg_tb_ratio_precond;eeg_ab_ratio_precond;hrv_rmssd_precond;eda_sd_precond;hr_med_precond;eeg_fl_hbeta_power_precond;eeg_fl_specent_precond"
2025-12-19 15:56:59.969591,12,"workload_label",7,256,0.03125,0.575581395348837,0.645348837209302,0.562015503875969,7,"top7","eeg_tb_ratio_precond;eeg_ab_ratio_precond;hrv_rmssd_precond;eda_sd_precond;hr_med_precond;eeg_fl_hbeta_power_precond;eeg_fl_specent_precond"
2025-12-19 15:56:59.34553,12,"workload_label",7,2,0.0625,0.569767441860465,0.627906976744186,0.573643410852713,7,"top7","eeg_tb_ratio_precond;eeg_ab_ratio_precond;hrv_rmssd_precond;eda_sd_precond;hr_med_precond;eeg_fl_hbeta_power_precond;eeg_fl_specent_precond"
2025-12-19 15:56:59.386005,12,"workload_label",7,4,0.0625,0.581395348837209,0.627906976744186,0.58062015503876,7,"top7","eeg_tb_ratio_precond;eeg_ab_ratio_precond;hrv_rmssd_precond;eda_sd_precond;hr_med_precond;eeg_fl_hbeta_power_precond;eeg_fl_specent_precond"
2025-12-19 15:56:59.462437,12,"workload_label",7,8,0.0625,0.598837209302326,0.633720930232558,0.58062015503876,7,"top7","eeg_tb_ratio_precond;eeg_ab_ratio_precond;hrv_rmssd_precond;eda_sd_precond;hr_med_precond;eeg_fl_hbeta_power_precond;eeg_fl_specent_precond"
2025-12-19 15:56:59.55722,12,"workload_label",7,16,0.0625,0.61046511627907,0.63953488372093,0.586046511627907,7,"top7","eeg_tb_ratio_precond;eeg_ab_ratio_precond;hrv_rmssd_precond;eda_sd_precond;hr_med_precond;eeg_fl_hbeta_power_precond;eeg_fl_specent_precond"
2025-12-19 15:57:00.470956,12,"workload_label",7,32,0.0625,0.598837209302326,0.668604651162791,0.573643410852713,7,"top7","eeg_tb_ratio_precond;eeg_ab_ratio_precond;hrv_rmssd_precond;eda_sd_precond;hr_med_precond;eeg_fl_hbeta_power_precond;eeg_fl_specent_precond"
2025-12-19 15:57:00.615249,12,"workload_label",7,64,0.0625,0.575581395348837,0.598837209302326,0.55968992248062,7,"top7","eeg_tb_ratio_precond;eeg_ab_ratio_precond;hrv_rmssd_precond;eda_sd_precond;hr_med_precond;eeg_fl_hbeta_power_precond;eeg_fl_specent_precond"
2025-12-19 15:57:00.866219,12,"workload_label",7,128,0.0625,0.569767441860465,0.540697674418605,NA,7,"top7","eeg_tb_ratio_precond;eeg_ab_ratio_precond;hrv_rmssd_precond;eda_sd_precond;hr_med_precond;eeg_fl_hbeta_power_precond;eeg_fl_specent_precond"
2025-12-19 15:57:01.348393,12,"workload_label",7,256,0.0625,0.546511627906977,0.534883720930233,NA,7,"top7","eeg_tb_ratio_precond;eeg_ab_ratio_precond;hrv_rmssd_precond;eda_sd_precond;hr_med_precond;eeg_fl_hbeta_power_precond;eeg_fl_specent_precond"
2025-12-19 15:57:00.386919,12,"workload_label",7,2,0.125,0.622093023255814,0.633720930232558,0.610077519379845,7,"top7","eeg_tb_ratio_precond;eeg_ab_ratio_precond;hrv_rmssd_precond;eda_sd_precond;hr_med_precond;eeg_fl_hbeta_power_precond;eeg_fl_specent_precond"
2025-12-19 15:57:00.428277,12,"workload_label",7,4,0.125,0.61046511627907,0.633720930232558,0.57984496124031,7,"top7","eeg_tb_ratio_precond;eeg_ab_ratio_precond;hrv_rmssd_precond;eda_sd_precond;hr_med_precond;eeg_fl_hbeta_power_precond;eeg_fl_specent_precond"
2025-12-19 15:57:00.505179,12,"workload_label",7,8,0.125,0.61046511627907,0.633720930232558,0.588372093023256,7,"top7","eeg_tb_ratio_precond;eeg_ab_ratio_precond;hrv_rmssd_precond;eda_sd_precond;hr_med_precond;eeg_fl_hbeta_power_precond;eeg_fl_specent_precond"
2025-12-19 15:57:00.609678,12,"workload_label",7,16,0.125,0.598837209302326,0.569767441860465,0.571317829457364,7,"top7","eeg_tb_ratio_precond;eeg_ab_ratio_precond;hrv_rmssd_precond;eda_sd_precond;hr_med_precond;eeg_fl_hbeta_power_precond;eeg_fl_specent_precond"
2025-12-19 15:57:00.759318,12,"workload_label",7,32,0.125,0.569767441860465,0.523255813953488,0.562015503875969,7,"top7","eeg_tb_ratio_precond;eeg_ab_ratio_precond;hrv_rmssd_precond;eda_sd_precond;hr_med_precond;eeg_fl_hbeta_power_precond;eeg_fl_specent_precond"
2025-12-19 15:57:00.946257,12,"workload_label",7,64,0.125,0.569767441860465,0.540697674418605,NA,7,"top7","eeg_tb_ratio_precond;eeg_ab_ratio_precond;hrv_rmssd_precond;eda_sd_precond;hr_med_precond;eeg_fl_hbeta_power_precond;eeg_fl_specent_precond"
2025-12-19 15:57:01.171977,12,"workload_label",7,128,0.125,0.546511627906977,0.523255813953488,NA,7,"top7","eeg_tb_ratio_precond;eeg_ab_ratio_precond;hrv_rmssd_precond;eda_sd_precond;hr_med_precond;eeg_fl_hbeta_power_precond;eeg_fl_specent_precond"
2025-12-19 15:57:01.40808,12,"workload_label",7,256,0.125,0.523255813953488,0.465116279069767,NA,7,"top7","eeg_tb_ratio_precond;eeg_ab_ratio_precond;hrv_rmssd_precond;eda_sd_precond;hr_med_precond;eeg_fl_hbeta_power_precond;eeg_fl_specent_precond"
2025-12-19 15:57:00.693954,12,"workload_label",7,2,0.03,0.581395348837209,0.622093023255814,0.574418604651163,7,"top7","eeg_tb_ratio_precond;eeg_ab_ratio_precond;hrv_rmssd_precond;eda_sd_precond;hr_med_precond;eeg_fl_hbeta_power_precond;eeg_fl_specent_precond"
2025-12-19 15:57:01.000231,12,"workload_label",7,4,0.03,0.581395348837209,0.622093023255814,0.583720930232558,7,"top7","eeg_tb_ratio_precond;eeg_ab_ratio_precond;hrv_rmssd_precond;eda_sd_precond;hr_med_precond;eeg_fl_hbeta_power_precond;eeg_fl_specent_precond"
2025-12-19 15:57:01.448884,12,"workload_label",7,8,0.03,0.569767441860465,0.616279069767442,0.573643410852713,7,"top7","eeg_tb_ratio_precond;eeg_ab_ratio_precond;hrv_rmssd_precond;eda_sd_precond;hr_med_precond;eeg_fl_hbeta_power_precond;eeg_fl_specent_precond"
2025-12-19 15:57:01.463358,12,"workload_label",7,16,0.03,0.587209302325581,0.627906976744186,0.585271317829457,7,"top7","eeg_tb_ratio_precond;eeg_ab_ratio_precond;hrv_rmssd_precond;eda_sd_precond;hr_med_precond;eeg_fl_hbeta_power_precond;eeg_fl_specent_precond"
2025-12-19 15:57:01.580785,12,"workload_label",7,32,0.03,0.587209302325581,0.622093023255814,0.585271317829457,7,"top7","eeg_tb_ratio_precond;eeg_ab_ratio_precond;hrv_rmssd_precond;eda_sd_precond;hr_med_precond;eeg_fl_hbeta_power_precond;eeg_fl_specent_precond"
2025-12-19 15:57:01.690269,12,"workload_label",7,64,0.03,0.587209302325581,0.622093023255814,0.575968992248062,7,"top7","eeg_tb_ratio_precond;eeg_ab_ratio_precond;hrv_rmssd_precond;eda_sd_precond;hr_med_precond;eeg_fl_hbeta_power_precond;eeg_fl_specent_precond"
2025-12-19 15:57:01.964804,12,"workload_label",7,128,0.03,0.622093023255814,0.656976744186046,0.614728682170543,7,"top7","eeg_tb_ratio_precond;eeg_ab_ratio_precond;hrv_rmssd_precond;eda_sd_precond;hr_med_precond;eeg_fl_hbeta_power_precond;eeg_fl_specent_precond"
2025-12-19 15:57:02.283798,12,"workload_label",7,256,0.03,0.581395348837209,0.645348837209302,0.568217054263566,7,"top7","eeg_tb_ratio_precond;eeg_ab_ratio_precond;hrv_rmssd_precond;eda_sd_precond;hr_med_precond;eeg_fl_hbeta_power_precond;eeg_fl_specent_precond"
2025-12-19 15:57:01.723882,12,"workload_label",7,2,0.06,0.569767441860465,0.627906976744186,0.573643410852713,7,"top7","eeg_tb_ratio_precond;eeg_ab_ratio_precond;hrv_rmssd_precond;eda_sd_precond;hr_med_precond;eeg_fl_hbeta_power_precond;eeg_fl_specent_precond"
2025-12-19 15:57:01.808482,12,"workload_label",7,4,0.06,0.587209302325581,0.627906976744186,0.584496124031008,7,"top7","eeg_tb_ratio_precond;eeg_ab_ratio_precond;hrv_rmssd_precond;eda_sd_precond;hr_med_precond;eeg_fl_hbeta_power_precond;eeg_fl_specent_precond"
2025-12-19 15:57:01.885573,12,"workload_label",7,8,0.06,0.593023255813954,0.63953488372093,0.573643410852713,7,"top7","eeg_tb_ratio_precond;eeg_ab_ratio_precond;hrv_rmssd_precond;eda_sd_precond;hr_med_precond;eeg_fl_hbeta_power_precond;eeg_fl_specent_precond"
2025-12-19 15:57:02.069568,12,"workload_label",7,16,0.06,0.604651162790698,0.645348837209302,0.588372093023256,7,"top7","eeg_tb_ratio_precond;eeg_ab_ratio_precond;hrv_rmssd_precond;eda_sd_precond;hr_med_precond;eeg_fl_hbeta_power_precond;eeg_fl_specent_precond"
2025-12-19 15:57:02.157949,12,"workload_label",7,32,0.06,0.598837209302326,0.668604651162791,0.585271317829457,7,"top7","eeg_tb_ratio_precond;eeg_ab_ratio_precond;hrv_rmssd_precond;eda_sd_precond;hr_med_precond;eeg_fl_hbeta_power_precond;eeg_fl_specent_precond"
2025-12-19 15:57:02.45416,12,"workload_label",7,64,0.06,0.581395348837209,0.63953488372093,0.566666666666667,7,"top7","eeg_tb_ratio_precond;eeg_ab_ratio_precond;hrv_rmssd_precond;eda_sd_precond;hr_med_precond;eeg_fl_hbeta_power_precond;eeg_fl_specent_precond"
2025-12-19 15:57:02.761521,12,"workload_label",7,128,0.06,0.558139534883721,0.546511627906977,NA,7,"top7","eeg_tb_ratio_precond;eeg_ab_ratio_precond;hrv_rmssd_precond;eda_sd_precond;hr_med_precond;eeg_fl_hbeta_power_precond;eeg_fl_specent_precond"
2025-12-19 15:57:03.06089,12,"workload_label",7,256,0.06,0.558139534883721,0.540697674418605,NA,7,"top7","eeg_tb_ratio_precond;eeg_ab_ratio_precond;hrv_rmssd_precond;eda_sd_precond;hr_med_precond;eeg_fl_hbeta_power_precond;eeg_fl_specent_precond"
2025-12-19 15:57:02.447224,12,"workload_label",7,2,0.1,0.61046511627907,0.63953488372093,0.610077519379845,7,"top7","eeg_tb_ratio_precond;eeg_ab_ratio_precond;hrv_rmssd_precond;eda_sd_precond;hr_med_precond;eeg_fl_hbeta_power_precond;eeg_fl_specent_precond"
2025-12-19 15:57:02.422314,12,"workload_label",7,4,0.1,0.593023255813954,0.63953488372093,0.582170542635659,7,"top7","eeg_tb_ratio_precond;eeg_ab_ratio_precond;hrv_rmssd_precond;eda_sd_precond;hr_med_precond;eeg_fl_hbeta_power_precond;eeg_fl_specent_precond"
2025-12-19 15:57:02.595684,12,"workload_label",7,8,0.1,0.598837209302326,0.651162790697674,0.581395348837209,7,"top7","eeg_tb_ratio_precond;eeg_ab_ratio_precond;hrv_rmssd_precond;eda_sd_precond;hr_med_precond;eeg_fl_hbeta_power_precond;eeg_fl_specent_precond"
2025-12-19 15:57:02.706814,12,"workload_label",7,16,0.1,0.622093023255814,0.633720930232558,0.603875968992248,7,"top7","eeg_tb_ratio_precond;eeg_ab_ratio_precond;hrv_rmssd_precond;eda_sd_precond;hr_med_precond;eeg_fl_hbeta_power_precond;eeg_fl_specent_precond"
2025-12-19 15:57:02.810791,12,"workload_label",7,32,0.1,0.581395348837209,0.534883720930233,0.553488372093023,7,"top7","eeg_tb_ratio_precond;eeg_ab_ratio_precond;hrv_rmssd_precond;eda_sd_precond;hr_med_precond;eeg_fl_hbeta_power_precond;eeg_fl_specent_precond"
2025-12-19 15:57:02.947754,12,"workload_label",7,64,0.1,0.552325581395349,0.523255813953488,0.548837209302326,7,"top7","eeg_tb_ratio_precond;eeg_ab_ratio_precond;hrv_rmssd_precond;eda_sd_precond;hr_med_precond;eeg_fl_hbeta_power_precond;eeg_fl_specent_precond"
2025-12-19 15:57:03.164647,12,"workload_label",7,128,0.1,0.558139534883721,0.529069767441861,NA,7,"top7","eeg_tb_ratio_precond;eeg_ab_ratio_precond;hrv_rmssd_precond;eda_sd_precond;hr_med_precond;eeg_fl_hbeta_power_precond;eeg_fl_specent_precond"
2025-12-19 15:57:03.366013,12,"workload_label",7,256,0.1,0.534883720930233,0.494186046511628,NA,7,"top7","eeg_tb_ratio_precond;eeg_ab_ratio_precond;hrv_rmssd_precond;eda_sd_precond;hr_med_precond;eeg_fl_hbeta_power_precond;eeg_fl_specent_precond"
2025-12-19 15:57:04.609329,13,"workload_label",7,2,0.0078125,0.63953488372093,0.63953488372093,0.613953488372093,7,"top7","eeg_tb_ratio_precond;eeg_ab_ratio_precond;hrv_rmssd_precond;eda_sd_precond;eeg_fl_hbeta_power_precond;hr_med_precond;eeg_tright_lbeta_power_precond"
2025-12-19 15:57:04.596395,13,"workload_label",7,4,0.0078125,0.63953488372093,0.645348837209302,0.613953488372093,7,"top7","eeg_tb_ratio_precond;eeg_ab_ratio_precond;hrv_rmssd_precond;eda_sd_precond;eeg_fl_hbeta_power_precond;hr_med_precond;eeg_tright_lbeta_power_precond"
2025-12-19 15:57:04.602196,13,"workload_label",7,8,0.0078125,0.627906976744186,0.633720930232558,0.609302325581395,7,"top7","eeg_tb_ratio_precond;eeg_ab_ratio_precond;hrv_rmssd_precond;eda_sd_precond;eeg_fl_hbeta_power_precond;hr_med_precond;eeg_tright_lbeta_power_precond"
2025-12-19 15:57:04.583187,13,"workload_label",7,16,0.0078125,0.593023255813954,0.645348837209302,0.582945736434109,7,"top7","eeg_tb_ratio_precond;eeg_ab_ratio_precond;hrv_rmssd_precond;eda_sd_precond;eeg_fl_hbeta_power_precond;hr_med_precond;eeg_tright_lbeta_power_precond"
2025-12-19 15:57:04.639512,13,"workload_label",7,32,0.0078125,0.593023255813954,0.633720930232558,0.583720930232558,7,"top7","eeg_tb_ratio_precond;eeg_ab_ratio_precond;hrv_rmssd_precond;eda_sd_precond;eeg_fl_hbeta_power_precond;hr_med_precond;eeg_tright_lbeta_power_precond"
2025-12-19 15:57:04.625067,13,"workload_label",7,64,0.0078125,0.563953488372093,0.645348837209302,0.564341085271318,7,"top7","eeg_tb_ratio_precond;eeg_ab_ratio_precond;hrv_rmssd_precond;eda_sd_precond;eeg_fl_hbeta_power_precond;hr_med_precond;eeg_tright_lbeta_power_precond"
2025-12-19 15:57:04.68138,13,"workload_label",7,128,0.0078125,0.569767441860465,0.633720930232558,0.577519379844961,7,"top7","eeg_tb_ratio_precond;eeg_ab_ratio_precond;hrv_rmssd_precond;eda_sd_precond;eeg_fl_hbeta_power_precond;hr_med_precond;eeg_tright_lbeta_power_precond"
2025-12-19 15:57:04.804077,13,"workload_label",7,256,0.0078125,0.575581395348837,0.645348837209302,0.586046511627907,7,"top7","eeg_tb_ratio_precond;eeg_ab_ratio_precond;hrv_rmssd_precond;eda_sd_precond;eeg_fl_hbeta_power_precond;hr_med_precond;eeg_tright_lbeta_power_precond"
2025-12-19 15:57:04.621671,13,"workload_label",7,2,0.015625,0.63953488372093,0.645348837209302,0.617829457364341,7,"top7","eeg_tb_ratio_precond;eeg_ab_ratio_precond;hrv_rmssd_precond;eda_sd_precond;eeg_fl_hbeta_power_precond;hr_med_precond;eeg_tright_lbeta_power_precond"
2025-12-19 15:57:04.62534,13,"workload_label",7,4,0.015625,0.622093023255814,0.645348837209302,0.606976744186047,7,"top7","eeg_tb_ratio_precond;eeg_ab_ratio_precond;hrv_rmssd_precond;eda_sd_precond;eeg_fl_hbeta_power_precond;hr_med_precond;eeg_tright_lbeta_power_precond"
2025-12-19 15:57:04.647752,13,"workload_label",7,8,0.015625,0.604651162790698,0.63953488372093,0.604651162790698,7,"top7","eeg_tb_ratio_precond;eeg_ab_ratio_precond;hrv_rmssd_precond;eda_sd_precond;eeg_fl_hbeta_power_precond;hr_med_precond;eeg_tright_lbeta_power_precond"
2025-12-19 15:57:04.619264,13,"workload_label",7,16,0.015625,0.569767441860465,0.63953488372093,0.573643410852713,7,"top7","eeg_tb_ratio_precond;eeg_ab_ratio_precond;hrv_rmssd_precond;eda_sd_precond;eeg_fl_hbeta_power_precond;hr_med_precond;eeg_tright_lbeta_power_precond"
2025-12-19 15:57:04.648217,13,"workload_label",7,32,0.015625,0.581395348837209,0.627906976744186,0.588372093023256,7,"top7","eeg_tb_ratio_precond;eeg_ab_ratio_precond;hrv_rmssd_precond;eda_sd_precond;eeg_fl_hbeta_power_precond;hr_med_precond;eeg_tright_lbeta_power_precond"
2025-12-19 15:57:04.696004,13,"workload_label",7,64,0.015625,0.593023255813954,0.63953488372093,0.605426356589147,7,"top7","eeg_tb_ratio_precond;eeg_ab_ratio_precond;hrv_rmssd_precond;eda_sd_precond;eeg_fl_hbeta_power_precond;hr_med_precond;eeg_tright_lbeta_power_precond"
2025-12-19 15:57:05.794215,13,"workload_label",7,128,0.015625,0.546511627906977,0.61046511627907,NA,7,"top7","eeg_tb_ratio_precond;eeg_ab_ratio_precond;hrv_rmssd_precond;eda_sd_precond;eeg_fl_hbeta_power_precond;hr_med_precond;eeg_tright_lbeta_power_precond"
2025-12-19 15:57:06.011805,13,"workload_label",7,256,0.015625,0.558139534883721,0.587209302325581,NA,7,"top7","eeg_tb_ratio_precond;eeg_ab_ratio_precond;hrv_rmssd_precond;eda_sd_precond;eeg_fl_hbeta_power_precond;hr_med_precond;eeg_tright_lbeta_power_precond"
2025-12-19 15:57:05.707227,13,"workload_label",7,2,0.03125,0.604651162790698,0.633720930232558,0.60077519379845,7,"top7","eeg_tb_ratio_precond;eeg_ab_ratio_precond;hrv_rmssd_precond;eda_sd_precond;eeg_fl_hbeta_power_precond;hr_med_precond;eeg_tright_lbeta_power_precond"
2025-12-19 15:57:05.692347,13,"workload_label",7,4,0.03125,0.593023255813954,0.627906976744186,0.587596899224806,7,"top7","eeg_tb_ratio_precond;eeg_ab_ratio_precond;hrv_rmssd_precond;eda_sd_precond;eeg_fl_hbeta_power_precond;hr_med_precond;eeg_tright_lbeta_power_precond"
2025-12-19 15:57:05.693194,13,"workload_label",7,8,0.03125,0.593023255813954,0.627906976744186,0.591472868217054,7,"top7","eeg_tb_ratio_precond;eeg_ab_ratio_precond;hrv_rmssd_precond;eda_sd_precond;eeg_fl_hbeta_power_precond;hr_med_precond;eeg_tright_lbeta_power_precond"
2025-12-19 15:57:05.690899,13,"workload_label",7,16,0.03125,0.598837209302326,0.633720930232558,0.604651162790698,7,"top7","eeg_tb_ratio_precond;eeg_ab_ratio_precond;hrv_rmssd_precond;eda_sd_precond;eeg_fl_hbeta_power_precond;hr_med_precond;eeg_tright_lbeta_power_precond"
2025-12-19 15:57:05.779482,13,"workload_label",7,32,0.03125,0.569767441860465,0.598837209302326,NA,7,"top7","eeg_tb_ratio_precond;eeg_ab_ratio_precond;hrv_rmssd_precond;eda_sd_precond;eeg_fl_hbeta_power_precond;hr_med_precond;eeg_tright_lbeta_power_precond"
2025-12-19 15:57:05.840485,13,"workload_label",7,64,0.03125,0.558139534883721,0.563953488372093,NA,7,"top7","eeg_tb_ratio_precond;eeg_ab_ratio_precond;hrv_rmssd_precond;eda_sd_precond;eeg_fl_hbeta_power_precond;hr_med_precond;eeg_tright_lbeta_power_precond"
2025-12-19 15:57:06.056227,13,"workload_label",7,128,0.03125,0.558139534883721,0.587209302325581,NA,7,"top7","eeg_tb_ratio_precond;eeg_ab_ratio_precond;hrv_rmssd_precond;eda_sd_precond;eeg_fl_hbeta_power_precond;hr_med_precond;eeg_tright_lbeta_power_precond"
2025-12-19 15:57:06.322253,13,"workload_label",7,256,0.03125,0.540697674418605,0.563953488372093,NA,7,"top7","eeg_tb_ratio_precond;eeg_ab_ratio_precond;hrv_rmssd_precond;eda_sd_precond;eeg_fl_hbeta_power_precond;hr_med_precond;eeg_tright_lbeta_power_precond"
2025-12-19 15:57:05.738927,13,"workload_label",7,2,0.0625,0.604651162790698,0.622093023255814,0.602325581395349,7,"top7","eeg_tb_ratio_precond;eeg_ab_ratio_precond;hrv_rmssd_precond;eda_sd_precond;eeg_fl_hbeta_power_precond;hr_med_precond;eeg_tright_lbeta_power_precond"
2025-12-19 15:57:05.758561,13,"workload_label",7,4,0.0625,0.587209302325581,0.622093023255814,0.590697674418605,7,"top7","eeg_tb_ratio_precond;eeg_ab_ratio_precond;hrv_rmssd_precond;eda_sd_precond;eeg_fl_hbeta_power_precond;hr_med_precond;eeg_tright_lbeta_power_precond"
2025-12-19 15:57:05.776894,13,"workload_label",7,8,0.0625,0.604651162790698,0.598837209302326,NA,7,"top7","eeg_tb_ratio_precond;eeg_ab_ratio_precond;hrv_rmssd_precond;eda_sd_precond;eeg_fl_hbeta_power_precond;hr_med_precond;eeg_tright_lbeta_power_precond"
2025-12-19 15:57:05.935597,13,"workload_label",7,16,0.0625,0.563953488372093,0.575581395348837,NA,7,"top7","eeg_tb_ratio_precond;eeg_ab_ratio_precond;hrv_rmssd_precond;eda_sd_precond;eeg_fl_hbeta_power_precond;hr_med_precond;eeg_tright_lbeta_power_precond"
2025-12-19 15:57:06.886113,13,"workload_label",7,32,0.0625,0.540697674418605,0.569767441860465,NA,7,"top7","eeg_tb_ratio_precond;eeg_ab_ratio_precond;hrv_rmssd_precond;eda_sd_precond;eeg_fl_hbeta_power_precond;hr_med_precond;eeg_tright_lbeta_power_precond"
2025-12-19 15:57:07.001811,13,"workload_label",7,64,0.0625,0.558139534883721,0.558139534883721,0.558914728682171,7,"top7","eeg_tb_ratio_precond;eeg_ab_ratio_precond;hrv_rmssd_precond;eda_sd_precond;eeg_fl_hbeta_power_precond;hr_med_precond;eeg_tright_lbeta_power_precond"
2025-12-19 15:57:07.22368,13,"workload_label",7,128,0.0625,0.546511627906977,0.511627906976744,NA,7,"top7","eeg_tb_ratio_precond;eeg_ab_ratio_precond;hrv_rmssd_precond;eda_sd_precond;eeg_fl_hbeta_power_precond;hr_med_precond;eeg_tright_lbeta_power_precond"
2025-12-19 15:57:07.577371,13,"workload_label",7,256,0.0625,0.552325581395349,0.546511627906977,NA,7,"top7","eeg_tb_ratio_precond;eeg_ab_ratio_precond;hrv_rmssd_precond;eda_sd_precond;eeg_fl_hbeta_power_precond;hr_med_precond;eeg_tright_lbeta_power_precond"
2025-12-19 15:57:06.772215,13,"workload_label",7,2,0.125,0.604651162790698,0.616279069767442,0.595348837209302,7,"top7","eeg_tb_ratio_precond;eeg_ab_ratio_precond;hrv_rmssd_precond;eda_sd_precond;eeg_fl_hbeta_power_precond;hr_med_precond;eeg_tright_lbeta_power_precond"
2025-12-19 15:57:06.820143,13,"workload_label",7,4,0.125,0.575581395348837,0.593023255813954,NA,7,"top7","eeg_tb_ratio_precond;eeg_ab_ratio_precond;hrv_rmssd_precond;eda_sd_precond;eeg_fl_hbeta_power_precond;hr_med_precond;eeg_tright_lbeta_power_precond"
2025-12-19 15:57:06.880545,13,"workload_label",7,8,0.125,0.540697674418605,0.569767441860465,NA,7,"top7","eeg_tb_ratio_precond;eeg_ab_ratio_precond;hrv_rmssd_precond;eda_sd_precond;eeg_fl_hbeta_power_precond;hr_med_precond;eeg_tright_lbeta_power_precond"
2025-12-19 15:57:06.950275,13,"workload_label",7,16,0.125,0.534883720930233,0.558139534883721,NA,7,"top7","eeg_tb_ratio_precond;eeg_ab_ratio_precond;hrv_rmssd_precond;eda_sd_precond;eeg_fl_hbeta_power_precond;hr_med_precond;eeg_tright_lbeta_power_precond"
2025-12-19 15:57:07.034258,13,"workload_label",7,32,0.125,0.540697674418605,0.488372093023256,NA,7,"top7","eeg_tb_ratio_precond;eeg_ab_ratio_precond;hrv_rmssd_precond;eda_sd_precond;eeg_fl_hbeta_power_precond;hr_med_precond;eeg_tright_lbeta_power_precond"
2025-12-19 15:57:07.278035,13,"workload_label",7,64,0.125,0.534883720930233,0.476744186046512,NA,7,"top7","eeg_tb_ratio_precond;eeg_ab_ratio_precond;hrv_rmssd_precond;eda_sd_precond;eeg_fl_hbeta_power_precond;hr_med_precond;eeg_tright_lbeta_power_precond"
2025-12-19 15:57:07.528809,13,"workload_label",7,128,0.125,0.529069767441861,0.476744186046512,NA,7,"top7","eeg_tb_ratio_precond;eeg_ab_ratio_precond;hrv_rmssd_precond;eda_sd_precond;eeg_fl_hbeta_power_precond;hr_med_precond;eeg_tright_lbeta_power_precond"
2025-12-19 15:57:07.656891,13,"workload_label",7,256,0.125,0.529069767441861,0.383720930232558,NA,7,"top7","eeg_tb_ratio_precond;eeg_ab_ratio_precond;hrv_rmssd_precond;eda_sd_precond;eeg_fl_hbeta_power_precond;hr_med_precond;eeg_tright_lbeta_power_precond"
2025-12-19 15:57:07.087361,13,"workload_label",7,2,0.03,0.61046511627907,0.645348837209302,0.60077519379845,7,"top7","eeg_tb_ratio_precond;eeg_ab_ratio_precond;hrv_rmssd_precond;eda_sd_precond;eeg_fl_hbeta_power_precond;hr_med_precond;eeg_tright_lbeta_power_precond"
2025-12-19 15:57:07.383445,13,"workload_label",7,4,0.03,0.593023255813954,0.633720930232558,0.587596899224806,7,"top7","eeg_tb_ratio_precond;eeg_ab_ratio_precond;hrv_rmssd_precond;eda_sd_precond;eeg_fl_hbeta_power_precond;hr_med_precond;eeg_tright_lbeta_power_precond"
2025-12-19 15:57:07.823914,13,"workload_label",7,8,0.03,0.587209302325581,0.622093023255814,0.584496124031008,7,"top7","eeg_tb_ratio_precond;eeg_ab_ratio_precond;hrv_rmssd_precond;eda_sd_precond;eeg_fl_hbeta_power_precond;hr_med_precond;eeg_tright_lbeta_power_precond"
2025-12-19 15:57:07.85718,13,"workload_label",7,16,0.03,0.587209302325581,0.633720930232558,0.588372093023256,7,"top7","eeg_tb_ratio_precond;eeg_ab_ratio_precond;hrv_rmssd_precond;eda_sd_precond;eeg_fl_hbeta_power_precond;hr_med_precond;eeg_tright_lbeta_power_precond"
2025-12-19 15:57:07.972898,13,"workload_label",7,32,0.03,0.569767441860465,0.616279069767442,NA,7,"top7","eeg_tb_ratio_precond;eeg_ab_ratio_precond;hrv_rmssd_precond;eda_sd_precond;eeg_fl_hbeta_power_precond;hr_med_precond;eeg_tright_lbeta_power_precond"
2025-12-19 15:57:08.091911,13,"workload_label",7,64,0.03,0.552325581395349,0.569767441860465,NA,7,"top7","eeg_tb_ratio_precond;eeg_ab_ratio_precond;hrv_rmssd_precond;eda_sd_precond;eeg_fl_hbeta_power_precond;hr_med_precond;eeg_tright_lbeta_power_precond"
2025-12-19 15:57:08.284954,13,"workload_label",7,128,0.03,0.552325581395349,0.569767441860465,NA,7,"top7","eeg_tb_ratio_precond;eeg_ab_ratio_precond;hrv_rmssd_precond;eda_sd_precond;eeg_fl_hbeta_power_precond;hr_med_precond;eeg_tright_lbeta_power_precond"
2025-12-19 15:57:08.608804,13,"workload_label",7,256,0.03,0.534883720930233,0.569767441860465,NA,7,"top7","eeg_tb_ratio_precond;eeg_ab_ratio_precond;hrv_rmssd_precond;eda_sd_precond;eeg_fl_hbeta_power_precond;hr_med_precond;eeg_tright_lbeta_power_precond"
2025-12-19 15:57:08.052598,13,"workload_label",7,2,0.06,0.61046511627907,0.622093023255814,0.602325581395349,7,"top7","eeg_tb_ratio_precond;eeg_ab_ratio_precond;hrv_rmssd_precond;eda_sd_precond;eeg_fl_hbeta_power_precond;hr_med_precond;eeg_tright_lbeta_power_precond"
2025-12-19 15:57:08.101721,13,"workload_label",7,4,0.06,0.581395348837209,0.622093023255814,0.57906976744186,7,"top7","eeg_tb_ratio_precond;eeg_ab_ratio_precond;hrv_rmssd_precond;eda_sd_precond;eeg_fl_hbeta_power_precond;hr_med_precond;eeg_tright_lbeta_power_precond"
2025-12-19 15:57:08.291592,13,"workload_label",7,8,0.06,0.604651162790698,0.61046511627907,NA,7,"top7","eeg_tb_ratio_precond;eeg_ab_ratio_precond;hrv_rmssd_precond;eda_sd_precond;eeg_fl_hbeta_power_precond;hr_med_precond;eeg_tright_lbeta_power_precond"
2025-12-19 15:57:08.402709,13,"workload_label",7,16,0.06,0.569767441860465,0.569767441860465,NA,7,"top7","eeg_tb_ratio_precond;eeg_ab_ratio_precond;hrv_rmssd_precond;eda_sd_precond;eeg_fl_hbeta_power_precond;hr_med_precond;eeg_tright_lbeta_power_precond"
2025-12-19 15:57:08.546295,13,"workload_label",7,32,0.06,0.540697674418605,0.563953488372093,NA,7,"top7","eeg_tb_ratio_precond;eeg_ab_ratio_precond;hrv_rmssd_precond;eda_sd_precond;eeg_fl_hbeta_power_precond;hr_med_precond;eeg_tright_lbeta_power_precond"
2025-12-19 15:57:08.838714,13,"workload_label",7,64,0.06,0.563953488372093,0.558139534883721,0.565891472868217,7,"top7","eeg_tb_ratio_precond;eeg_ab_ratio_precond;hrv_rmssd_precond;eda_sd_precond;eeg_fl_hbeta_power_precond;hr_med_precond;eeg_tright_lbeta_power_precond"
2025-12-19 15:57:08.997487,13,"workload_label",7,128,0.06,0.552325581395349,0.517441860465116,NA,7,"top7","eeg_tb_ratio_precond;eeg_ab_ratio_precond;hrv_rmssd_precond;eda_sd_precond;eeg_fl_hbeta_power_precond;hr_med_precond;eeg_tright_lbeta_power_precond"
2025-12-19 15:57:09.283231,13,"workload_label",7,256,0.06,0.546511627906977,0.482558139534884,NA,7,"top7","eeg_tb_ratio_precond;eeg_ab_ratio_precond;hrv_rmssd_precond;eda_sd_precond;eeg_fl_hbeta_power_precond;hr_med_precond;eeg_tright_lbeta_power_precond"
2025-12-19 15:57:08.832105,13,"workload_label",7,2,0.1,0.587209302325581,0.622093023255814,0.57906976744186,7,"top7","eeg_tb_ratio_precond;eeg_ab_ratio_precond;hrv_rmssd_precond;eda_sd_precond;eeg_fl_hbeta_power_precond;hr_med_precond;eeg_tright_lbeta_power_precond"
2025-12-19 15:57:08.857586,13,"workload_label",7,4,0.1,0.587209302325581,0.598837209302326,NA,7,"top7","eeg_tb_ratio_precond;eeg_ab_ratio_precond;hrv_rmssd_precond;eda_sd_precond;eeg_fl_hbeta_power_precond;hr_med_precond;eeg_tright_lbeta_power_precond"
2025-12-19 15:57:08.997689,13,"workload_label",7,8,0.1,0.552325581395349,0.581395348837209,NA,7,"top7","eeg_tb_ratio_precond;eeg_ab_ratio_precond;hrv_rmssd_precond;eda_sd_precond;eeg_fl_hbeta_power_precond;hr_med_precond;eeg_tright_lbeta_power_precond"
2025-12-19 15:57:09.078909,13,"workload_label",7,16,0.1,0.546511627906977,0.540697674418605,NA,7,"top7","eeg_tb_ratio_precond;eeg_ab_ratio_precond;hrv_rmssd_precond;eda_sd_precond;eeg_fl_hbeta_power_precond;hr_med_precond;eeg_tright_lbeta_power_precond"
2025-12-19 15:57:09.152857,13,"workload_label",7,32,0.1,0.534883720930233,0.546511627906977,NA,7,"top7","eeg_tb_ratio_precond;eeg_ab_ratio_precond;hrv_rmssd_precond;eda_sd_precond;eeg_fl_hbeta_power_precond;hr_med_precond;eeg_tright_lbeta_power_precond"
2025-12-19 15:57:09.271684,13,"workload_label",7,64,0.1,0.540697674418605,0.546511627906977,NA,7,"top7","eeg_tb_ratio_precond;eeg_ab_ratio_precond;hrv_rmssd_precond;eda_sd_precond;eeg_fl_hbeta_power_precond;hr_med_precond;eeg_tright_lbeta_power_precond"
2025-12-19 15:57:09.518519,13,"workload_label",7,128,0.1,0.517441860465116,0.482558139534884,NA,7,"top7","eeg_tb_ratio_precond;eeg_ab_ratio_precond;hrv_rmssd_precond;eda_sd_precond;eeg_fl_hbeta_power_precond;hr_med_precond;eeg_tright_lbeta_power_precond"
2025-12-19 15:57:09.651124,13,"workload_label",7,256,0.1,0.540697674418605,0.459302325581395,NA,7,"top7","eeg_tb_ratio_precond;eeg_ab_ratio_precond;hrv_rmssd_precond;eda_sd_precond;eeg_fl_hbeta_power_precond;hr_med_precond;eeg_tright_lbeta_power_precond"
2025-12-19 15:57:10.929994,15,"workload_label",7,2,0.0078125,0.651162790697674,0.686046511627907,0.624806201550388,7,"top7","eeg_tb_ratio_precond;eeg_ab_ratio_precond;hrv_rmssd_precond;eda_sd_precond;hr_med_precond;eeg_tleft_lbeta_power_precond;eeg_fl_hbeta_power_precond"
2025-12-19 15:57:10.912622,15,"workload_label",7,4,0.0078125,0.651162790697674,0.668604651162791,0.630232558139535,7,"top7","eeg_tb_ratio_precond;eeg_ab_ratio_precond;hrv_rmssd_precond;eda_sd_precond;hr_med_precond;eeg_tleft_lbeta_power_precond;eeg_fl_hbeta_power_precond"
2025-12-19 15:57:10.920895,15,"workload_label",7,8,0.0078125,0.622093023255814,0.651162790697674,0.610077519379845,7,"top7","eeg_tb_ratio_precond;eeg_ab_ratio_precond;hrv_rmssd_precond;eda_sd_precond;hr_med_precond;eeg_tleft_lbeta_power_precond;eeg_fl_hbeta_power_precond"
2025-12-19 15:57:10.888322,15,"workload_label",7,16,0.0078125,0.616279069767442,0.63953488372093,0.603100775193798,7,"top7","eeg_tb_ratio_precond;eeg_ab_ratio_precond;hrv_rmssd_precond;eda_sd_precond;hr_med_precond;eeg_tleft_lbeta_power_precond;eeg_fl_hbeta_power_precond"
2025-12-19 15:57:10.89414,15,"workload_label",7,32,0.0078125,0.61046511627907,0.63953488372093,0.603875968992248,7,"top7","eeg_tb_ratio_precond;eeg_ab_ratio_precond;hrv_rmssd_precond;eda_sd_precond;hr_med_precond;eeg_tleft_lbeta_power_precond;eeg_fl_hbeta_power_precond"
2025-12-19 15:57:10.934837,15,"workload_label",7,64,0.0078125,0.587209302325581,0.627906976744186,0.589147286821705,7,"top7","eeg_tb_ratio_precond;eeg_ab_ratio_precond;hrv_rmssd_precond;eda_sd_precond;hr_med_precond;eeg_tleft_lbeta_power_precond;eeg_fl_hbeta_power_precond"
2025-12-19 15:57:10.999162,15,"workload_label",7,128,0.0078125,0.575581395348837,0.645348837209302,0.589147286821705,7,"top7","eeg_tb_ratio_precond;eeg_ab_ratio_precond;hrv_rmssd_precond;eda_sd_precond;hr_med_precond;eeg_tleft_lbeta_power_precond;eeg_fl_hbeta_power_precond"
2025-12-19 15:57:11.111877,15,"workload_label",7,256,0.0078125,0.558139534883721,0.622093023255814,0.55968992248062,7,"top7","eeg_tb_ratio_precond;eeg_ab_ratio_precond;hrv_rmssd_precond;eda_sd_precond;hr_med_precond;eeg_tleft_lbeta_power_precond;eeg_fl_hbeta_power_precond"
2025-12-19 15:57:10.925677,15,"workload_label",7,2,0.015625,0.651162790697674,0.668604651162791,0.630232558139535,7,"top7","eeg_tb_ratio_precond;eeg_ab_ratio_precond;hrv_rmssd_precond;eda_sd_precond;hr_med_precond;eeg_tleft_lbeta_power_precond;eeg_fl_hbeta_power_precond"
2025-12-19 15:57:10.897441,15,"workload_label",7,4,0.015625,0.622093023255814,0.656976744186046,0.613178294573643,7,"top7","eeg_tb_ratio_precond;eeg_ab_ratio_precond;hrv_rmssd_precond;eda_sd_precond;hr_med_precond;eeg_tleft_lbeta_power_precond;eeg_fl_hbeta_power_precond"
2025-12-19 15:57:10.895799,15,"workload_label",7,8,0.015625,0.61046511627907,0.63953488372093,0.603875968992248,7,"top7","eeg_tb_ratio_precond;eeg_ab_ratio_precond;hrv_rmssd_precond;eda_sd_precond;hr_med_precond;eeg_tleft_lbeta_power_precond;eeg_fl_hbeta_power_precond"
2025-12-19 15:57:10.961505,15,"workload_label",7,16,0.015625,0.598837209302326,0.633720930232558,0.602325581395349,7,"top7","eeg_tb_ratio_precond;eeg_ab_ratio_precond;hrv_rmssd_precond;eda_sd_precond;hr_med_precond;eeg_tleft_lbeta_power_precond;eeg_fl_hbeta_power_precond"
2025-12-19 15:57:10.937271,15,"workload_label",7,32,0.015625,0.581395348837209,0.645348837209302,0.591472868217054,7,"top7","eeg_tb_ratio_precond;eeg_ab_ratio_precond;hrv_rmssd_precond;eda_sd_precond;hr_med_precond;eeg_tleft_lbeta_power_precond;eeg_fl_hbeta_power_precond"
2025-12-19 15:57:10.982157,15,"workload_label",7,64,0.015625,0.552325581395349,0.63953488372093,0.55968992248062,7,"top7","eeg_tb_ratio_precond;eeg_ab_ratio_precond;hrv_rmssd_precond;eda_sd_precond;hr_med_precond;eeg_tleft_lbeta_power_precond;eeg_fl_hbeta_power_precond"
2025-12-19 15:57:12.152061,15,"workload_label",7,128,0.015625,0.552325581395349,0.593023255813954,NA,7,"top7","eeg_tb_ratio_precond;eeg_ab_ratio_precond;hrv_rmssd_precond;eda_sd_precond;hr_med_precond;eeg_tleft_lbeta_power_precond;eeg_fl_hbeta_power_precond"
2025-12-19 15:57:12.256018,15,"workload_label",7,256,0.015625,0.558139534883721,0.563953488372093,0.565116279069767,7,"top7","eeg_tb_ratio_precond;eeg_ab_ratio_precond;hrv_rmssd_precond;eda_sd_precond;hr_med_precond;eeg_tleft_lbeta_power_precond;eeg_fl_hbeta_power_precond"
2025-12-19 15:57:11.932107,15,"workload_label",7,2,0.03125,0.622093023255814,0.651162790697674,0.62015503875969,7,"top7","eeg_tb_ratio_precond;eeg_ab_ratio_precond;hrv_rmssd_precond;eda_sd_precond;hr_med_precond;eeg_tleft_lbeta_power_precond;eeg_fl_hbeta_power_precond"
2025-12-19 15:57:11.925723,15,"workload_label",7,4,0.03125,0.598837209302326,0.645348837209302,0.606976744186047,7,"top7","eeg_tb_ratio_precond;eeg_ab_ratio_precond;hrv_rmssd_precond;eda_sd_precond;hr_med_precond;eeg_tleft_lbeta_power_precond;eeg_fl_hbeta_power_precond"
2025-12-19 15:57:11.947617,15,"workload_label",7,8,0.03125,0.587209302325581,0.656976744186046,0.595348837209302,7,"top7","eeg_tb_ratio_precond;eeg_ab_ratio_precond;hrv_rmssd_precond;eda_sd_precond;hr_med_precond;eeg_tleft_lbeta_power_precond;eeg_fl_hbeta_power_precond"
2025-12-19 15:57:11.991498,15,"workload_label",7,16,0.03125,0.593023255813954,0.633720930232558,0.593023255813954,7,"top7","eeg_tb_ratio_precond;eeg_ab_ratio_precond;hrv_rmssd_precond;eda_sd_precond;hr_med_precond;eeg_tleft_lbeta_power_precond;eeg_fl_hbeta_power_precond"
2025-12-19 15:57:12.086703,15,"workload_label",7,32,0.03125,0.563953488372093,0.627906976744186,NA,7,"top7","eeg_tb_ratio_precond;eeg_ab_ratio_precond;hrv_rmssd_precond;eda_sd_precond;hr_med_precond;eeg_tleft_lbeta_power_precond;eeg_fl_hbeta_power_precond"
2025-12-19 15:57:12.118513,15,"workload_label",7,64,0.03125,0.534883720930233,0.587209302325581,0.53953488372093,7,"top7","eeg_tb_ratio_precond;eeg_ab_ratio_precond;hrv_rmssd_precond;eda_sd_precond;hr_med_precond;eeg_tleft_lbeta_power_precond;eeg_fl_hbeta_power_precond"
2025-12-19 15:57:12.312805,15,"workload_label",7,128,0.03125,0.593023255813954,0.622093023255814,0.596899224806202,7,"top7","eeg_tb_ratio_precond;eeg_ab_ratio_precond;hrv_rmssd_precond;eda_sd_precond;hr_med_precond;eeg_tleft_lbeta_power_precond;eeg_fl_hbeta_power_precond"
2025-12-19 15:57:12.6207,15,"workload_label",7,256,0.03125,0.569767441860465,0.581395348837209,0.569767441860465,7,"top7","eeg_tb_ratio_precond;eeg_ab_ratio_precond;hrv_rmssd_precond;eda_sd_precond;hr_med_precond;eeg_tleft_lbeta_power_precond;eeg_fl_hbeta_power_precond"
2025-12-19 15:57:12.015469,15,"workload_label",7,2,0.0625,0.598837209302326,0.645348837209302,0.609302325581395,7,"top7","eeg_tb_ratio_precond;eeg_ab_ratio_precond;hrv_rmssd_precond;eda_sd_precond;hr_med_precond;eeg_tleft_lbeta_power_precond;eeg_fl_hbeta_power_precond"
2025-12-19 15:57:12.007032,15,"workload_label",7,4,0.0625,0.593023255813954,0.651162790697674,0.589922480620155,7,"top7","eeg_tb_ratio_precond;eeg_ab_ratio_precond;hrv_rmssd_precond;eda_sd_precond;hr_med_precond;eeg_tleft_lbeta_power_precond;eeg_fl_hbeta_power_precond"
2025-12-19 15:57:12.07617,15,"workload_label",7,8,0.0625,0.563953488372093,0.622093023255814,NA,7,"top7","eeg_tb_ratio_precond;eeg_ab_ratio_precond;hrv_rmssd_precond;eda_sd_precond;hr_med_precond;eeg_tleft_lbeta_power_precond;eeg_fl_hbeta_power_precond"
2025-12-19 15:57:12.221046,15,"workload_label",7,16,0.0625,0.552325581395349,0.616279069767442,NA,7,"top7","eeg_tb_ratio_precond;eeg_ab_ratio_precond;hrv_rmssd_precond;eda_sd_precond;hr_med_precond;eeg_tleft_lbeta_power_precond;eeg_fl_hbeta_power_precond"
2025-12-19 15:57:13.097836,15,"workload_label",7,32,0.0625,0.563953488372093,0.563953488372093,NA,7,"top7","eeg_tb_ratio_precond;eeg_ab_ratio_precond;hrv_rmssd_precond;eda_sd_precond;hr_med_precond;eeg_tleft_lbeta_power_precond;eeg_fl_hbeta_power_precond"
2025-12-19 15:57:13.236265,15,"workload_label",7,64,0.0625,0.552325581395349,0.546511627906977,0.550387596899225,7,"top7","eeg_tb_ratio_precond;eeg_ab_ratio_precond;hrv_rmssd_precond;eda_sd_precond;hr_med_precond;eeg_tleft_lbeta_power_precond;eeg_fl_hbeta_power_precond"
2025-12-19 15:57:13.499273,15,"workload_label",7,128,0.0625,0.546511627906977,0.581395348837209,0.53953488372093,7,"top7","eeg_tb_ratio_precond;eeg_ab_ratio_precond;hrv_rmssd_precond;eda_sd_precond;hr_med_precond;eeg_tleft_lbeta_power_precond;eeg_fl_hbeta_power_precond"
2025-12-19 15:57:13.87509,15,"workload_label",7,256,0.0625,0.523255813953488,0.459302325581395,0.534108527131783,7,"top7","eeg_tb_ratio_precond;eeg_ab_ratio_precond;hrv_rmssd_precond;eda_sd_precond;hr_med_precond;eeg_tleft_lbeta_power_precond;eeg_fl_hbeta_power_precond"
2025-12-19 15:57:13.045739,15,"workload_label",7,2,0.125,0.593023255813954,0.645348837209302,0.582170542635659,7,"top7","eeg_tb_ratio_precond;eeg_ab_ratio_precond;hrv_rmssd_precond;eda_sd_precond;hr_med_precond;eeg_tleft_lbeta_power_precond;eeg_fl_hbeta_power_precond"
2025-12-19 15:57:13.060526,15,"workload_label",7,4,0.125,0.569767441860465,0.616279069767442,NA,7,"top7","eeg_tb_ratio_precond;eeg_ab_ratio_precond;hrv_rmssd_precond;eda_sd_precond;hr_med_precond;eeg_tleft_lbeta_power_precond;eeg_fl_hbeta_power_precond"
2025-12-19 15:57:13.188546,15,"workload_label",7,8,0.125,0.534883720930233,0.558139534883721,NA,7,"top7","eeg_tb_ratio_precond;eeg_ab_ratio_precond;hrv_rmssd_precond;eda_sd_precond;hr_med_precond;eeg_tleft_lbeta_power_precond;eeg_fl_hbeta_power_precond"
2025-12-19 15:57:13.253046,15,"workload_label",7,16,0.125,0.523255813953488,0.511627906976744,NA,7,"top7","eeg_tb_ratio_precond;eeg_ab_ratio_precond;hrv_rmssd_precond;eda_sd_precond;hr_med_precond;eeg_tleft_lbeta_power_precond;eeg_fl_hbeta_power_precond"
2025-12-19 15:57:13.36399,15,"workload_label",7,32,0.125,0.534883720930233,0.441860465116279,0.529457364341085,7,"top7","eeg_tb_ratio_precond;eeg_ab_ratio_precond;hrv_rmssd_precond;eda_sd_precond;hr_med_precond;eeg_tleft_lbeta_power_precond;eeg_fl_hbeta_power_precond"
2025-12-19 15:57:13.585645,15,"workload_label",7,64,0.125,0.511627906976744,0.47093023255814,NA,7,"top7","eeg_tb_ratio_precond;eeg_ab_ratio_precond;hrv_rmssd_precond;eda_sd_precond;hr_med_precond;eeg_tleft_lbeta_power_precond;eeg_fl_hbeta_power_precond"
2025-12-19 15:57:13.769799,15,"workload_label",7,128,0.125,0.505813953488372,0.529069767441861,NA,7,"top7","eeg_tb_ratio_precond;eeg_ab_ratio_precond;hrv_rmssd_precond;eda_sd_precond;hr_med_precond;eeg_tleft_lbeta_power_precond;eeg_fl_hbeta_power_precond"
2025-12-19 15:57:13.943303,15,"workload_label",7,256,0.125,0.534883720930233,0.459302325581395,NA,7,"top7","eeg_tb_ratio_precond;eeg_ab_ratio_precond;hrv_rmssd_precond;eda_sd_precond;hr_med_precond;eeg_tleft_lbeta_power_precond;eeg_fl_hbeta_power_precond"
2025-12-19 15:57:13.36151,15,"workload_label",7,2,0.03,0.616279069767442,0.656976744186046,0.613178294573643,7,"top7","eeg_tb_ratio_precond;eeg_ab_ratio_precond;hrv_rmssd_precond;eda_sd_precond;hr_med_precond;eeg_tleft_lbeta_power_precond;eeg_fl_hbeta_power_precond"
2025-12-19 15:57:13.648227,15,"workload_label",7,4,0.03,0.598837209302326,0.645348837209302,0.606976744186047,7,"top7","eeg_tb_ratio_precond;eeg_ab_ratio_precond;hrv_rmssd_precond;eda_sd_precond;hr_med_precond;eeg_tleft_lbeta_power_precond;eeg_fl_hbeta_power_precond"
2025-12-19 15:57:14.063392,15,"workload_label",7,8,0.03,0.587209302325581,0.656976744186046,0.590697674418605,7,"top7","eeg_tb_ratio_precond;eeg_ab_ratio_precond;hrv_rmssd_precond;eda_sd_precond;hr_med_precond;eeg_tleft_lbeta_power_precond;eeg_fl_hbeta_power_precond"
2025-12-19 15:57:14.127393,15,"workload_label",7,16,0.03,0.587209302325581,0.633720930232558,0.589147286821705,7,"top7","eeg_tb_ratio_precond;eeg_ab_ratio_precond;hrv_rmssd_precond;eda_sd_precond;hr_med_precond;eeg_tleft_lbeta_power_precond;eeg_fl_hbeta_power_precond"
2025-12-19 15:57:14.22616,15,"workload_label",7,32,0.03,0.563953488372093,0.627906976744186,NA,7,"top7","eeg_tb_ratio_precond;eeg_ab_ratio_precond;hrv_rmssd_precond;eda_sd_precond;hr_med_precond;eeg_tleft_lbeta_power_precond;eeg_fl_hbeta_power_precond"
2025-12-19 15:57:14.391102,15,"workload_label",7,64,0.03,0.534883720930233,0.587209302325581,0.531782945736434,7,"top7","eeg_tb_ratio_precond;eeg_ab_ratio_precond;hrv_rmssd_precond;eda_sd_precond;hr_med_precond;eeg_tleft_lbeta_power_precond;eeg_fl_hbeta_power_precond"
2025-12-19 15:57:14.523334,15,"workload_label",7,128,0.03,0.587209302325581,0.622093023255814,0.589922480620155,7,"top7","eeg_tb_ratio_precond;eeg_ab_ratio_precond;hrv_rmssd_precond;eda_sd_precond;hr_med_precond;eeg_tleft_lbeta_power_precond;eeg_fl_hbeta_power_precond"
2025-12-19 15:57:14.877098,15,"workload_label",7,256,0.03,0.569767441860465,0.581395348837209,0.565891472868217,7,"top7","eeg_tb_ratio_precond;eeg_ab_ratio_precond;hrv_rmssd_precond;eda_sd_precond;hr_med_precond;eeg_tleft_lbeta_power_precond;eeg_fl_hbeta_power_precond"
2025-12-19 15:57:14.377259,15,"workload_label",7,2,0.06,0.598837209302326,0.645348837209302,0.609302325581395,7,"top7","eeg_tb_ratio_precond;eeg_ab_ratio_precond;hrv_rmssd_precond;eda_sd_precond;hr_med_precond;eeg_tleft_lbeta_power_precond;eeg_fl_hbeta_power_precond"
2025-12-19 15:57:14.386003,15,"workload_label",7,4,0.06,0.593023255813954,0.656976744186046,0.589922480620155,7,"top7","eeg_tb_ratio_precond;eeg_ab_ratio_precond;hrv_rmssd_precond;eda_sd_precond;hr_med_precond;eeg_tleft_lbeta_power_precond;eeg_fl_hbeta_power_precond"
2025-12-19 15:57:14.579449,15,"workload_label",7,8,0.06,0.575581395348837,0.633720930232558,NA,7,"top7","eeg_tb_ratio_precond;eeg_ab_ratio_precond;hrv_rmssd_precond;eda_sd_precond;hr_med_precond;eeg_tleft_lbeta_power_precond;eeg_fl_hbeta_power_precond"
2025-12-19 15:57:14.673252,15,"workload_label",7,16,0.06,0.540697674418605,0.616279069767442,NA,7,"top7","eeg_tb_ratio_precond;eeg_ab_ratio_precond;hrv_rmssd_precond;eda_sd_precond;hr_med_precond;eeg_tleft_lbeta_power_precond;eeg_fl_hbeta_power_precond"
2025-12-19 15:57:14.829478,15,"workload_label",7,32,0.06,0.575581395348837,0.598837209302326,NA,7,"top7","eeg_tb_ratio_precond;eeg_ab_ratio_precond;hrv_rmssd_precond;eda_sd_precond;hr_med_precond;eeg_tleft_lbeta_power_precond;eeg_fl_hbeta_power_precond"
2025-12-19 15:57:15.219117,15,"workload_label",7,64,0.06,0.558139534883721,0.558139534883721,0.556589147286822,7,"top7","eeg_tb_ratio_precond;eeg_ab_ratio_precond;hrv_rmssd_precond;eda_sd_precond;hr_med_precond;eeg_tleft_lbeta_power_precond;eeg_fl_hbeta_power_precond"
2025-12-19 15:57:15.29262,15,"workload_label",7,128,0.06,0.546511627906977,0.563953488372093,0.53953488372093,7,"top7","eeg_tb_ratio_precond;eeg_ab_ratio_precond;hrv_rmssd_precond;eda_sd_precond;hr_med_precond;eeg_tleft_lbeta_power_precond;eeg_fl_hbeta_power_precond"
2025-12-19 15:57:15.528843,15,"workload_label",7,256,0.06,0.534883720930233,0.430232558139535,0.546511627906977,7,"top7","eeg_tb_ratio_precond;eeg_ab_ratio_precond;hrv_rmssd_precond;eda_sd_precond;hr_med_precond;eeg_tleft_lbeta_power_precond;eeg_fl_hbeta_power_precond"
2025-12-19 15:57:15.097257,15,"workload_label",7,2,0.1,0.598837209302326,0.651162790697674,0.592248062015504,7,"top7","eeg_tb_ratio_precond;eeg_ab_ratio_precond;hrv_rmssd_precond;eda_sd_precond;hr_med_precond;eeg_tleft_lbeta_power_precond;eeg_fl_hbeta_power_precond"
2025-12-19 15:57:15.110576,15,"workload_label",7,4,0.1,0.575581395348837,0.627906976744186,NA,7,"top7","eeg_tb_ratio_precond;eeg_ab_ratio_precond;hrv_rmssd_precond;eda_sd_precond;hr_med_precond;eeg_tleft_lbeta_power_precond;eeg_fl_hbeta_power_precond"
2025-12-19 15:57:15.24094,15,"workload_label",7,8,0.1,0.546511627906977,0.604651162790698,NA,7,"top7","eeg_tb_ratio_precond;eeg_ab_ratio_precond;hrv_rmssd_precond;eda_sd_precond;hr_med_precond;eeg_tleft_lbeta_power_precond;eeg_fl_hbeta_power_precond"
2025-12-19 15:57:15.366993,15,"workload_label",7,16,0.1,0.540697674418605,0.552325581395349,NA,7,"top7","eeg_tb_ratio_precond;eeg_ab_ratio_precond;hrv_rmssd_precond;eda_sd_precond;hr_med_precond;eeg_tleft_lbeta_power_precond;eeg_fl_hbeta_power_precond"
2025-12-19 15:57:15.474064,15,"workload_label",7,32,0.1,0.529069767441861,0.511627906976744,0.528682170542636,7,"top7","eeg_tb_ratio_precond;eeg_ab_ratio_precond;hrv_rmssd_precond;eda_sd_precond;hr_med_precond;eeg_tleft_lbeta_power_precond;eeg_fl_hbeta_power_precond"
2025-12-19 15:57:15.518508,15,"workload_label",7,64,0.1,0.540697674418605,0.482558139534884,0.543410852713178,7,"top7","eeg_tb_ratio_precond;eeg_ab_ratio_precond;hrv_rmssd_precond;eda_sd_precond;hr_med_precond;eeg_tleft_lbeta_power_precond;eeg_fl_hbeta_power_precond"
2025-12-19 15:57:15.767492,15,"workload_label",7,128,0.1,0.488372093023256,0.511627906976744,NA,7,"top7","eeg_tb_ratio_precond;eeg_ab_ratio_precond;hrv_rmssd_precond;eda_sd_precond;hr_med_precond;eeg_tleft_lbeta_power_precond;eeg_fl_hbeta_power_precond"
2025-12-19 15:57:15.955409,15,"workload_label",7,256,0.1,0.511627906976744,0.575581395348837,NA,7,"top7","eeg_tb_ratio_precond;eeg_ab_ratio_precond;hrv_rmssd_precond;eda_sd_precond;hr_med_precond;eeg_tleft_lbeta_power_precond;eeg_fl_hbeta_power_precond"
2025-12-19 15:57:17.24446,16,"workload_label",7,2,0.0078125,0.627906976744186,0.662790697674419,0.598449612403101,7,"top7","eeg_tb_ratio_precond;eeg_ab_ratio_precond;hrv_rmssd_precond;hr_med_precond;eda_sd_precond;eeg_fl_hbeta_power_precond;eeg_tright_lbeta_power_precond"
2025-12-19 15:57:17.236355,16,"workload_label",7,4,0.0078125,0.627906976744186,0.627906976744186,0.608527131782946,7,"top7","eeg_tb_ratio_precond;eeg_ab_ratio_precond;hrv_rmssd_precond;hr_med_precond;eda_sd_precond;eeg_fl_hbeta_power_precond;eeg_tright_lbeta_power_precond"
2025-12-19 15:57:17.212299,16,"workload_label",7,8,0.0078125,0.622093023255814,0.627906976744186,0.604651162790698,7,"top7","eeg_tb_ratio_precond;eeg_ab_ratio_precond;hrv_rmssd_precond;hr_med_precond;eda_sd_precond;eeg_fl_hbeta_power_precond;eeg_tright_lbeta_power_precond"
2025-12-19 15:57:17.168313,16,"workload_label",7,16,0.0078125,0.61046511627907,0.616279069767442,0.597674418604651,7,"top7","eeg_tb_ratio_precond;eeg_ab_ratio_precond;hrv_rmssd_precond;hr_med_precond;eda_sd_precond;eeg_fl_hbeta_power_precond;eeg_tright_lbeta_power_precond"
2025-12-19 15:57:17.19738,16,"workload_label",7,32,0.0078125,0.563953488372093,0.604651162790698,0.565116279069767,7,"top7","eeg_tb_ratio_precond;eeg_ab_ratio_precond;hrv_rmssd_precond;hr_med_precond;eda_sd_precond;eeg_fl_hbeta_power_precond;eeg_tright_lbeta_power_precond"
2025-12-19 15:57:17.201098,16,"workload_label",7,64,0.0078125,0.575581395348837,0.616279069767442,0.594573643410853,7,"top7","eeg_tb_ratio_precond;eeg_ab_ratio_precond;hrv_rmssd_precond;hr_med_precond;eda_sd_precond;eeg_fl_hbeta_power_precond;eeg_tright_lbeta_power_precond"
2025-12-19 15:57:17.292578,16,"workload_label",7,128,0.0078125,0.569767441860465,0.622093023255814,0.585271317829457,7,"top7","eeg_tb_ratio_precond;eeg_ab_ratio_precond;hrv_rmssd_precond;hr_med_precond;eda_sd_precond;eeg_fl_hbeta_power_precond;eeg_tright_lbeta_power_precond"
2025-12-19 15:57:17.364538,16,"workload_label",7,256,0.0078125,0.563953488372093,0.593023255813954,0.576744186046512,7,"top7","eeg_tb_ratio_precond;eeg_ab_ratio_precond;hrv_rmssd_precond;hr_med_precond;eda_sd_precond;eeg_fl_hbeta_power_precond;eeg_tright_lbeta_power_precond"
2025-12-19 15:57:17.258776,16,"workload_label",7,2,0.015625,0.616279069767442,0.627906976744186,0.60077519379845,7,"top7","eeg_tb_ratio_precond;eeg_ab_ratio_precond;hrv_rmssd_precond;hr_med_precond;eda_sd_precond;eeg_fl_hbeta_power_precond;eeg_tright_lbeta_power_precond"
2025-12-19 15:57:17.183887,16,"workload_label",7,4,0.015625,0.622093023255814,0.633720930232558,0.608527131782946,7,"top7","eeg_tb_ratio_precond;eeg_ab_ratio_precond;hrv_rmssd_precond;hr_med_precond;eda_sd_precond;eeg_fl_hbeta_power_precond;eeg_tright_lbeta_power_precond"
2025-12-19 15:57:17.26062,16,"workload_label",7,8,0.015625,0.575581395348837,0.622093023255814,0.587596899224806,7,"top7","eeg_tb_ratio_precond;eeg_ab_ratio_precond;hrv_rmssd_precond;hr_med_precond;eda_sd_precond;eeg_fl_hbeta_power_precond;eeg_tright_lbeta_power_precond"
2025-12-19 15:57:17.207882,16,"workload_label",7,16,0.015625,0.575581395348837,0.622093023255814,0.594573643410853,7,"top7","eeg_tb_ratio_precond;eeg_ab_ratio_precond;hrv_rmssd_precond;hr_med_precond;eda_sd_precond;eeg_fl_hbeta_power_precond;eeg_tright_lbeta_power_precond"
2025-12-19 15:57:17.232983,16,"workload_label",7,32,0.015625,0.575581395348837,0.622093023255814,0.594573643410853,7,"top7","eeg_tb_ratio_precond;eeg_ab_ratio_precond;hrv_rmssd_precond;hr_med_precond;eda_sd_precond;eeg_fl_hbeta_power_precond;eeg_tright_lbeta_power_precond"
2025-12-19 15:57:17.26979,16,"workload_label",7,64,0.015625,0.569767441860465,0.598837209302326,0.584496124031008,7,"top7","eeg_tb_ratio_precond;eeg_ab_ratio_precond;hrv_rmssd_precond;hr_med_precond;eda_sd_precond;eeg_fl_hbeta_power_precond;eeg_tright_lbeta_power_precond"
2025-12-19 15:57:18.405226,16,"workload_label",7,128,0.015625,0.546511627906977,0.552325581395349,NA,7,"top7","eeg_tb_ratio_precond;eeg_ab_ratio_precond;hrv_rmssd_precond;hr_med_precond;eda_sd_precond;eeg_fl_hbeta_power_precond;eeg_tright_lbeta_power_precond"
2025-12-19 15:57:18.548847,16,"workload_label",7,256,0.015625,0.529069767441861,0.552325581395349,NA,7,"top7","eeg_tb_ratio_precond;eeg_ab_ratio_precond;hrv_rmssd_precond;hr_med_precond;eda_sd_precond;eeg_fl_hbeta_power_precond;eeg_tright_lbeta_power_precond"
2025-12-19 15:57:18.271421,16,"workload_label",7,2,0.03125,0.604651162790698,0.645348837209302,0.612403100775194,7,"top7","eeg_tb_ratio_precond;eeg_ab_ratio_precond;hrv_rmssd_precond;hr_med_precond;eda_sd_precond;eeg_fl_hbeta_power_precond;eeg_tright_lbeta_power_precond"
2025-12-19 15:57:18.250541,16,"workload_label",7,4,0.03125,0.581395348837209,0.627906976744186,0.598449612403101,7,"top7","eeg_tb_ratio_precond;eeg_ab_ratio_precond;hrv_rmssd_precond;hr_med_precond;eda_sd_precond;eeg_fl_hbeta_power_precond;eeg_tright_lbeta_power_precond"
2025-12-19 15:57:18.235782,16,"workload_label",7,8,0.03125,0.587209302325581,0.61046511627907,0.604651162790698,7,"top7","eeg_tb_ratio_precond;eeg_ab_ratio_precond;hrv_rmssd_precond;hr_med_precond;eda_sd_precond;eeg_fl_hbeta_power_precond;eeg_tright_lbeta_power_precond"
2025-12-19 15:57:18.26127,16,"workload_label",7,16,0.03125,0.575581395348837,0.581395348837209,0.588372093023256,7,"top7","eeg_tb_ratio_precond;eeg_ab_ratio_precond;hrv_rmssd_precond;hr_med_precond;eda_sd_precond;eeg_fl_hbeta_power_precond;eeg_tright_lbeta_power_precond"
2025-12-19 15:57:18.35822,16,"workload_label",7,32,0.03125,0.558139534883721,0.563953488372093,NA,7,"top7","eeg_tb_ratio_precond;eeg_ab_ratio_precond;hrv_rmssd_precond;hr_med_precond;eda_sd_precond;eeg_fl_hbeta_power_precond;eeg_tright_lbeta_power_precond"
2025-12-19 15:57:18.449439,16,"workload_label",7,64,0.03125,0.540697674418605,0.581395348837209,NA,7,"top7","eeg_tb_ratio_precond;eeg_ab_ratio_precond;hrv_rmssd_precond;hr_med_precond;eda_sd_precond;eeg_fl_hbeta_power_precond;eeg_tright_lbeta_power_precond"
2025-12-19 15:57:18.593102,16,"workload_label",7,128,0.03125,0.511627906976744,0.569767441860465,NA,7,"top7","eeg_tb_ratio_precond;eeg_ab_ratio_precond;hrv_rmssd_precond;hr_med_precond;eda_sd_precond;eeg_fl_hbeta_power_precond;eeg_tright_lbeta_power_precond"
2025-12-19 15:57:18.937213,16,"workload_label",7,256,0.03125,0.540697674418605,0.546511627906977,NA,7,"top7","eeg_tb_ratio_precond;eeg_ab_ratio_precond;hrv_rmssd_precond;hr_med_precond;eda_sd_precond;eeg_fl_hbeta_power_precond;eeg_tright_lbeta_power_precond"
2025-12-19 15:57:18.323489,16,"workload_label",7,2,0.0625,0.593023255813954,0.61046511627907,0.610852713178295,7,"top7","eeg_tb_ratio_precond;eeg_ab_ratio_precond;hrv_rmssd_precond;hr_med_precond;eda_sd_precond;eeg_fl_hbeta_power_precond;eeg_tright_lbeta_power_precond"
2025-12-19 15:57:18.310104,16,"workload_label",7,4,0.0625,0.569767441860465,0.593023255813954,0.578294573643411,7,"top7","eeg_tb_ratio_precond;eeg_ab_ratio_precond;hrv_rmssd_precond;hr_med_precond;eda_sd_precond;eeg_fl_hbeta_power_precond;eeg_tright_lbeta_power_precond"
2025-12-19 15:57:18.361861,16,"workload_label",7,8,0.0625,0.558139534883721,0.587209302325581,NA,7,"top7","eeg_tb_ratio_precond;eeg_ab_ratio_precond;hrv_rmssd_precond;hr_med_precond;eda_sd_precond;eeg_fl_hbeta_power_precond;eeg_tright_lbeta_power_precond"
2025-12-19 15:57:18.477936,16,"workload_label",7,16,0.0625,0.534883720930233,0.581395348837209,NA,7,"top7","eeg_tb_ratio_precond;eeg_ab_ratio_precond;hrv_rmssd_precond;hr_med_precond;eda_sd_precond;eeg_fl_hbeta_power_precond;eeg_tright_lbeta_power_precond"
2025-12-19 15:57:19.406048,16,"workload_label",7,32,0.0625,0.517441860465116,0.552325581395349,NA,7,"top7","eeg_tb_ratio_precond;eeg_ab_ratio_precond;hrv_rmssd_precond;hr_med_precond;eda_sd_precond;eeg_fl_hbeta_power_precond;eeg_tright_lbeta_power_precond"
2025-12-19 15:57:19.578631,16,"workload_label",7,64,0.0625,0.529069767441861,0.563953488372093,NA,7,"top7","eeg_tb_ratio_precond;eeg_ab_ratio_precond;hrv_rmssd_precond;hr_med_precond;eda_sd_precond;eeg_fl_hbeta_power_precond;eeg_tright_lbeta_power_precond"
2025-12-19 15:57:19.797199,16,"workload_label",7,128,0.0625,0.563953488372093,0.546511627906977,0.555813953488372,7,"top7","eeg_tb_ratio_precond;eeg_ab_ratio_precond;hrv_rmssd_precond;hr_med_precond;eda_sd_precond;eeg_fl_hbeta_power_precond;eeg_tright_lbeta_power_precond"
2025-12-19 15:57:20.084461,16,"workload_label",7,256,0.0625,0.569767441860465,0.488372093023256,0.568992248062016,7,"top7","eeg_tb_ratio_precond;eeg_ab_ratio_precond;hrv_rmssd_precond;hr_med_precond;eda_sd_precond;eeg_fl_hbeta_power_precond;eeg_tright_lbeta_power_precond"
2025-12-19 15:57:19.384506,16,"workload_label",7,2,0.125,0.575581395348837,0.604651162790698,NA,7,"top7","eeg_tb_ratio_precond;eeg_ab_ratio_precond;hrv_rmssd_precond;hr_med_precond;eda_sd_precond;eeg_fl_hbeta_power_precond;eeg_tright_lbeta_power_precond"
2025-12-19 15:57:19.36234,16,"workload_label",7,4,0.125,0.540697674418605,0.598837209302326,NA,7,"top7","eeg_tb_ratio_precond;eeg_ab_ratio_precond;hrv_rmssd_precond;hr_med_precond;eda_sd_precond;eeg_fl_hbeta_power_precond;eeg_tright_lbeta_power_precond"
2025-12-19 15:57:19.453054,16,"workload_label",7,8,0.125,0.5,0.563953488372093,NA,7,"top7","eeg_tb_ratio_precond;eeg_ab_ratio_precond;hrv_rmssd_precond;hr_med_precond;eda_sd_precond;eeg_fl_hbeta_power_precond;eeg_tright_lbeta_power_precond"
2025-12-19 15:57:19.560515,16,"workload_label",7,16,0.125,0.534883720930233,0.563953488372093,NA,7,"top7","eeg_tb_ratio_precond;eeg_ab_ratio_precond;hrv_rmssd_precond;hr_med_precond;eda_sd_precond;eeg_fl_hbeta_power_precond;eeg_tright_lbeta_power_precond"
2025-12-19 15:57:19.656875,16,"workload_label",7,32,0.125,0.546511627906977,0.529069767441861,NA,7,"top7","eeg_tb_ratio_precond;eeg_ab_ratio_precond;hrv_rmssd_precond;hr_med_precond;eda_sd_precond;eeg_fl_hbeta_power_precond;eeg_tright_lbeta_power_precond"
2025-12-19 15:57:19.837104,16,"workload_label",7,64,0.125,0.552325581395349,0.488372093023256,NA,7,"top7","eeg_tb_ratio_precond;eeg_ab_ratio_precond;hrv_rmssd_precond;hr_med_precond;eda_sd_precond;eeg_fl_hbeta_power_precond;eeg_tright_lbeta_power_precond"
2025-12-19 15:57:20.023606,16,"workload_label",7,128,0.125,0.5,0.459302325581395,NA,7,"top7","eeg_tb_ratio_precond;eeg_ab_ratio_precond;hrv_rmssd_precond;hr_med_precond;eda_sd_precond;eeg_fl_hbeta_power_precond;eeg_tright_lbeta_power_precond"
2025-12-19 15:57:20.136782,16,"workload_label",7,256,0.125,0.523255813953488,0.540697674418605,NA,7,"top7","eeg_tb_ratio_precond;eeg_ab_ratio_precond;hrv_rmssd_precond;hr_med_precond;eda_sd_precond;eeg_fl_hbeta_power_precond;eeg_tright_lbeta_power_precond"
2025-12-19 15:57:19.636818,16,"workload_label",7,2,0.03,0.604651162790698,0.645348837209302,0.607751937984496,7,"top7","eeg_tb_ratio_precond;eeg_ab_ratio_precond;hrv_rmssd_precond;hr_med_precond;eda_sd_precond;eeg_fl_hbeta_power_precond;eeg_tright_lbeta_power_precond"
2025-12-19 15:57:19.929841,16,"workload_label",7,4,0.03,0.581395348837209,0.627906976744186,0.598449612403101,7,"top7","eeg_tb_ratio_precond;eeg_ab_ratio_precond;hrv_rmssd_precond;hr_med_precond;eda_sd_precond;eeg_fl_hbeta_power_precond;eeg_tright_lbeta_power_precond"
2025-12-19 15:57:20.38632,16,"workload_label",7,8,0.03,0.581395348837209,0.622093023255814,0.60077519379845,7,"top7","eeg_tb_ratio_precond;eeg_ab_ratio_precond;hrv_rmssd_precond;hr_med_precond;eda_sd_precond;eeg_fl_hbeta_power_precond;eeg_tright_lbeta_power_precond"
2025-12-19 15:57:20.455923,16,"workload_label",7,16,0.03,0.575581395348837,0.581395348837209,0.588372093023256,7,"top7","eeg_tb_ratio_precond;eeg_ab_ratio_precond;hrv_rmssd_precond;hr_med_precond;eda_sd_precond;eeg_fl_hbeta_power_precond;eeg_tright_lbeta_power_precond"
2025-12-19 15:57:20.502008,16,"workload_label",7,32,0.03,0.558139534883721,0.569767441860465,NA,7,"top7","eeg_tb_ratio_precond;eeg_ab_ratio_precond;hrv_rmssd_precond;hr_med_precond;eda_sd_precond;eeg_fl_hbeta_power_precond;eeg_tright_lbeta_power_precond"
2025-12-19 15:57:20.622618,16,"workload_label",7,64,0.03,0.529069767441861,0.575581395348837,NA,7,"top7","eeg_tb_ratio_precond;eeg_ab_ratio_precond;hrv_rmssd_precond;hr_med_precond;eda_sd_precond;eeg_fl_hbeta_power_precond;eeg_tright_lbeta_power_precond"
2025-12-19 15:57:20.857539,16,"workload_label",7,128,0.03,0.517441860465116,0.563953488372093,NA,7,"top7","eeg_tb_ratio_precond;eeg_ab_ratio_precond;hrv_rmssd_precond;hr_med_precond;eda_sd_precond;eeg_fl_hbeta_power_precond;eeg_tright_lbeta_power_precond"
2025-12-19 15:57:21.19225,16,"workload_label",7,256,0.03,0.534883720930233,0.546511627906977,NA,7,"top7","eeg_tb_ratio_precond;eeg_ab_ratio_precond;hrv_rmssd_precond;hr_med_precond;eda_sd_precond;eeg_fl_hbeta_power_precond;eeg_tright_lbeta_power_precond"
2025-12-19 15:57:20.64408,16,"workload_label",7,2,0.06,0.593023255813954,0.616279069767442,0.610852713178295,7,"top7","eeg_tb_ratio_precond;eeg_ab_ratio_precond;hrv_rmssd_precond;hr_med_precond;eda_sd_precond;eeg_fl_hbeta_power_precond;eeg_tright_lbeta_power_precond"
2025-12-19 15:57:20.708906,16,"workload_label",7,4,0.06,0.575581395348837,0.593023255813954,0.585271317829457,7,"top7","eeg_tb_ratio_precond;eeg_ab_ratio_precond;hrv_rmssd_precond;hr_med_precond;eda_sd_precond;eeg_fl_hbeta_power_precond;eeg_tright_lbeta_power_precond"
2025-12-19 15:57:20.852791,16,"workload_label",7,8,0.06,0.558139534883721,0.581395348837209,NA,7,"top7","eeg_tb_ratio_precond;eeg_ab_ratio_precond;hrv_rmssd_precond;hr_med_precond;eda_sd_precond;eeg_fl_hbeta_power_precond;eeg_tright_lbeta_power_precond"
2025-12-19 15:57:20.936591,16,"workload_label",7,16,0.06,0.534883720930233,0.587209302325581,NA,7,"top7","eeg_tb_ratio_precond;eeg_ab_ratio_precond;hrv_rmssd_precond;hr_med_precond;eda_sd_precond;eeg_fl_hbeta_power_precond;eeg_tright_lbeta_power_precond"
2025-12-19 15:57:21.113791,16,"workload_label",7,32,0.06,0.511627906976744,0.552325581395349,NA,7,"top7","eeg_tb_ratio_precond;eeg_ab_ratio_precond;hrv_rmssd_precond;hr_med_precond;eda_sd_precond;eeg_fl_hbeta_power_precond;eeg_tright_lbeta_power_precond"
2025-12-19 15:57:21.296302,16,"workload_label",7,64,0.06,0.540697674418605,0.558139534883721,NA,7,"top7","eeg_tb_ratio_precond;eeg_ab_ratio_precond;hrv_rmssd_precond;hr_med_precond;eda_sd_precond;eeg_fl_hbeta_power_precond;eeg_tright_lbeta_power_precond"
2025-12-19 15:57:21.538429,16,"workload_label",7,128,0.06,0.552325581395349,0.517441860465116,0.546511627906977,7,"top7","eeg_tb_ratio_precond;eeg_ab_ratio_precond;hrv_rmssd_precond;hr_med_precond;eda_sd_precond;eeg_fl_hbeta_power_precond;eeg_tright_lbeta_power_precond"
2025-12-19 15:57:21.767873,16,"workload_label",7,256,0.06,0.558139534883721,0.482558139534884,0.564341085271318,7,"top7","eeg_tb_ratio_precond;eeg_ab_ratio_precond;hrv_rmssd_precond;hr_med_precond;eda_sd_precond;eeg_fl_hbeta_power_precond;eeg_tright_lbeta_power_precond"
2025-12-19 15:57:21.364968,16,"workload_label",7,2,0.1,0.575581395348837,0.61046511627907,0.586821705426357,7,"top7","eeg_tb_ratio_precond;eeg_ab_ratio_precond;hrv_rmssd_precond;hr_med_precond;eda_sd_precond;eeg_fl_hbeta_power_precond;eeg_tright_lbeta_power_precond"
2025-12-19 15:57:21.44475,16,"workload_label",7,4,0.1,0.552325581395349,0.604651162790698,NA,7,"top7","eeg_tb_ratio_precond;eeg_ab_ratio_precond;hrv_rmssd_precond;hr_med_precond;eda_sd_precond;eeg_fl_hbeta_power_precond;eeg_tright_lbeta_power_precond"
2025-12-19 15:57:21.52441,16,"workload_label",7,8,0.1,0.511627906976744,0.581395348837209,NA,7,"top7","eeg_tb_ratio_precond;eeg_ab_ratio_precond;hrv_rmssd_precond;hr_med_precond;eda_sd_precond;eeg_fl_hbeta_power_precond;eeg_tright_lbeta_power_precond"
2025-12-19 15:57:21.629698,16,"workload_label",7,16,0.1,0.523255813953488,0.552325581395349,NA,7,"top7","eeg_tb_ratio_precond;eeg_ab_ratio_precond;hrv_rmssd_precond;hr_med_precond;eda_sd_precond;eeg_fl_hbeta_power_precond;eeg_tright_lbeta_power_precond"
2025-12-19 15:57:21.679331,16,"workload_label",7,32,0.1,0.546511627906977,0.552325581395349,NA,7,"top7","eeg_tb_ratio_precond;eeg_ab_ratio_precond;hrv_rmssd_precond;hr_med_precond;eda_sd_precond;eeg_fl_hbeta_power_precond;eeg_tright_lbeta_power_precond"
2025-12-19 15:57:21.835777,16,"workload_label",7,64,0.1,0.552325581395349,0.529069767441861,0.557364341085271,7,"top7","eeg_tb_ratio_precond;eeg_ab_ratio_precond;hrv_rmssd_precond;hr_med_precond;eda_sd_precond;eeg_fl_hbeta_power_precond;eeg_tright_lbeta_power_precond"
2025-12-19 15:57:22.023771,16,"workload_label",7,128,0.1,0.540697674418605,0.447674418604651,NA,7,"top7","eeg_tb_ratio_precond;eeg_ab_ratio_precond;hrv_rmssd_precond;hr_med_precond;eda_sd_precond;eeg_fl_hbeta_power_precond;eeg_tright_lbeta_power_precond"
2025-12-19 15:57:22.173596,16,"workload_label",7,256,0.1,0.511627906976744,0.418604651162791,NA,7,"top7","eeg_tb_ratio_precond;eeg_ab_ratio_precond;hrv_rmssd_precond;hr_med_precond;eda_sd_precond;eeg_fl_hbeta_power_precond;eeg_tright_lbeta_power_precond"
2025-12-19 15:57:23.429056,17,"workload_label",7,2,0.0078125,0.645348837209302,0.680232558139535,0.624031007751938,7,"top7","eeg_tb_ratio_precond;eeg_ab_ratio_precond;hrv_rmssd_precond;eda_sd_precond;hr_med_precond;eeg_tleft_lbeta_power_precond;eeg_fl_hbeta_power_precond"
2025-12-19 15:57:23.469388,17,"workload_label",7,4,0.0078125,0.63953488372093,0.656976744186046,0.627906976744186,7,"top7","eeg_tb_ratio_precond;eeg_ab_ratio_precond;hrv_rmssd_precond;eda_sd_precond;hr_med_precond;eeg_tleft_lbeta_power_precond;eeg_fl_hbeta_power_precond"
2025-12-19 15:57:23.446446,17,"workload_label",7,8,0.0078125,0.61046511627907,0.633720930232558,0.602325581395349,7,"top7","eeg_tb_ratio_precond;eeg_ab_ratio_precond;hrv_rmssd_precond;eda_sd_precond;hr_med_precond;eeg_tleft_lbeta_power_precond;eeg_fl_hbeta_power_precond"
2025-12-19 15:57:23.415629,17,"workload_label",7,16,0.0078125,0.593023255813954,0.627906976744186,0.589147286821705,7,"top7","eeg_tb_ratio_precond;eeg_ab_ratio_precond;hrv_rmssd_precond;eda_sd_precond;hr_med_precond;eeg_tleft_lbeta_power_precond;eeg_fl_hbeta_power_precond"
2025-12-19 15:57:23.425646,17,"workload_label",7,32,0.0078125,0.61046511627907,0.61046511627907,0.607751937984496,7,"top7","eeg_tb_ratio_precond;eeg_ab_ratio_precond;hrv_rmssd_precond;eda_sd_precond;hr_med_precond;eeg_tleft_lbeta_power_precond;eeg_fl_hbeta_power_precond"
2025-12-19 15:57:23.442355,17,"workload_label",7,64,0.0078125,0.604651162790698,0.63953488372093,0.596124031007752,7,"top7","eeg_tb_ratio_precond;eeg_ab_ratio_precond;hrv_rmssd_precond;eda_sd_precond;hr_med_precond;eeg_tleft_lbeta_power_precond;eeg_fl_hbeta_power_precond"
2025-12-19 15:57:23.536916,17,"workload_label",7,128,0.0078125,0.593023255813954,0.662790697674419,0.598449612403101,7,"top7","eeg_tb_ratio_precond;eeg_ab_ratio_precond;hrv_rmssd_precond;eda_sd_precond;hr_med_precond;eeg_tleft_lbeta_power_precond;eeg_fl_hbeta_power_precond"
2025-12-19 15:57:23.587719,17,"workload_label",7,256,0.0078125,0.604651162790698,0.656976744186046,0.596124031007752,7,"top7","eeg_tb_ratio_precond;eeg_ab_ratio_precond;hrv_rmssd_precond;eda_sd_precond;hr_med_precond;eeg_tleft_lbeta_power_precond;eeg_fl_hbeta_power_precond"
2025-12-19 15:57:23.448342,17,"workload_label",7,2,0.015625,0.63953488372093,0.662790697674419,0.627906976744186,7,"top7","eeg_tb_ratio_precond;eeg_ab_ratio_precond;hrv_rmssd_precond;eda_sd_precond;hr_med_precond;eeg_tleft_lbeta_power_precond;eeg_fl_hbeta_power_precond"
2025-12-19 15:57:23.437074,17,"workload_label",7,4,0.015625,0.61046511627907,0.656976744186046,0.606201550387597,7,"top7","eeg_tb_ratio_precond;eeg_ab_ratio_precond;hrv_rmssd_precond;eda_sd_precond;hr_med_precond;eeg_tleft_lbeta_power_precond;eeg_fl_hbeta_power_precond"
2025-12-19 15:57:23.419063,17,"workload_label",7,8,0.015625,0.593023255813954,0.622093023255814,0.602325581395349,7,"top7","eeg_tb_ratio_precond;eeg_ab_ratio_precond;hrv_rmssd_precond;eda_sd_precond;hr_med_precond;eeg_tleft_lbeta_power_precond;eeg_fl_hbeta_power_precond"
2025-12-19 15:57:23.465149,17,"workload_label",7,16,0.015625,0.61046511627907,0.645348837209302,0.617054263565891,7,"top7","eeg_tb_ratio_precond;eeg_ab_ratio_precond;hrv_rmssd_precond;eda_sd_precond;hr_med_precond;eeg_tleft_lbeta_power_precond;eeg_fl_hbeta_power_precond"
2025-12-19 15:57:23.52272,17,"workload_label",7,32,0.015625,0.593023255813954,0.662790697674419,0.603875968992248,7,"top7","eeg_tb_ratio_precond;eeg_ab_ratio_precond;hrv_rmssd_precond;eda_sd_precond;hr_med_precond;eeg_tleft_lbeta_power_precond;eeg_fl_hbeta_power_precond"
2025-12-19 15:57:23.515993,17,"workload_label",7,64,0.015625,0.604651162790698,0.662790697674419,0.593798449612403,7,"top7","eeg_tb_ratio_precond;eeg_ab_ratio_precond;hrv_rmssd_precond;eda_sd_precond;hr_med_precond;eeg_tleft_lbeta_power_precond;eeg_fl_hbeta_power_precond"
2025-12-19 15:57:24.623429,17,"workload_label",7,128,0.015625,0.598837209302326,0.63953488372093,NA,7,"top7","eeg_tb_ratio_precond;eeg_ab_ratio_precond;hrv_rmssd_precond;eda_sd_precond;hr_med_precond;eeg_tleft_lbeta_power_precond;eeg_fl_hbeta_power_precond"
2025-12-19 15:57:24.796529,17,"workload_label",7,256,0.015625,0.569767441860465,0.598837209302326,NA,7,"top7","eeg_tb_ratio_precond;eeg_ab_ratio_precond;hrv_rmssd_precond;eda_sd_precond;hr_med_precond;eeg_tleft_lbeta_power_precond;eeg_fl_hbeta_power_precond"
2025-12-19 15:57:24.444704,17,"workload_label",7,2,0.03125,0.604651162790698,0.645348837209302,0.606201550387597,7,"top7","eeg_tb_ratio_precond;eeg_ab_ratio_precond;hrv_rmssd_precond;eda_sd_precond;hr_med_precond;eeg_tleft_lbeta_power_precond;eeg_fl_hbeta_power_precond"
2025-12-19 15:57:24.475679,17,"workload_label",7,4,0.03125,0.598837209302326,0.651162790697674,0.615503875968992,7,"top7","eeg_tb_ratio_precond;eeg_ab_ratio_precond;hrv_rmssd_precond;eda_sd_precond;hr_med_precond;eeg_tleft_lbeta_power_precond;eeg_fl_hbeta_power_precond"
2025-12-19 15:57:24.466929,17,"workload_label",7,8,0.03125,0.593023255813954,0.651162790697674,0.603875968992248,7,"top7","eeg_tb_ratio_precond;eeg_ab_ratio_precond;hrv_rmssd_precond;eda_sd_precond;hr_med_precond;eeg_tleft_lbeta_power_precond;eeg_fl_hbeta_power_precond"
2025-12-19 15:57:24.535872,17,"workload_label",7,16,0.03125,0.604651162790698,0.63953488372093,0.594573643410853,7,"top7","eeg_tb_ratio_precond;eeg_ab_ratio_precond;hrv_rmssd_precond;eda_sd_precond;hr_med_precond;eeg_tleft_lbeta_power_precond;eeg_fl_hbeta_power_precond"
2025-12-19 15:57:24.58268,17,"workload_label",7,32,0.03125,0.598837209302326,0.627906976744186,NA,7,"top7","eeg_tb_ratio_precond;eeg_ab_ratio_precond;hrv_rmssd_precond;eda_sd_precond;hr_med_precond;eeg_tleft_lbeta_power_precond;eeg_fl_hbeta_power_precond"
2025-12-19 15:57:24.635837,17,"workload_label",7,64,0.03125,0.563953488372093,0.616279069767442,NA,7,"top7","eeg_tb_ratio_precond;eeg_ab_ratio_precond;hrv_rmssd_precond;eda_sd_precond;hr_med_precond;eeg_tleft_lbeta_power_precond;eeg_fl_hbeta_power_precond"
2025-12-19 15:57:24.771958,17,"workload_label",7,128,0.03125,0.581395348837209,0.587209302325581,0.58062015503876,7,"top7","eeg_tb_ratio_precond;eeg_ab_ratio_precond;hrv_rmssd_precond;eda_sd_precond;hr_med_precond;eeg_tleft_lbeta_power_precond;eeg_fl_hbeta_power_precond"
2025-12-19 15:57:25.083919,17,"workload_label",7,256,0.03125,0.581395348837209,0.616279069767442,0.572093023255814,7,"top7","eeg_tb_ratio_precond;eeg_ab_ratio_precond;hrv_rmssd_precond;eda_sd_precond;hr_med_precond;eeg_tleft_lbeta_power_precond;eeg_fl_hbeta_power_precond"
2025-12-19 15:57:24.570787,17,"workload_label",7,2,0.0625,0.616279069767442,0.651162790697674,0.621705426356589,7,"top7","eeg_tb_ratio_precond;eeg_ab_ratio_precond;hrv_rmssd_precond;eda_sd_precond;hr_med_precond;eeg_tleft_lbeta_power_precond;eeg_fl_hbeta_power_precond"
2025-12-19 15:57:24.54448,17,"workload_label",7,4,0.0625,0.604651162790698,0.656976744186046,0.6,7,"top7","eeg_tb_ratio_precond;eeg_ab_ratio_precond;hrv_rmssd_precond;eda_sd_precond;hr_med_precond;eeg_tleft_lbeta_power_precond;eeg_fl_hbeta_power_precond"
2025-12-19 15:57:24.597981,17,"workload_label",7,8,0.0625,0.587209302325581,0.627906976744186,NA,7,"top7","eeg_tb_ratio_precond;eeg_ab_ratio_precond;hrv_rmssd_precond;eda_sd_precond;hr_med_precond;eeg_tleft_lbeta_power_precond;eeg_fl_hbeta_power_precond"
2025-12-19 15:57:24.692273,17,"workload_label",7,16,0.0625,0.558139534883721,0.604651162790698,NA,7,"top7","eeg_tb_ratio_precond;eeg_ab_ratio_precond;hrv_rmssd_precond;eda_sd_precond;hr_med_precond;eeg_tleft_lbeta_power_precond;eeg_fl_hbeta_power_precond"
2025-12-19 15:57:25.613338,17,"workload_label",7,32,0.0625,0.558139534883721,0.587209302325581,0.555038759689922,7,"top7","eeg_tb_ratio_precond;eeg_ab_ratio_precond;hrv_rmssd_precond;eda_sd_precond;hr_med_precond;eeg_tleft_lbeta_power_precond;eeg_fl_hbeta_power_precond"
2025-12-19 15:57:25.729797,17,"workload_label",7,64,0.0625,0.558139534883721,0.575581395348837,0.548837209302326,7,"top7","eeg_tb_ratio_precond;eeg_ab_ratio_precond;hrv_rmssd_precond;eda_sd_precond;hr_med_precond;eeg_tleft_lbeta_power_precond;eeg_fl_hbeta_power_precond"
2025-12-19 15:57:25.946622,17,"workload_label",7,128,0.0625,0.552325581395349,0.575581395348837,NA,7,"top7","eeg_tb_ratio_precond;eeg_ab_ratio_precond;hrv_rmssd_precond;eda_sd_precond;hr_med_precond;eeg_tleft_lbeta_power_precond;eeg_fl_hbeta_power_precond"
2025-12-19 15:57:26.382427,17,"workload_label",7,256,0.0625,0.546511627906977,0.505813953488372,NA,7,"top7","eeg_tb_ratio_precond;eeg_ab_ratio_precond;hrv_rmssd_precond;eda_sd_precond;hr_med_precond;eeg_tleft_lbeta_power_precond;eeg_fl_hbeta_power_precond"
2025-12-19 15:57:25.62441,17,"workload_label",7,2,0.125,0.598837209302326,0.633720930232558,0.594573643410853,7,"top7","eeg_tb_ratio_precond;eeg_ab_ratio_precond;hrv_rmssd_precond;eda_sd_precond;hr_med_precond;eeg_tleft_lbeta_power_precond;eeg_fl_hbeta_power_precond"
2025-12-19 15:57:25.655535,17,"workload_label",7,4,0.125,0.552325581395349,0.616279069767442,NA,7,"top7","eeg_tb_ratio_precond;eeg_ab_ratio_precond;hrv_rmssd_precond;eda_sd_precond;hr_med_precond;eeg_tleft_lbeta_power_precond;eeg_fl_hbeta_power_precond"
2025-12-19 15:57:25.701254,17,"workload_label",7,8,0.125,0.540697674418605,0.558139534883721,NA,7,"top7","eeg_tb_ratio_precond;eeg_ab_ratio_precond;hrv_rmssd_precond;eda_sd_precond;hr_med_precond;eeg_tleft_lbeta_power_precond;eeg_fl_hbeta_power_precond"
2025-12-19 15:57:25.780849,17,"workload_label",7,16,0.125,0.529069767441861,0.558139534883721,NA,7,"top7","eeg_tb_ratio_precond;eeg_ab_ratio_precond;hrv_rmssd_precond;eda_sd_precond;hr_med_precond;eeg_tleft_lbeta_power_precond;eeg_fl_hbeta_power_precond"
2025-12-19 15:57:25.872144,17,"workload_label",7,32,0.125,0.534883720930233,0.529069767441861,0.541860465116279,7,"top7","eeg_tb_ratio_precond;eeg_ab_ratio_precond;hrv_rmssd_precond;eda_sd_precond;hr_med_precond;eeg_tleft_lbeta_power_precond;eeg_fl_hbeta_power_precond"
2025-12-19 15:57:26.073295,17,"workload_label",7,64,0.125,0.552325581395349,0.540697674418605,NA,7,"top7","eeg_tb_ratio_precond;eeg_ab_ratio_precond;hrv_rmssd_precond;eda_sd_precond;hr_med_precond;eeg_tleft_lbeta_power_precond;eeg_fl_hbeta_power_precond"
2025-12-19 15:57:26.310149,17,"workload_label",7,128,0.125,0.517441860465116,0.5,NA,7,"top7","eeg_tb_ratio_precond;eeg_ab_ratio_precond;hrv_rmssd_precond;eda_sd_precond;hr_med_precond;eeg_tleft_lbeta_power_precond;eeg_fl_hbeta_power_precond"
2025-12-19 15:57:26.469396,17,"workload_label",7,256,0.125,0.523255813953488,0.465116279069767,NA,7,"top7","eeg_tb_ratio_precond;eeg_ab_ratio_precond;hrv_rmssd_precond;eda_sd_precond;hr_med_precond;eeg_tleft_lbeta_power_precond;eeg_fl_hbeta_power_precond"
2025-12-19 15:57:25.859972,17,"workload_label",7,2,0.03,0.604651162790698,0.645348837209302,0.606201550387597,7,"top7","eeg_tb_ratio_precond;eeg_ab_ratio_precond;hrv_rmssd_precond;eda_sd_precond;hr_med_precond;eeg_tleft_lbeta_power_precond;eeg_fl_hbeta_power_precond"
2025-12-19 15:57:26.143684,17,"workload_label",7,4,0.03,0.598837209302326,0.645348837209302,0.615503875968992,7,"top7","eeg_tb_ratio_precond;eeg_ab_ratio_precond;hrv_rmssd_precond;eda_sd_precond;hr_med_precond;eeg_tleft_lbeta_power_precond;eeg_fl_hbeta_power_precond"
2025-12-19 15:57:26.638965,17,"workload_label",7,8,0.03,0.604651162790698,0.645348837209302,0.614728682170543,7,"top7","eeg_tb_ratio_precond;eeg_ab_ratio_precond;hrv_rmssd_precond;eda_sd_precond;hr_med_precond;eeg_tleft_lbeta_power_precond;eeg_fl_hbeta_power_precond"
2025-12-19 15:57:26.674721,17,"workload_label",7,16,0.03,0.598837209302326,0.651162790697674,0.588372093023256,7,"top7","eeg_tb_ratio_precond;eeg_ab_ratio_precond;hrv_rmssd_precond;eda_sd_precond;hr_med_precond;eeg_tleft_lbeta_power_precond;eeg_fl_hbeta_power_precond"
2025-12-19 15:57:26.732324,17,"workload_label",7,32,0.03,0.593023255813954,0.63953488372093,NA,7,"top7","eeg_tb_ratio_precond;eeg_ab_ratio_precond;hrv_rmssd_precond;eda_sd_precond;hr_med_precond;eeg_tleft_lbeta_power_precond;eeg_fl_hbeta_power_precond"
2025-12-19 15:57:26.869819,17,"workload_label",7,64,0.03,0.558139534883721,0.616279069767442,NA,7,"top7","eeg_tb_ratio_precond;eeg_ab_ratio_precond;hrv_rmssd_precond;eda_sd_precond;hr_med_precond;eeg_tleft_lbeta_power_precond;eeg_fl_hbeta_power_precond"
2025-12-19 15:57:27.0423,17,"workload_label",7,128,0.03,0.569767441860465,0.593023255813954,0.575193798449612,7,"top7","eeg_tb_ratio_precond;eeg_ab_ratio_precond;hrv_rmssd_precond;eda_sd_precond;hr_med_precond;eeg_tleft_lbeta_power_precond;eeg_fl_hbeta_power_precond"
2025-12-19 15:57:27.415501,17,"workload_label",7,256,0.03,0.593023255813954,0.622093023255814,0.582945736434109,7,"top7","eeg_tb_ratio_precond;eeg_ab_ratio_precond;hrv_rmssd_precond;eda_sd_precond;hr_med_precond;eeg_tleft_lbeta_power_precond;eeg_fl_hbeta_power_precond"
2025-12-19 15:57:26.905873,17,"workload_label",7,2,0.06,0.622093023255814,0.651162790697674,0.633333333333333,7,"top7","eeg_tb_ratio_precond;eeg_ab_ratio_precond;hrv_rmssd_precond;eda_sd_precond;hr_med_precond;eeg_tleft_lbeta_power_precond;eeg_fl_hbeta_power_precond"
2025-12-19 15:57:26.915323,17,"workload_label",7,4,0.06,0.604651162790698,0.662790697674419,0.6,7,"top7","eeg_tb_ratio_precond;eeg_ab_ratio_precond;hrv_rmssd_precond;eda_sd_precond;hr_med_precond;eeg_tleft_lbeta_power_precond;eeg_fl_hbeta_power_precond"
2025-12-19 15:57:26.985192,17,"workload_label",7,8,0.06,0.593023255813954,0.627906976744186,0.58062015503876,7,"top7","eeg_tb_ratio_precond;eeg_ab_ratio_precond;hrv_rmssd_precond;eda_sd_precond;hr_med_precond;eeg_tleft_lbeta_power_precond;eeg_fl_hbeta_power_precond"
2025-12-19 15:57:27.173903,17,"workload_label",7,16,0.06,0.563953488372093,0.604651162790698,NA,7,"top7","eeg_tb_ratio_precond;eeg_ab_ratio_precond;hrv_rmssd_precond;eda_sd_precond;hr_med_precond;eeg_tleft_lbeta_power_precond;eeg_fl_hbeta_power_precond"
2025-12-19 15:57:27.272607,17,"workload_label",7,32,0.06,0.569767441860465,0.587209302325581,0.572093023255814,7,"top7","eeg_tb_ratio_precond;eeg_ab_ratio_precond;hrv_rmssd_precond;eda_sd_precond;hr_med_precond;eeg_tleft_lbeta_power_precond;eeg_fl_hbeta_power_precond"
2025-12-19 15:57:27.559396,17,"workload_label",7,64,0.06,0.558139534883721,0.546511627906977,0.552713178294574,7,"top7","eeg_tb_ratio_precond;eeg_ab_ratio_precond;hrv_rmssd_precond;eda_sd_precond;hr_med_precond;eeg_tleft_lbeta_power_precond;eeg_fl_hbeta_power_precond"
2025-12-19 15:57:27.766834,17,"workload_label",7,128,0.06,0.534883720930233,0.569767441860465,NA,7,"top7","eeg_tb_ratio_precond;eeg_ab_ratio_precond;hrv_rmssd_precond;eda_sd_precond;hr_med_precond;eeg_tleft_lbeta_power_precond;eeg_fl_hbeta_power_precond"
2025-12-19 15:57:28.06184,17,"workload_label",7,256,0.06,0.534883720930233,0.517441860465116,0.527906976744186,7,"top7","eeg_tb_ratio_precond;eeg_ab_ratio_precond;hrv_rmssd_precond;eda_sd_precond;hr_med_precond;eeg_tleft_lbeta_power_precond;eeg_fl_hbeta_power_precond"
2025-12-19 15:57:27.642541,17,"workload_label",7,2,0.1,0.604651162790698,0.645348837209302,0.594573643410853,7,"top7","eeg_tb_ratio_precond;eeg_ab_ratio_precond;hrv_rmssd_precond;eda_sd_precond;hr_med_precond;eeg_tleft_lbeta_power_precond;eeg_fl_hbeta_power_precond"
2025-12-19 15:57:27.688393,17,"workload_label",7,4,0.1,0.581395348837209,0.627906976744186,NA,7,"top7","eeg_tb_ratio_precond;eeg_ab_ratio_precond;hrv_rmssd_precond;eda_sd_precond;hr_med_precond;eeg_tleft_lbeta_power_precond;eeg_fl_hbeta_power_precond"
2025-12-19 15:57:27.775961,17,"workload_label",7,8,0.1,0.546511627906977,0.622093023255814,NA,7,"top7","eeg_tb_ratio_precond;eeg_ab_ratio_precond;hrv_rmssd_precond;eda_sd_precond;hr_med_precond;eeg_tleft_lbeta_power_precond;eeg_fl_hbeta_power_precond"
2025-12-19 15:57:27.910005,17,"workload_label",7,16,0.1,0.552325581395349,0.546511627906977,NA,7,"top7","eeg_tb_ratio_precond;eeg_ab_ratio_precond;hrv_rmssd_precond;eda_sd_precond;hr_med_precond;eeg_tleft_lbeta_power_precond;eeg_fl_hbeta_power_precond"
2025-12-19 15:57:27.950611,17,"workload_label",7,32,0.1,0.523255813953488,0.563953488372093,NA,7,"top7","eeg_tb_ratio_precond;eeg_ab_ratio_precond;hrv_rmssd_precond;eda_sd_precond;hr_med_precond;eeg_tleft_lbeta_power_precond;eeg_fl_hbeta_power_precond"
2025-12-19 15:57:28.072077,17,"workload_label",7,64,0.1,0.558139534883721,0.5,0.551162790697674,7,"top7","eeg_tb_ratio_precond;eeg_ab_ratio_precond;hrv_rmssd_precond;eda_sd_precond;hr_med_precond;eeg_tleft_lbeta_power_precond;eeg_fl_hbeta_power_precond"
2025-12-19 15:57:28.22431,17,"workload_label",7,128,0.1,0.546511627906977,0.482558139534884,NA,7,"top7","eeg_tb_ratio_precond;eeg_ab_ratio_precond;hrv_rmssd_precond;eda_sd_precond;hr_med_precond;eeg_tleft_lbeta_power_precond;eeg_fl_hbeta_power_precond"
2025-12-19 15:57:28.407864,17,"workload_label",7,256,0.1,0.540697674418605,0.406976744186047,NA,7,"top7","eeg_tb_ratio_precond;eeg_ab_ratio_precond;hrv_rmssd_precond;eda_sd_precond;hr_med_precond;eeg_tleft_lbeta_power_precond;eeg_fl_hbeta_power_precond"
2025-12-19 15:57:29.632666,18,"workload_label",7,2,0.0078125,0.616279069767442,0.680232558139535,0.583720930232558,7,"top7","eeg_tb_ratio_precond;eeg_ab_ratio_precond;hrv_rmssd_precond;eda_sd_precond;eeg_fl_hbeta_power_precond;hr_med_precond;eeg_tright_lbeta_power_precond"
2025-12-19 15:57:29.648592,18,"workload_label",7,4,0.0078125,0.604651162790698,0.627906976744186,0.57906976744186,7,"top7","eeg_tb_ratio_precond;eeg_ab_ratio_precond;hrv_rmssd_precond;eda_sd_precond;eeg_fl_hbeta_power_precond;hr_med_precond;eeg_tright_lbeta_power_precond"
2025-12-19 15:57:29.703547,18,"workload_label",7,8,0.0078125,0.598837209302326,0.633720930232558,0.575193798449612,7,"top7","eeg_tb_ratio_precond;eeg_ab_ratio_precond;hrv_rmssd_precond;eda_sd_precond;eeg_fl_hbeta_power_precond;hr_med_precond;eeg_tright_lbeta_power_precond"
2025-12-19 15:57:29.682478,18,"workload_label",7,16,0.0078125,0.575581395348837,0.627906976744186,0.558139534883721,7,"top7","eeg_tb_ratio_precond;eeg_ab_ratio_precond;hrv_rmssd_precond;eda_sd_precond;eeg_fl_hbeta_power_precond;hr_med_precond;eeg_tright_lbeta_power_precond"
2025-12-19 15:57:29.661311,18,"workload_label",7,32,0.0078125,0.569767441860465,0.616279069767442,0.562015503875969,7,"top7","eeg_tb_ratio_precond;eeg_ab_ratio_precond;hrv_rmssd_precond;eda_sd_precond;eeg_fl_hbeta_power_precond;hr_med_precond;eeg_tright_lbeta_power_precond"
2025-12-19 15:57:29.702921,18,"workload_label",7,64,0.0078125,0.563953488372093,0.616279069767442,0.55968992248062,7,"top7","eeg_tb_ratio_precond;eeg_ab_ratio_precond;hrv_rmssd_precond;eda_sd_precond;eeg_fl_hbeta_power_precond;hr_med_precond;eeg_tright_lbeta_power_precond"
2025-12-19 15:57:29.76293,18,"workload_label",7,128,0.0078125,0.593023255813954,0.627906976744186,0.588372093023256,7,"top7","eeg_tb_ratio_precond;eeg_ab_ratio_precond;hrv_rmssd_precond;eda_sd_precond;eeg_fl_hbeta_power_precond;hr_med_precond;eeg_tright_lbeta_power_precond"
2025-12-19 15:57:29.840148,18,"workload_label",7,256,0.0078125,0.604651162790698,0.651162790697674,0.603100775193798,7,"top7","eeg_tb_ratio_precond;eeg_ab_ratio_precond;hrv_rmssd_precond;eda_sd_precond;eeg_fl_hbeta_power_precond;hr_med_precond;eeg_tright_lbeta_power_precond"
2025-12-19 15:57:29.687522,18,"workload_label",7,2,0.015625,0.581395348837209,0.627906976744186,0.561240310077519,7,"top7","eeg_tb_ratio_precond;eeg_ab_ratio_precond;hrv_rmssd_precond;eda_sd_precond;eeg_fl_hbeta_power_precond;hr_med_precond;eeg_tright_lbeta_power_precond"
2025-12-19 15:57:29.685266,18,"workload_label",7,4,0.015625,0.616279069767442,0.633720930232558,0.59922480620155,7,"top7","eeg_tb_ratio_precond;eeg_ab_ratio_precond;hrv_rmssd_precond;eda_sd_precond;eeg_fl_hbeta_power_precond;hr_med_precond;eeg_tright_lbeta_power_precond"
2025-12-19 15:57:29.668965,18,"workload_label",7,8,0.015625,0.587209302325581,0.627906976744186,0.573643410852713,7,"top7","eeg_tb_ratio_precond;eeg_ab_ratio_precond;hrv_rmssd_precond;eda_sd_precond;eeg_fl_hbeta_power_precond;hr_med_precond;eeg_tright_lbeta_power_precond"
2025-12-19 15:57:29.71636,18,"workload_label",7,16,0.015625,0.581395348837209,0.616279069767442,0.568217054263566,7,"top7","eeg_tb_ratio_precond;eeg_ab_ratio_precond;hrv_rmssd_precond;eda_sd_precond;eeg_fl_hbeta_power_precond;hr_med_precond;eeg_tright_lbeta_power_precond"
2025-12-19 15:57:29.690874,18,"workload_label",7,32,0.015625,0.593023255813954,0.63953488372093,0.588372093023256,7,"top7","eeg_tb_ratio_precond;eeg_ab_ratio_precond;hrv_rmssd_precond;eda_sd_precond;eeg_fl_hbeta_power_precond;hr_med_precond;eeg_tright_lbeta_power_precond"
2025-12-19 15:57:29.767783,18,"workload_label",7,64,0.015625,0.61046511627907,0.645348837209302,0.602325581395349,7,"top7","eeg_tb_ratio_precond;eeg_ab_ratio_precond;hrv_rmssd_precond;eda_sd_precond;eeg_fl_hbeta_power_precond;hr_med_precond;eeg_tright_lbeta_power_precond"
2025-12-19 15:57:30.851645,18,"workload_label",7,128,0.015625,0.587209302325581,0.61046511627907,NA,7,"top7","eeg_tb_ratio_precond;eeg_ab_ratio_precond;hrv_rmssd_precond;eda_sd_precond;eeg_fl_hbeta_power_precond;hr_med_precond;eeg_tright_lbeta_power_precond"
2025-12-19 15:57:31.050836,18,"workload_label",7,256,0.015625,0.587209302325581,0.593023255813954,NA,7,"top7","eeg_tb_ratio_precond;eeg_ab_ratio_precond;hrv_rmssd_precond;eda_sd_precond;eeg_fl_hbeta_power_precond;hr_med_precond;eeg_tright_lbeta_power_precond"
2025-12-19 15:57:30.692159,18,"workload_label",7,2,0.03125,0.61046511627907,0.645348837209302,0.590697674418605,7,"top7","eeg_tb_ratio_precond;eeg_ab_ratio_precond;hrv_rmssd_precond;eda_sd_precond;eeg_fl_hbeta_power_precond;hr_med_precond;eeg_tright_lbeta_power_precond"
2025-12-19 15:57:30.722944,18,"workload_label",7,4,0.03125,0.616279069767442,0.622093023255814,0.610852713178295,7,"top7","eeg_tb_ratio_precond;eeg_ab_ratio_precond;hrv_rmssd_precond;eda_sd_precond;eeg_fl_hbeta_power_precond;hr_med_precond;eeg_tright_lbeta_power_precond"
2025-12-19 15:57:30.773132,18,"workload_label",7,8,0.03125,0.61046511627907,0.645348837209302,0.606201550387597,7,"top7","eeg_tb_ratio_precond;eeg_ab_ratio_precond;hrv_rmssd_precond;eda_sd_precond;eeg_fl_hbeta_power_precond;hr_med_precond;eeg_tright_lbeta_power_precond"
2025-12-19 15:57:30.776681,18,"workload_label",7,16,0.03125,0.61046511627907,0.633720930232558,0.601550387596899,7,"top7","eeg_tb_ratio_precond;eeg_ab_ratio_precond;hrv_rmssd_precond;eda_sd_precond;eeg_fl_hbeta_power_precond;hr_med_precond;eeg_tright_lbeta_power_precond"
2025-12-19 15:57:30.813781,18,"workload_label",7,32,0.03125,0.581395348837209,0.61046511627907,NA,7,"top7","eeg_tb_ratio_precond;eeg_ab_ratio_precond;hrv_rmssd_precond;eda_sd_precond;eeg_fl_hbeta_power_precond;hr_med_precond;eeg_tright_lbeta_power_precond"
2025-12-19 15:57:30.913647,18,"workload_label",7,64,0.03125,0.563953488372093,0.604651162790698,NA,7,"top7","eeg_tb_ratio_precond;eeg_ab_ratio_precond;hrv_rmssd_precond;eda_sd_precond;eeg_fl_hbeta_power_precond;hr_med_precond;eeg_tright_lbeta_power_precond"
2025-12-19 15:57:31.048074,18,"workload_label",7,128,0.03125,0.540697674418605,0.563953488372093,NA,7,"top7","eeg_tb_ratio_precond;eeg_ab_ratio_precond;hrv_rmssd_precond;eda_sd_precond;eeg_fl_hbeta_power_precond;hr_med_precond;eeg_tright_lbeta_power_precond"
2025-12-19 15:57:31.357182,18,"workload_label",7,256,0.03125,0.575581395348837,0.558139534883721,0.563565891472868,7,"top7","eeg_tb_ratio_precond;eeg_ab_ratio_precond;hrv_rmssd_precond;eda_sd_precond;eeg_fl_hbeta_power_precond;hr_med_precond;eeg_tright_lbeta_power_precond"
2025-12-19 15:57:30.779029,18,"workload_label",7,2,0.0625,0.61046511627907,0.627906976744186,0.606201550387597,7,"top7","eeg_tb_ratio_precond;eeg_ab_ratio_precond;hrv_rmssd_precond;eda_sd_precond;eeg_fl_hbeta_power_precond;hr_med_precond;eeg_tright_lbeta_power_precond"
2025-12-19 15:57:30.796292,18,"workload_label",7,4,0.0625,0.598837209302326,0.633720930232558,0.589147286821705,7,"top7","eeg_tb_ratio_precond;eeg_ab_ratio_precond;hrv_rmssd_precond;eda_sd_precond;eeg_fl_hbeta_power_precond;hr_med_precond;eeg_tright_lbeta_power_precond"
2025-12-19 15:57:30.856064,18,"workload_label",7,8,0.0625,0.575581395348837,0.598837209302326,NA,7,"top7","eeg_tb_ratio_precond;eeg_ab_ratio_precond;hrv_rmssd_precond;eda_sd_precond;eeg_fl_hbeta_power_precond;hr_med_precond;eeg_tright_lbeta_power_precond"
2025-12-19 15:57:30.985903,18,"workload_label",7,16,0.0625,0.563953488372093,0.604651162790698,NA,7,"top7","eeg_tb_ratio_precond;eeg_ab_ratio_precond;hrv_rmssd_precond;eda_sd_precond;eeg_fl_hbeta_power_precond;hr_med_precond;eeg_tright_lbeta_power_precond"
2025-12-19 15:57:31.883818,18,"workload_label",7,32,0.0625,0.529069767441861,0.569767441860465,NA,7,"top7","eeg_tb_ratio_precond;eeg_ab_ratio_precond;hrv_rmssd_precond;eda_sd_precond;eeg_fl_hbeta_power_precond;hr_med_precond;eeg_tright_lbeta_power_precond"
2025-12-19 15:57:31.98005,18,"workload_label",7,64,0.0625,0.546511627906977,0.558139534883721,0.54031007751938,7,"top7","eeg_tb_ratio_precond;eeg_ab_ratio_precond;hrv_rmssd_precond;eda_sd_precond;eeg_fl_hbeta_power_precond;hr_med_precond;eeg_tright_lbeta_power_precond"
2025-12-19 15:57:32.325104,18,"workload_label",7,128,0.0625,0.540697674418605,0.505813953488372,0.522480620155039,7,"top7","eeg_tb_ratio_precond;eeg_ab_ratio_precond;hrv_rmssd_precond;eda_sd_precond;eeg_fl_hbeta_power_precond;hr_med_precond;eeg_tright_lbeta_power_precond"
2025-12-19 15:57:32.708298,18,"workload_label",7,256,0.0625,0.534883720930233,0.476744186046512,NA,7,"top7","eeg_tb_ratio_precond;eeg_ab_ratio_precond;hrv_rmssd_precond;eda_sd_precond;eeg_fl_hbeta_power_precond;hr_med_precond;eeg_tright_lbeta_power_precond"
2025-12-19 15:57:31.817597,18,"workload_label",7,2,0.125,0.593023255813954,0.616279069767442,0.587596899224806,7,"top7","eeg_tb_ratio_precond;eeg_ab_ratio_precond;hrv_rmssd_precond;eda_sd_precond;eeg_fl_hbeta_power_precond;hr_med_precond;eeg_tright_lbeta_power_precond"
2025-12-19 15:57:31.868604,18,"workload_label",7,4,0.125,0.558139534883721,0.622093023255814,NA,7,"top7","eeg_tb_ratio_precond;eeg_ab_ratio_precond;hrv_rmssd_precond;eda_sd_precond;eeg_fl_hbeta_power_precond;hr_med_precond;eeg_tright_lbeta_power_precond"
2025-12-19 15:57:31.882908,18,"workload_label",7,8,0.125,0.546511627906977,0.604651162790698,NA,7,"top7","eeg_tb_ratio_precond;eeg_ab_ratio_precond;hrv_rmssd_precond;eda_sd_precond;eeg_fl_hbeta_power_precond;hr_med_precond;eeg_tright_lbeta_power_precond"
2025-12-19 15:57:32.033198,18,"workload_label",7,16,0.125,0.540697674418605,0.529069767441861,NA,7,"top7","eeg_tb_ratio_precond;eeg_ab_ratio_precond;hrv_rmssd_precond;eda_sd_precond;eeg_fl_hbeta_power_precond;hr_med_precond;eeg_tright_lbeta_power_precond"
2025-12-19 15:57:32.11824,18,"workload_label",7,32,0.125,0.534883720930233,0.517441860465116,NA,7,"top7","eeg_tb_ratio_precond;eeg_ab_ratio_precond;hrv_rmssd_precond;eda_sd_precond;eeg_fl_hbeta_power_precond;hr_med_precond;eeg_tright_lbeta_power_precond"
2025-12-19 15:57:32.335291,18,"workload_label",7,64,0.125,0.540697674418605,0.517441860465116,NA,7,"top7","eeg_tb_ratio_precond;eeg_ab_ratio_precond;hrv_rmssd_precond;eda_sd_precond;eeg_fl_hbeta_power_precond;hr_med_precond;eeg_tright_lbeta_power_precond"
2025-12-19 15:57:32.569767,18,"workload_label",7,128,0.125,0.511627906976744,0.47093023255814,NA,7,"top7","eeg_tb_ratio_precond;eeg_ab_ratio_precond;hrv_rmssd_precond;eda_sd_precond;eeg_fl_hbeta_power_precond;hr_med_precond;eeg_tright_lbeta_power_precond"
2025-12-19 15:57:32.729478,18,"workload_label",7,256,0.125,0.546511627906977,0.459302325581395,NA,7,"top7","eeg_tb_ratio_precond;eeg_ab_ratio_precond;hrv_rmssd_precond;eda_sd_precond;eeg_fl_hbeta_power_precond;hr_med_precond;eeg_tright_lbeta_power_precond"
2025-12-19 15:57:32.07903,18,"workload_label",7,2,0.03,0.61046511627907,0.651162790697674,0.590697674418605,7,"top7","eeg_tb_ratio_precond;eeg_ab_ratio_precond;hrv_rmssd_precond;eda_sd_precond;eeg_fl_hbeta_power_precond;hr_med_precond;eeg_tright_lbeta_power_precond"
2025-12-19 15:57:32.436433,18,"workload_label",7,4,0.03,0.616279069767442,0.627906976744186,0.610852713178295,7,"top7","eeg_tb_ratio_precond;eeg_ab_ratio_precond;hrv_rmssd_precond;eda_sd_precond;eeg_fl_hbeta_power_precond;hr_med_precond;eeg_tright_lbeta_power_precond"
2025-12-19 15:57:32.890234,18,"workload_label",7,8,0.03,0.604651162790698,0.645348837209302,0.601550387596899,7,"top7","eeg_tb_ratio_precond;eeg_ab_ratio_precond;hrv_rmssd_precond;eda_sd_precond;eeg_fl_hbeta_power_precond;hr_med_precond;eeg_tright_lbeta_power_precond"
2025-12-19 15:57:32.955586,18,"workload_label",7,16,0.03,0.61046511627907,0.645348837209302,0.601550387596899,7,"top7","eeg_tb_ratio_precond;eeg_ab_ratio_precond;hrv_rmssd_precond;eda_sd_precond;eeg_fl_hbeta_power_precond;hr_med_precond;eeg_tright_lbeta_power_precond"
2025-12-19 15:57:33.006477,18,"workload_label",7,32,0.03,0.587209302325581,0.61046511627907,NA,7,"top7","eeg_tb_ratio_precond;eeg_ab_ratio_precond;hrv_rmssd_precond;eda_sd_precond;eeg_fl_hbeta_power_precond;hr_med_precond;eeg_tright_lbeta_power_precond"
2025-12-19 15:57:33.137829,18,"workload_label",7,64,0.03,0.563953488372093,0.604651162790698,NA,7,"top7","eeg_tb_ratio_precond;eeg_ab_ratio_precond;hrv_rmssd_precond;eda_sd_precond;eeg_fl_hbeta_power_precond;hr_med_precond;eeg_tright_lbeta_power_precond"
2025-12-19 15:57:33.415035,18,"workload_label",7,128,0.03,0.540697674418605,0.563953488372093,NA,7,"top7","eeg_tb_ratio_precond;eeg_ab_ratio_precond;hrv_rmssd_precond;eda_sd_precond;eeg_fl_hbeta_power_precond;hr_med_precond;eeg_tright_lbeta_power_precond"
2025-12-19 15:57:33.701142,18,"workload_label",7,256,0.03,0.558139534883721,0.529069767441861,0.541860465116279,7,"top7","eeg_tb_ratio_precond;eeg_ab_ratio_precond;hrv_rmssd_precond;eda_sd_precond;eeg_fl_hbeta_power_precond;hr_med_precond;eeg_tright_lbeta_power_precond"
2025-12-19 15:57:33.198182,18,"workload_label",7,2,0.06,0.61046511627907,0.627906976744186,0.606201550387597,7,"top7","eeg_tb_ratio_precond;eeg_ab_ratio_precond;hrv_rmssd_precond;eda_sd_precond;eeg_fl_hbeta_power_precond;hr_med_precond;eeg_tright_lbeta_power_precond"
2025-12-19 15:57:33.288431,18,"workload_label",7,4,0.06,0.598837209302326,0.627906976744186,0.589147286821705,7,"top7","eeg_tb_ratio_precond;eeg_ab_ratio_precond;hrv_rmssd_precond;eda_sd_precond;eeg_fl_hbeta_power_precond;hr_med_precond;eeg_tright_lbeta_power_precond"
2025-12-19 15:57:33.4463,18,"workload_label",7,8,0.06,0.587209302325581,0.604651162790698,NA,7,"top7","eeg_tb_ratio_precond;eeg_ab_ratio_precond;hrv_rmssd_precond;eda_sd_precond;eeg_fl_hbeta_power_precond;hr_med_precond;eeg_tright_lbeta_power_precond"
2025-12-19 15:57:33.518476,18,"workload_label",7,16,0.06,0.563953488372093,0.61046511627907,NA,7,"top7","eeg_tb_ratio_precond;eeg_ab_ratio_precond;hrv_rmssd_precond;eda_sd_precond;eeg_fl_hbeta_power_precond;hr_med_precond;eeg_tright_lbeta_power_precond"
2025-12-19 15:57:33.676117,18,"workload_label",7,32,0.06,0.517441860465116,0.569767441860465,NA,7,"top7","eeg_tb_ratio_precond;eeg_ab_ratio_precond;hrv_rmssd_precond;eda_sd_precond;eeg_fl_hbeta_power_precond;hr_med_precond;eeg_tright_lbeta_power_precond"
2025-12-19 15:57:33.884057,18,"workload_label",7,64,0.06,0.546511627906977,0.569767441860465,0.531007751937985,7,"top7","eeg_tb_ratio_precond;eeg_ab_ratio_precond;hrv_rmssd_precond;eda_sd_precond;eeg_fl_hbeta_power_precond;hr_med_precond;eeg_tright_lbeta_power_precond"
2025-12-19 15:57:34.141883,18,"workload_label",7,128,0.06,0.546511627906977,0.482558139534884,0.531782945736434,7,"top7","eeg_tb_ratio_precond;eeg_ab_ratio_precond;hrv_rmssd_precond;eda_sd_precond;eeg_fl_hbeta_power_precond;hr_med_precond;eeg_tright_lbeta_power_precond"
2025-12-19 15:57:34.351132,18,"workload_label",7,256,0.06,0.529069767441861,0.476744186046512,NA,7,"top7","eeg_tb_ratio_precond;eeg_ab_ratio_precond;hrv_rmssd_precond;eda_sd_precond;eeg_fl_hbeta_power_precond;hr_med_precond;eeg_tright_lbeta_power_precond"
2025-12-19 15:57:33.947053,18,"workload_label",7,2,0.1,0.569767441860465,0.61046511627907,0.56046511627907,7,"top7","eeg_tb_ratio_precond;eeg_ab_ratio_precond;hrv_rmssd_precond;eda_sd_precond;eeg_fl_hbeta_power_precond;hr_med_precond;eeg_tright_lbeta_power_precond"
2025-12-19 15:57:34.012858,18,"workload_label",7,4,0.1,0.563953488372093,0.616279069767442,NA,7,"top7","eeg_tb_ratio_precond;eeg_ab_ratio_precond;hrv_rmssd_precond;eda_sd_precond;eeg_fl_hbeta_power_precond;hr_med_precond;eeg_tright_lbeta_power_precond"
2025-12-19 15:57:34.06392,18,"workload_label",7,8,0.1,0.546511627906977,0.616279069767442,NA,7,"top7","eeg_tb_ratio_precond;eeg_ab_ratio_precond;hrv_rmssd_precond;eda_sd_precond;eeg_fl_hbeta_power_precond;hr_med_precond;eeg_tright_lbeta_power_precond"
2025-12-19 15:57:34.208211,18,"workload_label",7,16,0.1,0.534883720930233,0.587209302325581,NA,7,"top7","eeg_tb_ratio_precond;eeg_ab_ratio_precond;hrv_rmssd_precond;eda_sd_precond;eeg_fl_hbeta_power_precond;hr_med_precond;eeg_tright_lbeta_power_precond"
2025-12-19 15:57:34.274658,18,"workload_label",7,32,0.1,0.534883720930233,0.529069767441861,NA,7,"top7","eeg_tb_ratio_precond;eeg_ab_ratio_precond;hrv_rmssd_precond;eda_sd_precond;eeg_fl_hbeta_power_precond;hr_med_precond;eeg_tright_lbeta_power_precond"
2025-12-19 15:57:34.432094,18,"workload_label",7,64,0.1,0.523255813953488,0.505813953488372,NA,7,"top7","eeg_tb_ratio_precond;eeg_ab_ratio_precond;hrv_rmssd_precond;eda_sd_precond;eeg_fl_hbeta_power_precond;hr_med_precond;eeg_tright_lbeta_power_precond"
2025-12-19 15:57:34.631208,18,"workload_label",7,128,0.1,0.546511627906977,0.494186046511628,NA,7,"top7","eeg_tb_ratio_precond;eeg_ab_ratio_precond;hrv_rmssd_precond;eda_sd_precond;eeg_fl_hbeta_power_precond;hr_med_precond;eeg_tright_lbeta_power_precond"
2025-12-19 15:57:34.740618,18,"workload_label",7,256,0.1,0.523255813953488,0.447674418604651,NA,7,"top7","eeg_tb_ratio_precond;eeg_ab_ratio_precond;hrv_rmssd_precond;eda_sd_precond;eeg_fl_hbeta_power_precond;hr_med_precond;eeg_tright_lbeta_power_precond"
2025-12-19 15:57:35.99708,19,"workload_label",7,2,0.0078125,0.627906976744186,0.633720930232558,0.595348837209302,7,"top7","eeg_tb_ratio_precond;eeg_ab_ratio_precond;hrv_rmssd_precond;eda_sd_precond;hr_med_precond;eeg_tright_lbeta_power_precond;eeg_fl_hbeta_power_precond"
2025-12-19 15:57:36.070831,19,"workload_label",7,4,0.0078125,0.633720930232558,0.627906976744186,0.613178294573643,7,"top7","eeg_tb_ratio_precond;eeg_ab_ratio_precond;hrv_rmssd_precond;eda_sd_precond;hr_med_precond;eeg_tright_lbeta_power_precond;eeg_fl_hbeta_power_precond"
2025-12-19 15:57:36.008532,19,"workload_label",7,8,0.0078125,0.593023255813954,0.622093023255814,0.572093023255814,7,"top7","eeg_tb_ratio_precond;eeg_ab_ratio_precond;hrv_rmssd_precond;eda_sd_precond;hr_med_precond;eeg_tright_lbeta_power_precond;eeg_fl_hbeta_power_precond"
2025-12-19 15:57:35.987302,19,"workload_label",7,16,0.0078125,0.575581395348837,0.604651162790698,0.567441860465116,7,"top7","eeg_tb_ratio_precond;eeg_ab_ratio_precond;hrv_rmssd_precond;eda_sd_precond;hr_med_precond;eeg_tright_lbeta_power_precond;eeg_fl_hbeta_power_precond"
2025-12-19 15:57:35.967948,19,"workload_label",7,32,0.0078125,0.569767441860465,0.61046511627907,0.566666666666667,7,"top7","eeg_tb_ratio_precond;eeg_ab_ratio_precond;hrv_rmssd_precond;eda_sd_precond;hr_med_precond;eeg_tright_lbeta_power_precond;eeg_fl_hbeta_power_precond"
2025-12-19 15:57:36.025022,19,"workload_label",7,64,0.0078125,0.581395348837209,0.633720930232558,0.590697674418605,7,"top7","eeg_tb_ratio_precond;eeg_ab_ratio_precond;hrv_rmssd_precond;eda_sd_precond;hr_med_precond;eeg_tright_lbeta_power_precond;eeg_fl_hbeta_power_precond"
2025-12-19 15:57:36.076445,19,"workload_label",7,128,0.0078125,0.604651162790698,0.627906976744186,0.6,7,"top7","eeg_tb_ratio_precond;eeg_ab_ratio_precond;hrv_rmssd_precond;eda_sd_precond;hr_med_precond;eeg_tright_lbeta_power_precond;eeg_fl_hbeta_power_precond"
2025-12-19 15:57:36.201724,19,"workload_label",7,256,0.0078125,0.604651162790698,0.627906976744186,0.608527131782946,7,"top7","eeg_tb_ratio_precond;eeg_ab_ratio_precond;hrv_rmssd_precond;eda_sd_precond;hr_med_precond;eeg_tright_lbeta_power_precond;eeg_fl_hbeta_power_precond"
2025-12-19 15:57:36.023045,19,"workload_label",7,2,0.015625,0.627906976744186,0.622093023255814,0.607751937984496,7,"top7","eeg_tb_ratio_precond;eeg_ab_ratio_precond;hrv_rmssd_precond;eda_sd_precond;hr_med_precond;eeg_tright_lbeta_power_precond;eeg_fl_hbeta_power_precond"
2025-12-19 15:57:36.048245,19,"workload_label",7,4,0.015625,0.581395348837209,0.622093023255814,0.567441860465116,7,"top7","eeg_tb_ratio_precond;eeg_ab_ratio_precond;hrv_rmssd_precond;eda_sd_precond;hr_med_precond;eeg_tright_lbeta_power_precond;eeg_fl_hbeta_power_precond"
2025-12-19 15:57:36.008031,19,"workload_label",7,8,0.015625,0.558139534883721,0.604651162790698,0.56046511627907,7,"top7","eeg_tb_ratio_precond;eeg_ab_ratio_precond;hrv_rmssd_precond;eda_sd_precond;hr_med_precond;eeg_tright_lbeta_power_precond;eeg_fl_hbeta_power_precond"
2025-12-19 15:57:36.008098,19,"workload_label",7,16,0.015625,0.593023255813954,0.61046511627907,0.598449612403101,7,"top7","eeg_tb_ratio_precond;eeg_ab_ratio_precond;hrv_rmssd_precond;eda_sd_precond;hr_med_precond;eeg_tright_lbeta_power_precond;eeg_fl_hbeta_power_precond"
2025-12-19 15:57:36.034739,19,"workload_label",7,32,0.015625,0.616279069767442,0.633720930232558,0.612403100775194,7,"top7","eeg_tb_ratio_precond;eeg_ab_ratio_precond;hrv_rmssd_precond;eda_sd_precond;hr_med_precond;eeg_tright_lbeta_power_precond;eeg_fl_hbeta_power_precond"
2025-12-19 15:57:36.065372,19,"workload_label",7,64,0.015625,0.604651162790698,0.627906976744186,0.596899224806202,7,"top7","eeg_tb_ratio_precond;eeg_ab_ratio_precond;hrv_rmssd_precond;eda_sd_precond;hr_med_precond;eeg_tright_lbeta_power_precond;eeg_fl_hbeta_power_precond"
2025-12-19 15:57:37.204972,19,"workload_label",7,128,0.015625,0.581395348837209,0.593023255813954,NA,7,"top7","eeg_tb_ratio_precond;eeg_ab_ratio_precond;hrv_rmssd_precond;eda_sd_precond;hr_med_precond;eeg_tright_lbeta_power_precond;eeg_fl_hbeta_power_precond"
2025-12-19 15:57:37.392674,19,"workload_label",7,256,0.015625,0.563953488372093,0.598837209302326,NA,7,"top7","eeg_tb_ratio_precond;eeg_ab_ratio_precond;hrv_rmssd_precond;eda_sd_precond;hr_med_precond;eeg_tright_lbeta_power_precond;eeg_fl_hbeta_power_precond"
2025-12-19 15:57:37.055135,19,"workload_label",7,2,0.03125,0.581395348837209,0.633720930232558,0.573643410852713,7,"top7","eeg_tb_ratio_precond;eeg_ab_ratio_precond;hrv_rmssd_precond;eda_sd_precond;hr_med_precond;eeg_tright_lbeta_power_precond;eeg_fl_hbeta_power_precond"
2025-12-19 15:57:37.058287,19,"workload_label",7,4,0.03125,0.575581395348837,0.604651162790698,0.57906976744186,7,"top7","eeg_tb_ratio_precond;eeg_ab_ratio_precond;hrv_rmssd_precond;eda_sd_precond;hr_med_precond;eeg_tright_lbeta_power_precond;eeg_fl_hbeta_power_precond"
2025-12-19 15:57:37.058613,19,"workload_label",7,8,0.03125,0.604651162790698,0.622093023255814,0.605426356589147,7,"top7","eeg_tb_ratio_precond;eeg_ab_ratio_precond;hrv_rmssd_precond;eda_sd_precond;hr_med_precond;eeg_tright_lbeta_power_precond;eeg_fl_hbeta_power_precond"
2025-12-19 15:57:37.102195,19,"workload_label",7,16,0.03125,0.604651162790698,0.616279069767442,0.588372093023256,7,"top7","eeg_tb_ratio_precond;eeg_ab_ratio_precond;hrv_rmssd_precond;eda_sd_precond;hr_med_precond;eeg_tright_lbeta_power_precond;eeg_fl_hbeta_power_precond"
2025-12-19 15:57:37.169202,19,"workload_label",7,32,0.03125,0.587209302325581,0.61046511627907,NA,7,"top7","eeg_tb_ratio_precond;eeg_ab_ratio_precond;hrv_rmssd_precond;eda_sd_precond;hr_med_precond;eeg_tright_lbeta_power_precond;eeg_fl_hbeta_power_precond"
2025-12-19 15:57:37.246756,19,"workload_label",7,64,0.03125,0.558139534883721,0.616279069767442,NA,7,"top7","eeg_tb_ratio_precond;eeg_ab_ratio_precond;hrv_rmssd_precond;eda_sd_precond;hr_med_precond;eeg_tright_lbeta_power_precond;eeg_fl_hbeta_power_precond"
2025-12-19 15:57:37.423999,19,"workload_label",7,128,0.03125,0.534883720930233,0.558139534883721,NA,7,"top7","eeg_tb_ratio_precond;eeg_ab_ratio_precond;hrv_rmssd_precond;eda_sd_precond;hr_med_precond;eeg_tright_lbeta_power_precond;eeg_fl_hbeta_power_precond"
2025-12-19 15:57:37.726795,19,"workload_label",7,256,0.03125,0.569767441860465,0.558139534883721,NA,7,"top7","eeg_tb_ratio_precond;eeg_ab_ratio_precond;hrv_rmssd_precond;eda_sd_precond;hr_med_precond;eeg_tright_lbeta_power_precond;eeg_fl_hbeta_power_precond"
2025-12-19 15:57:37.129914,19,"workload_label",7,2,0.0625,0.604651162790698,0.616279069767442,0.603875968992248,7,"top7","eeg_tb_ratio_precond;eeg_ab_ratio_precond;hrv_rmssd_precond;eda_sd_precond;hr_med_precond;eeg_tright_lbeta_power_precond;eeg_fl_hbeta_power_precond"
2025-12-19 15:57:37.130079,19,"workload_label",7,4,0.0625,0.593023255813954,0.622093023255814,0.587596899224806,7,"top7","eeg_tb_ratio_precond;eeg_ab_ratio_precond;hrv_rmssd_precond;eda_sd_precond;hr_med_precond;eeg_tright_lbeta_power_precond;eeg_fl_hbeta_power_precond"
2025-12-19 15:57:37.155519,19,"workload_label",7,8,0.0625,0.575581395348837,0.645348837209302,NA,7,"top7","eeg_tb_ratio_precond;eeg_ab_ratio_precond;hrv_rmssd_precond;eda_sd_precond;hr_med_precond;eeg_tright_lbeta_power_precond;eeg_fl_hbeta_power_precond"
2025-12-19 15:57:37.288735,19,"workload_label",7,16,0.0625,0.534883720930233,0.598837209302326,NA,7,"top7","eeg_tb_ratio_precond;eeg_ab_ratio_precond;hrv_rmssd_precond;eda_sd_precond;hr_med_precond;eeg_tright_lbeta_power_precond;eeg_fl_hbeta_power_precond"
2025-12-19 15:57:38.24578,19,"workload_label",7,32,0.0625,0.511627906976744,0.534883720930233,NA,7,"top7","eeg_tb_ratio_precond;eeg_ab_ratio_precond;hrv_rmssd_precond;eda_sd_precond;hr_med_precond;eeg_tright_lbeta_power_precond;eeg_fl_hbeta_power_precond"
2025-12-19 15:57:38.403731,19,"workload_label",7,64,0.0625,0.546511627906977,0.534883720930233,NA,7,"top7","eeg_tb_ratio_precond;eeg_ab_ratio_precond;hrv_rmssd_precond;eda_sd_precond;hr_med_precond;eeg_tright_lbeta_power_precond;eeg_fl_hbeta_power_precond"
2025-12-19 15:57:38.63145,19,"workload_label",7,128,0.0625,0.523255813953488,0.47093023255814,NA,7,"top7","eeg_tb_ratio_precond;eeg_ab_ratio_precond;hrv_rmssd_precond;eda_sd_precond;hr_med_precond;eeg_tright_lbeta_power_precond;eeg_fl_hbeta_power_precond"
2025-12-19 15:57:38.976469,19,"workload_label",7,256,0.0625,0.523255813953488,0.511627906976744,NA,7,"top7","eeg_tb_ratio_precond;eeg_ab_ratio_precond;hrv_rmssd_precond;eda_sd_precond;hr_med_precond;eeg_tright_lbeta_power_precond;eeg_fl_hbeta_power_precond"
2025-12-19 15:57:38.193671,19,"workload_label",7,2,0.125,0.587209302325581,0.627906976744186,0.575193798449612,7,"top7","eeg_tb_ratio_precond;eeg_ab_ratio_precond;hrv_rmssd_precond;eda_sd_precond;hr_med_precond;eeg_tright_lbeta_power_precond;eeg_fl_hbeta_power_precond"
2025-12-19 15:57:38.204411,19,"workload_label",7,4,0.125,0.546511627906977,0.598837209302326,NA,7,"top7","eeg_tb_ratio_precond;eeg_ab_ratio_precond;hrv_rmssd_precond;eda_sd_precond;hr_med_precond;eeg_tright_lbeta_power_precond;eeg_fl_hbeta_power_precond"
2025-12-19 15:57:38.224961,19,"workload_label",7,8,0.125,0.505813953488372,0.563953488372093,NA,7,"top7","eeg_tb_ratio_precond;eeg_ab_ratio_precond;hrv_rmssd_precond;eda_sd_precond;hr_med_precond;eeg_tright_lbeta_power_precond;eeg_fl_hbeta_power_precond"
2025-12-19 15:57:38.342536,19,"workload_label",7,16,0.125,0.517441860465116,0.540697674418605,NA,7,"top7","eeg_tb_ratio_precond;eeg_ab_ratio_precond;hrv_rmssd_precond;eda_sd_precond;hr_med_precond;eeg_tright_lbeta_power_precond;eeg_fl_hbeta_power_precond"
2025-12-19 15:57:38.469351,19,"workload_label",7,32,0.125,0.529069767441861,0.494186046511628,NA,7,"top7","eeg_tb_ratio_precond;eeg_ab_ratio_precond;hrv_rmssd_precond;eda_sd_precond;hr_med_precond;eeg_tright_lbeta_power_precond;eeg_fl_hbeta_power_precond"
2025-12-19 15:57:38.638146,19,"workload_label",7,64,0.125,0.529069767441861,0.465116279069767,NA,7,"top7","eeg_tb_ratio_precond;eeg_ab_ratio_precond;hrv_rmssd_precond;eda_sd_precond;hr_med_precond;eeg_tright_lbeta_power_precond;eeg_fl_hbeta_power_precond"
2025-12-19 15:57:38.850475,19,"workload_label",7,128,0.125,0.505813953488372,0.482558139534884,NA,7,"top7","eeg_tb_ratio_precond;eeg_ab_ratio_precond;hrv_rmssd_precond;eda_sd_precond;hr_med_precond;eeg_tright_lbeta_power_precond;eeg_fl_hbeta_power_precond"
2025-12-19 15:57:39.019927,19,"workload_label",7,256,0.125,0.534883720930233,0.465116279069767,NA,7,"top7","eeg_tb_ratio_precond;eeg_ab_ratio_precond;hrv_rmssd_precond;eda_sd_precond;hr_med_precond;eeg_tright_lbeta_power_precond;eeg_fl_hbeta_power_precond"
2025-12-19 15:57:38.461475,19,"workload_label",7,2,0.03,0.575581395348837,0.633720930232558,0.566666666666667,7,"top7","eeg_tb_ratio_precond;eeg_ab_ratio_precond;hrv_rmssd_precond;eda_sd_precond;hr_med_precond;eeg_tright_lbeta_power_precond;eeg_fl_hbeta_power_precond"
2025-12-19 15:57:38.757782,19,"workload_label",7,4,0.03,0.563953488372093,0.604651162790698,0.575193798449612,7,"top7","eeg_tb_ratio_precond;eeg_ab_ratio_precond;hrv_rmssd_precond;eda_sd_precond;hr_med_precond;eeg_tright_lbeta_power_precond;eeg_fl_hbeta_power_precond"
2025-12-19 15:57:39.215841,19,"workload_label",7,8,0.03,0.604651162790698,0.627906976744186,0.597674418604651,7,"top7","eeg_tb_ratio_precond;eeg_ab_ratio_precond;hrv_rmssd_precond;eda_sd_precond;hr_med_precond;eeg_tright_lbeta_power_precond;eeg_fl_hbeta_power_precond"
2025-12-19 15:57:39.277259,19,"workload_label",7,16,0.03,0.598837209302326,0.616279069767442,0.588372093023256,7,"top7","eeg_tb_ratio_precond;eeg_ab_ratio_precond;hrv_rmssd_precond;eda_sd_precond;hr_med_precond;eeg_tright_lbeta_power_precond;eeg_fl_hbeta_power_precond"
2025-12-19 15:57:39.35293,19,"workload_label",7,32,0.03,0.575581395348837,0.622093023255814,NA,7,"top7","eeg_tb_ratio_precond;eeg_ab_ratio_precond;hrv_rmssd_precond;eda_sd_precond;hr_med_precond;eeg_tright_lbeta_power_precond;eeg_fl_hbeta_power_precond"
2025-12-19 15:57:39.431767,19,"workload_label",7,64,0.03,0.569767441860465,0.61046511627907,NA,7,"top7","eeg_tb_ratio_precond;eeg_ab_ratio_precond;hrv_rmssd_precond;eda_sd_precond;hr_med_precond;eeg_tright_lbeta_power_precond;eeg_fl_hbeta_power_precond"
2025-12-19 15:57:39.699516,19,"workload_label",7,128,0.03,0.540697674418605,0.575581395348837,NA,7,"top7","eeg_tb_ratio_precond;eeg_ab_ratio_precond;hrv_rmssd_precond;eda_sd_precond;hr_med_precond;eeg_tright_lbeta_power_precond;eeg_fl_hbeta_power_precond"
2025-12-19 15:57:40.005097,19,"workload_label",7,256,0.03,0.558139534883721,0.534883720930233,NA,7,"top7","eeg_tb_ratio_precond;eeg_ab_ratio_precond;hrv_rmssd_precond;eda_sd_precond;hr_med_precond;eeg_tright_lbeta_power_precond;eeg_fl_hbeta_power_precond"
2025-12-19 15:57:39.498688,19,"workload_label",7,2,0.06,0.604651162790698,0.622093023255814,0.603875968992248,7,"top7","eeg_tb_ratio_precond;eeg_ab_ratio_precond;hrv_rmssd_precond;eda_sd_precond;hr_med_precond;eeg_tright_lbeta_power_precond;eeg_fl_hbeta_power_precond"
2025-12-19 15:57:39.512758,19,"workload_label",7,4,0.06,0.581395348837209,0.622093023255814,0.568992248062016,7,"top7","eeg_tb_ratio_precond;eeg_ab_ratio_precond;hrv_rmssd_precond;eda_sd_precond;hr_med_precond;eeg_tright_lbeta_power_precond;eeg_fl_hbeta_power_precond"
2025-12-19 15:57:39.701453,19,"workload_label",7,8,0.06,0.581395348837209,0.633720930232558,NA,7,"top7","eeg_tb_ratio_precond;eeg_ab_ratio_precond;hrv_rmssd_precond;eda_sd_precond;hr_med_precond;eeg_tright_lbeta_power_precond;eeg_fl_hbeta_power_precond"
2025-12-19 15:57:39.76037,19,"workload_label",7,16,0.06,0.534883720930233,0.604651162790698,NA,7,"top7","eeg_tb_ratio_precond;eeg_ab_ratio_precond;hrv_rmssd_precond;eda_sd_precond;hr_med_precond;eeg_tright_lbeta_power_precond;eeg_fl_hbeta_power_precond"
2025-12-19 15:57:39.958738,19,"workload_label",7,32,0.06,0.517441860465116,0.575581395348837,NA,7,"top7","eeg_tb_ratio_precond;eeg_ab_ratio_precond;hrv_rmssd_precond;eda_sd_precond;hr_med_precond;eeg_tright_lbeta_power_precond;eeg_fl_hbeta_power_precond"
2025-12-19 15:57:40.119383,19,"workload_label",7,64,0.06,0.558139534883721,0.558139534883721,0.551162790697674,7,"top7","eeg_tb_ratio_precond;eeg_ab_ratio_precond;hrv_rmssd_precond;eda_sd_precond;hr_med_precond;eeg_tright_lbeta_power_precond;eeg_fl_hbeta_power_precond"
2025-12-19 15:57:40.376382,19,"workload_label",7,128,0.06,0.534883720930233,0.534883720930233,NA,7,"top7","eeg_tb_ratio_precond;eeg_ab_ratio_precond;hrv_rmssd_precond;eda_sd_precond;hr_med_precond;eeg_tright_lbeta_power_precond;eeg_fl_hbeta_power_precond"
2025-12-19 15:57:40.653413,19,"workload_label",7,256,0.06,0.523255813953488,0.465116279069767,NA,7,"top7","eeg_tb_ratio_precond;eeg_ab_ratio_precond;hrv_rmssd_precond;eda_sd_precond;hr_med_precond;eeg_tright_lbeta_power_precond;eeg_fl_hbeta_power_precond"
2025-12-19 15:57:40.215434,19,"workload_label",7,2,0.1,0.581395348837209,0.604651162790698,0.569767441860465,7,"top7","eeg_tb_ratio_precond;eeg_ab_ratio_precond;hrv_rmssd_precond;eda_sd_precond;hr_med_precond;eeg_tright_lbeta_power_precond;eeg_fl_hbeta_power_precond"
2025-12-19 15:57:40.265254,19,"workload_label",7,4,0.1,0.552325581395349,0.627906976744186,NA,7,"top7","eeg_tb_ratio_precond;eeg_ab_ratio_precond;hrv_rmssd_precond;eda_sd_precond;hr_med_precond;eeg_tright_lbeta_power_precond;eeg_fl_hbeta_power_precond"
2025-12-19 15:57:40.368121,19,"workload_label",7,8,0.1,0.529069767441861,0.575581395348837,NA,7,"top7","eeg_tb_ratio_precond;eeg_ab_ratio_precond;hrv_rmssd_precond;eda_sd_precond;hr_med_precond;eeg_tright_lbeta_power_precond;eeg_fl_hbeta_power_precond"
2025-12-19 15:57:40.447966,19,"workload_label",7,16,0.1,0.523255813953488,0.523255813953488,NA,7,"top7","eeg_tb_ratio_precond;eeg_ab_ratio_precond;hrv_rmssd_precond;eda_sd_precond;hr_med_precond;eeg_tright_lbeta_power_precond;eeg_fl_hbeta_power_precond"
2025-12-19 15:57:40.559588,19,"workload_label",7,32,0.1,0.523255813953488,0.517441860465116,NA,7,"top7","eeg_tb_ratio_precond;eeg_ab_ratio_precond;hrv_rmssd_precond;eda_sd_precond;hr_med_precond;eeg_tright_lbeta_power_precond;eeg_fl_hbeta_power_precond"
2025-12-19 15:57:40.681703,19,"workload_label",7,64,0.1,0.529069767441861,0.517441860465116,NA,7,"top7","eeg_tb_ratio_precond;eeg_ab_ratio_precond;hrv_rmssd_precond;eda_sd_precond;hr_med_precond;eeg_tright_lbeta_power_precond;eeg_fl_hbeta_power_precond"
2025-12-19 15:57:40.898185,19,"workload_label",7,128,0.1,0.529069767441861,0.505813953488372,NA,7,"top7","eeg_tb_ratio_precond;eeg_ab_ratio_precond;hrv_rmssd_precond;eda_sd_precond;hr_med_precond;eeg_tright_lbeta_power_precond;eeg_fl_hbeta_power_precond"
2025-12-19 15:57:41.014272,19,"workload_label",7,256,0.1,0.505813953488372,0.412790697674419,NA,7,"top7","eeg_tb_ratio_precond;eeg_ab_ratio_precond;hrv_rmssd_precond;eda_sd_precond;hr_med_precond;eeg_tright_lbeta_power_precond;eeg_fl_hbeta_power_precond"
2025-12-19 15:57:42.280883,20,"workload_label",7,2,0.0078125,0.616279069767442,0.627906976744186,0.591472868217054,7,"top7","eeg_tb_ratio_precond;eeg_ab_ratio_precond;hrv_rmssd_precond;eda_sd_precond;hr_med_precond;eeg_fl_hbeta_power_precond;eeg_tright_lbeta_power_precond"
2025-12-19 15:57:42.280227,20,"workload_label",7,4,0.0078125,0.622093023255814,0.622093023255814,0.602325581395349,7,"top7","eeg_tb_ratio_precond;eeg_ab_ratio_precond;hrv_rmssd_precond;eda_sd_precond;hr_med_precond;eeg_fl_hbeta_power_precond;eeg_tright_lbeta_power_precond"
2025-12-19 15:57:42.255916,20,"workload_label",7,8,0.0078125,0.616279069767442,0.61046511627907,0.597674418604651,7,"top7","eeg_tb_ratio_precond;eeg_ab_ratio_precond;hrv_rmssd_precond;eda_sd_precond;hr_med_precond;eeg_fl_hbeta_power_precond;eeg_tright_lbeta_power_precond"
2025-12-19 15:57:42.256489,20,"workload_label",7,16,0.0078125,0.575581395348837,0.593023255813954,0.56046511627907,7,"top7","eeg_tb_ratio_precond;eeg_ab_ratio_precond;hrv_rmssd_precond;eda_sd_precond;hr_med_precond;eeg_fl_hbeta_power_precond;eeg_tright_lbeta_power_precond"
2025-12-19 15:57:42.274135,20,"workload_label",7,32,0.0078125,0.552325581395349,0.598837209302326,0.551162790697674,7,"top7","eeg_tb_ratio_precond;eeg_ab_ratio_precond;hrv_rmssd_precond;eda_sd_precond;hr_med_precond;eeg_fl_hbeta_power_precond;eeg_tright_lbeta_power_precond"
2025-12-19 15:57:42.290123,20,"workload_label",7,64,0.0078125,0.563953488372093,0.622093023255814,0.570542635658915,7,"top7","eeg_tb_ratio_precond;eeg_ab_ratio_precond;hrv_rmssd_precond;eda_sd_precond;hr_med_precond;eeg_fl_hbeta_power_precond;eeg_tright_lbeta_power_precond"
2025-12-19 15:57:42.354317,20,"workload_label",7,128,0.0078125,0.598837209302326,0.627906976744186,0.611627906976744,7,"top7","eeg_tb_ratio_precond;eeg_ab_ratio_precond;hrv_rmssd_precond;eda_sd_precond;hr_med_precond;eeg_fl_hbeta_power_precond;eeg_tright_lbeta_power_precond"
2025-12-19 15:57:42.445145,20,"workload_label",7,256,0.0078125,0.616279069767442,0.645348837209302,0.616279069767442,7,"top7","eeg_tb_ratio_precond;eeg_ab_ratio_precond;hrv_rmssd_precond;eda_sd_precond;hr_med_precond;eeg_fl_hbeta_power_precond;eeg_tright_lbeta_power_precond"
2025-12-19 15:57:42.29,20,"workload_label",7,2,0.015625,0.622093023255814,0.622093023255814,0.603875968992248,7,"top7","eeg_tb_ratio_precond;eeg_ab_ratio_precond;hrv_rmssd_precond;eda_sd_precond;hr_med_precond;eeg_fl_hbeta_power_precond;eeg_tright_lbeta_power_precond"
2025-12-19 15:57:42.275972,20,"workload_label",7,4,0.015625,0.598837209302326,0.604651162790698,0.585271317829457,7,"top7","eeg_tb_ratio_precond;eeg_ab_ratio_precond;hrv_rmssd_precond;eda_sd_precond;hr_med_precond;eeg_fl_hbeta_power_precond;eeg_tright_lbeta_power_precond"
2025-12-19 15:57:42.266222,20,"workload_label",7,8,0.015625,0.558139534883721,0.61046511627907,0.558139534883721,7,"top7","eeg_tb_ratio_precond;eeg_ab_ratio_precond;hrv_rmssd_precond;eda_sd_precond;hr_med_precond;eeg_fl_hbeta_power_precond;eeg_tright_lbeta_power_precond"
2025-12-19 15:57:42.239032,20,"workload_label",7,16,0.015625,0.587209302325581,0.61046511627907,0.596124031007752,7,"top7","eeg_tb_ratio_precond;eeg_ab_ratio_precond;hrv_rmssd_precond;eda_sd_precond;hr_med_precond;eeg_fl_hbeta_power_precond;eeg_tright_lbeta_power_precond"
2025-12-19 15:57:42.312629,20,"workload_label",7,32,0.015625,0.604651162790698,0.63953488372093,0.610077519379845,7,"top7","eeg_tb_ratio_precond;eeg_ab_ratio_precond;hrv_rmssd_precond;eda_sd_precond;hr_med_precond;eeg_fl_hbeta_power_precond;eeg_tright_lbeta_power_precond"
2025-12-19 15:57:42.361756,20,"workload_label",7,64,0.015625,0.61046511627907,0.63953488372093,0.613953488372093,7,"top7","eeg_tb_ratio_precond;eeg_ab_ratio_precond;hrv_rmssd_precond;eda_sd_precond;hr_med_precond;eeg_fl_hbeta_power_precond;eeg_tright_lbeta_power_precond"
2025-12-19 15:57:43.496339,20,"workload_label",7,128,0.015625,0.587209302325581,0.616279069767442,NA,7,"top7","eeg_tb_ratio_precond;eeg_ab_ratio_precond;hrv_rmssd_precond;eda_sd_precond;hr_med_precond;eeg_fl_hbeta_power_precond;eeg_tright_lbeta_power_precond"
2025-12-19 15:57:43.687919,20,"workload_label",7,256,0.015625,0.563953488372093,0.575581395348837,NA,7,"top7","eeg_tb_ratio_precond;eeg_ab_ratio_precond;hrv_rmssd_precond;eda_sd_precond;hr_med_precond;eeg_fl_hbeta_power_precond;eeg_tright_lbeta_power_precond"
2025-12-19 15:57:43.351069,20,"workload_label",7,2,0.03125,0.587209302325581,0.616279069767442,0.587596899224806,7,"top7","eeg_tb_ratio_precond;eeg_ab_ratio_precond;hrv_rmssd_precond;eda_sd_precond;hr_med_precond;eeg_fl_hbeta_power_precond;eeg_tright_lbeta_power_precond"
2025-12-19 15:57:43.330949,20,"workload_label",7,4,0.03125,0.575581395348837,0.616279069767442,0.586046511627907,7,"top7","eeg_tb_ratio_precond;eeg_ab_ratio_precond;hrv_rmssd_precond;eda_sd_precond;hr_med_precond;eeg_fl_hbeta_power_precond;eeg_tright_lbeta_power_precond"
2025-12-19 15:57:43.355692,20,"workload_label",7,8,0.03125,0.61046511627907,0.633720930232558,0.614728682170543,7,"top7","eeg_tb_ratio_precond;eeg_ab_ratio_precond;hrv_rmssd_precond;eda_sd_precond;hr_med_precond;eeg_fl_hbeta_power_precond;eeg_tright_lbeta_power_precond"
2025-12-19 15:57:43.35049,20,"workload_label",7,16,0.03125,0.622093023255814,0.627906976744186,0.616279069767442,7,"top7","eeg_tb_ratio_precond;eeg_ab_ratio_precond;hrv_rmssd_precond;eda_sd_precond;hr_med_precond;eeg_fl_hbeta_power_precond;eeg_tright_lbeta_power_precond"
2025-12-19 15:57:43.427729,20,"workload_label",7,32,0.03125,0.587209302325581,0.575581395348837,NA,7,"top7","eeg_tb_ratio_precond;eeg_ab_ratio_precond;hrv_rmssd_precond;eda_sd_precond;hr_med_precond;eeg_fl_hbeta_power_precond;eeg_tright_lbeta_power_precond"
2025-12-19 15:57:43.538636,20,"workload_label",7,64,0.03125,0.575581395348837,0.575581395348837,NA,7,"top7","eeg_tb_ratio_precond;eeg_ab_ratio_precond;hrv_rmssd_precond;eda_sd_precond;hr_med_precond;eeg_fl_hbeta_power_precond;eeg_tright_lbeta_power_precond"
2025-12-19 15:57:43.703406,20,"workload_label",7,128,0.03125,0.563953488372093,0.552325581395349,NA,7,"top7","eeg_tb_ratio_precond;eeg_ab_ratio_precond;hrv_rmssd_precond;eda_sd_precond;hr_med_precond;eeg_fl_hbeta_power_precond;eeg_tright_lbeta_power_precond"
2025-12-19 15:57:43.962732,20,"workload_label",7,256,0.03125,0.558139534883721,0.534883720930233,NA,7,"top7","eeg_tb_ratio_precond;eeg_ab_ratio_precond;hrv_rmssd_precond;eda_sd_precond;hr_med_precond;eeg_fl_hbeta_power_precond;eeg_tright_lbeta_power_precond"
2025-12-19 15:57:43.404887,20,"workload_label",7,2,0.0625,0.604651162790698,0.61046511627907,0.614728682170543,7,"top7","eeg_tb_ratio_precond;eeg_ab_ratio_precond;hrv_rmssd_precond;eda_sd_precond;hr_med_precond;eeg_fl_hbeta_power_precond;eeg_tright_lbeta_power_precond"
2025-12-19 15:57:43.400251,20,"workload_label",7,4,0.0625,0.587209302325581,0.604651162790698,0.586046511627907,7,"top7","eeg_tb_ratio_precond;eeg_ab_ratio_precond;hrv_rmssd_precond;eda_sd_precond;hr_med_precond;eeg_fl_hbeta_power_precond;eeg_tright_lbeta_power_precond"
2025-12-19 15:57:43.467719,20,"workload_label",7,8,0.0625,0.593023255813954,0.598837209302326,NA,7,"top7","eeg_tb_ratio_precond;eeg_ab_ratio_precond;hrv_rmssd_precond;eda_sd_precond;hr_med_precond;eeg_fl_hbeta_power_precond;eeg_tright_lbeta_power_precond"
2025-12-19 15:57:43.568204,20,"workload_label",7,16,0.0625,0.558139534883721,0.593023255813954,NA,7,"top7","eeg_tb_ratio_precond;eeg_ab_ratio_precond;hrv_rmssd_precond;eda_sd_precond;hr_med_precond;eeg_fl_hbeta_power_precond;eeg_tright_lbeta_power_precond"
2025-12-19 15:57:44.549313,20,"workload_label",7,32,0.0625,0.517441860465116,0.558139534883721,NA,7,"top7","eeg_tb_ratio_precond;eeg_ab_ratio_precond;hrv_rmssd_precond;eda_sd_precond;hr_med_precond;eeg_fl_hbeta_power_precond;eeg_tright_lbeta_power_precond"
2025-12-19 15:57:44.68568,20,"workload_label",7,64,0.0625,0.546511627906977,0.546511627906977,0.549612403100775,7,"top7","eeg_tb_ratio_precond;eeg_ab_ratio_precond;hrv_rmssd_precond;eda_sd_precond;hr_med_precond;eeg_fl_hbeta_power_precond;eeg_tright_lbeta_power_precond"
2025-12-19 15:57:44.917975,20,"workload_label",7,128,0.0625,0.529069767441861,0.523255813953488,NA,7,"top7","eeg_tb_ratio_precond;eeg_ab_ratio_precond;hrv_rmssd_precond;eda_sd_precond;hr_med_precond;eeg_fl_hbeta_power_precond;eeg_tright_lbeta_power_precond"
2025-12-19 15:57:45.283088,20,"workload_label",7,256,0.0625,0.552325581395349,0.447674418604651,0.557364341085271,7,"top7","eeg_tb_ratio_precond;eeg_ab_ratio_precond;hrv_rmssd_precond;eda_sd_precond;hr_med_precond;eeg_fl_hbeta_power_precond;eeg_tright_lbeta_power_precond"
2025-12-19 15:57:44.451783,20,"workload_label",7,2,0.125,0.587209302325581,0.61046511627907,0.585271317829457,7,"top7","eeg_tb_ratio_precond;eeg_ab_ratio_precond;hrv_rmssd_precond;eda_sd_precond;hr_med_precond;eeg_fl_hbeta_power_precond;eeg_tright_lbeta_power_precond"
2025-12-19 15:57:44.477016,20,"workload_label",7,4,0.125,0.558139534883721,0.593023255813954,NA,7,"top7","eeg_tb_ratio_precond;eeg_ab_ratio_precond;hrv_rmssd_precond;eda_sd_precond;hr_med_precond;eeg_fl_hbeta_power_precond;eeg_tright_lbeta_power_precond"
2025-12-19 15:57:44.54086,20,"workload_label",7,8,0.125,0.540697674418605,0.546511627906977,NA,7,"top7","eeg_tb_ratio_precond;eeg_ab_ratio_precond;hrv_rmssd_precond;eda_sd_precond;hr_med_precond;eeg_fl_hbeta_power_precond;eeg_tright_lbeta_power_precond"
2025-12-19 15:57:44.670093,20,"workload_label",7,16,0.125,0.523255813953488,0.523255813953488,NA,7,"top7","eeg_tb_ratio_precond;eeg_ab_ratio_precond;hrv_rmssd_precond;eda_sd_precond;hr_med_precond;eeg_fl_hbeta_power_precond;eeg_tright_lbeta_power_precond"
2025-12-19 15:57:44.794327,20,"workload_label",7,32,0.125,0.534883720930233,0.505813953488372,NA,7,"top7","eeg_tb_ratio_precond;eeg_ab_ratio_precond;hrv_rmssd_precond;eda_sd_precond;hr_med_precond;eeg_fl_hbeta_power_precond;eeg_tright_lbeta_power_precond"
2025-12-19 15:57:44.952221,20,"workload_label",7,64,0.125,0.534883720930233,0.505813953488372,NA,7,"top7","eeg_tb_ratio_precond;eeg_ab_ratio_precond;hrv_rmssd_precond;eda_sd_precond;hr_med_precond;eeg_fl_hbeta_power_precond;eeg_tright_lbeta_power_precond"
2025-12-19 15:57:45.129647,20,"workload_label",7,128,0.125,0.5,0.436046511627907,NA,7,"top7","eeg_tb_ratio_precond;eeg_ab_ratio_precond;hrv_rmssd_precond;eda_sd_precond;hr_med_precond;eeg_fl_hbeta_power_precond;eeg_tright_lbeta_power_precond"
2025-12-19 15:57:45.35375,20,"workload_label",7,256,0.125,0.505813953488372,0.482558139534884,NA,7,"top7","eeg_tb_ratio_precond;eeg_ab_ratio_precond;hrv_rmssd_precond;eda_sd_precond;hr_med_precond;eeg_fl_hbeta_power_precond;eeg_tright_lbeta_power_precond"
2025-12-19 15:57:44.751405,20,"workload_label",7,2,0.03,0.581395348837209,0.616279069767442,0.578294573643411,7,"top7","eeg_tb_ratio_precond;eeg_ab_ratio_precond;hrv_rmssd_precond;eda_sd_precond;hr_med_precond;eeg_fl_hbeta_power_precond;eeg_tright_lbeta_power_precond"
2025-12-19 15:57:44.999867,20,"workload_label",7,4,0.03,0.575581395348837,0.616279069767442,0.586046511627907,7,"top7","eeg_tb_ratio_precond;eeg_ab_ratio_precond;hrv_rmssd_precond;eda_sd_precond;hr_med_precond;eeg_fl_hbeta_power_precond;eeg_tright_lbeta_power_precond"
2025-12-19 15:57:45.535261,20,"workload_label",7,8,0.03,0.604651162790698,0.633720930232558,0.607751937984496,7,"top7","eeg_tb_ratio_precond;eeg_ab_ratio_precond;hrv_rmssd_precond;eda_sd_precond;hr_med_precond;eeg_fl_hbeta_power_precond;eeg_tright_lbeta_power_precond"
2025-12-19 15:57:45.651046,20,"workload_label",7,16,0.03,0.616279069767442,0.63953488372093,0.608527131782946,7,"top7","eeg_tb_ratio_precond;eeg_ab_ratio_precond;hrv_rmssd_precond;eda_sd_precond;hr_med_precond;eeg_fl_hbeta_power_precond;eeg_tright_lbeta_power_precond"
2025-12-19 15:57:45.690631,20,"workload_label",7,32,0.03,0.575581395348837,0.581395348837209,NA,7,"top7","eeg_tb_ratio_precond;eeg_ab_ratio_precond;hrv_rmssd_precond;eda_sd_precond;hr_med_precond;eeg_fl_hbeta_power_precond;eeg_tright_lbeta_power_precond"
2025-12-19 15:57:45.77175,20,"workload_label",7,64,0.03,0.569767441860465,0.569767441860465,NA,7,"top7","eeg_tb_ratio_precond;eeg_ab_ratio_precond;hrv_rmssd_precond;eda_sd_precond;hr_med_precond;eeg_fl_hbeta_power_precond;eeg_tright_lbeta_power_precond"
2025-12-19 15:57:46.070175,20,"workload_label",7,128,0.03,0.546511627906977,0.581395348837209,NA,7,"top7","eeg_tb_ratio_precond;eeg_ab_ratio_precond;hrv_rmssd_precond;eda_sd_precond;hr_med_precond;eeg_fl_hbeta_power_precond;eeg_tright_lbeta_power_precond"
2025-12-19 15:57:46.361378,20,"workload_label",7,256,0.03,0.552325581395349,0.534883720930233,NA,7,"top7","eeg_tb_ratio_precond;eeg_ab_ratio_precond;hrv_rmssd_precond;eda_sd_precond;hr_med_precond;eeg_fl_hbeta_power_precond;eeg_tright_lbeta_power_precond"
2025-12-19 15:57:45.846317,20,"workload_label",7,2,0.06,0.61046511627907,0.61046511627907,0.617054263565891,7,"top7","eeg_tb_ratio_precond;eeg_ab_ratio_precond;hrv_rmssd_precond;eda_sd_precond;hr_med_precond;eeg_fl_hbeta_power_precond;eeg_tright_lbeta_power_precond"
2025-12-19 15:57:45.849272,20,"workload_label",7,4,0.06,0.587209302325581,0.616279069767442,0.586046511627907,7,"top7","eeg_tb_ratio_precond;eeg_ab_ratio_precond;hrv_rmssd_precond;eda_sd_precond;hr_med_precond;eeg_fl_hbeta_power_precond;eeg_tright_lbeta_power_precond"
2025-12-19 15:57:46.073047,20,"workload_label",7,8,0.06,0.593023255813954,0.598837209302326,NA,7,"top7","eeg_tb_ratio_precond;eeg_ab_ratio_precond;hrv_rmssd_precond;eda_sd_precond;hr_med_precond;eeg_fl_hbeta_power_precond;eeg_tright_lbeta_power_precond"
2025-12-19 15:57:46.134591,20,"workload_label",7,16,0.06,0.563953488372093,0.598837209302326,NA,7,"top7","eeg_tb_ratio_precond;eeg_ab_ratio_precond;hrv_rmssd_precond;eda_sd_precond;hr_med_precond;eeg_fl_hbeta_power_precond;eeg_tright_lbeta_power_precond"
2025-12-19 15:57:46.227356,20,"workload_label",7,32,0.06,0.534883720930233,0.563953488372093,NA,7,"top7","eeg_tb_ratio_precond;eeg_ab_ratio_precond;hrv_rmssd_precond;eda_sd_precond;hr_med_precond;eeg_fl_hbeta_power_precond;eeg_tright_lbeta_power_precond"
2025-12-19 15:57:46.475501,20,"workload_label",7,64,0.06,0.552325581395349,0.534883720930233,0.556589147286822,7,"top7","eeg_tb_ratio_precond;eeg_ab_ratio_precond;hrv_rmssd_precond;eda_sd_precond;hr_med_precond;eeg_fl_hbeta_power_precond;eeg_tright_lbeta_power_precond"
2025-12-19 15:57:46.723586,20,"workload_label",7,128,0.06,0.529069767441861,0.511627906976744,NA,7,"top7","eeg_tb_ratio_precond;eeg_ab_ratio_precond;hrv_rmssd_precond;eda_sd_precond;hr_med_precond;eeg_fl_hbeta_power_precond;eeg_tright_lbeta_power_precond"
2025-12-19 15:57:46.975571,20,"workload_label",7,256,0.06,0.540697674418605,0.517441860465116,0.541085271317829,7,"top7","eeg_tb_ratio_precond;eeg_ab_ratio_precond;hrv_rmssd_precond;eda_sd_precond;hr_med_precond;eeg_fl_hbeta_power_precond;eeg_tright_lbeta_power_precond"
2025-12-19 15:57:46.543085,20,"workload_label",7,2,0.1,0.587209302325581,0.604651162790698,0.586046511627907,7,"top7","eeg_tb_ratio_precond;eeg_ab_ratio_precond;hrv_rmssd_precond;eda_sd_precond;hr_med_precond;eeg_fl_hbeta_power_precond;eeg_tright_lbeta_power_precond"
2025-12-19 15:57:46.629569,20,"workload_label",7,4,0.1,0.575581395348837,0.604651162790698,NA,7,"top7","eeg_tb_ratio_precond;eeg_ab_ratio_precond;hrv_rmssd_precond;eda_sd_precond;hr_med_precond;eeg_fl_hbeta_power_precond;eeg_tright_lbeta_power_precond"
2025-12-19 15:57:46.727062,20,"workload_label",7,8,0.1,0.546511627906977,0.575581395348837,NA,7,"top7","eeg_tb_ratio_precond;eeg_ab_ratio_precond;hrv_rmssd_precond;eda_sd_precond;hr_med_precond;eeg_fl_hbeta_power_precond;eeg_tright_lbeta_power_precond"
2025-12-19 15:57:46.80293,20,"workload_label",7,16,0.1,0.546511627906977,0.546511627906977,NA,7,"top7","eeg_tb_ratio_precond;eeg_ab_ratio_precond;hrv_rmssd_precond;eda_sd_precond;hr_med_precond;eeg_fl_hbeta_power_precond;eeg_tright_lbeta_power_precond"
2025-12-19 15:57:46.91444,20,"workload_label",7,32,0.1,0.529069767441861,0.523255813953488,NA,7,"top7","eeg_tb_ratio_precond;eeg_ab_ratio_precond;hrv_rmssd_precond;eda_sd_precond;hr_med_precond;eeg_fl_hbeta_power_precond;eeg_tright_lbeta_power_precond"
2025-12-19 15:57:46.998247,20,"workload_label",7,64,0.1,0.529069767441861,0.546511627906977,NA,7,"top7","eeg_tb_ratio_precond;eeg_ab_ratio_precond;hrv_rmssd_precond;eda_sd_precond;hr_med_precond;eeg_fl_hbeta_power_precond;eeg_tright_lbeta_power_precond"
2025-12-19 15:57:47.273592,20,"workload_label",7,128,0.1,0.540697674418605,0.38953488372093,NA,7,"top7","eeg_tb_ratio_precond;eeg_ab_ratio_precond;hrv_rmssd_precond;eda_sd_precond;hr_med_precond;eeg_fl_hbeta_power_precond;eeg_tright_lbeta_power_precond"
2025-12-19 15:57:47.385369,20,"workload_label",7,256,0.1,0.494186046511628,0.436046511627907,NA,7,"top7","eeg_tb_ratio_precond;eeg_ab_ratio_precond;hrv_rmssd_precond;eda_sd_precond;hr_med_precond;eeg_fl_hbeta_power_precond;eeg_tright_lbeta_power_precond"
2025-12-19 15:57:48.625676,21,"workload_label",7,2,0.0078125,0.604651162790698,0.662790697674419,0.582945736434109,7,"top7","eeg_tb_ratio_precond;eeg_ab_ratio_precond;hrv_rmssd_precond;eda_sd_precond;eeg_fl_hbeta_power_precond;hr_med_precond;eeg_tright_lbeta_power_precond"
2025-12-19 15:57:48.633892,21,"workload_label",7,4,0.0078125,0.627906976744186,0.622093023255814,0.606976744186047,7,"top7","eeg_tb_ratio_precond;eeg_ab_ratio_precond;hrv_rmssd_precond;eda_sd_precond;eeg_fl_hbeta_power_precond;hr_med_precond;eeg_tright_lbeta_power_precond"
2025-12-19 15:57:48.618587,21,"workload_label",7,8,0.0078125,0.61046511627907,0.61046511627907,0.592248062015504,7,"top7","eeg_tb_ratio_precond;eeg_ab_ratio_precond;hrv_rmssd_precond;eda_sd_precond;eeg_fl_hbeta_power_precond;hr_med_precond;eeg_tright_lbeta_power_precond"
2025-12-19 15:57:48.625451,21,"workload_label",7,16,0.0078125,0.587209302325581,0.622093023255814,0.576744186046512,7,"top7","eeg_tb_ratio_precond;eeg_ab_ratio_precond;hrv_rmssd_precond;eda_sd_precond;eeg_fl_hbeta_power_precond;hr_med_precond;eeg_tright_lbeta_power_precond"
2025-12-19 15:57:48.625696,21,"workload_label",7,32,0.0078125,0.575581395348837,0.633720930232558,0.565891472868217,7,"top7","eeg_tb_ratio_precond;eeg_ab_ratio_precond;hrv_rmssd_precond;eda_sd_precond;eeg_fl_hbeta_power_precond;hr_med_precond;eeg_tright_lbeta_power_precond"
2025-12-19 15:57:48.637865,21,"workload_label",7,64,0.0078125,0.616279069767442,0.63953488372093,0.617829457364341,7,"top7","eeg_tb_ratio_precond;eeg_ab_ratio_precond;hrv_rmssd_precond;eda_sd_precond;eeg_fl_hbeta_power_precond;hr_med_precond;eeg_tright_lbeta_power_precond"
2025-12-19 15:57:48.732134,21,"workload_label",7,128,0.0078125,0.622093023255814,0.656976744186046,0.624806201550388,7,"top7","eeg_tb_ratio_precond;eeg_ab_ratio_precond;hrv_rmssd_precond;eda_sd_precond;eeg_fl_hbeta_power_precond;hr_med_precond;eeg_tright_lbeta_power_precond"
2025-12-19 15:57:48.784539,21,"workload_label",7,256,0.0078125,0.63953488372093,0.668604651162791,0.637984496124031,7,"top7","eeg_tb_ratio_precond;eeg_ab_ratio_precond;hrv_rmssd_precond;eda_sd_precond;eeg_fl_hbeta_power_precond;hr_med_precond;eeg_tright_lbeta_power_precond"
2025-12-19 15:57:48.65027,21,"workload_label",7,2,0.015625,0.61046511627907,0.622093023255814,0.597674418604651,7,"top7","eeg_tb_ratio_precond;eeg_ab_ratio_precond;hrv_rmssd_precond;eda_sd_precond;eeg_fl_hbeta_power_precond;hr_med_precond;eeg_tright_lbeta_power_precond"
2025-12-19 15:57:48.659373,21,"workload_label",7,4,0.015625,0.604651162790698,0.616279069767442,0.584496124031008,7,"top7","eeg_tb_ratio_precond;eeg_ab_ratio_precond;hrv_rmssd_precond;eda_sd_precond;eeg_fl_hbeta_power_precond;hr_med_precond;eeg_tright_lbeta_power_precond"
2025-12-19 15:57:48.646802,21,"workload_label",7,8,0.015625,0.598837209302326,0.633720930232558,0.590697674418605,7,"top7","eeg_tb_ratio_precond;eeg_ab_ratio_precond;hrv_rmssd_precond;eda_sd_precond;eeg_fl_hbeta_power_precond;hr_med_precond;eeg_tright_lbeta_power_precond"
2025-12-19 15:57:48.648409,21,"workload_label",7,16,0.015625,0.627906976744186,0.645348837209302,0.627131782945736,7,"top7","eeg_tb_ratio_precond;eeg_ab_ratio_precond;hrv_rmssd_precond;eda_sd_precond;eeg_fl_hbeta_power_precond;hr_med_precond;eeg_tright_lbeta_power_precond"
2025-12-19 15:57:48.675042,21,"workload_label",7,32,0.015625,0.627906976744186,0.656976744186046,0.628682170542636,7,"top7","eeg_tb_ratio_precond;eeg_ab_ratio_precond;hrv_rmssd_precond;eda_sd_precond;eeg_fl_hbeta_power_precond;hr_med_precond;eeg_tright_lbeta_power_precond"
2025-12-19 15:57:48.701156,21,"workload_label",7,64,0.015625,0.63953488372093,0.674418604651163,0.637984496124031,7,"top7","eeg_tb_ratio_precond;eeg_ab_ratio_precond;hrv_rmssd_precond;eda_sd_precond;eeg_fl_hbeta_power_precond;hr_med_precond;eeg_tright_lbeta_power_precond"
2025-12-19 15:57:49.977236,21,"workload_label",7,128,0.015625,0.616279069767442,0.656976744186046,0.624806201550388,7,"top7","eeg_tb_ratio_precond;eeg_ab_ratio_precond;hrv_rmssd_precond;eda_sd_precond;eeg_fl_hbeta_power_precond;hr_med_precond;eeg_tright_lbeta_power_precond"
2025-12-19 15:57:50.077389,21,"workload_label",7,256,0.015625,0.604651162790698,0.633720930232558,NA,7,"top7","eeg_tb_ratio_precond;eeg_ab_ratio_precond;hrv_rmssd_precond;eda_sd_precond;eeg_fl_hbeta_power_precond;hr_med_precond;eeg_tright_lbeta_power_precond"
2025-12-19 15:57:49.715933,21,"workload_label",7,2,0.03125,0.616279069767442,0.662790697674419,0.6,7,"top7","eeg_tb_ratio_precond;eeg_ab_ratio_precond;hrv_rmssd_precond;eda_sd_precond;eeg_fl_hbeta_power_precond;hr_med_precond;eeg_tright_lbeta_power_precond"
2025-12-19 15:57:49.74963,21,"workload_label",7,4,0.03125,0.63953488372093,0.662790697674419,0.627906976744186,7,"top7","eeg_tb_ratio_precond;eeg_ab_ratio_precond;hrv_rmssd_precond;eda_sd_precond;eeg_fl_hbeta_power_precond;hr_med_precond;eeg_tright_lbeta_power_precond"
2025-12-19 15:57:49.983151,21,"workload_label",7,8,0.03125,0.633720930232558,0.651162790697674,0.633333333333333,7,"top7","eeg_tb_ratio_precond;eeg_ab_ratio_precond;hrv_rmssd_precond;eda_sd_precond;eeg_fl_hbeta_power_precond;hr_med_precond;eeg_tright_lbeta_power_precond"
2025-12-19 15:57:50.005377,21,"workload_label",7,16,0.03125,0.633720930232558,0.662790697674419,0.633333333333333,7,"top7","eeg_tb_ratio_precond;eeg_ab_ratio_precond;hrv_rmssd_precond;eda_sd_precond;eeg_fl_hbeta_power_precond;hr_med_precond;eeg_tright_lbeta_power_precond"
2025-12-19 15:57:49.824827,21,"workload_label",7,32,0.03125,0.604651162790698,0.63953488372093,NA,7,"top7","eeg_tb_ratio_precond;eeg_ab_ratio_precond;hrv_rmssd_precond;eda_sd_precond;eeg_fl_hbeta_power_precond;hr_med_precond;eeg_tright_lbeta_power_precond"
2025-12-19 15:57:49.908288,21,"workload_label",7,64,0.03125,0.593023255813954,0.633720930232558,NA,7,"top7","eeg_tb_ratio_precond;eeg_ab_ratio_precond;hrv_rmssd_precond;eda_sd_precond;eeg_fl_hbeta_power_precond;hr_med_precond;eeg_tright_lbeta_power_precond"
2025-12-19 15:57:50.026404,21,"workload_label",7,128,0.03125,0.61046511627907,0.622093023255814,0.598449612403101,7,"top7","eeg_tb_ratio_precond;eeg_ab_ratio_precond;hrv_rmssd_precond;eda_sd_precond;eeg_fl_hbeta_power_precond;hr_med_precond;eeg_tright_lbeta_power_precond"
2025-12-19 15:57:50.422041,21,"workload_label",7,256,0.03125,0.61046511627907,0.616279069767442,0.597674418604651,7,"top7","eeg_tb_ratio_precond;eeg_ab_ratio_precond;hrv_rmssd_precond;eda_sd_precond;eeg_fl_hbeta_power_precond;hr_med_precond;eeg_tright_lbeta_power_precond"
2025-12-19 15:57:49.765006,21,"workload_label",7,2,0.0625,0.633720930232558,0.656976744186046,0.636434108527132,7,"top7","eeg_tb_ratio_precond;eeg_ab_ratio_precond;hrv_rmssd_precond;eda_sd_precond;eeg_fl_hbeta_power_precond;hr_med_precond;eeg_tright_lbeta_power_precond"
2025-12-19 15:57:49.772737,21,"workload_label",7,4,0.0625,0.622093023255814,0.633720930232558,0.623255813953488,7,"top7","eeg_tb_ratio_precond;eeg_ab_ratio_precond;hrv_rmssd_precond;eda_sd_precond;eeg_fl_hbeta_power_precond;hr_med_precond;eeg_tright_lbeta_power_precond"
2025-12-19 15:57:49.815396,21,"workload_label",7,8,0.0625,0.616279069767442,0.627906976744186,0.612403100775194,7,"top7","eeg_tb_ratio_precond;eeg_ab_ratio_precond;hrv_rmssd_precond;eda_sd_precond;eeg_fl_hbeta_power_precond;hr_med_precond;eeg_tright_lbeta_power_precond"
2025-12-19 15:57:49.921311,21,"workload_label",7,16,0.0625,0.593023255813954,0.616279069767442,NA,7,"top7","eeg_tb_ratio_precond;eeg_ab_ratio_precond;hrv_rmssd_precond;eda_sd_precond;eeg_fl_hbeta_power_precond;hr_med_precond;eeg_tright_lbeta_power_precond"
2025-12-19 15:57:50.883386,21,"workload_label",7,32,0.0625,0.593023255813954,0.598837209302326,0.583720930232558,7,"top7","eeg_tb_ratio_precond;eeg_ab_ratio_precond;hrv_rmssd_precond;eda_sd_precond;eeg_fl_hbeta_power_precond;hr_med_precond;eeg_tright_lbeta_power_precond"
2025-12-19 15:57:51.095756,21,"workload_label",7,64,0.0625,0.587209302325581,0.622093023255814,0.586821705426357,7,"top7","eeg_tb_ratio_precond;eeg_ab_ratio_precond;hrv_rmssd_precond;eda_sd_precond;eeg_fl_hbeta_power_precond;hr_med_precond;eeg_tright_lbeta_power_precond"
2025-12-19 15:57:51.34085,21,"workload_label",7,128,0.0625,0.575581395348837,0.558139534883721,0.575193798449612,7,"top7","eeg_tb_ratio_precond;eeg_ab_ratio_precond;hrv_rmssd_precond;eda_sd_precond;eeg_fl_hbeta_power_precond;hr_med_precond;eeg_tright_lbeta_power_precond"
2025-12-19 15:57:51.714259,21,"workload_label",7,256,0.0625,0.540697674418605,0.534883720930233,NA,7,"top7","eeg_tb_ratio_precond;eeg_ab_ratio_precond;hrv_rmssd_precond;eda_sd_precond;eeg_fl_hbeta_power_precond;hr_med_precond;eeg_tright_lbeta_power_precond"
2025-12-19 15:57:50.886562,21,"workload_label",7,2,0.125,0.61046511627907,0.627906976744186,0.59922480620155,7,"top7","eeg_tb_ratio_precond;eeg_ab_ratio_precond;hrv_rmssd_precond;eda_sd_precond;eeg_fl_hbeta_power_precond;hr_med_precond;eeg_tright_lbeta_power_precond"
2025-12-19 15:57:50.947747,21,"workload_label",7,4,0.125,0.593023255813954,0.633720930232558,NA,7,"top7","eeg_tb_ratio_precond;eeg_ab_ratio_precond;hrv_rmssd_precond;eda_sd_precond;eeg_fl_hbeta_power_precond;hr_med_precond;eeg_tright_lbeta_power_precond"
2025-12-19 15:57:51.007615,21,"workload_label",7,8,0.125,0.569767441860465,0.622093023255814,NA,7,"top7","eeg_tb_ratio_precond;eeg_ab_ratio_precond;hrv_rmssd_precond;eda_sd_precond;eeg_fl_hbeta_power_precond;hr_med_precond;eeg_tright_lbeta_power_precond"
2025-12-19 15:57:51.027937,21,"workload_label",7,16,0.125,0.569767441860465,0.587209302325581,NA,7,"top7","eeg_tb_ratio_precond;eeg_ab_ratio_precond;hrv_rmssd_precond;eda_sd_precond;eeg_fl_hbeta_power_precond;hr_med_precond;eeg_tright_lbeta_power_precond"
2025-12-19 15:57:51.253706,21,"workload_label",7,32,0.125,0.581395348837209,0.534883720930233,0.586821705426357,7,"top7","eeg_tb_ratio_precond;eeg_ab_ratio_precond;hrv_rmssd_precond;eda_sd_precond;eeg_fl_hbeta_power_precond;hr_med_precond;eeg_tright_lbeta_power_precond"
2025-12-19 15:57:51.434617,21,"workload_label",7,64,0.125,0.517441860465116,0.505813953488372,NA,7,"top7","eeg_tb_ratio_precond;eeg_ab_ratio_precond;hrv_rmssd_precond;eda_sd_precond;eeg_fl_hbeta_power_precond;hr_med_precond;eeg_tright_lbeta_power_precond"
2025-12-19 15:57:51.501109,21,"workload_label",7,128,0.125,0.5,0.476744186046512,NA,7,"top7","eeg_tb_ratio_precond;eeg_ab_ratio_precond;hrv_rmssd_precond;eda_sd_precond;eeg_fl_hbeta_power_precond;hr_med_precond;eeg_tright_lbeta_power_precond"
2025-12-19 15:57:51.693508,21,"workload_label",7,256,0.125,0.511627906976744,0.436046511627907,NA,7,"top7","eeg_tb_ratio_precond;eeg_ab_ratio_precond;hrv_rmssd_precond;eda_sd_precond;eeg_fl_hbeta_power_precond;hr_med_precond;eeg_tright_lbeta_power_precond"
2025-12-19 15:57:51.099001,21,"workload_label",7,2,0.03,0.622093023255814,0.656976744186046,0.604651162790698,7,"top7","eeg_tb_ratio_precond;eeg_ab_ratio_precond;hrv_rmssd_precond;eda_sd_precond;eeg_fl_hbeta_power_precond;hr_med_precond;eeg_tright_lbeta_power_precond"
2025-12-19 15:57:51.462114,21,"workload_label",7,4,0.03,0.627906976744186,0.662790697674419,0.616279069767442,7,"top7","eeg_tb_ratio_precond;eeg_ab_ratio_precond;hrv_rmssd_precond;eda_sd_precond;eeg_fl_hbeta_power_precond;hr_med_precond;eeg_tright_lbeta_power_precond"
2025-12-19 15:57:51.92196,21,"workload_label",7,8,0.03,0.633720930232558,0.651162790697674,0.633333333333333,7,"top7","eeg_tb_ratio_precond;eeg_ab_ratio_precond;hrv_rmssd_precond;eda_sd_precond;eeg_fl_hbeta_power_precond;hr_med_precond;eeg_tright_lbeta_power_precond"
2025-12-19 15:57:51.957639,21,"workload_label",7,16,0.03,0.633720930232558,0.662790697674419,0.633333333333333,7,"top7","eeg_tb_ratio_precond;eeg_ab_ratio_precond;hrv_rmssd_precond;eda_sd_precond;eeg_fl_hbeta_power_precond;hr_med_precond;eeg_tright_lbeta_power_precond"
2025-12-19 15:57:52.062525,21,"workload_label",7,32,0.03,0.616279069767442,0.633720930232558,0.61937984496124,7,"top7","eeg_tb_ratio_precond;eeg_ab_ratio_precond;hrv_rmssd_precond;eda_sd_precond;eeg_fl_hbeta_power_precond;hr_med_precond;eeg_tright_lbeta_power_precond"
2025-12-19 15:57:52.211952,21,"workload_label",7,64,0.03,0.593023255813954,0.627906976744186,NA,7,"top7","eeg_tb_ratio_precond;eeg_ab_ratio_precond;hrv_rmssd_precond;eda_sd_precond;eeg_fl_hbeta_power_precond;hr_med_precond;eeg_tright_lbeta_power_precond"
2025-12-19 15:57:52.346211,21,"workload_label",7,128,0.03,0.61046511627907,0.633720930232558,0.598449612403101,7,"top7","eeg_tb_ratio_precond;eeg_ab_ratio_precond;hrv_rmssd_precond;eda_sd_precond;eeg_fl_hbeta_power_precond;hr_med_precond;eeg_tright_lbeta_power_precond"
2025-12-19 15:57:52.736294,21,"workload_label",7,256,0.03,0.61046511627907,0.598837209302326,0.597674418604651,7,"top7","eeg_tb_ratio_precond;eeg_ab_ratio_precond;hrv_rmssd_precond;eda_sd_precond;eeg_fl_hbeta_power_precond;hr_med_precond;eeg_tright_lbeta_power_precond"
2025-12-19 15:57:52.154714,21,"workload_label",7,2,0.06,0.63953488372093,0.656976744186046,0.641085271317829,7,"top7","eeg_tb_ratio_precond;eeg_ab_ratio_precond;hrv_rmssd_precond;eda_sd_precond;eeg_fl_hbeta_power_precond;hr_med_precond;eeg_tright_lbeta_power_precond"
2025-12-19 15:57:52.321373,21,"workload_label",7,4,0.06,0.622093023255814,0.627906976744186,0.623255813953488,7,"top7","eeg_tb_ratio_precond;eeg_ab_ratio_precond;hrv_rmssd_precond;eda_sd_precond;eeg_fl_hbeta_power_precond;hr_med_precond;eeg_tright_lbeta_power_precond"
2025-12-19 15:57:52.424311,21,"workload_label",7,8,0.06,0.616279069767442,0.627906976744186,0.612403100775194,7,"top7","eeg_tb_ratio_precond;eeg_ab_ratio_precond;hrv_rmssd_precond;eda_sd_precond;eeg_fl_hbeta_power_precond;hr_med_precond;eeg_tright_lbeta_power_precond"
2025-12-19 15:57:52.58626,21,"workload_label",7,16,0.06,0.593023255813954,0.627906976744186,NA,7,"top7","eeg_tb_ratio_precond;eeg_ab_ratio_precond;hrv_rmssd_precond;eda_sd_precond;eeg_fl_hbeta_power_precond;hr_med_precond;eeg_tright_lbeta_power_precond"
2025-12-19 15:57:52.649668,21,"workload_label",7,32,0.06,0.593023255813954,0.598837209302326,0.583720930232558,7,"top7","eeg_tb_ratio_precond;eeg_ab_ratio_precond;hrv_rmssd_precond;eda_sd_precond;eeg_fl_hbeta_power_precond;hr_med_precond;eeg_tright_lbeta_power_precond"
2025-12-19 15:57:52.778549,21,"workload_label",7,64,0.06,0.593023255813954,0.616279069767442,0.589922480620155,7,"top7","eeg_tb_ratio_precond;eeg_ab_ratio_precond;hrv_rmssd_precond;eda_sd_precond;eeg_fl_hbeta_power_precond;hr_med_precond;eeg_tright_lbeta_power_precond"
2025-12-19 15:57:53.131138,21,"workload_label",7,128,0.06,0.575581395348837,0.563953488372093,0.568217054263566,7,"top7","eeg_tb_ratio_precond;eeg_ab_ratio_precond;hrv_rmssd_precond;eda_sd_precond;eeg_fl_hbeta_power_precond;hr_med_precond;eeg_tright_lbeta_power_precond"
2025-12-19 15:57:53.411399,21,"workload_label",7,256,0.06,0.552325581395349,0.505813953488372,NA,7,"top7","eeg_tb_ratio_precond;eeg_ab_ratio_precond;hrv_rmssd_precond;eda_sd_precond;eeg_fl_hbeta_power_precond;hr_med_precond;eeg_tright_lbeta_power_precond"
2025-12-19 15:57:52.955687,21,"workload_label",7,2,0.1,0.587209302325581,0.622093023255814,0.576744186046512,7,"top7","eeg_tb_ratio_precond;eeg_ab_ratio_precond;hrv_rmssd_precond;eda_sd_precond;eeg_fl_hbeta_power_precond;hr_med_precond;eeg_tright_lbeta_power_precond"
2025-12-19 15:57:52.976682,21,"workload_label",7,4,0.1,0.622093023255814,0.627906976744186,0.615503875968992,7,"top7","eeg_tb_ratio_precond;eeg_ab_ratio_precond;hrv_rmssd_precond;eda_sd_precond;eeg_fl_hbeta_power_precond;hr_med_precond;eeg_tright_lbeta_power_precond"
2025-12-19 15:57:53.104002,21,"workload_label",7,8,0.1,0.587209302325581,0.63953488372093,NA,7,"top7","eeg_tb_ratio_precond;eeg_ab_ratio_precond;hrv_rmssd_precond;eda_sd_precond;eeg_fl_hbeta_power_precond;hr_med_precond;eeg_tright_lbeta_power_precond"
2025-12-19 15:57:53.223278,21,"workload_label",7,16,0.1,0.563953488372093,0.598837209302326,NA,7,"top7","eeg_tb_ratio_precond;eeg_ab_ratio_precond;hrv_rmssd_precond;eda_sd_precond;eeg_fl_hbeta_power_precond;hr_med_precond;eeg_tright_lbeta_power_precond"
2025-12-19 15:57:53.3309,21,"workload_label",7,32,0.1,0.563953488372093,0.575581395348837,NA,7,"top7","eeg_tb_ratio_precond;eeg_ab_ratio_precond;hrv_rmssd_precond;eda_sd_precond;eeg_fl_hbeta_power_precond;hr_med_precond;eeg_tright_lbeta_power_precond"
2025-12-19 15:57:53.459533,21,"workload_label",7,64,0.1,0.575581395348837,0.523255813953488,NA,7,"top7","eeg_tb_ratio_precond;eeg_ab_ratio_precond;hrv_rmssd_precond;eda_sd_precond;eeg_fl_hbeta_power_precond;hr_med_precond;eeg_tright_lbeta_power_precond"
2025-12-19 15:57:53.595327,21,"workload_label",7,128,0.1,0.523255813953488,0.517441860465116,NA,7,"top7","eeg_tb_ratio_precond;eeg_ab_ratio_precond;hrv_rmssd_precond;eda_sd_precond;eeg_fl_hbeta_power_precond;hr_med_precond;eeg_tright_lbeta_power_precond"
2025-12-19 15:57:53.695757,21,"workload_label",7,256,0.1,0.517441860465116,0.534883720930233,NA,7,"top7","eeg_tb_ratio_precond;eeg_ab_ratio_precond;hrv_rmssd_precond;eda_sd_precond;eeg_fl_hbeta_power_precond;hr_med_precond;eeg_tright_lbeta_power_precond"
2025-12-19 15:57:54.961216,22,"workload_label",7,2,0.0078125,0.616279069767442,0.651162790697674,0.596899224806202,7,"top7","eeg_tb_ratio_precond;eeg_ab_ratio_precond;hrv_rmssd_precond;eda_sd_precond;hr_med_precond;eeg_tright_lbeta_power_precond;eda_pkrate_precond"
2025-12-19 15:57:54.968195,22,"workload_label",7,4,0.0078125,0.622093023255814,0.656976744186046,0.610852713178295,7,"top7","eeg_tb_ratio_precond;eeg_ab_ratio_precond;hrv_rmssd_precond;eda_sd_precond;hr_med_precond;eeg_tright_lbeta_power_precond;eda_pkrate_precond"
2025-12-19 15:57:54.957382,22,"workload_label",7,8,0.0078125,0.61046511627907,0.622093023255814,0.593798449612403,7,"top7","eeg_tb_ratio_precond;eeg_ab_ratio_precond;hrv_rmssd_precond;eda_sd_precond;hr_med_precond;eeg_tright_lbeta_power_precond;eda_pkrate_precond"
2025-12-19 15:57:54.940755,22,"workload_label",7,16,0.0078125,0.598837209302326,0.598837209302326,0.592248062015504,7,"top7","eeg_tb_ratio_precond;eeg_ab_ratio_precond;hrv_rmssd_precond;eda_sd_precond;hr_med_precond;eeg_tright_lbeta_power_precond;eda_pkrate_precond"
2025-12-19 15:57:54.944059,22,"workload_label",7,32,0.0078125,0.581395348837209,0.569767441860465,0.558914728682171,7,"top7","eeg_tb_ratio_precond;eeg_ab_ratio_precond;hrv_rmssd_precond;eda_sd_precond;hr_med_precond;eeg_tright_lbeta_power_precond;eda_pkrate_precond"
2025-12-19 15:57:54.981692,22,"workload_label",7,64,0.0078125,0.598837209302326,0.622093023255814,0.575968992248062,7,"top7","eeg_tb_ratio_precond;eeg_ab_ratio_precond;hrv_rmssd_precond;eda_sd_precond;hr_med_precond;eeg_tright_lbeta_power_precond;eda_pkrate_precond"
2025-12-19 15:57:55.012832,22,"workload_label",7,128,0.0078125,0.616279069767442,0.63953488372093,0.601550387596899,7,"top7","eeg_tb_ratio_precond;eeg_ab_ratio_precond;hrv_rmssd_precond;eda_sd_precond;hr_med_precond;eeg_tright_lbeta_power_precond;eda_pkrate_precond"
2025-12-19 15:57:55.126159,22,"workload_label",7,256,0.0078125,0.598837209302326,0.633720930232558,0.587596899224806,7,"top7","eeg_tb_ratio_precond;eeg_ab_ratio_precond;hrv_rmssd_precond;eda_sd_precond;hr_med_precond;eeg_tright_lbeta_power_precond;eda_pkrate_precond"
2025-12-19 15:57:54.950572,22,"workload_label",7,2,0.015625,0.622093023255814,0.668604651162791,0.610852713178295,7,"top7","eeg_tb_ratio_precond;eeg_ab_ratio_precond;hrv_rmssd_precond;eda_sd_precond;hr_med_precond;eeg_tright_lbeta_power_precond;eda_pkrate_precond"
2025-12-19 15:57:54.964394,22,"workload_label",7,4,0.015625,0.604651162790698,0.616279069767442,0.592248062015504,7,"top7","eeg_tb_ratio_precond;eeg_ab_ratio_precond;hrv_rmssd_precond;eda_sd_precond;hr_med_precond;eeg_tright_lbeta_power_precond;eda_pkrate_precond"
2025-12-19 15:57:54.938926,22,"workload_label",7,8,0.015625,0.581395348837209,0.587209302325581,0.572868217054264,7,"top7","eeg_tb_ratio_precond;eeg_ab_ratio_precond;hrv_rmssd_precond;eda_sd_precond;hr_med_precond;eeg_tright_lbeta_power_precond;eda_pkrate_precond"
2025-12-19 15:57:54.944318,22,"workload_label",7,16,0.015625,0.593023255813954,0.616279069767442,0.575968992248062,7,"top7","eeg_tb_ratio_precond;eeg_ab_ratio_precond;hrv_rmssd_precond;eda_sd_precond;hr_med_precond;eeg_tright_lbeta_power_precond;eda_pkrate_precond"
2025-12-19 15:57:54.938115,22,"workload_label",7,32,0.015625,0.598837209302326,0.63953488372093,0.57906976744186,7,"top7","eeg_tb_ratio_precond;eeg_ab_ratio_precond;hrv_rmssd_precond;eda_sd_precond;hr_med_precond;eeg_tright_lbeta_power_precond;eda_pkrate_precond"
2025-12-19 15:57:55.052336,22,"workload_label",7,64,0.015625,0.61046511627907,0.633720930232558,0.596124031007752,7,"top7","eeg_tb_ratio_precond;eeg_ab_ratio_precond;hrv_rmssd_precond;eda_sd_precond;hr_med_precond;eeg_tright_lbeta_power_precond;eda_pkrate_precond"
2025-12-19 15:57:56.223537,22,"workload_label",7,128,0.015625,0.575581395348837,0.616279069767442,0.563565891472868,7,"top7","eeg_tb_ratio_precond;eeg_ab_ratio_precond;hrv_rmssd_precond;eda_sd_precond;hr_med_precond;eeg_tright_lbeta_power_precond;eda_pkrate_precond"
2025-12-19 15:57:56.371526,22,"workload_label",7,256,0.015625,0.552325581395349,0.598837209302326,0.530232558139535,7,"top7","eeg_tb_ratio_precond;eeg_ab_ratio_precond;hrv_rmssd_precond;eda_sd_precond;hr_med_precond;eeg_tright_lbeta_power_precond;eda_pkrate_precond"
2025-12-19 15:57:56.044358,22,"workload_label",7,2,0.03125,0.581395348837209,0.622093023255814,0.561240310077519,7,"top7","eeg_tb_ratio_precond;eeg_ab_ratio_precond;hrv_rmssd_precond;eda_sd_precond;hr_med_precond;eeg_tright_lbeta_power_precond;eda_pkrate_precond"
2025-12-19 15:57:56.068731,22,"workload_label",7,4,0.03125,0.581395348837209,0.616279069767442,0.568992248062016,7,"top7","eeg_tb_ratio_precond;eeg_ab_ratio_precond;hrv_rmssd_precond;eda_sd_precond;hr_med_precond;eeg_tright_lbeta_power_precond;eda_pkrate_precond"
2025-12-19 15:57:56.068831,22,"workload_label",7,8,0.03125,0.604651162790698,0.63953488372093,0.582945736434109,7,"top7","eeg_tb_ratio_precond;eeg_ab_ratio_precond;hrv_rmssd_precond;eda_sd_precond;hr_med_precond;eeg_tright_lbeta_power_precond;eda_pkrate_precond"
2025-12-19 15:57:56.056627,22,"workload_label",7,16,0.03125,0.61046511627907,0.622093023255814,0.588372093023256,7,"top7","eeg_tb_ratio_precond;eeg_ab_ratio_precond;hrv_rmssd_precond;eda_sd_precond;hr_med_precond;eeg_tright_lbeta_power_precond;eda_pkrate_precond"
2025-12-19 15:57:56.120968,22,"workload_label",7,32,0.03125,0.552325581395349,0.598837209302326,0.532558139534884,7,"top7","eeg_tb_ratio_precond;eeg_ab_ratio_precond;hrv_rmssd_precond;eda_sd_precond;hr_med_precond;eeg_tright_lbeta_power_precond;eda_pkrate_precond"
2025-12-19 15:57:56.218415,22,"workload_label",7,64,0.03125,0.552325581395349,0.598837209302326,0.530232558139535,7,"top7","eeg_tb_ratio_precond;eeg_ab_ratio_precond;hrv_rmssd_precond;eda_sd_precond;hr_med_precond;eeg_tright_lbeta_power_precond;eda_pkrate_precond"
2025-12-19 15:57:56.375773,22,"workload_label",7,128,0.03125,0.569767441860465,0.581395348837209,0.56046511627907,7,"top7","eeg_tb_ratio_precond;eeg_ab_ratio_precond;hrv_rmssd_precond;eda_sd_precond;hr_med_precond;eeg_tright_lbeta_power_precond;eda_pkrate_precond"
2025-12-19 15:57:56.715554,22,"workload_label",7,256,0.03125,0.604651162790698,0.627906976744186,0.614728682170543,7,"top7","eeg_tb_ratio_precond;eeg_ab_ratio_precond;hrv_rmssd_precond;eda_sd_precond;hr_med_precond;eeg_tright_lbeta_power_precond;eda_pkrate_precond"
2025-12-19 15:57:56.095685,22,"workload_label",7,2,0.0625,0.604651162790698,0.651162790697674,0.591472868217054,7,"top7","eeg_tb_ratio_precond;eeg_ab_ratio_precond;hrv_rmssd_precond;eda_sd_precond;hr_med_precond;eeg_tright_lbeta_power_precond;eda_pkrate_precond"
2025-12-19 15:57:56.115706,22,"workload_label",7,4,0.0625,0.598837209302326,0.616279069767442,0.577519379844961,7,"top7","eeg_tb_ratio_precond;eeg_ab_ratio_precond;hrv_rmssd_precond;eda_sd_precond;hr_med_precond;eeg_tright_lbeta_power_precond;eda_pkrate_precond"
2025-12-19 15:57:56.204224,22,"workload_label",7,8,0.0625,0.558139534883721,0.593023255813954,NA,7,"top7","eeg_tb_ratio_precond;eeg_ab_ratio_precond;hrv_rmssd_precond;eda_sd_precond;hr_med_precond;eeg_tright_lbeta_power_precond;eda_pkrate_precond"
2025-12-19 15:57:56.238711,22,"workload_label",7,16,0.0625,0.540697674418605,0.587209302325581,0.525581395348837,7,"top7","eeg_tb_ratio_precond;eeg_ab_ratio_precond;hrv_rmssd_precond;eda_sd_precond;hr_med_precond;eeg_tright_lbeta_power_precond;eda_pkrate_precond"
2025-12-19 15:57:57.224055,22,"workload_label",7,32,0.0625,0.569767441860465,0.575581395348837,0.562790697674419,7,"top7","eeg_tb_ratio_precond;eeg_ab_ratio_precond;hrv_rmssd_precond;eda_sd_precond;hr_med_precond;eeg_tright_lbeta_power_precond;eda_pkrate_precond"
2025-12-19 15:57:57.388578,22,"workload_label",7,64,0.0625,0.627906976744186,0.627906976744186,0.638759689922481,7,"top7","eeg_tb_ratio_precond;eeg_ab_ratio_precond;hrv_rmssd_precond;eda_sd_precond;hr_med_precond;eeg_tright_lbeta_power_precond;eda_pkrate_precond"
2025-12-19 15:57:57.687141,22,"workload_label",7,128,0.0625,0.604651162790698,0.604651162790698,NA,7,"top7","eeg_tb_ratio_precond;eeg_ab_ratio_precond;hrv_rmssd_precond;eda_sd_precond;hr_med_precond;eeg_tright_lbeta_power_precond;eda_pkrate_precond"
2025-12-19 15:57:57.997459,22,"workload_label",7,256,0.0625,0.569767441860465,0.534883720930233,NA,7,"top7","eeg_tb_ratio_precond;eeg_ab_ratio_precond;hrv_rmssd_precond;eda_sd_precond;hr_med_precond;eeg_tright_lbeta_power_precond;eda_pkrate_precond"
2025-12-19 15:57:57.130505,22,"workload_label",7,2,0.125,0.563953488372093,0.604651162790698,0.555038759689922,7,"top7","eeg_tb_ratio_precond;eeg_ab_ratio_precond;hrv_rmssd_precond;eda_sd_precond;hr_med_precond;eeg_tright_lbeta_power_precond;eda_pkrate_precond"
2025-12-19 15:57:57.157188,22,"workload_label",7,4,0.125,0.540697674418605,0.587209302325581,0.52093023255814,7,"top7","eeg_tb_ratio_precond;eeg_ab_ratio_precond;hrv_rmssd_precond;eda_sd_precond;hr_med_precond;eeg_tright_lbeta_power_precond;eda_pkrate_precond"
2025-12-19 15:57:57.210725,22,"workload_label",7,8,0.125,0.546511627906977,0.569767441860465,NA,7,"top7","eeg_tb_ratio_precond;eeg_ab_ratio_precond;hrv_rmssd_precond;eda_sd_precond;hr_med_precond;eeg_tright_lbeta_power_precond;eda_pkrate_precond"
2025-12-19 15:57:57.362821,22,"workload_label",7,16,0.125,0.604651162790698,0.622093023255814,0.598449612403101,7,"top7","eeg_tb_ratio_precond;eeg_ab_ratio_precond;hrv_rmssd_precond;eda_sd_precond;hr_med_precond;eeg_tright_lbeta_power_precond;eda_pkrate_precond"
2025-12-19 15:57:57.511836,22,"workload_label",7,32,0.125,0.598837209302326,0.587209302325581,NA,7,"top7","eeg_tb_ratio_precond;eeg_ab_ratio_precond;hrv_rmssd_precond;eda_sd_precond;hr_med_precond;eeg_tright_lbeta_power_precond;eda_pkrate_precond"
2025-12-19 15:57:57.696494,22,"workload_label",7,64,0.125,0.558139534883721,0.529069767441861,NA,7,"top7","eeg_tb_ratio_precond;eeg_ab_ratio_precond;hrv_rmssd_precond;eda_sd_precond;hr_med_precond;eeg_tright_lbeta_power_precond;eda_pkrate_precond"
2025-12-19 15:57:57.801785,22,"workload_label",7,128,0.125,0.587209302325581,0.494186046511628,NA,7,"top7","eeg_tb_ratio_precond;eeg_ab_ratio_precond;hrv_rmssd_precond;eda_sd_precond;hr_med_precond;eeg_tright_lbeta_power_precond;eda_pkrate_precond"
2025-12-19 15:57:58.059633,22,"workload_label",7,256,0.125,0.587209302325581,0.587209302325581,NA,7,"top7","eeg_tb_ratio_precond;eeg_ab_ratio_precond;hrv_rmssd_precond;eda_sd_precond;hr_med_precond;eeg_tright_lbeta_power_precond;eda_pkrate_precond"
2025-12-19 15:57:57.402795,22,"workload_label",7,2,0.03,0.587209302325581,0.622093023255814,0.570542635658915,7,"top7","eeg_tb_ratio_precond;eeg_ab_ratio_precond;hrv_rmssd_precond;eda_sd_precond;hr_med_precond;eeg_tright_lbeta_power_precond;eda_pkrate_precond"
2025-12-19 15:57:57.740979,22,"workload_label",7,4,0.03,0.581395348837209,0.616279069767442,0.568992248062016,7,"top7","eeg_tb_ratio_precond;eeg_ab_ratio_precond;hrv_rmssd_precond;eda_sd_precond;hr_med_precond;eeg_tright_lbeta_power_precond;eda_pkrate_precond"
2025-12-19 15:57:58.132107,22,"workload_label",7,8,0.03,0.61046511627907,0.63953488372093,0.596899224806202,7,"top7","eeg_tb_ratio_precond;eeg_ab_ratio_precond;hrv_rmssd_precond;eda_sd_precond;hr_med_precond;eeg_tright_lbeta_power_precond;eda_pkrate_precond"
2025-12-19 15:57:58.222459,22,"workload_label",7,16,0.03,0.616279069767442,0.616279069767442,0.590697674418605,7,"top7","eeg_tb_ratio_precond;eeg_ab_ratio_precond;hrv_rmssd_precond;eda_sd_precond;hr_med_precond;eeg_tright_lbeta_power_precond;eda_pkrate_precond"
2025-12-19 15:57:58.294084,22,"workload_label",7,32,0.03,0.569767441860465,0.604651162790698,0.551162790697674,7,"top7","eeg_tb_ratio_precond;eeg_ab_ratio_precond;hrv_rmssd_precond;eda_sd_precond;hr_med_precond;eeg_tright_lbeta_power_precond;eda_pkrate_precond"
2025-12-19 15:57:58.364944,22,"workload_label",7,64,0.03,0.552325581395349,0.616279069767442,0.530232558139535,7,"top7","eeg_tb_ratio_precond;eeg_ab_ratio_precond;hrv_rmssd_precond;eda_sd_precond;hr_med_precond;eeg_tright_lbeta_power_precond;eda_pkrate_precond"
2025-12-19 15:57:58.721001,22,"workload_label",7,128,0.03,0.575581395348837,0.587209302325581,0.564341085271318,7,"top7","eeg_tb_ratio_precond;eeg_ab_ratio_precond;hrv_rmssd_precond;eda_sd_precond;hr_med_precond;eeg_tright_lbeta_power_precond;eda_pkrate_precond"
2025-12-19 15:57:59.059212,22,"workload_label",7,256,0.03,0.61046511627907,0.598837209302326,0.613178294573643,7,"top7","eeg_tb_ratio_precond;eeg_ab_ratio_precond;hrv_rmssd_precond;eda_sd_precond;hr_med_precond;eeg_tright_lbeta_power_precond;eda_pkrate_precond"
2025-12-19 15:57:58.44876,22,"workload_label",7,2,0.06,0.604651162790698,0.645348837209302,0.591472868217054,7,"top7","eeg_tb_ratio_precond;eeg_ab_ratio_precond;hrv_rmssd_precond;eda_sd_precond;hr_med_precond;eeg_tright_lbeta_power_precond;eda_pkrate_precond"
2025-12-19 15:57:58.58478,22,"workload_label",7,4,0.06,0.598837209302326,0.616279069767442,0.57984496124031,7,"top7","eeg_tb_ratio_precond;eeg_ab_ratio_precond;hrv_rmssd_precond;eda_sd_precond;hr_med_precond;eeg_tright_lbeta_power_precond;eda_pkrate_precond"
2025-12-19 15:57:58.794419,22,"workload_label",7,8,0.06,0.558139534883721,0.598837209302326,NA,7,"top7","eeg_tb_ratio_precond;eeg_ab_ratio_precond;hrv_rmssd_precond;eda_sd_precond;hr_med_precond;eeg_tright_lbeta_power_precond;eda_pkrate_precond"
2025-12-19 15:57:58.792673,22,"workload_label",7,16,0.06,0.546511627906977,0.587209302325581,0.527906976744186,7,"top7","eeg_tb_ratio_precond;eeg_ab_ratio_precond;hrv_rmssd_precond;eda_sd_precond;hr_med_precond;eeg_tright_lbeta_power_precond;eda_pkrate_precond"
2025-12-19 15:57:58.952146,22,"workload_label",7,32,0.06,0.563953488372093,0.563953488372093,0.558914728682171,7,"top7","eeg_tb_ratio_precond;eeg_ab_ratio_precond;hrv_rmssd_precond;eda_sd_precond;hr_med_precond;eeg_tright_lbeta_power_precond;eda_pkrate_precond"
2025-12-19 15:57:59.118862,22,"workload_label",7,64,0.06,0.622093023255814,0.63953488372093,0.631007751937985,7,"top7","eeg_tb_ratio_precond;eeg_ab_ratio_precond;hrv_rmssd_precond;eda_sd_precond;hr_med_precond;eeg_tright_lbeta_power_precond;eda_pkrate_precond"
2025-12-19 15:57:59.491235,22,"workload_label",7,128,0.06,0.616279069767442,0.61046511627907,NA,7,"top7","eeg_tb_ratio_precond;eeg_ab_ratio_precond;hrv_rmssd_precond;eda_sd_precond;hr_med_precond;eeg_tright_lbeta_power_precond;eda_pkrate_precond"
2025-12-19 15:57:59.733937,22,"workload_label",7,256,0.06,0.575581395348837,0.529069767441861,NA,7,"top7","eeg_tb_ratio_precond;eeg_ab_ratio_precond;hrv_rmssd_precond;eda_sd_precond;hr_med_precond;eeg_tright_lbeta_power_precond;eda_pkrate_precond"
2025-12-19 15:57:59.179883,22,"workload_label",7,2,0.1,0.593023255813954,0.622093023255814,0.57906976744186,7,"top7","eeg_tb_ratio_precond;eeg_ab_ratio_precond;hrv_rmssd_precond;eda_sd_precond;hr_med_precond;eeg_tright_lbeta_power_precond;eda_pkrate_precond"
2025-12-19 15:57:59.271038,22,"workload_label",7,4,0.1,0.546511627906977,0.593023255813954,NA,7,"top7","eeg_tb_ratio_precond;eeg_ab_ratio_precond;hrv_rmssd_precond;eda_sd_precond;hr_med_precond;eeg_tright_lbeta_power_precond;eda_pkrate_precond"
2025-12-19 15:57:59.357069,22,"workload_label",7,8,0.1,0.534883720930233,0.587209302325581,NA,7,"top7","eeg_tb_ratio_precond;eeg_ab_ratio_precond;hrv_rmssd_precond;eda_sd_precond;hr_med_precond;eeg_tright_lbeta_power_precond;eda_pkrate_precond"
2025-12-19 15:57:59.426473,22,"workload_label",7,16,0.1,0.563953488372093,0.581395348837209,NA,7,"top7","eeg_tb_ratio_precond;eeg_ab_ratio_precond;hrv_rmssd_precond;eda_sd_precond;hr_med_precond;eeg_tright_lbeta_power_precond;eda_pkrate_precond"
2025-12-19 15:57:59.542491,22,"workload_label",7,32,0.1,0.622093023255814,0.627906976744186,0.610077519379845,7,"top7","eeg_tb_ratio_precond;eeg_ab_ratio_precond;hrv_rmssd_precond;eda_sd_precond;hr_med_precond;eeg_tright_lbeta_power_precond;eda_pkrate_precond"
2025-12-19 15:57:59.739646,22,"workload_label",7,64,0.1,0.581395348837209,0.558139534883721,NA,7,"top7","eeg_tb_ratio_precond;eeg_ab_ratio_precond;hrv_rmssd_precond;eda_sd_precond;hr_med_precond;eeg_tright_lbeta_power_precond;eda_pkrate_precond"
2025-12-19 15:58:00.113194,22,"workload_label",7,128,0.1,0.563953488372093,0.546511627906977,NA,7,"top7","eeg_tb_ratio_precond;eeg_ab_ratio_precond;hrv_rmssd_precond;eda_sd_precond;hr_med_precond;eeg_tright_lbeta_power_precond;eda_pkrate_precond"
2025-12-19 15:58:00.15691,22,"workload_label",7,256,0.1,0.569767441860465,0.534883720930233,NA,7,"top7","eeg_tb_ratio_precond;eeg_ab_ratio_precond;hrv_rmssd_precond;eda_sd_precond;hr_med_precond;eeg_tright_lbeta_power_precond;eda_pkrate_precond"
2025-12-19 15:58:01.445899,23,"workload_label",7,2,0.0078125,0.622093023255814,0.656976744186046,0.606976744186047,7,"top7","eeg_tb_ratio_precond;eeg_ab_ratio_precond;hrv_rmssd_precond;eda_sd_precond;hr_med_precond;eeg_fl_hbeta_power_precond;eeg_tright_lbeta_power_precond"
2025-12-19 15:58:01.423826,23,"workload_label",7,4,0.0078125,0.604651162790698,0.61046511627907,0.57906976744186,7,"top7","eeg_tb_ratio_precond;eeg_ab_ratio_precond;hrv_rmssd_precond;eda_sd_precond;hr_med_precond;eeg_fl_hbeta_power_precond;eeg_tright_lbeta_power_precond"
2025-12-19 15:58:01.454549,23,"workload_label",7,8,0.0078125,0.593023255813954,0.604651162790698,0.573643410852713,7,"top7","eeg_tb_ratio_precond;eeg_ab_ratio_precond;hrv_rmssd_precond;eda_sd_precond;hr_med_precond;eeg_fl_hbeta_power_precond;eeg_tright_lbeta_power_precond"
2025-12-19 15:58:01.444767,23,"workload_label",7,16,0.0078125,0.569767441860465,0.587209302325581,0.548062015503876,7,"top7","eeg_tb_ratio_precond;eeg_ab_ratio_precond;hrv_rmssd_precond;eda_sd_precond;hr_med_precond;eeg_fl_hbeta_power_precond;eeg_tright_lbeta_power_precond"
2025-12-19 15:58:01.387674,23,"workload_label",7,32,0.0078125,0.558139534883721,0.563953488372093,0.55968992248062,7,"top7","eeg_tb_ratio_precond;eeg_ab_ratio_precond;hrv_rmssd_precond;eda_sd_precond;hr_med_precond;eeg_fl_hbeta_power_precond;eeg_tright_lbeta_power_precond"
2025-12-19 15:58:01.474175,23,"workload_label",7,64,0.0078125,0.575581395348837,0.61046511627907,0.591472868217054,7,"top7","eeg_tb_ratio_precond;eeg_ab_ratio_precond;hrv_rmssd_precond;eda_sd_precond;hr_med_precond;eeg_fl_hbeta_power_precond;eeg_tright_lbeta_power_precond"
2025-12-19 15:58:01.719937,23,"workload_label",7,128,0.0078125,0.569767441860465,0.622093023255814,0.586046511627907,7,"top7","eeg_tb_ratio_precond;eeg_ab_ratio_precond;hrv_rmssd_precond;eda_sd_precond;hr_med_precond;eeg_fl_hbeta_power_precond;eeg_tright_lbeta_power_precond"
2025-12-19 15:58:01.593902,23,"workload_label",7,256,0.0078125,0.552325581395349,0.598837209302326,0.556589147286822,7,"top7","eeg_tb_ratio_precond;eeg_ab_ratio_precond;hrv_rmssd_precond;eda_sd_precond;hr_med_precond;eeg_fl_hbeta_power_precond;eeg_tright_lbeta_power_precond"
2025-12-19 15:58:01.442312,23,"workload_label",7,2,0.015625,0.587209302325581,0.616279069767442,0.570542635658915,7,"top7","eeg_tb_ratio_precond;eeg_ab_ratio_precond;hrv_rmssd_precond;eda_sd_precond;hr_med_precond;eeg_fl_hbeta_power_precond;eeg_tright_lbeta_power_precond"
2025-12-19 15:58:01.395131,23,"workload_label",7,4,0.015625,0.581395348837209,0.61046511627907,0.568217054263566,7,"top7","eeg_tb_ratio_precond;eeg_ab_ratio_precond;hrv_rmssd_precond;eda_sd_precond;hr_med_precond;eeg_fl_hbeta_power_precond;eeg_tright_lbeta_power_precond"
2025-12-19 15:58:01.450857,23,"workload_label",7,8,0.015625,0.552325581395349,0.587209302325581,0.557364341085271,7,"top7","eeg_tb_ratio_precond;eeg_ab_ratio_precond;hrv_rmssd_precond;eda_sd_precond;hr_med_precond;eeg_fl_hbeta_power_precond;eeg_tright_lbeta_power_precond"
2025-12-19 15:58:01.411495,23,"workload_label",7,16,0.015625,0.569767441860465,0.604651162790698,0.57906976744186,7,"top7","eeg_tb_ratio_precond;eeg_ab_ratio_precond;hrv_rmssd_precond;eda_sd_precond;hr_med_precond;eeg_fl_hbeta_power_precond;eeg_tright_lbeta_power_precond"
2025-12-19 15:58:01.413627,23,"workload_label",7,32,0.015625,0.581395348837209,0.622093023255814,0.593798449612403,7,"top7","eeg_tb_ratio_precond;eeg_ab_ratio_precond;hrv_rmssd_precond;eda_sd_precond;hr_med_precond;eeg_fl_hbeta_power_precond;eeg_tright_lbeta_power_precond"
2025-12-19 15:58:01.505489,23,"workload_label",7,64,0.015625,0.563953488372093,0.61046511627907,0.572093023255814,7,"top7","eeg_tb_ratio_precond;eeg_ab_ratio_precond;hrv_rmssd_precond;eda_sd_precond;hr_med_precond;eeg_fl_hbeta_power_precond;eeg_tright_lbeta_power_precond"
2025-12-19 15:58:02.62254,23,"workload_label",7,128,0.015625,0.558139534883721,0.598837209302326,NA,7,"top7","eeg_tb_ratio_precond;eeg_ab_ratio_precond;hrv_rmssd_precond;eda_sd_precond;hr_med_precond;eeg_fl_hbeta_power_precond;eeg_tright_lbeta_power_precond"
2025-12-19 15:58:02.83253,23,"workload_label",7,256,0.015625,0.552325581395349,0.593023255813954,NA,7,"top7","eeg_tb_ratio_precond;eeg_ab_ratio_precond;hrv_rmssd_precond;eda_sd_precond;hr_med_precond;eeg_fl_hbeta_power_precond;eeg_tright_lbeta_power_precond"
2025-12-19 15:58:02.494668,23,"workload_label",7,2,0.03125,0.552325581395349,0.616279069767442,0.548062015503876,7,"top7","eeg_tb_ratio_precond;eeg_ab_ratio_precond;hrv_rmssd_precond;eda_sd_precond;hr_med_precond;eeg_fl_hbeta_power_precond;eeg_tright_lbeta_power_precond"
2025-12-19 15:58:02.509542,23,"workload_label",7,4,0.03125,0.575581395348837,0.598837209302326,0.588372093023256,7,"top7","eeg_tb_ratio_precond;eeg_ab_ratio_precond;hrv_rmssd_precond;eda_sd_precond;hr_med_precond;eeg_fl_hbeta_power_precond;eeg_tright_lbeta_power_precond"
2025-12-19 15:58:02.517465,23,"workload_label",7,8,0.03125,0.593023255813954,0.616279069767442,0.606976744186047,7,"top7","eeg_tb_ratio_precond;eeg_ab_ratio_precond;hrv_rmssd_precond;eda_sd_precond;hr_med_precond;eeg_fl_hbeta_power_precond;eeg_tright_lbeta_power_precond"
2025-12-19 15:58:02.503555,23,"workload_label",7,16,0.03125,0.546511627906977,0.598837209302326,0.561240310077519,7,"top7","eeg_tb_ratio_precond;eeg_ab_ratio_precond;hrv_rmssd_precond;eda_sd_precond;hr_med_precond;eeg_fl_hbeta_power_precond;eeg_tright_lbeta_power_precond"
2025-12-19 15:58:02.616112,23,"workload_label",7,32,0.03125,0.558139534883721,0.581395348837209,NA,7,"top7","eeg_tb_ratio_precond;eeg_ab_ratio_precond;hrv_rmssd_precond;eda_sd_precond;hr_med_precond;eeg_fl_hbeta_power_precond;eeg_tright_lbeta_power_precond"
2025-12-19 15:58:02.654652,23,"workload_label",7,64,0.03125,0.575581395348837,0.593023255813954,NA,7,"top7","eeg_tb_ratio_precond;eeg_ab_ratio_precond;hrv_rmssd_precond;eda_sd_precond;hr_med_precond;eeg_fl_hbeta_power_precond;eeg_tright_lbeta_power_precond"
2025-12-19 15:58:02.850917,23,"workload_label",7,128,0.03125,0.558139534883721,0.604651162790698,NA,7,"top7","eeg_tb_ratio_precond;eeg_ab_ratio_precond;hrv_rmssd_precond;eda_sd_precond;hr_med_precond;eeg_fl_hbeta_power_precond;eeg_tright_lbeta_power_precond"
2025-12-19 15:58:03.132427,23,"workload_label",7,256,0.03125,0.534883720930233,0.563953488372093,NA,7,"top7","eeg_tb_ratio_precond;eeg_ab_ratio_precond;hrv_rmssd_precond;eda_sd_precond;hr_med_precond;eeg_fl_hbeta_power_precond;eeg_tright_lbeta_power_precond"
2025-12-19 15:58:02.513219,23,"workload_label",7,2,0.0625,0.575581395348837,0.604651162790698,0.588372093023256,7,"top7","eeg_tb_ratio_precond;eeg_ab_ratio_precond;hrv_rmssd_precond;eda_sd_precond;hr_med_precond;eeg_fl_hbeta_power_precond;eeg_tright_lbeta_power_precond"
2025-12-19 15:58:02.54769,23,"workload_label",7,4,0.0625,0.575581395348837,0.587209302325581,0.577519379844961,7,"top7","eeg_tb_ratio_precond;eeg_ab_ratio_precond;hrv_rmssd_precond;eda_sd_precond;hr_med_precond;eeg_fl_hbeta_power_precond;eeg_tright_lbeta_power_precond"
2025-12-19 15:58:02.67315,23,"workload_label",7,8,0.0625,0.569767441860465,0.593023255813954,NA,7,"top7","eeg_tb_ratio_precond;eeg_ab_ratio_precond;hrv_rmssd_precond;eda_sd_precond;hr_med_precond;eeg_fl_hbeta_power_precond;eeg_tright_lbeta_power_precond"
2025-12-19 15:58:02.806028,23,"workload_label",7,16,0.0625,0.540697674418605,0.616279069767442,NA,7,"top7","eeg_tb_ratio_precond;eeg_ab_ratio_precond;hrv_rmssd_precond;eda_sd_precond;hr_med_precond;eeg_fl_hbeta_power_precond;eeg_tright_lbeta_power_precond"
2025-12-19 15:58:03.700506,23,"workload_label",7,32,0.0625,0.534883720930233,0.581395348837209,NA,7,"top7","eeg_tb_ratio_precond;eeg_ab_ratio_precond;hrv_rmssd_precond;eda_sd_precond;hr_med_precond;eeg_fl_hbeta_power_precond;eeg_tright_lbeta_power_precond"
2025-12-19 15:58:03.824999,23,"workload_label",7,64,0.0625,0.523255813953488,0.534883720930233,NA,7,"top7","eeg_tb_ratio_precond;eeg_ab_ratio_precond;hrv_rmssd_precond;eda_sd_precond;hr_med_precond;eeg_fl_hbeta_power_precond;eeg_tright_lbeta_power_precond"
2025-12-19 15:58:04.023917,23,"workload_label",7,128,0.0625,0.540697674418605,0.494186046511628,0.537984496124031,7,"top7","eeg_tb_ratio_precond;eeg_ab_ratio_precond;hrv_rmssd_precond;eda_sd_precond;hr_med_precond;eeg_fl_hbeta_power_precond;eeg_tright_lbeta_power_precond"
2025-12-19 15:58:04.394117,23,"workload_label",7,256,0.0625,0.558139534883721,0.505813953488372,0.552713178294574,7,"top7","eeg_tb_ratio_precond;eeg_ab_ratio_precond;hrv_rmssd_precond;eda_sd_precond;hr_med_precond;eeg_fl_hbeta_power_precond;eeg_tright_lbeta_power_precond"
2025-12-19 15:58:03.575488,23,"workload_label",7,2,0.125,0.558139534883721,0.593023255813954,0.547286821705426,7,"top7","eeg_tb_ratio_precond;eeg_ab_ratio_precond;hrv_rmssd_precond;eda_sd_precond;hr_med_precond;eeg_fl_hbeta_power_precond;eeg_tright_lbeta_power_precond"
2025-12-19 15:58:03.630375,23,"workload_label",7,4,0.125,0.534883720930233,0.61046511627907,NA,7,"top7","eeg_tb_ratio_precond;eeg_ab_ratio_precond;hrv_rmssd_precond;eda_sd_precond;hr_med_precond;eeg_fl_hbeta_power_precond;eeg_tright_lbeta_power_precond"
2025-12-19 15:58:03.732876,23,"workload_label",7,8,0.125,0.517441860465116,0.593023255813954,NA,7,"top7","eeg_tb_ratio_precond;eeg_ab_ratio_precond;hrv_rmssd_precond;eda_sd_precond;hr_med_precond;eeg_fl_hbeta_power_precond;eeg_tright_lbeta_power_precond"
2025-12-19 15:58:03.81177,23,"workload_label",7,16,0.125,0.534883720930233,0.505813953488372,NA,7,"top7","eeg_tb_ratio_precond;eeg_ab_ratio_precond;hrv_rmssd_precond;eda_sd_precond;hr_med_precond;eeg_fl_hbeta_power_precond;eeg_tright_lbeta_power_precond"
2025-12-19 15:58:03.925234,23,"workload_label",7,32,0.125,0.546511627906977,0.523255813953488,NA,7,"top7","eeg_tb_ratio_precond;eeg_ab_ratio_precond;hrv_rmssd_precond;eda_sd_precond;hr_med_precond;eeg_fl_hbeta_power_precond;eeg_tright_lbeta_power_precond"
2025-12-19 15:58:04.070534,23,"workload_label",7,64,0.125,0.529069767441861,0.529069767441861,NA,7,"top7","eeg_tb_ratio_precond;eeg_ab_ratio_precond;hrv_rmssd_precond;eda_sd_precond;hr_med_precond;eeg_fl_hbeta_power_precond;eeg_tright_lbeta_power_precond"
2025-12-19 15:58:04.311923,23,"workload_label",7,128,0.125,0.482558139534884,0.447674418604651,NA,7,"top7","eeg_tb_ratio_precond;eeg_ab_ratio_precond;hrv_rmssd_precond;eda_sd_precond;hr_med_precond;eeg_fl_hbeta_power_precond;eeg_tright_lbeta_power_precond"
2025-12-19 15:58:04.460229,23,"workload_label",7,256,0.125,0.511627906976744,0.430232558139535,NA,7,"top7","eeg_tb_ratio_precond;eeg_ab_ratio_precond;hrv_rmssd_precond;eda_sd_precond;hr_med_precond;eeg_fl_hbeta_power_precond;eeg_tright_lbeta_power_precond"
2025-12-19 15:58:03.88249,23,"workload_label",7,2,0.03,0.563953488372093,0.616279069767442,0.550387596899225,7,"top7","eeg_tb_ratio_precond;eeg_ab_ratio_precond;hrv_rmssd_precond;eda_sd_precond;hr_med_precond;eeg_fl_hbeta_power_precond;eeg_tright_lbeta_power_precond"
2025-12-19 15:58:04.16417,23,"workload_label",7,4,0.03,0.563953488372093,0.604651162790698,0.578294573643411,7,"top7","eeg_tb_ratio_precond;eeg_ab_ratio_precond;hrv_rmssd_precond;eda_sd_precond;hr_med_precond;eeg_fl_hbeta_power_precond;eeg_tright_lbeta_power_precond"
2025-12-19 15:58:04.612397,23,"workload_label",7,8,0.03,0.593023255813954,0.61046511627907,0.606976744186047,7,"top7","eeg_tb_ratio_precond;eeg_ab_ratio_precond;hrv_rmssd_precond;eda_sd_precond;hr_med_precond;eeg_fl_hbeta_power_precond;eeg_tright_lbeta_power_precond"
2025-12-19 15:58:04.695399,23,"workload_label",7,16,0.03,0.552325581395349,0.61046511627907,0.568217054263566,7,"top7","eeg_tb_ratio_precond;eeg_ab_ratio_precond;hrv_rmssd_precond;eda_sd_precond;hr_med_precond;eeg_fl_hbeta_power_precond;eeg_tright_lbeta_power_precond"
2025-12-19 15:58:04.782954,23,"workload_label",7,32,0.03,0.563953488372093,0.581395348837209,NA,7,"top7","eeg_tb_ratio_precond;eeg_ab_ratio_precond;hrv_rmssd_precond;eda_sd_precond;hr_med_precond;eeg_fl_hbeta_power_precond;eeg_tright_lbeta_power_precond"
2025-12-19 15:58:04.953911,23,"workload_label",7,64,0.03,0.569767441860465,0.587209302325581,NA,7,"top7","eeg_tb_ratio_precond;eeg_ab_ratio_precond;hrv_rmssd_precond;eda_sd_precond;hr_med_precond;eeg_fl_hbeta_power_precond;eeg_tright_lbeta_power_precond"
2025-12-19 15:58:05.198572,23,"workload_label",7,128,0.03,0.558139534883721,0.604651162790698,NA,7,"top7","eeg_tb_ratio_precond;eeg_ab_ratio_precond;hrv_rmssd_precond;eda_sd_precond;hr_med_precond;eeg_fl_hbeta_power_precond;eeg_tright_lbeta_power_precond"
2025-12-19 15:58:05.436405,23,"workload_label",7,256,0.03,0.534883720930233,0.575581395348837,NA,7,"top7","eeg_tb_ratio_precond;eeg_ab_ratio_precond;hrv_rmssd_precond;eda_sd_precond;hr_med_precond;eeg_fl_hbeta_power_precond;eeg_tright_lbeta_power_precond"
2025-12-19 15:58:04.919322,23,"workload_label",7,2,0.06,0.575581395348837,0.616279069767442,0.588372093023256,7,"top7","eeg_tb_ratio_precond;eeg_ab_ratio_precond;hrv_rmssd_precond;eda_sd_precond;hr_med_precond;eeg_fl_hbeta_power_precond;eeg_tright_lbeta_power_precond"
2025-12-19 15:58:04.905087,23,"workload_label",7,4,0.06,0.569767441860465,0.598837209302326,0.575193798449612,7,"top7","eeg_tb_ratio_precond;eeg_ab_ratio_precond;hrv_rmssd_precond;eda_sd_precond;hr_med_precond;eeg_fl_hbeta_power_precond;eeg_tright_lbeta_power_precond"
2025-12-19 15:58:05.116306,23,"workload_label",7,8,0.06,0.563953488372093,0.593023255813954,NA,7,"top7","eeg_tb_ratio_precond;eeg_ab_ratio_precond;hrv_rmssd_precond;eda_sd_precond;hr_med_precond;eeg_fl_hbeta_power_precond;eeg_tright_lbeta_power_precond"
2025-12-19 15:58:05.179559,23,"workload_label",7,16,0.06,0.546511627906977,0.616279069767442,NA,7,"top7","eeg_tb_ratio_precond;eeg_ab_ratio_precond;hrv_rmssd_precond;eda_sd_precond;hr_med_precond;eeg_fl_hbeta_power_precond;eeg_tright_lbeta_power_precond"
2025-12-19 15:58:05.350091,23,"workload_label",7,32,0.06,0.534883720930233,0.587209302325581,NA,7,"top7","eeg_tb_ratio_precond;eeg_ab_ratio_precond;hrv_rmssd_precond;eda_sd_precond;hr_med_precond;eeg_fl_hbeta_power_precond;eeg_tright_lbeta_power_precond"
2025-12-19 15:58:05.592113,23,"workload_label",7,64,0.06,0.523255813953488,0.563953488372093,NA,7,"top7","eeg_tb_ratio_precond;eeg_ab_ratio_precond;hrv_rmssd_precond;eda_sd_precond;hr_med_precond;eeg_fl_hbeta_power_precond;eeg_tright_lbeta_power_precond"
2025-12-19 15:58:05.804288,23,"workload_label",7,128,0.06,0.540697674418605,0.488372093023256,0.537984496124031,7,"top7","eeg_tb_ratio_precond;eeg_ab_ratio_precond;hrv_rmssd_precond;eda_sd_precond;hr_med_precond;eeg_fl_hbeta_power_precond;eeg_tright_lbeta_power_precond"
2025-12-19 15:58:06.105554,23,"workload_label",7,256,0.06,0.546511627906977,0.441860465116279,NA,7,"top7","eeg_tb_ratio_precond;eeg_ab_ratio_precond;hrv_rmssd_precond;eda_sd_precond;hr_med_precond;eeg_fl_hbeta_power_precond;eeg_tright_lbeta_power_precond"
2025-12-19 15:58:05.644885,23,"workload_label",7,2,0.1,0.575581395348837,0.593023255813954,0.571317829457364,7,"top7","eeg_tb_ratio_precond;eeg_ab_ratio_precond;hrv_rmssd_precond;eda_sd_precond;hr_med_precond;eeg_fl_hbeta_power_precond;eeg_tright_lbeta_power_precond"
2025-12-19 15:58:05.690739,23,"workload_label",7,4,0.1,0.563953488372093,0.593023255813954,NA,7,"top7","eeg_tb_ratio_precond;eeg_ab_ratio_precond;hrv_rmssd_precond;eda_sd_precond;hr_med_precond;eeg_fl_hbeta_power_precond;eeg_tright_lbeta_power_precond"
2025-12-19 15:58:05.76709,23,"workload_label",7,8,0.1,0.540697674418605,0.593023255813954,NA,7,"top7","eeg_tb_ratio_precond;eeg_ab_ratio_precond;hrv_rmssd_precond;eda_sd_precond;hr_med_precond;eeg_fl_hbeta_power_precond;eeg_tright_lbeta_power_precond"
2025-12-19 15:58:05.904709,23,"workload_label",7,16,0.1,0.517441860465116,0.563953488372093,NA,7,"top7","eeg_tb_ratio_precond;eeg_ab_ratio_precond;hrv_rmssd_precond;eda_sd_precond;hr_med_precond;eeg_fl_hbeta_power_precond;eeg_tright_lbeta_power_precond"
2025-12-19 15:58:05.978337,23,"workload_label",7,32,0.1,0.517441860465116,0.505813953488372,NA,7,"top7","eeg_tb_ratio_precond;eeg_ab_ratio_precond;hrv_rmssd_precond;eda_sd_precond;hr_med_precond;eeg_fl_hbeta_power_precond;eeg_tright_lbeta_power_precond"
2025-12-19 15:58:06.110145,23,"workload_label",7,64,0.1,0.546511627906977,0.5,0.557364341085271,7,"top7","eeg_tb_ratio_precond;eeg_ab_ratio_precond;hrv_rmssd_precond;eda_sd_precond;hr_med_precond;eeg_fl_hbeta_power_precond;eeg_tright_lbeta_power_precond"
2025-12-19 15:58:06.278168,23,"workload_label",7,128,0.1,0.523255813953488,0.5,0.506976744186047,7,"top7","eeg_tb_ratio_precond;eeg_ab_ratio_precond;hrv_rmssd_precond;eda_sd_precond;hr_med_precond;eeg_fl_hbeta_power_precond;eeg_tright_lbeta_power_precond"
2025-12-19 15:58:06.449489,23,"workload_label",7,256,0.1,0.482558139534884,0.441860465116279,NA,7,"top7","eeg_tb_ratio_precond;eeg_ab_ratio_precond;hrv_rmssd_precond;eda_sd_precond;hr_med_precond;eeg_fl_hbeta_power_precond;eeg_tright_lbeta_power_precond"
2025-12-19 15:58:07.765477,24,"workload_label",7,2,0.0078125,0.633720930232558,0.627906976744186,0.612403100775194,7,"top7","eeg_tb_ratio_precond;eeg_ab_ratio_precond;hrv_rmssd_precond;eda_sd_precond;hr_med_precond;eeg_fl_hbeta_power_precond;eeg_tright_lbeta_power_precond"
2025-12-19 15:58:07.944357,24,"workload_label",7,4,0.0078125,0.633720930232558,0.645348837209302,0.613178294573643,7,"top7","eeg_tb_ratio_precond;eeg_ab_ratio_precond;hrv_rmssd_precond;eda_sd_precond;hr_med_precond;eeg_fl_hbeta_power_precond;eeg_tright_lbeta_power_precond"
2025-12-19 15:58:07.693747,24,"workload_label",7,8,0.0078125,0.622093023255814,0.627906976744186,0.603100775193798,7,"top7","eeg_tb_ratio_precond;eeg_ab_ratio_precond;hrv_rmssd_precond;eda_sd_precond;hr_med_precond;eeg_fl_hbeta_power_precond;eeg_tright_lbeta_power_precond"
2025-12-19 15:58:07.746994,24,"workload_label",7,16,0.0078125,0.593023255813954,0.616279069767442,0.586821705426357,7,"top7","eeg_tb_ratio_precond;eeg_ab_ratio_precond;hrv_rmssd_precond;eda_sd_precond;hr_med_precond;eeg_fl_hbeta_power_precond;eeg_tright_lbeta_power_precond"
2025-12-19 15:58:07.743279,24,"workload_label",7,32,0.0078125,0.587209302325581,0.593023255813954,0.583720930232558,7,"top7","eeg_tb_ratio_precond;eeg_ab_ratio_precond;hrv_rmssd_precond;eda_sd_precond;hr_med_precond;eeg_fl_hbeta_power_precond;eeg_tright_lbeta_power_precond"
2025-12-19 15:58:07.766708,24,"workload_label",7,64,0.0078125,0.569767441860465,0.627906976744186,0.576744186046512,7,"top7","eeg_tb_ratio_precond;eeg_ab_ratio_precond;hrv_rmssd_precond;eda_sd_precond;hr_med_precond;eeg_fl_hbeta_power_precond;eeg_tright_lbeta_power_precond"
2025-12-19 15:58:07.801674,24,"workload_label",7,128,0.0078125,0.581395348837209,0.616279069767442,0.593798449612403,7,"top7","eeg_tb_ratio_precond;eeg_ab_ratio_precond;hrv_rmssd_precond;eda_sd_precond;hr_med_precond;eeg_fl_hbeta_power_precond;eeg_tright_lbeta_power_precond"
2025-12-19 15:58:07.867849,24,"workload_label",7,256,0.0078125,0.593023255813954,0.63953488372093,0.586821705426357,7,"top7","eeg_tb_ratio_precond;eeg_ab_ratio_precond;hrv_rmssd_precond;eda_sd_precond;hr_med_precond;eeg_fl_hbeta_power_precond;eeg_tright_lbeta_power_precond"
2025-12-19 15:58:07.75268,24,"workload_label",7,2,0.015625,0.627906976744186,0.63953488372093,0.609302325581395,7,"top7","eeg_tb_ratio_precond;eeg_ab_ratio_precond;hrv_rmssd_precond;eda_sd_precond;hr_med_precond;eeg_fl_hbeta_power_precond;eeg_tright_lbeta_power_precond"
2025-12-19 15:58:07.723745,24,"workload_label",7,4,0.015625,0.627906976744186,0.633720930232558,0.617829457364341,7,"top7","eeg_tb_ratio_precond;eeg_ab_ratio_precond;hrv_rmssd_precond;eda_sd_precond;hr_med_precond;eeg_fl_hbeta_power_precond;eeg_tright_lbeta_power_precond"
2025-12-19 15:58:07.697681,24,"workload_label",7,8,0.015625,0.587209302325581,0.604651162790698,0.584496124031008,7,"top7","eeg_tb_ratio_precond;eeg_ab_ratio_precond;hrv_rmssd_precond;eda_sd_precond;hr_med_precond;eeg_fl_hbeta_power_precond;eeg_tright_lbeta_power_precond"
2025-12-19 15:58:07.71695,24,"workload_label",7,16,0.015625,0.563953488372093,0.616279069767442,0.572868217054264,7,"top7","eeg_tb_ratio_precond;eeg_ab_ratio_precond;hrv_rmssd_precond;eda_sd_precond;hr_med_precond;eeg_fl_hbeta_power_precond;eeg_tright_lbeta_power_precond"
2025-12-19 15:58:07.711092,24,"workload_label",7,32,0.015625,0.587209302325581,0.61046511627907,0.603100775193798,7,"top7","eeg_tb_ratio_precond;eeg_ab_ratio_precond;hrv_rmssd_precond;eda_sd_precond;hr_med_precond;eeg_fl_hbeta_power_precond;eeg_tright_lbeta_power_precond"
2025-12-19 15:58:07.786638,24,"workload_label",7,64,0.015625,0.598837209302326,0.627906976744186,0.603100775193798,7,"top7","eeg_tb_ratio_precond;eeg_ab_ratio_precond;hrv_rmssd_precond;eda_sd_precond;hr_med_precond;eeg_fl_hbeta_power_precond;eeg_tright_lbeta_power_precond"
2025-12-19 15:58:08.924199,24,"workload_label",7,128,0.015625,0.569767441860465,0.587209302325581,NA,7,"top7","eeg_tb_ratio_precond;eeg_ab_ratio_precond;hrv_rmssd_precond;eda_sd_precond;hr_med_precond;eeg_fl_hbeta_power_precond;eeg_tright_lbeta_power_precond"
2025-12-19 15:58:09.119096,24,"workload_label",7,256,0.015625,0.546511627906977,0.563953488372093,NA,7,"top7","eeg_tb_ratio_precond;eeg_ab_ratio_precond;hrv_rmssd_precond;eda_sd_precond;hr_med_precond;eeg_fl_hbeta_power_precond;eeg_tright_lbeta_power_precond"
2025-12-19 15:58:08.743257,24,"workload_label",7,2,0.03125,0.61046511627907,0.627906976744186,0.605426356589147,7,"top7","eeg_tb_ratio_precond;eeg_ab_ratio_precond;hrv_rmssd_precond;eda_sd_precond;hr_med_precond;eeg_fl_hbeta_power_precond;eeg_tright_lbeta_power_precond"
2025-12-19 15:58:08.774017,24,"workload_label",7,4,0.03125,0.575581395348837,0.61046511627907,0.586821705426357,7,"top7","eeg_tb_ratio_precond;eeg_ab_ratio_precond;hrv_rmssd_precond;eda_sd_precond;hr_med_precond;eeg_fl_hbeta_power_precond;eeg_tright_lbeta_power_precond"
2025-12-19 15:58:08.789184,24,"workload_label",7,8,0.03125,0.587209302325581,0.622093023255814,0.593798449612403,7,"top7","eeg_tb_ratio_precond;eeg_ab_ratio_precond;hrv_rmssd_precond;eda_sd_precond;hr_med_precond;eeg_fl_hbeta_power_precond;eeg_tright_lbeta_power_precond"
2025-12-19 15:58:08.831318,24,"workload_label",7,16,0.03125,0.604651162790698,0.604651162790698,0.603100775193798,7,"top7","eeg_tb_ratio_precond;eeg_ab_ratio_precond;hrv_rmssd_precond;eda_sd_precond;hr_med_precond;eeg_fl_hbeta_power_precond;eeg_tright_lbeta_power_precond"
2025-12-19 15:58:08.874254,24,"workload_label",7,32,0.03125,0.575581395348837,0.587209302325581,NA,7,"top7","eeg_tb_ratio_precond;eeg_ab_ratio_precond;hrv_rmssd_precond;eda_sd_precond;hr_med_precond;eeg_fl_hbeta_power_precond;eeg_tright_lbeta_power_precond"
2025-12-19 15:58:08.957679,24,"workload_label",7,64,0.03125,0.540697674418605,0.569767441860465,NA,7,"top7","eeg_tb_ratio_precond;eeg_ab_ratio_precond;hrv_rmssd_precond;eda_sd_precond;hr_med_precond;eeg_fl_hbeta_power_precond;eeg_tright_lbeta_power_precond"
2025-12-19 15:58:09.147246,24,"workload_label",7,128,0.03125,0.523255813953488,0.540697674418605,NA,7,"top7","eeg_tb_ratio_precond;eeg_ab_ratio_precond;hrv_rmssd_precond;eda_sd_precond;hr_med_precond;eeg_fl_hbeta_power_precond;eeg_tright_lbeta_power_precond"
2025-12-19 15:58:09.405626,24,"workload_label",7,256,0.03125,0.552325581395349,0.552325581395349,NA,7,"top7","eeg_tb_ratio_precond;eeg_ab_ratio_precond;hrv_rmssd_precond;eda_sd_precond;hr_med_precond;eeg_fl_hbeta_power_precond;eeg_tright_lbeta_power_precond"
2025-12-19 15:58:08.819922,24,"workload_label",7,2,0.0625,0.587209302325581,0.616279069767442,0.594573643410853,7,"top7","eeg_tb_ratio_precond;eeg_ab_ratio_precond;hrv_rmssd_precond;eda_sd_precond;hr_med_precond;eeg_fl_hbeta_power_precond;eeg_tright_lbeta_power_precond"
2025-12-19 15:58:08.847075,24,"workload_label",7,4,0.0625,0.598837209302326,0.604651162790698,0.597674418604651,7,"top7","eeg_tb_ratio_precond;eeg_ab_ratio_precond;hrv_rmssd_precond;eda_sd_precond;hr_med_precond;eeg_fl_hbeta_power_precond;eeg_tright_lbeta_power_precond"
2025-12-19 15:58:08.973943,24,"workload_label",7,8,0.0625,0.563953488372093,0.604651162790698,NA,7,"top7","eeg_tb_ratio_precond;eeg_ab_ratio_precond;hrv_rmssd_precond;eda_sd_precond;hr_med_precond;eeg_fl_hbeta_power_precond;eeg_tright_lbeta_power_precond"
2025-12-19 15:58:09.037366,24,"workload_label",7,16,0.0625,0.517441860465116,0.558139534883721,NA,7,"top7","eeg_tb_ratio_precond;eeg_ab_ratio_precond;hrv_rmssd_precond;eda_sd_precond;hr_med_precond;eeg_fl_hbeta_power_precond;eeg_tright_lbeta_power_precond"
2025-12-19 15:58:09.948003,24,"workload_label",7,32,0.0625,0.529069767441861,0.546511627906977,NA,7,"top7","eeg_tb_ratio_precond;eeg_ab_ratio_precond;hrv_rmssd_precond;eda_sd_precond;hr_med_precond;eeg_fl_hbeta_power_precond;eeg_tright_lbeta_power_precond"
2025-12-19 15:58:10.110255,24,"workload_label",7,64,0.0625,0.529069767441861,0.529069767441861,NA,7,"top7","eeg_tb_ratio_precond;eeg_ab_ratio_precond;hrv_rmssd_precond;eda_sd_precond;hr_med_precond;eeg_fl_hbeta_power_precond;eeg_tright_lbeta_power_precond"
2025-12-19 15:58:10.390467,24,"workload_label",7,128,0.0625,0.511627906976744,0.5,NA,7,"top7","eeg_tb_ratio_precond;eeg_ab_ratio_precond;hrv_rmssd_precond;eda_sd_precond;hr_med_precond;eeg_fl_hbeta_power_precond;eeg_tright_lbeta_power_precond"
2025-12-19 15:58:10.776661,24,"workload_label",7,256,0.0625,0.552325581395349,0.494186046511628,NA,7,"top7","eeg_tb_ratio_precond;eeg_ab_ratio_precond;hrv_rmssd_precond;eda_sd_precond;hr_med_precond;eeg_fl_hbeta_power_precond;eeg_tright_lbeta_power_precond"
2025-12-19 15:58:09.892706,24,"workload_label",7,2,0.125,0.575581395348837,0.604651162790698,0.575968992248062,7,"top7","eeg_tb_ratio_precond;eeg_ab_ratio_precond;hrv_rmssd_precond;eda_sd_precond;hr_med_precond;eeg_fl_hbeta_power_precond;eeg_tright_lbeta_power_precond"
2025-12-19 15:58:09.898331,24,"workload_label",7,4,0.125,0.523255813953488,0.587209302325581,NA,7,"top7","eeg_tb_ratio_precond;eeg_ab_ratio_precond;hrv_rmssd_precond;eda_sd_precond;hr_med_precond;eeg_fl_hbeta_power_precond;eeg_tright_lbeta_power_precond"
2025-12-19 15:58:09.972209,24,"workload_label",7,8,0.125,0.523255813953488,0.563953488372093,NA,7,"top7","eeg_tb_ratio_precond;eeg_ab_ratio_precond;hrv_rmssd_precond;eda_sd_precond;hr_med_precond;eeg_fl_hbeta_power_precond;eeg_tright_lbeta_power_precond"
2025-12-19 15:58:10.082124,24,"workload_label",7,16,0.125,0.523255813953488,0.540697674418605,NA,7,"top7","eeg_tb_ratio_precond;eeg_ab_ratio_precond;hrv_rmssd_precond;eda_sd_precond;hr_med_precond;eeg_fl_hbeta_power_precond;eeg_tright_lbeta_power_precond"
2025-12-19 15:58:10.216236,24,"workload_label",7,32,0.125,0.534883720930233,0.558139534883721,NA,7,"top7","eeg_tb_ratio_precond;eeg_ab_ratio_precond;hrv_rmssd_precond;eda_sd_precond;hr_med_precond;eeg_fl_hbeta_power_precond;eeg_tright_lbeta_power_precond"
2025-12-19 15:58:10.405612,24,"workload_label",7,64,0.125,0.540697674418605,0.476744186046512,NA,7,"top7","eeg_tb_ratio_precond;eeg_ab_ratio_precond;hrv_rmssd_precond;eda_sd_precond;hr_med_precond;eeg_fl_hbeta_power_precond;eeg_tright_lbeta_power_precond"
2025-12-19 15:58:10.565635,24,"workload_label",7,128,0.125,0.511627906976744,0.488372093023256,NA,7,"top7","eeg_tb_ratio_precond;eeg_ab_ratio_precond;hrv_rmssd_precond;eda_sd_precond;hr_med_precond;eeg_fl_hbeta_power_precond;eeg_tright_lbeta_power_precond"
2025-12-19 15:58:10.760242,24,"workload_label",7,256,0.125,0.494186046511628,0.534883720930233,NA,7,"top7","eeg_tb_ratio_precond;eeg_ab_ratio_precond;hrv_rmssd_precond;eda_sd_precond;hr_med_precond;eeg_fl_hbeta_power_precond;eeg_tright_lbeta_power_precond"
2025-12-19 15:58:10.171759,24,"workload_label",7,2,0.03,0.616279069767442,0.627906976744186,0.609302325581395,7,"top7","eeg_tb_ratio_precond;eeg_ab_ratio_precond;hrv_rmssd_precond;eda_sd_precond;hr_med_precond;eeg_fl_hbeta_power_precond;eeg_tright_lbeta_power_precond"
2025-12-19 15:58:10.425398,24,"workload_label",7,4,0.03,0.569767441860465,0.616279069767442,0.577519379844961,7,"top7","eeg_tb_ratio_precond;eeg_ab_ratio_precond;hrv_rmssd_precond;eda_sd_precond;hr_med_precond;eeg_fl_hbeta_power_precond;eeg_tright_lbeta_power_precond"
2025-12-19 15:58:10.942718,24,"workload_label",7,8,0.03,0.587209302325581,0.616279069767442,0.593798449612403,7,"top7","eeg_tb_ratio_precond;eeg_ab_ratio_precond;hrv_rmssd_precond;eda_sd_precond;hr_med_precond;eeg_fl_hbeta_power_precond;eeg_tright_lbeta_power_precond"
2025-12-19 15:58:10.971693,24,"workload_label",7,16,0.03,0.604651162790698,0.61046511627907,0.603100775193798,7,"top7","eeg_tb_ratio_precond;eeg_ab_ratio_precond;hrv_rmssd_precond;eda_sd_precond;hr_med_precond;eeg_fl_hbeta_power_precond;eeg_tright_lbeta_power_precond"
2025-12-19 15:58:11.075898,24,"workload_label",7,32,0.03,0.593023255813954,0.593023255813954,NA,7,"top7","eeg_tb_ratio_precond;eeg_ab_ratio_precond;hrv_rmssd_precond;eda_sd_precond;hr_med_precond;eeg_fl_hbeta_power_precond;eeg_tright_lbeta_power_precond"
2025-12-19 15:58:11.207693,24,"workload_label",7,64,0.03,0.552325581395349,0.569767441860465,NA,7,"top7","eeg_tb_ratio_precond;eeg_ab_ratio_precond;hrv_rmssd_precond;eda_sd_precond;hr_med_precond;eeg_fl_hbeta_power_precond;eeg_tright_lbeta_power_precond"
2025-12-19 15:58:11.450871,24,"workload_label",7,128,0.03,0.534883720930233,0.546511627906977,NA,7,"top7","eeg_tb_ratio_precond;eeg_ab_ratio_precond;hrv_rmssd_precond;eda_sd_precond;hr_med_precond;eeg_fl_hbeta_power_precond;eeg_tright_lbeta_power_precond"
2025-12-19 15:58:11.771542,24,"workload_label",7,256,0.03,0.552325581395349,0.534883720930233,NA,7,"top7","eeg_tb_ratio_precond;eeg_ab_ratio_precond;hrv_rmssd_precond;eda_sd_precond;hr_med_precond;eeg_fl_hbeta_power_precond;eeg_tright_lbeta_power_precond"
2025-12-19 15:58:11.216238,24,"workload_label",7,2,0.06,0.587209302325581,0.61046511627907,0.594573643410853,7,"top7","eeg_tb_ratio_precond;eeg_ab_ratio_precond;hrv_rmssd_precond;eda_sd_precond;hr_med_precond;eeg_fl_hbeta_power_precond;eeg_tright_lbeta_power_precond"
2025-12-19 15:58:11.239095,24,"workload_label",7,4,0.06,0.593023255813954,0.604651162790698,0.593023255813954,7,"top7","eeg_tb_ratio_precond;eeg_ab_ratio_precond;hrv_rmssd_precond;eda_sd_precond;hr_med_precond;eeg_fl_hbeta_power_precond;eeg_tright_lbeta_power_precond"
2025-12-19 15:58:11.443139,24,"workload_label",7,8,0.06,0.569767441860465,0.598837209302326,NA,7,"top7","eeg_tb_ratio_precond;eeg_ab_ratio_precond;hrv_rmssd_precond;eda_sd_precond;hr_med_precond;eeg_fl_hbeta_power_precond;eeg_tright_lbeta_power_precond"
2025-12-19 15:58:11.515939,24,"workload_label",7,16,0.06,0.517441860465116,0.563953488372093,NA,7,"top7","eeg_tb_ratio_precond;eeg_ab_ratio_precond;hrv_rmssd_precond;eda_sd_precond;hr_med_precond;eeg_fl_hbeta_power_precond;eeg_tright_lbeta_power_precond"
2025-12-19 15:58:11.614142,24,"workload_label",7,32,0.06,0.534883720930233,0.534883720930233,NA,7,"top7","eeg_tb_ratio_precond;eeg_ab_ratio_precond;hrv_rmssd_precond;eda_sd_precond;hr_med_precond;eeg_fl_hbeta_power_precond;eeg_tright_lbeta_power_precond"
2025-12-19 15:58:11.847109,24,"workload_label",7,64,0.06,0.546511627906977,0.552325581395349,NA,7,"top7","eeg_tb_ratio_precond;eeg_ab_ratio_precond;hrv_rmssd_precond;eda_sd_precond;hr_med_precond;eeg_fl_hbeta_power_precond;eeg_tright_lbeta_power_precond"
2025-12-19 15:58:12.192161,24,"workload_label",7,128,0.06,0.511627906976744,0.529069767441861,NA,7,"top7","eeg_tb_ratio_precond;eeg_ab_ratio_precond;hrv_rmssd_precond;eda_sd_precond;hr_med_precond;eeg_fl_hbeta_power_precond;eeg_tright_lbeta_power_precond"
2025-12-19 15:58:12.379203,24,"workload_label",7,256,0.06,0.552325581395349,0.5,NA,7,"top7","eeg_tb_ratio_precond;eeg_ab_ratio_precond;hrv_rmssd_precond;eda_sd_precond;hr_med_precond;eeg_fl_hbeta_power_precond;eeg_tright_lbeta_power_precond"
2025-12-19 15:58:11.976144,24,"workload_label",7,2,0.1,0.598837209302326,0.616279069767442,0.594573643410853,7,"top7","eeg_tb_ratio_precond;eeg_ab_ratio_precond;hrv_rmssd_precond;eda_sd_precond;hr_med_precond;eeg_fl_hbeta_power_precond;eeg_tright_lbeta_power_precond"
2025-12-19 15:58:11.979528,24,"workload_label",7,4,0.1,0.540697674418605,0.581395348837209,NA,7,"top7","eeg_tb_ratio_precond;eeg_ab_ratio_precond;hrv_rmssd_precond;eda_sd_precond;hr_med_precond;eeg_fl_hbeta_power_precond;eeg_tright_lbeta_power_precond"
2025-12-19 15:58:12.081147,24,"workload_label",7,8,0.1,0.529069767441861,0.563953488372093,NA,7,"top7","eeg_tb_ratio_precond;eeg_ab_ratio_precond;hrv_rmssd_precond;eda_sd_precond;hr_med_precond;eeg_fl_hbeta_power_precond;eeg_tright_lbeta_power_precond"
2025-12-19 15:58:12.206562,24,"workload_label",7,16,0.1,0.505813953488372,0.540697674418605,NA,7,"top7","eeg_tb_ratio_precond;eeg_ab_ratio_precond;hrv_rmssd_precond;eda_sd_precond;hr_med_precond;eeg_fl_hbeta_power_precond;eeg_tright_lbeta_power_precond"
2025-12-19 15:58:12.288834,24,"workload_label",7,32,0.1,0.523255813953488,0.558139534883721,NA,7,"top7","eeg_tb_ratio_precond;eeg_ab_ratio_precond;hrv_rmssd_precond;eda_sd_precond;hr_med_precond;eeg_fl_hbeta_power_precond;eeg_tright_lbeta_power_precond"
2025-12-19 15:58:12.403049,24,"workload_label",7,64,0.1,0.546511627906977,0.482558139534884,NA,7,"top7","eeg_tb_ratio_precond;eeg_ab_ratio_precond;hrv_rmssd_precond;eda_sd_precond;hr_med_precond;eeg_fl_hbeta_power_precond;eeg_tright_lbeta_power_precond"
2025-12-19 15:58:12.651767,24,"workload_label",7,128,0.1,0.540697674418605,0.552325581395349,NA,7,"top7","eeg_tb_ratio_precond;eeg_ab_ratio_precond;hrv_rmssd_precond;eda_sd_precond;hr_med_precond;eeg_fl_hbeta_power_precond;eeg_tright_lbeta_power_precond"
2025-12-19 15:58:12.761183,24,"workload_label",7,256,0.1,0.5,0.494186046511628,NA,7,"top7","eeg_tb_ratio_precond;eeg_ab_ratio_precond;hrv_rmssd_precond;eda_sd_precond;hr_med_precond;eeg_fl_hbeta_power_precond;eeg_tright_lbeta_power_precond"
2025-12-19 15:58:14.026645,25,"workload_label",7,2,0.0078125,0.616279069767442,0.645348837209302,0.624031007751938,7,"top7","eeg_tb_ratio_precond;hrv_rmssd_precond;eda_sd_precond;hr_med_precond;eeg_fl_hbeta_power_precond;eda_pkrate_precond;eeg_fl_specent_precond"
2025-12-19 15:58:14.027188,25,"workload_label",7,4,0.0078125,0.63953488372093,0.645348837209302,0.628682170542636,7,"top7","eeg_tb_ratio_precond;hrv_rmssd_precond;eda_sd_precond;hr_med_precond;eeg_fl_hbeta_power_precond;eda_pkrate_precond;eeg_fl_specent_precond"
2025-12-19 15:58:13.982069,25,"workload_label",7,8,0.0078125,0.627906976744186,0.63953488372093,0.612403100775194,7,"top7","eeg_tb_ratio_precond;hrv_rmssd_precond;eda_sd_precond;hr_med_precond;eeg_fl_hbeta_power_precond;eda_pkrate_precond;eeg_fl_specent_precond"
2025-12-19 15:58:14.023772,25,"workload_label",7,16,0.0078125,0.627906976744186,0.627906976744186,0.614728682170543,7,"top7","eeg_tb_ratio_precond;hrv_rmssd_precond;eda_sd_precond;hr_med_precond;eeg_fl_hbeta_power_precond;eda_pkrate_precond;eeg_fl_specent_precond"
2025-12-19 15:58:14.01363,25,"workload_label",7,32,0.0078125,0.616279069767442,0.622093023255814,0.608527131782946,7,"top7","eeg_tb_ratio_precond;hrv_rmssd_precond;eda_sd_precond;hr_med_precond;eeg_fl_hbeta_power_precond;eda_pkrate_precond;eeg_fl_specent_precond"
2025-12-19 15:58:14.017339,25,"workload_label",7,64,0.0078125,0.598837209302326,0.593023255813954,0.604651162790698,7,"top7","eeg_tb_ratio_precond;hrv_rmssd_precond;eda_sd_precond;hr_med_precond;eeg_fl_hbeta_power_precond;eda_pkrate_precond;eeg_fl_specent_precond"
2025-12-19 15:58:14.075339,25,"workload_label",7,128,0.0078125,0.587209302325581,0.598837209302326,0.59922480620155,7,"top7","eeg_tb_ratio_precond;hrv_rmssd_precond;eda_sd_precond;hr_med_precond;eeg_fl_hbeta_power_precond;eda_pkrate_precond;eeg_fl_specent_precond"
2025-12-19 15:58:14.187001,25,"workload_label",7,256,0.0078125,0.558139534883721,0.604651162790698,0.565891472868217,7,"top7","eeg_tb_ratio_precond;hrv_rmssd_precond;eda_sd_precond;hr_med_precond;eeg_fl_hbeta_power_precond;eda_pkrate_precond;eeg_fl_specent_precond"
2025-12-19 15:58:13.985978,25,"workload_label",7,2,0.015625,0.616279069767442,0.645348837209302,0.610852713178295,7,"top7","eeg_tb_ratio_precond;hrv_rmssd_precond;eda_sd_precond;hr_med_precond;eeg_fl_hbeta_power_precond;eda_pkrate_precond;eeg_fl_specent_precond"
2025-12-19 15:58:14.037723,25,"workload_label",7,4,0.015625,0.633720930232558,0.63953488372093,0.627131782945736,7,"top7","eeg_tb_ratio_precond;hrv_rmssd_precond;eda_sd_precond;hr_med_precond;eeg_fl_hbeta_power_precond;eda_pkrate_precond;eeg_fl_specent_precond"
2025-12-19 15:58:14.011901,25,"workload_label",7,8,0.015625,0.61046511627907,0.616279069767442,0.59922480620155,7,"top7","eeg_tb_ratio_precond;hrv_rmssd_precond;eda_sd_precond;hr_med_precond;eeg_fl_hbeta_power_precond;eda_pkrate_precond;eeg_fl_specent_precond"
2025-12-19 15:58:14.027013,25,"workload_label",7,16,0.015625,0.598837209302326,0.604651162790698,0.604651162790698,7,"top7","eeg_tb_ratio_precond;hrv_rmssd_precond;eda_sd_precond;hr_med_precond;eeg_fl_hbeta_power_precond;eda_pkrate_precond;eeg_fl_specent_precond"
2025-12-19 15:58:14.061516,25,"workload_label",7,32,0.015625,0.587209302325581,0.598837209302326,0.596899224806202,7,"top7","eeg_tb_ratio_precond;hrv_rmssd_precond;eda_sd_precond;hr_med_precond;eeg_fl_hbeta_power_precond;eda_pkrate_precond;eeg_fl_specent_precond"
2025-12-19 15:58:14.093225,25,"workload_label",7,64,0.015625,0.563953488372093,0.604651162790698,0.563565891472868,7,"top7","eeg_tb_ratio_precond;hrv_rmssd_precond;eda_sd_precond;hr_med_precond;eeg_fl_hbeta_power_precond;eda_pkrate_precond;eeg_fl_specent_precond"
2025-12-19 15:58:15.262016,25,"workload_label",7,128,0.015625,0.540697674418605,0.598837209302326,0.543410852713178,7,"top7","eeg_tb_ratio_precond;hrv_rmssd_precond;eda_sd_precond;hr_med_precond;eeg_fl_hbeta_power_precond;eda_pkrate_precond;eeg_fl_specent_precond"
2025-12-19 15:58:15.431342,25,"workload_label",7,256,0.015625,0.563953488372093,0.61046511627907,NA,7,"top7","eeg_tb_ratio_precond;hrv_rmssd_precond;eda_sd_precond;hr_med_precond;eeg_fl_hbeta_power_precond;eda_pkrate_precond;eeg_fl_specent_precond"
2025-12-19 15:58:15.077833,25,"workload_label",7,2,0.03125,0.627906976744186,0.63953488372093,0.624806201550388,7,"top7","eeg_tb_ratio_precond;hrv_rmssd_precond;eda_sd_precond;hr_med_precond;eeg_fl_hbeta_power_precond;eda_pkrate_precond;eeg_fl_specent_precond"
2025-12-19 15:58:15.092336,25,"workload_label",7,4,0.03125,0.61046511627907,0.616279069767442,0.606201550387597,7,"top7","eeg_tb_ratio_precond;hrv_rmssd_precond;eda_sd_precond;hr_med_precond;eeg_fl_hbeta_power_precond;eda_pkrate_precond;eeg_fl_specent_precond"
2025-12-19 15:58:15.10266,25,"workload_label",7,8,0.03125,0.598837209302326,0.604651162790698,0.602325581395349,7,"top7","eeg_tb_ratio_precond;hrv_rmssd_precond;eda_sd_precond;hr_med_precond;eeg_fl_hbeta_power_precond;eda_pkrate_precond;eeg_fl_specent_precond"
2025-12-19 15:58:15.124456,25,"workload_label",7,16,0.03125,0.575581395348837,0.61046511627907,0.570542635658915,7,"top7","eeg_tb_ratio_precond;hrv_rmssd_precond;eda_sd_precond;hr_med_precond;eeg_fl_hbeta_power_precond;eda_pkrate_precond;eeg_fl_specent_precond"
2025-12-19 15:58:15.156627,25,"workload_label",7,32,0.03125,0.540697674418605,0.581395348837209,0.538759689922481,7,"top7","eeg_tb_ratio_precond;hrv_rmssd_precond;eda_sd_precond;hr_med_precond;eeg_fl_hbeta_power_precond;eda_pkrate_precond;eeg_fl_specent_precond"
2025-12-19 15:58:15.256614,25,"workload_label",7,64,0.03125,0.546511627906977,0.587209302325581,0.551162790697674,7,"top7","eeg_tb_ratio_precond;hrv_rmssd_precond;eda_sd_precond;hr_med_precond;eeg_fl_hbeta_power_precond;eda_pkrate_precond;eeg_fl_specent_precond"
2025-12-19 15:58:15.406433,25,"workload_label",7,128,0.03125,0.587209302325581,0.587209302325581,0.591472868217054,7,"top7","eeg_tb_ratio_precond;hrv_rmssd_precond;eda_sd_precond;hr_med_precond;eeg_fl_hbeta_power_precond;eda_pkrate_precond;eeg_fl_specent_precond"
2025-12-19 15:58:15.869106,25,"workload_label",7,256,0.03125,0.581395348837209,0.441860465116279,0.574418604651163,7,"top7","eeg_tb_ratio_precond;hrv_rmssd_precond;eda_sd_precond;hr_med_precond;eeg_fl_hbeta_power_precond;eda_pkrate_precond;eeg_fl_specent_precond"
2025-12-19 15:58:15.145089,25,"workload_label",7,2,0.0625,0.61046511627907,0.61046511627907,0.618604651162791,7,"top7","eeg_tb_ratio_precond;hrv_rmssd_precond;eda_sd_precond;hr_med_precond;eeg_fl_hbeta_power_precond;eda_pkrate_precond;eeg_fl_specent_precond"
2025-12-19 15:58:15.132719,25,"workload_label",7,4,0.0625,0.593023255813954,0.604651162790698,0.589147286821705,7,"top7","eeg_tb_ratio_precond;hrv_rmssd_precond;eda_sd_precond;hr_med_precond;eeg_fl_hbeta_power_precond;eda_pkrate_precond;eeg_fl_specent_precond"
2025-12-19 15:58:15.157849,25,"workload_label",7,8,0.0625,0.558139534883721,0.575581395348837,0.55968992248062,7,"top7","eeg_tb_ratio_precond;hrv_rmssd_precond;eda_sd_precond;hr_med_precond;eeg_fl_hbeta_power_precond;eda_pkrate_precond;eeg_fl_specent_precond"
2025-12-19 15:58:15.316812,25,"workload_label",7,16,0.0625,0.558139534883721,0.569767441860465,0.565116279069767,7,"top7","eeg_tb_ratio_precond;hrv_rmssd_precond;eda_sd_precond;hr_med_precond;eeg_fl_hbeta_power_precond;eda_pkrate_precond;eeg_fl_specent_precond"
2025-12-19 15:58:16.260217,25,"workload_label",7,32,0.0625,0.569767441860465,0.593023255813954,0.550387596899225,7,"top7","eeg_tb_ratio_precond;hrv_rmssd_precond;eda_sd_precond;hr_med_precond;eeg_fl_hbeta_power_precond;eda_pkrate_precond;eeg_fl_specent_precond"
2025-12-19 15:58:16.479932,25,"workload_label",7,64,0.0625,0.593023255813954,0.546511627906977,0.582170542635659,7,"top7","eeg_tb_ratio_precond;hrv_rmssd_precond;eda_sd_precond;hr_med_precond;eeg_fl_hbeta_power_precond;eda_pkrate_precond;eeg_fl_specent_precond"
2025-12-19 15:58:16.760336,25,"workload_label",7,128,0.0625,0.581395348837209,0.540697674418605,NA,7,"top7","eeg_tb_ratio_precond;hrv_rmssd_precond;eda_sd_precond;hr_med_precond;eeg_fl_hbeta_power_precond;eda_pkrate_precond;eeg_fl_specent_precond"
2025-12-19 15:58:17.409137,25,"workload_label",7,256,0.0625,0.540697674418605,0.441860465116279,NA,7,"top7","eeg_tb_ratio_precond;hrv_rmssd_precond;eda_sd_precond;hr_med_precond;eeg_fl_hbeta_power_precond;eda_pkrate_precond;eeg_fl_specent_precond"
2025-12-19 15:58:16.150916,25,"workload_label",7,2,0.125,0.558139534883721,0.575581395348837,0.544186046511628,7,"top7","eeg_tb_ratio_precond;hrv_rmssd_precond;eda_sd_precond;hr_med_precond;eeg_fl_hbeta_power_precond;eda_pkrate_precond;eeg_fl_specent_precond"
2025-12-19 15:58:16.236476,25,"workload_label",7,4,0.125,0.569767441860465,0.61046511627907,0.562015503875969,7,"top7","eeg_tb_ratio_precond;hrv_rmssd_precond;eda_sd_precond;hr_med_precond;eeg_fl_hbeta_power_precond;eda_pkrate_precond;eeg_fl_specent_precond"
2025-12-19 15:58:16.277411,25,"workload_label",7,8,0.125,0.558139534883721,0.587209302325581,NA,7,"top7","eeg_tb_ratio_precond;hrv_rmssd_precond;eda_sd_precond;hr_med_precond;eeg_fl_hbeta_power_precond;eda_pkrate_precond;eeg_fl_specent_precond"
2025-12-19 15:58:16.322246,25,"workload_label",7,16,0.125,0.575581395348837,0.523255813953488,0.55968992248062,7,"top7","eeg_tb_ratio_precond;hrv_rmssd_precond;eda_sd_precond;hr_med_precond;eeg_fl_hbeta_power_precond;eda_pkrate_precond;eeg_fl_specent_precond"
2025-12-19 15:58:16.781144,25,"workload_label",7,32,0.125,0.558139534883721,0.447674418604651,0.533333333333333,7,"top7","eeg_tb_ratio_precond;hrv_rmssd_precond;eda_sd_precond;hr_med_precond;eeg_fl_hbeta_power_precond;eda_pkrate_precond;eeg_fl_specent_precond"
2025-12-19 15:58:16.653275,25,"workload_label",7,64,0.125,0.511627906976744,0.534883720930233,NA,7,"top7","eeg_tb_ratio_precond;hrv_rmssd_precond;eda_sd_precond;hr_med_precond;eeg_fl_hbeta_power_precond;eda_pkrate_precond;eeg_fl_specent_precond"
2025-12-19 15:58:16.921347,25,"workload_label",7,128,0.125,0.511627906976744,0.453488372093023,NA,7,"top7","eeg_tb_ratio_precond;hrv_rmssd_precond;eda_sd_precond;hr_med_precond;eeg_fl_hbeta_power_precond;eda_pkrate_precond;eeg_fl_specent_precond"
2025-12-19 15:58:17.091821,25,"workload_label",7,256,0.125,0.505813953488372,0.5,NA,7,"top7","eeg_tb_ratio_precond;hrv_rmssd_precond;eda_sd_precond;hr_med_precond;eeg_fl_hbeta_power_precond;eda_pkrate_precond;eeg_fl_specent_precond"
2025-12-19 15:58:16.505312,25,"workload_label",7,2,0.03,0.622093023255814,0.63953488372093,0.617829457364341,7,"top7","eeg_tb_ratio_precond;hrv_rmssd_precond;eda_sd_precond;hr_med_precond;eeg_fl_hbeta_power_precond;eda_pkrate_precond;eeg_fl_specent_precond"
2025-12-19 15:58:16.910457,25,"workload_label",7,4,0.03,0.598837209302326,0.616279069767442,0.593023255813954,7,"top7","eeg_tb_ratio_precond;hrv_rmssd_precond;eda_sd_precond;hr_med_precond;eeg_fl_hbeta_power_precond;eda_pkrate_precond;eeg_fl_specent_precond"
2025-12-19 15:58:17.18268,25,"workload_label",7,8,0.03,0.598837209302326,0.61046511627907,0.602325581395349,7,"top7","eeg_tb_ratio_precond;hrv_rmssd_precond;eda_sd_precond;hr_med_precond;eeg_fl_hbeta_power_precond;eda_pkrate_precond;eeg_fl_specent_precond"
2025-12-19 15:58:17.324155,25,"workload_label",7,16,0.03,0.587209302325581,0.604651162790698,0.57984496124031,7,"top7","eeg_tb_ratio_precond;hrv_rmssd_precond;eda_sd_precond;hr_med_precond;eeg_fl_hbeta_power_precond;eda_pkrate_precond;eeg_fl_specent_precond"
2025-12-19 15:58:17.373275,25,"workload_label",7,32,0.03,0.534883720930233,0.581395348837209,0.531782945736434,7,"top7","eeg_tb_ratio_precond;hrv_rmssd_precond;eda_sd_precond;hr_med_precond;eeg_fl_hbeta_power_precond;eda_pkrate_precond;eeg_fl_specent_precond"
2025-12-19 15:58:17.69404,25,"workload_label",7,64,0.03,0.540697674418605,0.593023255813954,0.548837209302326,7,"top7","eeg_tb_ratio_precond;hrv_rmssd_precond;eda_sd_precond;hr_med_precond;eeg_fl_hbeta_power_precond;eda_pkrate_precond;eeg_fl_specent_precond"
2025-12-19 15:58:17.696512,25,"workload_label",7,128,0.03,0.598837209302326,0.534883720930233,NA,7,"top7","eeg_tb_ratio_precond;hrv_rmssd_precond;eda_sd_precond;hr_med_precond;eeg_fl_hbeta_power_precond;eda_pkrate_precond;eeg_fl_specent_precond"
2025-12-19 15:58:18.206553,25,"workload_label",7,256,0.03,0.569767441860465,0.569767441860465,0.562015503875969,7,"top7","eeg_tb_ratio_precond;hrv_rmssd_precond;eda_sd_precond;hr_med_precond;eeg_fl_hbeta_power_precond;eda_pkrate_precond;eeg_fl_specent_precond"
2025-12-19 15:58:17.523621,25,"workload_label",7,2,0.06,0.61046511627907,0.61046511627907,0.613953488372093,7,"top7","eeg_tb_ratio_precond;hrv_rmssd_precond;eda_sd_precond;hr_med_precond;eeg_fl_hbeta_power_precond;eda_pkrate_precond;eeg_fl_specent_precond"
2025-12-19 15:58:17.69891,25,"workload_label",7,4,0.06,0.598837209302326,0.604651162790698,0.591472868217054,7,"top7","eeg_tb_ratio_precond;hrv_rmssd_precond;eda_sd_precond;hr_med_precond;eeg_fl_hbeta_power_precond;eda_pkrate_precond;eeg_fl_specent_precond"
2025-12-19 15:58:17.81373,25,"workload_label",7,8,0.06,0.552325581395349,0.575581395348837,0.550387596899225,7,"top7","eeg_tb_ratio_precond;hrv_rmssd_precond;eda_sd_precond;hr_med_precond;eeg_fl_hbeta_power_precond;eda_pkrate_precond;eeg_fl_specent_precond"
2025-12-19 15:58:17.896612,25,"workload_label",7,16,0.06,0.563953488372093,0.598837209302326,0.572868217054264,7,"top7","eeg_tb_ratio_precond;hrv_rmssd_precond;eda_sd_precond;hr_med_precond;eeg_fl_hbeta_power_precond;eda_pkrate_precond;eeg_fl_specent_precond"
2025-12-19 15:58:18.105631,25,"workload_label",7,32,0.06,0.569767441860465,0.5,0.550387596899225,7,"top7","eeg_tb_ratio_precond;hrv_rmssd_precond;eda_sd_precond;hr_med_precond;eeg_fl_hbeta_power_precond;eda_pkrate_precond;eeg_fl_specent_precond"
2025-12-19 15:58:18.249157,25,"workload_label",7,64,0.06,0.587209302325581,0.517441860465116,0.57984496124031,7,"top7","eeg_tb_ratio_precond;hrv_rmssd_precond;eda_sd_precond;hr_med_precond;eeg_fl_hbeta_power_precond;eda_pkrate_precond;eeg_fl_specent_precond"
2025-12-19 15:58:18.625366,25,"workload_label",7,128,0.06,0.587209302325581,0.482558139534884,NA,7,"top7","eeg_tb_ratio_precond;hrv_rmssd_precond;eda_sd_precond;hr_med_precond;eeg_fl_hbeta_power_precond;eda_pkrate_precond;eeg_fl_specent_precond"
2025-12-19 15:58:18.911525,25,"workload_label",7,256,0.06,0.540697674418605,0.476744186046512,NA,7,"top7","eeg_tb_ratio_precond;hrv_rmssd_precond;eda_sd_precond;hr_med_precond;eeg_fl_hbeta_power_precond;eda_pkrate_precond;eeg_fl_specent_precond"
2025-12-19 15:58:18.534698,25,"workload_label",7,2,0.1,0.569767441860465,0.593023255813954,0.562790697674419,7,"top7","eeg_tb_ratio_precond;hrv_rmssd_precond;eda_sd_precond;hr_med_precond;eeg_fl_hbeta_power_precond;eda_pkrate_precond;eeg_fl_specent_precond"
2025-12-19 15:58:18.401629,25,"workload_label",7,4,0.1,0.569767441860465,0.593023255813954,0.561240310077519,7,"top7","eeg_tb_ratio_precond;hrv_rmssd_precond;eda_sd_precond;hr_med_precond;eeg_fl_hbeta_power_precond;eda_pkrate_precond;eeg_fl_specent_precond"
2025-12-19 15:58:18.453224,25,"workload_label",7,8,0.1,0.552325581395349,0.581395348837209,0.541085271317829,7,"top7","eeg_tb_ratio_precond;hrv_rmssd_precond;eda_sd_precond;hr_med_precond;eeg_fl_hbeta_power_precond;eda_pkrate_precond;eeg_fl_specent_precond"
2025-12-19 15:58:18.597164,25,"workload_label",7,16,0.1,0.558139534883721,0.552325581395349,0.544186046511628,7,"top7","eeg_tb_ratio_precond;hrv_rmssd_precond;eda_sd_precond;hr_med_precond;eeg_fl_hbeta_power_precond;eda_pkrate_precond;eeg_fl_specent_precond"
2025-12-19 15:58:18.767692,25,"workload_label",7,32,0.1,0.581395348837209,0.494186046511628,NA,7,"top7","eeg_tb_ratio_precond;hrv_rmssd_precond;eda_sd_precond;hr_med_precond;eeg_fl_hbeta_power_precond;eda_pkrate_precond;eeg_fl_specent_precond"
2025-12-19 15:58:18.848847,25,"workload_label",7,64,0.1,0.552325581395349,0.418604651162791,NA,7,"top7","eeg_tb_ratio_precond;hrv_rmssd_precond;eda_sd_precond;hr_med_precond;eeg_fl_hbeta_power_precond;eda_pkrate_precond;eeg_fl_specent_precond"
2025-12-19 15:58:19.005166,25,"workload_label",7,128,0.1,0.511627906976744,0.494186046511628,NA,7,"top7","eeg_tb_ratio_precond;hrv_rmssd_precond;eda_sd_precond;hr_med_precond;eeg_fl_hbeta_power_precond;eda_pkrate_precond;eeg_fl_specent_precond"
2025-12-19 15:58:19.20897,25,"workload_label",7,256,0.1,0.511627906976744,0.465116279069767,NA,7,"top7","eeg_tb_ratio_precond;hrv_rmssd_precond;eda_sd_precond;hr_med_precond;eeg_fl_hbeta_power_precond;eda_pkrate_precond;eeg_fl_specent_precond"
2025-12-19 15:58:20.477051,26,"workload_label",7,2,0.0078125,0.622093023255814,0.656976744186046,0.606201550387597,7,"top7","eeg_tb_ratio_precond;hrv_rmssd_precond;eda_sd_precond;hr_med_precond;eeg_tright_lbeta_power_precond;eeg_fl_hbeta_power_precond;eeg_fl_specent_precond"
2025-12-19 15:58:20.461967,26,"workload_label",7,4,0.0078125,0.622093023255814,0.633720930232558,0.612403100775194,7,"top7","eeg_tb_ratio_precond;hrv_rmssd_precond;eda_sd_precond;hr_med_precond;eeg_tright_lbeta_power_precond;eeg_fl_hbeta_power_precond;eeg_fl_specent_precond"
2025-12-19 15:58:20.494496,26,"workload_label",7,8,0.0078125,0.598837209302326,0.63953488372093,0.593023255813954,7,"top7","eeg_tb_ratio_precond;hrv_rmssd_precond;eda_sd_precond;hr_med_precond;eeg_tright_lbeta_power_precond;eeg_fl_hbeta_power_precond;eeg_fl_specent_precond"
2025-12-19 15:58:20.455384,26,"workload_label",7,16,0.0078125,0.587209302325581,0.651162790697674,0.584496124031008,7,"top7","eeg_tb_ratio_precond;hrv_rmssd_precond;eda_sd_precond;hr_med_precond;eeg_tright_lbeta_power_precond;eeg_fl_hbeta_power_precond;eeg_fl_specent_precond"
2025-12-19 15:58:20.505534,26,"workload_label",7,32,0.0078125,0.581395348837209,0.656976744186046,0.586046511627907,7,"top7","eeg_tb_ratio_precond;hrv_rmssd_precond;eda_sd_precond;hr_med_precond;eeg_tright_lbeta_power_precond;eeg_fl_hbeta_power_precond;eeg_fl_specent_precond"
2025-12-19 15:58:20.511243,26,"workload_label",7,64,0.0078125,0.587209302325581,0.651162790697674,0.590697674418605,7,"top7","eeg_tb_ratio_precond;hrv_rmssd_precond;eda_sd_precond;hr_med_precond;eeg_tright_lbeta_power_precond;eeg_fl_hbeta_power_precond;eeg_fl_specent_precond"
2025-12-19 15:58:20.552268,26,"workload_label",7,128,0.0078125,0.604651162790698,0.668604651162791,0.62015503875969,7,"top7","eeg_tb_ratio_precond;hrv_rmssd_precond;eda_sd_precond;hr_med_precond;eeg_tright_lbeta_power_precond;eeg_fl_hbeta_power_precond;eeg_fl_specent_precond"
2025-12-19 15:58:20.690273,26,"workload_label",7,256,0.0078125,0.627906976744186,0.680232558139535,0.644186046511628,7,"top7","eeg_tb_ratio_precond;hrv_rmssd_precond;eda_sd_precond;hr_med_precond;eeg_tright_lbeta_power_precond;eeg_fl_hbeta_power_precond;eeg_fl_specent_precond"
2025-12-19 15:58:20.484169,26,"workload_label",7,2,0.015625,0.633720930232558,0.63953488372093,0.627131782945736,7,"top7","eeg_tb_ratio_precond;hrv_rmssd_precond;eda_sd_precond;hr_med_precond;eeg_tright_lbeta_power_precond;eeg_fl_hbeta_power_precond;eeg_fl_specent_precond"
2025-12-19 15:58:20.496199,26,"workload_label",7,4,0.015625,0.593023255813954,0.633720930232558,0.586821705426357,7,"top7","eeg_tb_ratio_precond;hrv_rmssd_precond;eda_sd_precond;hr_med_precond;eeg_tright_lbeta_power_precond;eeg_fl_hbeta_power_precond;eeg_fl_specent_precond"
2025-12-19 15:58:20.506305,26,"workload_label",7,8,0.015625,0.587209302325581,0.645348837209302,0.585271317829457,7,"top7","eeg_tb_ratio_precond;hrv_rmssd_precond;eda_sd_precond;hr_med_precond;eeg_tright_lbeta_power_precond;eeg_fl_hbeta_power_precond;eeg_fl_specent_precond"
2025-12-19 15:58:20.486074,26,"workload_label",7,16,0.015625,0.587209302325581,0.645348837209302,0.590697674418605,7,"top7","eeg_tb_ratio_precond;hrv_rmssd_precond;eda_sd_precond;hr_med_precond;eeg_tright_lbeta_power_precond;eeg_fl_hbeta_power_precond;eeg_fl_specent_precond"
2025-12-19 15:58:20.558374,26,"workload_label",7,32,0.015625,0.593023255813954,0.674418604651163,0.60077519379845,7,"top7","eeg_tb_ratio_precond;hrv_rmssd_precond;eda_sd_precond;hr_med_precond;eeg_tright_lbeta_power_precond;eeg_fl_hbeta_power_precond;eeg_fl_specent_precond"
2025-12-19 15:58:20.566768,26,"workload_label",7,64,0.015625,0.616279069767442,0.680232558139535,0.625581395348837,7,"top7","eeg_tb_ratio_precond;hrv_rmssd_precond;eda_sd_precond;hr_med_precond;eeg_tright_lbeta_power_precond;eeg_fl_hbeta_power_precond;eeg_fl_specent_precond"
2025-12-19 15:58:21.785831,26,"workload_label",7,128,0.015625,0.616279069767442,0.680232558139535,NA,7,"top7","eeg_tb_ratio_precond;hrv_rmssd_precond;eda_sd_precond;hr_med_precond;eeg_tright_lbeta_power_precond;eeg_fl_hbeta_power_precond;eeg_fl_specent_precond"
2025-12-19 15:58:22.000589,26,"workload_label",7,256,0.015625,0.616279069767442,0.662790697674419,0.62015503875969,7,"top7","eeg_tb_ratio_precond;hrv_rmssd_precond;eda_sd_precond;hr_med_precond;eeg_tright_lbeta_power_precond;eeg_fl_hbeta_power_precond;eeg_fl_specent_precond"
2025-12-19 15:58:21.550864,26,"workload_label",7,2,0.03125,0.598837209302326,0.63953488372093,0.593798449612403,7,"top7","eeg_tb_ratio_precond;hrv_rmssd_precond;eda_sd_precond;hr_med_precond;eeg_tright_lbeta_power_precond;eeg_fl_hbeta_power_precond;eeg_fl_specent_precond"
2025-12-19 15:58:21.575323,26,"workload_label",7,4,0.03125,0.581395348837209,0.645348837209302,0.58062015503876,7,"top7","eeg_tb_ratio_precond;hrv_rmssd_precond;eda_sd_precond;hr_med_precond;eeg_tright_lbeta_power_precond;eeg_fl_hbeta_power_precond;eeg_fl_specent_precond"
2025-12-19 15:58:21.558967,26,"workload_label",7,8,0.03125,0.587209302325581,0.668604651162791,0.592248062015504,7,"top7","eeg_tb_ratio_precond;hrv_rmssd_precond;eda_sd_precond;hr_med_precond;eeg_tright_lbeta_power_precond;eeg_fl_hbeta_power_precond;eeg_fl_specent_precond"
2025-12-19 15:58:21.604688,26,"workload_label",7,16,0.03125,0.598837209302326,0.662790697674419,0.606976744186047,7,"top7","eeg_tb_ratio_precond;hrv_rmssd_precond;eda_sd_precond;hr_med_precond;eeg_tright_lbeta_power_precond;eeg_fl_hbeta_power_precond;eeg_fl_specent_precond"
2025-12-19 15:58:21.895284,26,"workload_label",7,32,0.03125,0.616279069767442,0.662790697674419,NA,7,"top7","eeg_tb_ratio_precond;hrv_rmssd_precond;eda_sd_precond;hr_med_precond;eeg_tright_lbeta_power_precond;eeg_fl_hbeta_power_precond;eeg_fl_specent_precond"
2025-12-19 15:58:21.806001,26,"workload_label",7,64,0.03125,0.633720930232558,0.674418604651163,0.633333333333333,7,"top7","eeg_tb_ratio_precond;hrv_rmssd_precond;eda_sd_precond;hr_med_precond;eeg_tright_lbeta_power_precond;eeg_fl_hbeta_power_precond;eeg_fl_specent_precond"
2025-12-19 15:58:21.976832,26,"workload_label",7,128,0.03125,0.63953488372093,0.656976744186046,NA,7,"top7","eeg_tb_ratio_precond;hrv_rmssd_precond;eda_sd_precond;hr_med_precond;eeg_tright_lbeta_power_precond;eeg_fl_hbeta_power_precond;eeg_fl_specent_precond"
2025-12-19 15:58:22.34464,26,"workload_label",7,256,0.03125,0.645348837209302,0.645348837209302,NA,7,"top7","eeg_tb_ratio_precond;hrv_rmssd_precond;eda_sd_precond;hr_med_precond;eeg_tright_lbeta_power_precond;eeg_fl_hbeta_power_precond;eeg_fl_specent_precond"
2025-12-19 15:58:21.608608,26,"workload_label",7,2,0.0625,0.604651162790698,0.627906976744186,0.604651162790698,7,"top7","eeg_tb_ratio_precond;hrv_rmssd_precond;eda_sd_precond;hr_med_precond;eeg_tright_lbeta_power_precond;eeg_fl_hbeta_power_precond;eeg_fl_specent_precond"
2025-12-19 15:58:21.644873,26,"workload_label",7,4,0.0625,0.616279069767442,0.662790697674419,0.617054263565891,7,"top7","eeg_tb_ratio_precond;hrv_rmssd_precond;eda_sd_precond;hr_med_precond;eeg_tright_lbeta_power_precond;eeg_fl_hbeta_power_precond;eeg_fl_specent_precond"
2025-12-19 15:58:21.662838,26,"workload_label",7,8,0.0625,0.616279069767442,0.656976744186046,0.618604651162791,7,"top7","eeg_tb_ratio_precond;hrv_rmssd_precond;eda_sd_precond;hr_med_precond;eeg_tright_lbeta_power_precond;eeg_fl_hbeta_power_precond;eeg_fl_specent_precond"
2025-12-19 15:58:21.874691,26,"workload_label",7,16,0.0625,0.61046511627907,0.656976744186046,NA,7,"top7","eeg_tb_ratio_precond;hrv_rmssd_precond;eda_sd_precond;hr_med_precond;eeg_tright_lbeta_power_precond;eeg_fl_hbeta_power_precond;eeg_fl_specent_precond"
2025-12-19 15:58:22.801404,26,"workload_label",7,32,0.0625,0.633720930232558,0.63953488372093,NA,7,"top7","eeg_tb_ratio_precond;hrv_rmssd_precond;eda_sd_precond;hr_med_precond;eeg_tright_lbeta_power_precond;eeg_fl_hbeta_power_precond;eeg_fl_specent_precond"
2025-12-19 15:58:23.003421,26,"workload_label",7,64,0.0625,0.633720930232558,0.587209302325581,0.647286821705426,7,"top7","eeg_tb_ratio_precond;hrv_rmssd_precond;eda_sd_precond;hr_med_precond;eeg_tright_lbeta_power_precond;eeg_fl_hbeta_power_precond;eeg_fl_specent_precond"
2025-12-19 15:58:23.382486,26,"workload_label",7,128,0.0625,0.575581395348837,0.581395348837209,NA,7,"top7","eeg_tb_ratio_precond;hrv_rmssd_precond;eda_sd_precond;hr_med_precond;eeg_tright_lbeta_power_precond;eeg_fl_hbeta_power_precond;eeg_fl_specent_precond"
2025-12-19 15:58:23.723179,26,"workload_label",7,256,0.0625,0.523255813953488,0.511627906976744,NA,7,"top7","eeg_tb_ratio_precond;hrv_rmssd_precond;eda_sd_precond;hr_med_precond;eeg_tright_lbeta_power_precond;eeg_fl_hbeta_power_precond;eeg_fl_specent_precond"
2025-12-19 15:58:22.768496,26,"workload_label",7,2,0.125,0.604651162790698,0.662790697674419,0.604651162790698,7,"top7","eeg_tb_ratio_precond;hrv_rmssd_precond;eda_sd_precond;hr_med_precond;eeg_tright_lbeta_power_precond;eeg_fl_hbeta_power_precond;eeg_fl_specent_precond"
2025-12-19 15:58:22.819711,26,"workload_label",7,4,0.125,0.604651162790698,0.651162790697674,NA,7,"top7","eeg_tb_ratio_precond;hrv_rmssd_precond;eda_sd_precond;hr_med_precond;eeg_tright_lbeta_power_precond;eeg_fl_hbeta_power_precond;eeg_fl_specent_precond"
2025-12-19 15:58:22.858325,26,"workload_label",7,8,0.125,0.61046511627907,0.622093023255814,NA,7,"top7","eeg_tb_ratio_precond;hrv_rmssd_precond;eda_sd_precond;hr_med_precond;eeg_tright_lbeta_power_precond;eeg_fl_hbeta_power_precond;eeg_fl_specent_precond"
2025-12-19 15:58:23.096745,26,"workload_label",7,16,0.125,0.575581395348837,0.569767441860465,NA,7,"top7","eeg_tb_ratio_precond;hrv_rmssd_precond;eda_sd_precond;hr_med_precond;eeg_tright_lbeta_power_precond;eeg_fl_hbeta_power_precond;eeg_fl_specent_precond"
2025-12-19 15:58:23.513689,26,"workload_label",7,32,0.125,0.534883720930233,0.529069767441861,NA,7,"top7","eeg_tb_ratio_precond;hrv_rmssd_precond;eda_sd_precond;hr_med_precond;eeg_tright_lbeta_power_precond;eeg_fl_hbeta_power_precond;eeg_fl_specent_precond"
2025-12-19 15:58:23.380601,26,"workload_label",7,64,0.125,0.517441860465116,0.406976744186047,NA,7,"top7","eeg_tb_ratio_precond;hrv_rmssd_precond;eda_sd_precond;hr_med_precond;eeg_tright_lbeta_power_precond;eeg_fl_hbeta_power_precond;eeg_fl_specent_precond"
2025-12-19 15:58:23.534878,26,"workload_label",7,128,0.125,0.523255813953488,0.447674418604651,NA,7,"top7","eeg_tb_ratio_precond;hrv_rmssd_precond;eda_sd_precond;hr_med_precond;eeg_tright_lbeta_power_precond;eeg_fl_hbeta_power_precond;eeg_fl_specent_precond"
2025-12-19 15:58:23.728669,26,"workload_label",7,256,0.125,0.476744186046512,0.436046511627907,NA,7,"top7","eeg_tb_ratio_precond;hrv_rmssd_precond;eda_sd_precond;hr_med_precond;eeg_tright_lbeta_power_precond;eeg_fl_hbeta_power_precond;eeg_fl_specent_precond"
2025-12-19 15:58:23.127945,26,"workload_label",7,2,0.03,0.598837209302326,0.633720930232558,0.593798449612403,7,"top7","eeg_tb_ratio_precond;hrv_rmssd_precond;eda_sd_precond;hr_med_precond;eeg_tright_lbeta_power_precond;eeg_fl_hbeta_power_precond;eeg_fl_specent_precond"
2025-12-19 15:58:23.444775,26,"workload_label",7,4,0.03,0.575581395348837,0.63953488372093,0.578294573643411,7,"top7","eeg_tb_ratio_precond;hrv_rmssd_precond;eda_sd_precond;hr_med_precond;eeg_tright_lbeta_power_precond;eeg_fl_hbeta_power_precond;eeg_fl_specent_precond"
2025-12-19 15:58:23.819461,26,"workload_label",7,8,0.03,0.593023255813954,0.662790697674419,0.59922480620155,7,"top7","eeg_tb_ratio_precond;hrv_rmssd_precond;eda_sd_precond;hr_med_precond;eeg_tright_lbeta_power_precond;eeg_fl_hbeta_power_precond;eeg_fl_specent_precond"
2025-12-19 15:58:23.839212,26,"workload_label",7,16,0.03,0.598837209302326,0.656976744186046,0.606976744186047,7,"top7","eeg_tb_ratio_precond;hrv_rmssd_precond;eda_sd_precond;hr_med_precond;eeg_tright_lbeta_power_precond;eeg_fl_hbeta_power_precond;eeg_fl_specent_precond"
2025-12-19 15:58:23.926005,26,"workload_label",7,32,0.03,0.616279069767442,0.668604651162791,NA,7,"top7","eeg_tb_ratio_precond;hrv_rmssd_precond;eda_sd_precond;hr_med_precond;eeg_tright_lbeta_power_precond;eeg_fl_hbeta_power_precond;eeg_fl_specent_precond"
2025-12-19 15:58:24.092561,26,"workload_label",7,64,0.03,0.622093023255814,0.662790697674419,0.624031007751938,7,"top7","eeg_tb_ratio_precond;hrv_rmssd_precond;eda_sd_precond;hr_med_precond;eeg_tright_lbeta_power_precond;eeg_fl_hbeta_power_precond;eeg_fl_specent_precond"
2025-12-19 15:58:24.429994,26,"workload_label",7,128,0.03,0.645348837209302,0.668604651162791,NA,7,"top7","eeg_tb_ratio_precond;hrv_rmssd_precond;eda_sd_precond;hr_med_precond;eeg_tright_lbeta_power_precond;eeg_fl_hbeta_power_precond;eeg_fl_specent_precond"
2025-12-19 15:58:24.836168,26,"workload_label",7,256,0.03,0.633720930232558,0.651162790697674,NA,7,"top7","eeg_tb_ratio_precond;hrv_rmssd_precond;eda_sd_precond;hr_med_precond;eeg_tright_lbeta_power_precond;eeg_fl_hbeta_power_precond;eeg_fl_specent_precond"
2025-12-19 15:58:24.155004,26,"workload_label",7,2,0.06,0.604651162790698,0.63953488372093,0.604651162790698,7,"top7","eeg_tb_ratio_precond;hrv_rmssd_precond;eda_sd_precond;hr_med_precond;eeg_tright_lbeta_power_precond;eeg_fl_hbeta_power_precond;eeg_fl_specent_precond"
2025-12-19 15:58:24.434176,26,"workload_label",7,4,0.06,0.616279069767442,0.662790697674419,0.617054263565891,7,"top7","eeg_tb_ratio_precond;hrv_rmssd_precond;eda_sd_precond;hr_med_precond;eeg_tright_lbeta_power_precond;eeg_fl_hbeta_power_precond;eeg_fl_specent_precond"
2025-12-19 15:58:24.463174,26,"workload_label",7,8,0.06,0.622093023255814,0.656976744186046,0.623255813953488,7,"top7","eeg_tb_ratio_precond;hrv_rmssd_precond;eda_sd_precond;hr_med_precond;eeg_tright_lbeta_power_precond;eeg_fl_hbeta_power_precond;eeg_fl_specent_precond"
2025-12-19 15:58:24.575693,26,"workload_label",7,16,0.06,0.616279069767442,0.651162790697674,0.607751937984496,7,"top7","eeg_tb_ratio_precond;hrv_rmssd_precond;eda_sd_precond;hr_med_precond;eeg_tright_lbeta_power_precond;eeg_fl_hbeta_power_precond;eeg_fl_specent_precond"
2025-12-19 15:58:24.759863,26,"workload_label",7,32,0.06,0.645348837209302,0.622093023255814,NA,7,"top7","eeg_tb_ratio_precond;hrv_rmssd_precond;eda_sd_precond;hr_med_precond;eeg_tright_lbeta_power_precond;eeg_fl_hbeta_power_precond;eeg_fl_specent_precond"
2025-12-19 15:58:24.891908,26,"workload_label",7,64,0.06,0.633720930232558,0.593023255813954,NA,7,"top7","eeg_tb_ratio_precond;hrv_rmssd_precond;eda_sd_precond;hr_med_precond;eeg_tright_lbeta_power_precond;eeg_fl_hbeta_power_precond;eeg_fl_specent_precond"
2025-12-19 15:58:25.195658,26,"workload_label",7,128,0.06,0.598837209302326,0.511627906976744,NA,7,"top7","eeg_tb_ratio_precond;hrv_rmssd_precond;eda_sd_precond;hr_med_precond;eeg_tright_lbeta_power_precond;eeg_fl_hbeta_power_precond;eeg_fl_specent_precond"
2025-12-19 15:58:25.482241,26,"workload_label",7,256,0.06,0.534883720930233,0.563953488372093,NA,7,"top7","eeg_tb_ratio_precond;hrv_rmssd_precond;eda_sd_precond;hr_med_precond;eeg_tright_lbeta_power_precond;eeg_fl_hbeta_power_precond;eeg_fl_specent_precond"
2025-12-19 15:58:24.824786,26,"workload_label",7,2,0.1,0.604651162790698,0.656976744186046,0.609302325581395,7,"top7","eeg_tb_ratio_precond;hrv_rmssd_precond;eda_sd_precond;hr_med_precond;eeg_tright_lbeta_power_precond;eeg_fl_hbeta_power_precond;eeg_fl_specent_precond"
2025-12-19 15:58:24.875585,26,"workload_label",7,4,0.1,0.616279069767442,0.662790697674419,0.606201550387597,7,"top7","eeg_tb_ratio_precond;hrv_rmssd_precond;eda_sd_precond;hr_med_precond;eeg_tright_lbeta_power_precond;eeg_fl_hbeta_power_precond;eeg_fl_specent_precond"
2025-12-19 15:58:24.965851,26,"workload_label",7,8,0.1,0.633720930232558,0.645348837209302,NA,7,"top7","eeg_tb_ratio_precond;hrv_rmssd_precond;eda_sd_precond;hr_med_precond;eeg_tright_lbeta_power_precond;eeg_fl_hbeta_power_precond;eeg_fl_specent_precond"
2025-12-19 15:58:25.153516,26,"workload_label",7,16,0.1,0.61046511627907,0.558139534883721,NA,7,"top7","eeg_tb_ratio_precond;hrv_rmssd_precond;eda_sd_precond;hr_med_precond;eeg_tright_lbeta_power_precond;eeg_fl_hbeta_power_precond;eeg_fl_specent_precond"
2025-12-19 15:58:25.241361,26,"workload_label",7,32,0.1,0.604651162790698,0.511627906976744,0.598449612403101,7,"top7","eeg_tb_ratio_precond;hrv_rmssd_precond;eda_sd_precond;hr_med_precond;eeg_tright_lbeta_power_precond;eeg_fl_hbeta_power_precond;eeg_fl_specent_precond"
2025-12-19 15:58:25.572119,26,"workload_label",7,64,0.1,0.529069767441861,0.459302325581395,NA,7,"top7","eeg_tb_ratio_precond;hrv_rmssd_precond;eda_sd_precond;hr_med_precond;eeg_tright_lbeta_power_precond;eeg_fl_hbeta_power_precond;eeg_fl_specent_precond"
2025-12-19 15:58:25.658065,26,"workload_label",7,128,0.1,0.523255813953488,0.430232558139535,NA,7,"top7","eeg_tb_ratio_precond;hrv_rmssd_precond;eda_sd_precond;hr_med_precond;eeg_tright_lbeta_power_precond;eeg_fl_hbeta_power_precond;eeg_fl_specent_precond"
2025-12-19 15:58:25.958673,26,"workload_label",7,256,0.1,0.517441860465116,0.511627906976744,NA,7,"top7","eeg_tb_ratio_precond;hrv_rmssd_precond;eda_sd_precond;hr_med_precond;eeg_tright_lbeta_power_precond;eeg_fl_hbeta_power_precond;eeg_fl_specent_precond"
2025-12-19 15:58:27.242055,27,"workload_label",7,2,0.0078125,0.616279069767442,0.645348837209302,0.594573643410853,7,"top7","eeg_tb_ratio_precond;eeg_ab_ratio_precond;hrv_rmssd_precond;eda_sd_precond;hr_med_precond;eeg_fl_hbeta_power_precond;eeg_tright_lbeta_power_precond"
2025-12-19 15:58:27.249321,27,"workload_label",7,4,0.0078125,0.633720930232558,0.622093023255814,0.613178294573643,7,"top7","eeg_tb_ratio_precond;eeg_ab_ratio_precond;hrv_rmssd_precond;eda_sd_precond;hr_med_precond;eeg_fl_hbeta_power_precond;eeg_tright_lbeta_power_precond"
2025-12-19 15:58:27.193599,27,"workload_label",7,8,0.0078125,0.598837209302326,0.604651162790698,0.589922480620155,7,"top7","eeg_tb_ratio_precond;eeg_ab_ratio_precond;hrv_rmssd_precond;eda_sd_precond;hr_med_precond;eeg_fl_hbeta_power_precond;eeg_tright_lbeta_power_precond"
2025-12-19 15:58:27.230188,27,"workload_label",7,16,0.0078125,0.563953488372093,0.593023255813954,0.557364341085271,7,"top7","eeg_tb_ratio_precond;eeg_ab_ratio_precond;hrv_rmssd_precond;eda_sd_precond;hr_med_precond;eeg_fl_hbeta_power_precond;eeg_tright_lbeta_power_precond"
2025-12-19 15:58:27.212535,27,"workload_label",7,32,0.0078125,0.552325581395349,0.604651162790698,0.552713178294574,7,"top7","eeg_tb_ratio_precond;eeg_ab_ratio_precond;hrv_rmssd_precond;eda_sd_precond;hr_med_precond;eeg_fl_hbeta_power_precond;eeg_tright_lbeta_power_precond"
2025-12-19 15:58:27.277431,27,"workload_label",7,64,0.0078125,0.587209302325581,0.622093023255814,0.597674418604651,7,"top7","eeg_tb_ratio_precond;eeg_ab_ratio_precond;hrv_rmssd_precond;eda_sd_precond;hr_med_precond;eeg_fl_hbeta_power_precond;eeg_tright_lbeta_power_precond"
2025-12-19 15:58:27.333503,27,"workload_label",7,128,0.0078125,0.587209302325581,0.627906976744186,0.603875968992248,7,"top7","eeg_tb_ratio_precond;eeg_ab_ratio_precond;hrv_rmssd_precond;eda_sd_precond;hr_med_precond;eeg_fl_hbeta_power_precond;eeg_tright_lbeta_power_precond"
2025-12-19 15:58:27.393984,27,"workload_label",7,256,0.0078125,0.587209302325581,0.645348837209302,0.597674418604651,7,"top7","eeg_tb_ratio_precond;eeg_ab_ratio_precond;hrv_rmssd_precond;eda_sd_precond;hr_med_precond;eeg_fl_hbeta_power_precond;eeg_tright_lbeta_power_precond"
2025-12-19 15:58:27.265548,27,"workload_label",7,2,0.015625,0.622093023255814,0.61046511627907,0.606976744186047,7,"top7","eeg_tb_ratio_precond;eeg_ab_ratio_precond;hrv_rmssd_precond;eda_sd_precond;hr_med_precond;eeg_fl_hbeta_power_precond;eeg_tright_lbeta_power_precond"
2025-12-19 15:58:27.224542,27,"workload_label",7,4,0.015625,0.587209302325581,0.604651162790698,0.585271317829457,7,"top7","eeg_tb_ratio_precond;eeg_ab_ratio_precond;hrv_rmssd_precond;eda_sd_precond;hr_med_precond;eeg_fl_hbeta_power_precond;eeg_tright_lbeta_power_precond"
2025-12-19 15:58:27.214756,27,"workload_label",7,8,0.015625,0.563953488372093,0.61046511627907,0.568992248062016,7,"top7","eeg_tb_ratio_precond;eeg_ab_ratio_precond;hrv_rmssd_precond;eda_sd_precond;hr_med_precond;eeg_fl_hbeta_power_precond;eeg_tright_lbeta_power_precond"
2025-12-19 15:58:27.245553,27,"workload_label",7,16,0.015625,0.593023255813954,0.616279069767442,0.609302325581395,7,"top7","eeg_tb_ratio_precond;eeg_ab_ratio_precond;hrv_rmssd_precond;eda_sd_precond;hr_med_precond;eeg_fl_hbeta_power_precond;eeg_tright_lbeta_power_precond"
2025-12-19 15:58:27.26737,27,"workload_label",7,32,0.015625,0.598837209302326,0.622093023255814,0.611627906976744,7,"top7","eeg_tb_ratio_precond;eeg_ab_ratio_precond;hrv_rmssd_precond;eda_sd_precond;hr_med_precond;eeg_fl_hbeta_power_precond;eeg_tright_lbeta_power_precond"
2025-12-19 15:58:27.345551,27,"workload_label",7,64,0.015625,0.593023255813954,0.627906976744186,0.602325581395349,7,"top7","eeg_tb_ratio_precond;eeg_ab_ratio_precond;hrv_rmssd_precond;eda_sd_precond;hr_med_precond;eeg_fl_hbeta_power_precond;eeg_tright_lbeta_power_precond"
2025-12-19 15:58:28.432763,27,"workload_label",7,128,0.015625,0.569767441860465,0.616279069767442,NA,7,"top7","eeg_tb_ratio_precond;eeg_ab_ratio_precond;hrv_rmssd_precond;eda_sd_precond;hr_med_precond;eeg_fl_hbeta_power_precond;eeg_tright_lbeta_power_precond"
2025-12-19 15:58:28.651748,27,"workload_label",7,256,0.015625,0.563953488372093,0.581395348837209,NA,7,"top7","eeg_tb_ratio_precond;eeg_ab_ratio_precond;hrv_rmssd_precond;eda_sd_precond;hr_med_precond;eeg_fl_hbeta_power_precond;eeg_tright_lbeta_power_precond"
2025-12-19 15:58:28.267338,27,"workload_label",7,2,0.03125,0.575581395348837,0.61046511627907,0.582945736434109,7,"top7","eeg_tb_ratio_precond;eeg_ab_ratio_precond;hrv_rmssd_precond;eda_sd_precond;hr_med_precond;eeg_fl_hbeta_power_precond;eeg_tright_lbeta_power_precond"
2025-12-19 15:58:28.260379,27,"workload_label",7,4,0.03125,0.587209302325581,0.616279069767442,0.604651162790698,7,"top7","eeg_tb_ratio_precond;eeg_ab_ratio_precond;hrv_rmssd_precond;eda_sd_precond;hr_med_precond;eeg_fl_hbeta_power_precond;eeg_tright_lbeta_power_precond"
2025-12-19 15:58:28.273751,27,"workload_label",7,8,0.03125,0.61046511627907,0.627906976744186,0.612403100775194,7,"top7","eeg_tb_ratio_precond;eeg_ab_ratio_precond;hrv_rmssd_precond;eda_sd_precond;hr_med_precond;eeg_fl_hbeta_power_precond;eeg_tright_lbeta_power_precond"
2025-12-19 15:58:28.314093,27,"workload_label",7,16,0.03125,0.598837209302326,0.622093023255814,0.597674418604651,7,"top7","eeg_tb_ratio_precond;eeg_ab_ratio_precond;hrv_rmssd_precond;eda_sd_precond;hr_med_precond;eeg_fl_hbeta_power_precond;eeg_tright_lbeta_power_precond"
2025-12-19 15:58:28.36931,27,"workload_label",7,32,0.03125,0.575581395348837,0.593023255813954,NA,7,"top7","eeg_tb_ratio_precond;eeg_ab_ratio_precond;hrv_rmssd_precond;eda_sd_precond;hr_med_precond;eeg_fl_hbeta_power_precond;eeg_tright_lbeta_power_precond"
2025-12-19 15:58:28.451512,27,"workload_label",7,64,0.03125,0.558139534883721,0.581395348837209,NA,7,"top7","eeg_tb_ratio_precond;eeg_ab_ratio_precond;hrv_rmssd_precond;eda_sd_precond;hr_med_precond;eeg_fl_hbeta_power_precond;eeg_tright_lbeta_power_precond"
2025-12-19 15:58:28.660257,27,"workload_label",7,128,0.03125,0.563953488372093,0.523255813953488,NA,7,"top7","eeg_tb_ratio_precond;eeg_ab_ratio_precond;hrv_rmssd_precond;eda_sd_precond;hr_med_precond;eeg_fl_hbeta_power_precond;eeg_tright_lbeta_power_precond"
2025-12-19 15:58:28.950027,27,"workload_label",7,256,0.03125,0.534883720930233,0.540697674418605,NA,7,"top7","eeg_tb_ratio_precond;eeg_ab_ratio_precond;hrv_rmssd_precond;eda_sd_precond;hr_med_precond;eeg_fl_hbeta_power_precond;eeg_tright_lbeta_power_precond"
2025-12-19 15:58:28.342611,27,"workload_label",7,2,0.0625,0.598837209302326,0.598837209302326,0.610852713178295,7,"top7","eeg_tb_ratio_precond;eeg_ab_ratio_precond;hrv_rmssd_precond;eda_sd_precond;hr_med_precond;eeg_fl_hbeta_power_precond;eeg_tright_lbeta_power_precond"
2025-12-19 15:58:28.38599,27,"workload_label",7,4,0.0625,0.581395348837209,0.604651162790698,0.581395348837209,7,"top7","eeg_tb_ratio_precond;eeg_ab_ratio_precond;hrv_rmssd_precond;eda_sd_precond;hr_med_precond;eeg_fl_hbeta_power_precond;eeg_tright_lbeta_power_precond"
2025-12-19 15:58:28.436542,27,"workload_label",7,8,0.0625,0.593023255813954,0.587209302325581,NA,7,"top7","eeg_tb_ratio_precond;eeg_ab_ratio_precond;hrv_rmssd_precond;eda_sd_precond;hr_med_precond;eeg_fl_hbeta_power_precond;eeg_tright_lbeta_power_precond"
2025-12-19 15:58:28.559988,27,"workload_label",7,16,0.0625,0.563953488372093,0.593023255813954,NA,7,"top7","eeg_tb_ratio_precond;eeg_ab_ratio_precond;hrv_rmssd_precond;eda_sd_precond;hr_med_precond;eeg_fl_hbeta_power_precond;eeg_tright_lbeta_power_precond"
2025-12-19 15:58:29.451421,27,"workload_label",7,32,0.0625,0.529069767441861,0.569767441860465,NA,7,"top7","eeg_tb_ratio_precond;eeg_ab_ratio_precond;hrv_rmssd_precond;eda_sd_precond;hr_med_precond;eeg_fl_hbeta_power_precond;eeg_tright_lbeta_power_precond"
2025-12-19 15:58:29.581703,27,"workload_label",7,64,0.0625,0.540697674418605,0.546511627906977,0.537209302325581,7,"top7","eeg_tb_ratio_precond;eeg_ab_ratio_precond;hrv_rmssd_precond;eda_sd_precond;hr_med_precond;eeg_fl_hbeta_power_precond;eeg_tright_lbeta_power_precond"
2025-12-19 15:58:29.816309,27,"workload_label",7,128,0.0625,0.534883720930233,0.517441860465116,NA,7,"top7","eeg_tb_ratio_precond;eeg_ab_ratio_precond;hrv_rmssd_precond;eda_sd_precond;hr_med_precond;eeg_fl_hbeta_power_precond;eeg_tright_lbeta_power_precond"
2025-12-19 15:58:30.276568,27,"workload_label",7,256,0.0625,0.558139534883721,0.505813953488372,NA,7,"top7","eeg_tb_ratio_precond;eeg_ab_ratio_precond;hrv_rmssd_precond;eda_sd_precond;hr_med_precond;eeg_fl_hbeta_power_precond;eeg_tright_lbeta_power_precond"
2025-12-19 15:58:29.400562,27,"workload_label",7,2,0.125,0.598837209302326,0.616279069767442,0.594573643410853,7,"top7","eeg_tb_ratio_precond;eeg_ab_ratio_precond;hrv_rmssd_precond;eda_sd_precond;hr_med_precond;eeg_fl_hbeta_power_precond;eeg_tright_lbeta_power_precond"
2025-12-19 15:58:29.45148,27,"workload_label",7,4,0.125,0.569767441860465,0.61046511627907,NA,7,"top7","eeg_tb_ratio_precond;eeg_ab_ratio_precond;hrv_rmssd_precond;eda_sd_precond;hr_med_precond;eeg_fl_hbeta_power_precond;eeg_tright_lbeta_power_precond"
2025-12-19 15:58:29.4939,27,"workload_label",7,8,0.125,0.546511627906977,0.598837209302326,NA,7,"top7","eeg_tb_ratio_precond;eeg_ab_ratio_precond;hrv_rmssd_precond;eda_sd_precond;hr_med_precond;eeg_fl_hbeta_power_precond;eeg_tright_lbeta_power_precond"
2025-12-19 15:58:29.853335,27,"workload_label",7,16,0.125,0.529069767441861,0.529069767441861,NA,7,"top7","eeg_tb_ratio_precond;eeg_ab_ratio_precond;hrv_rmssd_precond;eda_sd_precond;hr_med_precond;eeg_fl_hbeta_power_precond;eeg_tright_lbeta_power_precond"
2025-12-19 15:58:29.735866,27,"workload_label",7,32,0.125,0.540697674418605,0.529069767441861,NA,7,"top7","eeg_tb_ratio_precond;eeg_ab_ratio_precond;hrv_rmssd_precond;eda_sd_precond;hr_med_precond;eeg_fl_hbeta_power_precond;eeg_tright_lbeta_power_precond"
2025-12-19 15:58:29.912059,27,"workload_label",7,64,0.125,0.558139534883721,0.505813953488372,NA,7,"top7","eeg_tb_ratio_precond;eeg_ab_ratio_precond;hrv_rmssd_precond;eda_sd_precond;hr_med_precond;eeg_fl_hbeta_power_precond;eeg_tright_lbeta_power_precond"
2025-12-19 15:58:30.180494,27,"workload_label",7,128,0.125,0.534883720930233,0.558139534883721,NA,7,"top7","eeg_tb_ratio_precond;eeg_ab_ratio_precond;hrv_rmssd_precond;eda_sd_precond;hr_med_precond;eeg_fl_hbeta_power_precond;eeg_tright_lbeta_power_precond"
2025-12-19 15:58:30.473827,27,"workload_label",7,256,0.125,0.540697674418605,0.511627906976744,NA,7,"top7","eeg_tb_ratio_precond;eeg_ab_ratio_precond;hrv_rmssd_precond;eda_sd_precond;hr_med_precond;eeg_fl_hbeta_power_precond;eeg_tright_lbeta_power_precond"
2025-12-19 15:58:29.686446,27,"workload_label",7,2,0.03,0.575581395348837,0.61046511627907,0.582945736434109,7,"top7","eeg_tb_ratio_precond;eeg_ab_ratio_precond;hrv_rmssd_precond;eda_sd_precond;hr_med_precond;eeg_fl_hbeta_power_precond;eeg_tright_lbeta_power_precond"
2025-12-19 15:58:30.010473,27,"workload_label",7,4,0.03,0.593023255813954,0.616279069767442,0.608527131782946,7,"top7","eeg_tb_ratio_precond;eeg_ab_ratio_precond;hrv_rmssd_precond;eda_sd_precond;hr_med_precond;eeg_fl_hbeta_power_precond;eeg_tright_lbeta_power_precond"
2025-12-19 15:58:30.446549,27,"workload_label",7,8,0.03,0.598837209302326,0.627906976744186,0.59922480620155,7,"top7","eeg_tb_ratio_precond;eeg_ab_ratio_precond;hrv_rmssd_precond;eda_sd_precond;hr_med_precond;eeg_fl_hbeta_power_precond;eeg_tright_lbeta_power_precond"
2025-12-19 15:58:30.531822,27,"workload_label",7,16,0.03,0.598837209302326,0.622093023255814,0.597674418604651,7,"top7","eeg_tb_ratio_precond;eeg_ab_ratio_precond;hrv_rmssd_precond;eda_sd_precond;hr_med_precond;eeg_fl_hbeta_power_precond;eeg_tright_lbeta_power_precond"
2025-12-19 15:58:30.551226,27,"workload_label",7,32,0.03,0.587209302325581,0.593023255813954,NA,7,"top7","eeg_tb_ratio_precond;eeg_ab_ratio_precond;hrv_rmssd_precond;eda_sd_precond;hr_med_precond;eeg_fl_hbeta_power_precond;eeg_tright_lbeta_power_precond"
2025-12-19 15:58:30.720565,27,"workload_label",7,64,0.03,0.575581395348837,0.581395348837209,NA,7,"top7","eeg_tb_ratio_precond;eeg_ab_ratio_precond;hrv_rmssd_precond;eda_sd_precond;hr_med_precond;eeg_fl_hbeta_power_precond;eeg_tright_lbeta_power_precond"
2025-12-19 15:58:30.996905,27,"workload_label",7,128,0.03,0.563953488372093,0.587209302325581,NA,7,"top7","eeg_tb_ratio_precond;eeg_ab_ratio_precond;hrv_rmssd_precond;eda_sd_precond;hr_med_precond;eeg_fl_hbeta_power_precond;eeg_tright_lbeta_power_precond"
2025-12-19 15:58:31.295335,27,"workload_label",7,256,0.03,0.540697674418605,0.534883720930233,NA,7,"top7","eeg_tb_ratio_precond;eeg_ab_ratio_precond;hrv_rmssd_precond;eda_sd_precond;hr_med_precond;eeg_fl_hbeta_power_precond;eeg_tright_lbeta_power_precond"
2025-12-19 15:58:30.783671,27,"workload_label",7,2,0.06,0.598837209302326,0.61046511627907,0.610852713178295,7,"top7","eeg_tb_ratio_precond;eeg_ab_ratio_precond;hrv_rmssd_precond;eda_sd_precond;hr_med_precond;eeg_fl_hbeta_power_precond;eeg_tright_lbeta_power_precond"
2025-12-19 15:58:30.882261,27,"workload_label",7,4,0.06,0.575581395348837,0.604651162790698,0.574418604651163,7,"top7","eeg_tb_ratio_precond;eeg_ab_ratio_precond;hrv_rmssd_precond;eda_sd_precond;hr_med_precond;eeg_fl_hbeta_power_precond;eeg_tright_lbeta_power_precond"
2025-12-19 15:58:30.932042,27,"workload_label",7,8,0.06,0.587209302325581,0.593023255813954,NA,7,"top7","eeg_tb_ratio_precond;eeg_ab_ratio_precond;hrv_rmssd_precond;eda_sd_precond;hr_med_precond;eeg_fl_hbeta_power_precond;eeg_tright_lbeta_power_precond"
2025-12-19 15:58:31.064542,27,"workload_label",7,16,0.06,0.563953488372093,0.593023255813954,NA,7,"top7","eeg_tb_ratio_precond;eeg_ab_ratio_precond;hrv_rmssd_precond;eda_sd_precond;hr_med_precond;eeg_fl_hbeta_power_precond;eeg_tright_lbeta_power_precond"
2025-12-19 15:58:31.201117,27,"workload_label",7,32,0.06,0.540697674418605,0.569767441860465,NA,7,"top7","eeg_tb_ratio_precond;eeg_ab_ratio_precond;hrv_rmssd_precond;eda_sd_precond;hr_med_precond;eeg_fl_hbeta_power_precond;eeg_tright_lbeta_power_precond"
2025-12-19 15:58:31.460066,27,"workload_label",7,64,0.06,0.540697674418605,0.552325581395349,0.537984496124031,7,"top7","eeg_tb_ratio_precond;eeg_ab_ratio_precond;hrv_rmssd_precond;eda_sd_precond;hr_med_precond;eeg_fl_hbeta_power_precond;eeg_tright_lbeta_power_precond"
2025-12-19 15:58:31.685337,27,"workload_label",7,128,0.06,0.534883720930233,0.488372093023256,NA,7,"top7","eeg_tb_ratio_precond;eeg_ab_ratio_precond;hrv_rmssd_precond;eda_sd_precond;hr_med_precond;eeg_fl_hbeta_power_precond;eeg_tright_lbeta_power_precond"
2025-12-19 15:58:32.072477,27,"workload_label",7,256,0.06,0.534883720930233,0.540697674418605,NA,7,"top7","eeg_tb_ratio_precond;eeg_ab_ratio_precond;hrv_rmssd_precond;eda_sd_precond;hr_med_precond;eeg_fl_hbeta_power_precond;eeg_tright_lbeta_power_precond"
2025-12-19 15:58:31.460516,27,"workload_label",7,2,0.1,0.598837209302326,0.61046511627907,0.601550387596899,7,"top7","eeg_tb_ratio_precond;eeg_ab_ratio_precond;hrv_rmssd_precond;eda_sd_precond;hr_med_precond;eeg_fl_hbeta_power_precond;eeg_tright_lbeta_power_precond"
2025-12-19 15:58:31.529016,27,"workload_label",7,4,0.1,0.581395348837209,0.598837209302326,NA,7,"top7","eeg_tb_ratio_precond;eeg_ab_ratio_precond;hrv_rmssd_precond;eda_sd_precond;hr_med_precond;eeg_fl_hbeta_power_precond;eeg_tright_lbeta_power_precond"
2025-12-19 15:58:31.579506,27,"workload_label",7,8,0.1,0.569767441860465,0.604651162790698,NA,7,"top7","eeg_tb_ratio_precond;eeg_ab_ratio_precond;hrv_rmssd_precond;eda_sd_precond;hr_med_precond;eeg_fl_hbeta_power_precond;eeg_tright_lbeta_power_precond"
2025-12-19 15:58:31.722905,27,"workload_label",7,16,0.1,0.540697674418605,0.558139534883721,NA,7,"top7","eeg_tb_ratio_precond;eeg_ab_ratio_precond;hrv_rmssd_precond;eda_sd_precond;hr_med_precond;eeg_fl_hbeta_power_precond;eeg_tright_lbeta_power_precond"
2025-12-19 15:58:31.824973,27,"workload_label",7,32,0.1,0.534883720930233,0.540697674418605,NA,7,"top7","eeg_tb_ratio_precond;eeg_ab_ratio_precond;hrv_rmssd_precond;eda_sd_precond;hr_med_precond;eeg_fl_hbeta_power_precond;eeg_tright_lbeta_power_precond"
2025-12-19 15:58:32.005177,27,"workload_label",7,64,0.1,0.534883720930233,0.534883720930233,NA,7,"top7","eeg_tb_ratio_precond;eeg_ab_ratio_precond;hrv_rmssd_precond;eda_sd_precond;hr_med_precond;eeg_fl_hbeta_power_precond;eeg_tright_lbeta_power_precond"
2025-12-19 15:58:32.187756,27,"workload_label",7,128,0.1,0.540697674418605,0.529069767441861,NA,7,"top7","eeg_tb_ratio_precond;eeg_ab_ratio_precond;hrv_rmssd_precond;eda_sd_precond;hr_med_precond;eeg_fl_hbeta_power_precond;eeg_tright_lbeta_power_precond"
2025-12-19 15:58:32.293314,27,"workload_label",7,256,0.1,0.534883720930233,0.593023255813954,NA,7,"top7","eeg_tb_ratio_precond;eeg_ab_ratio_precond;hrv_rmssd_precond;eda_sd_precond;hr_med_precond;eeg_fl_hbeta_power_precond;eeg_tright_lbeta_power_precond"
2025-12-19 15:58:33.544372,28,"workload_label",7,2,0.0078125,0.63953488372093,0.633720930232558,0.621705426356589,7,"top7","eeg_tb_ratio_precond;eeg_ab_ratio_precond;hrv_rmssd_precond;hr_med_precond;eda_sd_precond;eeg_fl_hbeta_power_precond;eeg_tright_lbeta_power_precond"
2025-12-19 15:58:33.522961,28,"workload_label",7,4,0.0078125,0.651162790697674,0.651162790697674,0.632558139534884,7,"top7","eeg_tb_ratio_precond;eeg_ab_ratio_precond;hrv_rmssd_precond;hr_med_precond;eda_sd_precond;eeg_fl_hbeta_power_precond;eeg_tright_lbeta_power_precond"
2025-12-19 15:58:33.540153,28,"workload_label",7,8,0.0078125,0.63953488372093,0.63953488372093,0.618604651162791,7,"top7","eeg_tb_ratio_precond;eeg_ab_ratio_precond;hrv_rmssd_precond;hr_med_precond;eda_sd_precond;eeg_fl_hbeta_power_precond;eeg_tright_lbeta_power_precond"
2025-12-19 15:58:33.508208,28,"workload_label",7,16,0.0078125,0.61046511627907,0.622093023255814,0.602325581395349,7,"top7","eeg_tb_ratio_precond;eeg_ab_ratio_precond;hrv_rmssd_precond;hr_med_precond;eda_sd_precond;eeg_fl_hbeta_power_precond;eeg_tright_lbeta_power_precond"
2025-12-19 15:58:33.542942,28,"workload_label",7,32,0.0078125,0.604651162790698,0.598837209302326,0.610852713178295,7,"top7","eeg_tb_ratio_precond;eeg_ab_ratio_precond;hrv_rmssd_precond;hr_med_precond;eda_sd_precond;eeg_fl_hbeta_power_precond;eeg_tright_lbeta_power_precond"
2025-12-19 15:58:33.575352,28,"workload_label",7,64,0.0078125,0.540697674418605,0.604651162790698,0.551937984496124,7,"top7","eeg_tb_ratio_precond;eeg_ab_ratio_precond;hrv_rmssd_precond;hr_med_precond;eda_sd_precond;eeg_fl_hbeta_power_precond;eeg_tright_lbeta_power_precond"
2025-12-19 15:58:33.598646,28,"workload_label",7,128,0.0078125,0.569767441860465,0.616279069767442,0.568992248062016,7,"top7","eeg_tb_ratio_precond;eeg_ab_ratio_precond;hrv_rmssd_precond;hr_med_precond;eda_sd_precond;eeg_fl_hbeta_power_precond;eeg_tright_lbeta_power_precond"
2025-12-19 15:58:33.718917,28,"workload_label",7,256,0.0078125,0.587209302325581,0.622093023255814,0.585271317829457,7,"top7","eeg_tb_ratio_precond;eeg_ab_ratio_precond;hrv_rmssd_precond;hr_med_precond;eda_sd_precond;eeg_fl_hbeta_power_precond;eeg_tright_lbeta_power_precond"
2025-12-19 15:58:33.531534,28,"workload_label",7,2,0.015625,0.651162790697674,0.63953488372093,0.632558139534884,7,"top7","eeg_tb_ratio_precond;eeg_ab_ratio_precond;hrv_rmssd_precond;hr_med_precond;eda_sd_precond;eeg_fl_hbeta_power_precond;eeg_tright_lbeta_power_precond"
2025-12-19 15:58:33.518513,28,"workload_label",7,4,0.015625,0.645348837209302,0.63953488372093,0.631782945736434,7,"top7","eeg_tb_ratio_precond;eeg_ab_ratio_precond;hrv_rmssd_precond;hr_med_precond;eda_sd_precond;eeg_fl_hbeta_power_precond;eeg_tright_lbeta_power_precond"
2025-12-19 15:58:33.502768,28,"workload_label",7,8,0.015625,0.598837209302326,0.604651162790698,0.59922480620155,7,"top7","eeg_tb_ratio_precond;eeg_ab_ratio_precond;hrv_rmssd_precond;hr_med_precond;eda_sd_precond;eeg_fl_hbeta_power_precond;eeg_tright_lbeta_power_precond"
2025-12-19 15:58:33.530428,28,"workload_label",7,16,0.015625,0.563953488372093,0.604651162790698,0.571317829457364,7,"top7","eeg_tb_ratio_precond;eeg_ab_ratio_precond;hrv_rmssd_precond;hr_med_precond;eda_sd_precond;eeg_fl_hbeta_power_precond;eeg_tright_lbeta_power_precond"
2025-12-19 15:58:33.560701,28,"workload_label",7,32,0.015625,0.575581395348837,0.616279069767442,0.575968992248062,7,"top7","eeg_tb_ratio_precond;eeg_ab_ratio_precond;hrv_rmssd_precond;hr_med_precond;eda_sd_precond;eeg_fl_hbeta_power_precond;eeg_tright_lbeta_power_precond"
2025-12-19 15:58:33.621427,28,"workload_label",7,64,0.015625,0.593023255813954,0.622093023255814,0.594573643410853,7,"top7","eeg_tb_ratio_precond;eeg_ab_ratio_precond;hrv_rmssd_precond;hr_med_precond;eda_sd_precond;eeg_fl_hbeta_power_precond;eeg_tright_lbeta_power_precond"
2025-12-19 15:58:34.732504,28,"workload_label",7,128,0.015625,0.575581395348837,0.616279069767442,NA,7,"top7","eeg_tb_ratio_precond;eeg_ab_ratio_precond;hrv_rmssd_precond;hr_med_precond;eda_sd_precond;eeg_fl_hbeta_power_precond;eeg_tright_lbeta_power_precond"
2025-12-19 15:58:34.882596,28,"workload_label",7,256,0.015625,0.563953488372093,0.593023255813954,NA,7,"top7","eeg_tb_ratio_precond;eeg_ab_ratio_precond;hrv_rmssd_precond;hr_med_precond;eda_sd_precond;eeg_fl_hbeta_power_precond;eeg_tright_lbeta_power_precond"
2025-12-19 15:58:34.581087,28,"workload_label",7,2,0.03125,0.627906976744186,0.627906976744186,0.626356589147287,7,"top7","eeg_tb_ratio_precond;eeg_ab_ratio_precond;hrv_rmssd_precond;hr_med_precond;eda_sd_precond;eeg_fl_hbeta_power_precond;eeg_tright_lbeta_power_precond"
2025-12-19 15:58:34.570799,28,"workload_label",7,4,0.03125,0.581395348837209,0.616279069767442,0.592248062015504,7,"top7","eeg_tb_ratio_precond;eeg_ab_ratio_precond;hrv_rmssd_precond;hr_med_precond;eda_sd_precond;eeg_fl_hbeta_power_precond;eeg_tright_lbeta_power_precond"
2025-12-19 15:58:34.612646,28,"workload_label",7,8,0.03125,0.587209302325581,0.61046511627907,0.589922480620155,7,"top7","eeg_tb_ratio_precond;eeg_ab_ratio_precond;hrv_rmssd_precond;hr_med_precond;eda_sd_precond;eeg_fl_hbeta_power_precond;eeg_tright_lbeta_power_precond"
2025-12-19 15:58:34.641187,28,"workload_label",7,16,0.03125,0.598837209302326,0.627906976744186,0.603100775193798,7,"top7","eeg_tb_ratio_precond;eeg_ab_ratio_precond;hrv_rmssd_precond;hr_med_precond;eda_sd_precond;eeg_fl_hbeta_power_precond;eeg_tright_lbeta_power_precond"
2025-12-19 15:58:34.659855,28,"workload_label",7,32,0.03125,0.581395348837209,0.616279069767442,NA,7,"top7","eeg_tb_ratio_precond;eeg_ab_ratio_precond;hrv_rmssd_precond;hr_med_precond;eda_sd_precond;eeg_fl_hbeta_power_precond;eeg_tright_lbeta_power_precond"
2025-12-19 15:58:34.755804,28,"workload_label",7,64,0.03125,0.552325581395349,0.593023255813954,NA,7,"top7","eeg_tb_ratio_precond;eeg_ab_ratio_precond;hrv_rmssd_precond;hr_med_precond;eda_sd_precond;eeg_fl_hbeta_power_precond;eeg_tright_lbeta_power_precond"
2025-12-19 15:58:34.927032,28,"workload_label",7,128,0.03125,0.534883720930233,0.575581395348837,NA,7,"top7","eeg_tb_ratio_precond;eeg_ab_ratio_precond;hrv_rmssd_precond;hr_med_precond;eda_sd_precond;eeg_fl_hbeta_power_precond;eeg_tright_lbeta_power_precond"
2025-12-19 15:58:35.241641,28,"workload_label",7,256,0.03125,0.563953488372093,0.575581395348837,NA,7,"top7","eeg_tb_ratio_precond;eeg_ab_ratio_precond;hrv_rmssd_precond;hr_med_precond;eda_sd_precond;eeg_fl_hbeta_power_precond;eeg_tright_lbeta_power_precond"
2025-12-19 15:58:34.681055,28,"workload_label",7,2,0.0625,0.61046511627907,0.622093023255814,0.623255813953488,7,"top7","eeg_tb_ratio_precond;eeg_ab_ratio_precond;hrv_rmssd_precond;hr_med_precond;eda_sd_precond;eeg_fl_hbeta_power_precond;eeg_tright_lbeta_power_precond"
2025-12-19 15:58:34.675582,28,"workload_label",7,4,0.0625,0.598837209302326,0.616279069767442,0.601550387596899,7,"top7","eeg_tb_ratio_precond;eeg_ab_ratio_precond;hrv_rmssd_precond;hr_med_precond;eda_sd_precond;eeg_fl_hbeta_power_precond;eeg_tright_lbeta_power_precond"
2025-12-19 15:58:34.702159,28,"workload_label",7,8,0.0625,0.587209302325581,0.604651162790698,NA,7,"top7","eeg_tb_ratio_precond;eeg_ab_ratio_precond;hrv_rmssd_precond;hr_med_precond;eda_sd_precond;eeg_fl_hbeta_power_precond;eeg_tright_lbeta_power_precond"
2025-12-19 15:58:34.855876,28,"workload_label",7,16,0.0625,0.534883720930233,0.575581395348837,NA,7,"top7","eeg_tb_ratio_precond;eeg_ab_ratio_precond;hrv_rmssd_precond;hr_med_precond;eda_sd_precond;eeg_fl_hbeta_power_precond;eeg_tright_lbeta_power_precond"
2025-12-19 15:58:35.770404,28,"workload_label",7,32,0.0625,0.540697674418605,0.581395348837209,NA,7,"top7","eeg_tb_ratio_precond;eeg_ab_ratio_precond;hrv_rmssd_precond;hr_med_precond;eda_sd_precond;eeg_fl_hbeta_power_precond;eeg_tright_lbeta_power_precond"
2025-12-19 15:58:35.850781,28,"workload_label",7,64,0.0625,0.569767441860465,0.593023255813954,0.55968992248062,7,"top7","eeg_tb_ratio_precond;eeg_ab_ratio_precond;hrv_rmssd_precond;hr_med_precond;eda_sd_precond;eeg_fl_hbeta_power_precond;eeg_tright_lbeta_power_precond"
2025-12-19 15:58:36.178387,28,"workload_label",7,128,0.0625,0.546511627906977,0.5,0.544186046511628,7,"top7","eeg_tb_ratio_precond;eeg_ab_ratio_precond;hrv_rmssd_precond;hr_med_precond;eda_sd_precond;eeg_fl_hbeta_power_precond;eeg_tright_lbeta_power_precond"
2025-12-19 15:58:36.526889,28,"workload_label",7,256,0.0625,0.546511627906977,0.482558139534884,0.549612403100775,7,"top7","eeg_tb_ratio_precond;eeg_ab_ratio_precond;hrv_rmssd_precond;hr_med_precond;eda_sd_precond;eeg_fl_hbeta_power_precond;eeg_tright_lbeta_power_precond"
2025-12-19 15:58:35.730631,28,"workload_label",7,2,0.125,0.575581395348837,0.61046511627907,NA,7,"top7","eeg_tb_ratio_precond;eeg_ab_ratio_precond;hrv_rmssd_precond;hr_med_precond;eda_sd_precond;eeg_fl_hbeta_power_precond;eeg_tright_lbeta_power_precond"
2025-12-19 15:58:35.736304,28,"workload_label",7,4,0.125,0.540697674418605,0.616279069767442,NA,7,"top7","eeg_tb_ratio_precond;eeg_ab_ratio_precond;hrv_rmssd_precond;hr_med_precond;eda_sd_precond;eeg_fl_hbeta_power_precond;eeg_tright_lbeta_power_precond"
2025-12-19 15:58:36.007229,28,"workload_label",7,8,0.125,0.546511627906977,0.569767441860465,NA,7,"top7","eeg_tb_ratio_precond;eeg_ab_ratio_precond;hrv_rmssd_precond;hr_med_precond;eda_sd_precond;eeg_fl_hbeta_power_precond;eeg_tright_lbeta_power_precond"
2025-12-19 15:58:35.86702,28,"workload_label",7,16,0.125,0.569767441860465,0.575581395348837,0.557364341085271,7,"top7","eeg_tb_ratio_precond;eeg_ab_ratio_precond;hrv_rmssd_precond;hr_med_precond;eda_sd_precond;eeg_fl_hbeta_power_precond;eeg_tright_lbeta_power_precond"
2025-12-19 15:58:35.988027,28,"workload_label",7,32,0.125,0.558139534883721,0.563953488372093,0.544961240310078,7,"top7","eeg_tb_ratio_precond;eeg_ab_ratio_precond;hrv_rmssd_precond;hr_med_precond;eda_sd_precond;eeg_fl_hbeta_power_precond;eeg_tright_lbeta_power_precond"
2025-12-19 15:58:36.181605,28,"workload_label",7,64,0.125,0.523255813953488,0.511627906976744,NA,7,"top7","eeg_tb_ratio_precond;eeg_ab_ratio_precond;hrv_rmssd_precond;hr_med_precond;eda_sd_precond;eeg_fl_hbeta_power_precond;eeg_tright_lbeta_power_precond"
2025-12-19 15:58:36.369181,28,"workload_label",7,128,0.125,0.529069767441861,0.476744186046512,NA,7,"top7","eeg_tb_ratio_precond;eeg_ab_ratio_precond;hrv_rmssd_precond;hr_med_precond;eda_sd_precond;eeg_fl_hbeta_power_precond;eeg_tright_lbeta_power_precond"
2025-12-19 15:58:36.507687,28,"workload_label",7,256,0.125,0.534883720930233,0.47093023255814,NA,7,"top7","eeg_tb_ratio_precond;eeg_ab_ratio_precond;hrv_rmssd_precond;hr_med_precond;eda_sd_precond;eeg_fl_hbeta_power_precond;eeg_tright_lbeta_power_precond"
2025-12-19 15:58:35.971947,28,"workload_label",7,2,0.03,0.633720930232558,0.627906976744186,0.628682170542636,7,"top7","eeg_tb_ratio_precond;eeg_ab_ratio_precond;hrv_rmssd_precond;hr_med_precond;eda_sd_precond;eeg_fl_hbeta_power_precond;eeg_tright_lbeta_power_precond"
2025-12-19 15:58:36.257438,28,"workload_label",7,4,0.03,0.581395348837209,0.622093023255814,0.592248062015504,7,"top7","eeg_tb_ratio_precond;eeg_ab_ratio_precond;hrv_rmssd_precond;hr_med_precond;eda_sd_precond;eeg_fl_hbeta_power_precond;eeg_tright_lbeta_power_precond"
2025-12-19 15:58:36.763338,28,"workload_label",7,8,0.03,0.587209302325581,0.61046511627907,0.589922480620155,7,"top7","eeg_tb_ratio_precond;eeg_ab_ratio_precond;hrv_rmssd_precond;hr_med_precond;eda_sd_precond;eeg_fl_hbeta_power_precond;eeg_tright_lbeta_power_precond"
2025-12-19 15:58:36.780899,28,"workload_label",7,16,0.03,0.593023255813954,0.627906976744186,0.595348837209302,7,"top7","eeg_tb_ratio_precond;eeg_ab_ratio_precond;hrv_rmssd_precond;hr_med_precond;eda_sd_precond;eeg_fl_hbeta_power_precond;eeg_tright_lbeta_power_precond"
2025-12-19 15:58:36.882625,28,"workload_label",7,32,0.03,0.593023255813954,0.616279069767442,NA,7,"top7","eeg_tb_ratio_precond;eeg_ab_ratio_precond;hrv_rmssd_precond;hr_med_precond;eda_sd_precond;eeg_fl_hbeta_power_precond;eeg_tright_lbeta_power_precond"
2025-12-19 15:58:37.013781,28,"workload_label",7,64,0.03,0.563953488372093,0.587209302325581,NA,7,"top7","eeg_tb_ratio_precond;eeg_ab_ratio_precond;hrv_rmssd_precond;hr_med_precond;eda_sd_precond;eeg_fl_hbeta_power_precond;eeg_tright_lbeta_power_precond"
2025-12-19 15:58:37.214351,28,"workload_label",7,128,0.03,0.534883720930233,0.534883720930233,NA,7,"top7","eeg_tb_ratio_precond;eeg_ab_ratio_precond;hrv_rmssd_precond;hr_med_precond;eda_sd_precond;eeg_fl_hbeta_power_precond;eeg_tright_lbeta_power_precond"
2025-12-19 15:58:37.584609,28,"workload_label",7,256,0.03,0.575581395348837,0.558139534883721,NA,7,"top7","eeg_tb_ratio_precond;eeg_ab_ratio_precond;hrv_rmssd_precond;hr_med_precond;eda_sd_precond;eeg_fl_hbeta_power_precond;eeg_tright_lbeta_power_precond"
2025-12-19 15:58:37.004371,28,"workload_label",7,2,0.06,0.604651162790698,0.61046511627907,0.61937984496124,7,"top7","eeg_tb_ratio_precond;eeg_ab_ratio_precond;hrv_rmssd_precond;hr_med_precond;eda_sd_precond;eeg_fl_hbeta_power_precond;eeg_tright_lbeta_power_precond"
2025-12-19 15:58:37.028957,28,"workload_label",7,4,0.06,0.598837209302326,0.616279069767442,0.601550387596899,7,"top7","eeg_tb_ratio_precond;eeg_ab_ratio_precond;hrv_rmssd_precond;hr_med_precond;eda_sd_precond;eeg_fl_hbeta_power_precond;eeg_tright_lbeta_power_precond"
2025-12-19 15:58:37.238239,28,"workload_label",7,8,0.06,0.587209302325581,0.61046511627907,NA,7,"top7","eeg_tb_ratio_precond;eeg_ab_ratio_precond;hrv_rmssd_precond;hr_med_precond;eda_sd_precond;eeg_fl_hbeta_power_precond;eeg_tright_lbeta_power_precond"
2025-12-19 15:58:37.28478,28,"workload_label",7,16,0.06,0.534883720930233,0.569767441860465,NA,7,"top7","eeg_tb_ratio_precond;eeg_ab_ratio_precond;hrv_rmssd_precond;hr_med_precond;eda_sd_precond;eeg_fl_hbeta_power_precond;eeg_tright_lbeta_power_precond"
2025-12-19 15:58:37.436593,28,"workload_label",7,32,0.06,0.534883720930233,0.587209302325581,NA,7,"top7","eeg_tb_ratio_precond;eeg_ab_ratio_precond;hrv_rmssd_precond;hr_med_precond;eda_sd_precond;eeg_fl_hbeta_power_precond;eeg_tright_lbeta_power_precond"
2025-12-19 15:58:37.686054,28,"workload_label",7,64,0.06,0.569767441860465,0.569767441860465,0.55968992248062,7,"top7","eeg_tb_ratio_precond;eeg_ab_ratio_precond;hrv_rmssd_precond;hr_med_precond;eda_sd_precond;eeg_fl_hbeta_power_precond;eeg_tright_lbeta_power_precond"
2025-12-19 15:58:37.917931,28,"workload_label",7,128,0.06,0.558139534883721,0.552325581395349,0.547286821705426,7,"top7","eeg_tb_ratio_precond;eeg_ab_ratio_precond;hrv_rmssd_precond;hr_med_precond;eda_sd_precond;eeg_fl_hbeta_power_precond;eeg_tright_lbeta_power_precond"
2025-12-19 15:58:38.112771,28,"workload_label",7,256,0.06,0.534883720930233,0.505813953488372,0.529457364341085,7,"top7","eeg_tb_ratio_precond;eeg_ab_ratio_precond;hrv_rmssd_precond;hr_med_precond;eda_sd_precond;eeg_fl_hbeta_power_precond;eeg_tright_lbeta_power_precond"
2025-12-19 15:58:37.736294,28,"workload_label",7,2,0.1,0.587209302325581,0.622093023255814,0.58062015503876,7,"top7","eeg_tb_ratio_precond;eeg_ab_ratio_precond;hrv_rmssd_precond;hr_med_precond;eda_sd_precond;eeg_fl_hbeta_power_precond;eeg_tright_lbeta_power_precond"
2025-12-19 15:58:37.772459,28,"workload_label",7,4,0.1,0.558139534883721,0.593023255813954,NA,7,"top7","eeg_tb_ratio_precond;eeg_ab_ratio_precond;hrv_rmssd_precond;hr_med_precond;eda_sd_precond;eeg_fl_hbeta_power_precond;eeg_tright_lbeta_power_precond"
2025-12-19 15:58:37.863377,28,"workload_label",7,8,0.1,0.517441860465116,0.587209302325581,NA,7,"top7","eeg_tb_ratio_precond;eeg_ab_ratio_precond;hrv_rmssd_precond;hr_med_precond;eda_sd_precond;eeg_fl_hbeta_power_precond;eeg_tright_lbeta_power_precond"
2025-12-19 15:58:37.986813,28,"workload_label",7,16,0.1,0.552325581395349,0.581395348837209,0.544186046511628,7,"top7","eeg_tb_ratio_precond;eeg_ab_ratio_precond;hrv_rmssd_precond;hr_med_precond;eda_sd_precond;eeg_fl_hbeta_power_precond;eeg_tright_lbeta_power_precond"
2025-12-19 15:58:38.078604,28,"workload_label",7,32,0.1,0.558139534883721,0.569767441860465,0.552713178294574,7,"top7","eeg_tb_ratio_precond;eeg_ab_ratio_precond;hrv_rmssd_precond;hr_med_precond;eda_sd_precond;eeg_fl_hbeta_power_precond;eeg_tright_lbeta_power_precond"
2025-12-19 15:58:38.162629,28,"workload_label",7,64,0.1,0.546511627906977,0.517441860465116,0.545736434108527,7,"top7","eeg_tb_ratio_precond;eeg_ab_ratio_precond;hrv_rmssd_precond;hr_med_precond;eda_sd_precond;eeg_fl_hbeta_power_precond;eeg_tright_lbeta_power_precond"
2025-12-19 15:58:38.400991,28,"workload_label",7,128,0.1,0.529069767441861,0.436046511627907,NA,7,"top7","eeg_tb_ratio_precond;eeg_ab_ratio_precond;hrv_rmssd_precond;hr_med_precond;eda_sd_precond;eeg_fl_hbeta_power_precond;eeg_tright_lbeta_power_precond"
2025-12-19 15:58:38.54885,28,"workload_label",7,256,0.1,0.529069767441861,0.459302325581395,NA,7,"top7","eeg_tb_ratio_precond;eeg_ab_ratio_precond;hrv_rmssd_precond;hr_med_precond;eda_sd_precond;eeg_fl_hbeta_power_precond;eeg_tright_lbeta_power_precond"
2025-12-19 15:58:39.837202,29,"workload_label",7,2,0.0078125,0.633720930232558,0.662790697674419,0.607751937984496,7,"top7","eeg_tb_ratio_precond;eeg_ab_ratio_precond;hrv_rmssd_precond;eda_sd_precond;hr_med_precond;eeg_fl_hbeta_power_precond;eeg_fl_specent_precond"
2025-12-19 15:58:39.811145,29,"workload_label",7,4,0.0078125,0.627906976744186,0.668604651162791,0.614728682170543,7,"top7","eeg_tb_ratio_precond;eeg_ab_ratio_precond;hrv_rmssd_precond;eda_sd_precond;hr_med_precond;eeg_fl_hbeta_power_precond;eeg_fl_specent_precond"
2025-12-19 15:58:39.783129,29,"workload_label",7,8,0.0078125,0.61046511627907,0.633720930232558,0.6,7,"top7","eeg_tb_ratio_precond;eeg_ab_ratio_precond;hrv_rmssd_precond;eda_sd_precond;hr_med_precond;eeg_fl_hbeta_power_precond;eeg_fl_specent_precond"
2025-12-19 15:58:39.805509,29,"workload_label",7,16,0.0078125,0.587209302325581,0.604651162790698,0.567441860465116,7,"top7","eeg_tb_ratio_precond;eeg_ab_ratio_precond;hrv_rmssd_precond;eda_sd_precond;hr_med_precond;eeg_fl_hbeta_power_precond;eeg_fl_specent_precond"
2025-12-19 15:58:39.797202,29,"workload_label",7,32,0.0078125,0.587209302325581,0.616279069767442,0.572093023255814,7,"top7","eeg_tb_ratio_precond;eeg_ab_ratio_precond;hrv_rmssd_precond;eda_sd_precond;hr_med_precond;eeg_fl_hbeta_power_precond;eeg_fl_specent_precond"
2025-12-19 15:58:39.833602,29,"workload_label",7,64,0.0078125,0.593023255813954,0.645348837209302,0.578294573643411,7,"top7","eeg_tb_ratio_precond;eeg_ab_ratio_precond;hrv_rmssd_precond;eda_sd_precond;hr_med_precond;eeg_fl_hbeta_power_precond;eeg_fl_specent_precond"
2025-12-19 15:58:39.882774,29,"workload_label",7,128,0.0078125,0.633720930232558,0.656976744186046,0.632558139534884,7,"top7","eeg_tb_ratio_precond;eeg_ab_ratio_precond;hrv_rmssd_precond;eda_sd_precond;hr_med_precond;eeg_fl_hbeta_power_precond;eeg_fl_specent_precond"
2025-12-19 15:58:39.989112,29,"workload_label",7,256,0.0078125,0.604651162790698,0.662790697674419,0.606201550387597,7,"top7","eeg_tb_ratio_precond;eeg_ab_ratio_precond;hrv_rmssd_precond;eda_sd_precond;hr_med_precond;eeg_fl_hbeta_power_precond;eeg_fl_specent_precond"
2025-12-19 15:58:39.812179,29,"workload_label",7,2,0.015625,0.627906976744186,0.662790697674419,0.614728682170543,7,"top7","eeg_tb_ratio_precond;eeg_ab_ratio_precond;hrv_rmssd_precond;eda_sd_precond;hr_med_precond;eeg_fl_hbeta_power_precond;eeg_fl_specent_precond"
2025-12-19 15:58:39.800563,29,"workload_label",7,4,0.015625,0.593023255813954,0.645348837209302,0.594573643410853,7,"top7","eeg_tb_ratio_precond;eeg_ab_ratio_precond;hrv_rmssd_precond;eda_sd_precond;hr_med_precond;eeg_fl_hbeta_power_precond;eeg_fl_specent_precond"
2025-12-19 15:58:39.775959,29,"workload_label",7,8,0.015625,0.587209302325581,0.633720930232558,0.57984496124031,7,"top7","eeg_tb_ratio_precond;eeg_ab_ratio_precond;hrv_rmssd_precond;eda_sd_precond;hr_med_precond;eeg_fl_hbeta_power_precond;eeg_fl_specent_precond"
2025-12-19 15:58:39.808682,29,"workload_label",7,16,0.015625,0.593023255813954,0.651162790697674,0.578294573643411,7,"top7","eeg_tb_ratio_precond;eeg_ab_ratio_precond;hrv_rmssd_precond;eda_sd_precond;hr_med_precond;eeg_fl_hbeta_power_precond;eeg_fl_specent_precond"
2025-12-19 15:58:39.852234,29,"workload_label",7,32,0.015625,0.622093023255814,0.668604651162791,0.626356589147287,7,"top7","eeg_tb_ratio_precond;eeg_ab_ratio_precond;hrv_rmssd_precond;eda_sd_precond;hr_med_precond;eeg_fl_hbeta_power_precond;eeg_fl_specent_precond"
2025-12-19 15:58:39.885676,29,"workload_label",7,64,0.015625,0.61046511627907,0.662790697674419,0.612403100775194,7,"top7","eeg_tb_ratio_precond;eeg_ab_ratio_precond;hrv_rmssd_precond;eda_sd_precond;hr_med_precond;eeg_fl_hbeta_power_precond;eeg_fl_specent_precond"
2025-12-19 15:58:41.001075,29,"workload_label",7,128,0.015625,0.593023255813954,0.656976744186046,0.586821705426357,7,"top7","eeg_tb_ratio_precond;eeg_ab_ratio_precond;hrv_rmssd_precond;eda_sd_precond;hr_med_precond;eeg_fl_hbeta_power_precond;eeg_fl_specent_precond"
2025-12-19 15:58:41.187131,29,"workload_label",7,256,0.015625,0.558139534883721,0.651162790697674,NA,7,"top7","eeg_tb_ratio_precond;eeg_ab_ratio_precond;hrv_rmssd_precond;eda_sd_precond;hr_med_precond;eeg_fl_hbeta_power_precond;eeg_fl_specent_precond"
2025-12-19 15:58:40.830312,29,"workload_label",7,2,0.03125,0.598837209302326,0.63953488372093,0.596899224806202,7,"top7","eeg_tb_ratio_precond;eeg_ab_ratio_precond;hrv_rmssd_precond;eda_sd_precond;hr_med_precond;eeg_fl_hbeta_power_precond;eeg_fl_specent_precond"
2025-12-19 15:58:40.848643,29,"workload_label",7,4,0.03125,0.593023255813954,0.63953488372093,0.591472868217054,7,"top7","eeg_tb_ratio_precond;eeg_ab_ratio_precond;hrv_rmssd_precond;eda_sd_precond;hr_med_precond;eeg_fl_hbeta_power_precond;eeg_fl_specent_precond"
2025-12-19 15:58:40.872158,29,"workload_label",7,8,0.03125,0.616279069767442,0.662790697674419,0.603875968992248,7,"top7","eeg_tb_ratio_precond;eeg_ab_ratio_precond;hrv_rmssd_precond;eda_sd_precond;hr_med_precond;eeg_fl_hbeta_power_precond;eeg_fl_specent_precond"
2025-12-19 15:58:40.86145,29,"workload_label",7,16,0.03125,0.622093023255814,0.662790697674419,0.623255813953488,7,"top7","eeg_tb_ratio_precond;eeg_ab_ratio_precond;hrv_rmssd_precond;eda_sd_precond;hr_med_precond;eeg_fl_hbeta_power_precond;eeg_fl_specent_precond"
2025-12-19 15:58:40.938543,29,"workload_label",7,32,0.03125,0.587209302325581,0.633720930232558,0.57984496124031,7,"top7","eeg_tb_ratio_precond;eeg_ab_ratio_precond;hrv_rmssd_precond;eda_sd_precond;hr_med_precond;eeg_fl_hbeta_power_precond;eeg_fl_specent_precond"
2025-12-19 15:58:41.02645,29,"workload_label",7,64,0.03125,0.593023255813954,0.63953488372093,0.589922480620155,7,"top7","eeg_tb_ratio_precond;eeg_ab_ratio_precond;hrv_rmssd_precond;eda_sd_precond;hr_med_precond;eeg_fl_hbeta_power_precond;eeg_fl_specent_precond"
2025-12-19 15:58:41.246267,29,"workload_label",7,128,0.03125,0.581395348837209,0.63953488372093,NA,7,"top7","eeg_tb_ratio_precond;eeg_ab_ratio_precond;hrv_rmssd_precond;eda_sd_precond;hr_med_precond;eeg_fl_hbeta_power_precond;eeg_fl_specent_precond"
2025-12-19 15:58:41.524145,29,"workload_label",7,256,0.03125,0.575581395348837,0.604651162790698,0.561240310077519,7,"top7","eeg_tb_ratio_precond;eeg_ab_ratio_precond;hrv_rmssd_precond;eda_sd_precond;hr_med_precond;eeg_fl_hbeta_power_precond;eeg_fl_specent_precond"
2025-12-19 15:58:40.886594,29,"workload_label",7,2,0.0625,0.598837209302326,0.656976744186046,0.596124031007752,7,"top7","eeg_tb_ratio_precond;eeg_ab_ratio_precond;hrv_rmssd_precond;eda_sd_precond;hr_med_precond;eeg_fl_hbeta_power_precond;eeg_fl_specent_precond"
2025-12-19 15:58:40.931518,29,"workload_label",7,4,0.0625,0.616279069767442,0.656976744186046,0.613178294573643,7,"top7","eeg_tb_ratio_precond;eeg_ab_ratio_precond;hrv_rmssd_precond;eda_sd_precond;hr_med_precond;eeg_fl_hbeta_power_precond;eeg_fl_specent_precond"
2025-12-19 15:58:40.977286,29,"workload_label",7,8,0.0625,0.587209302325581,0.63953488372093,0.576744186046512,7,"top7","eeg_tb_ratio_precond;eeg_ab_ratio_precond;hrv_rmssd_precond;eda_sd_precond;hr_med_precond;eeg_fl_hbeta_power_precond;eeg_fl_specent_precond"
2025-12-19 15:58:41.110049,29,"workload_label",7,16,0.0625,0.604651162790698,0.645348837209302,0.60077519379845,7,"top7","eeg_tb_ratio_precond;eeg_ab_ratio_precond;hrv_rmssd_precond;eda_sd_precond;hr_med_precond;eeg_fl_hbeta_power_precond;eeg_fl_specent_precond"
2025-12-19 15:58:42.008484,29,"workload_label",7,32,0.0625,0.598837209302326,0.622093023255814,NA,7,"top7","eeg_tb_ratio_precond;eeg_ab_ratio_precond;hrv_rmssd_precond;eda_sd_precond;hr_med_precond;eeg_fl_hbeta_power_precond;eeg_fl_specent_precond"
2025-12-19 15:58:42.181922,29,"workload_label",7,64,0.0625,0.587209302325581,0.616279069767442,0.582170542635659,7,"top7","eeg_tb_ratio_precond;eeg_ab_ratio_precond;hrv_rmssd_precond;eda_sd_precond;hr_med_precond;eeg_fl_hbeta_power_precond;eeg_fl_specent_precond"
2025-12-19 15:58:42.419845,29,"workload_label",7,128,0.0625,0.569767441860465,0.540697674418605,NA,7,"top7","eeg_tb_ratio_precond;eeg_ab_ratio_precond;hrv_rmssd_precond;eda_sd_precond;hr_med_precond;eeg_fl_hbeta_power_precond;eeg_fl_specent_precond"
2025-12-19 15:58:42.858136,29,"workload_label",7,256,0.0625,0.529069767441861,0.563953488372093,NA,7,"top7","eeg_tb_ratio_precond;eeg_ab_ratio_precond;hrv_rmssd_precond;eda_sd_precond;hr_med_precond;eeg_fl_hbeta_power_precond;eeg_fl_specent_precond"
2025-12-19 15:58:41.929995,29,"workload_label",7,2,0.125,0.622093023255814,0.674418604651163,0.623255813953488,7,"top7","eeg_tb_ratio_precond;eeg_ab_ratio_precond;hrv_rmssd_precond;eda_sd_precond;hr_med_precond;eeg_fl_hbeta_power_precond;eeg_fl_specent_precond"
2025-12-19 15:58:41.979818,29,"workload_label",7,4,0.125,0.598837209302326,0.651162790697674,0.586046511627907,7,"top7","eeg_tb_ratio_precond;eeg_ab_ratio_precond;hrv_rmssd_precond;eda_sd_precond;hr_med_precond;eeg_fl_hbeta_power_precond;eeg_fl_specent_precond"
2025-12-19 15:58:42.040326,29,"workload_label",7,8,0.125,0.622093023255814,0.651162790697674,0.606201550387597,7,"top7","eeg_tb_ratio_precond;eeg_ab_ratio_precond;hrv_rmssd_precond;eda_sd_precond;hr_med_precond;eeg_fl_hbeta_power_precond;eeg_fl_specent_precond"
2025-12-19 15:58:42.098301,29,"workload_label",7,16,0.125,0.61046511627907,0.598837209302326,0.601550387596899,7,"top7","eeg_tb_ratio_precond;eeg_ab_ratio_precond;hrv_rmssd_precond;eda_sd_precond;hr_med_precond;eeg_fl_hbeta_power_precond;eeg_fl_specent_precond"
2025-12-19 15:58:42.295062,29,"workload_label",7,32,0.125,0.598837209302326,0.563953488372093,0.586046511627907,7,"top7","eeg_tb_ratio_precond;eeg_ab_ratio_precond;hrv_rmssd_precond;eda_sd_precond;hr_med_precond;eeg_fl_hbeta_power_precond;eeg_fl_specent_precond"
2025-12-19 15:58:42.490053,29,"workload_label",7,64,0.125,0.540697674418605,0.546511627906977,NA,7,"top7","eeg_tb_ratio_precond;eeg_ab_ratio_precond;hrv_rmssd_precond;eda_sd_precond;hr_med_precond;eeg_fl_hbeta_power_precond;eeg_fl_specent_precond"
2025-12-19 15:58:42.748911,29,"workload_label",7,128,0.125,0.529069767441861,0.517441860465116,NA,7,"top7","eeg_tb_ratio_precond;eeg_ab_ratio_precond;hrv_rmssd_precond;eda_sd_precond;hr_med_precond;eeg_fl_hbeta_power_precond;eeg_fl_specent_precond"
2025-12-19 15:58:42.96081,29,"workload_label",7,256,0.125,0.546511627906977,0.575581395348837,NA,7,"top7","eeg_tb_ratio_precond;eeg_ab_ratio_precond;hrv_rmssd_precond;eda_sd_precond;hr_med_precond;eeg_fl_hbeta_power_precond;eeg_fl_specent_precond"
2025-12-19 15:58:42.281471,29,"workload_label",7,2,0.03,0.598837209302326,0.63953488372093,0.596899224806202,7,"top7","eeg_tb_ratio_precond;eeg_ab_ratio_precond;hrv_rmssd_precond;eda_sd_precond;hr_med_precond;eeg_fl_hbeta_power_precond;eeg_fl_specent_precond"
2025-12-19 15:58:42.529153,29,"workload_label",7,4,0.03,0.593023255813954,0.63953488372093,0.582170542635659,7,"top7","eeg_tb_ratio_precond;eeg_ab_ratio_precond;hrv_rmssd_precond;eda_sd_precond;hr_med_precond;eeg_fl_hbeta_power_precond;eeg_fl_specent_precond"
2025-12-19 15:58:42.96315,29,"workload_label",7,8,0.03,0.61046511627907,0.656976744186046,0.59922480620155,7,"top7","eeg_tb_ratio_precond;eeg_ab_ratio_precond;hrv_rmssd_precond;eda_sd_precond;hr_med_precond;eeg_fl_hbeta_power_precond;eeg_fl_specent_precond"
2025-12-19 15:58:43.035625,29,"workload_label",7,16,0.03,0.622093023255814,0.651162790697674,0.623255813953488,7,"top7","eeg_tb_ratio_precond;eeg_ab_ratio_precond;hrv_rmssd_precond;eda_sd_precond;hr_med_precond;eeg_fl_hbeta_power_precond;eeg_fl_specent_precond"
2025-12-19 15:58:43.089948,29,"workload_label",7,32,0.03,0.593023255813954,0.645348837209302,0.589147286821705,7,"top7","eeg_tb_ratio_precond;eeg_ab_ratio_precond;hrv_rmssd_precond;eda_sd_precond;hr_med_precond;eeg_fl_hbeta_power_precond;eeg_fl_specent_precond"
2025-12-19 15:58:43.250058,29,"workload_label",7,64,0.03,0.587209302325581,0.627906976744186,0.582945736434109,7,"top7","eeg_tb_ratio_precond;eeg_ab_ratio_precond;hrv_rmssd_precond;eda_sd_precond;hr_med_precond;eeg_fl_hbeta_power_precond;eeg_fl_specent_precond"
2025-12-19 15:58:43.448948,29,"workload_label",7,128,0.03,0.581395348837209,0.627906976744186,0.582170542635659,7,"top7","eeg_tb_ratio_precond;eeg_ab_ratio_precond;hrv_rmssd_precond;eda_sd_precond;hr_med_precond;eeg_fl_hbeta_power_precond;eeg_fl_specent_precond"
2025-12-19 15:58:43.85219,29,"workload_label",7,256,0.03,0.575581395348837,0.616279069767442,0.561240310077519,7,"top7","eeg_tb_ratio_precond;eeg_ab_ratio_precond;hrv_rmssd_precond;eda_sd_precond;hr_med_precond;eeg_fl_hbeta_power_precond;eeg_fl_specent_precond"
2025-12-19 15:58:43.315384,29,"workload_label",7,2,0.06,0.598837209302326,0.656976744186046,0.596124031007752,7,"top7","eeg_tb_ratio_precond;eeg_ab_ratio_precond;hrv_rmssd_precond;eda_sd_precond;hr_med_precond;eeg_fl_hbeta_power_precond;eeg_fl_specent_precond"
2025-12-19 15:58:43.338157,29,"workload_label",7,4,0.06,0.61046511627907,0.656976744186046,0.606976744186047,7,"top7","eeg_tb_ratio_precond;eeg_ab_ratio_precond;hrv_rmssd_precond;eda_sd_precond;hr_med_precond;eeg_fl_hbeta_power_precond;eeg_fl_specent_precond"
2025-12-19 15:58:43.487686,29,"workload_label",7,8,0.06,0.581395348837209,0.63953488372093,0.574418604651163,7,"top7","eeg_tb_ratio_precond;eeg_ab_ratio_precond;hrv_rmssd_precond;eda_sd_precond;hr_med_precond;eeg_fl_hbeta_power_precond;eeg_fl_specent_precond"
2025-12-19 15:58:43.580321,29,"workload_label",7,16,0.06,0.598837209302326,0.651162790697674,0.593798449612403,7,"top7","eeg_tb_ratio_precond;eeg_ab_ratio_precond;hrv_rmssd_precond;eda_sd_precond;hr_med_precond;eeg_fl_hbeta_power_precond;eeg_fl_specent_precond"
2025-12-19 15:58:43.699688,29,"workload_label",7,32,0.06,0.598837209302326,0.616279069767442,NA,7,"top7","eeg_tb_ratio_precond;eeg_ab_ratio_precond;hrv_rmssd_precond;eda_sd_precond;hr_med_precond;eeg_fl_hbeta_power_precond;eeg_fl_specent_precond"
2025-12-19 15:58:44.02251,29,"workload_label",7,64,0.06,0.587209302325581,0.616279069767442,0.582170542635659,7,"top7","eeg_tb_ratio_precond;eeg_ab_ratio_precond;hrv_rmssd_precond;eda_sd_precond;hr_med_precond;eeg_fl_hbeta_power_precond;eeg_fl_specent_precond"
2025-12-19 15:58:44.279587,29,"workload_label",7,128,0.06,0.563953488372093,0.587209302325581,NA,7,"top7","eeg_tb_ratio_precond;eeg_ab_ratio_precond;hrv_rmssd_precond;eda_sd_precond;hr_med_precond;eeg_fl_hbeta_power_precond;eeg_fl_specent_precond"
2025-12-19 15:58:44.609048,29,"workload_label",7,256,0.06,0.534883720930233,0.546511627906977,NA,7,"top7","eeg_tb_ratio_precond;eeg_ab_ratio_precond;hrv_rmssd_precond;eda_sd_precond;hr_med_precond;eeg_fl_hbeta_power_precond;eeg_fl_specent_precond"
2025-12-19 15:58:43.953121,29,"workload_label",7,2,0.1,0.616279069767442,0.674418604651163,0.608527131782946,7,"top7","eeg_tb_ratio_precond;eeg_ab_ratio_precond;hrv_rmssd_precond;eda_sd_precond;hr_med_precond;eeg_fl_hbeta_power_precond;eeg_fl_specent_precond"
2025-12-19 15:58:44.060452,29,"workload_label",7,4,0.1,0.61046511627907,0.651162790697674,0.597674418604651,7,"top7","eeg_tb_ratio_precond;eeg_ab_ratio_precond;hrv_rmssd_precond;eda_sd_precond;hr_med_precond;eeg_fl_hbeta_power_precond;eeg_fl_specent_precond"
2025-12-19 15:58:44.095862,29,"workload_label",7,8,0.1,0.587209302325581,0.651162790697674,0.58062015503876,7,"top7","eeg_tb_ratio_precond;eeg_ab_ratio_precond;hrv_rmssd_precond;eda_sd_precond;hr_med_precond;eeg_fl_hbeta_power_precond;eeg_fl_specent_precond"
2025-12-19 15:58:44.268738,29,"workload_label",7,16,0.1,0.593023255813954,0.627906976744186,0.588372093023256,7,"top7","eeg_tb_ratio_precond;eeg_ab_ratio_precond;hrv_rmssd_precond;eda_sd_precond;hr_med_precond;eeg_fl_hbeta_power_precond;eeg_fl_specent_precond"
2025-12-19 15:58:44.356052,29,"workload_label",7,32,0.1,0.593023255813954,0.587209302325581,0.586821705426357,7,"top7","eeg_tb_ratio_precond;eeg_ab_ratio_precond;hrv_rmssd_precond;eda_sd_precond;hr_med_precond;eeg_fl_hbeta_power_precond;eeg_fl_specent_precond"
2025-12-19 15:58:44.475135,29,"workload_label",7,64,0.1,0.575581395348837,0.587209302325581,0.561240310077519,7,"top7","eeg_tb_ratio_precond;eeg_ab_ratio_precond;hrv_rmssd_precond;eda_sd_precond;hr_med_precond;eeg_fl_hbeta_power_precond;eeg_fl_specent_precond"
2025-12-19 15:58:44.696109,29,"workload_label",7,128,0.1,0.534883720930233,0.581395348837209,NA,7,"top7","eeg_tb_ratio_precond;eeg_ab_ratio_precond;hrv_rmssd_precond;eda_sd_precond;hr_med_precond;eeg_fl_hbeta_power_precond;eeg_fl_specent_precond"
2025-12-19 15:58:44.870347,29,"workload_label",7,256,0.1,0.529069767441861,0.546511627906977,NA,7,"top7","eeg_tb_ratio_precond;eeg_ab_ratio_precond;hrv_rmssd_precond;eda_sd_precond;hr_med_precond;eeg_fl_hbeta_power_precond;eeg_fl_specent_precond"
2025-12-19 15:58:46.151263,30,"workload_label",7,2,0.0078125,0.61046511627907,0.645348837209302,0.58062015503876,7,"top7","eeg_tb_ratio_precond;eeg_ab_ratio_precond;hrv_rmssd_precond;eda_sd_precond;hr_med_precond;eeg_fl_hbeta_power_precond;eeg_tright_lbeta_power_precond"
2025-12-19 15:58:46.13943,30,"workload_label",7,4,0.0078125,0.61046511627907,0.61046511627907,0.586046511627907,7,"top7","eeg_tb_ratio_precond;eeg_ab_ratio_precond;hrv_rmssd_precond;eda_sd_precond;hr_med_precond;eeg_fl_hbeta_power_precond;eeg_tright_lbeta_power_precond"
2025-12-19 15:58:46.154608,30,"workload_label",7,8,0.0078125,0.587209302325581,0.604651162790698,0.565891472868217,7,"top7","eeg_tb_ratio_precond;eeg_ab_ratio_precond;hrv_rmssd_precond;eda_sd_precond;hr_med_precond;eeg_fl_hbeta_power_precond;eeg_tright_lbeta_power_precond"
2025-12-19 15:58:46.114358,30,"workload_label",7,16,0.0078125,0.575581395348837,0.587209302325581,0.555813953488372,7,"top7","eeg_tb_ratio_precond;eeg_ab_ratio_precond;hrv_rmssd_precond;eda_sd_precond;hr_med_precond;eeg_fl_hbeta_power_precond;eeg_tright_lbeta_power_precond"
2025-12-19 15:58:46.145845,30,"workload_label",7,32,0.0078125,0.546511627906977,0.575581395348837,0.546511627906977,7,"top7","eeg_tb_ratio_precond;eeg_ab_ratio_precond;hrv_rmssd_precond;eda_sd_precond;hr_med_precond;eeg_fl_hbeta_power_precond;eeg_tright_lbeta_power_precond"
2025-12-19 15:58:46.166494,30,"workload_label",7,64,0.0078125,0.552325581395349,0.622093023255814,0.555038759689922,7,"top7","eeg_tb_ratio_precond;eeg_ab_ratio_precond;hrv_rmssd_precond;eda_sd_precond;hr_med_precond;eeg_fl_hbeta_power_precond;eeg_tright_lbeta_power_precond"
2025-12-19 15:58:46.235444,30,"workload_label",7,128,0.0078125,0.552325581395349,0.645348837209302,0.563565891472868,7,"top7","eeg_tb_ratio_precond;eeg_ab_ratio_precond;hrv_rmssd_precond;eda_sd_precond;hr_med_precond;eeg_fl_hbeta_power_precond;eeg_tright_lbeta_power_precond"
2025-12-19 15:58:46.34128,30,"workload_label",7,256,0.0078125,0.575581395348837,0.633720930232558,0.590697674418605,7,"top7","eeg_tb_ratio_precond;eeg_ab_ratio_precond;hrv_rmssd_precond;eda_sd_precond;hr_med_precond;eeg_fl_hbeta_power_precond;eeg_tright_lbeta_power_precond"
2025-12-19 15:58:46.18385,30,"workload_label",7,2,0.015625,0.604651162790698,0.622093023255814,0.589147286821705,7,"top7","eeg_tb_ratio_precond;eeg_ab_ratio_precond;hrv_rmssd_precond;eda_sd_precond;hr_med_precond;eeg_fl_hbeta_power_precond;eeg_tright_lbeta_power_precond"
2025-12-19 15:58:46.1364,30,"workload_label",7,4,0.015625,0.593023255813954,0.598837209302326,0.57984496124031,7,"top7","eeg_tb_ratio_precond;eeg_ab_ratio_precond;hrv_rmssd_precond;eda_sd_precond;hr_med_precond;eeg_fl_hbeta_power_precond;eeg_tright_lbeta_power_precond"
2025-12-19 15:58:46.189839,30,"workload_label",7,8,0.015625,0.540697674418605,0.575581395348837,0.53953488372093,7,"top7","eeg_tb_ratio_precond;eeg_ab_ratio_precond;hrv_rmssd_precond;eda_sd_precond;hr_med_precond;eeg_fl_hbeta_power_precond;eeg_tright_lbeta_power_precond"
2025-12-19 15:58:46.124574,30,"workload_label",7,16,0.015625,0.558139534883721,0.622093023255814,0.567441860465116,7,"top7","eeg_tb_ratio_precond;eeg_ab_ratio_precond;hrv_rmssd_precond;eda_sd_precond;hr_med_precond;eeg_fl_hbeta_power_precond;eeg_tright_lbeta_power_precond"
2025-12-19 15:58:46.185603,30,"workload_label",7,32,0.015625,0.569767441860465,0.645348837209302,0.578294573643411,7,"top7","eeg_tb_ratio_precond;eeg_ab_ratio_precond;hrv_rmssd_precond;eda_sd_precond;hr_med_precond;eeg_fl_hbeta_power_precond;eeg_tright_lbeta_power_precond"
2025-12-19 15:58:46.201489,30,"workload_label",7,64,0.015625,0.575581395348837,0.633720930232558,0.584496124031008,7,"top7","eeg_tb_ratio_precond;eeg_ab_ratio_precond;hrv_rmssd_precond;eda_sd_precond;hr_med_precond;eeg_fl_hbeta_power_precond;eeg_tright_lbeta_power_precond"
2025-12-19 15:58:47.358304,30,"workload_label",7,128,0.015625,0.563953488372093,0.581395348837209,0.566666666666667,7,"top7","eeg_tb_ratio_precond;eeg_ab_ratio_precond;hrv_rmssd_precond;eda_sd_precond;hr_med_precond;eeg_fl_hbeta_power_precond;eeg_tright_lbeta_power_precond"
2025-12-19 15:58:47.585072,30,"workload_label",7,256,0.015625,0.569767441860465,0.563953488372093,NA,7,"top7","eeg_tb_ratio_precond;eeg_ab_ratio_precond;hrv_rmssd_precond;eda_sd_precond;hr_med_precond;eeg_fl_hbeta_power_precond;eeg_tright_lbeta_power_precond"
2025-12-19 15:58:47.165946,30,"workload_label",7,2,0.03125,0.569767441860465,0.598837209302326,0.568992248062016,7,"top7","eeg_tb_ratio_precond;eeg_ab_ratio_precond;hrv_rmssd_precond;eda_sd_precond;hr_med_precond;eeg_fl_hbeta_power_precond;eeg_tright_lbeta_power_precond"
2025-12-19 15:58:47.189484,30,"workload_label",7,4,0.03125,0.552325581395349,0.598837209302326,0.562790697674419,7,"top7","eeg_tb_ratio_precond;eeg_ab_ratio_precond;hrv_rmssd_precond;eda_sd_precond;hr_med_precond;eeg_fl_hbeta_power_precond;eeg_tright_lbeta_power_precond"
2025-12-19 15:58:47.215132,30,"workload_label",7,8,0.03125,0.569767441860465,0.645348837209302,0.57984496124031,7,"top7","eeg_tb_ratio_precond;eeg_ab_ratio_precond;hrv_rmssd_precond;eda_sd_precond;hr_med_precond;eeg_fl_hbeta_power_precond;eeg_tright_lbeta_power_precond"
2025-12-19 15:58:47.245252,30,"workload_label",7,16,0.03125,0.575581395348837,0.633720930232558,0.582170542635659,7,"top7","eeg_tb_ratio_precond;eeg_ab_ratio_precond;hrv_rmssd_precond;eda_sd_precond;hr_med_precond;eeg_fl_hbeta_power_precond;eeg_tright_lbeta_power_precond"
2025-12-19 15:58:47.32277,30,"workload_label",7,32,0.03125,0.563953488372093,0.581395348837209,NA,7,"top7","eeg_tb_ratio_precond;eeg_ab_ratio_precond;hrv_rmssd_precond;eda_sd_precond;hr_med_precond;eeg_fl_hbeta_power_precond;eeg_tright_lbeta_power_precond"
2025-12-19 15:58:47.433495,30,"workload_label",7,64,0.03125,0.563953488372093,0.563953488372093,NA,7,"top7","eeg_tb_ratio_precond;eeg_ab_ratio_precond;hrv_rmssd_precond;eda_sd_precond;hr_med_precond;eeg_fl_hbeta_power_precond;eeg_tright_lbeta_power_precond"
2025-12-19 15:58:47.578566,30,"workload_label",7,128,0.03125,0.558139534883721,0.569767441860465,NA,7,"top7","eeg_tb_ratio_precond;eeg_ab_ratio_precond;hrv_rmssd_precond;eda_sd_precond;hr_med_precond;eeg_fl_hbeta_power_precond;eeg_tright_lbeta_power_precond"
2025-12-19 15:58:47.879135,30,"workload_label",7,256,0.03125,0.558139534883721,0.587209302325581,NA,7,"top7","eeg_tb_ratio_precond;eeg_ab_ratio_precond;hrv_rmssd_precond;eda_sd_precond;hr_med_precond;eeg_fl_hbeta_power_precond;eeg_tright_lbeta_power_precond"
2025-12-19 15:58:47.265006,30,"workload_label",7,2,0.0625,0.569767441860465,0.593023255813954,0.57984496124031,7,"top7","eeg_tb_ratio_precond;eeg_ab_ratio_precond;hrv_rmssd_precond;eda_sd_precond;hr_med_precond;eeg_fl_hbeta_power_precond;eeg_tright_lbeta_power_precond"
2025-12-19 15:58:47.265956,30,"workload_label",7,4,0.0625,0.569767441860465,0.593023255813954,0.569767441860465,7,"top7","eeg_tb_ratio_precond;eeg_ab_ratio_precond;hrv_rmssd_precond;eda_sd_precond;hr_med_precond;eeg_fl_hbeta_power_precond;eeg_tright_lbeta_power_precond"
2025-12-19 15:58:47.331938,30,"workload_label",7,8,0.0625,0.563953488372093,0.581395348837209,NA,7,"top7","eeg_tb_ratio_precond;eeg_ab_ratio_precond;hrv_rmssd_precond;eda_sd_precond;hr_med_precond;eeg_fl_hbeta_power_precond;eeg_tright_lbeta_power_precond"
2025-12-19 15:58:47.508242,30,"workload_label",7,16,0.0625,0.534883720930233,0.581395348837209,NA,7,"top7","eeg_tb_ratio_precond;eeg_ab_ratio_precond;hrv_rmssd_precond;eda_sd_precond;hr_med_precond;eeg_fl_hbeta_power_precond;eeg_tright_lbeta_power_precond"
2025-12-19 15:58:48.369418,30,"workload_label",7,32,0.0625,0.534883720930233,0.552325581395349,NA,7,"top7","eeg_tb_ratio_precond;eeg_ab_ratio_precond;hrv_rmssd_precond;eda_sd_precond;hr_med_precond;eeg_fl_hbeta_power_precond;eeg_tright_lbeta_power_precond"
2025-12-19 15:58:48.544212,30,"workload_label",7,64,0.0625,0.546511627906977,0.511627906976744,NA,7,"top7","eeg_tb_ratio_precond;eeg_ab_ratio_precond;hrv_rmssd_precond;eda_sd_precond;hr_med_precond;eeg_fl_hbeta_power_precond;eeg_tright_lbeta_power_precond"
2025-12-19 15:58:48.766185,30,"workload_label",7,128,0.0625,0.523255813953488,0.511627906976744,NA,7,"top7","eeg_tb_ratio_precond;eeg_ab_ratio_precond;hrv_rmssd_precond;eda_sd_precond;hr_med_precond;eeg_fl_hbeta_power_precond;eeg_tright_lbeta_power_precond"
2025-12-19 15:58:49.104904,30,"workload_label",7,256,0.0625,0.552325581395349,0.47093023255814,0.556589147286822,7,"top7","eeg_tb_ratio_precond;eeg_ab_ratio_precond;hrv_rmssd_precond;eda_sd_precond;hr_med_precond;eeg_fl_hbeta_power_precond;eeg_tright_lbeta_power_precond"
2025-12-19 15:58:48.341991,30,"workload_label",7,2,0.125,0.558139534883721,0.598837209302326,0.552713178294574,7,"top7","eeg_tb_ratio_precond;eeg_ab_ratio_precond;hrv_rmssd_precond;eda_sd_precond;hr_med_precond;eeg_fl_hbeta_power_precond;eeg_tright_lbeta_power_precond"
2025-12-19 15:58:48.403679,30,"workload_label",7,4,0.125,0.534883720930233,0.569767441860465,NA,7,"top7","eeg_tb_ratio_precond;eeg_ab_ratio_precond;hrv_rmssd_precond;eda_sd_precond;hr_med_precond;eeg_fl_hbeta_power_precond;eeg_tright_lbeta_power_precond"
2025-12-19 15:58:48.44922,30,"workload_label",7,8,0.125,0.546511627906977,0.558139534883721,NA,7,"top7","eeg_tb_ratio_precond;eeg_ab_ratio_precond;hrv_rmssd_precond;eda_sd_precond;hr_med_precond;eeg_fl_hbeta_power_precond;eeg_tright_lbeta_power_precond"
2025-12-19 15:58:48.514993,30,"workload_label",7,16,0.125,0.540697674418605,0.476744186046512,NA,7,"top7","eeg_tb_ratio_precond;eeg_ab_ratio_precond;hrv_rmssd_precond;eda_sd_precond;hr_med_precond;eeg_fl_hbeta_power_precond;eeg_tright_lbeta_power_precond"
2025-12-19 15:58:48.630263,30,"workload_label",7,32,0.125,0.546511627906977,0.534883720930233,NA,7,"top7","eeg_tb_ratio_precond;eeg_ab_ratio_precond;hrv_rmssd_precond;eda_sd_precond;hr_med_precond;eeg_fl_hbeta_power_precond;eeg_tright_lbeta_power_precond"
2025-12-19 15:58:48.855367,30,"workload_label",7,64,0.125,0.546511627906977,0.482558139534884,NA,7,"top7","eeg_tb_ratio_precond;eeg_ab_ratio_precond;hrv_rmssd_precond;eda_sd_precond;hr_med_precond;eeg_fl_hbeta_power_precond;eeg_tright_lbeta_power_precond"
2025-12-19 15:58:49.051879,30,"workload_label",7,128,0.125,0.540697674418605,0.517441860465116,NA,7,"top7","eeg_tb_ratio_precond;eeg_ab_ratio_precond;hrv_rmssd_precond;eda_sd_precond;hr_med_precond;eeg_fl_hbeta_power_precond;eeg_tright_lbeta_power_precond"
2025-12-19 15:58:49.203615,30,"workload_label",7,256,0.125,0.529069767441861,0.494186046511628,NA,7,"top7","eeg_tb_ratio_precond;eeg_ab_ratio_precond;hrv_rmssd_precond;eda_sd_precond;hr_med_precond;eeg_fl_hbeta_power_precond;eeg_tright_lbeta_power_precond"
2025-12-19 15:58:48.626449,30,"workload_label",7,2,0.03,0.569767441860465,0.604651162790698,0.568992248062016,7,"top7","eeg_tb_ratio_precond;eeg_ab_ratio_precond;hrv_rmssd_precond;eda_sd_precond;hr_med_precond;eeg_fl_hbeta_power_precond;eeg_tright_lbeta_power_precond"
2025-12-19 15:58:48.920313,30,"workload_label",7,4,0.03,0.546511627906977,0.593023255813954,0.553488372093023,7,"top7","eeg_tb_ratio_precond;eeg_ab_ratio_precond;hrv_rmssd_precond;eda_sd_precond;hr_med_precond;eeg_fl_hbeta_power_precond;eeg_tright_lbeta_power_precond"
2025-12-19 15:58:49.384972,30,"workload_label",7,8,0.03,0.575581395348837,0.645348837209302,0.589147286821705,7,"top7","eeg_tb_ratio_precond;eeg_ab_ratio_precond;hrv_rmssd_precond;eda_sd_precond;hr_med_precond;eeg_fl_hbeta_power_precond;eeg_tright_lbeta_power_precond"
2025-12-19 15:58:49.424019,30,"workload_label",7,16,0.03,0.575581395348837,0.633720930232558,0.575193798449612,7,"top7","eeg_tb_ratio_precond;eeg_ab_ratio_precond;hrv_rmssd_precond;eda_sd_precond;hr_med_precond;eeg_fl_hbeta_power_precond;eeg_tright_lbeta_power_precond"
2025-12-19 15:58:49.521692,30,"workload_label",7,32,0.03,0.558139534883721,0.581395348837209,NA,7,"top7","eeg_tb_ratio_precond;eeg_ab_ratio_precond;hrv_rmssd_precond;eda_sd_precond;hr_med_precond;eeg_fl_hbeta_power_precond;eeg_tright_lbeta_power_precond"
2025-12-19 15:58:49.625761,30,"workload_label",7,64,0.03,0.563953488372093,0.563953488372093,NA,7,"top7","eeg_tb_ratio_precond;eeg_ab_ratio_precond;hrv_rmssd_precond;eda_sd_precond;hr_med_precond;eeg_fl_hbeta_power_precond;eeg_tright_lbeta_power_precond"
2025-12-19 15:58:49.884207,30,"workload_label",7,128,0.03,0.558139534883721,0.581395348837209,NA,7,"top7","eeg_tb_ratio_precond;eeg_ab_ratio_precond;hrv_rmssd_precond;eda_sd_precond;hr_med_precond;eeg_fl_hbeta_power_precond;eeg_tright_lbeta_power_precond"
2025-12-19 15:58:50.154512,30,"workload_label",7,256,0.03,0.563953488372093,0.598837209302326,NA,7,"top7","eeg_tb_ratio_precond;eeg_ab_ratio_precond;hrv_rmssd_precond;eda_sd_precond;hr_med_precond;eeg_fl_hbeta_power_precond;eeg_tright_lbeta_power_precond"
2025-12-19 15:58:49.678955,30,"workload_label",7,2,0.06,0.569767441860465,0.604651162790698,0.57984496124031,7,"top7","eeg_tb_ratio_precond;eeg_ab_ratio_precond;hrv_rmssd_precond;eda_sd_precond;hr_med_precond;eeg_fl_hbeta_power_precond;eeg_tright_lbeta_power_precond"
2025-12-19 15:58:49.685444,30,"workload_label",7,4,0.06,0.569767441860465,0.598837209302326,0.571317829457364,7,"top7","eeg_tb_ratio_precond;eeg_ab_ratio_precond;hrv_rmssd_precond;eda_sd_precond;hr_med_precond;eeg_fl_hbeta_power_precond;eeg_tright_lbeta_power_precond"
2025-12-19 15:58:49.84872,30,"workload_label",7,8,0.06,0.563953488372093,0.593023255813954,NA,7,"top7","eeg_tb_ratio_precond;eeg_ab_ratio_precond;hrv_rmssd_precond;eda_sd_precond;hr_med_precond;eeg_fl_hbeta_power_precond;eeg_tright_lbeta_power_precond"
2025-12-19 15:58:49.966398,30,"workload_label",7,16,0.06,0.540697674418605,0.575581395348837,NA,7,"top7","eeg_tb_ratio_precond;eeg_ab_ratio_precond;hrv_rmssd_precond;eda_sd_precond;hr_med_precond;eeg_fl_hbeta_power_precond;eeg_tright_lbeta_power_precond"
2025-12-19 15:58:50.066221,30,"workload_label",7,32,0.06,0.540697674418605,0.563953488372093,NA,7,"top7","eeg_tb_ratio_precond;eeg_ab_ratio_precond;hrv_rmssd_precond;eda_sd_precond;hr_med_precond;eeg_fl_hbeta_power_precond;eeg_tright_lbeta_power_precond"
2025-12-19 15:58:50.312249,30,"workload_label",7,64,0.06,0.534883720930233,0.529069767441861,NA,7,"top7","eeg_tb_ratio_precond;eeg_ab_ratio_precond;hrv_rmssd_precond;eda_sd_precond;hr_med_precond;eeg_fl_hbeta_power_precond;eeg_tright_lbeta_power_precond"
2025-12-19 15:58:50.531904,30,"workload_label",7,128,0.06,0.523255813953488,0.5,NA,7,"top7","eeg_tb_ratio_precond;eeg_ab_ratio_precond;hrv_rmssd_precond;eda_sd_precond;hr_med_precond;eeg_fl_hbeta_power_precond;eeg_tright_lbeta_power_precond"
2025-12-19 15:58:50.807159,30,"workload_label",7,256,0.06,0.558139534883721,0.488372093023256,0.563565891472868,7,"top7","eeg_tb_ratio_precond;eeg_ab_ratio_precond;hrv_rmssd_precond;eda_sd_precond;hr_med_precond;eeg_fl_hbeta_power_precond;eeg_tright_lbeta_power_precond"
2025-12-19 15:58:50.353315,30,"workload_label",7,2,0.1,0.563953488372093,0.581395348837209,0.558139534883721,7,"top7","eeg_tb_ratio_precond;eeg_ab_ratio_precond;hrv_rmssd_precond;eda_sd_precond;hr_med_precond;eeg_fl_hbeta_power_precond;eeg_tright_lbeta_power_precond"
2025-12-19 15:58:50.439721,30,"workload_label",7,4,0.1,0.552325581395349,0.569767441860465,NA,7,"top7","eeg_tb_ratio_precond;eeg_ab_ratio_precond;hrv_rmssd_precond;eda_sd_precond;hr_med_precond;eeg_fl_hbeta_power_precond;eeg_tright_lbeta_power_precond"
2025-12-19 15:58:50.518979,30,"workload_label",7,8,0.1,0.523255813953488,0.546511627906977,NA,7,"top7","eeg_tb_ratio_precond;eeg_ab_ratio_precond;hrv_rmssd_precond;eda_sd_precond;hr_med_precond;eeg_fl_hbeta_power_precond;eeg_tright_lbeta_power_precond"
2025-12-19 15:58:50.639848,30,"workload_label",7,16,0.1,0.534883720930233,0.517441860465116,NA,7,"top7","eeg_tb_ratio_precond;eeg_ab_ratio_precond;hrv_rmssd_precond;eda_sd_precond;hr_med_precond;eeg_fl_hbeta_power_precond;eeg_tright_lbeta_power_precond"
2025-12-19 15:58:50.715863,30,"workload_label",7,32,0.1,0.523255813953488,0.488372093023256,NA,7,"top7","eeg_tb_ratio_precond;eeg_ab_ratio_precond;hrv_rmssd_precond;eda_sd_precond;hr_med_precond;eeg_fl_hbeta_power_precond;eeg_tright_lbeta_power_precond"
2025-12-19 15:58:50.857322,30,"workload_label",7,64,0.1,0.552325581395349,0.540697674418605,NA,7,"top7","eeg_tb_ratio_precond;eeg_ab_ratio_precond;hrv_rmssd_precond;eda_sd_precond;hr_med_precond;eeg_fl_hbeta_power_precond;eeg_tright_lbeta_power_precond"
2025-12-19 15:58:51.102543,30,"workload_label",7,128,0.1,0.540697674418605,0.5,NA,7,"top7","eeg_tb_ratio_precond;eeg_ab_ratio_precond;hrv_rmssd_precond;eda_sd_precond;hr_med_precond;eeg_fl_hbeta_power_precond;eeg_tright_lbeta_power_precond"
2025-12-19 15:58:51.223386,30,"workload_label",7,256,0.1,0.540697674418605,0.517441860465116,NA,7,"top7","eeg_tb_ratio_precond;eeg_ab_ratio_precond;hrv_rmssd_precond;eda_sd_precond;hr_med_precond;eeg_fl_hbeta_power_precond;eeg_tright_lbeta_power_precond"
2025-12-19 15:58:52.503796,31,"workload_label",7,2,0.0078125,0.604651162790698,0.627906976744186,0.573643410852713,7,"top7","eeg_tb_ratio_precond;eeg_ab_ratio_precond;hrv_rmssd_precond;eda_sd_precond;hr_med_precond;eeg_fl_hbeta_power_precond;eeg_tright_lbeta_power_precond"
2025-12-19 15:58:52.456597,31,"workload_label",7,4,0.0078125,0.61046511627907,0.622093023255814,0.593798449612403,7,"top7","eeg_tb_ratio_precond;eeg_ab_ratio_precond;hrv_rmssd_precond;eda_sd_precond;hr_med_precond;eeg_fl_hbeta_power_precond;eeg_tright_lbeta_power_precond"
2025-12-19 15:58:52.501062,31,"workload_label",7,8,0.0078125,0.593023255813954,0.604651162790698,0.573643410852713,7,"top7","eeg_tb_ratio_precond;eeg_ab_ratio_precond;hrv_rmssd_precond;eda_sd_precond;hr_med_precond;eeg_fl_hbeta_power_precond;eeg_tright_lbeta_power_precond"
2025-12-19 15:58:52.508689,31,"workload_label",7,16,0.0078125,0.569767441860465,0.587209302325581,0.551937984496124,7,"top7","eeg_tb_ratio_precond;eeg_ab_ratio_precond;hrv_rmssd_precond;eda_sd_precond;hr_med_precond;eeg_fl_hbeta_power_precond;eeg_tright_lbeta_power_precond"
2025-12-19 15:58:52.484,31,"workload_label",7,32,0.0078125,0.540697674418605,0.575581395348837,0.537209302325581,7,"top7","eeg_tb_ratio_precond;eeg_ab_ratio_precond;hrv_rmssd_precond;eda_sd_precond;hr_med_precond;eeg_fl_hbeta_power_precond;eeg_tright_lbeta_power_precond"
2025-12-19 15:58:52.547845,31,"workload_label",7,64,0.0078125,0.563953488372093,0.627906976744186,0.562015503875969,7,"top7","eeg_tb_ratio_precond;eeg_ab_ratio_precond;hrv_rmssd_precond;eda_sd_precond;hr_med_precond;eeg_fl_hbeta_power_precond;eeg_tright_lbeta_power_precond"
2025-12-19 15:58:52.554011,31,"workload_label",7,128,0.0078125,0.593023255813954,0.627906976744186,0.594573643410853,7,"top7","eeg_tb_ratio_precond;eeg_ab_ratio_precond;hrv_rmssd_precond;eda_sd_precond;hr_med_precond;eeg_fl_hbeta_power_precond;eeg_tright_lbeta_power_precond"
2025-12-19 15:58:52.683365,31,"workload_label",7,256,0.0078125,0.61046511627907,0.627906976744186,0.609302325581395,7,"top7","eeg_tb_ratio_precond;eeg_ab_ratio_precond;hrv_rmssd_precond;eda_sd_precond;hr_med_precond;eeg_fl_hbeta_power_precond;eeg_tright_lbeta_power_precond"
2025-12-19 15:58:52.487184,31,"workload_label",7,2,0.015625,0.598837209302326,0.616279069767442,0.582170542635659,7,"top7","eeg_tb_ratio_precond;eeg_ab_ratio_precond;hrv_rmssd_precond;eda_sd_precond;hr_med_precond;eeg_fl_hbeta_power_precond;eeg_tright_lbeta_power_precond"
2025-12-19 15:58:52.425619,31,"workload_label",7,4,0.015625,0.581395348837209,0.61046511627907,0.572868217054264,7,"top7","eeg_tb_ratio_precond;eeg_ab_ratio_precond;hrv_rmssd_precond;eda_sd_precond;hr_med_precond;eeg_fl_hbeta_power_precond;eeg_tright_lbeta_power_precond"
2025-12-19 15:58:52.473719,31,"workload_label",7,8,0.015625,0.552325581395349,0.593023255813954,0.553488372093023,7,"top7","eeg_tb_ratio_precond;eeg_ab_ratio_precond;hrv_rmssd_precond;eda_sd_precond;hr_med_precond;eeg_fl_hbeta_power_precond;eeg_tright_lbeta_power_precond"
2025-12-19 15:58:52.497161,31,"workload_label",7,16,0.015625,0.558139534883721,0.61046511627907,0.564341085271318,7,"top7","eeg_tb_ratio_precond;eeg_ab_ratio_precond;hrv_rmssd_precond;eda_sd_precond;hr_med_precond;eeg_fl_hbeta_power_precond;eeg_tright_lbeta_power_precond"
2025-12-19 15:58:52.503896,31,"workload_label",7,32,0.015625,0.598837209302326,0.633720930232558,0.594573643410853,7,"top7","eeg_tb_ratio_precond;eeg_ab_ratio_precond;hrv_rmssd_precond;eda_sd_precond;hr_med_precond;eeg_fl_hbeta_power_precond;eeg_tright_lbeta_power_precond"
2025-12-19 15:58:52.581283,31,"workload_label",7,64,0.015625,0.598837209302326,0.633720930232558,0.598449612403101,7,"top7","eeg_tb_ratio_precond;eeg_ab_ratio_precond;hrv_rmssd_precond;eda_sd_precond;hr_med_precond;eeg_fl_hbeta_power_precond;eeg_tright_lbeta_power_precond"
2025-12-19 15:58:53.631291,31,"workload_label",7,128,0.015625,0.563953488372093,0.593023255813954,NA,7,"top7","eeg_tb_ratio_precond;eeg_ab_ratio_precond;hrv_rmssd_precond;eda_sd_precond;hr_med_precond;eeg_fl_hbeta_power_precond;eeg_tright_lbeta_power_precond"
2025-12-19 15:58:53.859168,31,"workload_label",7,256,0.015625,0.540697674418605,0.546511627906977,NA,7,"top7","eeg_tb_ratio_precond;eeg_ab_ratio_precond;hrv_rmssd_precond;eda_sd_precond;hr_med_precond;eeg_fl_hbeta_power_precond;eeg_tright_lbeta_power_precond"
2025-12-19 15:58:53.534225,31,"workload_label",7,2,0.03125,0.575581395348837,0.622093023255814,0.569767441860465,7,"top7","eeg_tb_ratio_precond;eeg_ab_ratio_precond;hrv_rmssd_precond;eda_sd_precond;hr_med_precond;eeg_fl_hbeta_power_precond;eeg_tright_lbeta_power_precond"
2025-12-19 15:58:53.561372,31,"workload_label",7,4,0.03125,0.558139534883721,0.593023255813954,0.567441860465116,7,"top7","eeg_tb_ratio_precond;eeg_ab_ratio_precond;hrv_rmssd_precond;eda_sd_precond;hr_med_precond;eeg_fl_hbeta_power_precond;eeg_tright_lbeta_power_precond"
2025-12-19 15:58:53.545422,31,"workload_label",7,8,0.03125,0.604651162790698,0.633720930232558,0.603875968992248,7,"top7","eeg_tb_ratio_precond;eeg_ab_ratio_precond;hrv_rmssd_precond;eda_sd_precond;hr_med_precond;eeg_fl_hbeta_power_precond;eeg_tright_lbeta_power_precond"
2025-12-19 15:58:53.566994,31,"workload_label",7,16,0.03125,0.593023255813954,0.633720930232558,0.587596899224806,7,"top7","eeg_tb_ratio_precond;eeg_ab_ratio_precond;hrv_rmssd_precond;eda_sd_precond;hr_med_precond;eeg_fl_hbeta_power_precond;eeg_tright_lbeta_power_precond"
2025-12-19 15:58:53.657032,31,"workload_label",7,32,0.03125,0.552325581395349,0.575581395348837,NA,7,"top7","eeg_tb_ratio_precond;eeg_ab_ratio_precond;hrv_rmssd_precond;eda_sd_precond;hr_med_precond;eeg_fl_hbeta_power_precond;eeg_tright_lbeta_power_precond"
2025-12-19 15:58:53.733695,31,"workload_label",7,64,0.03125,0.534883720930233,0.558139534883721,NA,7,"top7","eeg_tb_ratio_precond;eeg_ab_ratio_precond;hrv_rmssd_precond;eda_sd_precond;hr_med_precond;eeg_fl_hbeta_power_precond;eeg_tright_lbeta_power_precond"
2025-12-19 15:58:53.911182,31,"workload_label",7,128,0.03125,0.529069767441861,0.552325581395349,NA,7,"top7","eeg_tb_ratio_precond;eeg_ab_ratio_precond;hrv_rmssd_precond;eda_sd_precond;hr_med_precond;eeg_fl_hbeta_power_precond;eeg_tright_lbeta_power_precond"
2025-12-19 15:58:54.202714,31,"workload_label",7,256,0.03125,0.546511627906977,0.529069767441861,NA,7,"top7","eeg_tb_ratio_precond;eeg_ab_ratio_precond;hrv_rmssd_precond;eda_sd_precond;hr_med_precond;eeg_fl_hbeta_power_precond;eeg_tright_lbeta_power_precond"
2025-12-19 15:58:53.590587,31,"workload_label",7,2,0.0625,0.581395348837209,0.604651162790698,0.588372093023256,7,"top7","eeg_tb_ratio_precond;eeg_ab_ratio_precond;hrv_rmssd_precond;eda_sd_precond;hr_med_precond;eeg_fl_hbeta_power_precond;eeg_tright_lbeta_power_precond"
2025-12-19 15:58:53.621188,31,"workload_label",7,4,0.0625,0.587209302325581,0.61046511627907,0.582945736434109,7,"top7","eeg_tb_ratio_precond;eeg_ab_ratio_precond;hrv_rmssd_precond;eda_sd_precond;hr_med_precond;eeg_fl_hbeta_power_precond;eeg_tright_lbeta_power_precond"
2025-12-19 15:58:53.660494,31,"workload_label",7,8,0.0625,0.546511627906977,0.569767441860465,NA,7,"top7","eeg_tb_ratio_precond;eeg_ab_ratio_precond;hrv_rmssd_precond;eda_sd_precond;hr_med_precond;eeg_fl_hbeta_power_precond;eeg_tright_lbeta_power_precond"
2025-12-19 15:58:53.814209,31,"workload_label",7,16,0.0625,0.529069767441861,0.587209302325581,NA,7,"top7","eeg_tb_ratio_precond;eeg_ab_ratio_precond;hrv_rmssd_precond;eda_sd_precond;hr_med_precond;eeg_fl_hbeta_power_precond;eeg_tright_lbeta_power_precond"
2025-12-19 15:58:54.70001,31,"workload_label",7,32,0.0625,0.523255813953488,0.552325581395349,NA,7,"top7","eeg_tb_ratio_precond;eeg_ab_ratio_precond;hrv_rmssd_precond;eda_sd_precond;hr_med_precond;eeg_fl_hbeta_power_precond;eeg_tright_lbeta_power_precond"
2025-12-19 15:58:54.885979,31,"workload_label",7,64,0.0625,0.523255813953488,0.517441860465116,NA,7,"top7","eeg_tb_ratio_precond;eeg_ab_ratio_precond;hrv_rmssd_precond;eda_sd_precond;hr_med_precond;eeg_fl_hbeta_power_precond;eeg_tright_lbeta_power_precond"
2025-12-19 15:58:55.146679,31,"workload_label",7,128,0.0625,0.523255813953488,0.494186046511628,NA,7,"top7","eeg_tb_ratio_precond;eeg_ab_ratio_precond;hrv_rmssd_precond;eda_sd_precond;hr_med_precond;eeg_fl_hbeta_power_precond;eeg_tright_lbeta_power_precond"
2025-12-19 15:58:55.451545,31,"workload_label",7,256,0.0625,0.552325581395349,0.494186046511628,NA,7,"top7","eeg_tb_ratio_precond;eeg_ab_ratio_precond;hrv_rmssd_precond;eda_sd_precond;hr_med_precond;eeg_fl_hbeta_power_precond;eeg_tright_lbeta_power_precond"
2025-12-19 15:58:54.642345,31,"workload_label",7,2,0.125,0.575581395348837,0.593023255813954,0.562015503875969,7,"top7","eeg_tb_ratio_precond;eeg_ab_ratio_precond;hrv_rmssd_precond;eda_sd_precond;hr_med_precond;eeg_fl_hbeta_power_precond;eeg_tright_lbeta_power_precond"
2025-12-19 15:58:54.699637,31,"workload_label",7,4,0.125,0.546511627906977,0.593023255813954,NA,7,"top7","eeg_tb_ratio_precond;eeg_ab_ratio_precond;hrv_rmssd_precond;eda_sd_precond;hr_med_precond;eeg_fl_hbeta_power_precond;eeg_tright_lbeta_power_precond"
2025-12-19 15:58:54.755234,31,"workload_label",7,8,0.125,0.534883720930233,0.552325581395349,NA,7,"top7","eeg_tb_ratio_precond;eeg_ab_ratio_precond;hrv_rmssd_precond;eda_sd_precond;hr_med_precond;eeg_fl_hbeta_power_precond;eeg_tright_lbeta_power_precond"
2025-12-19 15:58:54.841022,31,"workload_label",7,16,0.125,0.534883720930233,0.5,NA,7,"top7","eeg_tb_ratio_precond;eeg_ab_ratio_precond;hrv_rmssd_precond;eda_sd_precond;hr_med_precond;eeg_fl_hbeta_power_precond;eeg_tright_lbeta_power_precond"
2025-12-19 15:58:54.965006,31,"workload_label",7,32,0.125,0.534883720930233,0.511627906976744,NA,7,"top7","eeg_tb_ratio_precond;eeg_ab_ratio_precond;hrv_rmssd_precond;eda_sd_precond;hr_med_precond;eeg_fl_hbeta_power_precond;eeg_tright_lbeta_power_precond"
2025-12-19 15:58:55.186358,31,"workload_label",7,64,0.125,0.540697674418605,0.430232558139535,NA,7,"top7","eeg_tb_ratio_precond;eeg_ab_ratio_precond;hrv_rmssd_precond;eda_sd_precond;hr_med_precond;eeg_fl_hbeta_power_precond;eeg_tright_lbeta_power_precond"
2025-12-19 15:58:55.391811,31,"workload_label",7,128,0.125,0.505813953488372,0.424418604651163,NA,7,"top7","eeg_tb_ratio_precond;eeg_ab_ratio_precond;hrv_rmssd_precond;eda_sd_precond;hr_med_precond;eeg_fl_hbeta_power_precond;eeg_tright_lbeta_power_precond"
2025-12-19 15:58:55.568299,31,"workload_label",7,256,0.125,0.511627906976744,0.418604651162791,NA,7,"top7","eeg_tb_ratio_precond;eeg_ab_ratio_precond;hrv_rmssd_precond;eda_sd_precond;hr_med_precond;eeg_fl_hbeta_power_precond;eeg_tright_lbeta_power_precond"
2025-12-19 15:58:54.928812,31,"workload_label",7,2,0.03,0.575581395348837,0.622093023255814,0.573643410852713,7,"top7","eeg_tb_ratio_precond;eeg_ab_ratio_precond;hrv_rmssd_precond;eda_sd_precond;hr_med_precond;eeg_fl_hbeta_power_precond;eeg_tright_lbeta_power_precond"
2025-12-19 15:58:55.234924,31,"workload_label",7,4,0.03,0.563953488372093,0.593023255813954,0.565116279069767,7,"top7","eeg_tb_ratio_precond;eeg_ab_ratio_precond;hrv_rmssd_precond;eda_sd_precond;hr_med_precond;eeg_fl_hbeta_power_precond;eeg_tright_lbeta_power_precond"
2025-12-19 15:58:55.672632,31,"workload_label",7,8,0.03,0.604651162790698,0.633720930232558,0.603875968992248,7,"top7","eeg_tb_ratio_precond;eeg_ab_ratio_precond;hrv_rmssd_precond;eda_sd_precond;hr_med_precond;eeg_fl_hbeta_power_precond;eeg_tright_lbeta_power_precond"
2025-12-19 15:58:55.754176,31,"workload_label",7,16,0.03,0.598837209302326,0.633720930232558,0.595348837209302,7,"top7","eeg_tb_ratio_precond;eeg_ab_ratio_precond;hrv_rmssd_precond;eda_sd_precond;hr_med_precond;eeg_fl_hbeta_power_precond;eeg_tright_lbeta_power_precond"
2025-12-19 15:58:55.858658,31,"workload_label",7,32,0.03,0.558139534883721,0.575581395348837,NA,7,"top7","eeg_tb_ratio_precond;eeg_ab_ratio_precond;hrv_rmssd_precond;eda_sd_precond;hr_med_precond;eeg_fl_hbeta_power_precond;eeg_tright_lbeta_power_precond"
2025-12-19 15:58:56.010965,31,"workload_label",7,64,0.03,0.540697674418605,0.546511627906977,NA,7,"top7","eeg_tb_ratio_precond;eeg_ab_ratio_precond;hrv_rmssd_precond;eda_sd_precond;hr_med_precond;eeg_fl_hbeta_power_precond;eeg_tright_lbeta_power_precond"
2025-12-19 15:58:56.195958,31,"workload_label",7,128,0.03,0.517441860465116,0.563953488372093,NA,7,"top7","eeg_tb_ratio_precond;eeg_ab_ratio_precond;hrv_rmssd_precond;eda_sd_precond;hr_med_precond;eeg_fl_hbeta_power_precond;eeg_tright_lbeta_power_precond"
2025-12-19 15:58:56.513221,31,"workload_label",7,256,0.03,0.552325581395349,0.523255813953488,NA,7,"top7","eeg_tb_ratio_precond;eeg_ab_ratio_precond;hrv_rmssd_precond;eda_sd_precond;hr_med_precond;eeg_fl_hbeta_power_precond;eeg_tright_lbeta_power_precond"
2025-12-19 15:58:55.983935,31,"workload_label",7,2,0.06,0.581395348837209,0.604651162790698,0.588372093023256,7,"top7","eeg_tb_ratio_precond;eeg_ab_ratio_precond;hrv_rmssd_precond;eda_sd_precond;hr_med_precond;eeg_fl_hbeta_power_precond;eeg_tright_lbeta_power_precond"
2025-12-19 15:58:55.998494,31,"workload_label",7,4,0.06,0.593023255813954,0.616279069767442,0.587596899224806,7,"top7","eeg_tb_ratio_precond;eeg_ab_ratio_precond;hrv_rmssd_precond;eda_sd_precond;hr_med_precond;eeg_fl_hbeta_power_precond;eeg_tright_lbeta_power_precond"
2025-12-19 15:58:56.214694,31,"workload_label",7,8,0.06,0.558139534883721,0.569767441860465,NA,7,"top7","eeg_tb_ratio_precond;eeg_ab_ratio_precond;hrv_rmssd_precond;eda_sd_precond;hr_med_precond;eeg_fl_hbeta_power_precond;eeg_tright_lbeta_power_precond"
2025-12-19 15:58:56.310726,31,"workload_label",7,16,0.06,0.534883720930233,0.581395348837209,NA,7,"top7","eeg_tb_ratio_precond;eeg_ab_ratio_precond;hrv_rmssd_precond;eda_sd_precond;hr_med_precond;eeg_fl_hbeta_power_precond;eeg_tright_lbeta_power_precond"
2025-12-19 15:58:56.411941,31,"workload_label",7,32,0.06,0.523255813953488,0.552325581395349,NA,7,"top7","eeg_tb_ratio_precond;eeg_ab_ratio_precond;hrv_rmssd_precond;eda_sd_precond;hr_med_precond;eeg_fl_hbeta_power_precond;eeg_tright_lbeta_power_precond"
2025-12-19 15:58:56.688295,31,"workload_label",7,64,0.06,0.534883720930233,0.529069767441861,NA,7,"top7","eeg_tb_ratio_precond;eeg_ab_ratio_precond;hrv_rmssd_precond;eda_sd_precond;hr_med_precond;eeg_fl_hbeta_power_precond;eeg_tright_lbeta_power_precond"
2025-12-19 15:58:56.883656,31,"workload_label",7,128,0.06,0.517441860465116,0.517441860465116,NA,7,"top7","eeg_tb_ratio_precond;eeg_ab_ratio_precond;hrv_rmssd_precond;eda_sd_precond;hr_med_precond;eeg_fl_hbeta_power_precond;eeg_tright_lbeta_power_precond"
2025-12-19 15:58:57.162092,31,"workload_label",7,256,0.06,0.534883720930233,0.47093023255814,NA,7,"top7","eeg_tb_ratio_precond;eeg_ab_ratio_precond;hrv_rmssd_precond;eda_sd_precond;hr_med_precond;eeg_fl_hbeta_power_precond;eeg_tright_lbeta_power_precond"
2025-12-19 15:58:56.627447,31,"workload_label",7,2,0.1,0.581395348837209,0.587209302325581,0.571317829457364,7,"top7","eeg_tb_ratio_precond;eeg_ab_ratio_precond;hrv_rmssd_precond;eda_sd_precond;hr_med_precond;eeg_fl_hbeta_power_precond;eeg_tright_lbeta_power_precond"
2025-12-19 15:58:56.762852,31,"workload_label",7,4,0.1,0.546511627906977,0.593023255813954,NA,7,"top7","eeg_tb_ratio_precond;eeg_ab_ratio_precond;hrv_rmssd_precond;eda_sd_precond;hr_med_precond;eeg_fl_hbeta_power_precond;eeg_tright_lbeta_power_precond"
2025-12-19 15:58:56.867823,31,"workload_label",7,8,0.1,0.523255813953488,0.558139534883721,NA,7,"top7","eeg_tb_ratio_precond;eeg_ab_ratio_precond;hrv_rmssd_precond;eda_sd_precond;hr_med_precond;eeg_fl_hbeta_power_precond;eeg_tright_lbeta_power_precond"
2025-12-19 15:58:56.995995,31,"workload_label",7,16,0.1,0.540697674418605,0.534883720930233,NA,7,"top7","eeg_tb_ratio_precond;eeg_ab_ratio_precond;hrv_rmssd_precond;eda_sd_precond;hr_med_precond;eeg_fl_hbeta_power_precond;eeg_tright_lbeta_power_precond"
2025-12-19 15:58:57.066362,31,"workload_label",7,32,0.1,0.529069767441861,0.47093023255814,NA,7,"top7","eeg_tb_ratio_precond;eeg_ab_ratio_precond;hrv_rmssd_precond;eda_sd_precond;hr_med_precond;eeg_fl_hbeta_power_precond;eeg_tright_lbeta_power_precond"
2025-12-19 15:58:57.166231,31,"workload_label",7,64,0.1,0.534883720930233,0.517441860465116,NA,7,"top7","eeg_tb_ratio_precond;eeg_ab_ratio_precond;hrv_rmssd_precond;eda_sd_precond;hr_med_precond;eeg_fl_hbeta_power_precond;eeg_tright_lbeta_power_precond"
2025-12-19 15:58:57.396023,31,"workload_label",7,128,0.1,0.540697674418605,0.377906976744186,NA,7,"top7","eeg_tb_ratio_precond;eeg_ab_ratio_precond;hrv_rmssd_precond;eda_sd_precond;hr_med_precond;eeg_fl_hbeta_power_precond;eeg_tright_lbeta_power_precond"
2025-12-19 15:58:57.51145,31,"workload_label",7,256,0.1,0.505813953488372,0.430232558139535,NA,7,"top7","eeg_tb_ratio_precond;eeg_ab_ratio_precond;hrv_rmssd_precond;eda_sd_precond;hr_med_precond;eeg_fl_hbeta_power_precond;eeg_tright_lbeta_power_precond"
2025-12-19 15:58:58.794005,32,"workload_label",7,2,0.0078125,0.63953488372093,0.686046511627907,0.613178294573643,7,"top7","eeg_tb_ratio_precond;eeg_ab_ratio_precond;hrv_rmssd_precond;eda_sd_precond;hr_med_precond;eeg_fl_hbeta_power_precond;eda_pkrate_precond"
2025-12-19 15:58:58.735,32,"workload_label",7,4,0.0078125,0.63953488372093,0.680232558139535,0.615503875968992,7,"top7","eeg_tb_ratio_precond;eeg_ab_ratio_precond;hrv_rmssd_precond;eda_sd_precond;hr_med_precond;eeg_fl_hbeta_power_precond;eda_pkrate_precond"
2025-12-19 15:58:58.756832,32,"workload_label",7,8,0.0078125,0.616279069767442,0.651162790697674,0.595348837209302,7,"top7","eeg_tb_ratio_precond;eeg_ab_ratio_precond;hrv_rmssd_precond;eda_sd_precond;hr_med_precond;eeg_fl_hbeta_power_precond;eda_pkrate_precond"
2025-12-19 15:58:58.7757,32,"workload_label",7,16,0.0078125,0.61046511627907,0.622093023255814,0.578294573643411,7,"top7","eeg_tb_ratio_precond;eeg_ab_ratio_precond;hrv_rmssd_precond;eda_sd_precond;hr_med_precond;eeg_fl_hbeta_power_precond;eda_pkrate_precond"
2025-12-19 15:58:58.760862,32,"workload_label",7,32,0.0078125,0.604651162790698,0.651162790697674,0.582945736434109,7,"top7","eeg_tb_ratio_precond;eeg_ab_ratio_precond;hrv_rmssd_precond;eda_sd_precond;hr_med_precond;eeg_fl_hbeta_power_precond;eda_pkrate_precond"
2025-12-19 15:58:58.79454,32,"workload_label",7,64,0.0078125,0.622093023255814,0.656976744186046,0.605426356589147,7,"top7","eeg_tb_ratio_precond;eeg_ab_ratio_precond;hrv_rmssd_precond;eda_sd_precond;hr_med_precond;eeg_fl_hbeta_power_precond;eda_pkrate_precond"
2025-12-19 15:58:58.829892,32,"workload_label",7,128,0.0078125,0.627906976744186,0.686046511627907,0.610077519379845,7,"top7","eeg_tb_ratio_precond;eeg_ab_ratio_precond;hrv_rmssd_precond;eda_sd_precond;hr_med_precond;eeg_fl_hbeta_power_precond;eda_pkrate_precond"
2025-12-19 15:58:58.926938,32,"workload_label",7,256,0.0078125,0.61046511627907,0.662790697674419,NA,7,"top7","eeg_tb_ratio_precond;eeg_ab_ratio_precond;hrv_rmssd_precond;eda_sd_precond;hr_med_precond;eeg_fl_hbeta_power_precond;eda_pkrate_precond"
2025-12-19 15:58:58.752235,32,"workload_label",7,2,0.015625,0.63953488372093,0.668604651162791,0.615503875968992,7,"top7","eeg_tb_ratio_precond;eeg_ab_ratio_precond;hrv_rmssd_precond;eda_sd_precond;hr_med_precond;eeg_fl_hbeta_power_precond;eda_pkrate_precond"
2025-12-19 15:58:58.767751,32,"workload_label",7,4,0.015625,0.622093023255814,0.662790697674419,0.602325581395349,7,"top7","eeg_tb_ratio_precond;eeg_ab_ratio_precond;hrv_rmssd_precond;eda_sd_precond;hr_med_precond;eeg_fl_hbeta_power_precond;eda_pkrate_precond"
2025-12-19 15:58:58.783192,32,"workload_label",7,8,0.015625,0.604651162790698,0.645348837209302,0.590697674418605,7,"top7","eeg_tb_ratio_precond;eeg_ab_ratio_precond;hrv_rmssd_precond;eda_sd_precond;hr_med_precond;eeg_fl_hbeta_power_precond;eda_pkrate_precond"
2025-12-19 15:58:58.73734,32,"workload_label",7,16,0.015625,0.61046511627907,0.656976744186046,0.593798449612403,7,"top7","eeg_tb_ratio_precond;eeg_ab_ratio_precond;hrv_rmssd_precond;eda_sd_precond;hr_med_precond;eeg_fl_hbeta_power_precond;eda_pkrate_precond"
2025-12-19 15:58:58.778527,32,"workload_label",7,32,0.015625,0.633720930232558,0.680232558139535,0.617829457364341,7,"top7","eeg_tb_ratio_precond;eeg_ab_ratio_precond;hrv_rmssd_precond;eda_sd_precond;hr_med_precond;eeg_fl_hbeta_power_precond;eda_pkrate_precond"
2025-12-19 15:58:58.873058,32,"workload_label",7,64,0.015625,0.61046511627907,0.668604651162791,NA,7,"top7","eeg_tb_ratio_precond;eeg_ab_ratio_precond;hrv_rmssd_precond;eda_sd_precond;hr_med_precond;eeg_fl_hbeta_power_precond;eda_pkrate_precond"
2025-12-19 15:58:59.924509,32,"workload_label",7,128,0.015625,0.569767441860465,0.622093023255814,0.550387596899225,7,"top7","eeg_tb_ratio_precond;eeg_ab_ratio_precond;hrv_rmssd_precond;eda_sd_precond;hr_med_precond;eeg_fl_hbeta_power_precond;eda_pkrate_precond"
2025-12-19 15:59:00.11026,32,"workload_label",7,256,0.015625,0.581395348837209,0.633720930232558,NA,7,"top7","eeg_tb_ratio_precond;eeg_ab_ratio_precond;hrv_rmssd_precond;eda_sd_precond;hr_med_precond;eeg_fl_hbeta_power_precond;eda_pkrate_precond"
2025-12-19 15:58:59.803432,32,"workload_label",7,2,0.03125,0.622093023255814,0.668604651162791,0.613178294573643,7,"top7","eeg_tb_ratio_precond;eeg_ab_ratio_precond;hrv_rmssd_precond;eda_sd_precond;hr_med_precond;eeg_fl_hbeta_power_precond;eda_pkrate_precond"
2025-12-19 15:58:59.792928,32,"workload_label",7,4,0.03125,0.587209302325581,0.656976744186046,0.570542635658915,7,"top7","eeg_tb_ratio_precond;eeg_ab_ratio_precond;hrv_rmssd_precond;eda_sd_precond;hr_med_precond;eeg_fl_hbeta_power_precond;eda_pkrate_precond"
2025-12-19 15:58:59.808847,32,"workload_label",7,8,0.03125,0.627906976744186,0.674418604651163,0.607751937984496,7,"top7","eeg_tb_ratio_precond;eeg_ab_ratio_precond;hrv_rmssd_precond;eda_sd_precond;hr_med_precond;eeg_fl_hbeta_power_precond;eda_pkrate_precond"
2025-12-19 15:58:59.84319,32,"workload_label",7,16,0.03125,0.61046511627907,0.645348837209302,0.594573643410853,7,"top7","eeg_tb_ratio_precond;eeg_ab_ratio_precond;hrv_rmssd_precond;eda_sd_precond;hr_med_precond;eeg_fl_hbeta_power_precond;eda_pkrate_precond"
2025-12-19 15:58:59.906943,32,"workload_label",7,32,0.03125,0.563953488372093,0.633720930232558,NA,7,"top7","eeg_tb_ratio_precond;eeg_ab_ratio_precond;hrv_rmssd_precond;eda_sd_precond;hr_med_precond;eeg_fl_hbeta_power_precond;eda_pkrate_precond"
2025-12-19 15:58:59.976846,32,"workload_label",7,64,0.03125,0.587209302325581,0.645348837209302,NA,7,"top7","eeg_tb_ratio_precond;eeg_ab_ratio_precond;hrv_rmssd_precond;eda_sd_precond;hr_med_precond;eeg_fl_hbeta_power_precond;eda_pkrate_precond"
2025-12-19 15:59:00.151216,32,"workload_label",7,128,0.03125,0.604651162790698,0.645348837209302,0.581395348837209,7,"top7","eeg_tb_ratio_precond;eeg_ab_ratio_precond;hrv_rmssd_precond;eda_sd_precond;hr_med_precond;eeg_fl_hbeta_power_precond;eda_pkrate_precond"
2025-12-19 15:59:00.440535,32,"workload_label",7,256,0.03125,0.587209302325581,0.656976744186046,0.576744186046512,7,"top7","eeg_tb_ratio_precond;eeg_ab_ratio_precond;hrv_rmssd_precond;eda_sd_precond;hr_med_precond;eeg_fl_hbeta_power_precond;eda_pkrate_precond"
2025-12-19 15:58:59.839285,32,"workload_label",7,2,0.0625,0.604651162790698,0.645348837209302,0.603875968992248,7,"top7","eeg_tb_ratio_precond;eeg_ab_ratio_precond;hrv_rmssd_precond;eda_sd_precond;hr_med_precond;eeg_fl_hbeta_power_precond;eda_pkrate_precond"
2025-12-19 15:58:59.881322,32,"workload_label",7,4,0.0625,0.61046511627907,0.627906976744186,0.60077519379845,7,"top7","eeg_tb_ratio_precond;eeg_ab_ratio_precond;hrv_rmssd_precond;eda_sd_precond;hr_med_precond;eeg_fl_hbeta_power_precond;eda_pkrate_precond"
2025-12-19 15:58:59.931441,32,"workload_label",7,8,0.0625,0.604651162790698,0.63953488372093,NA,7,"top7","eeg_tb_ratio_precond;eeg_ab_ratio_precond;hrv_rmssd_precond;eda_sd_precond;hr_med_precond;eeg_fl_hbeta_power_precond;eda_pkrate_precond"
2025-12-19 15:59:00.022656,32,"workload_label",7,16,0.0625,0.563953488372093,0.633720930232558,NA,7,"top7","eeg_tb_ratio_precond;eeg_ab_ratio_precond;hrv_rmssd_precond;eda_sd_precond;hr_med_precond;eeg_fl_hbeta_power_precond;eda_pkrate_precond"
2025-12-19 15:59:00.987534,32,"workload_label",7,32,0.0625,0.575581395348837,0.622093023255814,NA,7,"top7","eeg_tb_ratio_precond;eeg_ab_ratio_precond;hrv_rmssd_precond;eda_sd_precond;hr_med_precond;eeg_fl_hbeta_power_precond;eda_pkrate_precond"
2025-12-19 15:59:01.119752,32,"workload_label",7,64,0.0625,0.587209302325581,0.593023255813954,NA,7,"top7","eeg_tb_ratio_precond;eeg_ab_ratio_precond;hrv_rmssd_precond;eda_sd_precond;hr_med_precond;eeg_fl_hbeta_power_precond;eda_pkrate_precond"
2025-12-19 15:59:01.344996,32,"workload_label",7,128,0.0625,0.587209302325581,0.604651162790698,NA,7,"top7","eeg_tb_ratio_precond;eeg_ab_ratio_precond;hrv_rmssd_precond;eda_sd_precond;hr_med_precond;eeg_fl_hbeta_power_precond;eda_pkrate_precond"
2025-12-19 15:59:01.670334,32,"workload_label",7,256,0.0625,0.569767441860465,0.593023255813954,NA,7,"top7","eeg_tb_ratio_precond;eeg_ab_ratio_precond;hrv_rmssd_precond;eda_sd_precond;hr_med_precond;eeg_fl_hbeta_power_precond;eda_pkrate_precond"
2025-12-19 15:59:00.877053,32,"workload_label",7,2,0.125,0.616279069767442,0.622093023255814,0.593798449612403,7,"top7","eeg_tb_ratio_precond;eeg_ab_ratio_precond;hrv_rmssd_precond;eda_sd_precond;hr_med_precond;eeg_fl_hbeta_power_precond;eda_pkrate_precond"
2025-12-19 15:59:00.966369,32,"workload_label",7,4,0.125,0.569767441860465,0.63953488372093,NA,7,"top7","eeg_tb_ratio_precond;eeg_ab_ratio_precond;hrv_rmssd_precond;eda_sd_precond;hr_med_precond;eeg_fl_hbeta_power_precond;eda_pkrate_precond"
2025-12-19 15:59:00.976159,32,"workload_label",7,8,0.125,0.558139534883721,0.593023255813954,NA,7,"top7","eeg_tb_ratio_precond;eeg_ab_ratio_precond;hrv_rmssd_precond;eda_sd_precond;hr_med_precond;eeg_fl_hbeta_power_precond;eda_pkrate_precond"
2025-12-19 15:59:01.11626,32,"workload_label",7,16,0.125,0.575581395348837,0.593023255813954,NA,7,"top7","eeg_tb_ratio_precond;eeg_ab_ratio_precond;hrv_rmssd_precond;eda_sd_precond;hr_med_precond;eeg_fl_hbeta_power_precond;eda_pkrate_precond"
2025-12-19 15:59:01.191813,32,"workload_label",7,32,0.125,0.569767441860465,0.593023255813954,NA,7,"top7","eeg_tb_ratio_precond;eeg_ab_ratio_precond;hrv_rmssd_precond;eda_sd_precond;hr_med_precond;eeg_fl_hbeta_power_precond;eda_pkrate_precond"
2025-12-19 15:59:01.319685,32,"workload_label",7,64,0.125,0.540697674418605,0.587209302325581,NA,7,"top7","eeg_tb_ratio_precond;eeg_ab_ratio_precond;hrv_rmssd_precond;eda_sd_precond;hr_med_precond;eeg_fl_hbeta_power_precond;eda_pkrate_precond"
2025-12-19 15:59:01.580317,32,"workload_label",7,128,0.125,0.575581395348837,0.569767441860465,0.575193798449612,7,"top7","eeg_tb_ratio_precond;eeg_ab_ratio_precond;hrv_rmssd_precond;eda_sd_precond;hr_med_precond;eeg_fl_hbeta_power_precond;eda_pkrate_precond"
2025-12-19 15:59:01.759351,32,"workload_label",7,256,0.125,0.563953488372093,0.593023255813954,0.565891472868217,7,"top7","eeg_tb_ratio_precond;eeg_ab_ratio_precond;hrv_rmssd_precond;eda_sd_precond;hr_med_precond;eeg_fl_hbeta_power_precond;eda_pkrate_precond"
2025-12-19 15:59:01.172222,32,"workload_label",7,2,0.03,0.622093023255814,0.668604651162791,0.613178294573643,7,"top7","eeg_tb_ratio_precond;eeg_ab_ratio_precond;hrv_rmssd_precond;eda_sd_precond;hr_med_precond;eeg_fl_hbeta_power_precond;eda_pkrate_precond"
2025-12-19 15:59:01.471323,32,"workload_label",7,4,0.03,0.587209302325581,0.656976744186046,0.570542635658915,7,"top7","eeg_tb_ratio_precond;eeg_ab_ratio_precond;hrv_rmssd_precond;eda_sd_precond;hr_med_precond;eeg_fl_hbeta_power_precond;eda_pkrate_precond"
2025-12-19 15:59:01.865582,32,"workload_label",7,8,0.03,0.627906976744186,0.674418604651163,0.610077519379845,7,"top7","eeg_tb_ratio_precond;eeg_ab_ratio_precond;hrv_rmssd_precond;eda_sd_precond;hr_med_precond;eeg_fl_hbeta_power_precond;eda_pkrate_precond"
2025-12-19 15:59:01.966865,32,"workload_label",7,16,0.03,0.616279069767442,0.651162790697674,0.596899224806202,7,"top7","eeg_tb_ratio_precond;eeg_ab_ratio_precond;hrv_rmssd_precond;eda_sd_precond;hr_med_precond;eeg_fl_hbeta_power_precond;eda_pkrate_precond"
2025-12-19 15:59:02.073528,32,"workload_label",7,32,0.03,0.581395348837209,0.627906976744186,NA,7,"top7","eeg_tb_ratio_precond;eeg_ab_ratio_precond;hrv_rmssd_precond;eda_sd_precond;hr_med_precond;eeg_fl_hbeta_power_precond;eda_pkrate_precond"
2025-12-19 15:59:02.161983,32,"workload_label",7,64,0.03,0.581395348837209,0.633720930232558,NA,7,"top7","eeg_tb_ratio_precond;eeg_ab_ratio_precond;hrv_rmssd_precond;eda_sd_precond;hr_med_precond;eeg_fl_hbeta_power_precond;eda_pkrate_precond"
2025-12-19 15:59:02.422272,32,"workload_label",7,128,0.03,0.604651162790698,0.645348837209302,0.582170542635659,7,"top7","eeg_tb_ratio_precond;eeg_ab_ratio_precond;hrv_rmssd_precond;eda_sd_precond;hr_med_precond;eeg_fl_hbeta_power_precond;eda_pkrate_precond"
2025-12-19 15:59:02.672631,32,"workload_label",7,256,0.03,0.587209302325581,0.651162790697674,0.578294573643411,7,"top7","eeg_tb_ratio_precond;eeg_ab_ratio_precond;hrv_rmssd_precond;eda_sd_precond;hr_med_precond;eeg_fl_hbeta_power_precond;eda_pkrate_precond"
2025-12-19 15:59:02.184304,32,"workload_label",7,2,0.06,0.598837209302326,0.645348837209302,0.597674418604651,7,"top7","eeg_tb_ratio_precond;eeg_ab_ratio_precond;hrv_rmssd_precond;eda_sd_precond;hr_med_precond;eeg_fl_hbeta_power_precond;eda_pkrate_precond"
2025-12-19 15:59:02.226136,32,"workload_label",7,4,0.06,0.604651162790698,0.633720930232558,0.598449612403101,7,"top7","eeg_tb_ratio_precond;eeg_ab_ratio_precond;hrv_rmssd_precond;eda_sd_precond;hr_med_precond;eeg_fl_hbeta_power_precond;eda_pkrate_precond"
2025-12-19 15:59:02.406983,32,"workload_label",7,8,0.06,0.604651162790698,0.627906976744186,NA,7,"top7","eeg_tb_ratio_precond;eeg_ab_ratio_precond;hrv_rmssd_precond;eda_sd_precond;hr_med_precond;eeg_fl_hbeta_power_precond;eda_pkrate_precond"
2025-12-19 15:59:02.432893,32,"workload_label",7,16,0.06,0.575581395348837,0.633720930232558,NA,7,"top7","eeg_tb_ratio_precond;eeg_ab_ratio_precond;hrv_rmssd_precond;eda_sd_precond;hr_med_precond;eeg_fl_hbeta_power_precond;eda_pkrate_precond"
2025-12-19 15:59:02.622138,32,"workload_label",7,32,0.06,0.581395348837209,0.633720930232558,NA,7,"top7","eeg_tb_ratio_precond;eeg_ab_ratio_precond;hrv_rmssd_precond;eda_sd_precond;hr_med_precond;eeg_fl_hbeta_power_precond;eda_pkrate_precond"
2025-12-19 15:59:02.840119,32,"workload_label",7,64,0.06,0.593023255813954,0.604651162790698,NA,7,"top7","eeg_tb_ratio_precond;eeg_ab_ratio_precond;hrv_rmssd_precond;eda_sd_precond;hr_med_precond;eeg_fl_hbeta_power_precond;eda_pkrate_precond"
2025-12-19 15:59:03.076941,32,"workload_label",7,128,0.06,0.61046511627907,0.616279069767442,NA,7,"top7","eeg_tb_ratio_precond;eeg_ab_ratio_precond;hrv_rmssd_precond;eda_sd_precond;hr_med_precond;eeg_fl_hbeta_power_precond;eda_pkrate_precond"
2025-12-19 15:59:03.324051,32,"workload_label",7,256,0.06,0.575581395348837,0.593023255813954,NA,7,"top7","eeg_tb_ratio_precond;eeg_ab_ratio_precond;hrv_rmssd_precond;eda_sd_precond;hr_med_precond;eeg_fl_hbeta_power_precond;eda_pkrate_precond"
2025-12-19 15:59:02.851559,32,"workload_label",7,2,0.1,0.598837209302326,0.627906976744186,0.586821705426357,7,"top7","eeg_tb_ratio_precond;eeg_ab_ratio_precond;hrv_rmssd_precond;eda_sd_precond;hr_med_precond;eeg_fl_hbeta_power_precond;eda_pkrate_precond"
2025-12-19 15:59:02.9327,32,"workload_label",7,4,0.1,0.604651162790698,0.633720930232558,0.582170542635659,7,"top7","eeg_tb_ratio_precond;eeg_ab_ratio_precond;hrv_rmssd_precond;eda_sd_precond;hr_med_precond;eeg_fl_hbeta_power_precond;eda_pkrate_precond"
2025-12-19 15:59:03.049997,32,"workload_label",7,8,0.1,0.563953488372093,0.627906976744186,NA,7,"top7","eeg_tb_ratio_precond;eeg_ab_ratio_precond;hrv_rmssd_precond;eda_sd_precond;hr_med_precond;eeg_fl_hbeta_power_precond;eda_pkrate_precond"
2025-12-19 15:59:03.149361,32,"workload_label",7,16,0.1,0.575581395348837,0.581395348837209,NA,7,"top7","eeg_tb_ratio_precond;eeg_ab_ratio_precond;hrv_rmssd_precond;eda_sd_precond;hr_med_precond;eeg_fl_hbeta_power_precond;eda_pkrate_precond"
2025-12-19 15:59:03.219517,32,"workload_label",7,32,0.1,0.581395348837209,0.587209302325581,NA,7,"top7","eeg_tb_ratio_precond;eeg_ab_ratio_precond;hrv_rmssd_precond;eda_sd_precond;hr_med_precond;eeg_fl_hbeta_power_precond;eda_pkrate_precond"
2025-12-19 15:59:03.347644,32,"workload_label",7,64,0.1,0.563953488372093,0.598837209302326,NA,7,"top7","eeg_tb_ratio_precond;eeg_ab_ratio_precond;hrv_rmssd_precond;eda_sd_precond;hr_med_precond;eeg_fl_hbeta_power_precond;eda_pkrate_precond"
2025-12-19 15:59:03.551898,32,"workload_label",7,128,0.1,0.534883720930233,0.587209302325581,NA,7,"top7","eeg_tb_ratio_precond;eeg_ab_ratio_precond;hrv_rmssd_precond;eda_sd_precond;hr_med_precond;eeg_fl_hbeta_power_precond;eda_pkrate_precond"
2025-12-19 15:59:03.701194,32,"workload_label",7,256,0.1,0.569767441860465,0.575581395348837,0.574418604651163,7,"top7","eeg_tb_ratio_precond;eeg_ab_ratio_precond;hrv_rmssd_precond;eda_sd_precond;hr_med_precond;eeg_fl_hbeta_power_precond;eda_pkrate_precond"
2025-12-19 15:59:04.991771,33,"workload_label",7,2,0.0078125,0.604651162790698,0.63953488372093,0.588372093023256,7,"top7","eeg_tb_ratio_precond;eeg_ab_ratio_precond;eda_sd_precond;hrv_rmssd_precond;hr_med_precond;eeg_tright_lbeta_power_precond;eeg_fl_hbeta_power_precond"
2025-12-19 15:59:04.972847,33,"workload_label",7,4,0.0078125,0.627906976744186,0.633720930232558,0.608527131782946,7,"top7","eeg_tb_ratio_precond;eeg_ab_ratio_precond;eda_sd_precond;hrv_rmssd_precond;hr_med_precond;eeg_tright_lbeta_power_precond;eeg_fl_hbeta_power_precond"
2025-12-19 15:59:04.98499,33,"workload_label",7,8,0.0078125,0.587209302325581,0.633720930232558,0.57984496124031,7,"top7","eeg_tb_ratio_precond;eeg_ab_ratio_precond;eda_sd_precond;hrv_rmssd_precond;hr_med_precond;eeg_tright_lbeta_power_precond;eeg_fl_hbeta_power_precond"
2025-12-19 15:59:04.951164,33,"workload_label",7,16,0.0078125,0.569767441860465,0.604651162790698,0.566666666666667,7,"top7","eeg_tb_ratio_precond;eeg_ab_ratio_precond;eda_sd_precond;hrv_rmssd_precond;hr_med_precond;eeg_tright_lbeta_power_precond;eeg_fl_hbeta_power_precond"
2025-12-19 15:59:04.96358,33,"workload_label",7,32,0.0078125,0.575581395348837,0.593023255813954,0.572868217054264,7,"top7","eeg_tb_ratio_precond;eeg_ab_ratio_precond;eda_sd_precond;hrv_rmssd_precond;hr_med_precond;eeg_tright_lbeta_power_precond;eeg_fl_hbeta_power_precond"
2025-12-19 15:59:04.998068,33,"workload_label",7,64,0.0078125,0.598837209302326,0.63953488372093,0.606201550387597,7,"top7","eeg_tb_ratio_precond;eeg_ab_ratio_precond;eda_sd_precond;hrv_rmssd_precond;hr_med_precond;eeg_tright_lbeta_power_precond;eeg_fl_hbeta_power_precond"
2025-12-19 15:59:05.015958,33,"workload_label",7,128,0.0078125,0.593023255813954,0.627906976744186,0.597674418604651,7,"top7","eeg_tb_ratio_precond;eeg_ab_ratio_precond;eda_sd_precond;hrv_rmssd_precond;hr_med_precond;eeg_tright_lbeta_power_precond;eeg_fl_hbeta_power_precond"
2025-12-19 15:59:05.127876,33,"workload_label",7,256,0.0078125,0.616279069767442,0.63953488372093,0.62015503875969,7,"top7","eeg_tb_ratio_precond;eeg_ab_ratio_precond;eda_sd_precond;hrv_rmssd_precond;hr_med_precond;eeg_tright_lbeta_power_precond;eeg_fl_hbeta_power_precond"
2025-12-19 15:59:05.009639,33,"workload_label",7,2,0.015625,0.61046511627907,0.633720930232558,0.598449612403101,7,"top7","eeg_tb_ratio_precond;eeg_ab_ratio_precond;eda_sd_precond;hrv_rmssd_precond;hr_med_precond;eeg_tright_lbeta_power_precond;eeg_fl_hbeta_power_precond"
2025-12-19 15:59:04.959598,33,"workload_label",7,4,0.015625,0.569767441860465,0.627906976744186,0.566666666666667,7,"top7","eeg_tb_ratio_precond;eeg_ab_ratio_precond;eda_sd_precond;hrv_rmssd_precond;hr_med_precond;eeg_tright_lbeta_power_precond;eeg_fl_hbeta_power_precond"
2025-12-19 15:59:04.976271,33,"workload_label",7,8,0.015625,0.569767441860465,0.61046511627907,0.568992248062016,7,"top7","eeg_tb_ratio_precond;eeg_ab_ratio_precond;eda_sd_precond;hrv_rmssd_precond;hr_med_precond;eeg_tright_lbeta_power_precond;eeg_fl_hbeta_power_precond"
2025-12-19 15:59:04.989797,33,"workload_label",7,16,0.015625,0.61046511627907,0.627906976744186,0.622480620155039,7,"top7","eeg_tb_ratio_precond;eeg_ab_ratio_precond;eda_sd_precond;hrv_rmssd_precond;hr_med_precond;eeg_tright_lbeta_power_precond;eeg_fl_hbeta_power_precond"
2025-12-19 15:59:04.965032,33,"workload_label",7,32,0.015625,0.593023255813954,0.645348837209302,0.597674418604651,7,"top7","eeg_tb_ratio_precond;eeg_ab_ratio_precond;eda_sd_precond;hrv_rmssd_precond;hr_med_precond;eeg_tright_lbeta_power_precond;eeg_fl_hbeta_power_precond"
2025-12-19 15:59:05.094717,33,"workload_label",7,64,0.015625,0.616279069767442,0.656976744186046,0.62015503875969,7,"top7","eeg_tb_ratio_precond;eeg_ab_ratio_precond;eda_sd_precond;hrv_rmssd_precond;hr_med_precond;eeg_tright_lbeta_power_precond;eeg_fl_hbeta_power_precond"
2025-12-19 15:59:06.161443,33,"workload_label",7,128,0.015625,0.622093023255814,0.651162790697674,0.617829457364341,7,"top7","eeg_tb_ratio_precond;eeg_ab_ratio_precond;eda_sd_precond;hrv_rmssd_precond;hr_med_precond;eeg_tright_lbeta_power_precond;eeg_fl_hbeta_power_precond"
2025-12-19 15:59:06.354516,33,"workload_label",7,256,0.015625,0.581395348837209,0.61046511627907,0.582170542635659,7,"top7","eeg_tb_ratio_precond;eeg_ab_ratio_precond;eda_sd_precond;hrv_rmssd_precond;hr_med_precond;eeg_tright_lbeta_power_precond;eeg_fl_hbeta_power_precond"
2025-12-19 15:59:06.019193,33,"workload_label",7,2,0.03125,0.587209302325581,0.616279069767442,0.586821705426357,7,"top7","eeg_tb_ratio_precond;eeg_ab_ratio_precond;eda_sd_precond;hrv_rmssd_precond;hr_med_precond;eeg_tright_lbeta_power_precond;eeg_fl_hbeta_power_precond"
2025-12-19 15:59:06.02852,33,"workload_label",7,4,0.03125,0.604651162790698,0.616279069767442,0.615503875968992,7,"top7","eeg_tb_ratio_precond;eeg_ab_ratio_precond;eda_sd_precond;hrv_rmssd_precond;hr_med_precond;eeg_tright_lbeta_power_precond;eeg_fl_hbeta_power_precond"
2025-12-19 15:59:06.016629,33,"workload_label",7,8,0.03125,0.598837209302326,0.63953488372093,0.593798449612403,7,"top7","eeg_tb_ratio_precond;eeg_ab_ratio_precond;eda_sd_precond;hrv_rmssd_precond;hr_med_precond;eeg_tright_lbeta_power_precond;eeg_fl_hbeta_power_precond"
2025-12-19 15:59:06.054718,33,"workload_label",7,16,0.03125,0.622093023255814,0.63953488372093,0.621705426356589,7,"top7","eeg_tb_ratio_precond;eeg_ab_ratio_precond;eda_sd_precond;hrv_rmssd_precond;hr_med_precond;eeg_tright_lbeta_power_precond;eeg_fl_hbeta_power_precond"
2025-12-19 15:59:06.105861,33,"workload_label",7,32,0.03125,0.622093023255814,0.627906976744186,0.627906976744186,7,"top7","eeg_tb_ratio_precond;eeg_ab_ratio_precond;eda_sd_precond;hrv_rmssd_precond;hr_med_precond;eeg_tright_lbeta_power_precond;eeg_fl_hbeta_power_precond"
2025-12-19 15:59:06.184284,33,"workload_label",7,64,0.03125,0.581395348837209,0.593023255813954,0.575193798449612,7,"top7","eeg_tb_ratio_precond;eeg_ab_ratio_precond;eda_sd_precond;hrv_rmssd_precond;hr_med_precond;eeg_tright_lbeta_power_precond;eeg_fl_hbeta_power_precond"
2025-12-19 15:59:06.374701,33,"workload_label",7,128,0.03125,0.540697674418605,0.558139534883721,NA,7,"top7","eeg_tb_ratio_precond;eeg_ab_ratio_precond;eda_sd_precond;hrv_rmssd_precond;hr_med_precond;eeg_tright_lbeta_power_precond;eeg_fl_hbeta_power_precond"
2025-12-19 15:59:06.723962,33,"workload_label",7,256,0.03125,0.563953488372093,0.569767441860465,NA,7,"top7","eeg_tb_ratio_precond;eeg_ab_ratio_precond;eda_sd_precond;hrv_rmssd_precond;hr_med_precond;eeg_tright_lbeta_power_precond;eeg_fl_hbeta_power_precond"
2025-12-19 15:59:06.078091,33,"workload_label",7,2,0.0625,0.622093023255814,0.633720930232558,0.634108527131783,7,"top7","eeg_tb_ratio_precond;eeg_ab_ratio_precond;eda_sd_precond;hrv_rmssd_precond;hr_med_precond;eeg_tright_lbeta_power_precond;eeg_fl_hbeta_power_precond"
2025-12-19 15:59:06.134527,33,"workload_label",7,4,0.0625,0.61046511627907,0.627906976744186,0.610852713178295,7,"top7","eeg_tb_ratio_precond;eeg_ab_ratio_precond;eda_sd_precond;hrv_rmssd_precond;hr_med_precond;eeg_tright_lbeta_power_precond;eeg_fl_hbeta_power_precond"
2025-12-19 15:59:06.154531,33,"workload_label",7,8,0.0625,0.616279069767442,0.61046511627907,0.622480620155039,7,"top7","eeg_tb_ratio_precond;eeg_ab_ratio_precond;eda_sd_precond;hrv_rmssd_precond;hr_med_precond;eeg_tright_lbeta_power_precond;eeg_fl_hbeta_power_precond"
2025-12-19 15:59:06.219597,33,"workload_label",7,16,0.0625,0.581395348837209,0.61046511627907,0.568217054263566,7,"top7","eeg_tb_ratio_precond;eeg_ab_ratio_precond;eda_sd_precond;hrv_rmssd_precond;hr_med_precond;eeg_tright_lbeta_power_precond;eeg_fl_hbeta_power_precond"
2025-12-19 15:59:07.225711,33,"workload_label",7,32,0.0625,0.552325581395349,0.575581395348837,0.552713178294574,7,"top7","eeg_tb_ratio_precond;eeg_ab_ratio_precond;eda_sd_precond;hrv_rmssd_precond;hr_med_precond;eeg_tright_lbeta_power_precond;eeg_fl_hbeta_power_precond"
2025-12-19 15:59:07.376872,33,"workload_label",7,64,0.0625,0.575581395348837,0.598837209302326,0.584496124031008,7,"top7","eeg_tb_ratio_precond;eeg_ab_ratio_precond;eda_sd_precond;hrv_rmssd_precond;hr_med_precond;eeg_tright_lbeta_power_precond;eeg_fl_hbeta_power_precond"
2025-12-19 15:59:07.598762,33,"workload_label",7,128,0.0625,0.563953488372093,0.581395348837209,0.563565891472868,7,"top7","eeg_tb_ratio_precond;eeg_ab_ratio_precond;eda_sd_precond;hrv_rmssd_precond;hr_med_precond;eeg_tright_lbeta_power_precond;eeg_fl_hbeta_power_precond"
2025-12-19 15:59:07.948167,33,"workload_label",7,256,0.0625,0.558139534883721,0.540697674418605,0.555813953488372,7,"top7","eeg_tb_ratio_precond;eeg_ab_ratio_precond;eda_sd_precond;hrv_rmssd_precond;hr_med_precond;eeg_tright_lbeta_power_precond;eeg_fl_hbeta_power_precond"
2025-12-19 15:59:07.18134,33,"workload_label",7,2,0.125,0.593023255813954,0.61046511627907,0.587596899224806,7,"top7","eeg_tb_ratio_precond;eeg_ab_ratio_precond;eda_sd_precond;hrv_rmssd_precond;hr_med_precond;eeg_tright_lbeta_power_precond;eeg_fl_hbeta_power_precond"
2025-12-19 15:59:07.225945,33,"workload_label",7,4,0.125,0.563953488372093,0.61046511627907,0.564341085271318,7,"top7","eeg_tb_ratio_precond;eeg_ab_ratio_precond;eda_sd_precond;hrv_rmssd_precond;hr_med_precond;eeg_tright_lbeta_power_precond;eeg_fl_hbeta_power_precond"
2025-12-19 15:59:07.242085,33,"workload_label",7,8,0.125,0.558139534883721,0.616279069767442,0.556589147286822,7,"top7","eeg_tb_ratio_precond;eeg_ab_ratio_precond;eda_sd_precond;hrv_rmssd_precond;hr_med_precond;eeg_tright_lbeta_power_precond;eeg_fl_hbeta_power_precond"
2025-12-19 15:59:07.349448,33,"workload_label",7,16,0.125,0.581395348837209,0.616279069767442,0.595348837209302,7,"top7","eeg_tb_ratio_precond;eeg_ab_ratio_precond;eda_sd_precond;hrv_rmssd_precond;hr_med_precond;eeg_tright_lbeta_power_precond;eeg_fl_hbeta_power_precond"
2025-12-19 15:59:07.468869,33,"workload_label",7,32,0.125,0.563953488372093,0.552325581395349,NA,7,"top7","eeg_tb_ratio_precond;eeg_ab_ratio_precond;eda_sd_precond;hrv_rmssd_precond;hr_med_precond;eeg_tright_lbeta_power_precond;eeg_fl_hbeta_power_precond"
2025-12-19 15:59:07.584647,33,"workload_label",7,64,0.125,0.569767441860465,0.523255813953488,NA,7,"top7","eeg_tb_ratio_precond;eeg_ab_ratio_precond;eda_sd_precond;hrv_rmssd_precond;hr_med_precond;eeg_tright_lbeta_power_precond;eeg_fl_hbeta_power_precond"
2025-12-19 15:59:07.970329,33,"workload_label",7,128,0.125,0.523255813953488,0.494186046511628,NA,7,"top7","eeg_tb_ratio_precond;eeg_ab_ratio_precond;eda_sd_precond;hrv_rmssd_precond;hr_med_precond;eeg_tright_lbeta_power_precond;eeg_fl_hbeta_power_precond"
2025-12-19 15:59:07.990104,33,"workload_label",7,256,0.125,0.517441860465116,0.511627906976744,NA,7,"top7","eeg_tb_ratio_precond;eeg_ab_ratio_precond;eda_sd_precond;hrv_rmssd_precond;hr_med_precond;eeg_tright_lbeta_power_precond;eeg_fl_hbeta_power_precond"
2025-12-19 15:59:07.44844,33,"workload_label",7,2,0.03,0.581395348837209,0.616279069767442,0.582945736434109,7,"top7","eeg_tb_ratio_precond;eeg_ab_ratio_precond;eda_sd_precond;hrv_rmssd_precond;hr_med_precond;eeg_tright_lbeta_power_precond;eeg_fl_hbeta_power_precond"
2025-12-19 15:59:07.754562,33,"workload_label",7,4,0.03,0.604651162790698,0.616279069767442,0.615503875968992,7,"top7","eeg_tb_ratio_precond;eeg_ab_ratio_precond;eda_sd_precond;hrv_rmssd_precond;hr_med_precond;eeg_tright_lbeta_power_precond;eeg_fl_hbeta_power_precond"
2025-12-19 15:59:08.212853,33,"workload_label",7,8,0.03,0.598837209302326,0.63953488372093,0.593798449612403,7,"top7","eeg_tb_ratio_precond;eeg_ab_ratio_precond;eda_sd_precond;hrv_rmssd_precond;hr_med_precond;eeg_tright_lbeta_power_precond;eeg_fl_hbeta_power_precond"
2025-12-19 15:59:08.276877,33,"workload_label",7,16,0.03,0.622093023255814,0.651162790697674,0.621705426356589,7,"top7","eeg_tb_ratio_precond;eeg_ab_ratio_precond;eda_sd_precond;hrv_rmssd_precond;hr_med_precond;eeg_tright_lbeta_power_precond;eeg_fl_hbeta_power_precond"
2025-12-19 15:59:08.32185,33,"workload_label",7,32,0.03,0.616279069767442,0.633720930232558,0.616279069767442,7,"top7","eeg_tb_ratio_precond;eeg_ab_ratio_precond;eda_sd_precond;hrv_rmssd_precond;hr_med_precond;eeg_tright_lbeta_power_precond;eeg_fl_hbeta_power_precond"
2025-12-19 15:59:08.422735,33,"workload_label",7,64,0.03,0.569767441860465,0.598837209302326,0.55968992248062,7,"top7","eeg_tb_ratio_precond;eeg_ab_ratio_precond;eda_sd_precond;hrv_rmssd_precond;hr_med_precond;eeg_tright_lbeta_power_precond;eeg_fl_hbeta_power_precond"
2025-12-19 15:59:08.698016,33,"workload_label",7,128,0.03,0.552325581395349,0.569767441860465,NA,7,"top7","eeg_tb_ratio_precond;eeg_ab_ratio_precond;eda_sd_precond;hrv_rmssd_precond;hr_med_precond;eeg_tright_lbeta_power_precond;eeg_fl_hbeta_power_precond"
2025-12-19 15:59:09.012127,33,"workload_label",7,256,0.03,0.552325581395349,0.569767441860465,NA,7,"top7","eeg_tb_ratio_precond;eeg_ab_ratio_precond;eda_sd_precond;hrv_rmssd_precond;hr_med_precond;eeg_tright_lbeta_power_precond;eeg_fl_hbeta_power_precond"
2025-12-19 15:59:08.510618,33,"workload_label",7,2,0.06,0.622093023255814,0.627906976744186,0.634108527131783,7,"top7","eeg_tb_ratio_precond;eeg_ab_ratio_precond;eda_sd_precond;hrv_rmssd_precond;hr_med_precond;eeg_tright_lbeta_power_precond;eeg_fl_hbeta_power_precond"
2025-12-19 15:59:08.514359,33,"workload_label",7,4,0.06,0.616279069767442,0.633720930232558,0.625581395348837,7,"top7","eeg_tb_ratio_precond;eeg_ab_ratio_precond;eda_sd_precond;hrv_rmssd_precond;hr_med_precond;eeg_tright_lbeta_power_precond;eeg_fl_hbeta_power_precond"
2025-12-19 15:59:08.673861,33,"workload_label",7,8,0.06,0.622093023255814,0.616279069767442,0.629457364341085,7,"top7","eeg_tb_ratio_precond;eeg_ab_ratio_precond;eda_sd_precond;hrv_rmssd_precond;hr_med_precond;eeg_tright_lbeta_power_precond;eeg_fl_hbeta_power_precond"
2025-12-19 15:59:08.689424,33,"workload_label",7,16,0.06,0.581395348837209,0.61046511627907,0.568217054263566,7,"top7","eeg_tb_ratio_precond;eeg_ab_ratio_precond;eda_sd_precond;hrv_rmssd_precond;hr_med_precond;eeg_tright_lbeta_power_precond;eeg_fl_hbeta_power_precond"
2025-12-19 15:59:08.91336,33,"workload_label",7,32,0.06,0.563953488372093,0.587209302325581,0.567441860465116,7,"top7","eeg_tb_ratio_precond;eeg_ab_ratio_precond;eda_sd_precond;hrv_rmssd_precond;hr_med_precond;eeg_tright_lbeta_power_precond;eeg_fl_hbeta_power_precond"
2025-12-19 15:59:09.237209,33,"workload_label",7,64,0.06,0.575581395348837,0.598837209302326,0.57984496124031,7,"top7","eeg_tb_ratio_precond;eeg_ab_ratio_precond;eda_sd_precond;hrv_rmssd_precond;hr_med_precond;eeg_tright_lbeta_power_precond;eeg_fl_hbeta_power_precond"
2025-12-19 15:59:09.39228,33,"workload_label",7,128,0.06,0.569767441860465,0.598837209302326,0.570542635658915,7,"top7","eeg_tb_ratio_precond;eeg_ab_ratio_precond;eda_sd_precond;hrv_rmssd_precond;hr_med_precond;eeg_tright_lbeta_power_precond;eeg_fl_hbeta_power_precond"
2025-12-19 15:59:09.603889,33,"workload_label",7,256,0.06,0.558139534883721,0.534883720930233,0.555813953488372,7,"top7","eeg_tb_ratio_precond;eeg_ab_ratio_precond;eda_sd_precond;hrv_rmssd_precond;hr_med_precond;eeg_tright_lbeta_power_precond;eeg_fl_hbeta_power_precond"
2025-12-19 15:59:09.24331,33,"workload_label",7,2,0.1,0.604651162790698,0.622093023255814,0.602325581395349,7,"top7","eeg_tb_ratio_precond;eeg_ab_ratio_precond;eda_sd_precond;hrv_rmssd_precond;hr_med_precond;eeg_tright_lbeta_power_precond;eeg_fl_hbeta_power_precond"
2025-12-19 15:59:09.312025,33,"workload_label",7,4,0.1,0.587209302325581,0.616279069767442,0.585271317829457,7,"top7","eeg_tb_ratio_precond;eeg_ab_ratio_precond;eda_sd_precond;hrv_rmssd_precond;hr_med_precond;eeg_tright_lbeta_power_precond;eeg_fl_hbeta_power_precond"
2025-12-19 15:59:09.369051,33,"workload_label",7,8,0.1,0.558139534883721,0.598837209302326,0.552713178294574,7,"top7","eeg_tb_ratio_precond;eeg_ab_ratio_precond;eda_sd_precond;hrv_rmssd_precond;hr_med_precond;eeg_tright_lbeta_power_precond;eeg_fl_hbeta_power_precond"
2025-12-19 15:59:09.448684,33,"workload_label",7,16,0.1,0.563953488372093,0.604651162790698,0.572868217054264,7,"top7","eeg_tb_ratio_precond;eeg_ab_ratio_precond;eda_sd_precond;hrv_rmssd_precond;hr_med_precond;eeg_tright_lbeta_power_precond;eeg_fl_hbeta_power_precond"
2025-12-19 15:59:09.556941,33,"workload_label",7,32,0.1,0.575581395348837,0.575581395348837,0.576744186046512,7,"top7","eeg_tb_ratio_precond;eeg_ab_ratio_precond;eda_sd_precond;hrv_rmssd_precond;hr_med_precond;eeg_tright_lbeta_power_precond;eeg_fl_hbeta_power_precond"
2025-12-19 15:59:09.677027,33,"workload_label",7,64,0.1,0.546511627906977,0.563953488372093,NA,7,"top7","eeg_tb_ratio_precond;eeg_ab_ratio_precond;eda_sd_precond;hrv_rmssd_precond;hr_med_precond;eeg_tright_lbeta_power_precond;eeg_fl_hbeta_power_precond"
2025-12-19 15:59:09.860863,33,"workload_label",7,128,0.1,0.558139534883721,0.494186046511628,NA,7,"top7","eeg_tb_ratio_precond;eeg_ab_ratio_precond;eda_sd_precond;hrv_rmssd_precond;hr_med_precond;eeg_tright_lbeta_power_precond;eeg_fl_hbeta_power_precond"
2025-12-19 15:59:09.946312,33,"workload_label",7,256,0.1,0.523255813953488,0.488372093023256,NA,7,"top7","eeg_tb_ratio_precond;eeg_ab_ratio_precond;eda_sd_precond;hrv_rmssd_precond;hr_med_precond;eeg_tright_lbeta_power_precond;eeg_fl_hbeta_power_precond"
2025-12-19 15:59:11.219415,34,"workload_label",7,2,0.0078125,0.651162790697674,0.686046511627907,0.629457364341085,7,"top7","eeg_tb_ratio_precond;eeg_ab_ratio_precond;hrv_rmssd_precond;eda_sd_precond;hr_med_precond;eeg_tleft_lbeta_power_precond;eeg_fl_hbeta_power_precond"
2025-12-19 15:59:11.21747,34,"workload_label",7,4,0.0078125,0.63953488372093,0.668604651162791,0.617054263565891,7,"top7","eeg_tb_ratio_precond;eeg_ab_ratio_precond;hrv_rmssd_precond;eda_sd_precond;hr_med_precond;eeg_tleft_lbeta_power_precond;eeg_fl_hbeta_power_precond"
2025-12-19 15:59:11.177929,34,"workload_label",7,8,0.0078125,0.63953488372093,0.674418604651163,0.611627906976744,7,"top7","eeg_tb_ratio_precond;eeg_ab_ratio_precond;hrv_rmssd_precond;eda_sd_precond;hr_med_precond;eeg_tleft_lbeta_power_precond;eeg_fl_hbeta_power_precond"
2025-12-19 15:59:11.229036,34,"workload_label",7,16,0.0078125,0.61046511627907,0.645348837209302,0.583720930232558,7,"top7","eeg_tb_ratio_precond;eeg_ab_ratio_precond;hrv_rmssd_precond;eda_sd_precond;hr_med_precond;eeg_tleft_lbeta_power_precond;eeg_fl_hbeta_power_precond"
2025-12-19 15:59:11.233998,34,"workload_label",7,32,0.0078125,0.598837209302326,0.651162790697674,0.568992248062016,7,"top7","eeg_tb_ratio_precond;eeg_ab_ratio_precond;hrv_rmssd_precond;eda_sd_precond;hr_med_precond;eeg_tleft_lbeta_power_precond;eeg_fl_hbeta_power_precond"
2025-12-19 15:59:11.250081,34,"workload_label",7,64,0.0078125,0.61046511627907,0.668604651162791,0.589922480620155,7,"top7","eeg_tb_ratio_precond;eeg_ab_ratio_precond;hrv_rmssd_precond;eda_sd_precond;hr_med_precond;eeg_tleft_lbeta_power_precond;eeg_fl_hbeta_power_precond"
2025-12-19 15:59:11.28386,34,"workload_label",7,128,0.0078125,0.616279069767442,0.656976744186046,0.594573643410853,7,"top7","eeg_tb_ratio_precond;eeg_ab_ratio_precond;hrv_rmssd_precond;eda_sd_precond;hr_med_precond;eeg_tleft_lbeta_power_precond;eeg_fl_hbeta_power_precond"
2025-12-19 15:59:11.318153,34,"workload_label",7,256,0.0078125,0.616279069767442,0.63953488372093,0.597674418604651,7,"top7","eeg_tb_ratio_precond;eeg_ab_ratio_precond;hrv_rmssd_precond;eda_sd_precond;hr_med_precond;eeg_tleft_lbeta_power_precond;eeg_fl_hbeta_power_precond"
2025-12-19 15:59:11.20962,34,"workload_label",7,2,0.015625,0.633720930232558,0.662790697674419,0.612403100775194,7,"top7","eeg_tb_ratio_precond;eeg_ab_ratio_precond;hrv_rmssd_precond;eda_sd_precond;hr_med_precond;eeg_tleft_lbeta_power_precond;eeg_fl_hbeta_power_precond"
2025-12-19 15:59:11.19489,34,"workload_label",7,4,0.015625,0.627906976744186,0.662790697674419,0.603100775193798,7,"top7","eeg_tb_ratio_precond;eeg_ab_ratio_precond;hrv_rmssd_precond;eda_sd_precond;hr_med_precond;eeg_tleft_lbeta_power_precond;eeg_fl_hbeta_power_precond"
2025-12-19 15:59:11.206151,34,"workload_label",7,8,0.015625,0.622093023255814,0.63953488372093,0.610077519379845,7,"top7","eeg_tb_ratio_precond;eeg_ab_ratio_precond;hrv_rmssd_precond;eda_sd_precond;hr_med_precond;eeg_tleft_lbeta_power_precond;eeg_fl_hbeta_power_precond"
2025-12-19 15:59:11.216845,34,"workload_label",7,16,0.015625,0.622093023255814,0.674418604651163,0.603875968992248,7,"top7","eeg_tb_ratio_precond;eeg_ab_ratio_precond;hrv_rmssd_precond;eda_sd_precond;hr_med_precond;eeg_tleft_lbeta_power_precond;eeg_fl_hbeta_power_precond"
2025-12-19 15:59:11.210378,34,"workload_label",7,32,0.015625,0.622093023255814,0.651162790697674,0.606976744186047,7,"top7","eeg_tb_ratio_precond;eeg_ab_ratio_precond;hrv_rmssd_precond;eda_sd_precond;hr_med_precond;eeg_tleft_lbeta_power_precond;eeg_fl_hbeta_power_precond"
2025-12-19 15:59:11.35462,34,"workload_label",7,64,0.015625,0.627906976744186,0.633720930232558,0.608527131782946,7,"top7","eeg_tb_ratio_precond;eeg_ab_ratio_precond;hrv_rmssd_precond;eda_sd_precond;hr_med_precond;eeg_tleft_lbeta_power_precond;eeg_fl_hbeta_power_precond"
2025-12-19 15:59:12.365377,34,"workload_label",7,128,0.015625,0.616279069767442,0.627906976744186,NA,7,"top7","eeg_tb_ratio_precond;eeg_ab_ratio_precond;hrv_rmssd_precond;eda_sd_precond;hr_med_precond;eeg_tleft_lbeta_power_precond;eeg_fl_hbeta_power_precond"
2025-12-19 15:59:12.580151,34,"workload_label",7,256,0.015625,0.604651162790698,0.616279069767442,NA,7,"top7","eeg_tb_ratio_precond;eeg_ab_ratio_precond;hrv_rmssd_precond;eda_sd_precond;hr_med_precond;eeg_tleft_lbeta_power_precond;eeg_fl_hbeta_power_precond"
2025-12-19 15:59:12.260146,34,"workload_label",7,2,0.03125,0.61046511627907,0.645348837209302,0.593023255813954,7,"top7","eeg_tb_ratio_precond;eeg_ab_ratio_precond;hrv_rmssd_precond;eda_sd_precond;hr_med_precond;eeg_tleft_lbeta_power_precond;eeg_fl_hbeta_power_precond"
2025-12-19 15:59:12.283992,34,"workload_label",7,4,0.03125,0.622093023255814,0.63953488372093,0.610077519379845,7,"top7","eeg_tb_ratio_precond;eeg_ab_ratio_precond;hrv_rmssd_precond;eda_sd_precond;hr_med_precond;eeg_tleft_lbeta_power_precond;eeg_fl_hbeta_power_precond"
2025-12-19 15:59:12.271552,34,"workload_label",7,8,0.03125,0.622093023255814,0.645348837209302,0.603100775193798,7,"top7","eeg_tb_ratio_precond;eeg_ab_ratio_precond;hrv_rmssd_precond;eda_sd_precond;hr_med_precond;eeg_tleft_lbeta_power_precond;eeg_fl_hbeta_power_precond"
2025-12-19 15:59:12.279358,34,"workload_label",7,16,0.03125,0.627906976744186,0.627906976744186,0.604651162790698,7,"top7","eeg_tb_ratio_precond;eeg_ab_ratio_precond;hrv_rmssd_precond;eda_sd_precond;hr_med_precond;eeg_tleft_lbeta_power_precond;eeg_fl_hbeta_power_precond"
2025-12-19 15:59:12.363166,34,"workload_label",7,32,0.03125,0.627906976744186,0.622093023255814,NA,7,"top7","eeg_tb_ratio_precond;eeg_ab_ratio_precond;hrv_rmssd_precond;eda_sd_precond;hr_med_precond;eeg_tleft_lbeta_power_precond;eeg_fl_hbeta_power_precond"
2025-12-19 15:59:12.421716,34,"workload_label",7,64,0.03125,0.61046511627907,0.616279069767442,NA,7,"top7","eeg_tb_ratio_precond;eeg_ab_ratio_precond;hrv_rmssd_precond;eda_sd_precond;hr_med_precond;eeg_tleft_lbeta_power_precond;eeg_fl_hbeta_power_precond"
2025-12-19 15:59:12.578447,34,"workload_label",7,128,0.03125,0.563953488372093,0.593023255813954,0.552713178294574,7,"top7","eeg_tb_ratio_precond;eeg_ab_ratio_precond;hrv_rmssd_precond;eda_sd_precond;hr_med_precond;eeg_tleft_lbeta_power_precond;eeg_fl_hbeta_power_precond"
2025-12-19 15:59:12.81798,34,"workload_label",7,256,0.03125,0.529069767441861,0.529069767441861,0.525581395348837,7,"top7","eeg_tb_ratio_precond;eeg_ab_ratio_precond;hrv_rmssd_precond;eda_sd_precond;hr_med_precond;eeg_tleft_lbeta_power_precond;eeg_fl_hbeta_power_precond"
2025-12-19 15:59:12.319086,34,"workload_label",7,2,0.0625,0.622093023255814,0.656976744186046,0.608527131782946,7,"top7","eeg_tb_ratio_precond;eeg_ab_ratio_precond;hrv_rmssd_precond;eda_sd_precond;hr_med_precond;eeg_tleft_lbeta_power_precond;eeg_fl_hbeta_power_precond"
2025-12-19 15:59:12.329956,34,"workload_label",7,4,0.0625,0.645348837209302,0.63953488372093,0.622480620155039,7,"top7","eeg_tb_ratio_precond;eeg_ab_ratio_precond;hrv_rmssd_precond;eda_sd_precond;hr_med_precond;eeg_tleft_lbeta_power_precond;eeg_fl_hbeta_power_precond"
2025-12-19 15:59:12.396566,34,"workload_label",7,8,0.0625,0.627906976744186,0.633720930232558,NA,7,"top7","eeg_tb_ratio_precond;eeg_ab_ratio_precond;hrv_rmssd_precond;eda_sd_precond;hr_med_precond;eeg_tleft_lbeta_power_precond;eeg_fl_hbeta_power_precond"
2025-12-19 15:59:12.461909,34,"workload_label",7,16,0.0625,0.604651162790698,0.593023255813954,NA,7,"top7","eeg_tb_ratio_precond;eeg_ab_ratio_precond;hrv_rmssd_precond;eda_sd_precond;hr_med_precond;eeg_tleft_lbeta_power_precond;eeg_fl_hbeta_power_precond"
2025-12-19 15:59:13.40275,34,"workload_label",7,32,0.0625,0.558139534883721,0.575581395348837,NA,7,"top7","eeg_tb_ratio_precond;eeg_ab_ratio_precond;hrv_rmssd_precond;eda_sd_precond;hr_med_precond;eeg_tleft_lbeta_power_precond;eeg_fl_hbeta_power_precond"
2025-12-19 15:59:13.550264,34,"workload_label",7,64,0.0625,0.529069767441861,0.563953488372093,0.514728682170543,7,"top7","eeg_tb_ratio_precond;eeg_ab_ratio_precond;hrv_rmssd_precond;eda_sd_precond;hr_med_precond;eeg_tleft_lbeta_power_precond;eeg_fl_hbeta_power_precond"
2025-12-19 15:59:13.761427,34,"workload_label",7,128,0.0625,0.558139534883721,0.534883720930233,0.542635658914729,7,"top7","eeg_tb_ratio_precond;eeg_ab_ratio_precond;hrv_rmssd_precond;eda_sd_precond;hr_med_precond;eeg_tleft_lbeta_power_precond;eeg_fl_hbeta_power_precond"
2025-12-19 15:59:14.065073,34,"workload_label",7,256,0.0625,0.529069767441861,0.459302325581395,0.527131782945736,7,"top7","eeg_tb_ratio_precond;eeg_ab_ratio_precond;hrv_rmssd_precond;eda_sd_precond;hr_med_precond;eeg_tleft_lbeta_power_precond;eeg_fl_hbeta_power_precond"
2025-12-19 15:59:13.337818,34,"workload_label",7,2,0.125,0.616279069767442,0.651162790697674,0.613953488372093,7,"top7","eeg_tb_ratio_precond;eeg_ab_ratio_precond;hrv_rmssd_precond;eda_sd_precond;hr_med_precond;eeg_tleft_lbeta_power_precond;eeg_fl_hbeta_power_precond"
2025-12-19 15:59:13.387183,34,"workload_label",7,4,0.125,0.593023255813954,0.604651162790698,NA,7,"top7","eeg_tb_ratio_precond;eeg_ab_ratio_precond;hrv_rmssd_precond;eda_sd_precond;hr_med_precond;eeg_tleft_lbeta_power_precond;eeg_fl_hbeta_power_precond"
2025-12-19 15:59:13.450699,34,"workload_label",7,8,0.125,0.552325581395349,0.540697674418605,NA,7,"top7","eeg_tb_ratio_precond;eeg_ab_ratio_precond;hrv_rmssd_precond;eda_sd_precond;hr_med_precond;eeg_tleft_lbeta_power_precond;eeg_fl_hbeta_power_precond"
2025-12-19 15:59:13.509392,34,"workload_label",7,16,0.125,0.523255813953488,0.540697674418605,NA,7,"top7","eeg_tb_ratio_precond;eeg_ab_ratio_precond;hrv_rmssd_precond;eda_sd_precond;hr_med_precond;eeg_tleft_lbeta_power_precond;eeg_fl_hbeta_power_precond"
2025-12-19 15:59:13.617834,34,"workload_label",7,32,0.125,0.558139534883721,0.511627906976744,0.544961240310078,7,"top7","eeg_tb_ratio_precond;eeg_ab_ratio_precond;hrv_rmssd_precond;eda_sd_precond;hr_med_precond;eeg_tleft_lbeta_power_precond;eeg_fl_hbeta_power_precond"
2025-12-19 15:59:13.821687,34,"workload_label",7,64,0.125,0.534883720930233,0.529069767441861,NA,7,"top7","eeg_tb_ratio_precond;eeg_ab_ratio_precond;hrv_rmssd_precond;eda_sd_precond;hr_med_precond;eeg_tleft_lbeta_power_precond;eeg_fl_hbeta_power_precond"
2025-12-19 15:59:14.010051,34,"workload_label",7,128,0.125,0.494186046511628,0.436046511627907,NA,7,"top7","eeg_tb_ratio_precond;eeg_ab_ratio_precond;hrv_rmssd_precond;eda_sd_precond;hr_med_precond;eeg_tleft_lbeta_power_precond;eeg_fl_hbeta_power_precond"
2025-12-19 15:59:14.25686,34,"workload_label",7,256,0.125,0.529069767441861,0.453488372093023,NA,7,"top7","eeg_tb_ratio_precond;eeg_ab_ratio_precond;hrv_rmssd_precond;eda_sd_precond;hr_med_precond;eeg_tleft_lbeta_power_precond;eeg_fl_hbeta_power_precond"
2025-12-19 15:59:13.619691,34,"workload_label",7,2,0.03,0.61046511627907,0.651162790697674,0.593023255813954,7,"top7","eeg_tb_ratio_precond;eeg_ab_ratio_precond;hrv_rmssd_precond;eda_sd_precond;hr_med_precond;eeg_tleft_lbeta_power_precond;eeg_fl_hbeta_power_precond"
2025-12-19 15:59:13.843404,34,"workload_label",7,4,0.03,0.627906976744186,0.63953488372093,0.617054263565891,7,"top7","eeg_tb_ratio_precond;eeg_ab_ratio_precond;hrv_rmssd_precond;eda_sd_precond;hr_med_precond;eeg_tleft_lbeta_power_precond;eeg_fl_hbeta_power_precond"
2025-12-19 15:59:14.363397,34,"workload_label",7,8,0.03,0.633720930232558,0.656976744186046,0.610852713178295,7,"top7","eeg_tb_ratio_precond;eeg_ab_ratio_precond;hrv_rmssd_precond;eda_sd_precond;hr_med_precond;eeg_tleft_lbeta_power_precond;eeg_fl_hbeta_power_precond"
2025-12-19 15:59:14.417805,34,"workload_label",7,16,0.03,0.627906976744186,0.627906976744186,0.604651162790698,7,"top7","eeg_tb_ratio_precond;eeg_ab_ratio_precond;hrv_rmssd_precond;eda_sd_precond;hr_med_precond;eeg_tleft_lbeta_power_precond;eeg_fl_hbeta_power_precond"
2025-12-19 15:59:14.510504,34,"workload_label",7,32,0.03,0.627906976744186,0.622093023255814,NA,7,"top7","eeg_tb_ratio_precond;eeg_ab_ratio_precond;hrv_rmssd_precond;eda_sd_precond;hr_med_precond;eeg_tleft_lbeta_power_precond;eeg_fl_hbeta_power_precond"
2025-12-19 15:59:14.629198,34,"workload_label",7,64,0.03,0.616279069767442,0.616279069767442,NA,7,"top7","eeg_tb_ratio_precond;eeg_ab_ratio_precond;hrv_rmssd_precond;eda_sd_precond;hr_med_precond;eeg_tleft_lbeta_power_precond;eeg_fl_hbeta_power_precond"
2025-12-19 15:59:14.837416,34,"workload_label",7,128,0.03,0.575581395348837,0.587209302325581,0.55968992248062,7,"top7","eeg_tb_ratio_precond;eeg_ab_ratio_precond;hrv_rmssd_precond;eda_sd_precond;hr_med_precond;eeg_tleft_lbeta_power_precond;eeg_fl_hbeta_power_precond"
2025-12-19 15:59:15.09213,34,"workload_label",7,256,0.03,0.523255813953488,0.552325581395349,0.521705426356589,7,"top7","eeg_tb_ratio_precond;eeg_ab_ratio_precond;hrv_rmssd_precond;eda_sd_precond;hr_med_precond;eeg_tleft_lbeta_power_precond;eeg_fl_hbeta_power_precond"
2025-12-19 15:59:14.639687,34,"workload_label",7,2,0.06,0.622093023255814,0.651162790697674,0.608527131782946,7,"top7","eeg_tb_ratio_precond;eeg_ab_ratio_precond;hrv_rmssd_precond;eda_sd_precond;hr_med_precond;eeg_tleft_lbeta_power_precond;eeg_fl_hbeta_power_precond"
2025-12-19 15:59:14.656381,34,"workload_label",7,4,0.06,0.645348837209302,0.63953488372093,0.622480620155039,7,"top7","eeg_tb_ratio_precond;eeg_ab_ratio_precond;hrv_rmssd_precond;eda_sd_precond;hr_med_precond;eeg_tleft_lbeta_power_precond;eeg_fl_hbeta_power_precond"
2025-12-19 15:59:14.846468,34,"workload_label",7,8,0.06,0.627906976744186,0.633720930232558,NA,7,"top7","eeg_tb_ratio_precond;eeg_ab_ratio_precond;hrv_rmssd_precond;eda_sd_precond;hr_med_precond;eeg_tleft_lbeta_power_precond;eeg_fl_hbeta_power_precond"
2025-12-19 15:59:14.894447,34,"workload_label",7,16,0.06,0.604651162790698,0.598837209302326,NA,7,"top7","eeg_tb_ratio_precond;eeg_ab_ratio_precond;hrv_rmssd_precond;eda_sd_precond;hr_med_precond;eeg_tleft_lbeta_power_precond;eeg_fl_hbeta_power_precond"
2025-12-19 15:59:14.97918,34,"workload_label",7,32,0.06,0.563953488372093,0.575581395348837,NA,7,"top7","eeg_tb_ratio_precond;eeg_ab_ratio_precond;hrv_rmssd_precond;eda_sd_precond;hr_med_precond;eeg_tleft_lbeta_power_precond;eeg_fl_hbeta_power_precond"
2025-12-19 15:59:15.207221,34,"workload_label",7,64,0.06,0.534883720930233,0.540697674418605,0.526356589147287,7,"top7","eeg_tb_ratio_precond;eeg_ab_ratio_precond;hrv_rmssd_precond;eda_sd_precond;hr_med_precond;eeg_tleft_lbeta_power_precond;eeg_fl_hbeta_power_precond"
2025-12-19 15:59:15.473899,34,"workload_label",7,128,0.06,0.563953488372093,0.546511627906977,0.546511627906977,7,"top7","eeg_tb_ratio_precond;eeg_ab_ratio_precond;hrv_rmssd_precond;eda_sd_precond;hr_med_precond;eeg_tleft_lbeta_power_precond;eeg_fl_hbeta_power_precond"
2025-12-19 15:59:15.808581,34,"workload_label",7,256,0.06,0.529069767441861,0.517441860465116,0.524806201550388,7,"top7","eeg_tb_ratio_precond;eeg_ab_ratio_precond;hrv_rmssd_precond;eda_sd_precond;hr_med_precond;eeg_tleft_lbeta_power_precond;eeg_fl_hbeta_power_precond"
2025-12-19 15:59:15.320339,34,"workload_label",7,2,0.1,0.622093023255814,0.651162790697674,0.613953488372093,7,"top7","eeg_tb_ratio_precond;eeg_ab_ratio_precond;hrv_rmssd_precond;eda_sd_precond;hr_med_precond;eeg_tleft_lbeta_power_precond;eeg_fl_hbeta_power_precond"
2025-12-19 15:59:15.414801,34,"workload_label",7,4,0.1,0.61046511627907,0.63953488372093,NA,7,"top7","eeg_tb_ratio_precond;eeg_ab_ratio_precond;hrv_rmssd_precond;eda_sd_precond;hr_med_precond;eeg_tleft_lbeta_power_precond;eeg_fl_hbeta_power_precond"
2025-12-19 15:59:15.503268,34,"workload_label",7,8,0.1,0.581395348837209,0.581395348837209,NA,7,"top7","eeg_tb_ratio_precond;eeg_ab_ratio_precond;hrv_rmssd_precond;eda_sd_precond;hr_med_precond;eeg_tleft_lbeta_power_precond;eeg_fl_hbeta_power_precond"
2025-12-19 15:59:15.62695,34,"workload_label",7,16,0.1,0.552325581395349,0.587209302325581,NA,7,"top7","eeg_tb_ratio_precond;eeg_ab_ratio_precond;hrv_rmssd_precond;eda_sd_precond;hr_med_precond;eeg_tleft_lbeta_power_precond;eeg_fl_hbeta_power_precond"
2025-12-19 15:59:15.683634,34,"workload_label",7,32,0.1,0.523255813953488,0.546511627906977,NA,7,"top7","eeg_tb_ratio_precond;eeg_ab_ratio_precond;hrv_rmssd_precond;eda_sd_precond;hr_med_precond;eeg_tleft_lbeta_power_precond;eeg_fl_hbeta_power_precond"
2025-12-19 15:59:15.738217,34,"workload_label",7,64,0.1,0.558139534883721,0.5,0.544186046511628,7,"top7","eeg_tb_ratio_precond;eeg_ab_ratio_precond;hrv_rmssd_precond;eda_sd_precond;hr_med_precond;eeg_tleft_lbeta_power_precond;eeg_fl_hbeta_power_precond"
2025-12-19 15:59:16.147878,34,"workload_label",7,128,0.1,0.529069767441861,0.505813953488372,NA,7,"top7","eeg_tb_ratio_precond;eeg_ab_ratio_precond;hrv_rmssd_precond;eda_sd_precond;hr_med_precond;eeg_tleft_lbeta_power_precond;eeg_fl_hbeta_power_precond"
2025-12-19 15:59:16.296902,34,"workload_label",7,256,0.1,0.5,0.5,NA,7,"top7","eeg_tb_ratio_precond;eeg_ab_ratio_precond;hrv_rmssd_precond;eda_sd_precond;hr_med_precond;eeg_tleft_lbeta_power_precond;eeg_fl_hbeta_power_precond"
2025-12-19 15:59:17.653418,35,"workload_label",7,2,0.0078125,0.622093023255814,0.645348837209302,0.589147286821705,7,"top7","eeg_tb_ratio_precond;eeg_ab_ratio_precond;hrv_rmssd_precond;eda_sd_precond;hr_med_precond;eeg_fl_hbeta_power_precond;eeg_tright_lbeta_power_precond"
2025-12-19 15:59:17.65144,35,"workload_label",7,4,0.0078125,0.616279069767442,0.622093023255814,0.585271317829457,7,"top7","eeg_tb_ratio_precond;eeg_ab_ratio_precond;hrv_rmssd_precond;eda_sd_precond;hr_med_precond;eeg_fl_hbeta_power_precond;eeg_tright_lbeta_power_precond"
2025-12-19 15:59:17.562682,35,"workload_label",7,8,0.0078125,0.616279069767442,0.627906976744186,0.585271317829457,7,"top7","eeg_tb_ratio_precond;eeg_ab_ratio_precond;hrv_rmssd_precond;eda_sd_precond;hr_med_precond;eeg_fl_hbeta_power_precond;eeg_tright_lbeta_power_precond"
2025-12-19 15:59:17.56555,35,"workload_label",7,16,0.0078125,0.587209302325581,0.61046511627907,0.570542635658915,7,"top7","eeg_tb_ratio_precond;eeg_ab_ratio_precond;hrv_rmssd_precond;eda_sd_precond;hr_med_precond;eeg_fl_hbeta_power_precond;eeg_tright_lbeta_power_precond"
2025-12-19 15:59:17.585319,35,"workload_label",7,32,0.0078125,0.569767441860465,0.604651162790698,0.546511627906977,7,"top7","eeg_tb_ratio_precond;eeg_ab_ratio_precond;hrv_rmssd_precond;eda_sd_precond;hr_med_precond;eeg_fl_hbeta_power_precond;eeg_tright_lbeta_power_precond"
2025-12-19 15:59:17.57293,35,"workload_label",7,64,0.0078125,0.587209302325581,0.633720930232558,0.581395348837209,7,"top7","eeg_tb_ratio_precond;eeg_ab_ratio_precond;hrv_rmssd_precond;eda_sd_precond;hr_med_precond;eeg_fl_hbeta_power_precond;eeg_tright_lbeta_power_precond"
2025-12-19 15:59:17.664996,35,"workload_label",7,128,0.0078125,0.593023255813954,0.627906976744186,0.584496124031008,7,"top7","eeg_tb_ratio_precond;eeg_ab_ratio_precond;hrv_rmssd_precond;eda_sd_precond;hr_med_precond;eeg_fl_hbeta_power_precond;eeg_tright_lbeta_power_precond"
2025-12-19 15:59:17.76952,35,"workload_label",7,256,0.0078125,0.61046511627907,0.63953488372093,0.602325581395349,7,"top7","eeg_tb_ratio_precond;eeg_ab_ratio_precond;hrv_rmssd_precond;eda_sd_precond;hr_med_precond;eeg_fl_hbeta_power_precond;eeg_tright_lbeta_power_precond"
2025-12-19 15:59:17.650442,35,"workload_label",7,2,0.015625,0.604651162790698,0.61046511627907,0.575193798449612,7,"top7","eeg_tb_ratio_precond;eeg_ab_ratio_precond;hrv_rmssd_precond;eda_sd_precond;hr_med_precond;eeg_fl_hbeta_power_precond;eeg_tright_lbeta_power_precond"
2025-12-19 15:59:17.603555,35,"workload_label",7,4,0.015625,0.616279069767442,0.633720930232558,0.583720930232558,7,"top7","eeg_tb_ratio_precond;eeg_ab_ratio_precond;hrv_rmssd_precond;eda_sd_precond;hr_med_precond;eeg_fl_hbeta_power_precond;eeg_tright_lbeta_power_precond"
2025-12-19 15:59:17.582686,35,"workload_label",7,8,0.015625,0.552325581395349,0.598837209302326,0.545736434108527,7,"top7","eeg_tb_ratio_precond;eeg_ab_ratio_precond;hrv_rmssd_precond;eda_sd_precond;hr_med_precond;eeg_fl_hbeta_power_precond;eeg_tright_lbeta_power_precond"
2025-12-19 15:59:17.641985,35,"workload_label",7,16,0.015625,0.581395348837209,0.645348837209302,0.582170542635659,7,"top7","eeg_tb_ratio_precond;eeg_ab_ratio_precond;hrv_rmssd_precond;eda_sd_precond;hr_med_precond;eeg_fl_hbeta_power_precond;eeg_tright_lbeta_power_precond"
2025-12-19 15:59:17.630235,35,"workload_label",7,32,0.015625,0.604651162790698,0.63953488372093,0.6,7,"top7","eeg_tb_ratio_precond;eeg_ab_ratio_precond;hrv_rmssd_precond;eda_sd_precond;hr_med_precond;eeg_fl_hbeta_power_precond;eeg_tright_lbeta_power_precond"
2025-12-19 15:59:17.693893,35,"workload_label",7,64,0.015625,0.593023255813954,0.616279069767442,0.581395348837209,7,"top7","eeg_tb_ratio_precond;eeg_ab_ratio_precond;hrv_rmssd_precond;eda_sd_precond;hr_med_precond;eeg_fl_hbeta_power_precond;eeg_tright_lbeta_power_precond"
2025-12-19 15:59:18.762329,35,"workload_label",7,128,0.015625,0.587209302325581,0.604651162790698,0.584496124031008,7,"top7","eeg_tb_ratio_precond;eeg_ab_ratio_precond;hrv_rmssd_precond;eda_sd_precond;hr_med_precond;eeg_fl_hbeta_power_precond;eeg_tright_lbeta_power_precond"
2025-12-19 15:59:18.923393,35,"workload_label",7,256,0.015625,0.540697674418605,0.581395348837209,NA,7,"top7","eeg_tb_ratio_precond;eeg_ab_ratio_precond;hrv_rmssd_precond;eda_sd_precond;hr_med_precond;eeg_fl_hbeta_power_precond;eeg_tright_lbeta_power_precond"
2025-12-19 15:59:18.620026,35,"workload_label",7,2,0.03125,0.616279069767442,0.645348837209302,0.589922480620155,7,"top7","eeg_tb_ratio_precond;eeg_ab_ratio_precond;hrv_rmssd_precond;eda_sd_precond;hr_med_precond;eeg_fl_hbeta_power_precond;eeg_tright_lbeta_power_precond"
2025-12-19 15:59:18.659608,35,"workload_label",7,4,0.03125,0.569767441860465,0.622093023255814,0.562790697674419,7,"top7","eeg_tb_ratio_precond;eeg_ab_ratio_precond;hrv_rmssd_precond;eda_sd_precond;hr_med_precond;eeg_fl_hbeta_power_precond;eeg_tright_lbeta_power_precond"
2025-12-19 15:59:18.641751,35,"workload_label",7,8,0.03125,0.598837209302326,0.645348837209302,0.59922480620155,7,"top7","eeg_tb_ratio_precond;eeg_ab_ratio_precond;hrv_rmssd_precond;eda_sd_precond;hr_med_precond;eeg_fl_hbeta_power_precond;eeg_tright_lbeta_power_precond"
2025-12-19 15:59:18.667859,35,"workload_label",7,16,0.03125,0.593023255813954,0.616279069767442,0.581395348837209,7,"top7","eeg_tb_ratio_precond;eeg_ab_ratio_precond;hrv_rmssd_precond;eda_sd_precond;hr_med_precond;eeg_fl_hbeta_power_precond;eeg_tright_lbeta_power_precond"
2025-12-19 15:59:18.729752,35,"workload_label",7,32,0.03125,0.558139534883721,0.593023255813954,NA,7,"top7","eeg_tb_ratio_precond;eeg_ab_ratio_precond;hrv_rmssd_precond;eda_sd_precond;hr_med_precond;eeg_fl_hbeta_power_precond;eeg_tright_lbeta_power_precond"
2025-12-19 15:59:18.831726,35,"workload_label",7,64,0.03125,0.529069767441861,0.569767441860465,NA,7,"top7","eeg_tb_ratio_precond;eeg_ab_ratio_precond;hrv_rmssd_precond;eda_sd_precond;hr_med_precond;eeg_fl_hbeta_power_precond;eeg_tright_lbeta_power_precond"
2025-12-19 15:59:19.010981,35,"workload_label",7,128,0.03125,0.529069767441861,0.552325581395349,NA,7,"top7","eeg_tb_ratio_precond;eeg_ab_ratio_precond;hrv_rmssd_precond;eda_sd_precond;hr_med_precond;eeg_fl_hbeta_power_precond;eeg_tright_lbeta_power_precond"
2025-12-19 15:59:19.264805,35,"workload_label",7,256,0.03125,0.529069767441861,0.563953488372093,NA,7,"top7","eeg_tb_ratio_precond;eeg_ab_ratio_precond;hrv_rmssd_precond;eda_sd_precond;hr_med_precond;eeg_fl_hbeta_power_precond;eeg_tright_lbeta_power_precond"
2025-12-19 15:59:18.691393,35,"workload_label",7,2,0.0625,0.61046511627907,0.598837209302326,0.610852713178295,7,"top7","eeg_tb_ratio_precond;eeg_ab_ratio_precond;hrv_rmssd_precond;eda_sd_precond;hr_med_precond;eeg_fl_hbeta_power_precond;eeg_tright_lbeta_power_precond"
2025-12-19 15:59:18.688349,35,"workload_label",7,4,0.0625,0.575581395348837,0.604651162790698,0.568992248062016,7,"top7","eeg_tb_ratio_precond;eeg_ab_ratio_precond;hrv_rmssd_precond;eda_sd_precond;hr_med_precond;eeg_fl_hbeta_power_precond;eeg_tright_lbeta_power_precond"
2025-12-19 15:59:18.766383,35,"workload_label",7,8,0.0625,0.552325581395349,0.587209302325581,NA,7,"top7","eeg_tb_ratio_precond;eeg_ab_ratio_precond;hrv_rmssd_precond;eda_sd_precond;hr_med_precond;eeg_fl_hbeta_power_precond;eeg_tright_lbeta_power_precond"
2025-12-19 15:59:18.876288,35,"workload_label",7,16,0.0625,0.540697674418605,0.575581395348837,NA,7,"top7","eeg_tb_ratio_precond;eeg_ab_ratio_precond;hrv_rmssd_precond;eda_sd_precond;hr_med_precond;eeg_fl_hbeta_power_precond;eeg_tright_lbeta_power_precond"
2025-12-19 15:59:19.770267,35,"workload_label",7,32,0.0625,0.534883720930233,0.558139534883721,NA,7,"top7","eeg_tb_ratio_precond;eeg_ab_ratio_precond;hrv_rmssd_precond;eda_sd_precond;hr_med_precond;eeg_fl_hbeta_power_precond;eeg_tright_lbeta_power_precond"
2025-12-19 15:59:19.971774,35,"workload_label",7,64,0.0625,0.534883720930233,0.563953488372093,NA,7,"top7","eeg_tb_ratio_precond;eeg_ab_ratio_precond;hrv_rmssd_precond;eda_sd_precond;hr_med_precond;eeg_fl_hbeta_power_precond;eeg_tright_lbeta_power_precond"
2025-12-19 15:59:20.162179,35,"workload_label",7,128,0.0625,0.558139534883721,0.523255813953488,0.549612403100775,7,"top7","eeg_tb_ratio_precond;eeg_ab_ratio_precond;hrv_rmssd_precond;eda_sd_precond;hr_med_precond;eeg_fl_hbeta_power_precond;eeg_tright_lbeta_power_precond"
2025-12-19 15:59:20.518793,35,"workload_label",7,256,0.0625,0.546511627906977,0.494186046511628,0.53953488372093,7,"top7","eeg_tb_ratio_precond;eeg_ab_ratio_precond;hrv_rmssd_precond;eda_sd_precond;hr_med_precond;eeg_fl_hbeta_power_precond;eeg_tright_lbeta_power_precond"
2025-12-19 15:59:19.74436,35,"workload_label",7,2,0.125,0.558139534883721,0.604651162790698,0.553488372093023,7,"top7","eeg_tb_ratio_precond;eeg_ab_ratio_precond;hrv_rmssd_precond;eda_sd_precond;hr_med_precond;eeg_fl_hbeta_power_precond;eeg_tright_lbeta_power_precond"
2025-12-19 15:59:19.751525,35,"workload_label",7,4,0.125,0.540697674418605,0.598837209302326,NA,7,"top7","eeg_tb_ratio_precond;eeg_ab_ratio_precond;hrv_rmssd_precond;eda_sd_precond;hr_med_precond;eeg_fl_hbeta_power_precond;eeg_tright_lbeta_power_precond"
2025-12-19 15:59:19.848143,35,"workload_label",7,8,0.125,0.523255813953488,0.575581395348837,NA,7,"top7","eeg_tb_ratio_precond;eeg_ab_ratio_precond;hrv_rmssd_precond;eda_sd_precond;hr_med_precond;eeg_fl_hbeta_power_precond;eeg_tright_lbeta_power_precond"
2025-12-19 15:59:19.922653,35,"workload_label",7,16,0.125,0.546511627906977,0.534883720930233,NA,7,"top7","eeg_tb_ratio_precond;eeg_ab_ratio_precond;hrv_rmssd_precond;eda_sd_precond;hr_med_precond;eeg_fl_hbeta_power_precond;eeg_tright_lbeta_power_precond"
2025-12-19 15:59:20.049875,35,"workload_label",7,32,0.125,0.575581395348837,0.540697674418605,0.569767441860465,7,"top7","eeg_tb_ratio_precond;eeg_ab_ratio_precond;hrv_rmssd_precond;eda_sd_precond;hr_med_precond;eeg_fl_hbeta_power_precond;eeg_tright_lbeta_power_precond"
2025-12-19 15:59:20.214266,35,"workload_label",7,64,0.125,0.569767441860465,0.47093023255814,NA,7,"top7","eeg_tb_ratio_precond;eeg_ab_ratio_precond;hrv_rmssd_precond;eda_sd_precond;hr_med_precond;eeg_fl_hbeta_power_precond;eeg_tright_lbeta_power_precond"
2025-12-19 15:59:20.397718,35,"workload_label",7,128,0.125,0.523255813953488,0.465116279069767,NA,7,"top7","eeg_tb_ratio_precond;eeg_ab_ratio_precond;hrv_rmssd_precond;eda_sd_precond;hr_med_precond;eeg_fl_hbeta_power_precond;eeg_tright_lbeta_power_precond"
2025-12-19 15:59:20.575517,35,"workload_label",7,256,0.125,0.540697674418605,0.38953488372093,NA,7,"top7","eeg_tb_ratio_precond;eeg_ab_ratio_precond;hrv_rmssd_precond;eda_sd_precond;hr_med_precond;eeg_fl_hbeta_power_precond;eeg_tright_lbeta_power_precond"
2025-12-19 15:59:20.050808,35,"workload_label",7,2,0.03,0.616279069767442,0.645348837209302,0.589922480620155,7,"top7","eeg_tb_ratio_precond;eeg_ab_ratio_precond;hrv_rmssd_precond;eda_sd_precond;hr_med_precond;eeg_fl_hbeta_power_precond;eeg_tright_lbeta_power_precond"
2025-12-19 15:59:20.307715,35,"workload_label",7,4,0.03,0.575581395348837,0.616279069767442,0.566666666666667,7,"top7","eeg_tb_ratio_precond;eeg_ab_ratio_precond;hrv_rmssd_precond;eda_sd_precond;hr_med_precond;eeg_fl_hbeta_power_precond;eeg_tright_lbeta_power_precond"
2025-12-19 15:59:20.78674,35,"workload_label",7,8,0.03,0.598837209302326,0.645348837209302,0.59922480620155,7,"top7","eeg_tb_ratio_precond;eeg_ab_ratio_precond;hrv_rmssd_precond;eda_sd_precond;hr_med_precond;eeg_fl_hbeta_power_precond;eeg_tright_lbeta_power_precond"
2025-12-19 15:59:20.780683,35,"workload_label",7,16,0.03,0.593023255813954,0.622093023255814,0.581395348837209,7,"top7","eeg_tb_ratio_precond;eeg_ab_ratio_precond;hrv_rmssd_precond;eda_sd_precond;hr_med_precond;eeg_fl_hbeta_power_precond;eeg_tright_lbeta_power_precond"
2025-12-19 15:59:20.86933,35,"workload_label",7,32,0.03,0.558139534883721,0.598837209302326,NA,7,"top7","eeg_tb_ratio_precond;eeg_ab_ratio_precond;hrv_rmssd_precond;eda_sd_precond;hr_med_precond;eeg_fl_hbeta_power_precond;eeg_tright_lbeta_power_precond"
2025-12-19 15:59:21.044048,35,"workload_label",7,64,0.03,0.523255813953488,0.575581395348837,NA,7,"top7","eeg_tb_ratio_precond;eeg_ab_ratio_precond;hrv_rmssd_precond;eda_sd_precond;hr_med_precond;eeg_fl_hbeta_power_precond;eeg_tright_lbeta_power_precond"
2025-12-19 15:59:21.281582,35,"workload_label",7,128,0.03,0.529069767441861,0.563953488372093,NA,7,"top7","eeg_tb_ratio_precond;eeg_ab_ratio_precond;hrv_rmssd_precond;eda_sd_precond;hr_med_precond;eeg_fl_hbeta_power_precond;eeg_tright_lbeta_power_precond"
2025-12-19 15:59:21.605934,35,"workload_label",7,256,0.03,0.529069767441861,0.529069767441861,NA,7,"top7","eeg_tb_ratio_precond;eeg_ab_ratio_precond;hrv_rmssd_precond;eda_sd_precond;hr_med_precond;eeg_fl_hbeta_power_precond;eeg_tright_lbeta_power_precond"
2025-12-19 15:59:21.094483,35,"workload_label",7,2,0.06,0.598837209302326,0.598837209302326,0.597674418604651,7,"top7","eeg_tb_ratio_precond;eeg_ab_ratio_precond;hrv_rmssd_precond;eda_sd_precond;hr_med_precond;eeg_fl_hbeta_power_precond;eeg_tright_lbeta_power_precond"
2025-12-19 15:59:21.064772,35,"workload_label",7,4,0.06,0.569767441860465,0.604651162790698,0.55968992248062,7,"top7","eeg_tb_ratio_precond;eeg_ab_ratio_precond;hrv_rmssd_precond;eda_sd_precond;hr_med_precond;eeg_fl_hbeta_power_precond;eeg_tright_lbeta_power_precond"
2025-12-19 15:59:21.228824,35,"workload_label",7,8,0.06,0.558139534883721,0.593023255813954,0.55968992248062,7,"top7","eeg_tb_ratio_precond;eeg_ab_ratio_precond;hrv_rmssd_precond;eda_sd_precond;hr_med_precond;eeg_fl_hbeta_power_precond;eeg_tright_lbeta_power_precond"
2025-12-19 15:59:21.327559,35,"workload_label",7,16,0.06,0.540697674418605,0.575581395348837,NA,7,"top7","eeg_tb_ratio_precond;eeg_ab_ratio_precond;hrv_rmssd_precond;eda_sd_precond;hr_med_precond;eeg_fl_hbeta_power_precond;eeg_tright_lbeta_power_precond"
2025-12-19 15:59:21.494323,35,"workload_label",7,32,0.06,0.529069767441861,0.563953488372093,NA,7,"top7","eeg_tb_ratio_precond;eeg_ab_ratio_precond;hrv_rmssd_precond;eda_sd_precond;hr_med_precond;eeg_fl_hbeta_power_precond;eeg_tright_lbeta_power_precond"
2025-12-19 15:59:21.709032,35,"workload_label",7,64,0.06,0.529069767441861,0.569767441860465,NA,7,"top7","eeg_tb_ratio_precond;eeg_ab_ratio_precond;hrv_rmssd_precond;eda_sd_precond;hr_med_precond;eeg_fl_hbeta_power_precond;eeg_tright_lbeta_power_precond"
2025-12-19 15:59:21.930247,35,"workload_label",7,128,0.06,0.558139534883721,0.534883720930233,0.541860465116279,7,"top7","eeg_tb_ratio_precond;eeg_ab_ratio_precond;hrv_rmssd_precond;eda_sd_precond;hr_med_precond;eeg_fl_hbeta_power_precond;eeg_tright_lbeta_power_precond"
2025-12-19 15:59:22.204921,35,"workload_label",7,256,0.06,0.546511627906977,0.511627906976744,0.545736434108527,7,"top7","eeg_tb_ratio_precond;eeg_ab_ratio_precond;hrv_rmssd_precond;eda_sd_precond;hr_med_precond;eeg_fl_hbeta_power_precond;eeg_tright_lbeta_power_precond"
2025-12-19 15:59:21.813914,35,"workload_label",7,2,0.1,0.569767441860465,0.604651162790698,0.557364341085271,7,"top7","eeg_tb_ratio_precond;eeg_ab_ratio_precond;hrv_rmssd_precond;eda_sd_precond;hr_med_precond;eeg_fl_hbeta_power_precond;eeg_tright_lbeta_power_precond"
2025-12-19 15:59:21.793023,35,"workload_label",7,4,0.1,0.552325581395349,0.593023255813954,0.545736434108527,7,"top7","eeg_tb_ratio_precond;eeg_ab_ratio_precond;hrv_rmssd_precond;eda_sd_precond;hr_med_precond;eeg_fl_hbeta_power_precond;eeg_tright_lbeta_power_precond"
2025-12-19 15:59:21.942211,35,"workload_label",7,8,0.1,0.517441860465116,0.581395348837209,NA,7,"top7","eeg_tb_ratio_precond;eeg_ab_ratio_precond;hrv_rmssd_precond;eda_sd_precond;hr_med_precond;eeg_fl_hbeta_power_precond;eeg_tright_lbeta_power_precond"
2025-12-19 15:59:22.061488,35,"workload_label",7,16,0.1,0.534883720930233,0.534883720930233,NA,7,"top7","eeg_tb_ratio_precond;eeg_ab_ratio_precond;hrv_rmssd_precond;eda_sd_precond;hr_med_precond;eeg_fl_hbeta_power_precond;eeg_tright_lbeta_power_precond"
2025-12-19 15:59:22.131711,35,"workload_label",7,32,0.1,0.552325581395349,0.517441860465116,NA,7,"top7","eeg_tb_ratio_precond;eeg_ab_ratio_precond;hrv_rmssd_precond;eda_sd_precond;hr_med_precond;eeg_fl_hbeta_power_precond;eeg_tright_lbeta_power_precond"
2025-12-19 15:59:22.252471,35,"workload_label",7,64,0.1,0.563953488372093,0.534883720930233,0.556589147286822,7,"top7","eeg_tb_ratio_precond;eeg_ab_ratio_precond;hrv_rmssd_precond;eda_sd_precond;hr_med_precond;eeg_fl_hbeta_power_precond;eeg_tright_lbeta_power_precond"
2025-12-19 15:59:22.439178,35,"workload_label",7,128,0.1,0.552325581395349,0.459302325581395,NA,7,"top7","eeg_tb_ratio_precond;eeg_ab_ratio_precond;hrv_rmssd_precond;eda_sd_precond;hr_med_precond;eeg_fl_hbeta_power_precond;eeg_tright_lbeta_power_precond"
2025-12-19 15:59:22.587536,35,"workload_label",7,256,0.1,0.529069767441861,0.436046511627907,NA,7,"top7","eeg_tb_ratio_precond;eeg_ab_ratio_precond;hrv_rmssd_precond;eda_sd_precond;hr_med_precond;eeg_fl_hbeta_power_precond;eeg_tright_lbeta_power_precond"
2025-12-19 15:59:23.863189,36,"workload_label",7,2,0.0078125,0.604651162790698,0.662790697674419,0.57906976744186,7,"top7","eeg_tb_ratio_precond;eeg_ab_ratio_precond;hrv_rmssd_precond;eda_sd_precond;eeg_fl_hbeta_power_precond;hr_med_precond;eda_pkrate_precond"
2025-12-19 15:59:23.861086,36,"workload_label",7,4,0.0078125,0.61046511627907,0.656976744186046,0.585271317829457,7,"top7","eeg_tb_ratio_precond;eeg_ab_ratio_precond;hrv_rmssd_precond;eda_sd_precond;eeg_fl_hbeta_power_precond;hr_med_precond;eda_pkrate_precond"
2025-12-19 15:59:23.842568,36,"workload_label",7,8,0.0078125,0.598837209302326,0.633720930232558,0.574418604651163,7,"top7","eeg_tb_ratio_precond;eeg_ab_ratio_precond;hrv_rmssd_precond;eda_sd_precond;eeg_fl_hbeta_power_precond;hr_med_precond;eda_pkrate_precond"
2025-12-19 15:59:23.849541,36,"workload_label",7,16,0.0078125,0.587209302325581,0.593023255813954,0.574418604651163,7,"top7","eeg_tb_ratio_precond;eeg_ab_ratio_precond;hrv_rmssd_precond;eda_sd_precond;eeg_fl_hbeta_power_precond;hr_med_precond;eda_pkrate_precond"
2025-12-19 15:59:23.862087,36,"workload_label",7,32,0.0078125,0.587209302325581,0.604651162790698,0.567441860465116,7,"top7","eeg_tb_ratio_precond;eeg_ab_ratio_precond;hrv_rmssd_precond;eda_sd_precond;eeg_fl_hbeta_power_precond;hr_med_precond;eda_pkrate_precond"
2025-12-19 15:59:23.863291,36,"workload_label",7,64,0.0078125,0.563953488372093,0.633720930232558,0.554263565891473,7,"top7","eeg_tb_ratio_precond;eeg_ab_ratio_precond;hrv_rmssd_precond;eda_sd_precond;eeg_fl_hbeta_power_precond;hr_med_precond;eda_pkrate_precond"
2025-12-19 15:59:23.906929,36,"workload_label",7,128,0.0078125,0.604651162790698,0.656976744186046,0.604651162790698,7,"top7","eeg_tb_ratio_precond;eeg_ab_ratio_precond;hrv_rmssd_precond;eda_sd_precond;eeg_fl_hbeta_power_precond;hr_med_precond;eda_pkrate_precond"
2025-12-19 15:59:24.00986,36,"workload_label",7,256,0.0078125,0.569767441860465,0.63953488372093,0.573643410852713,7,"top7","eeg_tb_ratio_precond;eeg_ab_ratio_precond;hrv_rmssd_precond;eda_sd_precond;eeg_fl_hbeta_power_precond;hr_med_precond;eda_pkrate_precond"
2025-12-19 15:59:23.847858,36,"workload_label",7,2,0.015625,0.604651162790698,0.645348837209302,0.576744186046512,7,"top7","eeg_tb_ratio_precond;eeg_ab_ratio_precond;hrv_rmssd_precond;eda_sd_precond;eeg_fl_hbeta_power_precond;hr_med_precond;eda_pkrate_precond"
2025-12-19 15:59:23.82685,36,"workload_label",7,4,0.015625,0.587209302325581,0.633720930232558,0.565116279069767,7,"top7","eeg_tb_ratio_precond;eeg_ab_ratio_precond;hrv_rmssd_precond;eda_sd_precond;eeg_fl_hbeta_power_precond;hr_med_precond;eda_pkrate_precond"
2025-12-19 15:59:23.86557,36,"workload_label",7,8,0.015625,0.575581395348837,0.622093023255814,0.563565891472868,7,"top7","eeg_tb_ratio_precond;eeg_ab_ratio_precond;hrv_rmssd_precond;eda_sd_precond;eeg_fl_hbeta_power_precond;hr_med_precond;eda_pkrate_precond"
2025-12-19 15:59:23.822706,36,"workload_label",7,16,0.015625,0.569767441860465,0.622093023255814,0.565891472868217,7,"top7","eeg_tb_ratio_precond;eeg_ab_ratio_precond;hrv_rmssd_precond;eda_sd_precond;eeg_fl_hbeta_power_precond;hr_med_precond;eda_pkrate_precond"
2025-12-19 15:59:23.825456,36,"workload_label",7,32,0.015625,0.593023255813954,0.656976744186046,0.58062015503876,7,"top7","eeg_tb_ratio_precond;eeg_ab_ratio_precond;hrv_rmssd_precond;eda_sd_precond;eeg_fl_hbeta_power_precond;hr_med_precond;eda_pkrate_precond"
2025-12-19 15:59:23.880787,36,"workload_label",7,64,0.015625,0.569767441860465,0.63953488372093,0.573643410852713,7,"top7","eeg_tb_ratio_precond;eeg_ab_ratio_precond;hrv_rmssd_precond;eda_sd_precond;eeg_fl_hbeta_power_precond;hr_med_precond;eda_pkrate_precond"
2025-12-19 15:59:25.012594,36,"workload_label",7,128,0.015625,0.546511627906977,0.63953488372093,0.527906976744186,7,"top7","eeg_tb_ratio_precond;eeg_ab_ratio_precond;hrv_rmssd_precond;eda_sd_precond;eeg_fl_hbeta_power_precond;hr_med_precond;eda_pkrate_precond"
2025-12-19 15:59:25.213114,36,"workload_label",7,256,0.015625,0.575581395348837,0.645348837209302,0.567441860465116,7,"top7","eeg_tb_ratio_precond;eeg_ab_ratio_precond;hrv_rmssd_precond;eda_sd_precond;eeg_fl_hbeta_power_precond;hr_med_precond;eda_pkrate_precond"
2025-12-19 15:59:24.885562,36,"workload_label",7,2,0.03125,0.593023255813954,0.627906976744186,0.57984496124031,7,"top7","eeg_tb_ratio_precond;eeg_ab_ratio_precond;hrv_rmssd_precond;eda_sd_precond;eeg_fl_hbeta_power_precond;hr_med_precond;eda_pkrate_precond"
2025-12-19 15:59:24.874483,36,"workload_label",7,4,0.03125,0.563953488372093,0.627906976744186,0.568992248062016,7,"top7","eeg_tb_ratio_precond;eeg_ab_ratio_precond;hrv_rmssd_precond;eda_sd_precond;eeg_fl_hbeta_power_precond;hr_med_precond;eda_pkrate_precond"
2025-12-19 15:59:24.898865,36,"workload_label",7,8,0.03125,0.581395348837209,0.616279069767442,0.573643410852713,7,"top7","eeg_tb_ratio_precond;eeg_ab_ratio_precond;hrv_rmssd_precond;eda_sd_precond;eeg_fl_hbeta_power_precond;hr_med_precond;eda_pkrate_precond"
2025-12-19 15:59:24.909745,36,"workload_label",7,16,0.03125,0.563953488372093,0.633720930232558,0.562790697674419,7,"top7","eeg_tb_ratio_precond;eeg_ab_ratio_precond;hrv_rmssd_precond;eda_sd_precond;eeg_fl_hbeta_power_precond;hr_med_precond;eda_pkrate_precond"
2025-12-19 15:59:24.977439,36,"workload_label",7,32,0.03125,0.581395348837209,0.645348837209302,NA,7,"top7","eeg_tb_ratio_precond;eeg_ab_ratio_precond;hrv_rmssd_precond;eda_sd_precond;eeg_fl_hbeta_power_precond;hr_med_precond;eda_pkrate_precond"
2025-12-19 15:59:25.093752,36,"workload_label",7,64,0.03125,0.598837209302326,0.651162790697674,0.575193798449612,7,"top7","eeg_tb_ratio_precond;eeg_ab_ratio_precond;hrv_rmssd_precond;eda_sd_precond;eeg_fl_hbeta_power_precond;hr_med_precond;eda_pkrate_precond"
2025-12-19 15:59:25.282862,36,"workload_label",7,128,0.03125,0.616279069767442,0.645348837209302,0.614728682170543,7,"top7","eeg_tb_ratio_precond;eeg_ab_ratio_precond;hrv_rmssd_precond;eda_sd_precond;eeg_fl_hbeta_power_precond;hr_med_precond;eda_pkrate_precond"
2025-12-19 15:59:25.510314,36,"workload_label",7,256,0.03125,0.598837209302326,0.598837209302326,NA,7,"top7","eeg_tb_ratio_precond;eeg_ab_ratio_precond;hrv_rmssd_precond;eda_sd_precond;eeg_fl_hbeta_power_precond;hr_med_precond;eda_pkrate_precond"
2025-12-19 15:59:24.949095,36,"workload_label",7,2,0.0625,0.563953488372093,0.604651162790698,0.563565891472868,7,"top7","eeg_tb_ratio_precond;eeg_ab_ratio_precond;hrv_rmssd_precond;eda_sd_precond;eeg_fl_hbeta_power_precond;hr_med_precond;eda_pkrate_precond"
2025-12-19 15:59:24.937068,36,"workload_label",7,4,0.0625,0.587209302325581,0.61046511627907,0.568217054263566,7,"top7","eeg_tb_ratio_precond;eeg_ab_ratio_precond;hrv_rmssd_precond;eda_sd_precond;eeg_fl_hbeta_power_precond;hr_med_precond;eda_pkrate_precond"
2025-12-19 15:59:24.997751,36,"workload_label",7,8,0.0625,0.598837209302326,0.656976744186046,0.582170542635659,7,"top7","eeg_tb_ratio_precond;eeg_ab_ratio_precond;hrv_rmssd_precond;eda_sd_precond;eeg_fl_hbeta_power_precond;hr_med_precond;eda_pkrate_precond"
2025-12-19 15:59:25.1195,36,"workload_label",7,16,0.0625,0.587209302325581,0.656976744186046,NA,7,"top7","eeg_tb_ratio_precond;eeg_ab_ratio_precond;hrv_rmssd_precond;eda_sd_precond;eeg_fl_hbeta_power_precond;hr_med_precond;eda_pkrate_precond"
2025-12-19 15:59:26.068312,36,"workload_label",7,32,0.0625,0.598837209302326,0.63953488372093,0.58062015503876,7,"top7","eeg_tb_ratio_precond;eeg_ab_ratio_precond;hrv_rmssd_precond;eda_sd_precond;eeg_fl_hbeta_power_precond;hr_med_precond;eda_pkrate_precond"
2025-12-19 15:59:26.294507,36,"workload_label",7,64,0.0625,0.575581395348837,0.598837209302326,NA,7,"top7","eeg_tb_ratio_precond;eeg_ab_ratio_precond;hrv_rmssd_precond;eda_sd_precond;eeg_fl_hbeta_power_precond;hr_med_precond;eda_pkrate_precond"
2025-12-19 15:59:26.418933,36,"workload_label",7,128,0.0625,0.598837209302326,0.587209302325581,NA,7,"top7","eeg_tb_ratio_precond;eeg_ab_ratio_precond;hrv_rmssd_precond;eda_sd_precond;eeg_fl_hbeta_power_precond;hr_med_precond;eda_pkrate_precond"
2025-12-19 15:59:26.850188,36,"workload_label",7,256,0.0625,0.563953488372093,0.569767441860465,NA,7,"top7","eeg_tb_ratio_precond;eeg_ab_ratio_precond;hrv_rmssd_precond;eda_sd_precond;eeg_fl_hbeta_power_precond;hr_med_precond;eda_pkrate_precond"
2025-12-19 15:59:26.032449,36,"workload_label",7,2,0.125,0.563953488372093,0.63953488372093,0.54031007751938,7,"top7","eeg_tb_ratio_precond;eeg_ab_ratio_precond;hrv_rmssd_precond;eda_sd_precond;eeg_fl_hbeta_power_precond;hr_med_precond;eda_pkrate_precond"
2025-12-19 15:59:26.055674,36,"workload_label",7,4,0.125,0.581395348837209,0.627906976744186,0.572093023255814,7,"top7","eeg_tb_ratio_precond;eeg_ab_ratio_precond;hrv_rmssd_precond;eda_sd_precond;eeg_fl_hbeta_power_precond;hr_med_precond;eda_pkrate_precond"
2025-12-19 15:59:26.135406,36,"workload_label",7,8,0.125,0.604651162790698,0.604651162790698,NA,7,"top7","eeg_tb_ratio_precond;eeg_ab_ratio_precond;hrv_rmssd_precond;eda_sd_precond;eeg_fl_hbeta_power_precond;hr_med_precond;eda_pkrate_precond"
2025-12-19 15:59:26.213518,36,"workload_label",7,16,0.125,0.581395348837209,0.593023255813954,NA,7,"top7","eeg_tb_ratio_precond;eeg_ab_ratio_precond;hrv_rmssd_precond;eda_sd_precond;eeg_fl_hbeta_power_precond;hr_med_precond;eda_pkrate_precond"
2025-12-19 15:59:26.288243,36,"workload_label",7,32,0.125,0.563953488372093,0.581395348837209,NA,7,"top7","eeg_tb_ratio_precond;eeg_ab_ratio_precond;hrv_rmssd_precond;eda_sd_precond;eeg_fl_hbeta_power_precond;hr_med_precond;eda_pkrate_precond"
2025-12-19 15:59:26.496842,36,"workload_label",7,64,0.125,0.546511627906977,0.529069767441861,NA,7,"top7","eeg_tb_ratio_precond;eeg_ab_ratio_precond;hrv_rmssd_precond;eda_sd_precond;eeg_fl_hbeta_power_precond;hr_med_precond;eda_pkrate_precond"
2025-12-19 15:59:26.6885,36,"workload_label",7,128,0.125,0.569767441860465,0.558139534883721,NA,7,"top7","eeg_tb_ratio_precond;eeg_ab_ratio_precond;hrv_rmssd_precond;eda_sd_precond;eeg_fl_hbeta_power_precond;hr_med_precond;eda_pkrate_precond"
2025-12-19 15:59:26.902329,36,"workload_label",7,256,0.125,0.575581395348837,0.558139534883721,0.577519379844961,7,"top7","eeg_tb_ratio_precond;eeg_ab_ratio_precond;hrv_rmssd_precond;eda_sd_precond;eeg_fl_hbeta_power_precond;hr_med_precond;eda_pkrate_precond"
2025-12-19 15:59:26.329099,36,"workload_label",7,2,0.03,0.593023255813954,0.627906976744186,0.57984496124031,7,"top7","eeg_tb_ratio_precond;eeg_ab_ratio_precond;hrv_rmssd_precond;eda_sd_precond;eeg_fl_hbeta_power_precond;hr_med_precond;eda_pkrate_precond"
2025-12-19 15:59:26.574226,36,"workload_label",7,4,0.03,0.569767441860465,0.622093023255814,0.573643410852713,7,"top7","eeg_tb_ratio_precond;eeg_ab_ratio_precond;hrv_rmssd_precond;eda_sd_precond;eeg_fl_hbeta_power_precond;hr_med_precond;eda_pkrate_precond"
2025-12-19 15:59:27.069769,36,"workload_label",7,8,0.03,0.581395348837209,0.622093023255814,0.573643410852713,7,"top7","eeg_tb_ratio_precond;eeg_ab_ratio_precond;hrv_rmssd_precond;eda_sd_precond;eeg_fl_hbeta_power_precond;hr_med_precond;eda_pkrate_precond"
2025-12-19 15:59:27.103185,36,"workload_label",7,16,0.03,0.569767441860465,0.633720930232558,0.569767441860465,7,"top7","eeg_tb_ratio_precond;eeg_ab_ratio_precond;hrv_rmssd_precond;eda_sd_precond;eeg_fl_hbeta_power_precond;hr_med_precond;eda_pkrate_precond"
2025-12-19 15:59:27.167423,36,"workload_label",7,32,0.03,0.587209302325581,0.633720930232558,0.571317829457364,7,"top7","eeg_tb_ratio_precond;eeg_ab_ratio_precond;hrv_rmssd_precond;eda_sd_precond;eeg_fl_hbeta_power_precond;hr_med_precond;eda_pkrate_precond"
2025-12-19 15:59:27.324264,36,"workload_label",7,64,0.03,0.593023255813954,0.645348837209302,0.570542635658915,7,"top7","eeg_tb_ratio_precond;eeg_ab_ratio_precond;hrv_rmssd_precond;eda_sd_precond;eeg_fl_hbeta_power_precond;hr_med_precond;eda_pkrate_precond"
2025-12-19 15:59:27.575775,36,"workload_label",7,128,0.03,0.604651162790698,0.645348837209302,0.57906976744186,7,"top7","eeg_tb_ratio_precond;eeg_ab_ratio_precond;hrv_rmssd_precond;eda_sd_precond;eeg_fl_hbeta_power_precond;hr_med_precond;eda_pkrate_precond"
2025-12-19 15:59:27.942271,36,"workload_label",7,256,0.03,0.616279069767442,0.598837209302326,NA,7,"top7","eeg_tb_ratio_precond;eeg_ab_ratio_precond;hrv_rmssd_precond;eda_sd_precond;eeg_fl_hbeta_power_precond;hr_med_precond;eda_pkrate_precond"
2025-12-19 15:59:27.311916,36,"workload_label",7,2,0.06,0.569767441860465,0.61046511627907,0.575193798449612,7,"top7","eeg_tb_ratio_precond;eeg_ab_ratio_precond;hrv_rmssd_precond;eda_sd_precond;eeg_fl_hbeta_power_precond;hr_med_precond;eda_pkrate_precond"
2025-12-19 15:59:27.401091,36,"workload_label",7,4,0.06,0.587209302325581,0.61046511627907,0.568217054263566,7,"top7","eeg_tb_ratio_precond;eeg_ab_ratio_precond;hrv_rmssd_precond;eda_sd_precond;eeg_fl_hbeta_power_precond;hr_med_precond;eda_pkrate_precond"
2025-12-19 15:59:27.472073,36,"workload_label",7,8,0.06,0.604651162790698,0.63953488372093,0.593798449612403,7,"top7","eeg_tb_ratio_precond;eeg_ab_ratio_precond;hrv_rmssd_precond;eda_sd_precond;eeg_fl_hbeta_power_precond;hr_med_precond;eda_pkrate_precond"
2025-12-19 15:59:27.604991,36,"workload_label",7,16,0.06,0.581395348837209,0.651162790697674,NA,7,"top7","eeg_tb_ratio_precond;eeg_ab_ratio_precond;hrv_rmssd_precond;eda_sd_precond;eeg_fl_hbeta_power_precond;hr_med_precond;eda_pkrate_precond"
2025-12-19 15:59:27.744772,36,"workload_label",7,32,0.06,0.598837209302326,0.63953488372093,0.581395348837209,7,"top7","eeg_tb_ratio_precond;eeg_ab_ratio_precond;hrv_rmssd_precond;eda_sd_precond;eeg_fl_hbeta_power_precond;hr_med_precond;eda_pkrate_precond"
2025-12-19 15:59:27.958334,36,"workload_label",7,64,0.06,0.575581395348837,0.598837209302326,NA,7,"top7","eeg_tb_ratio_precond;eeg_ab_ratio_precond;hrv_rmssd_precond;eda_sd_precond;eeg_fl_hbeta_power_precond;hr_med_precond;eda_pkrate_precond"
2025-12-19 15:59:28.280729,36,"workload_label",7,128,0.06,0.598837209302326,0.593023255813954,NA,7,"top7","eeg_tb_ratio_precond;eeg_ab_ratio_precond;hrv_rmssd_precond;eda_sd_precond;eeg_fl_hbeta_power_precond;hr_med_precond;eda_pkrate_precond"
2025-12-19 15:59:28.518995,36,"workload_label",7,256,0.06,0.569767441860465,0.581395348837209,NA,7,"top7","eeg_tb_ratio_precond;eeg_ab_ratio_precond;hrv_rmssd_precond;eda_sd_precond;eeg_fl_hbeta_power_precond;hr_med_precond;eda_pkrate_precond"
2025-12-19 15:59:28.073646,36,"workload_label",7,2,0.1,0.593023255813954,0.627906976744186,0.569767441860465,7,"top7","eeg_tb_ratio_precond;eeg_ab_ratio_precond;hrv_rmssd_precond;eda_sd_precond;eeg_fl_hbeta_power_precond;hr_med_precond;eda_pkrate_precond"
2025-12-19 15:59:28.134181,36,"workload_label",7,4,0.1,0.581395348837209,0.651162790697674,0.558914728682171,7,"top7","eeg_tb_ratio_precond;eeg_ab_ratio_precond;hrv_rmssd_precond;eda_sd_precond;eeg_fl_hbeta_power_precond;hr_med_precond;eda_pkrate_precond"
2025-12-19 15:59:28.171725,36,"workload_label",7,8,0.1,0.598837209302326,0.633720930232558,NA,7,"top7","eeg_tb_ratio_precond;eeg_ab_ratio_precond;hrv_rmssd_precond;eda_sd_precond;eeg_fl_hbeta_power_precond;hr_med_precond;eda_pkrate_precond"
2025-12-19 15:59:28.296395,36,"workload_label",7,16,0.1,0.581395348837209,0.598837209302326,NA,7,"top7","eeg_tb_ratio_precond;eeg_ab_ratio_precond;hrv_rmssd_precond;eda_sd_precond;eeg_fl_hbeta_power_precond;hr_med_precond;eda_pkrate_precond"
2025-12-19 15:59:28.4039,36,"workload_label",7,32,0.1,0.581395348837209,0.581395348837209,NA,7,"top7","eeg_tb_ratio_precond;eeg_ab_ratio_precond;hrv_rmssd_precond;eda_sd_precond;eeg_fl_hbeta_power_precond;hr_med_precond;eda_pkrate_precond"
2025-12-19 15:59:28.563864,36,"workload_label",7,64,0.1,0.569767441860465,0.534883720930233,NA,7,"top7","eeg_tb_ratio_precond;eeg_ab_ratio_precond;hrv_rmssd_precond;eda_sd_precond;eeg_fl_hbeta_power_precond;hr_med_precond;eda_pkrate_precond"
2025-12-19 15:59:28.683376,36,"workload_label",7,128,0.1,0.563953488372093,0.523255813953488,NA,7,"top7","eeg_tb_ratio_precond;eeg_ab_ratio_precond;hrv_rmssd_precond;eda_sd_precond;eeg_fl_hbeta_power_precond;hr_med_precond;eda_pkrate_precond"
2025-12-19 15:59:28.920359,36,"workload_label",7,256,0.1,0.581395348837209,0.534883720930233,NA,7,"top7","eeg_tb_ratio_precond;eeg_ab_ratio_precond;hrv_rmssd_precond;eda_sd_precond;eeg_fl_hbeta_power_precond;hr_med_precond;eda_pkrate_precond"
2025-12-19 15:59:30.263188,37,"workload_label",7,2,0.0078125,0.633720930232558,0.656976744186046,0.606201550387597,7,"top7","eeg_tb_ratio_precond;eeg_ab_ratio_precond;hrv_rmssd_precond;eda_sd_precond;hr_med_precond;eeg_tleft_lbeta_power_precond;eeg_fl_hbeta_power_precond"
2025-12-19 15:59:30.205827,37,"workload_label",7,4,0.0078125,0.622093023255814,0.633720930232558,0.596899224806202,7,"top7","eeg_tb_ratio_precond;eeg_ab_ratio_precond;hrv_rmssd_precond;eda_sd_precond;hr_med_precond;eeg_tleft_lbeta_power_precond;eeg_fl_hbeta_power_precond"
2025-12-19 15:59:30.199546,37,"workload_label",7,8,0.0078125,0.627906976744186,0.63953488372093,0.601550387596899,7,"top7","eeg_tb_ratio_precond;eeg_ab_ratio_precond;hrv_rmssd_precond;eda_sd_precond;hr_med_precond;eeg_tleft_lbeta_power_precond;eeg_fl_hbeta_power_precond"
2025-12-19 15:59:30.220045,37,"workload_label",7,16,0.0078125,0.598837209302326,0.627906976744186,0.586821705426357,7,"top7","eeg_tb_ratio_precond;eeg_ab_ratio_precond;hrv_rmssd_precond;eda_sd_precond;hr_med_precond;eeg_tleft_lbeta_power_precond;eeg_fl_hbeta_power_precond"
2025-12-19 15:59:30.238025,37,"workload_label",7,32,0.0078125,0.569767441860465,0.604651162790698,0.572093023255814,7,"top7","eeg_tb_ratio_precond;eeg_ab_ratio_precond;hrv_rmssd_precond;eda_sd_precond;hr_med_precond;eeg_tleft_lbeta_power_precond;eeg_fl_hbeta_power_precond"
2025-12-19 15:59:30.252138,37,"workload_label",7,64,0.0078125,0.587209302325581,0.633720930232558,0.593798449612403,7,"top7","eeg_tb_ratio_precond;eeg_ab_ratio_precond;hrv_rmssd_precond;eda_sd_precond;hr_med_precond;eeg_tleft_lbeta_power_precond;eeg_fl_hbeta_power_precond"
2025-12-19 15:59:30.310497,37,"workload_label",7,128,0.0078125,0.575581395348837,0.627906976744186,0.586821705426357,7,"top7","eeg_tb_ratio_precond;eeg_ab_ratio_precond;hrv_rmssd_precond;eda_sd_precond;hr_med_precond;eeg_tleft_lbeta_power_precond;eeg_fl_hbeta_power_precond"
2025-12-19 15:59:30.355708,37,"workload_label",7,256,0.0078125,0.575581395348837,0.604651162790698,0.588372093023256,7,"top7","eeg_tb_ratio_precond;eeg_ab_ratio_precond;hrv_rmssd_precond;eda_sd_precond;hr_med_precond;eeg_tleft_lbeta_power_precond;eeg_fl_hbeta_power_precond"
2025-12-19 15:59:30.208745,37,"workload_label",7,2,0.015625,0.622093023255814,0.63953488372093,0.604651162790698,7,"top7","eeg_tb_ratio_precond;eeg_ab_ratio_precond;hrv_rmssd_precond;eda_sd_precond;hr_med_precond;eeg_tleft_lbeta_power_precond;eeg_fl_hbeta_power_precond"
2025-12-19 15:59:30.244872,37,"workload_label",7,4,0.015625,0.622093023255814,0.63953488372093,0.604651162790698,7,"top7","eeg_tb_ratio_precond;eeg_ab_ratio_precond;hrv_rmssd_precond;eda_sd_precond;hr_med_precond;eeg_tleft_lbeta_power_precond;eeg_fl_hbeta_power_precond"
2025-12-19 15:59:30.216591,37,"workload_label",7,8,0.015625,0.581395348837209,0.63953488372093,0.578294573643411,7,"top7","eeg_tb_ratio_precond;eeg_ab_ratio_precond;hrv_rmssd_precond;eda_sd_precond;hr_med_precond;eeg_tleft_lbeta_power_precond;eeg_fl_hbeta_power_precond"
2025-12-19 15:59:30.237768,37,"workload_label",7,16,0.015625,0.581395348837209,0.633720930232558,0.593798449612403,7,"top7","eeg_tb_ratio_precond;eeg_ab_ratio_precond;hrv_rmssd_precond;eda_sd_precond;hr_med_precond;eeg_tleft_lbeta_power_precond;eeg_fl_hbeta_power_precond"
2025-12-19 15:59:30.269013,37,"workload_label",7,32,0.015625,0.575581395348837,0.633720930232558,0.589147286821705,7,"top7","eeg_tb_ratio_precond;eeg_ab_ratio_precond;hrv_rmssd_precond;eda_sd_precond;hr_med_precond;eeg_tleft_lbeta_power_precond;eeg_fl_hbeta_power_precond"
2025-12-19 15:59:30.305466,37,"workload_label",7,64,0.015625,0.569767441860465,0.604651162790698,0.57906976744186,7,"top7","eeg_tb_ratio_precond;eeg_ab_ratio_precond;hrv_rmssd_precond;eda_sd_precond;hr_med_precond;eeg_tleft_lbeta_power_precond;eeg_fl_hbeta_power_precond"
2025-12-19 15:59:31.410136,37,"workload_label",7,128,0.015625,0.529069767441861,0.616279069767442,NA,7,"top7","eeg_tb_ratio_precond;eeg_ab_ratio_precond;hrv_rmssd_precond;eda_sd_precond;hr_med_precond;eeg_tleft_lbeta_power_precond;eeg_fl_hbeta_power_precond"
2025-12-19 15:59:31.630088,37,"workload_label",7,256,0.015625,0.523255813953488,0.593023255813954,NA,7,"top7","eeg_tb_ratio_precond;eeg_ab_ratio_precond;hrv_rmssd_precond;eda_sd_precond;hr_med_precond;eeg_tleft_lbeta_power_precond;eeg_fl_hbeta_power_precond"
2025-12-19 15:59:31.272048,37,"workload_label",7,2,0.03125,0.593023255813954,0.63953488372093,0.582945736434109,7,"top7","eeg_tb_ratio_precond;eeg_ab_ratio_precond;hrv_rmssd_precond;eda_sd_precond;hr_med_precond;eeg_tleft_lbeta_power_precond;eeg_fl_hbeta_power_precond"
2025-12-19 15:59:31.239021,37,"workload_label",7,4,0.03125,0.587209302325581,0.633720930232558,0.6,7,"top7","eeg_tb_ratio_precond;eeg_ab_ratio_precond;hrv_rmssd_precond;eda_sd_precond;hr_med_precond;eeg_tleft_lbeta_power_precond;eeg_fl_hbeta_power_precond"
2025-12-19 15:59:31.28059,37,"workload_label",7,8,0.03125,0.581395348837209,0.645348837209302,0.591472868217054,7,"top7","eeg_tb_ratio_precond;eeg_ab_ratio_precond;hrv_rmssd_precond;eda_sd_precond;hr_med_precond;eeg_tleft_lbeta_power_precond;eeg_fl_hbeta_power_precond"
2025-12-19 15:59:31.321771,37,"workload_label",7,16,0.03125,0.581395348837209,0.616279069767442,0.593023255813954,7,"top7","eeg_tb_ratio_precond;eeg_ab_ratio_precond;hrv_rmssd_precond;eda_sd_precond;hr_med_precond;eeg_tleft_lbeta_power_precond;eeg_fl_hbeta_power_precond"
2025-12-19 15:59:31.373729,37,"workload_label",7,32,0.03125,0.581395348837209,0.622093023255814,NA,7,"top7","eeg_tb_ratio_precond;eeg_ab_ratio_precond;hrv_rmssd_precond;eda_sd_precond;hr_med_precond;eeg_tleft_lbeta_power_precond;eeg_fl_hbeta_power_precond"
2025-12-19 15:59:31.46582,37,"workload_label",7,64,0.03125,0.569767441860465,0.598837209302326,NA,7,"top7","eeg_tb_ratio_precond;eeg_ab_ratio_precond;hrv_rmssd_precond;eda_sd_precond;hr_med_precond;eeg_tleft_lbeta_power_precond;eeg_fl_hbeta_power_precond"
2025-12-19 15:59:31.609169,37,"workload_label",7,128,0.03125,0.575581395348837,0.598837209302326,0.583720930232558,7,"top7","eeg_tb_ratio_precond;eeg_ab_ratio_precond;hrv_rmssd_precond;eda_sd_precond;hr_med_precond;eeg_tleft_lbeta_power_precond;eeg_fl_hbeta_power_precond"
2025-12-19 15:59:31.925857,37,"workload_label",7,256,0.03125,0.575581395348837,0.598837209302326,0.581395348837209,7,"top7","eeg_tb_ratio_precond;eeg_ab_ratio_precond;hrv_rmssd_precond;eda_sd_precond;hr_med_precond;eeg_tleft_lbeta_power_precond;eeg_fl_hbeta_power_precond"
2025-12-19 15:59:31.31068,37,"workload_label",7,2,0.0625,0.593023255813954,0.627906976744186,0.603875968992248,7,"top7","eeg_tb_ratio_precond;eeg_ab_ratio_precond;hrv_rmssd_precond;eda_sd_precond;hr_med_precond;eeg_tleft_lbeta_power_precond;eeg_fl_hbeta_power_precond"
2025-12-19 15:59:31.372727,37,"workload_label",7,4,0.0625,0.61046511627907,0.651162790697674,0.608527131782946,7,"top7","eeg_tb_ratio_precond;eeg_ab_ratio_precond;hrv_rmssd_precond;eda_sd_precond;hr_med_precond;eeg_tleft_lbeta_power_precond;eeg_fl_hbeta_power_precond"
2025-12-19 15:59:31.362341,37,"workload_label",7,8,0.0625,0.581395348837209,0.627906976744186,NA,7,"top7","eeg_tb_ratio_precond;eeg_ab_ratio_precond;hrv_rmssd_precond;eda_sd_precond;hr_med_precond;eeg_tleft_lbeta_power_precond;eeg_fl_hbeta_power_precond"
2025-12-19 15:59:31.472784,37,"workload_label",7,16,0.0625,0.598837209302326,0.627906976744186,NA,7,"top7","eeg_tb_ratio_precond;eeg_ab_ratio_precond;hrv_rmssd_precond;eda_sd_precond;hr_med_precond;eeg_tleft_lbeta_power_precond;eeg_fl_hbeta_power_precond"
2025-12-19 15:59:32.429987,37,"workload_label",7,32,0.0625,0.587209302325581,0.587209302325581,0.591472868217054,7,"top7","eeg_tb_ratio_precond;eeg_ab_ratio_precond;hrv_rmssd_precond;eda_sd_precond;hr_med_precond;eeg_tleft_lbeta_power_precond;eeg_fl_hbeta_power_precond"
2025-12-19 15:59:32.559647,37,"workload_label",7,64,0.0625,0.569767441860465,0.593023255813954,0.568992248062016,7,"top7","eeg_tb_ratio_precond;eeg_ab_ratio_precond;hrv_rmssd_precond;eda_sd_precond;hr_med_precond;eeg_tleft_lbeta_power_precond;eeg_fl_hbeta_power_precond"
2025-12-19 15:59:32.81663,37,"workload_label",7,128,0.0625,0.593023255813954,0.587209302325581,0.593023255813954,7,"top7","eeg_tb_ratio_precond;eeg_ab_ratio_precond;hrv_rmssd_precond;eda_sd_precond;hr_med_precond;eeg_tleft_lbeta_power_precond;eeg_fl_hbeta_power_precond"
2025-12-19 15:59:33.217563,37,"workload_label",7,256,0.0625,0.593023255813954,0.563953488372093,NA,7,"top7","eeg_tb_ratio_precond;eeg_ab_ratio_precond;hrv_rmssd_precond;eda_sd_precond;hr_med_precond;eeg_tleft_lbeta_power_precond;eeg_fl_hbeta_power_precond"
2025-12-19 15:59:32.345755,37,"workload_label",7,2,0.125,0.587209302325581,0.627906976744186,0.581395348837209,7,"top7","eeg_tb_ratio_precond;eeg_ab_ratio_precond;hrv_rmssd_precond;eda_sd_precond;hr_med_precond;eeg_tleft_lbeta_power_precond;eeg_fl_hbeta_power_precond"
2025-12-19 15:59:32.450238,37,"workload_label",7,4,0.125,0.581395348837209,0.604651162790698,NA,7,"top7","eeg_tb_ratio_precond;eeg_ab_ratio_precond;hrv_rmssd_precond;eda_sd_precond;hr_med_precond;eeg_tleft_lbeta_power_precond;eeg_fl_hbeta_power_precond"
2025-12-19 15:59:32.454114,37,"workload_label",7,8,0.125,0.558139534883721,0.593023255813954,NA,7,"top7","eeg_tb_ratio_precond;eeg_ab_ratio_precond;hrv_rmssd_precond;eda_sd_precond;hr_med_precond;eeg_tleft_lbeta_power_precond;eeg_fl_hbeta_power_precond"
2025-12-19 15:59:32.508687,37,"workload_label",7,16,0.125,0.569767441860465,0.581395348837209,0.567441860465116,7,"top7","eeg_tb_ratio_precond;eeg_ab_ratio_precond;hrv_rmssd_precond;eda_sd_precond;hr_med_precond;eeg_tleft_lbeta_power_precond;eeg_fl_hbeta_power_precond"
2025-12-19 15:59:32.665644,37,"workload_label",7,32,0.125,0.587209302325581,0.552325581395349,0.576744186046512,7,"top7","eeg_tb_ratio_precond;eeg_ab_ratio_precond;hrv_rmssd_precond;eda_sd_precond;hr_med_precond;eeg_tleft_lbeta_power_precond;eeg_fl_hbeta_power_precond"
2025-12-19 15:59:32.86195,37,"workload_label",7,64,0.125,0.587209302325581,0.604651162790698,NA,7,"top7","eeg_tb_ratio_precond;eeg_ab_ratio_precond;hrv_rmssd_precond;eda_sd_precond;hr_med_precond;eeg_tleft_lbeta_power_precond;eeg_fl_hbeta_power_precond"
2025-12-19 15:59:32.98797,37,"workload_label",7,128,0.125,0.563953488372093,0.505813953488372,0.549612403100775,7,"top7","eeg_tb_ratio_precond;eeg_ab_ratio_precond;hrv_rmssd_precond;eda_sd_precond;hr_med_precond;eeg_tleft_lbeta_power_precond;eeg_fl_hbeta_power_precond"
2025-12-19 15:59:33.282374,37,"workload_label",7,256,0.125,0.563953488372093,0.540697674418605,NA,7,"top7","eeg_tb_ratio_precond;eeg_ab_ratio_precond;hrv_rmssd_precond;eda_sd_precond;hr_med_precond;eeg_tleft_lbeta_power_precond;eeg_fl_hbeta_power_precond"
2025-12-19 15:59:32.639598,37,"workload_label",7,2,0.03,0.604651162790698,0.63953488372093,0.593798449612403,7,"top7","eeg_tb_ratio_precond;eeg_ab_ratio_precond;hrv_rmssd_precond;eda_sd_precond;hr_med_precond;eeg_tleft_lbeta_power_precond;eeg_fl_hbeta_power_precond"
2025-12-19 15:59:32.969623,37,"workload_label",7,4,0.03,0.587209302325581,0.633720930232558,0.6,7,"top7","eeg_tb_ratio_precond;eeg_ab_ratio_precond;hrv_rmssd_precond;eda_sd_precond;hr_med_precond;eeg_tleft_lbeta_power_precond;eeg_fl_hbeta_power_precond"
2025-12-19 15:59:33.396392,37,"workload_label",7,8,0.03,0.581395348837209,0.63953488372093,0.591472868217054,7,"top7","eeg_tb_ratio_precond;eeg_ab_ratio_precond;hrv_rmssd_precond;eda_sd_precond;hr_med_precond;eeg_tleft_lbeta_power_precond;eeg_fl_hbeta_power_precond"
2025-12-19 15:59:33.540365,37,"workload_label",7,16,0.03,0.581395348837209,0.616279069767442,0.593023255813954,7,"top7","eeg_tb_ratio_precond;eeg_ab_ratio_precond;hrv_rmssd_precond;eda_sd_precond;hr_med_precond;eeg_tleft_lbeta_power_precond;eeg_fl_hbeta_power_precond"
2025-12-19 15:59:33.596806,37,"workload_label",7,32,0.03,0.581395348837209,0.616279069767442,NA,7,"top7","eeg_tb_ratio_precond;eeg_ab_ratio_precond;hrv_rmssd_precond;eda_sd_precond;hr_med_precond;eeg_tleft_lbeta_power_precond;eeg_fl_hbeta_power_precond"
2025-12-19 15:59:33.682644,37,"workload_label",7,64,0.03,0.558139534883721,0.593023255813954,NA,7,"top7","eeg_tb_ratio_precond;eeg_ab_ratio_precond;hrv_rmssd_precond;eda_sd_precond;hr_med_precond;eeg_tleft_lbeta_power_precond;eeg_fl_hbeta_power_precond"
2025-12-19 15:59:33.86696,37,"workload_label",7,128,0.03,0.581395348837209,0.604651162790698,0.587596899224806,7,"top7","eeg_tb_ratio_precond;eeg_ab_ratio_precond;hrv_rmssd_precond;eda_sd_precond;hr_med_precond;eeg_tleft_lbeta_power_precond;eeg_fl_hbeta_power_precond"
2025-12-19 15:59:34.229033,37,"workload_label",7,256,0.03,0.575581395348837,0.587209302325581,0.583720930232558,7,"top7","eeg_tb_ratio_precond;eeg_ab_ratio_precond;hrv_rmssd_precond;eda_sd_precond;hr_med_precond;eeg_tleft_lbeta_power_precond;eeg_fl_hbeta_power_precond"
2025-12-19 15:59:33.724761,37,"workload_label",7,2,0.06,0.587209302325581,0.645348837209302,0.6,7,"top7","eeg_tb_ratio_precond;eeg_ab_ratio_precond;hrv_rmssd_precond;eda_sd_precond;hr_med_precond;eeg_tleft_lbeta_power_precond;eeg_fl_hbeta_power_precond"
2025-12-19 15:59:33.722558,37,"workload_label",7,4,0.06,0.598837209302326,0.645348837209302,0.598449612403101,7,"top7","eeg_tb_ratio_precond;eeg_ab_ratio_precond;hrv_rmssd_precond;eda_sd_precond;hr_med_precond;eeg_tleft_lbeta_power_precond;eeg_fl_hbeta_power_precond"
2025-12-19 15:59:33.904045,37,"workload_label",7,8,0.06,0.581395348837209,0.627906976744186,NA,7,"top7","eeg_tb_ratio_precond;eeg_ab_ratio_precond;hrv_rmssd_precond;eda_sd_precond;hr_med_precond;eeg_tleft_lbeta_power_precond;eeg_fl_hbeta_power_precond"
2025-12-19 15:59:34.032344,37,"workload_label",7,16,0.06,0.587209302325581,0.616279069767442,NA,7,"top7","eeg_tb_ratio_precond;eeg_ab_ratio_precond;hrv_rmssd_precond;eda_sd_precond;hr_med_precond;eeg_tleft_lbeta_power_precond;eeg_fl_hbeta_power_precond"
2025-12-19 15:59:34.196226,37,"workload_label",7,32,0.06,0.587209302325581,0.581395348837209,0.591472868217054,7,"top7","eeg_tb_ratio_precond;eeg_ab_ratio_precond;hrv_rmssd_precond;eda_sd_precond;hr_med_precond;eeg_tleft_lbeta_power_precond;eeg_fl_hbeta_power_precond"
2025-12-19 15:59:34.362975,37,"workload_label",7,64,0.06,0.569767441860465,0.581395348837209,0.561240310077519,7,"top7","eeg_tb_ratio_precond;eeg_ab_ratio_precond;hrv_rmssd_precond;eda_sd_precond;hr_med_precond;eeg_tleft_lbeta_power_precond;eeg_fl_hbeta_power_precond"
2025-12-19 15:59:34.650865,37,"workload_label",7,128,0.06,0.593023255813954,0.604651162790698,0.593023255813954,7,"top7","eeg_tb_ratio_precond;eeg_ab_ratio_precond;hrv_rmssd_precond;eda_sd_precond;hr_med_precond;eeg_tleft_lbeta_power_precond;eeg_fl_hbeta_power_precond"
2025-12-19 15:59:34.909429,37,"workload_label",7,256,0.06,0.587209302325581,0.598837209302326,NA,7,"top7","eeg_tb_ratio_precond;eeg_ab_ratio_precond;hrv_rmssd_precond;eda_sd_precond;hr_med_precond;eeg_tleft_lbeta_power_precond;eeg_fl_hbeta_power_precond"
2025-12-19 15:59:34.413024,37,"workload_label",7,2,0.1,0.604651162790698,0.633720930232558,0.593798449612403,7,"top7","eeg_tb_ratio_precond;eeg_ab_ratio_precond;hrv_rmssd_precond;eda_sd_precond;hr_med_precond;eeg_tleft_lbeta_power_precond;eeg_fl_hbeta_power_precond"
2025-12-19 15:59:34.541483,37,"workload_label",7,4,0.1,0.575581395348837,0.61046511627907,NA,7,"top7","eeg_tb_ratio_precond;eeg_ab_ratio_precond;hrv_rmssd_precond;eda_sd_precond;hr_med_precond;eeg_tleft_lbeta_power_precond;eeg_fl_hbeta_power_precond"
2025-12-19 15:59:34.590252,37,"workload_label",7,8,0.1,0.563953488372093,0.598837209302326,NA,7,"top7","eeg_tb_ratio_precond;eeg_ab_ratio_precond;hrv_rmssd_precond;eda_sd_precond;hr_med_precond;eeg_tleft_lbeta_power_precond;eeg_fl_hbeta_power_precond"
2025-12-19 15:59:34.685489,37,"workload_label",7,16,0.1,0.569767441860465,0.581395348837209,0.567441860465116,7,"top7","eeg_tb_ratio_precond;eeg_ab_ratio_precond;hrv_rmssd_precond;eda_sd_precond;hr_med_precond;eeg_tleft_lbeta_power_precond;eeg_fl_hbeta_power_precond"
2025-12-19 15:59:34.746572,37,"workload_label",7,32,0.1,0.593023255813954,0.598837209302326,0.591472868217054,7,"top7","eeg_tb_ratio_precond;eeg_ab_ratio_precond;hrv_rmssd_precond;eda_sd_precond;hr_med_precond;eeg_tleft_lbeta_power_precond;eeg_fl_hbeta_power_precond"
2025-12-19 15:59:34.844949,37,"workload_label",7,64,0.1,0.581395348837209,0.546511627906977,0.572868217054264,7,"top7","eeg_tb_ratio_precond;eeg_ab_ratio_precond;hrv_rmssd_precond;eda_sd_precond;hr_med_precond;eeg_tleft_lbeta_power_precond;eeg_fl_hbeta_power_precond"
2025-12-19 15:59:35.074149,37,"workload_label",7,128,0.1,0.569767441860465,0.581395348837209,NA,7,"top7","eeg_tb_ratio_precond;eeg_ab_ratio_precond;hrv_rmssd_precond;eda_sd_precond;hr_med_precond;eeg_tleft_lbeta_power_precond;eeg_fl_hbeta_power_precond"
2025-12-19 15:59:35.214523,37,"workload_label",7,256,0.1,0.558139534883721,0.569767441860465,0.534108527131783,7,"top7","eeg_tb_ratio_precond;eeg_ab_ratio_precond;hrv_rmssd_precond;eda_sd_precond;hr_med_precond;eeg_tleft_lbeta_power_precond;eeg_fl_hbeta_power_precond"
2025-12-19 15:59:36.511604,38,"workload_label",7,2,0.0078125,0.627906976744186,0.627906976744186,0.595348837209302,7,"top7","eeg_tb_ratio_precond;eeg_ab_ratio_precond;hrv_rmssd_precond;eda_sd_precond;hr_med_precond;eeg_tright_lbeta_power_precond;eeg_fl_hbeta_power_precond"
2025-12-19 15:59:36.479024,38,"workload_label",7,4,0.0078125,0.622093023255814,0.622093023255814,0.602325581395349,7,"top7","eeg_tb_ratio_precond;eeg_ab_ratio_precond;hrv_rmssd_precond;eda_sd_precond;hr_med_precond;eeg_tright_lbeta_power_precond;eeg_fl_hbeta_power_precond"
2025-12-19 15:59:36.465214,38,"workload_label",7,8,0.0078125,0.622093023255814,0.622093023255814,0.601550387596899,7,"top7","eeg_tb_ratio_precond;eeg_ab_ratio_precond;hrv_rmssd_precond;eda_sd_precond;hr_med_precond;eeg_tright_lbeta_power_precond;eeg_fl_hbeta_power_precond"
2025-12-19 15:59:36.483972,38,"workload_label",7,16,0.0078125,0.598837209302326,0.604651162790698,0.583720930232558,7,"top7","eeg_tb_ratio_precond;eeg_ab_ratio_precond;hrv_rmssd_precond;eda_sd_precond;hr_med_precond;eeg_tright_lbeta_power_precond;eeg_fl_hbeta_power_precond"
2025-12-19 15:59:36.451478,38,"workload_label",7,32,0.0078125,0.552325581395349,0.593023255813954,0.551162790697674,7,"top7","eeg_tb_ratio_precond;eeg_ab_ratio_precond;hrv_rmssd_precond;eda_sd_precond;hr_med_precond;eeg_tright_lbeta_power_precond;eeg_fl_hbeta_power_precond"
2025-12-19 15:59:36.51124,38,"workload_label",7,64,0.0078125,0.581395348837209,0.604651162790698,0.591472868217054,7,"top7","eeg_tb_ratio_precond;eeg_ab_ratio_precond;hrv_rmssd_precond;eda_sd_precond;hr_med_precond;eeg_tright_lbeta_power_precond;eeg_fl_hbeta_power_precond"
2025-12-19 15:59:36.531512,38,"workload_label",7,128,0.0078125,0.569767441860465,0.616279069767442,0.582170542635659,7,"top7","eeg_tb_ratio_precond;eeg_ab_ratio_precond;hrv_rmssd_precond;eda_sd_precond;hr_med_precond;eeg_tright_lbeta_power_precond;eeg_fl_hbeta_power_precond"
2025-12-19 15:59:36.60543,38,"workload_label",7,256,0.0078125,0.587209302325581,0.622093023255814,0.6,7,"top7","eeg_tb_ratio_precond;eeg_ab_ratio_precond;hrv_rmssd_precond;eda_sd_precond;hr_med_precond;eeg_tright_lbeta_power_precond;eeg_fl_hbeta_power_precond"
2025-12-19 15:59:36.453463,38,"workload_label",7,2,0.015625,0.627906976744186,0.616279069767442,0.606201550387597,7,"top7","eeg_tb_ratio_precond;eeg_ab_ratio_precond;hrv_rmssd_precond;eda_sd_precond;hr_med_precond;eeg_tright_lbeta_power_precond;eeg_fl_hbeta_power_precond"
2025-12-19 15:59:36.463248,38,"workload_label",7,4,0.015625,0.61046511627907,0.627906976744186,0.595348837209302,7,"top7","eeg_tb_ratio_precond;eeg_ab_ratio_precond;hrv_rmssd_precond;eda_sd_precond;hr_med_precond;eeg_tright_lbeta_power_precond;eeg_fl_hbeta_power_precond"
2025-12-19 15:59:36.475315,38,"workload_label",7,8,0.015625,0.558139534883721,0.616279069767442,0.558139534883721,7,"top7","eeg_tb_ratio_precond;eeg_ab_ratio_precond;hrv_rmssd_precond;eda_sd_precond;hr_med_precond;eeg_tright_lbeta_power_precond;eeg_fl_hbeta_power_precond"
2025-12-19 15:59:36.477957,38,"workload_label",7,16,0.015625,0.569767441860465,0.598837209302326,0.584496124031008,7,"top7","eeg_tb_ratio_precond;eeg_ab_ratio_precond;hrv_rmssd_precond;eda_sd_precond;hr_med_precond;eeg_tright_lbeta_power_precond;eeg_fl_hbeta_power_precond"
2025-12-19 15:59:36.47638,38,"workload_label",7,32,0.015625,0.575581395348837,0.622093023255814,0.591472868217054,7,"top7","eeg_tb_ratio_precond;eeg_ab_ratio_precond;hrv_rmssd_precond;eda_sd_precond;hr_med_precond;eeg_tright_lbeta_power_precond;eeg_fl_hbeta_power_precond"
2025-12-19 15:59:36.54927,38,"workload_label",7,64,0.015625,0.587209302325581,0.604651162790698,0.60077519379845,7,"top7","eeg_tb_ratio_precond;eeg_ab_ratio_precond;hrv_rmssd_precond;eda_sd_precond;hr_med_precond;eeg_tright_lbeta_power_precond;eeg_fl_hbeta_power_precond"
2025-12-19 15:59:37.704128,38,"workload_label",7,128,0.015625,0.563953488372093,0.587209302325581,NA,7,"top7","eeg_tb_ratio_precond;eeg_ab_ratio_precond;hrv_rmssd_precond;eda_sd_precond;hr_med_precond;eeg_tright_lbeta_power_precond;eeg_fl_hbeta_power_precond"
2025-12-19 15:59:37.870239,38,"workload_label",7,256,0.015625,0.552325581395349,0.587209302325581,NA,7,"top7","eeg_tb_ratio_precond;eeg_ab_ratio_precond;hrv_rmssd_precond;eda_sd_precond;hr_med_precond;eeg_tright_lbeta_power_precond;eeg_fl_hbeta_power_precond"
2025-12-19 15:59:37.544713,38,"workload_label",7,2,0.03125,0.598837209302326,0.627906976744186,0.6,7,"top7","eeg_tb_ratio_precond;eeg_ab_ratio_precond;hrv_rmssd_precond;eda_sd_precond;hr_med_precond;eeg_tright_lbeta_power_precond;eeg_fl_hbeta_power_precond"
2025-12-19 15:59:37.542412,38,"workload_label",7,4,0.03125,0.569767441860465,0.604651162790698,0.582170542635659,7,"top7","eeg_tb_ratio_precond;eeg_ab_ratio_precond;hrv_rmssd_precond;eda_sd_precond;hr_med_precond;eeg_tright_lbeta_power_precond;eeg_fl_hbeta_power_precond"
2025-12-19 15:59:37.555952,38,"workload_label",7,8,0.03125,0.598837209302326,0.616279069767442,0.607751937984496,7,"top7","eeg_tb_ratio_precond;eeg_ab_ratio_precond;hrv_rmssd_precond;eda_sd_precond;hr_med_precond;eeg_tright_lbeta_power_precond;eeg_fl_hbeta_power_precond"
2025-12-19 15:59:37.57491,38,"workload_label",7,16,0.03125,0.593023255813954,0.604651162790698,0.586821705426357,7,"top7","eeg_tb_ratio_precond;eeg_ab_ratio_precond;hrv_rmssd_precond;eda_sd_precond;hr_med_precond;eeg_tright_lbeta_power_precond;eeg_fl_hbeta_power_precond"
2025-12-19 15:59:37.637854,38,"workload_label",7,32,0.03125,0.563953488372093,0.587209302325581,NA,7,"top7","eeg_tb_ratio_precond;eeg_ab_ratio_precond;hrv_rmssd_precond;eda_sd_precond;hr_med_precond;eeg_tright_lbeta_power_precond;eeg_fl_hbeta_power_precond"
2025-12-19 15:59:37.743132,38,"workload_label",7,64,0.03125,0.552325581395349,0.593023255813954,NA,7,"top7","eeg_tb_ratio_precond;eeg_ab_ratio_precond;hrv_rmssd_precond;eda_sd_precond;hr_med_precond;eeg_tright_lbeta_power_precond;eeg_fl_hbeta_power_precond"
2025-12-19 15:59:37.877562,38,"workload_label",7,128,0.03125,0.552325581395349,0.563953488372093,NA,7,"top7","eeg_tb_ratio_precond;eeg_ab_ratio_precond;hrv_rmssd_precond;eda_sd_precond;hr_med_precond;eeg_tright_lbeta_power_precond;eeg_fl_hbeta_power_precond"
2025-12-19 15:59:38.196433,38,"workload_label",7,256,0.03125,0.546511627906977,0.552325581395349,NA,7,"top7","eeg_tb_ratio_precond;eeg_ab_ratio_precond;hrv_rmssd_precond;eda_sd_precond;hr_med_precond;eeg_tright_lbeta_power_precond;eeg_fl_hbeta_power_precond"
2025-12-19 15:59:37.572892,38,"workload_label",7,2,0.0625,0.593023255813954,0.622093023255814,0.596899224806202,7,"top7","eeg_tb_ratio_precond;eeg_ab_ratio_precond;hrv_rmssd_precond;eda_sd_precond;hr_med_precond;eeg_tright_lbeta_power_precond;eeg_fl_hbeta_power_precond"
2025-12-19 15:59:37.860332,38,"workload_label",7,4,0.0625,0.593023255813954,0.593023255813954,0.589922480620155,7,"top7","eeg_tb_ratio_precond;eeg_ab_ratio_precond;hrv_rmssd_precond;eda_sd_precond;hr_med_precond;eeg_tright_lbeta_power_precond;eeg_fl_hbeta_power_precond"
2025-12-19 15:59:37.877256,38,"workload_label",7,8,0.0625,0.575581395348837,0.616279069767442,NA,7,"top7","eeg_tb_ratio_precond;eeg_ab_ratio_precond;hrv_rmssd_precond;eda_sd_precond;hr_med_precond;eeg_tright_lbeta_power_precond;eeg_fl_hbeta_power_precond"
2025-12-19 15:59:37.757761,38,"workload_label",7,16,0.0625,0.534883720930233,0.604651162790698,NA,7,"top7","eeg_tb_ratio_precond;eeg_ab_ratio_precond;hrv_rmssd_precond;eda_sd_precond;hr_med_precond;eeg_tright_lbeta_power_precond;eeg_fl_hbeta_power_precond"
2025-12-19 15:59:38.737829,38,"workload_label",7,32,0.0625,0.523255813953488,0.558139534883721,NA,7,"top7","eeg_tb_ratio_precond;eeg_ab_ratio_precond;hrv_rmssd_precond;eda_sd_precond;hr_med_precond;eeg_tright_lbeta_power_precond;eeg_fl_hbeta_power_precond"
2025-12-19 15:59:38.930741,38,"workload_label",7,64,0.0625,0.529069767441861,0.546511627906977,NA,7,"top7","eeg_tb_ratio_precond;eeg_ab_ratio_precond;hrv_rmssd_precond;eda_sd_precond;hr_med_precond;eeg_tright_lbeta_power_precond;eeg_fl_hbeta_power_precond"
2025-12-19 15:59:39.11323,38,"workload_label",7,128,0.0625,0.534883720930233,0.406976744186047,0.529457364341085,7,"top7","eeg_tb_ratio_precond;eeg_ab_ratio_precond;hrv_rmssd_precond;eda_sd_precond;hr_med_precond;eeg_tright_lbeta_power_precond;eeg_fl_hbeta_power_precond"
2025-12-19 15:59:39.496333,38,"workload_label",7,256,0.0625,0.534883720930233,0.459302325581395,0.541085271317829,7,"top7","eeg_tb_ratio_precond;eeg_ab_ratio_precond;hrv_rmssd_precond;eda_sd_precond;hr_med_precond;eeg_tright_lbeta_power_precond;eeg_fl_hbeta_power_precond"
2025-12-19 15:59:38.648736,38,"workload_label",7,2,0.125,0.581395348837209,0.61046511627907,0.571317829457364,7,"top7","eeg_tb_ratio_precond;eeg_ab_ratio_precond;hrv_rmssd_precond;eda_sd_precond;hr_med_precond;eeg_tright_lbeta_power_precond;eeg_fl_hbeta_power_precond"
2025-12-19 15:59:38.777635,38,"workload_label",7,4,0.125,0.529069767441861,0.598837209302326,NA,7,"top7","eeg_tb_ratio_precond;eeg_ab_ratio_precond;hrv_rmssd_precond;eda_sd_precond;hr_med_precond;eeg_tright_lbeta_power_precond;eeg_fl_hbeta_power_precond"
2025-12-19 15:59:38.854837,38,"workload_label",7,8,0.125,0.523255813953488,0.569767441860465,NA,7,"top7","eeg_tb_ratio_precond;eeg_ab_ratio_precond;hrv_rmssd_precond;eda_sd_precond;hr_med_precond;eeg_tright_lbeta_power_precond;eeg_fl_hbeta_power_precond"
2025-12-19 15:59:38.991764,38,"workload_label",7,16,0.125,0.529069767441861,0.529069767441861,NA,7,"top7","eeg_tb_ratio_precond;eeg_ab_ratio_precond;hrv_rmssd_precond;eda_sd_precond;hr_med_precond;eeg_tright_lbeta_power_precond;eeg_fl_hbeta_power_precond"
2025-12-19 15:59:39.072964,38,"workload_label",7,32,0.125,0.546511627906977,0.511627906976744,0.549612403100775,7,"top7","eeg_tb_ratio_precond;eeg_ab_ratio_precond;hrv_rmssd_precond;eda_sd_precond;hr_med_precond;eeg_tright_lbeta_power_precond;eeg_fl_hbeta_power_precond"
2025-12-19 15:59:39.293236,38,"workload_label",7,64,0.125,0.523255813953488,0.476744186046512,0.522480620155039,7,"top7","eeg_tb_ratio_precond;eeg_ab_ratio_precond;hrv_rmssd_precond;eda_sd_precond;hr_med_precond;eeg_tright_lbeta_power_precond;eeg_fl_hbeta_power_precond"
2025-12-19 15:59:39.460172,38,"workload_label",7,128,0.125,0.476744186046512,0.441860465116279,NA,7,"top7","eeg_tb_ratio_precond;eeg_ab_ratio_precond;hrv_rmssd_precond;eda_sd_precond;hr_med_precond;eeg_tright_lbeta_power_precond;eeg_fl_hbeta_power_precond"
2025-12-19 15:59:39.544353,38,"workload_label",7,256,0.125,0.482558139534884,0.447674418604651,NA,7,"top7","eeg_tb_ratio_precond;eeg_ab_ratio_precond;hrv_rmssd_precond;eda_sd_precond;hr_med_precond;eeg_tright_lbeta_power_precond;eeg_fl_hbeta_power_precond"
2025-12-19 15:59:38.952545,38,"workload_label",7,2,0.03,0.604651162790698,0.627906976744186,0.603875968992248,7,"top7","eeg_tb_ratio_precond;eeg_ab_ratio_precond;hrv_rmssd_precond;eda_sd_precond;hr_med_precond;eeg_tright_lbeta_power_precond;eeg_fl_hbeta_power_precond"
2025-12-19 15:59:39.275664,38,"workload_label",7,4,0.03,0.563953488372093,0.598837209302326,0.575193798449612,7,"top7","eeg_tb_ratio_precond;eeg_ab_ratio_precond;hrv_rmssd_precond;eda_sd_precond;hr_med_precond;eeg_tright_lbeta_power_precond;eeg_fl_hbeta_power_precond"
2025-12-19 15:59:39.718678,38,"workload_label",7,8,0.03,0.598837209302326,0.616279069767442,0.607751937984496,7,"top7","eeg_tb_ratio_precond;eeg_ab_ratio_precond;hrv_rmssd_precond;eda_sd_precond;hr_med_precond;eeg_tright_lbeta_power_precond;eeg_fl_hbeta_power_precond"
2025-12-19 15:59:39.842376,38,"workload_label",7,16,0.03,0.569767441860465,0.604651162790698,0.568992248062016,7,"top7","eeg_tb_ratio_precond;eeg_ab_ratio_precond;hrv_rmssd_precond;eda_sd_precond;hr_med_precond;eeg_tright_lbeta_power_precond;eeg_fl_hbeta_power_precond"
2025-12-19 15:59:39.975256,38,"workload_label",7,32,0.03,0.558139534883721,0.587209302325581,NA,7,"top7","eeg_tb_ratio_precond;eeg_ab_ratio_precond;hrv_rmssd_precond;eda_sd_precond;hr_med_precond;eeg_tright_lbeta_power_precond;eeg_fl_hbeta_power_precond"
2025-12-19 15:59:40.142355,38,"workload_label",7,64,0.03,0.563953488372093,0.598837209302326,NA,7,"top7","eeg_tb_ratio_precond;eeg_ab_ratio_precond;hrv_rmssd_precond;eda_sd_precond;hr_med_precond;eeg_tright_lbeta_power_precond;eeg_fl_hbeta_power_precond"
2025-12-19 15:59:40.349319,38,"workload_label",7,128,0.03,0.546511627906977,0.563953488372093,NA,7,"top7","eeg_tb_ratio_precond;eeg_ab_ratio_precond;hrv_rmssd_precond;eda_sd_precond;hr_med_precond;eeg_tright_lbeta_power_precond;eeg_fl_hbeta_power_precond"
2025-12-19 15:59:40.677462,38,"workload_label",7,256,0.03,0.552325581395349,0.546511627906977,NA,7,"top7","eeg_tb_ratio_precond;eeg_ab_ratio_precond;hrv_rmssd_precond;eda_sd_precond;hr_med_precond;eeg_tright_lbeta_power_precond;eeg_fl_hbeta_power_precond"
2025-12-19 15:59:40.072894,38,"workload_label",7,2,0.06,0.593023255813954,0.622093023255814,0.596899224806202,7,"top7","eeg_tb_ratio_precond;eeg_ab_ratio_precond;hrv_rmssd_precond;eda_sd_precond;hr_med_precond;eeg_tright_lbeta_power_precond;eeg_fl_hbeta_power_precond"
2025-12-19 15:59:40.172771,38,"workload_label",7,4,0.06,0.587209302325581,0.593023255813954,0.585271317829457,7,"top7","eeg_tb_ratio_precond;eeg_ab_ratio_precond;hrv_rmssd_precond;eda_sd_precond;hr_med_precond;eeg_tright_lbeta_power_precond;eeg_fl_hbeta_power_precond"
2025-12-19 15:59:40.290869,38,"workload_label",7,8,0.06,0.575581395348837,0.61046511627907,NA,7,"top7","eeg_tb_ratio_precond;eeg_ab_ratio_precond;hrv_rmssd_precond;eda_sd_precond;hr_med_precond;eeg_tright_lbeta_power_precond;eeg_fl_hbeta_power_precond"
2025-12-19 15:59:40.446994,38,"workload_label",7,16,0.06,0.546511627906977,0.598837209302326,NA,7,"top7","eeg_tb_ratio_precond;eeg_ab_ratio_precond;hrv_rmssd_precond;eda_sd_precond;hr_med_precond;eeg_tright_lbeta_power_precond;eeg_fl_hbeta_power_precond"
2025-12-19 15:59:40.524524,38,"workload_label",7,32,0.06,0.529069767441861,0.563953488372093,NA,7,"top7","eeg_tb_ratio_precond;eeg_ab_ratio_precond;hrv_rmssd_precond;eda_sd_precond;hr_med_precond;eeg_tright_lbeta_power_precond;eeg_fl_hbeta_power_precond"
2025-12-19 15:59:40.828885,38,"workload_label",7,64,0.06,0.529069767441861,0.575581395348837,NA,7,"top7","eeg_tb_ratio_precond;eeg_ab_ratio_precond;hrv_rmssd_precond;eda_sd_precond;hr_med_precond;eeg_tright_lbeta_power_precond;eeg_fl_hbeta_power_precond"
2025-12-19 15:59:40.997484,38,"workload_label",7,128,0.06,0.534883720930233,0.511627906976744,0.518604651162791,7,"top7","eeg_tb_ratio_precond;eeg_ab_ratio_precond;hrv_rmssd_precond;eda_sd_precond;hr_med_precond;eeg_tright_lbeta_power_precond;eeg_fl_hbeta_power_precond"
2025-12-19 15:59:41.245634,38,"workload_label",7,256,0.06,0.529069767441861,0.505813953488372,0.525581395348837,7,"top7","eeg_tb_ratio_precond;eeg_ab_ratio_precond;hrv_rmssd_precond;eda_sd_precond;hr_med_precond;eeg_tright_lbeta_power_precond;eeg_fl_hbeta_power_precond"
2025-12-19 15:59:40.773716,38,"workload_label",7,2,0.1,0.593023255813954,0.61046511627907,0.593798449612403,7,"top7","eeg_tb_ratio_precond;eeg_ab_ratio_precond;hrv_rmssd_precond;eda_sd_precond;hr_med_precond;eeg_tright_lbeta_power_precond;eeg_fl_hbeta_power_precond"
2025-12-19 15:59:40.876498,38,"workload_label",7,4,0.1,0.552325581395349,0.604651162790698,NA,7,"top7","eeg_tb_ratio_precond;eeg_ab_ratio_precond;hrv_rmssd_precond;eda_sd_precond;hr_med_precond;eeg_tright_lbeta_power_precond;eeg_fl_hbeta_power_precond"
2025-12-19 15:59:40.994034,38,"workload_label",7,8,0.1,0.540697674418605,0.587209302325581,NA,7,"top7","eeg_tb_ratio_precond;eeg_ab_ratio_precond;hrv_rmssd_precond;eda_sd_precond;hr_med_precond;eeg_tright_lbeta_power_precond;eeg_fl_hbeta_power_precond"
2025-12-19 15:59:41.086404,38,"workload_label",7,16,0.1,0.534883720930233,0.558139534883721,NA,7,"top7","eeg_tb_ratio_precond;eeg_ab_ratio_precond;hrv_rmssd_precond;eda_sd_precond;hr_med_precond;eeg_tright_lbeta_power_precond;eeg_fl_hbeta_power_precond"
2025-12-19 15:59:41.185866,38,"workload_label",7,32,0.1,0.517441860465116,0.517441860465116,NA,7,"top7","eeg_tb_ratio_precond;eeg_ab_ratio_precond;hrv_rmssd_precond;eda_sd_precond;hr_med_precond;eeg_tright_lbeta_power_precond;eeg_fl_hbeta_power_precond"
2025-12-19 15:59:41.272424,38,"workload_label",7,64,0.1,0.534883720930233,0.482558139534884,0.53953488372093,7,"top7","eeg_tb_ratio_precond;eeg_ab_ratio_precond;hrv_rmssd_precond;eda_sd_precond;hr_med_precond;eeg_tright_lbeta_power_precond;eeg_fl_hbeta_power_precond"
2025-12-19 15:59:41.469294,38,"workload_label",7,128,0.1,0.511627906976744,0.430232558139535,0.508527131782946,7,"top7","eeg_tb_ratio_precond;eeg_ab_ratio_precond;hrv_rmssd_precond;eda_sd_precond;hr_med_precond;eeg_tright_lbeta_power_precond;eeg_fl_hbeta_power_precond"
2025-12-19 15:59:41.624594,38,"workload_label",7,256,0.1,0.5,0.430232558139535,NA,7,"top7","eeg_tb_ratio_precond;eeg_ab_ratio_precond;hrv_rmssd_precond;eda_sd_precond;hr_med_precond;eeg_tright_lbeta_power_precond;eeg_fl_hbeta_power_precond"
2025-12-19 15:59:42.893472,39,"workload_label",7,2,0.0078125,0.627906976744186,0.622093023255814,0.601550387596899,7,"top7","eeg_tb_ratio_precond;eeg_ab_ratio_precond;hrv_rmssd_precond;eda_sd_precond;hr_med_precond;eeg_tright_lbeta_power_precond;eeg_fl_hbeta_power_precond"
2025-12-19 15:59:42.878745,39,"workload_label",7,4,0.0078125,0.616279069767442,0.645348837209302,0.601550387596899,7,"top7","eeg_tb_ratio_precond;eeg_ab_ratio_precond;hrv_rmssd_precond;eda_sd_precond;hr_med_precond;eeg_tright_lbeta_power_precond;eeg_fl_hbeta_power_precond"
2025-12-19 15:59:42.888266,39,"workload_label",7,8,0.0078125,0.575581395348837,0.622093023255814,0.567441860465116,7,"top7","eeg_tb_ratio_precond;eeg_ab_ratio_precond;hrv_rmssd_precond;eda_sd_precond;hr_med_precond;eeg_tright_lbeta_power_precond;eeg_fl_hbeta_power_precond"
2025-12-19 15:59:42.868089,39,"workload_label",7,16,0.0078125,0.546511627906977,0.593023255813954,0.547286821705426,7,"top7","eeg_tb_ratio_precond;eeg_ab_ratio_precond;hrv_rmssd_precond;eda_sd_precond;hr_med_precond;eeg_tright_lbeta_power_precond;eeg_fl_hbeta_power_precond"
2025-12-19 15:59:42.854216,39,"workload_label",7,32,0.0078125,0.546511627906977,0.61046511627907,0.554263565891473,7,"top7","eeg_tb_ratio_precond;eeg_ab_ratio_precond;hrv_rmssd_precond;eda_sd_precond;hr_med_precond;eeg_tright_lbeta_power_precond;eeg_fl_hbeta_power_precond"
2025-12-19 15:59:42.904215,39,"workload_label",7,64,0.0078125,0.569767441860465,0.61046511627907,0.593023255813954,7,"top7","eeg_tb_ratio_precond;eeg_ab_ratio_precond;hrv_rmssd_precond;eda_sd_precond;hr_med_precond;eeg_tright_lbeta_power_precond;eeg_fl_hbeta_power_precond"
2025-12-19 15:59:42.901035,39,"workload_label",7,128,0.0078125,0.587209302325581,0.63953488372093,0.608527131782946,7,"top7","eeg_tb_ratio_precond;eeg_ab_ratio_precond;hrv_rmssd_precond;eda_sd_precond;hr_med_precond;eeg_tright_lbeta_power_precond;eeg_fl_hbeta_power_precond"
2025-12-19 15:59:43.085993,39,"workload_label",7,256,0.0078125,0.598837209302326,0.651162790697674,0.614728682170543,7,"top7","eeg_tb_ratio_precond;eeg_ab_ratio_precond;hrv_rmssd_precond;eda_sd_precond;hr_med_precond;eeg_tright_lbeta_power_precond;eeg_fl_hbeta_power_precond"
2025-12-19 15:59:42.918525,39,"workload_label",7,2,0.015625,0.598837209302326,0.627906976744186,0.587596899224806,7,"top7","eeg_tb_ratio_precond;eeg_ab_ratio_precond;hrv_rmssd_precond;eda_sd_precond;hr_med_precond;eeg_tright_lbeta_power_precond;eeg_fl_hbeta_power_precond"
2025-12-19 15:59:42.902365,39,"workload_label",7,4,0.015625,0.558139534883721,0.61046511627907,0.564341085271318,7,"top7","eeg_tb_ratio_precond;eeg_ab_ratio_precond;hrv_rmssd_precond;eda_sd_precond;hr_med_precond;eeg_tright_lbeta_power_precond;eeg_fl_hbeta_power_precond"
2025-12-19 15:59:42.893128,39,"workload_label",7,8,0.015625,0.540697674418605,0.604651162790698,0.556589147286822,7,"top7","eeg_tb_ratio_precond;eeg_ab_ratio_precond;hrv_rmssd_precond;eda_sd_precond;hr_med_precond;eeg_tright_lbeta_power_precond;eeg_fl_hbeta_power_precond"
2025-12-19 15:59:42.88236,39,"workload_label",7,16,0.015625,0.575581395348837,0.627906976744186,0.596899224806202,7,"top7","eeg_tb_ratio_precond;eeg_ab_ratio_precond;hrv_rmssd_precond;eda_sd_precond;hr_med_precond;eeg_tright_lbeta_power_precond;eeg_fl_hbeta_power_precond"
2025-12-19 15:59:42.934719,39,"workload_label",7,32,0.015625,0.587209302325581,0.633720930232558,0.608527131782946,7,"top7","eeg_tb_ratio_precond;eeg_ab_ratio_precond;hrv_rmssd_precond;eda_sd_precond;hr_med_precond;eeg_tright_lbeta_power_precond;eeg_fl_hbeta_power_precond"
2025-12-19 15:59:42.952219,39,"workload_label",7,64,0.015625,0.587209302325581,0.651162790697674,0.6,7,"top7","eeg_tb_ratio_precond;eeg_ab_ratio_precond;hrv_rmssd_precond;eda_sd_precond;hr_med_precond;eeg_tright_lbeta_power_precond;eeg_fl_hbeta_power_precond"
2025-12-19 15:59:44.077534,39,"workload_label",7,128,0.015625,0.575581395348837,0.633720930232558,NA,7,"top7","eeg_tb_ratio_precond;eeg_ab_ratio_precond;hrv_rmssd_precond;eda_sd_precond;hr_med_precond;eeg_tright_lbeta_power_precond;eeg_fl_hbeta_power_precond"
2025-12-19 15:59:44.240918,39,"workload_label",7,256,0.015625,0.575581395348837,0.616279069767442,NA,7,"top7","eeg_tb_ratio_precond;eeg_ab_ratio_precond;hrv_rmssd_precond;eda_sd_precond;hr_med_precond;eeg_tright_lbeta_power_precond;eeg_fl_hbeta_power_precond"
2025-12-19 15:59:43.94716,39,"workload_label",7,2,0.03125,0.558139534883721,0.627906976744186,0.578294573643411,7,"top7","eeg_tb_ratio_precond;eeg_ab_ratio_precond;hrv_rmssd_precond;eda_sd_precond;hr_med_precond;eeg_tright_lbeta_power_precond;eeg_fl_hbeta_power_precond"
2025-12-19 15:59:43.95772,39,"workload_label",7,4,0.03125,0.569767441860465,0.616279069767442,0.585271317829457,7,"top7","eeg_tb_ratio_precond;eeg_ab_ratio_precond;hrv_rmssd_precond;eda_sd_precond;hr_med_precond;eeg_tright_lbeta_power_precond;eeg_fl_hbeta_power_precond"
2025-12-19 15:59:43.973694,39,"workload_label",7,8,0.03125,0.598837209302326,0.633720930232558,0.618604651162791,7,"top7","eeg_tb_ratio_precond;eeg_ab_ratio_precond;hrv_rmssd_precond;eda_sd_precond;hr_med_precond;eeg_tright_lbeta_power_precond;eeg_fl_hbeta_power_precond"
2025-12-19 15:59:43.972332,39,"workload_label",7,16,0.03125,0.593023255813954,0.622093023255814,0.603875968992248,7,"top7","eeg_tb_ratio_precond;eeg_ab_ratio_precond;hrv_rmssd_precond;eda_sd_precond;hr_med_precond;eeg_tright_lbeta_power_precond;eeg_fl_hbeta_power_precond"
2025-12-19 15:59:44.042355,39,"workload_label",7,32,0.03125,0.563953488372093,0.61046511627907,NA,7,"top7","eeg_tb_ratio_precond;eeg_ab_ratio_precond;hrv_rmssd_precond;eda_sd_precond;hr_med_precond;eeg_tright_lbeta_power_precond;eeg_fl_hbeta_power_precond"
2025-12-19 15:59:44.113916,39,"workload_label",7,64,0.03125,0.540697674418605,0.587209302325581,NA,7,"top7","eeg_tb_ratio_precond;eeg_ab_ratio_precond;hrv_rmssd_precond;eda_sd_precond;hr_med_precond;eeg_tright_lbeta_power_precond;eeg_fl_hbeta_power_precond"
2025-12-19 15:59:44.275496,39,"workload_label",7,128,0.03125,0.546511627906977,0.593023255813954,NA,7,"top7","eeg_tb_ratio_precond;eeg_ab_ratio_precond;hrv_rmssd_precond;eda_sd_precond;hr_med_precond;eeg_tright_lbeta_power_precond;eeg_fl_hbeta_power_precond"
2025-12-19 15:59:44.598745,39,"workload_label",7,256,0.03125,0.546511627906977,0.558139534883721,NA,7,"top7","eeg_tb_ratio_precond;eeg_ab_ratio_precond;hrv_rmssd_precond;eda_sd_precond;hr_med_precond;eeg_tright_lbeta_power_precond;eeg_fl_hbeta_power_precond"
2025-12-19 15:59:43.9655,39,"workload_label",7,2,0.0625,0.575581395348837,0.627906976744186,0.593023255813954,7,"top7","eeg_tb_ratio_precond;eeg_ab_ratio_precond;hrv_rmssd_precond;eda_sd_precond;hr_med_precond;eeg_tright_lbeta_power_precond;eeg_fl_hbeta_power_precond"
2025-12-19 15:59:43.993935,39,"workload_label",7,4,0.0625,0.593023255813954,0.616279069767442,0.605426356589147,7,"top7","eeg_tb_ratio_precond;eeg_ab_ratio_precond;hrv_rmssd_precond;eda_sd_precond;hr_med_precond;eeg_tright_lbeta_power_precond;eeg_fl_hbeta_power_precond"
2025-12-19 15:59:44.031967,39,"workload_label",7,8,0.0625,0.558139534883721,0.604651162790698,NA,7,"top7","eeg_tb_ratio_precond;eeg_ab_ratio_precond;hrv_rmssd_precond;eda_sd_precond;hr_med_precond;eeg_tright_lbeta_power_precond;eeg_fl_hbeta_power_precond"
2025-12-19 15:59:44.168854,39,"workload_label",7,16,0.0625,0.534883720930233,0.598837209302326,NA,7,"top7","eeg_tb_ratio_precond;eeg_ab_ratio_precond;hrv_rmssd_precond;eda_sd_precond;hr_med_precond;eeg_tright_lbeta_power_precond;eeg_fl_hbeta_power_precond"
2025-12-19 15:59:45.167261,39,"workload_label",7,32,0.0625,0.534883720930233,0.569767441860465,NA,7,"top7","eeg_tb_ratio_precond;eeg_ab_ratio_precond;hrv_rmssd_precond;eda_sd_precond;hr_med_precond;eeg_tright_lbeta_power_precond;eeg_fl_hbeta_power_precond"
2025-12-19 15:59:45.323812,39,"workload_label",7,64,0.0625,0.558139534883721,0.569767441860465,NA,7,"top7","eeg_tb_ratio_precond;eeg_ab_ratio_precond;hrv_rmssd_precond;eda_sd_precond;hr_med_precond;eeg_tright_lbeta_power_precond;eeg_fl_hbeta_power_precond"
2025-12-19 15:59:45.552417,39,"workload_label",7,128,0.0625,0.540697674418605,0.459302325581395,NA,7,"top7","eeg_tb_ratio_precond;eeg_ab_ratio_precond;hrv_rmssd_precond;eda_sd_precond;hr_med_precond;eeg_tright_lbeta_power_precond;eeg_fl_hbeta_power_precond"
2025-12-19 15:59:45.920217,39,"workload_label",7,256,0.0625,0.552325581395349,0.511627906976744,0.565116279069767,7,"top7","eeg_tb_ratio_precond;eeg_ab_ratio_precond;hrv_rmssd_precond;eda_sd_precond;hr_med_precond;eeg_tright_lbeta_power_precond;eeg_fl_hbeta_power_precond"
2025-12-19 15:59:45.014513,39,"workload_label",7,2,0.125,0.558139534883721,0.593023255813954,0.55968992248062,7,"top7","eeg_tb_ratio_precond;eeg_ab_ratio_precond;hrv_rmssd_precond;eda_sd_precond;hr_med_precond;eeg_tright_lbeta_power_precond;eeg_fl_hbeta_power_precond"
2025-12-19 15:59:45.136512,39,"workload_label",7,4,0.125,0.546511627906977,0.598837209302326,NA,7,"top7","eeg_tb_ratio_precond;eeg_ab_ratio_precond;hrv_rmssd_precond;eda_sd_precond;hr_med_precond;eeg_tright_lbeta_power_precond;eeg_fl_hbeta_power_precond"
2025-12-19 15:59:45.136984,39,"workload_label",7,8,0.125,0.546511627906977,0.569767441860465,NA,7,"top7","eeg_tb_ratio_precond;eeg_ab_ratio_precond;hrv_rmssd_precond;eda_sd_precond;hr_med_precond;eeg_tright_lbeta_power_precond;eeg_fl_hbeta_power_precond"
2025-12-19 15:59:45.262096,39,"workload_label",7,16,0.125,0.546511627906977,0.552325581395349,NA,7,"top7","eeg_tb_ratio_precond;eeg_ab_ratio_precond;hrv_rmssd_precond;eda_sd_precond;hr_med_precond;eeg_tright_lbeta_power_precond;eeg_fl_hbeta_power_precond"
2025-12-19 15:59:45.412292,39,"workload_label",7,32,0.125,0.534883720930233,0.523255813953488,NA,7,"top7","eeg_tb_ratio_precond;eeg_ab_ratio_precond;hrv_rmssd_precond;eda_sd_precond;hr_med_precond;eeg_tright_lbeta_power_precond;eeg_fl_hbeta_power_precond"
2025-12-19 15:59:45.52901,39,"workload_label",7,64,0.125,0.546511627906977,0.47093023255814,NA,7,"top7","eeg_tb_ratio_precond;eeg_ab_ratio_precond;hrv_rmssd_precond;eda_sd_precond;hr_med_precond;eeg_tright_lbeta_power_precond;eeg_fl_hbeta_power_precond"
2025-12-19 15:59:45.769004,39,"workload_label",7,128,0.125,0.494186046511628,0.441860465116279,NA,7,"top7","eeg_tb_ratio_precond;eeg_ab_ratio_precond;hrv_rmssd_precond;eda_sd_precond;hr_med_precond;eeg_tright_lbeta_power_precond;eeg_fl_hbeta_power_precond"
2025-12-19 15:59:45.935928,39,"workload_label",7,256,0.125,0.511627906976744,0.441860465116279,NA,7,"top7","eeg_tb_ratio_precond;eeg_ab_ratio_precond;hrv_rmssd_precond;eda_sd_precond;hr_med_precond;eeg_tright_lbeta_power_precond;eeg_fl_hbeta_power_precond"
2025-12-19 15:59:45.349494,39,"workload_label",7,2,0.03,0.558139534883721,0.622093023255814,0.578294573643411,7,"top7","eeg_tb_ratio_precond;eeg_ab_ratio_precond;hrv_rmssd_precond;eda_sd_precond;hr_med_precond;eeg_tright_lbeta_power_precond;eeg_fl_hbeta_power_precond"
2025-12-19 15:59:45.647299,39,"workload_label",7,4,0.03,0.569767441860465,0.616279069767442,0.585271317829457,7,"top7","eeg_tb_ratio_precond;eeg_ab_ratio_precond;hrv_rmssd_precond;eda_sd_precond;hr_med_precond;eeg_tright_lbeta_power_precond;eeg_fl_hbeta_power_precond"
2025-12-19 15:59:46.080762,39,"workload_label",7,8,0.03,0.598837209302326,0.633720930232558,0.618604651162791,7,"top7","eeg_tb_ratio_precond;eeg_ab_ratio_precond;hrv_rmssd_precond;eda_sd_precond;hr_med_precond;eeg_tright_lbeta_power_precond;eeg_fl_hbeta_power_precond"
2025-12-19 15:59:46.203133,39,"workload_label",7,16,0.03,0.593023255813954,0.622093023255814,0.603875968992248,7,"top7","eeg_tb_ratio_precond;eeg_ab_ratio_precond;hrv_rmssd_precond;eda_sd_precond;hr_med_precond;eeg_tright_lbeta_power_precond;eeg_fl_hbeta_power_precond"
2025-12-19 15:59:46.271245,39,"workload_label",7,32,0.03,0.569767441860465,0.604651162790698,NA,7,"top7","eeg_tb_ratio_precond;eeg_ab_ratio_precond;hrv_rmssd_precond;eda_sd_precond;hr_med_precond;eeg_tright_lbeta_power_precond;eeg_fl_hbeta_power_precond"
2025-12-19 15:59:46.377467,39,"workload_label",7,64,0.03,0.546511627906977,0.587209302325581,NA,7,"top7","eeg_tb_ratio_precond;eeg_ab_ratio_precond;hrv_rmssd_precond;eda_sd_precond;hr_med_precond;eeg_tright_lbeta_power_precond;eeg_fl_hbeta_power_precond"
2025-12-19 15:59:46.635783,39,"workload_label",7,128,0.03,0.540697674418605,0.593023255813954,NA,7,"top7","eeg_tb_ratio_precond;eeg_ab_ratio_precond;hrv_rmssd_precond;eda_sd_precond;hr_med_precond;eeg_tright_lbeta_power_precond;eeg_fl_hbeta_power_precond"
2025-12-19 15:59:46.996489,39,"workload_label",7,256,0.03,0.540697674418605,0.546511627906977,NA,7,"top7","eeg_tb_ratio_precond;eeg_ab_ratio_precond;hrv_rmssd_precond;eda_sd_precond;hr_med_precond;eeg_tright_lbeta_power_precond;eeg_fl_hbeta_power_precond"
2025-12-19 15:59:46.415666,39,"workload_label",7,2,0.06,0.575581395348837,0.627906976744186,0.593023255813954,7,"top7","eeg_tb_ratio_precond;eeg_ab_ratio_precond;hrv_rmssd_precond;eda_sd_precond;hr_med_precond;eeg_tright_lbeta_power_precond;eeg_fl_hbeta_power_precond"
2025-12-19 15:59:46.438255,39,"workload_label",7,4,0.06,0.593023255813954,0.61046511627907,0.605426356589147,7,"top7","eeg_tb_ratio_precond;eeg_ab_ratio_precond;hrv_rmssd_precond;eda_sd_precond;hr_med_precond;eeg_tright_lbeta_power_precond;eeg_fl_hbeta_power_precond"
2025-12-19 15:59:46.58765,39,"workload_label",7,8,0.06,0.563953488372093,0.598837209302326,NA,7,"top7","eeg_tb_ratio_precond;eeg_ab_ratio_precond;hrv_rmssd_precond;eda_sd_precond;hr_med_precond;eeg_tright_lbeta_power_precond;eeg_fl_hbeta_power_precond"
2025-12-19 15:59:46.666734,39,"workload_label",7,16,0.06,0.529069767441861,0.598837209302326,NA,7,"top7","eeg_tb_ratio_precond;eeg_ab_ratio_precond;hrv_rmssd_precond;eda_sd_precond;hr_med_precond;eeg_tright_lbeta_power_precond;eeg_fl_hbeta_power_precond"
2025-12-19 15:59:46.853157,39,"workload_label",7,32,0.06,0.529069767441861,0.558139534883721,NA,7,"top7","eeg_tb_ratio_precond;eeg_ab_ratio_precond;hrv_rmssd_precond;eda_sd_precond;hr_med_precond;eeg_tright_lbeta_power_precond;eeg_fl_hbeta_power_precond"
2025-12-19 15:59:47.09747,39,"workload_label",7,64,0.06,0.552325581395349,0.540697674418605,NA,7,"top7","eeg_tb_ratio_precond;eeg_ab_ratio_precond;hrv_rmssd_precond;eda_sd_precond;hr_med_precond;eeg_tright_lbeta_power_precond;eeg_fl_hbeta_power_precond"
2025-12-19 15:59:47.382575,39,"workload_label",7,128,0.06,0.546511627906977,0.511627906976744,NA,7,"top7","eeg_tb_ratio_precond;eeg_ab_ratio_precond;hrv_rmssd_precond;eda_sd_precond;hr_med_precond;eeg_tright_lbeta_power_precond;eeg_fl_hbeta_power_precond"
2025-12-19 15:59:47.598665,39,"workload_label",7,256,0.06,0.540697674418605,0.482558139534884,0.542635658914729,7,"top7","eeg_tb_ratio_precond;eeg_ab_ratio_precond;hrv_rmssd_precond;eda_sd_precond;hr_med_precond;eeg_tright_lbeta_power_precond;eeg_fl_hbeta_power_precond"
2025-12-19 15:59:47.150921,39,"workload_label",7,2,0.1,0.575581395348837,0.604651162790698,0.581395348837209,7,"top7","eeg_tb_ratio_precond;eeg_ab_ratio_precond;hrv_rmssd_precond;eda_sd_precond;hr_med_precond;eeg_tright_lbeta_power_precond;eeg_fl_hbeta_power_precond"
2025-12-19 15:59:47.238973,39,"workload_label",7,4,0.1,0.546511627906977,0.593023255813954,NA,7,"top7","eeg_tb_ratio_precond;eeg_ab_ratio_precond;hrv_rmssd_precond;eda_sd_precond;hr_med_precond;eeg_tright_lbeta_power_precond;eeg_fl_hbeta_power_precond"
2025-12-19 15:59:47.314892,39,"workload_label",7,8,0.1,0.540697674418605,0.569767441860465,NA,7,"top7","eeg_tb_ratio_precond;eeg_ab_ratio_precond;hrv_rmssd_precond;eda_sd_precond;hr_med_precond;eeg_tright_lbeta_power_precond;eeg_fl_hbeta_power_precond"
2025-12-19 15:59:47.401506,39,"workload_label",7,16,0.1,0.552325581395349,0.575581395348837,NA,7,"top7","eeg_tb_ratio_precond;eeg_ab_ratio_precond;hrv_rmssd_precond;eda_sd_precond;hr_med_precond;eeg_tright_lbeta_power_precond;eeg_fl_hbeta_power_precond"
2025-12-19 15:59:47.503602,39,"workload_label",7,32,0.1,0.534883720930233,0.546511627906977,NA,7,"top7","eeg_tb_ratio_precond;eeg_ab_ratio_precond;hrv_rmssd_precond;eda_sd_precond;hr_med_precond;eeg_tright_lbeta_power_precond;eeg_fl_hbeta_power_precond"
2025-12-19 15:59:47.622506,39,"workload_label",7,64,0.1,0.534883720930233,0.511627906976744,NA,7,"top7","eeg_tb_ratio_precond;eeg_ab_ratio_precond;hrv_rmssd_precond;eda_sd_precond;hr_med_precond;eeg_tright_lbeta_power_precond;eeg_fl_hbeta_power_precond"
2025-12-19 15:59:47.820151,39,"workload_label",7,128,0.1,0.552325581395349,0.447674418604651,NA,7,"top7","eeg_tb_ratio_precond;eeg_ab_ratio_precond;hrv_rmssd_precond;eda_sd_precond;hr_med_precond;eeg_tright_lbeta_power_precond;eeg_fl_hbeta_power_precond"
2025-12-19 15:59:47.975336,39,"workload_label",7,256,0.1,0.5,0.406976744186047,NA,7,"top7","eeg_tb_ratio_precond;eeg_ab_ratio_precond;hrv_rmssd_precond;eda_sd_precond;hr_med_precond;eeg_tright_lbeta_power_precond;eeg_fl_hbeta_power_precond"
2025-12-19 15:59:49.272729,40,"workload_label",7,2,0.0078125,0.627906976744186,0.656976744186046,0.606201550387597,7,"top7","eeg_tb_ratio_precond;eeg_ab_ratio_precond;hrv_rmssd_precond;eda_sd_precond;eeg_fl_hbeta_power_precond;hr_med_precond;eeg_tright_lbeta_power_precond"
2025-12-19 15:59:49.520593,40,"workload_label",7,4,0.0078125,0.622093023255814,0.61046511627907,0.602325581395349,7,"top7","eeg_tb_ratio_precond;eeg_ab_ratio_precond;hrv_rmssd_precond;eda_sd_precond;eeg_fl_hbeta_power_precond;hr_med_precond;eeg_tright_lbeta_power_precond"
2025-12-19 15:59:49.262224,40,"workload_label",7,8,0.0078125,0.627906976744186,0.616279069767442,0.606201550387597,7,"top7","eeg_tb_ratio_precond;eeg_ab_ratio_precond;hrv_rmssd_precond;eda_sd_precond;eeg_fl_hbeta_power_precond;hr_med_precond;eeg_tright_lbeta_power_precond"
2025-12-19 15:59:49.265854,40,"workload_label",7,16,0.0078125,0.598837209302326,0.616279069767442,0.572093023255814,7,"top7","eeg_tb_ratio_precond;eeg_ab_ratio_precond;hrv_rmssd_precond;eda_sd_precond;eeg_fl_hbeta_power_precond;hr_med_precond;eeg_tright_lbeta_power_precond"
2025-12-19 15:59:49.228001,40,"workload_label",7,32,0.0078125,0.558139534883721,0.604651162790698,0.555813953488372,7,"top7","eeg_tb_ratio_precond;eeg_ab_ratio_precond;hrv_rmssd_precond;eda_sd_precond;eeg_fl_hbeta_power_precond;hr_med_precond;eeg_tright_lbeta_power_precond"
2025-12-19 15:59:49.319051,40,"workload_label",7,64,0.0078125,0.563953488372093,0.604651162790698,0.58062015503876,7,"top7","eeg_tb_ratio_precond;eeg_ab_ratio_precond;hrv_rmssd_precond;eda_sd_precond;eeg_fl_hbeta_power_precond;hr_med_precond;eeg_tright_lbeta_power_precond"
2025-12-19 15:59:49.341321,40,"workload_label",7,128,0.0078125,0.563953488372093,0.622093023255814,0.58062015503876,7,"top7","eeg_tb_ratio_precond;eeg_ab_ratio_precond;hrv_rmssd_precond;eda_sd_precond;eeg_fl_hbeta_power_precond;hr_med_precond;eeg_tright_lbeta_power_precond"
2025-12-19 15:59:49.4427,40,"workload_label",7,256,0.0078125,0.569767441860465,0.633720930232558,0.581395348837209,7,"top7","eeg_tb_ratio_precond;eeg_ab_ratio_precond;hrv_rmssd_precond;eda_sd_precond;eeg_fl_hbeta_power_precond;hr_med_precond;eeg_tright_lbeta_power_precond"
2025-12-19 15:59:49.288818,40,"workload_label",7,2,0.015625,0.622093023255814,0.616279069767442,0.602325581395349,7,"top7","eeg_tb_ratio_precond;eeg_ab_ratio_precond;hrv_rmssd_precond;eda_sd_precond;eeg_fl_hbeta_power_precond;hr_med_precond;eeg_tright_lbeta_power_precond"
2025-12-19 15:59:49.269428,40,"workload_label",7,4,0.015625,0.604651162790698,0.627906976744186,0.593023255813954,7,"top7","eeg_tb_ratio_precond;eeg_ab_ratio_precond;hrv_rmssd_precond;eda_sd_precond;eeg_fl_hbeta_power_precond;hr_med_precond;eeg_tright_lbeta_power_precond"
2025-12-19 15:59:49.269125,40,"workload_label",7,8,0.015625,0.575581395348837,0.622093023255814,0.566666666666667,7,"top7","eeg_tb_ratio_precond;eeg_ab_ratio_precond;hrv_rmssd_precond;eda_sd_precond;eeg_fl_hbeta_power_precond;hr_med_precond;eeg_tright_lbeta_power_precond"
2025-12-19 15:59:49.248899,40,"workload_label",7,16,0.015625,0.558139534883721,0.593023255813954,0.566666666666667,7,"top7","eeg_tb_ratio_precond;eeg_ab_ratio_precond;hrv_rmssd_precond;eda_sd_precond;eeg_fl_hbeta_power_precond;hr_med_precond;eeg_tright_lbeta_power_precond"
2025-12-19 15:59:49.284843,40,"workload_label",7,32,0.015625,0.575581395348837,0.616279069767442,0.594573643410853,7,"top7","eeg_tb_ratio_precond;eeg_ab_ratio_precond;hrv_rmssd_precond;eda_sd_precond;eeg_fl_hbeta_power_precond;hr_med_precond;eeg_tright_lbeta_power_precond"
2025-12-19 15:59:49.327883,40,"workload_label",7,64,0.015625,0.563953488372093,0.622093023255814,0.566666666666667,7,"top7","eeg_tb_ratio_precond;eeg_ab_ratio_precond;hrv_rmssd_precond;eda_sd_precond;eeg_fl_hbeta_power_precond;hr_med_precond;eeg_tright_lbeta_power_precond"
2025-12-19 15:59:50.467489,40,"workload_label",7,128,0.015625,0.552325581395349,0.604651162790698,NA,7,"top7","eeg_tb_ratio_precond;eeg_ab_ratio_precond;hrv_rmssd_precond;eda_sd_precond;eeg_fl_hbeta_power_precond;hr_med_precond;eeg_tright_lbeta_power_precond"
2025-12-19 15:59:50.645971,40,"workload_label",7,256,0.015625,0.540697674418605,0.581395348837209,NA,7,"top7","eeg_tb_ratio_precond;eeg_ab_ratio_precond;hrv_rmssd_precond;eda_sd_precond;eeg_fl_hbeta_power_precond;hr_med_precond;eeg_tright_lbeta_power_precond"
2025-12-19 15:59:50.325941,40,"workload_label",7,2,0.03125,0.598837209302326,0.616279069767442,0.594573643410853,7,"top7","eeg_tb_ratio_precond;eeg_ab_ratio_precond;hrv_rmssd_precond;eda_sd_precond;eeg_fl_hbeta_power_precond;hr_med_precond;eeg_tright_lbeta_power_precond"
2025-12-19 15:59:50.311912,40,"workload_label",7,4,0.03125,0.563953488372093,0.598837209302326,0.567441860465116,7,"top7","eeg_tb_ratio_precond;eeg_ab_ratio_precond;hrv_rmssd_precond;eda_sd_precond;eeg_fl_hbeta_power_precond;hr_med_precond;eeg_tright_lbeta_power_precond"
2025-12-19 15:59:50.336942,40,"workload_label",7,8,0.03125,0.593023255813954,0.604651162790698,0.603875968992248,7,"top7","eeg_tb_ratio_precond;eeg_ab_ratio_precond;hrv_rmssd_precond;eda_sd_precond;eeg_fl_hbeta_power_precond;hr_med_precond;eeg_tright_lbeta_power_precond"
2025-12-19 15:59:50.345235,40,"workload_label",7,16,0.03125,0.575581395348837,0.622093023255814,0.572093023255814,7,"top7","eeg_tb_ratio_precond;eeg_ab_ratio_precond;hrv_rmssd_precond;eda_sd_precond;eeg_fl_hbeta_power_precond;hr_med_precond;eeg_tright_lbeta_power_precond"
2025-12-19 15:59:50.378664,40,"workload_label",7,32,0.03125,0.558139534883721,0.593023255813954,NA,7,"top7","eeg_tb_ratio_precond;eeg_ab_ratio_precond;hrv_rmssd_precond;eda_sd_precond;eeg_fl_hbeta_power_precond;hr_med_precond;eeg_tright_lbeta_power_precond"
2025-12-19 15:59:50.474898,40,"workload_label",7,64,0.03125,0.558139534883721,0.581395348837209,NA,7,"top7","eeg_tb_ratio_precond;eeg_ab_ratio_precond;hrv_rmssd_precond;eda_sd_precond;eeg_fl_hbeta_power_precond;hr_med_precond;eeg_tright_lbeta_power_precond"
2025-12-19 15:59:50.639333,40,"workload_label",7,128,0.03125,0.546511627906977,0.569767441860465,0.535658914728682,7,"top7","eeg_tb_ratio_precond;eeg_ab_ratio_precond;hrv_rmssd_precond;eda_sd_precond;eeg_fl_hbeta_power_precond;hr_med_precond;eeg_tright_lbeta_power_precond"
2025-12-19 15:59:50.971994,40,"workload_label",7,256,0.03125,0.552325581395349,0.546511627906977,0.558139534883721,7,"top7","eeg_tb_ratio_precond;eeg_ab_ratio_precond;hrv_rmssd_precond;eda_sd_precond;eeg_fl_hbeta_power_precond;hr_med_precond;eeg_tright_lbeta_power_precond"
2025-12-19 15:59:50.39129,40,"workload_label",7,2,0.0625,0.587209302325581,0.61046511627907,0.584496124031008,7,"top7","eeg_tb_ratio_precond;eeg_ab_ratio_precond;hrv_rmssd_precond;eda_sd_precond;eeg_fl_hbeta_power_precond;hr_med_precond;eeg_tright_lbeta_power_precond"
2025-12-19 15:59:50.38205,40,"workload_label",7,4,0.0625,0.598837209302326,0.616279069767442,0.593023255813954,7,"top7","eeg_tb_ratio_precond;eeg_ab_ratio_precond;hrv_rmssd_precond;eda_sd_precond;eeg_fl_hbeta_power_precond;hr_med_precond;eeg_tright_lbeta_power_precond"
2025-12-19 15:59:50.525333,40,"workload_label",7,8,0.0625,0.581395348837209,0.598837209302326,NA,7,"top7","eeg_tb_ratio_precond;eeg_ab_ratio_precond;hrv_rmssd_precond;eda_sd_precond;eeg_fl_hbeta_power_precond;hr_med_precond;eeg_tright_lbeta_power_precond"
2025-12-19 15:59:50.640339,40,"workload_label",7,16,0.0625,0.558139534883721,0.593023255813954,NA,7,"top7","eeg_tb_ratio_precond;eeg_ab_ratio_precond;hrv_rmssd_precond;eda_sd_precond;eeg_fl_hbeta_power_precond;hr_med_precond;eeg_tright_lbeta_power_precond"
2025-12-19 15:59:51.475192,40,"workload_label",7,32,0.0625,0.546511627906977,0.587209302325581,0.544961240310078,7,"top7","eeg_tb_ratio_precond;eeg_ab_ratio_precond;hrv_rmssd_precond;eda_sd_precond;eeg_fl_hbeta_power_precond;hr_med_precond;eeg_tright_lbeta_power_precond"
2025-12-19 15:59:51.663086,40,"workload_label",7,64,0.0625,0.558139534883721,0.558139534883721,0.55968992248062,7,"top7","eeg_tb_ratio_precond;eeg_ab_ratio_precond;hrv_rmssd_precond;eda_sd_precond;eeg_fl_hbeta_power_precond;hr_med_precond;eeg_tright_lbeta_power_precond"
2025-12-19 15:59:51.901304,40,"workload_label",7,128,0.0625,0.563953488372093,0.511627906976744,0.562015503875969,7,"top7","eeg_tb_ratio_precond;eeg_ab_ratio_precond;hrv_rmssd_precond;eda_sd_precond;eeg_fl_hbeta_power_precond;hr_med_precond;eeg_tright_lbeta_power_precond"
2025-12-19 15:59:52.22952,40,"workload_label",7,256,0.0625,0.546511627906977,0.529069767441861,0.547286821705426,7,"top7","eeg_tb_ratio_precond;eeg_ab_ratio_precond;hrv_rmssd_precond;eda_sd_precond;eeg_fl_hbeta_power_precond;hr_med_precond;eeg_tright_lbeta_power_precond"
2025-12-19 15:59:51.432907,40,"workload_label",7,2,0.125,0.581395348837209,0.604651162790698,0.571317829457364,7,"top7","eeg_tb_ratio_precond;eeg_ab_ratio_precond;hrv_rmssd_precond;eda_sd_precond;eeg_fl_hbeta_power_precond;hr_med_precond;eeg_tright_lbeta_power_precond"
2025-12-19 15:59:51.462251,40,"workload_label",7,4,0.125,0.558139534883721,0.61046511627907,NA,7,"top7","eeg_tb_ratio_precond;eeg_ab_ratio_precond;hrv_rmssd_precond;eda_sd_precond;eeg_fl_hbeta_power_precond;hr_med_precond;eeg_tright_lbeta_power_precond"
2025-12-19 15:59:51.459337,40,"workload_label",7,8,0.125,0.540697674418605,0.581395348837209,NA,7,"top7","eeg_tb_ratio_precond;eeg_ab_ratio_precond;hrv_rmssd_precond;eda_sd_precond;eeg_fl_hbeta_power_precond;hr_med_precond;eeg_tright_lbeta_power_precond"
2025-12-19 15:59:51.648814,40,"workload_label",7,16,0.125,0.552325581395349,0.558139534883721,NA,7,"top7","eeg_tb_ratio_precond;eeg_ab_ratio_precond;hrv_rmssd_precond;eda_sd_precond;eeg_fl_hbeta_power_precond;hr_med_precond;eeg_tright_lbeta_power_precond"
2025-12-19 15:59:51.777161,40,"workload_label",7,32,0.125,0.552325581395349,0.505813953488372,NA,7,"top7","eeg_tb_ratio_precond;eeg_ab_ratio_precond;hrv_rmssd_precond;eda_sd_precond;eeg_fl_hbeta_power_precond;hr_med_precond;eeg_tright_lbeta_power_precond"
2025-12-19 15:59:51.929658,40,"workload_label",7,64,0.125,0.529069767441861,0.494186046511628,NA,7,"top7","eeg_tb_ratio_precond;eeg_ab_ratio_precond;hrv_rmssd_precond;eda_sd_precond;eeg_fl_hbeta_power_precond;hr_med_precond;eeg_tright_lbeta_power_precond"
2025-12-19 15:59:52.179439,40,"workload_label",7,128,0.125,0.523255813953488,0.406976744186047,NA,7,"top7","eeg_tb_ratio_precond;eeg_ab_ratio_precond;hrv_rmssd_precond;eda_sd_precond;eeg_fl_hbeta_power_precond;hr_med_precond;eeg_tright_lbeta_power_precond"
2025-12-19 15:59:52.236438,40,"workload_label",7,256,0.125,0.511627906976744,0.465116279069767,NA,7,"top7","eeg_tb_ratio_precond;eeg_ab_ratio_precond;hrv_rmssd_precond;eda_sd_precond;eeg_fl_hbeta_power_precond;hr_med_precond;eeg_tright_lbeta_power_precond"
2025-12-19 15:59:51.674354,40,"workload_label",7,2,0.03,0.598837209302326,0.616279069767442,0.591472868217054,7,"top7","eeg_tb_ratio_precond;eeg_ab_ratio_precond;hrv_rmssd_precond;eda_sd_precond;eeg_fl_hbeta_power_precond;hr_med_precond;eeg_tright_lbeta_power_precond"
2025-12-19 15:59:51.992971,40,"workload_label",7,4,0.03,0.563953488372093,0.598837209302326,0.567441860465116,7,"top7","eeg_tb_ratio_precond;eeg_ab_ratio_precond;hrv_rmssd_precond;eda_sd_precond;eeg_fl_hbeta_power_precond;hr_med_precond;eeg_tright_lbeta_power_precond"
2025-12-19 15:59:52.486793,40,"workload_label",7,8,0.03,0.587209302325581,0.604651162790698,0.593023255813954,7,"top7","eeg_tb_ratio_precond;eeg_ab_ratio_precond;hrv_rmssd_precond;eda_sd_precond;eeg_fl_hbeta_power_precond;hr_med_precond;eeg_tright_lbeta_power_precond"
2025-12-19 15:59:52.500114,40,"workload_label",7,16,0.03,0.575581395348837,0.627906976744186,0.572093023255814,7,"top7","eeg_tb_ratio_precond;eeg_ab_ratio_precond;hrv_rmssd_precond;eda_sd_precond;eeg_fl_hbeta_power_precond;hr_med_precond;eeg_tright_lbeta_power_precond"
2025-12-19 15:59:52.569281,40,"workload_label",7,32,0.03,0.558139534883721,0.587209302325581,NA,7,"top7","eeg_tb_ratio_precond;eeg_ab_ratio_precond;hrv_rmssd_precond;eda_sd_precond;eeg_fl_hbeta_power_precond;hr_med_precond;eeg_tright_lbeta_power_precond"
2025-12-19 15:59:52.663684,40,"workload_label",7,64,0.03,0.563953488372093,0.581395348837209,NA,7,"top7","eeg_tb_ratio_precond;eeg_ab_ratio_precond;hrv_rmssd_precond;eda_sd_precond;eeg_fl_hbeta_power_precond;hr_med_precond;eeg_tright_lbeta_power_precond"
2025-12-19 15:59:52.97617,40,"workload_label",7,128,0.03,0.563953488372093,0.581395348837209,0.555038759689922,7,"top7","eeg_tb_ratio_precond;eeg_ab_ratio_precond;hrv_rmssd_precond;eda_sd_precond;eeg_fl_hbeta_power_precond;hr_med_precond;eeg_tright_lbeta_power_precond"
2025-12-19 15:59:53.249971,40,"workload_label",7,256,0.03,0.552325581395349,0.552325581395349,0.547286821705426,7,"top7","eeg_tb_ratio_precond;eeg_ab_ratio_precond;hrv_rmssd_precond;eda_sd_precond;eeg_fl_hbeta_power_precond;hr_med_precond;eeg_tright_lbeta_power_precond"
2025-12-19 15:59:52.730035,40,"workload_label",7,2,0.06,0.581395348837209,0.604651162790698,0.582170542635659,7,"top7","eeg_tb_ratio_precond;eeg_ab_ratio_precond;hrv_rmssd_precond;eda_sd_precond;eeg_fl_hbeta_power_precond;hr_med_precond;eeg_tright_lbeta_power_precond"
2025-12-19 15:59:52.804592,40,"workload_label",7,4,0.06,0.604651162790698,0.604651162790698,0.6,7,"top7","eeg_tb_ratio_precond;eeg_ab_ratio_precond;hrv_rmssd_precond;eda_sd_precond;eeg_fl_hbeta_power_precond;hr_med_precond;eeg_tright_lbeta_power_precond"
2025-12-19 15:59:52.958613,40,"workload_label",7,8,0.06,0.587209302325581,0.604651162790698,NA,7,"top7","eeg_tb_ratio_precond;eeg_ab_ratio_precond;hrv_rmssd_precond;eda_sd_precond;eeg_fl_hbeta_power_precond;hr_med_precond;eeg_tright_lbeta_power_precond"
2025-12-19 15:59:53.046417,40,"workload_label",7,16,0.06,0.558139534883721,0.616279069767442,NA,7,"top7","eeg_tb_ratio_precond;eeg_ab_ratio_precond;hrv_rmssd_precond;eda_sd_precond;eeg_fl_hbeta_power_precond;hr_med_precond;eeg_tright_lbeta_power_precond"
2025-12-19 15:59:53.166425,40,"workload_label",7,32,0.06,0.552325581395349,0.587209302325581,0.552713178294574,7,"top7","eeg_tb_ratio_precond;eeg_ab_ratio_precond;hrv_rmssd_precond;eda_sd_precond;eeg_fl_hbeta_power_precond;hr_med_precond;eeg_tright_lbeta_power_precond"
2025-12-19 15:59:53.457188,40,"workload_label",7,64,0.06,0.552325581395349,0.563953488372093,0.555813953488372,7,"top7","eeg_tb_ratio_precond;eeg_ab_ratio_precond;hrv_rmssd_precond;eda_sd_precond;eeg_fl_hbeta_power_precond;hr_med_precond;eeg_tright_lbeta_power_precond"
2025-12-19 15:59:53.623201,40,"workload_label",7,128,0.06,0.563953488372093,0.523255813953488,0.558139534883721,7,"top7","eeg_tb_ratio_precond;eeg_ab_ratio_precond;hrv_rmssd_precond;eda_sd_precond;eeg_fl_hbeta_power_precond;hr_med_precond;eeg_tright_lbeta_power_precond"
2025-12-19 15:59:53.877181,40,"workload_label",7,256,0.06,0.546511627906977,0.517441860465116,0.547286821705426,7,"top7","eeg_tb_ratio_precond;eeg_ab_ratio_precond;hrv_rmssd_precond;eda_sd_precond;eeg_fl_hbeta_power_precond;hr_med_precond;eeg_tright_lbeta_power_precond"
2025-12-19 15:59:53.478841,40,"workload_label",7,2,0.1,0.593023255813954,0.616279069767442,0.585271317829457,7,"top7","eeg_tb_ratio_precond;eeg_ab_ratio_precond;hrv_rmssd_precond;eda_sd_precond;eeg_fl_hbeta_power_precond;hr_med_precond;eeg_tright_lbeta_power_precond"
2025-12-19 15:59:53.51811,40,"workload_label",7,4,0.1,0.569767441860465,0.616279069767442,NA,7,"top7","eeg_tb_ratio_precond;eeg_ab_ratio_precond;hrv_rmssd_precond;eda_sd_precond;eeg_fl_hbeta_power_precond;hr_med_precond;eeg_tright_lbeta_power_precond"
2025-12-19 15:59:53.575396,40,"workload_label",7,8,0.1,0.552325581395349,0.604651162790698,NA,7,"top7","eeg_tb_ratio_precond;eeg_ab_ratio_precond;hrv_rmssd_precond;eda_sd_precond;eeg_fl_hbeta_power_precond;hr_med_precond;eeg_tright_lbeta_power_precond"
2025-12-19 15:59:53.689179,40,"workload_label",7,16,0.1,0.552325581395349,0.540697674418605,0.555813953488372,7,"top7","eeg_tb_ratio_precond;eeg_ab_ratio_precond;hrv_rmssd_precond;eda_sd_precond;eeg_fl_hbeta_power_precond;hr_med_precond;eeg_tright_lbeta_power_precond"
2025-12-19 15:59:53.794555,40,"workload_label",7,32,0.1,0.546511627906977,0.523255813953488,NA,7,"top7","eeg_tb_ratio_precond;eeg_ab_ratio_precond;hrv_rmssd_precond;eda_sd_precond;eeg_fl_hbeta_power_precond;hr_med_precond;eeg_tright_lbeta_power_precond"
2025-12-19 15:59:53.92348,40,"workload_label",7,64,0.1,0.558139534883721,0.540697674418605,0.563565891472868,7,"top7","eeg_tb_ratio_precond;eeg_ab_ratio_precond;hrv_rmssd_precond;eda_sd_precond;eeg_fl_hbeta_power_precond;hr_med_precond;eeg_tright_lbeta_power_precond"
2025-12-19 15:59:54.150752,40,"workload_label",7,128,0.1,0.529069767441861,0.453488372093023,NA,7,"top7","eeg_tb_ratio_precond;eeg_ab_ratio_precond;hrv_rmssd_precond;eda_sd_precond;eeg_fl_hbeta_power_precond;hr_med_precond;eeg_tright_lbeta_power_precond"
2025-12-19 15:59:54.290046,40,"workload_label",7,256,0.1,0.529069767441861,0.436046511627907,NA,7,"top7","eeg_tb_ratio_precond;eeg_ab_ratio_precond;hrv_rmssd_precond;eda_sd_precond;eeg_fl_hbeta_power_precond;hr_med_precond;eeg_tright_lbeta_power_precond"
2025-12-19 15:59:55.576601,41,"workload_label",7,2,0.0078125,0.61046511627907,0.627906976744186,0.577519379844961,7,"top7","eeg_tb_ratio_precond;eeg_ab_ratio_precond;hrv_rmssd_precond;hr_med_precond;eda_sd_precond;eeg_fl_hbeta_power_precond;eeg_tright_lbeta_power_precond"
2025-12-19 15:59:55.542916,41,"workload_label",7,4,0.0078125,0.598837209302326,0.616279069767442,0.577519379844961,7,"top7","eeg_tb_ratio_precond;eeg_ab_ratio_precond;hrv_rmssd_precond;hr_med_precond;eda_sd_precond;eeg_fl_hbeta_power_precond;eeg_tright_lbeta_power_precond"
2025-12-19 15:59:55.564911,41,"workload_label",7,8,0.0078125,0.581395348837209,0.581395348837209,0.568992248062016,7,"top7","eeg_tb_ratio_precond;eeg_ab_ratio_precond;hrv_rmssd_precond;hr_med_precond;eda_sd_precond;eeg_fl_hbeta_power_precond;eeg_tright_lbeta_power_precond"
2025-12-19 15:59:55.51735,41,"workload_label",7,16,0.0078125,0.563953488372093,0.575581395348837,0.549612403100775,7,"top7","eeg_tb_ratio_precond;eeg_ab_ratio_precond;hrv_rmssd_precond;hr_med_precond;eda_sd_precond;eeg_fl_hbeta_power_precond;eeg_tright_lbeta_power_precond"
2025-12-19 15:59:55.575019,41,"workload_label",7,32,0.0078125,0.546511627906977,0.575581395348837,0.546511627906977,7,"top7","eeg_tb_ratio_precond;eeg_ab_ratio_precond;hrv_rmssd_precond;hr_med_precond;eda_sd_precond;eeg_fl_hbeta_power_precond;eeg_tright_lbeta_power_precond"
2025-12-19 15:59:55.560275,41,"workload_label",7,64,0.0078125,0.552325581395349,0.604651162790698,0.561240310077519,7,"top7","eeg_tb_ratio_precond;eeg_ab_ratio_precond;hrv_rmssd_precond;hr_med_precond;eda_sd_precond;eeg_fl_hbeta_power_precond;eeg_tright_lbeta_power_precond"
2025-12-19 15:59:55.567109,41,"workload_label",7,128,0.0078125,0.540697674418605,0.61046511627907,0.558914728682171,7,"top7","eeg_tb_ratio_precond;eeg_ab_ratio_precond;hrv_rmssd_precond;hr_med_precond;eda_sd_precond;eeg_fl_hbeta_power_precond;eeg_tright_lbeta_power_precond"
2025-12-19 15:59:55.688593,41,"workload_label",7,256,0.0078125,0.534883720930233,0.598837209302326,0.548062015503876,7,"top7","eeg_tb_ratio_precond;eeg_ab_ratio_precond;hrv_rmssd_precond;hr_med_precond;eda_sd_precond;eeg_fl_hbeta_power_precond;eeg_tright_lbeta_power_precond"
2025-12-19 15:59:55.574459,41,"workload_label",7,2,0.015625,0.598837209302326,0.598837209302326,0.582170542635659,7,"top7","eeg_tb_ratio_precond;eeg_ab_ratio_precond;hrv_rmssd_precond;hr_med_precond;eda_sd_precond;eeg_fl_hbeta_power_precond;eeg_tright_lbeta_power_precond"
2025-12-19 15:59:55.55944,41,"workload_label",7,4,0.015625,0.558139534883721,0.587209302325581,0.553488372093023,7,"top7","eeg_tb_ratio_precond;eeg_ab_ratio_precond;hrv_rmssd_precond;hr_med_precond;eda_sd_precond;eeg_fl_hbeta_power_precond;eeg_tright_lbeta_power_precond"
2025-12-19 15:59:55.548993,41,"workload_label",7,8,0.015625,0.540697674418605,0.593023255813954,0.544186046511628,7,"top7","eeg_tb_ratio_precond;eeg_ab_ratio_precond;hrv_rmssd_precond;hr_med_precond;eda_sd_precond;eeg_fl_hbeta_power_precond;eeg_tright_lbeta_power_precond"
2025-12-19 15:59:55.575877,41,"workload_label",7,16,0.015625,0.546511627906977,0.604651162790698,0.561240310077519,7,"top7","eeg_tb_ratio_precond;eeg_ab_ratio_precond;hrv_rmssd_precond;hr_med_precond;eda_sd_precond;eeg_fl_hbeta_power_precond;eeg_tright_lbeta_power_precond"
2025-12-19 15:59:55.584137,41,"workload_label",7,32,0.015625,0.546511627906977,0.604651162790698,0.565116279069767,7,"top7","eeg_tb_ratio_precond;eeg_ab_ratio_precond;hrv_rmssd_precond;hr_med_precond;eda_sd_precond;eeg_fl_hbeta_power_precond;eeg_tright_lbeta_power_precond"
2025-12-19 15:59:55.642145,41,"workload_label",7,64,0.015625,0.540697674418605,0.604651162790698,0.552713178294574,7,"top7","eeg_tb_ratio_precond;eeg_ab_ratio_precond;hrv_rmssd_precond;hr_med_precond;eda_sd_precond;eeg_fl_hbeta_power_precond;eeg_tright_lbeta_power_precond"
2025-12-19 15:59:56.75685,41,"workload_label",7,128,0.015625,0.558139534883721,0.575581395348837,NA,7,"top7","eeg_tb_ratio_precond;eeg_ab_ratio_precond;hrv_rmssd_precond;hr_med_precond;eda_sd_precond;eeg_fl_hbeta_power_precond;eeg_tright_lbeta_power_precond"
2025-12-19 15:59:56.960698,41,"workload_label",7,256,0.015625,0.558139534883721,0.575581395348837,NA,7,"top7","eeg_tb_ratio_precond;eeg_ab_ratio_precond;hrv_rmssd_precond;hr_med_precond;eda_sd_precond;eeg_fl_hbeta_power_precond;eeg_tright_lbeta_power_precond"
2025-12-19 15:59:56.609871,41,"workload_label",7,2,0.03125,0.569767441860465,0.604651162790698,0.578294573643411,7,"top7","eeg_tb_ratio_precond;eeg_ab_ratio_precond;hrv_rmssd_precond;hr_med_precond;eda_sd_precond;eeg_fl_hbeta_power_precond;eeg_tright_lbeta_power_precond"
2025-12-19 15:59:56.607185,41,"workload_label",7,4,0.03125,0.552325581395349,0.61046511627907,0.572093023255814,7,"top7","eeg_tb_ratio_precond;eeg_ab_ratio_precond;hrv_rmssd_precond;hr_med_precond;eda_sd_precond;eeg_fl_hbeta_power_precond;eeg_tright_lbeta_power_precond"
2025-12-19 15:59:56.624521,41,"workload_label",7,8,0.03125,0.552325581395349,0.598837209302326,0.568992248062016,7,"top7","eeg_tb_ratio_precond;eeg_ab_ratio_precond;hrv_rmssd_precond;hr_med_precond;eda_sd_precond;eeg_fl_hbeta_power_precond;eeg_tright_lbeta_power_precond"
2025-12-19 15:59:56.649374,41,"workload_label",7,16,0.03125,0.558139534883721,0.598837209302326,0.568992248062016,7,"top7","eeg_tb_ratio_precond;eeg_ab_ratio_precond;hrv_rmssd_precond;hr_med_precond;eda_sd_precond;eeg_fl_hbeta_power_precond;eeg_tright_lbeta_power_precond"
2025-12-19 15:59:56.711228,41,"workload_label",7,32,0.03125,0.558139534883721,0.581395348837209,NA,7,"top7","eeg_tb_ratio_precond;eeg_ab_ratio_precond;hrv_rmssd_precond;hr_med_precond;eda_sd_precond;eeg_fl_hbeta_power_precond;eeg_tright_lbeta_power_precond"
2025-12-19 15:59:56.795282,41,"workload_label",7,64,0.03125,0.546511627906977,0.558139534883721,NA,7,"top7","eeg_tb_ratio_precond;eeg_ab_ratio_precond;hrv_rmssd_precond;hr_med_precond;eda_sd_precond;eeg_fl_hbeta_power_precond;eeg_tright_lbeta_power_precond"
2025-12-19 15:59:56.961048,41,"workload_label",7,128,0.03125,0.546511627906977,0.569767441860465,0.524031007751938,7,"top7","eeg_tb_ratio_precond;eeg_ab_ratio_precond;hrv_rmssd_precond;hr_med_precond;eda_sd_precond;eeg_fl_hbeta_power_precond;eeg_tright_lbeta_power_precond"
2025-12-19 15:59:57.259687,41,"workload_label",7,256,0.03125,0.558139534883721,0.563953488372093,NA,7,"top7","eeg_tb_ratio_precond;eeg_ab_ratio_precond;hrv_rmssd_precond;hr_med_precond;eda_sd_precond;eeg_fl_hbeta_power_precond;eeg_tright_lbeta_power_precond"
2025-12-19 15:59:56.626006,41,"workload_label",7,2,0.0625,0.575581395348837,0.593023255813954,0.588372093023256,7,"top7","eeg_tb_ratio_precond;eeg_ab_ratio_precond;hrv_rmssd_precond;hr_med_precond;eda_sd_precond;eeg_fl_hbeta_power_precond;eeg_tright_lbeta_power_precond"
2025-12-19 15:59:56.650182,41,"workload_label",7,4,0.0625,0.569767441860465,0.575581395348837,0.566666666666667,7,"top7","eeg_tb_ratio_precond;eeg_ab_ratio_precond;hrv_rmssd_precond;hr_med_precond;eda_sd_precond;eeg_fl_hbeta_power_precond;eeg_tright_lbeta_power_precond"
2025-12-19 15:59:56.740969,41,"workload_label",7,8,0.0625,0.569767441860465,0.593023255813954,NA,7,"top7","eeg_tb_ratio_precond;eeg_ab_ratio_precond;hrv_rmssd_precond;hr_med_precond;eda_sd_precond;eeg_fl_hbeta_power_precond;eeg_tright_lbeta_power_precond"
2025-12-19 15:59:56.806335,41,"workload_label",7,16,0.0625,0.546511627906977,0.587209302325581,NA,7,"top7","eeg_tb_ratio_precond;eeg_ab_ratio_precond;hrv_rmssd_precond;hr_med_precond;eda_sd_precond;eeg_fl_hbeta_power_precond;eeg_tright_lbeta_power_precond"
2025-12-19 15:59:57.820364,41,"workload_label",7,32,0.0625,0.529069767441861,0.552325581395349,NA,7,"top7","eeg_tb_ratio_precond;eeg_ab_ratio_precond;hrv_rmssd_precond;hr_med_precond;eda_sd_precond;eeg_fl_hbeta_power_precond;eeg_tright_lbeta_power_precond"
2025-12-19 15:59:57.923356,41,"workload_label",7,64,0.0625,0.569767441860465,0.569767441860465,0.558914728682171,7,"top7","eeg_tb_ratio_precond;eeg_ab_ratio_precond;hrv_rmssd_precond;hr_med_precond;eda_sd_precond;eeg_fl_hbeta_power_precond;eeg_tright_lbeta_power_precond"
2025-12-19 15:59:58.187122,41,"workload_label",7,128,0.0625,0.558139534883721,0.511627906976744,0.55968992248062,7,"top7","eeg_tb_ratio_precond;eeg_ab_ratio_precond;hrv_rmssd_precond;hr_med_precond;eda_sd_precond;eeg_fl_hbeta_power_precond;eeg_tright_lbeta_power_precond"
2025-12-19 15:59:58.585383,41,"workload_label",7,256,0.0625,0.552325581395349,0.476744186046512,NA,7,"top7","eeg_tb_ratio_precond;eeg_ab_ratio_precond;hrv_rmssd_precond;hr_med_precond;eda_sd_precond;eeg_fl_hbeta_power_precond;eeg_tright_lbeta_power_precond"
2025-12-19 15:59:57.704737,41,"workload_label",7,2,0.125,0.581395348837209,0.598837209302326,0.572868217054264,7,"top7","eeg_tb_ratio_precond;eeg_ab_ratio_precond;hrv_rmssd_precond;hr_med_precond;eda_sd_precond;eeg_fl_hbeta_power_precond;eeg_tright_lbeta_power_precond"
2025-12-19 15:59:57.759853,41,"workload_label",7,4,0.125,0.552325581395349,0.61046511627907,NA,7,"top7","eeg_tb_ratio_precond;eeg_ab_ratio_precond;hrv_rmssd_precond;hr_med_precond;eda_sd_precond;eeg_fl_hbeta_power_precond;eeg_tright_lbeta_power_precond"
2025-12-19 15:59:57.829932,41,"workload_label",7,8,0.125,0.546511627906977,0.563953488372093,NA,7,"top7","eeg_tb_ratio_precond;eeg_ab_ratio_precond;hrv_rmssd_precond;hr_med_precond;eda_sd_precond;eeg_fl_hbeta_power_precond;eeg_tright_lbeta_power_precond"
2025-12-19 15:59:57.947775,41,"workload_label",7,16,0.125,0.546511627906977,0.534883720930233,NA,7,"top7","eeg_tb_ratio_precond;eeg_ab_ratio_precond;hrv_rmssd_precond;hr_med_precond;eda_sd_precond;eeg_fl_hbeta_power_precond;eeg_tright_lbeta_power_precond"
2025-12-19 15:59:58.037313,41,"workload_label",7,32,0.125,0.540697674418605,0.517441860465116,NA,7,"top7","eeg_tb_ratio_precond;eeg_ab_ratio_precond;hrv_rmssd_precond;hr_med_precond;eda_sd_precond;eeg_fl_hbeta_power_precond;eeg_tright_lbeta_power_precond"
2025-12-19 15:59:58.247211,41,"workload_label",7,64,0.125,0.540697674418605,0.465116279069767,NA,7,"top7","eeg_tb_ratio_precond;eeg_ab_ratio_precond;hrv_rmssd_precond;hr_med_precond;eda_sd_precond;eeg_fl_hbeta_power_precond;eeg_tright_lbeta_power_precond"
2025-12-19 15:59:58.358851,41,"workload_label",7,128,0.125,0.494186046511628,0.47093023255814,NA,7,"top7","eeg_tb_ratio_precond;eeg_ab_ratio_precond;hrv_rmssd_precond;hr_med_precond;eda_sd_precond;eeg_fl_hbeta_power_precond;eeg_tright_lbeta_power_precond"
2025-12-19 15:59:58.611918,41,"workload_label",7,256,0.125,0.523255813953488,0.38953488372093,NA,7,"top7","eeg_tb_ratio_precond;eeg_ab_ratio_precond;hrv_rmssd_precond;hr_med_precond;eda_sd_precond;eeg_fl_hbeta_power_precond;eeg_tright_lbeta_power_precond"
2025-12-19 15:59:58.014551,41,"workload_label",7,2,0.03,0.563953488372093,0.598837209302326,0.567441860465116,7,"top7","eeg_tb_ratio_precond;eeg_ab_ratio_precond;hrv_rmssd_precond;hr_med_precond;eda_sd_precond;eeg_fl_hbeta_power_precond;eeg_tright_lbeta_power_precond"
2025-12-19 15:59:58.505166,41,"workload_label",7,4,0.03,0.558139534883721,0.61046511627907,0.574418604651163,7,"top7","eeg_tb_ratio_precond;eeg_ab_ratio_precond;hrv_rmssd_precond;hr_med_precond;eda_sd_precond;eeg_fl_hbeta_power_precond;eeg_tright_lbeta_power_precond"
2025-12-19 15:59:58.770903,41,"workload_label",7,8,0.03,0.546511627906977,0.598837209302326,0.565116279069767,7,"top7","eeg_tb_ratio_precond;eeg_ab_ratio_precond;hrv_rmssd_precond;hr_med_precond;eda_sd_precond;eeg_fl_hbeta_power_precond;eeg_tright_lbeta_power_precond"
2025-12-19 15:59:58.842687,41,"workload_label",7,16,0.03,0.552325581395349,0.598837209302326,0.566666666666667,7,"top7","eeg_tb_ratio_precond;eeg_ab_ratio_precond;hrv_rmssd_precond;hr_med_precond;eda_sd_precond;eeg_fl_hbeta_power_precond;eeg_tright_lbeta_power_precond"
2025-12-19 15:59:58.946711,41,"workload_label",7,32,0.03,0.558139534883721,0.587209302325581,NA,7,"top7","eeg_tb_ratio_precond;eeg_ab_ratio_precond;hrv_rmssd_precond;hr_med_precond;eda_sd_precond;eeg_fl_hbeta_power_precond;eeg_tright_lbeta_power_precond"
2025-12-19 15:59:59.009273,41,"workload_label",7,64,0.03,0.546511627906977,0.563953488372093,NA,7,"top7","eeg_tb_ratio_precond;eeg_ab_ratio_precond;hrv_rmssd_precond;hr_med_precond;eda_sd_precond;eeg_fl_hbeta_power_precond;eeg_tright_lbeta_power_precond"
2025-12-19 15:59:59.278875,41,"workload_label",7,128,0.03,0.552325581395349,0.569767441860465,0.531782945736434,7,"top7","eeg_tb_ratio_precond;eeg_ab_ratio_precond;hrv_rmssd_precond;hr_med_precond;eda_sd_precond;eeg_fl_hbeta_power_precond;eeg_tright_lbeta_power_precond"
2025-12-19 15:59:59.582713,41,"workload_label",7,256,0.03,0.552325581395349,0.552325581395349,NA,7,"top7","eeg_tb_ratio_precond;eeg_ab_ratio_precond;hrv_rmssd_precond;hr_med_precond;eda_sd_precond;eeg_fl_hbeta_power_precond;eeg_tright_lbeta_power_precond"
2025-12-19 15:59:59.050664,41,"workload_label",7,2,0.06,0.575581395348837,0.593023255813954,0.588372093023256,7,"top7","eeg_tb_ratio_precond;eeg_ab_ratio_precond;hrv_rmssd_precond;hr_med_precond;eda_sd_precond;eeg_fl_hbeta_power_precond;eeg_tright_lbeta_power_precond"
2025-12-19 15:59:59.107717,41,"workload_label",7,4,0.06,0.558139534883721,0.581395348837209,0.551162790697674,7,"top7","eeg_tb_ratio_precond;eeg_ab_ratio_precond;hrv_rmssd_precond;hr_med_precond;eda_sd_precond;eeg_fl_hbeta_power_precond;eeg_tright_lbeta_power_precond"
2025-12-19 15:59:59.260044,41,"workload_label",7,8,0.06,0.569767441860465,0.587209302325581,NA,7,"top7","eeg_tb_ratio_precond;eeg_ab_ratio_precond;hrv_rmssd_precond;hr_med_precond;eda_sd_precond;eeg_fl_hbeta_power_precond;eeg_tright_lbeta_power_precond"
2025-12-19 15:59:59.352835,41,"workload_label",7,16,0.06,0.546511627906977,0.581395348837209,NA,7,"top7","eeg_tb_ratio_precond;eeg_ab_ratio_precond;hrv_rmssd_precond;hr_med_precond;eda_sd_precond;eeg_fl_hbeta_power_precond;eeg_tright_lbeta_power_precond"
2025-12-19 15:59:59.54137,41,"workload_label",7,32,0.06,0.534883720930233,0.552325581395349,0.530232558139535,7,"top7","eeg_tb_ratio_precond;eeg_ab_ratio_precond;hrv_rmssd_precond;hr_med_precond;eda_sd_precond;eeg_fl_hbeta_power_precond;eeg_tright_lbeta_power_precond"
2025-12-19 15:59:59.794471,41,"workload_label",7,64,0.06,0.563953488372093,0.546511627906977,0.555038759689922,7,"top7","eeg_tb_ratio_precond;eeg_ab_ratio_precond;hrv_rmssd_precond;hr_med_precond;eda_sd_precond;eeg_fl_hbeta_power_precond;eeg_tright_lbeta_power_precond"
2025-12-19 16:00:00.003752,41,"workload_label",7,128,0.06,0.558139534883721,0.534883720930233,0.56046511627907,7,"top7","eeg_tb_ratio_precond;eeg_ab_ratio_precond;hrv_rmssd_precond;hr_med_precond;eda_sd_precond;eeg_fl_hbeta_power_precond;eeg_tright_lbeta_power_precond"
2025-12-19 16:00:00.299681,41,"workload_label",7,256,0.06,0.563953488372093,0.511627906976744,NA,7,"top7","eeg_tb_ratio_precond;eeg_ab_ratio_precond;hrv_rmssd_precond;hr_med_precond;eda_sd_precond;eeg_fl_hbeta_power_precond;eeg_tright_lbeta_power_precond"
2025-12-19 15:59:59.755087,41,"workload_label",7,2,0.1,0.569767441860465,0.593023255813954,0.568992248062016,7,"top7","eeg_tb_ratio_precond;eeg_ab_ratio_precond;hrv_rmssd_precond;hr_med_precond;eda_sd_precond;eeg_fl_hbeta_power_precond;eeg_tright_lbeta_power_precond"
2025-12-19 16:00:00.018638,41,"workload_label",7,4,0.1,0.552325581395349,0.616279069767442,NA,7,"top7","eeg_tb_ratio_precond;eeg_ab_ratio_precond;hrv_rmssd_precond;hr_med_precond;eda_sd_precond;eeg_fl_hbeta_power_precond;eeg_tright_lbeta_power_precond"
2025-12-19 15:59:59.985105,41,"workload_label",7,8,0.1,0.546511627906977,0.569767441860465,NA,7,"top7","eeg_tb_ratio_precond;eeg_ab_ratio_precond;hrv_rmssd_precond;hr_med_precond;eda_sd_precond;eeg_fl_hbeta_power_precond;eeg_tright_lbeta_power_precond"
2025-12-19 16:00:00.039831,41,"workload_label",7,16,0.1,0.534883720930233,0.546511627906977,NA,7,"top7","eeg_tb_ratio_precond;eeg_ab_ratio_precond;hrv_rmssd_precond;hr_med_precond;eda_sd_precond;eeg_fl_hbeta_power_precond;eeg_tright_lbeta_power_precond"
2025-12-19 16:00:00.141374,41,"workload_label",7,32,0.1,0.552325581395349,0.534883720930233,NA,7,"top7","eeg_tb_ratio_precond;eeg_ab_ratio_precond;hrv_rmssd_precond;hr_med_precond;eda_sd_precond;eeg_fl_hbeta_power_precond;eeg_tright_lbeta_power_precond"
2025-12-19 16:00:00.307283,41,"workload_label",7,64,0.1,0.558139534883721,0.529069767441861,0.568217054263566,7,"top7","eeg_tb_ratio_precond;eeg_ab_ratio_precond;hrv_rmssd_precond;hr_med_precond;eda_sd_precond;eeg_fl_hbeta_power_precond;eeg_tright_lbeta_power_precond"
2025-12-19 16:00:00.478173,41,"workload_label",7,128,0.1,0.529069767441861,0.476744186046512,NA,7,"top7","eeg_tb_ratio_precond;eeg_ab_ratio_precond;hrv_rmssd_precond;hr_med_precond;eda_sd_precond;eeg_fl_hbeta_power_precond;eeg_tright_lbeta_power_precond"
2025-12-19 16:00:00.603483,41,"workload_label",7,256,0.1,0.494186046511628,0.436046511627907,NA,7,"top7","eeg_tb_ratio_precond;eeg_ab_ratio_precond;hrv_rmssd_precond;hr_med_precond;eda_sd_precond;eeg_fl_hbeta_power_precond;eeg_tright_lbeta_power_precond"
2025-12-19 16:00:01.872351,42,"workload_label",7,2,0.0078125,0.645348837209302,0.680232558139535,0.613178294573643,7,"top7","eeg_tb_ratio_precond;eeg_ab_ratio_precond;hrv_rmssd_precond;eda_sd_precond;hr_med_precond;eeg_fl_hbeta_power_precond;eeg_tright_lbeta_power_precond"
2025-12-19 16:00:01.8557,42,"workload_label",7,4,0.0078125,0.651162790697674,0.633720930232558,0.621705426356589,7,"top7","eeg_tb_ratio_precond;eeg_ab_ratio_precond;hrv_rmssd_precond;eda_sd_precond;hr_med_precond;eeg_fl_hbeta_power_precond;eeg_tright_lbeta_power_precond"
2025-12-19 16:00:01.817959,42,"workload_label",7,8,0.0078125,0.645348837209302,0.651162790697674,0.61937984496124,7,"top7","eeg_tb_ratio_precond;eeg_ab_ratio_precond;hrv_rmssd_precond;eda_sd_precond;hr_med_precond;eeg_fl_hbeta_power_precond;eeg_tright_lbeta_power_precond"
2025-12-19 16:00:01.849344,42,"workload_label",7,16,0.0078125,0.598837209302326,0.61046511627907,0.57906976744186,7,"top7","eeg_tb_ratio_precond;eeg_ab_ratio_precond;hrv_rmssd_precond;eda_sd_precond;hr_med_precond;eeg_fl_hbeta_power_precond;eeg_tright_lbeta_power_precond"
2025-12-19 16:00:01.836439,42,"workload_label",7,32,0.0078125,0.581395348837209,0.604651162790698,0.564341085271318,7,"top7","eeg_tb_ratio_precond;eeg_ab_ratio_precond;hrv_rmssd_precond;eda_sd_precond;hr_med_precond;eeg_fl_hbeta_power_precond;eeg_tright_lbeta_power_precond"
2025-12-19 16:00:01.868024,42,"workload_label",7,64,0.0078125,0.581395348837209,0.63953488372093,0.58062015503876,7,"top7","eeg_tb_ratio_precond;eeg_ab_ratio_precond;hrv_rmssd_precond;eda_sd_precond;hr_med_precond;eeg_fl_hbeta_power_precond;eeg_tright_lbeta_power_precond"
2025-12-19 16:00:01.925173,42,"workload_label",7,128,0.0078125,0.587209302325581,0.645348837209302,0.589147286821705,7,"top7","eeg_tb_ratio_precond;eeg_ab_ratio_precond;hrv_rmssd_precond;eda_sd_precond;hr_med_precond;eeg_fl_hbeta_power_precond;eeg_tright_lbeta_power_precond"
2025-12-19 16:00:02.013481,42,"workload_label",7,256,0.0078125,0.587209302325581,0.645348837209302,0.582170542635659,7,"top7","eeg_tb_ratio_precond;eeg_ab_ratio_precond;hrv_rmssd_precond;eda_sd_precond;hr_med_precond;eeg_fl_hbeta_power_precond;eeg_tright_lbeta_power_precond"
2025-12-19 16:00:01.865168,42,"workload_label",7,2,0.015625,0.633720930232558,0.633720930232558,0.606201550387597,7,"top7","eeg_tb_ratio_precond;eeg_ab_ratio_precond;hrv_rmssd_precond;eda_sd_precond;hr_med_precond;eeg_fl_hbeta_power_precond;eeg_tright_lbeta_power_precond"
2025-12-19 16:00:01.842011,42,"workload_label",7,4,0.015625,0.63953488372093,0.645348837209302,0.62015503875969,7,"top7","eeg_tb_ratio_precond;eeg_ab_ratio_precond;hrv_rmssd_precond;eda_sd_precond;hr_med_precond;eeg_fl_hbeta_power_precond;eeg_tright_lbeta_power_precond"
2025-12-19 16:00:01.884057,42,"workload_label",7,8,0.015625,0.598837209302326,0.616279069767442,0.598449612403101,7,"top7","eeg_tb_ratio_precond;eeg_ab_ratio_precond;hrv_rmssd_precond;eda_sd_precond;hr_med_precond;eeg_fl_hbeta_power_precond;eeg_tright_lbeta_power_precond"
2025-12-19 16:00:01.839313,42,"workload_label",7,16,0.015625,0.593023255813954,0.645348837209302,0.589922480620155,7,"top7","eeg_tb_ratio_precond;eeg_ab_ratio_precond;hrv_rmssd_precond;eda_sd_precond;hr_med_precond;eeg_fl_hbeta_power_precond;eeg_tright_lbeta_power_precond"
2025-12-19 16:00:01.863389,42,"workload_label",7,32,0.015625,0.598837209302326,0.63953488372093,0.593023255813954,7,"top7","eeg_tb_ratio_precond;eeg_ab_ratio_precond;hrv_rmssd_precond;eda_sd_precond;hr_med_precond;eeg_fl_hbeta_power_precond;eeg_tright_lbeta_power_precond"
2025-12-19 16:00:01.928805,42,"workload_label",7,64,0.015625,0.575581395348837,0.645348837209302,0.569767441860465,7,"top7","eeg_tb_ratio_precond;eeg_ab_ratio_precond;hrv_rmssd_precond;eda_sd_precond;hr_med_precond;eeg_fl_hbeta_power_precond;eeg_tright_lbeta_power_precond"
2025-12-19 16:00:03.065364,42,"workload_label",7,128,0.015625,0.563953488372093,0.651162790697674,0.565116279069767,7,"top7","eeg_tb_ratio_precond;eeg_ab_ratio_precond;hrv_rmssd_precond;eda_sd_precond;hr_med_precond;eeg_fl_hbeta_power_precond;eeg_tright_lbeta_power_precond"
2025-12-19 16:00:03.270444,42,"workload_label",7,256,0.015625,0.581395348837209,0.622093023255814,NA,7,"top7","eeg_tb_ratio_precond;eeg_ab_ratio_precond;hrv_rmssd_precond;eda_sd_precond;hr_med_precond;eeg_fl_hbeta_power_precond;eeg_tright_lbeta_power_precond"
2025-12-19 16:00:02.939285,42,"workload_label",7,2,0.03125,0.61046511627907,0.633720930232558,0.606201550387597,7,"top7","eeg_tb_ratio_precond;eeg_ab_ratio_precond;hrv_rmssd_precond;eda_sd_precond;hr_med_precond;eeg_fl_hbeta_power_precond;eeg_tright_lbeta_power_precond"
2025-12-19 16:00:03.162161,42,"workload_label",7,4,0.03125,0.593023255813954,0.633720930232558,0.592248062015504,7,"top7","eeg_tb_ratio_precond;eeg_ab_ratio_precond;hrv_rmssd_precond;eda_sd_precond;hr_med_precond;eeg_fl_hbeta_power_precond;eeg_tright_lbeta_power_precond"
2025-12-19 16:00:03.156772,42,"workload_label",7,8,0.03125,0.604651162790698,0.63953488372093,0.60077519379845,7,"top7","eeg_tb_ratio_precond;eeg_ab_ratio_precond;hrv_rmssd_precond;eda_sd_precond;hr_med_precond;eeg_fl_hbeta_power_precond;eeg_tright_lbeta_power_precond"
2025-12-19 16:00:02.930823,42,"workload_label",7,16,0.03125,0.581395348837209,0.63953488372093,0.577519379844961,7,"top7","eeg_tb_ratio_precond;eeg_ab_ratio_precond;hrv_rmssd_precond;eda_sd_precond;hr_med_precond;eeg_fl_hbeta_power_precond;eeg_tright_lbeta_power_precond"
2025-12-19 16:00:02.9754,42,"workload_label",7,32,0.03125,0.587209302325581,0.633720930232558,0.57984496124031,7,"top7","eeg_tb_ratio_precond;eeg_ab_ratio_precond;hrv_rmssd_precond;eda_sd_precond;hr_med_precond;eeg_fl_hbeta_power_precond;eeg_tright_lbeta_power_precond"
2025-12-19 16:00:03.100238,42,"workload_label",7,64,0.03125,0.575581395348837,0.616279069767442,NA,7,"top7","eeg_tb_ratio_precond;eeg_ab_ratio_precond;hrv_rmssd_precond;eda_sd_precond;hr_med_precond;eeg_fl_hbeta_power_precond;eeg_tright_lbeta_power_precond"
2025-12-19 16:00:03.235651,42,"workload_label",7,128,0.03125,0.552325581395349,0.604651162790698,NA,7,"top7","eeg_tb_ratio_precond;eeg_ab_ratio_precond;hrv_rmssd_precond;eda_sd_precond;hr_med_precond;eeg_fl_hbeta_power_precond;eeg_tright_lbeta_power_precond"
2025-12-19 16:00:03.777692,42,"workload_label",7,256,0.03125,0.575581395348837,0.61046511627907,0.568992248062016,7,"top7","eeg_tb_ratio_precond;eeg_ab_ratio_precond;hrv_rmssd_precond;eda_sd_precond;hr_med_precond;eeg_fl_hbeta_power_precond;eeg_tright_lbeta_power_precond"
2025-12-19 16:00:03.16391,42,"workload_label",7,2,0.0625,0.598837209302326,0.63953488372093,0.594573643410853,7,"top7","eeg_tb_ratio_precond;eeg_ab_ratio_precond;hrv_rmssd_precond;eda_sd_precond;hr_med_precond;eeg_fl_hbeta_power_precond;eeg_tright_lbeta_power_precond"
2025-12-19 16:00:02.978143,42,"workload_label",7,4,0.0625,0.575581395348837,0.627906976744186,0.576744186046512,7,"top7","eeg_tb_ratio_precond;eeg_ab_ratio_precond;hrv_rmssd_precond;eda_sd_precond;hr_med_precond;eeg_fl_hbeta_power_precond;eeg_tright_lbeta_power_precond"
2025-12-19 16:00:03.003528,42,"workload_label",7,8,0.0625,0.569767441860465,0.633720930232558,0.564341085271318,7,"top7","eeg_tb_ratio_precond;eeg_ab_ratio_precond;hrv_rmssd_precond;eda_sd_precond;hr_med_precond;eeg_fl_hbeta_power_precond;eeg_tright_lbeta_power_precond"
2025-12-19 16:00:03.199328,42,"workload_label",7,16,0.0625,0.563953488372093,0.622093023255814,NA,7,"top7","eeg_tb_ratio_precond;eeg_ab_ratio_precond;hrv_rmssd_precond;eda_sd_precond;hr_med_precond;eeg_fl_hbeta_power_precond;eeg_tright_lbeta_power_precond"
2025-12-19 16:00:04.146254,42,"workload_label",7,32,0.0625,0.563953488372093,0.587209302325581,NA,7,"top7","eeg_tb_ratio_precond;eeg_ab_ratio_precond;hrv_rmssd_precond;eda_sd_precond;hr_med_precond;eeg_fl_hbeta_power_precond;eeg_tright_lbeta_power_precond"
2025-12-19 16:00:04.287894,42,"workload_label",7,64,0.0625,0.587209302325581,0.604651162790698,0.575968992248062,7,"top7","eeg_tb_ratio_precond;eeg_ab_ratio_precond;hrv_rmssd_precond;eda_sd_precond;hr_med_precond;eeg_fl_hbeta_power_precond;eeg_tright_lbeta_power_precond"
2025-12-19 16:00:04.610563,42,"workload_label",7,128,0.0625,0.575581395348837,0.581395348837209,NA,7,"top7","eeg_tb_ratio_precond;eeg_ab_ratio_precond;hrv_rmssd_precond;eda_sd_precond;hr_med_precond;eeg_fl_hbeta_power_precond;eeg_tright_lbeta_power_precond"
2025-12-19 16:00:05.005592,42,"workload_label",7,256,0.0625,0.569767441860465,0.523255813953488,0.571317829457364,7,"top7","eeg_tb_ratio_precond;eeg_ab_ratio_precond;hrv_rmssd_precond;eda_sd_precond;hr_med_precond;eeg_fl_hbeta_power_precond;eeg_tright_lbeta_power_precond"
2025-12-19 16:00:04.107641,42,"workload_label",7,2,0.125,0.575581395348837,0.645348837209302,0.566666666666667,7,"top7","eeg_tb_ratio_precond;eeg_ab_ratio_precond;hrv_rmssd_precond;eda_sd_precond;hr_med_precond;eeg_fl_hbeta_power_precond;eeg_tright_lbeta_power_precond"
2025-12-19 16:00:04.17799,42,"workload_label",7,4,0.125,0.563953488372093,0.633720930232558,0.562790697674419,7,"top7","eeg_tb_ratio_precond;eeg_ab_ratio_precond;hrv_rmssd_precond;eda_sd_precond;hr_med_precond;eeg_fl_hbeta_power_precond;eeg_tright_lbeta_power_precond"
2025-12-19 16:00:04.272839,42,"workload_label",7,8,0.125,0.552325581395349,0.633720930232558,NA,7,"top7","eeg_tb_ratio_precond;eeg_ab_ratio_precond;hrv_rmssd_precond;eda_sd_precond;hr_med_precond;eeg_fl_hbeta_power_precond;eeg_tright_lbeta_power_precond"
2025-12-19 16:00:04.406839,42,"workload_label",7,16,0.125,0.540697674418605,0.569767441860465,NA,7,"top7","eeg_tb_ratio_precond;eeg_ab_ratio_precond;hrv_rmssd_precond;eda_sd_precond;hr_med_precond;eeg_fl_hbeta_power_precond;eeg_tright_lbeta_power_precond"
2025-12-19 16:00:04.492612,42,"workload_label",7,32,0.125,0.552325581395349,0.552325581395349,NA,7,"top7","eeg_tb_ratio_precond;eeg_ab_ratio_precond;hrv_rmssd_precond;eda_sd_precond;hr_med_precond;eeg_fl_hbeta_power_precond;eeg_tright_lbeta_power_precond"
2025-12-19 16:00:04.647457,42,"workload_label",7,64,0.125,0.563953488372093,0.593023255813954,NA,7,"top7","eeg_tb_ratio_precond;eeg_ab_ratio_precond;hrv_rmssd_precond;eda_sd_precond;hr_med_precond;eeg_fl_hbeta_power_precond;eeg_tright_lbeta_power_precond"
2025-12-19 16:00:04.843746,42,"workload_label",7,128,0.125,0.558139534883721,0.563953488372093,NA,7,"top7","eeg_tb_ratio_precond;eeg_ab_ratio_precond;hrv_rmssd_precond;eda_sd_precond;hr_med_precond;eeg_fl_hbeta_power_precond;eeg_tright_lbeta_power_precond"
2025-12-19 16:00:04.893446,42,"workload_label",7,256,0.125,0.563953488372093,0.563953488372093,NA,7,"top7","eeg_tb_ratio_precond;eeg_ab_ratio_precond;hrv_rmssd_precond;eda_sd_precond;hr_med_precond;eeg_fl_hbeta_power_precond;eeg_tright_lbeta_power_precond"
2025-12-19 16:00:04.425013,42,"workload_label",7,2,0.03,0.616279069767442,0.633720930232558,0.606976744186047,7,"top7","eeg_tb_ratio_precond;eeg_ab_ratio_precond;hrv_rmssd_precond;eda_sd_precond;hr_med_precond;eeg_fl_hbeta_power_precond;eeg_tright_lbeta_power_precond"
2025-12-19 16:00:05.001619,42,"workload_label",7,4,0.03,0.598837209302326,0.633720930232558,0.602325581395349,7,"top7","eeg_tb_ratio_precond;eeg_ab_ratio_precond;hrv_rmssd_precond;eda_sd_precond;hr_med_precond;eeg_fl_hbeta_power_precond;eeg_tright_lbeta_power_precond"
2025-12-19 16:00:05.276075,42,"workload_label",7,8,0.03,0.598837209302326,0.645348837209302,0.60077519379845,7,"top7","eeg_tb_ratio_precond;eeg_ab_ratio_precond;hrv_rmssd_precond;eda_sd_precond;hr_med_precond;eeg_fl_hbeta_power_precond;eeg_tright_lbeta_power_precond"
2025-12-19 16:00:05.286564,42,"workload_label",7,16,0.03,0.581395348837209,0.633720930232558,0.577519379844961,7,"top7","eeg_tb_ratio_precond;eeg_ab_ratio_precond;hrv_rmssd_precond;eda_sd_precond;hr_med_precond;eeg_fl_hbeta_power_precond;eeg_tright_lbeta_power_precond"
2025-12-19 16:00:05.594182,42,"workload_label",7,32,0.03,0.575581395348837,0.645348837209302,0.572093023255814,7,"top7","eeg_tb_ratio_precond;eeg_ab_ratio_precond;hrv_rmssd_precond;eda_sd_precond;hr_med_precond;eeg_fl_hbeta_power_precond;eeg_tright_lbeta_power_precond"
2025-12-19 16:00:05.524189,42,"workload_label",7,64,0.03,0.581395348837209,0.616279069767442,0.58062015503876,7,"top7","eeg_tb_ratio_precond;eeg_ab_ratio_precond;hrv_rmssd_precond;eda_sd_precond;hr_med_precond;eeg_fl_hbeta_power_precond;eeg_tright_lbeta_power_precond"
2025-12-19 16:00:05.693003,42,"workload_label",7,128,0.03,0.552325581395349,0.593023255813954,NA,7,"top7","eeg_tb_ratio_precond;eeg_ab_ratio_precond;hrv_rmssd_precond;eda_sd_precond;hr_med_precond;eeg_fl_hbeta_power_precond;eeg_tright_lbeta_power_precond"
2025-12-19 16:00:06.047816,42,"workload_label",7,256,0.03,0.563953488372093,0.616279069767442,0.558914728682171,7,"top7","eeg_tb_ratio_precond;eeg_ab_ratio_precond;hrv_rmssd_precond;eda_sd_precond;hr_med_precond;eeg_fl_hbeta_power_precond;eeg_tright_lbeta_power_precond"
2025-12-19 16:00:05.553813,42,"workload_label",7,2,0.06,0.593023255813954,0.651162790697674,0.590697674418605,7,"top7","eeg_tb_ratio_precond;eeg_ab_ratio_precond;hrv_rmssd_precond;eda_sd_precond;hr_med_precond;eeg_fl_hbeta_power_precond;eeg_tright_lbeta_power_precond"
2025-12-19 16:00:05.577476,42,"workload_label",7,4,0.06,0.575581395348837,0.633720930232558,0.576744186046512,7,"top7","eeg_tb_ratio_precond;eeg_ab_ratio_precond;hrv_rmssd_precond;eda_sd_precond;hr_med_precond;eeg_fl_hbeta_power_precond;eeg_tright_lbeta_power_precond"
2025-12-19 16:00:05.712399,42,"workload_label",7,8,0.06,0.569767441860465,0.633720930232558,0.564341085271318,7,"top7","eeg_tb_ratio_precond;eeg_ab_ratio_precond;hrv_rmssd_precond;eda_sd_precond;hr_med_precond;eeg_fl_hbeta_power_precond;eeg_tright_lbeta_power_precond"
2025-12-19 16:00:05.801997,42,"workload_label",7,16,0.06,0.563953488372093,0.616279069767442,NA,7,"top7","eeg_tb_ratio_precond;eeg_ab_ratio_precond;hrv_rmssd_precond;eda_sd_precond;hr_med_precond;eeg_fl_hbeta_power_precond;eeg_tright_lbeta_power_precond"
2025-12-19 16:00:06.073584,42,"workload_label",7,32,0.06,0.563953488372093,0.587209302325581,NA,7,"top7","eeg_tb_ratio_precond;eeg_ab_ratio_precond;hrv_rmssd_precond;eda_sd_precond;hr_med_precond;eeg_fl_hbeta_power_precond;eeg_tright_lbeta_power_precond"
2025-12-19 16:00:06.203562,42,"workload_label",7,64,0.06,0.581395348837209,0.598837209302326,0.568992248062016,7,"top7","eeg_tb_ratio_precond;eeg_ab_ratio_precond;hrv_rmssd_precond;eda_sd_precond;hr_med_precond;eeg_fl_hbeta_power_precond;eeg_tright_lbeta_power_precond"
2025-12-19 16:00:06.415603,42,"workload_label",7,128,0.06,0.581395348837209,0.581395348837209,NA,7,"top7","eeg_tb_ratio_precond;eeg_ab_ratio_precond;hrv_rmssd_precond;eda_sd_precond;hr_med_precond;eeg_fl_hbeta_power_precond;eeg_tright_lbeta_power_precond"
2025-12-19 16:00:06.69871,42,"workload_label",7,256,0.06,0.569767441860465,0.558139534883721,0.567441860465116,7,"top7","eeg_tb_ratio_precond;eeg_ab_ratio_precond;hrv_rmssd_precond;eda_sd_precond;hr_med_precond;eeg_fl_hbeta_power_precond;eeg_tright_lbeta_power_precond"
2025-12-19 16:00:06.263154,42,"workload_label",7,2,0.1,0.581395348837209,0.627906976744186,0.582945736434109,7,"top7","eeg_tb_ratio_precond;eeg_ab_ratio_precond;hrv_rmssd_precond;eda_sd_precond;hr_med_precond;eeg_fl_hbeta_power_precond;eeg_tright_lbeta_power_precond"
2025-12-19 16:00:06.273224,42,"workload_label",7,4,0.1,0.569767441860465,0.63953488372093,0.575968992248062,7,"top7","eeg_tb_ratio_precond;eeg_ab_ratio_precond;hrv_rmssd_precond;eda_sd_precond;hr_med_precond;eeg_fl_hbeta_power_precond;eeg_tright_lbeta_power_precond"
2025-12-19 16:00:06.475645,42,"workload_label",7,8,0.1,0.558139534883721,0.633720930232558,NA,7,"top7","eeg_tb_ratio_precond;eeg_ab_ratio_precond;hrv_rmssd_precond;eda_sd_precond;hr_med_precond;eeg_fl_hbeta_power_precond;eeg_tright_lbeta_power_precond"
2025-12-19 16:00:06.531568,42,"workload_label",7,16,0.1,0.558139534883721,0.61046511627907,NA,7,"top7","eeg_tb_ratio_precond;eeg_ab_ratio_precond;hrv_rmssd_precond;eda_sd_precond;hr_med_precond;eeg_fl_hbeta_power_precond;eeg_tright_lbeta_power_precond"
2025-12-19 16:00:06.587114,42,"workload_label",7,32,0.1,0.569767441860465,0.575581395348837,NA,7,"top7","eeg_tb_ratio_precond;eeg_ab_ratio_precond;hrv_rmssd_precond;eda_sd_precond;hr_med_precond;eeg_fl_hbeta_power_precond;eeg_tright_lbeta_power_precond"
2025-12-19 16:00:06.691978,42,"workload_label",7,64,0.1,0.569767441860465,0.558139534883721,0.563565891472868,7,"top7","eeg_tb_ratio_precond;eeg_ab_ratio_precond;hrv_rmssd_precond;eda_sd_precond;hr_med_precond;eeg_fl_hbeta_power_precond;eeg_tright_lbeta_power_precond"
2025-12-19 16:00:06.886046,42,"workload_label",7,128,0.1,0.558139534883721,0.587209302325581,NA,7,"top7","eeg_tb_ratio_precond;eeg_ab_ratio_precond;hrv_rmssd_precond;eda_sd_precond;hr_med_precond;eeg_fl_hbeta_power_precond;eeg_tright_lbeta_power_precond"
2025-12-19 16:00:06.982836,42,"workload_label",7,256,0.1,0.552325581395349,0.575581395348837,0.548837209302326,7,"top7","eeg_tb_ratio_precond;eeg_ab_ratio_precond;hrv_rmssd_precond;eda_sd_precond;hr_med_precond;eeg_fl_hbeta_power_precond;eeg_tright_lbeta_power_precond"
2025-12-19 16:00:08.275178,43,"workload_label",7,2,0.0078125,0.633720930232558,0.651162790697674,0.631782945736434,7,"top7","eeg_tb_ratio_precond;hrv_rmssd_precond;eda_sd_precond;eeg_fl_hbeta_power_precond;hr_med_precond;eeg_tright_lbeta_power_precond;eda_pkrate_precond"
2025-12-19 16:00:08.256213,43,"workload_label",7,4,0.0078125,0.63953488372093,0.645348837209302,0.641085271317829,7,"top7","eeg_tb_ratio_precond;hrv_rmssd_precond;eda_sd_precond;eeg_fl_hbeta_power_precond;hr_med_precond;eeg_tright_lbeta_power_precond;eda_pkrate_precond"
2025-12-19 16:00:08.236489,43,"workload_label",7,8,0.0078125,0.622093023255814,0.627906976744186,0.624031007751938,7,"top7","eeg_tb_ratio_precond;hrv_rmssd_precond;eda_sd_precond;eeg_fl_hbeta_power_precond;hr_med_precond;eeg_tright_lbeta_power_precond;eda_pkrate_precond"
2025-12-19 16:00:08.193288,43,"workload_label",7,16,0.0078125,0.598837209302326,0.616279069767442,0.605426356589147,7,"top7","eeg_tb_ratio_precond;hrv_rmssd_precond;eda_sd_precond;eeg_fl_hbeta_power_precond;hr_med_precond;eeg_tright_lbeta_power_precond;eda_pkrate_precond"
2025-12-19 16:00:08.235156,43,"workload_label",7,32,0.0078125,0.598837209302326,0.61046511627907,0.604651162790698,7,"top7","eeg_tb_ratio_precond;hrv_rmssd_precond;eda_sd_precond;eeg_fl_hbeta_power_precond;hr_med_precond;eeg_tright_lbeta_power_precond;eda_pkrate_precond"
2025-12-19 16:00:08.29729,43,"workload_label",7,64,0.0078125,0.61046511627907,0.63953488372093,0.613953488372093,7,"top7","eeg_tb_ratio_precond;hrv_rmssd_precond;eda_sd_precond;eeg_fl_hbeta_power_precond;hr_med_precond;eeg_tright_lbeta_power_precond;eda_pkrate_precond"
2025-12-19 16:00:08.328039,43,"workload_label",7,128,0.0078125,0.575581395348837,0.633720930232558,0.588372093023256,7,"top7","eeg_tb_ratio_precond;hrv_rmssd_precond;eda_sd_precond;eeg_fl_hbeta_power_precond;hr_med_precond;eeg_tright_lbeta_power_precond;eda_pkrate_precond"
2025-12-19 16:00:08.426165,43,"workload_label",7,256,0.0078125,0.604651162790698,0.651162790697674,0.606201550387597,7,"top7","eeg_tb_ratio_precond;hrv_rmssd_precond;eda_sd_precond;eeg_fl_hbeta_power_precond;hr_med_precond;eeg_tright_lbeta_power_precond;eda_pkrate_precond"
2025-12-19 16:00:08.265538,43,"workload_label",7,2,0.015625,0.645348837209302,0.63953488372093,0.650387596899225,7,"top7","eeg_tb_ratio_precond;hrv_rmssd_precond;eda_sd_precond;eeg_fl_hbeta_power_precond;hr_med_precond;eeg_tright_lbeta_power_precond;eda_pkrate_precond"
2025-12-19 16:00:08.272345,43,"workload_label",7,4,0.015625,0.61046511627907,0.633720930232558,0.613953488372093,7,"top7","eeg_tb_ratio_precond;hrv_rmssd_precond;eda_sd_precond;eeg_fl_hbeta_power_precond;hr_med_precond;eeg_tright_lbeta_power_precond;eda_pkrate_precond"
2025-12-19 16:00:08.235853,43,"workload_label",7,8,0.015625,0.61046511627907,0.627906976744186,0.623255813953488,7,"top7","eeg_tb_ratio_precond;hrv_rmssd_precond;eda_sd_precond;eeg_fl_hbeta_power_precond;hr_med_precond;eeg_tright_lbeta_power_precond;eda_pkrate_precond"
2025-12-19 16:00:08.259467,43,"workload_label",7,16,0.015625,0.61046511627907,0.651162790697674,0.610852713178295,7,"top7","eeg_tb_ratio_precond;hrv_rmssd_precond;eda_sd_precond;eeg_fl_hbeta_power_precond;hr_med_precond;eeg_tright_lbeta_power_precond;eda_pkrate_precond"
2025-12-19 16:00:08.210368,43,"workload_label",7,32,0.015625,0.587209302325581,0.63953488372093,0.595348837209302,7,"top7","eeg_tb_ratio_precond;hrv_rmssd_precond;eda_sd_precond;eeg_fl_hbeta_power_precond;hr_med_precond;eeg_tright_lbeta_power_precond;eda_pkrate_precond"
2025-12-19 16:00:08.303752,43,"workload_label",7,64,0.015625,0.593023255813954,0.645348837209302,0.597674418604651,7,"top7","eeg_tb_ratio_precond;hrv_rmssd_precond;eda_sd_precond;eeg_fl_hbeta_power_precond;hr_med_precond;eeg_tright_lbeta_power_precond;eda_pkrate_precond"
2025-12-19 16:00:09.394839,43,"workload_label",7,128,0.015625,0.598837209302326,0.656976744186046,0.594573643410853,7,"top7","eeg_tb_ratio_precond;hrv_rmssd_precond;eda_sd_precond;eeg_fl_hbeta_power_precond;hr_med_precond;eeg_tright_lbeta_power_precond;eda_pkrate_precond"
2025-12-19 16:00:09.646175,43,"workload_label",7,256,0.015625,0.552325581395349,0.627906976744186,NA,7,"top7","eeg_tb_ratio_precond;hrv_rmssd_precond;eda_sd_precond;eeg_fl_hbeta_power_precond;hr_med_precond;eeg_tright_lbeta_power_precond;eda_pkrate_precond"
2025-12-19 16:00:09.314284,43,"workload_label",7,2,0.03125,0.627906976744186,0.63953488372093,0.632558139534884,7,"top7","eeg_tb_ratio_precond;hrv_rmssd_precond;eda_sd_precond;eeg_fl_hbeta_power_precond;hr_med_precond;eeg_tright_lbeta_power_precond;eda_pkrate_precond"
2025-12-19 16:00:09.297064,43,"workload_label",7,4,0.03125,0.61046511627907,0.63953488372093,0.611627906976744,7,"top7","eeg_tb_ratio_precond;hrv_rmssd_precond;eda_sd_precond;eeg_fl_hbeta_power_precond;hr_med_precond;eeg_tright_lbeta_power_precond;eda_pkrate_precond"
2025-12-19 16:00:09.282568,43,"workload_label",7,8,0.03125,0.598837209302326,0.651162790697674,0.6,7,"top7","eeg_tb_ratio_precond;hrv_rmssd_precond;eda_sd_precond;eeg_fl_hbeta_power_precond;hr_med_precond;eeg_tright_lbeta_power_precond;eda_pkrate_precond"
2025-12-19 16:00:09.311626,43,"workload_label",7,16,0.03125,0.575581395348837,0.645348837209302,0.577519379844961,7,"top7","eeg_tb_ratio_precond;hrv_rmssd_precond;eda_sd_precond;eeg_fl_hbeta_power_precond;hr_med_precond;eeg_tright_lbeta_power_precond;eda_pkrate_precond"
2025-12-19 16:00:09.364021,43,"workload_label",7,32,0.03125,0.575581395348837,0.645348837209302,0.574418604651163,7,"top7","eeg_tb_ratio_precond;hrv_rmssd_precond;eda_sd_precond;eeg_fl_hbeta_power_precond;hr_med_precond;eeg_tright_lbeta_power_precond;eda_pkrate_precond"
2025-12-19 16:00:09.485283,43,"workload_label",7,64,0.03125,0.558139534883721,0.61046511627907,NA,7,"top7","eeg_tb_ratio_precond;hrv_rmssd_precond;eda_sd_precond;eeg_fl_hbeta_power_precond;hr_med_precond;eeg_tright_lbeta_power_precond;eda_pkrate_precond"
2025-12-19 16:00:09.659029,43,"workload_label",7,128,0.03125,0.540697674418605,0.569767441860465,0.522480620155039,7,"top7","eeg_tb_ratio_precond;hrv_rmssd_precond;eda_sd_precond;eeg_fl_hbeta_power_precond;hr_med_precond;eeg_tright_lbeta_power_precond;eda_pkrate_precond"
2025-12-19 16:00:09.961219,43,"workload_label",7,256,0.03125,0.552325581395349,0.593023255813954,0.541860465116279,7,"top7","eeg_tb_ratio_precond;hrv_rmssd_precond;eda_sd_precond;eeg_fl_hbeta_power_precond;hr_med_precond;eeg_tright_lbeta_power_precond;eda_pkrate_precond"
2025-12-19 16:00:09.355692,43,"workload_label",7,2,0.0625,0.604651162790698,0.63953488372093,0.604651162790698,7,"top7","eeg_tb_ratio_precond;hrv_rmssd_precond;eda_sd_precond;eeg_fl_hbeta_power_precond;hr_med_precond;eeg_tright_lbeta_power_precond;eda_pkrate_precond"
2025-12-19 16:00:09.321633,43,"workload_label",7,4,0.0625,0.593023255813954,0.616279069767442,0.589147286821705,7,"top7","eeg_tb_ratio_precond;hrv_rmssd_precond;eda_sd_precond;eeg_fl_hbeta_power_precond;hr_med_precond;eeg_tright_lbeta_power_precond;eda_pkrate_precond"
2025-12-19 16:00:09.398889,43,"workload_label",7,8,0.0625,0.575581395348837,0.616279069767442,0.572868217054264,7,"top7","eeg_tb_ratio_precond;hrv_rmssd_precond;eda_sd_precond;eeg_fl_hbeta_power_precond;hr_med_precond;eeg_tright_lbeta_power_precond;eda_pkrate_precond"
2025-12-19 16:00:09.528755,43,"workload_label",7,16,0.0625,0.540697674418605,0.593023255813954,0.526356589147287,7,"top7","eeg_tb_ratio_precond;hrv_rmssd_precond;eda_sd_precond;eeg_fl_hbeta_power_precond;hr_med_precond;eeg_tright_lbeta_power_precond;eda_pkrate_precond"
2025-12-19 16:00:10.443308,43,"workload_label",7,32,0.0625,0.558139534883721,0.61046511627907,0.549612403100775,7,"top7","eeg_tb_ratio_precond;hrv_rmssd_precond;eda_sd_precond;eeg_fl_hbeta_power_precond;hr_med_precond;eeg_tright_lbeta_power_precond;eda_pkrate_precond"
2025-12-19 16:00:10.60538,43,"workload_label",7,64,0.0625,0.523255813953488,0.540697674418605,0.510852713178295,7,"top7","eeg_tb_ratio_precond;hrv_rmssd_precond;eda_sd_precond;eeg_fl_hbeta_power_precond;hr_med_precond;eeg_tright_lbeta_power_precond;eda_pkrate_precond"
2025-12-19 16:00:10.854721,43,"workload_label",7,128,0.0625,0.517441860465116,0.5,NA,7,"top7","eeg_tb_ratio_precond;hrv_rmssd_precond;eda_sd_precond;eeg_fl_hbeta_power_precond;hr_med_precond;eeg_tright_lbeta_power_precond;eda_pkrate_precond"
2025-12-19 16:00:11.267671,43,"workload_label",7,256,0.0625,0.5,0.441860465116279,NA,7,"top7","eeg_tb_ratio_precond;hrv_rmssd_precond;eda_sd_precond;eeg_fl_hbeta_power_precond;hr_med_precond;eeg_tright_lbeta_power_precond;eda_pkrate_precond"
2025-12-19 16:00:10.384057,43,"workload_label",7,2,0.125,0.569767441860465,0.616279069767442,0.565116279069767,7,"top7","eeg_tb_ratio_precond;hrv_rmssd_precond;eda_sd_precond;eeg_fl_hbeta_power_precond;hr_med_precond;eeg_tright_lbeta_power_precond;eda_pkrate_precond"
2025-12-19 16:00:10.449722,43,"workload_label",7,4,0.125,0.529069767441861,0.581395348837209,0.52093023255814,7,"top7","eeg_tb_ratio_precond;hrv_rmssd_precond;eda_sd_precond;eeg_fl_hbeta_power_precond;hr_med_precond;eeg_tright_lbeta_power_precond;eda_pkrate_precond"
2025-12-19 16:00:10.456688,43,"workload_label",7,8,0.125,0.540697674418605,0.587209302325581,0.533333333333333,7,"top7","eeg_tb_ratio_precond;hrv_rmssd_precond;eda_sd_precond;eeg_fl_hbeta_power_precond;hr_med_precond;eeg_tright_lbeta_power_precond;eda_pkrate_precond"
2025-12-19 16:00:10.541311,43,"workload_label",7,16,0.125,0.529069767441861,0.581395348837209,0.513953488372093,7,"top7","eeg_tb_ratio_precond;hrv_rmssd_precond;eda_sd_precond;eeg_fl_hbeta_power_precond;hr_med_precond;eeg_tright_lbeta_power_precond;eda_pkrate_precond"
2025-12-19 16:00:10.691298,43,"workload_label",7,32,0.125,0.529069767441861,0.511627906976744,0.52015503875969,7,"top7","eeg_tb_ratio_precond;hrv_rmssd_precond;eda_sd_precond;eeg_fl_hbeta_power_precond;hr_med_precond;eeg_tright_lbeta_power_precond;eda_pkrate_precond"
2025-12-19 16:00:10.917796,43,"workload_label",7,64,0.125,0.517441860465116,0.488372093023256,NA,7,"top7","eeg_tb_ratio_precond;hrv_rmssd_precond;eda_sd_precond;eeg_fl_hbeta_power_precond;hr_med_precond;eeg_tright_lbeta_power_precond;eda_pkrate_precond"
2025-12-19 16:00:11.134343,43,"workload_label",7,128,0.125,0.552325581395349,0.540697674418605,NA,7,"top7","eeg_tb_ratio_precond;hrv_rmssd_precond;eda_sd_precond;eeg_fl_hbeta_power_precond;hr_med_precond;eeg_tright_lbeta_power_precond;eda_pkrate_precond"
2025-12-19 16:00:11.294337,43,"workload_label",7,256,0.125,0.517441860465116,0.5,NA,7,"top7","eeg_tb_ratio_precond;hrv_rmssd_precond;eda_sd_precond;eeg_fl_hbeta_power_precond;hr_med_precond;eeg_tright_lbeta_power_precond;eda_pkrate_precond"
2025-12-19 16:00:10.679561,43,"workload_label",7,2,0.03,0.627906976744186,0.63953488372093,0.632558139534884,7,"top7","eeg_tb_ratio_precond;hrv_rmssd_precond;eda_sd_precond;eeg_fl_hbeta_power_precond;hr_med_precond;eeg_tright_lbeta_power_precond;eda_pkrate_precond"
2025-12-19 16:00:10.985863,43,"workload_label",7,4,0.03,0.61046511627907,0.63953488372093,0.611627906976744,7,"top7","eeg_tb_ratio_precond;hrv_rmssd_precond;eda_sd_precond;eeg_fl_hbeta_power_precond;hr_med_precond;eeg_tright_lbeta_power_precond;eda_pkrate_precond"
2025-12-19 16:00:11.464644,43,"workload_label",7,8,0.03,0.598837209302326,0.656976744186046,0.602325581395349,7,"top7","eeg_tb_ratio_precond;hrv_rmssd_precond;eda_sd_precond;eeg_fl_hbeta_power_precond;hr_med_precond;eeg_tright_lbeta_power_precond;eda_pkrate_precond"
2025-12-19 16:00:11.500085,43,"workload_label",7,16,0.03,0.575581395348837,0.645348837209302,0.577519379844961,7,"top7","eeg_tb_ratio_precond;hrv_rmssd_precond;eda_sd_precond;eeg_fl_hbeta_power_precond;hr_med_precond;eeg_tright_lbeta_power_precond;eda_pkrate_precond"
2025-12-19 16:00:11.587802,43,"workload_label",7,32,0.03,0.575581395348837,0.645348837209302,0.576744186046512,7,"top7","eeg_tb_ratio_precond;hrv_rmssd_precond;eda_sd_precond;eeg_fl_hbeta_power_precond;hr_med_precond;eeg_tright_lbeta_power_precond;eda_pkrate_precond"
2025-12-19 16:00:11.663938,43,"workload_label",7,64,0.03,0.563953488372093,0.61046511627907,NA,7,"top7","eeg_tb_ratio_precond;hrv_rmssd_precond;eda_sd_precond;eeg_fl_hbeta_power_precond;hr_med_precond;eeg_tright_lbeta_power_precond;eda_pkrate_precond"
2025-12-19 16:00:11.842328,43,"workload_label",7,128,0.03,0.534883720930233,0.563953488372093,0.518604651162791,7,"top7","eeg_tb_ratio_precond;hrv_rmssd_precond;eda_sd_precond;eeg_fl_hbeta_power_precond;hr_med_precond;eeg_tright_lbeta_power_precond;eda_pkrate_precond"
2025-12-19 16:00:12.21504,43,"workload_label",7,256,0.03,0.534883720930233,0.558139534883721,0.516279069767442,7,"top7","eeg_tb_ratio_precond;hrv_rmssd_precond;eda_sd_precond;eeg_fl_hbeta_power_precond;hr_med_precond;eeg_tright_lbeta_power_precond;eda_pkrate_precond"
2025-12-19 16:00:11.720847,43,"workload_label",7,2,0.06,0.604651162790698,0.63953488372093,0.604651162790698,7,"top7","eeg_tb_ratio_precond;hrv_rmssd_precond;eda_sd_precond;eeg_fl_hbeta_power_precond;hr_med_precond;eeg_tright_lbeta_power_precond;eda_pkrate_precond"
2025-12-19 16:00:11.748438,43,"workload_label",7,4,0.06,0.593023255813954,0.627906976744186,0.589147286821705,7,"top7","eeg_tb_ratio_precond;hrv_rmssd_precond;eda_sd_precond;eeg_fl_hbeta_power_precond;hr_med_precond;eeg_tright_lbeta_power_precond;eda_pkrate_precond"
2025-12-19 16:00:11.927297,43,"workload_label",7,8,0.06,0.587209302325581,0.61046511627907,0.586821705426357,7,"top7","eeg_tb_ratio_precond;hrv_rmssd_precond;eda_sd_precond;eeg_fl_hbeta_power_precond;hr_med_precond;eeg_tright_lbeta_power_precond;eda_pkrate_precond"
2025-12-19 16:00:12.027591,43,"workload_label",7,16,0.06,0.540697674418605,0.569767441860465,0.533333333333333,7,"top7","eeg_tb_ratio_precond;hrv_rmssd_precond;eda_sd_precond;eeg_fl_hbeta_power_precond;hr_med_precond;eeg_tright_lbeta_power_precond;eda_pkrate_precond"
2025-12-19 16:00:12.131047,43,"workload_label",7,32,0.06,0.558139534883721,0.61046511627907,0.546511627906977,7,"top7","eeg_tb_ratio_precond;hrv_rmssd_precond;eda_sd_precond;eeg_fl_hbeta_power_precond;hr_med_precond;eeg_tright_lbeta_power_precond;eda_pkrate_precond"
2025-12-19 16:00:12.381491,43,"workload_label",7,64,0.06,0.517441860465116,0.540697674418605,0.49922480620155,7,"top7","eeg_tb_ratio_precond;hrv_rmssd_precond;eda_sd_precond;eeg_fl_hbeta_power_precond;hr_med_precond;eeg_tright_lbeta_power_precond;eda_pkrate_precond"
2025-12-19 16:00:12.817101,43,"workload_label",7,128,0.06,0.494186046511628,0.552325581395349,NA,7,"top7","eeg_tb_ratio_precond;hrv_rmssd_precond;eda_sd_precond;eeg_fl_hbeta_power_precond;hr_med_precond;eeg_tright_lbeta_power_precond;eda_pkrate_precond"
2025-12-19 16:00:12.939415,43,"workload_label",7,256,0.06,0.488372093023256,0.5,NA,7,"top7","eeg_tb_ratio_precond;hrv_rmssd_precond;eda_sd_precond;eeg_fl_hbeta_power_precond;hr_med_precond;eeg_tright_lbeta_power_precond;eda_pkrate_precond"
2025-12-19 16:00:12.435886,43,"workload_label",7,2,0.1,0.587209302325581,0.61046511627907,0.586821705426357,7,"top7","eeg_tb_ratio_precond;hrv_rmssd_precond;eda_sd_precond;eeg_fl_hbeta_power_precond;hr_med_precond;eeg_tright_lbeta_power_precond;eda_pkrate_precond"
2025-12-19 16:00:12.490346,43,"workload_label",7,4,0.1,0.540697674418605,0.587209302325581,0.542635658914729,7,"top7","eeg_tb_ratio_precond;hrv_rmssd_precond;eda_sd_precond;eeg_fl_hbeta_power_precond;hr_med_precond;eeg_tright_lbeta_power_precond;eda_pkrate_precond"
2025-12-19 16:00:12.583333,43,"workload_label",7,8,0.1,0.534883720930233,0.593023255813954,0.527906976744186,7,"top7","eeg_tb_ratio_precond;hrv_rmssd_precond;eda_sd_precond;eeg_fl_hbeta_power_precond;hr_med_precond;eeg_tright_lbeta_power_precond;eda_pkrate_precond"
2025-12-19 16:00:12.661491,43,"workload_label",7,16,0.1,0.534883720930233,0.563953488372093,0.526356589147287,7,"top7","eeg_tb_ratio_precond;hrv_rmssd_precond;eda_sd_precond;eeg_fl_hbeta_power_precond;hr_med_precond;eeg_tright_lbeta_power_precond;eda_pkrate_precond"
2025-12-19 16:00:12.767324,43,"workload_label",7,32,0.1,0.529069767441861,0.5,0.517054263565891,7,"top7","eeg_tb_ratio_precond;hrv_rmssd_precond;eda_sd_precond;eeg_fl_hbeta_power_precond;hr_med_precond;eeg_tright_lbeta_power_precond;eda_pkrate_precond"
2025-12-19 16:00:12.891135,43,"workload_label",7,64,0.1,0.523255813953488,0.453488372093023,0.512403100775194,7,"top7","eeg_tb_ratio_precond;hrv_rmssd_precond;eda_sd_precond;eeg_fl_hbeta_power_precond;hr_med_precond;eeg_tright_lbeta_power_precond;eda_pkrate_precond"
2025-12-19 16:00:13.105229,43,"workload_label",7,128,0.1,0.523255813953488,0.523255813953488,NA,7,"top7","eeg_tb_ratio_precond;hrv_rmssd_precond;eda_sd_precond;eeg_fl_hbeta_power_precond;hr_med_precond;eeg_tright_lbeta_power_precond;eda_pkrate_precond"
2025-12-19 16:00:13.298808,43,"workload_label",7,256,0.1,0.540697674418605,0.482558139534884,NA,7,"top7","eeg_tb_ratio_precond;hrv_rmssd_precond;eda_sd_precond;eeg_fl_hbeta_power_precond;hr_med_precond;eeg_tright_lbeta_power_precond;eda_pkrate_precond"
2025-12-19 16:00:14.550919,44,"workload_label",7,2,0.0078125,0.633720930232558,0.651162790697674,0.606976744186047,7,"top7","eeg_tb_ratio_precond;eeg_ab_ratio_precond;hrv_rmssd_precond;eda_sd_precond;hr_med_precond;eeg_tleft_lbeta_power_precond;eeg_fl_hbeta_power_precond"
2025-12-19 16:00:14.559894,44,"workload_label",7,4,0.0078125,0.604651162790698,0.63953488372093,0.586046511627907,7,"top7","eeg_tb_ratio_precond;eeg_ab_ratio_precond;hrv_rmssd_precond;eda_sd_precond;hr_med_precond;eeg_tleft_lbeta_power_precond;eeg_fl_hbeta_power_precond"
2025-12-19 16:00:14.541192,44,"workload_label",7,8,0.0078125,0.598837209302326,0.61046511627907,0.577519379844961,7,"top7","eeg_tb_ratio_precond;eeg_ab_ratio_precond;hrv_rmssd_precond;eda_sd_precond;hr_med_precond;eeg_tleft_lbeta_power_precond;eeg_fl_hbeta_power_precond"
2025-12-19 16:00:14.553311,44,"workload_label",7,16,0.0078125,0.569767441860465,0.604651162790698,0.562790697674419,7,"top7","eeg_tb_ratio_precond;eeg_ab_ratio_precond;hrv_rmssd_precond;eda_sd_precond;hr_med_precond;eeg_tleft_lbeta_power_precond;eeg_fl_hbeta_power_precond"
2025-12-19 16:00:14.56839,44,"workload_label",7,32,0.0078125,0.569767441860465,0.616279069767442,0.573643410852713,7,"top7","eeg_tb_ratio_precond;eeg_ab_ratio_precond;hrv_rmssd_precond;eda_sd_precond;hr_med_precond;eeg_tleft_lbeta_power_precond;eeg_fl_hbeta_power_precond"
2025-12-19 16:00:14.596622,44,"workload_label",7,64,0.0078125,0.587209302325581,0.622093023255814,0.596124031007752,7,"top7","eeg_tb_ratio_precond;eeg_ab_ratio_precond;hrv_rmssd_precond;eda_sd_precond;hr_med_precond;eeg_tleft_lbeta_power_precond;eeg_fl_hbeta_power_precond"
2025-12-19 16:00:14.659297,44,"workload_label",7,128,0.0078125,0.581395348837209,0.627906976744186,0.591472868217054,7,"top7","eeg_tb_ratio_precond;eeg_ab_ratio_precond;hrv_rmssd_precond;eda_sd_precond;hr_med_precond;eeg_tleft_lbeta_power_precond;eeg_fl_hbeta_power_precond"
2025-12-19 16:00:14.754031,44,"workload_label",7,256,0.0078125,0.575581395348837,0.598837209302326,0.586046511627907,7,"top7","eeg_tb_ratio_precond;eeg_ab_ratio_precond;hrv_rmssd_precond;eda_sd_precond;hr_med_precond;eeg_tleft_lbeta_power_precond;eeg_fl_hbeta_power_precond"
2025-12-19 16:00:14.575426,44,"workload_label",7,2,0.015625,0.604651162790698,0.63953488372093,0.582170542635659,7,"top7","eeg_tb_ratio_precond;eeg_ab_ratio_precond;hrv_rmssd_precond;eda_sd_precond;hr_med_precond;eeg_tleft_lbeta_power_precond;eeg_fl_hbeta_power_precond"
2025-12-19 16:00:14.547859,44,"workload_label",7,4,0.015625,0.587209302325581,0.622093023255814,0.568992248062016,7,"top7","eeg_tb_ratio_precond;eeg_ab_ratio_precond;hrv_rmssd_precond;eda_sd_precond;hr_med_precond;eeg_tleft_lbeta_power_precond;eeg_fl_hbeta_power_precond"
2025-12-19 16:00:14.519794,44,"workload_label",7,8,0.015625,0.558139534883721,0.616279069767442,0.565891472868217,7,"top7","eeg_tb_ratio_precond;eeg_ab_ratio_precond;hrv_rmssd_precond;eda_sd_precond;hr_med_precond;eeg_tleft_lbeta_power_precond;eeg_fl_hbeta_power_precond"
2025-12-19 16:00:14.548802,44,"workload_label",7,16,0.015625,0.587209302325581,0.616279069767442,0.596124031007752,7,"top7","eeg_tb_ratio_precond;eeg_ab_ratio_precond;hrv_rmssd_precond;eda_sd_precond;hr_med_precond;eeg_tleft_lbeta_power_precond;eeg_fl_hbeta_power_precond"
2025-12-19 16:00:14.555129,44,"workload_label",7,32,0.015625,0.581395348837209,0.616279069767442,0.591472868217054,7,"top7","eeg_tb_ratio_precond;eeg_ab_ratio_precond;hrv_rmssd_precond;eda_sd_precond;hr_med_precond;eeg_tleft_lbeta_power_precond;eeg_fl_hbeta_power_precond"
2025-12-19 16:00:14.659576,44,"workload_label",7,64,0.015625,0.563953488372093,0.61046511627907,0.567441860465116,7,"top7","eeg_tb_ratio_precond;eeg_ab_ratio_precond;hrv_rmssd_precond;eda_sd_precond;hr_med_precond;eeg_tleft_lbeta_power_precond;eeg_fl_hbeta_power_precond"
2025-12-19 16:00:15.771051,44,"workload_label",7,128,0.015625,0.575581395348837,0.61046511627907,NA,7,"top7","eeg_tb_ratio_precond;eeg_ab_ratio_precond;hrv_rmssd_precond;eda_sd_precond;hr_med_precond;eeg_tleft_lbeta_power_precond;eeg_fl_hbeta_power_precond"
2025-12-19 16:00:15.937518,44,"workload_label",7,256,0.015625,0.546511627906977,0.581395348837209,NA,7,"top7","eeg_tb_ratio_precond;eeg_ab_ratio_precond;hrv_rmssd_precond;eda_sd_precond;hr_med_precond;eeg_tleft_lbeta_power_precond;eeg_fl_hbeta_power_precond"
2025-12-19 16:00:15.628104,44,"workload_label",7,2,0.03125,0.587209302325581,0.622093023255814,0.585271317829457,7,"top7","eeg_tb_ratio_precond;eeg_ab_ratio_precond;hrv_rmssd_precond;eda_sd_precond;hr_med_precond;eeg_tleft_lbeta_power_precond;eeg_fl_hbeta_power_precond"
2025-12-19 16:00:15.650479,44,"workload_label",7,4,0.03125,0.587209302325581,0.627906976744186,0.603100775193798,7,"top7","eeg_tb_ratio_precond;eeg_ab_ratio_precond;hrv_rmssd_precond;eda_sd_precond;hr_med_precond;eeg_tleft_lbeta_power_precond;eeg_fl_hbeta_power_precond"
2025-12-19 16:00:15.620953,44,"workload_label",7,8,0.03125,0.575581395348837,0.627906976744186,0.584496124031008,7,"top7","eeg_tb_ratio_precond;eeg_ab_ratio_precond;hrv_rmssd_precond;eda_sd_precond;hr_med_precond;eeg_tleft_lbeta_power_precond;eeg_fl_hbeta_power_precond"
2025-12-19 16:00:15.643669,44,"workload_label",7,16,0.03125,0.575581395348837,0.61046511627907,0.57984496124031,7,"top7","eeg_tb_ratio_precond;eeg_ab_ratio_precond;hrv_rmssd_precond;eda_sd_precond;hr_med_precond;eeg_tleft_lbeta_power_precond;eeg_fl_hbeta_power_precond"
2025-12-19 16:00:15.698,44,"workload_label",7,32,0.03125,0.587209302325581,0.61046511627907,NA,7,"top7","eeg_tb_ratio_precond;eeg_ab_ratio_precond;hrv_rmssd_precond;eda_sd_precond;hr_med_precond;eeg_tleft_lbeta_power_precond;eeg_fl_hbeta_power_precond"
2025-12-19 16:00:15.769723,44,"workload_label",7,64,0.03125,0.552325581395349,0.604651162790698,0.548062015503876,7,"top7","eeg_tb_ratio_precond;eeg_ab_ratio_precond;hrv_rmssd_precond;eda_sd_precond;hr_med_precond;eeg_tleft_lbeta_power_precond;eeg_fl_hbeta_power_precond"
2025-12-19 16:00:15.937521,44,"workload_label",7,128,0.03125,0.587209302325581,0.598837209302326,0.6,7,"top7","eeg_tb_ratio_precond;eeg_ab_ratio_precond;hrv_rmssd_precond;eda_sd_precond;hr_med_precond;eeg_tleft_lbeta_power_precond;eeg_fl_hbeta_power_precond"
2025-12-19 16:00:16.265627,44,"workload_label",7,256,0.03125,0.558139534883721,0.587209302325581,0.562790697674419,7,"top7","eeg_tb_ratio_precond;eeg_ab_ratio_precond;hrv_rmssd_precond;eda_sd_precond;hr_med_precond;eeg_tleft_lbeta_power_precond;eeg_fl_hbeta_power_precond"
2025-12-19 16:00:15.69016,44,"workload_label",7,2,0.0625,0.575581395348837,0.622093023255814,0.577519379844961,7,"top7","eeg_tb_ratio_precond;eeg_ab_ratio_precond;hrv_rmssd_precond;eda_sd_precond;hr_med_precond;eeg_tleft_lbeta_power_precond;eeg_fl_hbeta_power_precond"
2025-12-19 16:00:15.731721,44,"workload_label",7,4,0.0625,0.593023255813954,0.627906976744186,0.586821705426357,7,"top7","eeg_tb_ratio_precond;eeg_ab_ratio_precond;hrv_rmssd_precond;eda_sd_precond;hr_med_precond;eeg_tleft_lbeta_power_precond;eeg_fl_hbeta_power_precond"
2025-12-19 16:00:15.751759,44,"workload_label",7,8,0.0625,0.581395348837209,0.627906976744186,NA,7,"top7","eeg_tb_ratio_precond;eeg_ab_ratio_precond;hrv_rmssd_precond;eda_sd_precond;hr_med_precond;eeg_tleft_lbeta_power_precond;eeg_fl_hbeta_power_precond"
2025-12-19 16:00:15.896674,44,"workload_label",7,16,0.0625,0.569767441860465,0.598837209302326,NA,7,"top7","eeg_tb_ratio_precond;eeg_ab_ratio_precond;hrv_rmssd_precond;eda_sd_precond;hr_med_precond;eeg_tleft_lbeta_power_precond;eeg_fl_hbeta_power_precond"
2025-12-19 16:00:16.795453,44,"workload_label",7,32,0.0625,0.563953488372093,0.563953488372093,0.572868217054264,7,"top7","eeg_tb_ratio_precond;eeg_ab_ratio_precond;hrv_rmssd_precond;eda_sd_precond;hr_med_precond;eeg_tleft_lbeta_power_precond;eeg_fl_hbeta_power_precond"
2025-12-19 16:00:16.988118,44,"workload_label",7,64,0.0625,0.552325581395349,0.540697674418605,0.555813953488372,7,"top7","eeg_tb_ratio_precond;eeg_ab_ratio_precond;hrv_rmssd_precond;eda_sd_precond;hr_med_precond;eeg_tleft_lbeta_power_precond;eeg_fl_hbeta_power_precond"
2025-12-19 16:00:17.152572,44,"workload_label",7,128,0.0625,0.540697674418605,0.558139534883721,0.537984496124031,7,"top7","eeg_tb_ratio_precond;eeg_ab_ratio_precond;hrv_rmssd_precond;eda_sd_precond;hr_med_precond;eeg_tleft_lbeta_power_precond;eeg_fl_hbeta_power_precond"
2025-12-19 16:00:17.557227,44,"workload_label",7,256,0.0625,0.540697674418605,0.476744186046512,NA,7,"top7","eeg_tb_ratio_precond;eeg_ab_ratio_precond;hrv_rmssd_precond;eda_sd_precond;hr_med_precond;eeg_tleft_lbeta_power_precond;eeg_fl_hbeta_power_precond"
2025-12-19 16:00:16.896557,44,"workload_label",7,2,0.125,0.604651162790698,0.627906976744186,0.603875968992248,7,"top7","eeg_tb_ratio_precond;eeg_ab_ratio_precond;hrv_rmssd_precond;eda_sd_precond;hr_med_precond;eeg_tleft_lbeta_power_precond;eeg_fl_hbeta_power_precond"
2025-12-19 16:00:16.80711,44,"workload_label",7,4,0.125,0.581395348837209,0.598837209302326,NA,7,"top7","eeg_tb_ratio_precond;eeg_ab_ratio_precond;hrv_rmssd_precond;eda_sd_precond;hr_med_precond;eeg_tleft_lbeta_power_precond;eeg_fl_hbeta_power_precond"
2025-12-19 16:00:16.81033,44,"workload_label",7,8,0.125,0.546511627906977,0.587209302325581,NA,7,"top7","eeg_tb_ratio_precond;eeg_ab_ratio_precond;hrv_rmssd_precond;eda_sd_precond;hr_med_precond;eeg_tleft_lbeta_power_precond;eeg_fl_hbeta_power_precond"
2025-12-19 16:00:16.896579,44,"workload_label",7,16,0.125,0.534883720930233,0.569767441860465,0.530232558139535,7,"top7","eeg_tb_ratio_precond;eeg_ab_ratio_precond;hrv_rmssd_precond;eda_sd_precond;hr_med_precond;eeg_tleft_lbeta_power_precond;eeg_fl_hbeta_power_precond"
2025-12-19 16:00:17.033888,44,"workload_label",7,32,0.125,0.552325581395349,0.534883720930233,0.558139534883721,7,"top7","eeg_tb_ratio_precond;eeg_ab_ratio_precond;hrv_rmssd_precond;eda_sd_precond;hr_med_precond;eeg_tleft_lbeta_power_precond;eeg_fl_hbeta_power_precond"
2025-12-19 16:00:17.231323,44,"workload_label",7,64,0.125,0.534883720930233,0.505813953488372,NA,7,"top7","eeg_tb_ratio_precond;eeg_ab_ratio_precond;hrv_rmssd_precond;eda_sd_precond;hr_med_precond;eeg_tleft_lbeta_power_precond;eeg_fl_hbeta_power_precond"
2025-12-19 16:00:17.48475,44,"workload_label",7,128,0.125,0.534883720930233,0.529069767441861,NA,7,"top7","eeg_tb_ratio_precond;eeg_ab_ratio_precond;hrv_rmssd_precond;eda_sd_precond;hr_med_precond;eeg_tleft_lbeta_power_precond;eeg_fl_hbeta_power_precond"
2025-12-19 16:00:17.635956,44,"workload_label",7,256,0.125,0.540697674418605,0.529069767441861,NA,7,"top7","eeg_tb_ratio_precond;eeg_ab_ratio_precond;hrv_rmssd_precond;eda_sd_precond;hr_med_precond;eeg_tleft_lbeta_power_precond;eeg_fl_hbeta_power_precond"
2025-12-19 16:00:16.988962,44,"workload_label",7,2,0.03,0.581395348837209,0.627906976744186,0.575968992248062,7,"top7","eeg_tb_ratio_precond;eeg_ab_ratio_precond;hrv_rmssd_precond;eda_sd_precond;hr_med_precond;eeg_tleft_lbeta_power_precond;eeg_fl_hbeta_power_precond"
2025-12-19 16:00:17.728853,44,"workload_label",7,4,0.03,0.587209302325581,0.622093023255814,0.603100775193798,7,"top7","eeg_tb_ratio_precond;eeg_ab_ratio_precond;hrv_rmssd_precond;eda_sd_precond;hr_med_precond;eeg_tleft_lbeta_power_precond;eeg_fl_hbeta_power_precond"
2025-12-19 16:00:17.883519,44,"workload_label",7,8,0.03,0.575581395348837,0.627906976744186,0.584496124031008,7,"top7","eeg_tb_ratio_precond;eeg_ab_ratio_precond;hrv_rmssd_precond;eda_sd_precond;hr_med_precond;eeg_tleft_lbeta_power_precond;eeg_fl_hbeta_power_precond"
2025-12-19 16:00:17.90034,44,"workload_label",7,16,0.03,0.569767441860465,0.61046511627907,0.575968992248062,7,"top7","eeg_tb_ratio_precond;eeg_ab_ratio_precond;hrv_rmssd_precond;eda_sd_precond;hr_med_precond;eeg_tleft_lbeta_power_precond;eeg_fl_hbeta_power_precond"
2025-12-19 16:00:17.950755,44,"workload_label",7,32,0.03,0.575581395348837,0.598837209302326,NA,7,"top7","eeg_tb_ratio_precond;eeg_ab_ratio_precond;hrv_rmssd_precond;eda_sd_precond;hr_med_precond;eeg_tleft_lbeta_power_precond;eeg_fl_hbeta_power_precond"
2025-12-19 16:00:18.099441,44,"workload_label",7,64,0.03,0.552325581395349,0.598837209302326,0.543410852713178,7,"top7","eeg_tb_ratio_precond;eeg_ab_ratio_precond;hrv_rmssd_precond;eda_sd_precond;hr_med_precond;eeg_tleft_lbeta_power_precond;eeg_fl_hbeta_power_precond"
2025-12-19 16:00:18.22932,44,"workload_label",7,128,0.03,0.581395348837209,0.587209302325581,0.593798449612403,7,"top7","eeg_tb_ratio_precond;eeg_ab_ratio_precond;hrv_rmssd_precond;eda_sd_precond;hr_med_precond;eeg_tleft_lbeta_power_precond;eeg_fl_hbeta_power_precond"
2025-12-19 16:00:18.593271,44,"workload_label",7,256,0.03,0.563953488372093,0.581395348837209,0.565891472868217,7,"top7","eeg_tb_ratio_precond;eeg_ab_ratio_precond;hrv_rmssd_precond;eda_sd_precond;hr_med_precond;eeg_tleft_lbeta_power_precond;eeg_fl_hbeta_power_precond"
2025-12-19 16:00:18.023404,44,"workload_label",7,2,0.06,0.569767441860465,0.627906976744186,0.573643410852713,7,"top7","eeg_tb_ratio_precond;eeg_ab_ratio_precond;hrv_rmssd_precond;eda_sd_precond;hr_med_precond;eeg_tleft_lbeta_power_precond;eeg_fl_hbeta_power_precond"
2025-12-19 16:00:18.080075,44,"workload_label",7,4,0.06,0.581395348837209,0.627906976744186,0.57984496124031,7,"top7","eeg_tb_ratio_precond;eeg_ab_ratio_precond;hrv_rmssd_precond;eda_sd_precond;hr_med_precond;eeg_tleft_lbeta_power_precond;eeg_fl_hbeta_power_precond"
2025-12-19 16:00:18.202712,44,"workload_label",7,8,0.06,0.575581395348837,0.627906976744186,NA,7,"top7","eeg_tb_ratio_precond;eeg_ab_ratio_precond;hrv_rmssd_precond;eda_sd_precond;hr_med_precond;eeg_tleft_lbeta_power_precond;eeg_fl_hbeta_power_precond"
2025-12-19 16:00:18.325718,44,"workload_label",7,16,0.06,0.575581395348837,0.604651162790698,NA,7,"top7","eeg_tb_ratio_precond;eeg_ab_ratio_precond;hrv_rmssd_precond;eda_sd_precond;hr_med_precond;eeg_tleft_lbeta_power_precond;eeg_fl_hbeta_power_precond"
2025-12-19 16:00:18.637363,44,"workload_label",7,32,0.06,0.569767441860465,0.581395348837209,0.575968992248062,7,"top7","eeg_tb_ratio_precond;eeg_ab_ratio_precond;hrv_rmssd_precond;eda_sd_precond;hr_med_precond;eeg_tleft_lbeta_power_precond;eeg_fl_hbeta_power_precond"
2025-12-19 16:00:18.819754,44,"workload_label",7,64,0.06,0.552325581395349,0.563953488372093,0.555813953488372,7,"top7","eeg_tb_ratio_precond;eeg_ab_ratio_precond;hrv_rmssd_precond;eda_sd_precond;hr_med_precond;eeg_tleft_lbeta_power_precond;eeg_fl_hbeta_power_precond"
2025-12-19 16:00:19.006728,44,"workload_label",7,128,0.06,0.546511627906977,0.534883720930233,0.542635658914729,7,"top7","eeg_tb_ratio_precond;eeg_ab_ratio_precond;hrv_rmssd_precond;eda_sd_precond;hr_med_precond;eeg_tleft_lbeta_power_precond;eeg_fl_hbeta_power_precond"
2025-12-19 16:00:19.298686,44,"workload_label",7,256,0.06,0.540697674418605,0.5,NA,7,"top7","eeg_tb_ratio_precond;eeg_ab_ratio_precond;hrv_rmssd_precond;eda_sd_precond;hr_med_precond;eeg_tleft_lbeta_power_precond;eeg_fl_hbeta_power_precond"
2025-12-19 16:00:18.880937,44,"workload_label",7,2,0.1,0.598837209302326,0.633720930232558,0.592248062015504,7,"top7","eeg_tb_ratio_precond;eeg_ab_ratio_precond;hrv_rmssd_precond;eda_sd_precond;hr_med_precond;eeg_tleft_lbeta_power_precond;eeg_fl_hbeta_power_precond"
2025-12-19 16:00:18.875831,44,"workload_label",7,4,0.1,0.575581395348837,0.627906976744186,NA,7,"top7","eeg_tb_ratio_precond;eeg_ab_ratio_precond;hrv_rmssd_precond;eda_sd_precond;hr_med_precond;eeg_tleft_lbeta_power_precond;eeg_fl_hbeta_power_precond"
2025-12-19 16:00:18.944152,44,"workload_label",7,8,0.1,0.563953488372093,0.604651162790698,NA,7,"top7","eeg_tb_ratio_precond;eeg_ab_ratio_precond;hrv_rmssd_precond;eda_sd_precond;hr_med_precond;eeg_tleft_lbeta_power_precond;eeg_fl_hbeta_power_precond"
2025-12-19 16:00:19.020791,44,"workload_label",7,16,0.1,0.529069767441861,0.569767441860465,NA,7,"top7","eeg_tb_ratio_precond;eeg_ab_ratio_precond;hrv_rmssd_precond;eda_sd_precond;hr_med_precond;eeg_tleft_lbeta_power_precond;eeg_fl_hbeta_power_precond"
2025-12-19 16:00:19.113289,44,"workload_label",7,32,0.1,0.540697674418605,0.558139534883721,0.542635658914729,7,"top7","eeg_tb_ratio_precond;eeg_ab_ratio_precond;hrv_rmssd_precond;eda_sd_precond;hr_med_precond;eeg_tleft_lbeta_power_precond;eeg_fl_hbeta_power_precond"
2025-12-19 16:00:19.283333,44,"workload_label",7,64,0.1,0.552325581395349,0.488372093023256,NA,7,"top7","eeg_tb_ratio_precond;eeg_ab_ratio_precond;hrv_rmssd_precond;eda_sd_precond;hr_med_precond;eeg_tleft_lbeta_power_precond;eeg_fl_hbeta_power_precond"
2025-12-19 16:00:19.438622,44,"workload_label",7,128,0.1,0.540697674418605,0.511627906976744,NA,7,"top7","eeg_tb_ratio_precond;eeg_ab_ratio_precond;hrv_rmssd_precond;eda_sd_precond;hr_med_precond;eeg_tleft_lbeta_power_precond;eeg_fl_hbeta_power_precond"
2025-12-19 16:00:19.596563,44,"workload_label",7,256,0.1,0.546511627906977,0.482558139534884,NA,7,"top7","eeg_tb_ratio_precond;eeg_ab_ratio_precond;hrv_rmssd_precond;eda_sd_precond;hr_med_precond;eeg_tleft_lbeta_power_precond;eeg_fl_hbeta_power_precond"
2025-12-19 16:00:20.865058,45,"workload_label",7,2,0.0078125,0.622093023255814,0.651162790697674,0.591472868217054,7,"top7","eeg_tb_ratio_precond;eeg_ab_ratio_precond;hrv_rmssd_precond;eda_sd_precond;hr_med_precond;eeg_tright_lbeta_power_precond;eeg_fl_hbeta_power_precond"
2025-12-19 16:00:20.825539,45,"workload_label",7,4,0.0078125,0.633720930232558,0.63953488372093,0.610077519379845,7,"top7","eeg_tb_ratio_precond;eeg_ab_ratio_precond;hrv_rmssd_precond;eda_sd_precond;hr_med_precond;eeg_tright_lbeta_power_precond;eeg_fl_hbeta_power_precond"
2025-12-19 16:00:20.853132,45,"workload_label",7,8,0.0078125,0.627906976744186,0.633720930232558,0.60077519379845,7,"top7","eeg_tb_ratio_precond;eeg_ab_ratio_precond;hrv_rmssd_precond;eda_sd_precond;hr_med_precond;eeg_tright_lbeta_power_precond;eeg_fl_hbeta_power_precond"
2025-12-19 16:00:20.84388,45,"workload_label",7,16,0.0078125,0.598837209302326,0.633720930232558,0.576744186046512,7,"top7","eeg_tb_ratio_precond;eeg_ab_ratio_precond;hrv_rmssd_precond;eda_sd_precond;hr_med_precond;eeg_tright_lbeta_power_precond;eeg_fl_hbeta_power_precond"
2025-12-19 16:00:20.813473,45,"workload_label",7,32,0.0078125,0.569767441860465,0.616279069767442,0.554263565891473,7,"top7","eeg_tb_ratio_precond;eeg_ab_ratio_precond;hrv_rmssd_precond;eda_sd_precond;hr_med_precond;eeg_tright_lbeta_power_precond;eeg_fl_hbeta_power_precond"
2025-12-19 16:00:20.898096,45,"workload_label",7,64,0.0078125,0.569767441860465,0.616279069767442,0.566666666666667,7,"top7","eeg_tb_ratio_precond;eeg_ab_ratio_precond;hrv_rmssd_precond;eda_sd_precond;hr_med_precond;eeg_tright_lbeta_power_precond;eeg_fl_hbeta_power_precond"
2025-12-19 16:00:20.91176,45,"workload_label",7,128,0.0078125,0.581395348837209,0.627906976744186,0.581395348837209,7,"top7","eeg_tb_ratio_precond;eeg_ab_ratio_precond;hrv_rmssd_precond;eda_sd_precond;hr_med_precond;eeg_tright_lbeta_power_precond;eeg_fl_hbeta_power_precond"
2025-12-19 16:00:21.006443,45,"workload_label",7,256,0.0078125,0.604651162790698,0.633720930232558,0.596124031007752,7,"top7","eeg_tb_ratio_precond;eeg_ab_ratio_precond;hrv_rmssd_precond;eda_sd_precond;hr_med_precond;eeg_tright_lbeta_power_precond;eeg_fl_hbeta_power_precond"
2025-12-19 16:00:20.86194,45,"workload_label",7,2,0.015625,0.645348837209302,0.645348837209302,0.621705426356589,7,"top7","eeg_tb_ratio_precond;eeg_ab_ratio_precond;hrv_rmssd_precond;eda_sd_precond;hr_med_precond;eeg_tright_lbeta_power_precond;eeg_fl_hbeta_power_precond"
2025-12-19 16:00:20.855398,45,"workload_label",7,4,0.015625,0.633720930232558,0.633720930232558,0.610077519379845,7,"top7","eeg_tb_ratio_precond;eeg_ab_ratio_precond;hrv_rmssd_precond;eda_sd_precond;hr_med_precond;eeg_tright_lbeta_power_precond;eeg_fl_hbeta_power_precond"
2025-12-19 16:00:20.851297,45,"workload_label",7,8,0.015625,0.575581395348837,0.627906976744186,0.565116279069767,7,"top7","eeg_tb_ratio_precond;eeg_ab_ratio_precond;hrv_rmssd_precond;eda_sd_precond;hr_med_precond;eeg_tright_lbeta_power_precond;eeg_fl_hbeta_power_precond"
2025-12-19 16:00:20.858022,45,"workload_label",7,16,0.015625,0.569767441860465,0.61046511627907,0.566666666666667,7,"top7","eeg_tb_ratio_precond;eeg_ab_ratio_precond;hrv_rmssd_precond;eda_sd_precond;hr_med_precond;eeg_tright_lbeta_power_precond;eeg_fl_hbeta_power_precond"
2025-12-19 16:00:20.884314,45,"workload_label",7,32,0.015625,0.593023255813954,0.622093023255814,0.6,7,"top7","eeg_tb_ratio_precond;eeg_ab_ratio_precond;hrv_rmssd_precond;eda_sd_precond;hr_med_precond;eeg_tright_lbeta_power_precond;eeg_fl_hbeta_power_precond"
2025-12-19 16:00:20.899463,45,"workload_label",7,64,0.015625,0.587209302325581,0.633720930232558,0.585271317829457,7,"top7","eeg_tb_ratio_precond;eeg_ab_ratio_precond;hrv_rmssd_precond;eda_sd_precond;hr_med_precond;eeg_tright_lbeta_power_precond;eeg_fl_hbeta_power_precond"
2025-12-19 16:00:22.091716,45,"workload_label",7,128,0.015625,0.581395348837209,0.604651162790698,NA,7,"top7","eeg_tb_ratio_precond;eeg_ab_ratio_precond;hrv_rmssd_precond;eda_sd_precond;hr_med_precond;eeg_tright_lbeta_power_precond;eeg_fl_hbeta_power_precond"
2025-12-19 16:00:22.302615,45,"workload_label",7,256,0.015625,0.558139534883721,0.546511627906977,NA,7,"top7","eeg_tb_ratio_precond;eeg_ab_ratio_precond;hrv_rmssd_precond;eda_sd_precond;hr_med_precond;eeg_tright_lbeta_power_precond;eeg_fl_hbeta_power_precond"
2025-12-19 16:00:21.914278,45,"workload_label",7,2,0.03125,0.627906976744186,0.627906976744186,0.611627906976744,7,"top7","eeg_tb_ratio_precond;eeg_ab_ratio_precond;hrv_rmssd_precond;eda_sd_precond;hr_med_precond;eeg_tright_lbeta_power_precond;eeg_fl_hbeta_power_precond"
2025-12-19 16:00:21.943896,45,"workload_label",7,4,0.03125,0.569767441860465,0.61046511627907,0.571317829457364,7,"top7","eeg_tb_ratio_precond;eeg_ab_ratio_precond;hrv_rmssd_precond;eda_sd_precond;hr_med_precond;eeg_tright_lbeta_power_precond;eeg_fl_hbeta_power_precond"
2025-12-19 16:00:21.953296,45,"workload_label",7,8,0.03125,0.593023255813954,0.627906976744186,0.6,7,"top7","eeg_tb_ratio_precond;eeg_ab_ratio_precond;hrv_rmssd_precond;eda_sd_precond;hr_med_precond;eeg_tright_lbeta_power_precond;eeg_fl_hbeta_power_precond"
2025-12-19 16:00:21.959626,45,"workload_label",7,16,0.03125,0.575581395348837,0.61046511627907,0.572093023255814,7,"top7","eeg_tb_ratio_precond;eeg_ab_ratio_precond;hrv_rmssd_precond;eda_sd_precond;hr_med_precond;eeg_tright_lbeta_power_precond;eeg_fl_hbeta_power_precond"
2025-12-19 16:00:22.009889,45,"workload_label",7,32,0.03125,0.569767441860465,0.581395348837209,NA,7,"top7","eeg_tb_ratio_precond;eeg_ab_ratio_precond;hrv_rmssd_precond;eda_sd_precond;hr_med_precond;eeg_tright_lbeta_power_precond;eeg_fl_hbeta_power_precond"
2025-12-19 16:00:22.069083,45,"workload_label",7,64,0.03125,0.534883720930233,0.581395348837209,NA,7,"top7","eeg_tb_ratio_precond;eeg_ab_ratio_precond;hrv_rmssd_precond;eda_sd_precond;hr_med_precond;eeg_tright_lbeta_power_precond;eeg_fl_hbeta_power_precond"
2025-12-19 16:00:22.280164,45,"workload_label",7,128,0.03125,0.534883720930233,0.563953488372093,NA,7,"top7","eeg_tb_ratio_precond;eeg_ab_ratio_precond;hrv_rmssd_precond;eda_sd_precond;hr_med_precond;eeg_tright_lbeta_power_precond;eeg_fl_hbeta_power_precond"
2025-12-19 16:00:22.604046,45,"workload_label",7,256,0.03125,0.523255813953488,0.517441860465116,0.529457364341085,7,"top7","eeg_tb_ratio_precond;eeg_ab_ratio_precond;hrv_rmssd_precond;eda_sd_precond;hr_med_precond;eeg_tright_lbeta_power_precond;eeg_fl_hbeta_power_precond"
2025-12-19 16:00:22.201311,45,"workload_label",7,2,0.0625,0.593023255813954,0.616279069767442,0.593798449612403,7,"top7","eeg_tb_ratio_precond;eeg_ab_ratio_precond;hrv_rmssd_precond;eda_sd_precond;hr_med_precond;eeg_tright_lbeta_power_precond;eeg_fl_hbeta_power_precond"
2025-12-19 16:00:21.967336,45,"workload_label",7,4,0.0625,0.587209302325581,0.622093023255814,0.591472868217054,7,"top7","eeg_tb_ratio_precond;eeg_ab_ratio_precond;hrv_rmssd_precond;eda_sd_precond;hr_med_precond;eeg_tright_lbeta_power_precond;eeg_fl_hbeta_power_precond"
2025-12-19 16:00:22.020202,45,"workload_label",7,8,0.0625,0.575581395348837,0.593023255813954,NA,7,"top7","eeg_tb_ratio_precond;eeg_ab_ratio_precond;hrv_rmssd_precond;eda_sd_precond;hr_med_precond;eeg_tright_lbeta_power_precond;eeg_fl_hbeta_power_precond"
2025-12-19 16:00:22.206681,45,"workload_label",7,16,0.0625,0.534883720930233,0.581395348837209,NA,7,"top7","eeg_tb_ratio_precond;eeg_ab_ratio_precond;hrv_rmssd_precond;eda_sd_precond;hr_med_precond;eeg_tright_lbeta_power_precond;eeg_fl_hbeta_power_precond"
2025-12-19 16:00:23.185731,45,"workload_label",7,32,0.0625,0.534883720930233,0.575581395348837,NA,7,"top7","eeg_tb_ratio_precond;eeg_ab_ratio_precond;hrv_rmssd_precond;eda_sd_precond;hr_med_precond;eeg_tright_lbeta_power_precond;eeg_fl_hbeta_power_precond"
2025-12-19 16:00:23.317667,45,"workload_label",7,64,0.0625,0.534883720930233,0.534883720930233,NA,7,"top7","eeg_tb_ratio_precond;eeg_ab_ratio_precond;hrv_rmssd_precond;eda_sd_precond;hr_med_precond;eeg_tright_lbeta_power_precond;eeg_fl_hbeta_power_precond"
2025-12-19 16:00:23.550362,45,"workload_label",7,128,0.0625,0.511627906976744,0.534883720930233,NA,7,"top7","eeg_tb_ratio_precond;eeg_ab_ratio_precond;hrv_rmssd_precond;eda_sd_precond;hr_med_precond;eeg_tright_lbeta_power_precond;eeg_fl_hbeta_power_precond"
2025-12-19 16:00:23.887923,45,"workload_label",7,256,0.0625,0.546511627906977,0.529069767441861,NA,7,"top7","eeg_tb_ratio_precond;eeg_ab_ratio_precond;hrv_rmssd_precond;eda_sd_precond;hr_med_precond;eeg_tright_lbeta_power_precond;eeg_fl_hbeta_power_precond"
2025-12-19 16:00:23.056903,45,"workload_label",7,2,0.125,0.563953488372093,0.616279069767442,0.556589147286822,7,"top7","eeg_tb_ratio_precond;eeg_ab_ratio_precond;hrv_rmssd_precond;eda_sd_precond;hr_med_precond;eeg_tright_lbeta_power_precond;eeg_fl_hbeta_power_precond"
2025-12-19 16:00:23.130092,45,"workload_label",7,4,0.125,0.529069767441861,0.581395348837209,NA,7,"top7","eeg_tb_ratio_precond;eeg_ab_ratio_precond;hrv_rmssd_precond;eda_sd_precond;hr_med_precond;eeg_tright_lbeta_power_precond;eeg_fl_hbeta_power_precond"
2025-12-19 16:00:23.221802,45,"workload_label",7,8,0.125,0.523255813953488,0.552325581395349,NA,7,"top7","eeg_tb_ratio_precond;eeg_ab_ratio_precond;hrv_rmssd_precond;eda_sd_precond;hr_med_precond;eeg_tright_lbeta_power_precond;eeg_fl_hbeta_power_precond"
2025-12-19 16:00:23.302876,45,"workload_label",7,16,0.125,0.517441860465116,0.523255813953488,NA,7,"top7","eeg_tb_ratio_precond;eeg_ab_ratio_precond;hrv_rmssd_precond;eda_sd_precond;hr_med_precond;eeg_tright_lbeta_power_precond;eeg_fl_hbeta_power_precond"
2025-12-19 16:00:23.416022,45,"workload_label",7,32,0.125,0.511627906976744,0.476744186046512,NA,7,"top7","eeg_tb_ratio_precond;eeg_ab_ratio_precond;hrv_rmssd_precond;eda_sd_precond;hr_med_precond;eeg_tright_lbeta_power_precond;eeg_fl_hbeta_power_precond"
2025-12-19 16:00:23.639206,45,"workload_label",7,64,0.125,0.523255813953488,0.459302325581395,NA,7,"top7","eeg_tb_ratio_precond;eeg_ab_ratio_precond;hrv_rmssd_precond;eda_sd_precond;hr_med_precond;eeg_tright_lbeta_power_precond;eeg_fl_hbeta_power_precond"
2025-12-19 16:00:23.839308,45,"workload_label",7,128,0.125,0.5,0.494186046511628,NA,7,"top7","eeg_tb_ratio_precond;eeg_ab_ratio_precond;hrv_rmssd_precond;eda_sd_precond;hr_med_precond;eeg_tright_lbeta_power_precond;eeg_fl_hbeta_power_precond"
2025-12-19 16:00:23.950442,45,"workload_label",7,256,0.125,0.511627906976744,0.529069767441861,NA,7,"top7","eeg_tb_ratio_precond;eeg_ab_ratio_precond;hrv_rmssd_precond;eda_sd_precond;hr_med_precond;eeg_tright_lbeta_power_precond;eeg_fl_hbeta_power_precond"
2025-12-19 16:00:23.412133,45,"workload_label",7,2,0.03,0.622093023255814,0.63953488372093,0.603875968992248,7,"top7","eeg_tb_ratio_precond;eeg_ab_ratio_precond;hrv_rmssd_precond;eda_sd_precond;hr_med_precond;eeg_tright_lbeta_power_precond;eeg_fl_hbeta_power_precond"
2025-12-19 16:00:23.642223,45,"workload_label",7,4,0.03,0.581395348837209,0.61046511627907,0.578294573643411,7,"top7","eeg_tb_ratio_precond;eeg_ab_ratio_precond;hrv_rmssd_precond;eda_sd_precond;hr_med_precond;eeg_tright_lbeta_power_precond;eeg_fl_hbeta_power_precond"
2025-12-19 16:00:24.10473,45,"workload_label",7,8,0.03,0.593023255813954,0.627906976744186,0.6,7,"top7","eeg_tb_ratio_precond;eeg_ab_ratio_precond;hrv_rmssd_precond;eda_sd_precond;hr_med_precond;eeg_tright_lbeta_power_precond;eeg_fl_hbeta_power_precond"
2025-12-19 16:00:24.198984,45,"workload_label",7,16,0.03,0.587209302325581,0.616279069767442,0.58062015503876,7,"top7","eeg_tb_ratio_precond;eeg_ab_ratio_precond;hrv_rmssd_precond;eda_sd_precond;hr_med_precond;eeg_tright_lbeta_power_precond;eeg_fl_hbeta_power_precond"
2025-12-19 16:00:24.30453,45,"workload_label",7,32,0.03,0.581395348837209,0.581395348837209,NA,7,"top7","eeg_tb_ratio_precond;eeg_ab_ratio_precond;hrv_rmssd_precond;eda_sd_precond;hr_med_precond;eeg_tright_lbeta_power_precond;eeg_fl_hbeta_power_precond"
2025-12-19 16:00:24.375923,45,"workload_label",7,64,0.03,0.546511627906977,0.581395348837209,NA,7,"top7","eeg_tb_ratio_precond;eeg_ab_ratio_precond;hrv_rmssd_precond;eda_sd_precond;hr_med_precond;eeg_tright_lbeta_power_precond;eeg_fl_hbeta_power_precond"
2025-12-19 16:00:24.631949,45,"workload_label",7,128,0.03,0.540697674418605,0.534883720930233,NA,7,"top7","eeg_tb_ratio_precond;eeg_ab_ratio_precond;hrv_rmssd_precond;eda_sd_precond;hr_med_precond;eeg_tright_lbeta_power_precond;eeg_fl_hbeta_power_precond"
2025-12-19 16:00:24.913833,45,"workload_label",7,256,0.03,0.517441860465116,0.534883720930233,0.522480620155039,7,"top7","eeg_tb_ratio_precond;eeg_ab_ratio_precond;hrv_rmssd_precond;eda_sd_precond;hr_med_precond;eeg_tright_lbeta_power_precond;eeg_fl_hbeta_power_precond"
2025-12-19 16:00:24.430927,45,"workload_label",7,2,0.06,0.593023255813954,0.616279069767442,0.593798449612403,7,"top7","eeg_tb_ratio_precond;eeg_ab_ratio_precond;hrv_rmssd_precond;eda_sd_precond;hr_med_precond;eeg_tright_lbeta_power_precond;eeg_fl_hbeta_power_precond"
2025-12-19 16:00:24.456327,45,"workload_label",7,4,0.06,0.587209302325581,0.616279069767442,0.591472868217054,7,"top7","eeg_tb_ratio_precond;eeg_ab_ratio_precond;hrv_rmssd_precond;eda_sd_precond;hr_med_precond;eeg_tright_lbeta_power_precond;eeg_fl_hbeta_power_precond"
2025-12-19 16:00:24.61622,45,"workload_label",7,8,0.06,0.581395348837209,0.593023255813954,NA,7,"top7","eeg_tb_ratio_precond;eeg_ab_ratio_precond;hrv_rmssd_precond;eda_sd_precond;hr_med_precond;eeg_tright_lbeta_power_precond;eeg_fl_hbeta_power_precond"
2025-12-19 16:00:24.743795,45,"workload_label",7,16,0.06,0.540697674418605,0.581395348837209,NA,7,"top7","eeg_tb_ratio_precond;eeg_ab_ratio_precond;hrv_rmssd_precond;eda_sd_precond;hr_med_precond;eeg_tright_lbeta_power_precond;eeg_fl_hbeta_power_precond"
2025-12-19 16:00:24.783033,45,"workload_label",7,32,0.06,0.523255813953488,0.575581395348837,NA,7,"top7","eeg_tb_ratio_precond;eeg_ab_ratio_precond;hrv_rmssd_precond;eda_sd_precond;hr_med_precond;eeg_tright_lbeta_power_precond;eeg_fl_hbeta_power_precond"
2025-12-19 16:00:25.113423,45,"workload_label",7,64,0.06,0.540697674418605,0.523255813953488,NA,7,"top7","eeg_tb_ratio_precond;eeg_ab_ratio_precond;hrv_rmssd_precond;eda_sd_precond;hr_med_precond;eeg_tright_lbeta_power_precond;eeg_fl_hbeta_power_precond"
2025-12-19 16:00:25.303027,45,"workload_label",7,128,0.06,0.511627906976744,0.523255813953488,NA,7,"top7","eeg_tb_ratio_precond;eeg_ab_ratio_precond;hrv_rmssd_precond;eda_sd_precond;hr_med_precond;eeg_tright_lbeta_power_precond;eeg_fl_hbeta_power_precond"
2025-12-19 16:00:25.576,45,"workload_label",7,256,0.06,0.529069767441861,0.488372093023256,NA,7,"top7","eeg_tb_ratio_precond;eeg_ab_ratio_precond;hrv_rmssd_precond;eda_sd_precond;hr_med_precond;eeg_tright_lbeta_power_precond;eeg_fl_hbeta_power_precond"
2025-12-19 16:00:25.09229,45,"workload_label",7,2,0.1,0.581395348837209,0.627906976744186,0.572093023255814,7,"top7","eeg_tb_ratio_precond;eeg_ab_ratio_precond;hrv_rmssd_precond;eda_sd_precond;hr_med_precond;eeg_tright_lbeta_power_precond;eeg_fl_hbeta_power_precond"
2025-12-19 16:00:25.253106,45,"workload_label",7,4,0.1,0.563953488372093,0.616279069767442,NA,7,"top7","eeg_tb_ratio_precond;eeg_ab_ratio_precond;hrv_rmssd_precond;eda_sd_precond;hr_med_precond;eeg_tright_lbeta_power_precond;eeg_fl_hbeta_power_precond"
2025-12-19 16:00:25.295049,45,"workload_label",7,8,0.1,0.5,0.552325581395349,NA,7,"top7","eeg_tb_ratio_precond;eeg_ab_ratio_precond;hrv_rmssd_precond;eda_sd_precond;hr_med_precond;eeg_tright_lbeta_power_precond;eeg_fl_hbeta_power_precond"
2025-12-19 16:00:25.397265,45,"workload_label",7,16,0.1,0.523255813953488,0.482558139534884,NA,7,"top7","eeg_tb_ratio_precond;eeg_ab_ratio_precond;hrv_rmssd_precond;eda_sd_precond;hr_med_precond;eeg_tright_lbeta_power_precond;eeg_fl_hbeta_power_precond"
2025-12-19 16:00:25.496697,45,"workload_label",7,32,0.1,0.505813953488372,0.534883720930233,NA,7,"top7","eeg_tb_ratio_precond;eeg_ab_ratio_precond;hrv_rmssd_precond;eda_sd_precond;hr_med_precond;eeg_tright_lbeta_power_precond;eeg_fl_hbeta_power_precond"
2025-12-19 16:00:25.653857,45,"workload_label",7,64,0.1,0.517441860465116,0.511627906976744,NA,7,"top7","eeg_tb_ratio_precond;eeg_ab_ratio_precond;hrv_rmssd_precond;eda_sd_precond;hr_med_precond;eeg_tright_lbeta_power_precond;eeg_fl_hbeta_power_precond"
2025-12-19 16:00:25.83303,45,"workload_label",7,128,0.1,0.529069767441861,0.424418604651163,0.524806201550388,7,"top7","eeg_tb_ratio_precond;eeg_ab_ratio_precond;hrv_rmssd_precond;eda_sd_precond;hr_med_precond;eeg_tright_lbeta_power_precond;eeg_fl_hbeta_power_precond"
2025-12-19 16:00:25.938046,45,"workload_label",7,256,0.1,0.505813953488372,0.494186046511628,NA,7,"top7","eeg_tb_ratio_precond;eeg_ab_ratio_precond;hrv_rmssd_precond;eda_sd_precond;hr_med_precond;eeg_tright_lbeta_power_precond;eeg_fl_hbeta_power_precond"
2025-12-19 16:00:27.20888,47,"workload_label",7,2,0.0078125,0.627906976744186,0.645348837209302,0.598449612403101,7,"top7","eeg_tb_ratio_precond;eeg_ab_ratio_precond;hrv_rmssd_precond;eda_sd_precond;hr_med_precond;eeg_tright_lbeta_power_precond;eeg_fl_hbeta_power_precond"
2025-12-19 16:00:27.174644,47,"workload_label",7,4,0.0078125,0.645348837209302,0.63953488372093,0.62093023255814,7,"top7","eeg_tb_ratio_precond;eeg_ab_ratio_precond;hrv_rmssd_precond;eda_sd_precond;hr_med_precond;eeg_tright_lbeta_power_precond;eeg_fl_hbeta_power_precond"
2025-12-19 16:00:27.158516,47,"workload_label",7,8,0.0078125,0.622093023255814,0.63953488372093,0.586046511627907,7,"top7","eeg_tb_ratio_precond;eeg_ab_ratio_precond;hrv_rmssd_precond;eda_sd_precond;hr_med_precond;eeg_tright_lbeta_power_precond;eeg_fl_hbeta_power_precond"
2025-12-19 16:00:27.21922,47,"workload_label",7,16,0.0078125,0.61046511627907,0.61046511627907,0.587596899224806,7,"top7","eeg_tb_ratio_precond;eeg_ab_ratio_precond;hrv_rmssd_precond;eda_sd_precond;hr_med_precond;eeg_tright_lbeta_power_precond;eeg_fl_hbeta_power_precond"
2025-12-19 16:00:27.197228,47,"workload_label",7,32,0.0078125,0.604651162790698,0.61046511627907,0.581395348837209,7,"top7","eeg_tb_ratio_precond;eeg_ab_ratio_precond;hrv_rmssd_precond;eda_sd_precond;hr_med_precond;eeg_tright_lbeta_power_precond;eeg_fl_hbeta_power_precond"
2025-12-19 16:00:27.202816,47,"workload_label",7,64,0.0078125,0.622093023255814,0.651162790697674,0.605426356589147,7,"top7","eeg_tb_ratio_precond;eeg_ab_ratio_precond;hrv_rmssd_precond;eda_sd_precond;hr_med_precond;eeg_tright_lbeta_power_precond;eeg_fl_hbeta_power_precond"
2025-12-19 16:00:27.289912,47,"workload_label",7,128,0.0078125,0.616279069767442,0.651162790697674,0.588372093023256,7,"top7","eeg_tb_ratio_precond;eeg_ab_ratio_precond;hrv_rmssd_precond;eda_sd_precond;hr_med_precond;eeg_tright_lbeta_power_precond;eeg_fl_hbeta_power_precond"
2025-12-19 16:00:27.366338,47,"workload_label",7,256,0.0078125,0.627906976744186,0.651162790697674,0.612403100775194,7,"top7","eeg_tb_ratio_precond;eeg_ab_ratio_precond;hrv_rmssd_precond;eda_sd_precond;hr_med_precond;eeg_tright_lbeta_power_precond;eeg_fl_hbeta_power_precond"
2025-12-19 16:00:27.143603,47,"workload_label",7,2,0.015625,0.633720930232558,0.63953488372093,0.613178294573643,7,"top7","eeg_tb_ratio_precond;eeg_ab_ratio_precond;hrv_rmssd_precond;eda_sd_precond;hr_med_precond;eeg_tright_lbeta_power_precond;eeg_fl_hbeta_power_precond"
2025-12-19 16:00:27.194612,47,"workload_label",7,4,0.015625,0.61046511627907,0.63953488372093,0.589147286821705,7,"top7","eeg_tb_ratio_precond;eeg_ab_ratio_precond;hrv_rmssd_precond;eda_sd_precond;hr_med_precond;eeg_tright_lbeta_power_precond;eeg_fl_hbeta_power_precond"
2025-12-19 16:00:27.207965,47,"workload_label",7,8,0.015625,0.604651162790698,0.61046511627907,0.589922480620155,7,"top7","eeg_tb_ratio_precond;eeg_ab_ratio_precond;hrv_rmssd_precond;eda_sd_precond;hr_med_precond;eeg_tright_lbeta_power_precond;eeg_fl_hbeta_power_precond"
2025-12-19 16:00:27.196443,47,"workload_label",7,16,0.015625,0.616279069767442,0.651162790697674,0.603100775193798,7,"top7","eeg_tb_ratio_precond;eeg_ab_ratio_precond;hrv_rmssd_precond;eda_sd_precond;hr_med_precond;eeg_tright_lbeta_power_precond;eeg_fl_hbeta_power_precond"
2025-12-19 16:00:27.231081,47,"workload_label",7,32,0.015625,0.616279069767442,0.656976744186046,0.592248062015504,7,"top7","eeg_tb_ratio_precond;eeg_ab_ratio_precond;hrv_rmssd_precond;eda_sd_precond;hr_med_precond;eeg_tright_lbeta_power_precond;eeg_fl_hbeta_power_precond"
2025-12-19 16:00:27.27673,47,"workload_label",7,64,0.015625,0.616279069767442,0.63953488372093,0.601550387596899,7,"top7","eeg_tb_ratio_precond;eeg_ab_ratio_precond;hrv_rmssd_precond;eda_sd_precond;hr_med_precond;eeg_tright_lbeta_power_precond;eeg_fl_hbeta_power_precond"
2025-12-19 16:00:28.366058,47,"workload_label",7,128,0.015625,0.604651162790698,0.627906976744186,NA,7,"top7","eeg_tb_ratio_precond;eeg_ab_ratio_precond;hrv_rmssd_precond;eda_sd_precond;hr_med_precond;eeg_tright_lbeta_power_precond;eeg_fl_hbeta_power_precond"
2025-12-19 16:00:28.538469,47,"workload_label",7,256,0.015625,0.598837209302326,0.622093023255814,NA,7,"top7","eeg_tb_ratio_precond;eeg_ab_ratio_precond;hrv_rmssd_precond;eda_sd_precond;hr_med_precond;eeg_tright_lbeta_power_precond;eeg_fl_hbeta_power_precond"
2025-12-19 16:00:28.223629,47,"workload_label",7,2,0.03125,0.593023255813954,0.627906976744186,0.587596899224806,7,"top7","eeg_tb_ratio_precond;eeg_ab_ratio_precond;hrv_rmssd_precond;eda_sd_precond;hr_med_precond;eeg_tright_lbeta_power_precond;eeg_fl_hbeta_power_precond"
2025-12-19 16:00:28.238162,47,"workload_label",7,4,0.03125,0.593023255813954,0.633720930232558,0.589147286821705,7,"top7","eeg_tb_ratio_precond;eeg_ab_ratio_precond;hrv_rmssd_precond;eda_sd_precond;hr_med_precond;eeg_tright_lbeta_power_precond;eeg_fl_hbeta_power_precond"
2025-12-19 16:00:28.241262,47,"workload_label",7,8,0.03125,0.616279069767442,0.651162790697674,0.603100775193798,7,"top7","eeg_tb_ratio_precond;eeg_ab_ratio_precond;hrv_rmssd_precond;eda_sd_precond;hr_med_precond;eeg_tright_lbeta_power_precond;eeg_fl_hbeta_power_precond"
2025-12-19 16:00:28.284579,47,"workload_label",7,16,0.03125,0.616279069767442,0.627906976744186,0.59922480620155,7,"top7","eeg_tb_ratio_precond;eeg_ab_ratio_precond;hrv_rmssd_precond;eda_sd_precond;hr_med_precond;eeg_tright_lbeta_power_precond;eeg_fl_hbeta_power_precond"
2025-12-19 16:00:28.311596,47,"workload_label",7,32,0.03125,0.593023255813954,0.616279069767442,NA,7,"top7","eeg_tb_ratio_precond;eeg_ab_ratio_precond;hrv_rmssd_precond;eda_sd_precond;hr_med_precond;eeg_tright_lbeta_power_precond;eeg_fl_hbeta_power_precond"
2025-12-19 16:00:28.384172,47,"workload_label",7,64,0.03125,0.593023255813954,0.622093023255814,NA,7,"top7","eeg_tb_ratio_precond;eeg_ab_ratio_precond;hrv_rmssd_precond;eda_sd_precond;hr_med_precond;eeg_tright_lbeta_power_precond;eeg_fl_hbeta_power_precond"
2025-12-19 16:00:28.534781,47,"workload_label",7,128,0.03125,0.598837209302326,0.616279069767442,0.60077519379845,7,"top7","eeg_tb_ratio_precond;eeg_ab_ratio_precond;hrv_rmssd_precond;eda_sd_precond;hr_med_precond;eeg_tright_lbeta_power_precond;eeg_fl_hbeta_power_precond"
2025-12-19 16:00:28.801555,47,"workload_label",7,256,0.03125,0.593023255813954,0.593023255813954,0.59922480620155,7,"top7","eeg_tb_ratio_precond;eeg_ab_ratio_precond;hrv_rmssd_precond;eda_sd_precond;hr_med_precond;eeg_tright_lbeta_power_precond;eeg_fl_hbeta_power_precond"
2025-12-19 16:00:28.28623,47,"workload_label",7,2,0.0625,0.61046511627907,0.627906976744186,0.610077519379845,7,"top7","eeg_tb_ratio_precond;eeg_ab_ratio_precond;hrv_rmssd_precond;eda_sd_precond;hr_med_precond;eeg_tright_lbeta_power_precond;eeg_fl_hbeta_power_precond"
2025-12-19 16:00:28.323385,47,"workload_label",7,4,0.0625,0.61046511627907,0.616279069767442,0.60077519379845,7,"top7","eeg_tb_ratio_precond;eeg_ab_ratio_precond;hrv_rmssd_precond;eda_sd_precond;hr_med_precond;eeg_tright_lbeta_power_precond;eeg_fl_hbeta_power_precond"
2025-12-19 16:00:28.330643,47,"workload_label",7,8,0.0625,0.604651162790698,0.61046511627907,NA,7,"top7","eeg_tb_ratio_precond;eeg_ab_ratio_precond;hrv_rmssd_precond;eda_sd_precond;hr_med_precond;eeg_tright_lbeta_power_precond;eeg_fl_hbeta_power_precond"
2025-12-19 16:00:28.468538,47,"workload_label",7,16,0.0625,0.575581395348837,0.622093023255814,NA,7,"top7","eeg_tb_ratio_precond;eeg_ab_ratio_precond;hrv_rmssd_precond;eda_sd_precond;hr_med_precond;eeg_tright_lbeta_power_precond;eeg_fl_hbeta_power_precond"
2025-12-19 16:00:29.382542,47,"workload_label",7,32,0.0625,0.563953488372093,0.604651162790698,0.568217054263566,7,"top7","eeg_tb_ratio_precond;eeg_ab_ratio_precond;hrv_rmssd_precond;eda_sd_precond;hr_med_precond;eeg_tright_lbeta_power_precond;eeg_fl_hbeta_power_precond"
2025-12-19 16:00:29.524213,47,"workload_label",7,64,0.0625,0.563953488372093,0.575581395348837,0.566666666666667,7,"top7","eeg_tb_ratio_precond;eeg_ab_ratio_precond;hrv_rmssd_precond;eda_sd_precond;hr_med_precond;eeg_tright_lbeta_power_precond;eeg_fl_hbeta_power_precond"
2025-12-19 16:00:29.739011,47,"workload_label",7,128,0.0625,0.546511627906977,0.546511627906977,NA,7,"top7","eeg_tb_ratio_precond;eeg_ab_ratio_precond;hrv_rmssd_precond;eda_sd_precond;hr_med_precond;eeg_tright_lbeta_power_precond;eeg_fl_hbeta_power_precond"
2025-12-19 16:00:30.083402,47,"workload_label",7,256,0.0625,0.563953488372093,0.529069767441861,0.571317829457364,7,"top7","eeg_tb_ratio_precond;eeg_ab_ratio_precond;hrv_rmssd_precond;eda_sd_precond;hr_med_precond;eeg_tright_lbeta_power_precond;eeg_fl_hbeta_power_precond"
2025-12-19 16:00:29.303302,47,"workload_label",7,2,0.125,0.598837209302326,0.61046511627907,0.596899224806202,7,"top7","eeg_tb_ratio_precond;eeg_ab_ratio_precond;hrv_rmssd_precond;eda_sd_precond;hr_med_precond;eeg_tright_lbeta_power_precond;eeg_fl_hbeta_power_precond"
2025-12-19 16:00:29.355295,47,"workload_label",7,4,0.125,0.581395348837209,0.645348837209302,NA,7,"top7","eeg_tb_ratio_precond;eeg_ab_ratio_precond;hrv_rmssd_precond;eda_sd_precond;hr_med_precond;eeg_tright_lbeta_power_precond;eeg_fl_hbeta_power_precond"
2025-12-19 16:00:29.409037,47,"workload_label",7,8,0.125,0.563953488372093,0.604651162790698,NA,7,"top7","eeg_tb_ratio_precond;eeg_ab_ratio_precond;hrv_rmssd_precond;eda_sd_precond;hr_med_precond;eeg_tright_lbeta_power_precond;eeg_fl_hbeta_power_precond"
2025-12-19 16:00:29.483904,47,"workload_label",7,16,0.125,0.546511627906977,0.563953488372093,NA,7,"top7","eeg_tb_ratio_precond;eeg_ab_ratio_precond;hrv_rmssd_precond;eda_sd_precond;hr_med_precond;eeg_tright_lbeta_power_precond;eeg_fl_hbeta_power_precond"
2025-12-19 16:00:29.604612,47,"workload_label",7,32,0.125,0.529069767441861,0.517441860465116,NA,7,"top7","eeg_tb_ratio_precond;eeg_ab_ratio_precond;hrv_rmssd_precond;eda_sd_precond;hr_med_precond;eeg_tright_lbeta_power_precond;eeg_fl_hbeta_power_precond"
2025-12-19 16:00:29.738052,47,"workload_label",7,64,0.125,0.534883720930233,0.575581395348837,0.532558139534884,7,"top7","eeg_tb_ratio_precond;eeg_ab_ratio_precond;hrv_rmssd_precond;eda_sd_precond;hr_med_precond;eeg_tright_lbeta_power_precond;eeg_fl_hbeta_power_precond"
2025-12-19 16:00:29.984009,47,"workload_label",7,128,0.125,0.517441860465116,0.517441860465116,NA,7,"top7","eeg_tb_ratio_precond;eeg_ab_ratio_precond;hrv_rmssd_precond;eda_sd_precond;hr_med_precond;eeg_tright_lbeta_power_precond;eeg_fl_hbeta_power_precond"
2025-12-19 16:00:30.107847,47,"workload_label",7,256,0.125,0.552325581395349,0.523255813953488,NA,7,"top7","eeg_tb_ratio_precond;eeg_ab_ratio_precond;hrv_rmssd_precond;eda_sd_precond;hr_med_precond;eeg_tright_lbeta_power_precond;eeg_fl_hbeta_power_precond"
2025-12-19 16:00:29.56358,47,"workload_label",7,2,0.03,0.593023255813954,0.627906976744186,0.587596899224806,7,"top7","eeg_tb_ratio_precond;eeg_ab_ratio_precond;hrv_rmssd_precond;eda_sd_precond;hr_med_precond;eeg_tright_lbeta_power_precond;eeg_fl_hbeta_power_precond"
2025-12-19 16:00:29.82799,47,"workload_label",7,4,0.03,0.593023255813954,0.622093023255814,0.589147286821705,7,"top7","eeg_tb_ratio_precond;eeg_ab_ratio_precond;hrv_rmssd_precond;eda_sd_precond;hr_med_precond;eeg_tright_lbeta_power_precond;eeg_fl_hbeta_power_precond"
2025-12-19 16:00:30.34429,47,"workload_label",7,8,0.03,0.622093023255814,0.651162790697674,0.609302325581395,7,"top7","eeg_tb_ratio_precond;eeg_ab_ratio_precond;hrv_rmssd_precond;eda_sd_precond;hr_med_precond;eeg_tright_lbeta_power_precond;eeg_fl_hbeta_power_precond"
2025-12-19 16:00:30.372692,47,"workload_label",7,16,0.03,0.616279069767442,0.627906976744186,0.59922480620155,7,"top7","eeg_tb_ratio_precond;eeg_ab_ratio_precond;hrv_rmssd_precond;eda_sd_precond;hr_med_precond;eeg_tright_lbeta_power_precond;eeg_fl_hbeta_power_precond"
2025-12-19 16:00:30.474345,47,"workload_label",7,32,0.03,0.593023255813954,0.616279069767442,NA,7,"top7","eeg_tb_ratio_precond;eeg_ab_ratio_precond;hrv_rmssd_precond;eda_sd_precond;hr_med_precond;eeg_tright_lbeta_power_precond;eeg_fl_hbeta_power_precond"
2025-12-19 16:00:30.585912,47,"workload_label",7,64,0.03,0.598837209302326,0.616279069767442,NA,7,"top7","eeg_tb_ratio_precond;eeg_ab_ratio_precond;hrv_rmssd_precond;eda_sd_precond;hr_med_precond;eeg_tright_lbeta_power_precond;eeg_fl_hbeta_power_precond"
2025-12-19 16:00:30.822517,47,"workload_label",7,128,0.03,0.593023255813954,0.616279069767442,0.598449612403101,7,"top7","eeg_tb_ratio_precond;eeg_ab_ratio_precond;hrv_rmssd_precond;eda_sd_precond;hr_med_precond;eeg_tright_lbeta_power_precond;eeg_fl_hbeta_power_precond"
2025-12-19 16:00:31.124603,47,"workload_label",7,256,0.03,0.604651162790698,0.587209302325581,0.606976744186047,7,"top7","eeg_tb_ratio_precond;eeg_ab_ratio_precond;hrv_rmssd_precond;eda_sd_precond;hr_med_precond;eeg_tright_lbeta_power_precond;eeg_fl_hbeta_power_precond"
2025-12-19 16:00:30.576622,47,"workload_label",7,2,0.06,0.604651162790698,0.633720930232558,0.607751937984496,7,"top7","eeg_tb_ratio_precond;eeg_ab_ratio_precond;hrv_rmssd_precond;eda_sd_precond;hr_med_precond;eeg_tright_lbeta_power_precond;eeg_fl_hbeta_power_precond"
2025-12-19 16:00:30.650983,47,"workload_label",7,4,0.06,0.61046511627907,0.622093023255814,0.60077519379845,7,"top7","eeg_tb_ratio_precond;eeg_ab_ratio_precond;hrv_rmssd_precond;eda_sd_precond;hr_med_precond;eeg_tright_lbeta_power_precond;eeg_fl_hbeta_power_precond"
2025-12-19 16:00:30.790955,47,"workload_label",7,8,0.06,0.604651162790698,0.622093023255814,NA,7,"top7","eeg_tb_ratio_precond;eeg_ab_ratio_precond;hrv_rmssd_precond;eda_sd_precond;hr_med_precond;eeg_tright_lbeta_power_precond;eeg_fl_hbeta_power_precond"
2025-12-19 16:00:30.82228,47,"workload_label",7,16,0.06,0.575581395348837,0.622093023255814,NA,7,"top7","eeg_tb_ratio_precond;eeg_ab_ratio_precond;hrv_rmssd_precond;eda_sd_precond;hr_med_precond;eeg_tright_lbeta_power_precond;eeg_fl_hbeta_power_precond"
2025-12-19 16:00:30.989844,47,"workload_label",7,32,0.06,0.558139534883721,0.604651162790698,0.561240310077519,7,"top7","eeg_tb_ratio_precond;eeg_ab_ratio_precond;hrv_rmssd_precond;eda_sd_precond;hr_med_precond;eeg_tright_lbeta_power_precond;eeg_fl_hbeta_power_precond"
2025-12-19 16:00:31.298072,47,"workload_label",7,64,0.06,0.558139534883721,0.575581395348837,0.56046511627907,7,"top7","eeg_tb_ratio_precond;eeg_ab_ratio_precond;hrv_rmssd_precond;eda_sd_precond;hr_med_precond;eeg_tright_lbeta_power_precond;eeg_fl_hbeta_power_precond"
2025-12-19 16:00:31.504558,47,"workload_label",7,128,0.06,0.546511627906977,0.552325581395349,NA,7,"top7","eeg_tb_ratio_precond;eeg_ab_ratio_precond;hrv_rmssd_precond;eda_sd_precond;hr_med_precond;eeg_tright_lbeta_power_precond;eeg_fl_hbeta_power_precond"
2025-12-19 16:00:31.76324,47,"workload_label",7,256,0.06,0.540697674418605,0.494186046511628,0.545736434108527,7,"top7","eeg_tb_ratio_precond;eeg_ab_ratio_precond;hrv_rmssd_precond;eda_sd_precond;hr_med_precond;eeg_tright_lbeta_power_precond;eeg_fl_hbeta_power_precond"
2025-12-19 16:00:31.360561,47,"workload_label",7,2,0.1,0.61046511627907,0.616279069767442,0.603100775193798,7,"top7","eeg_tb_ratio_precond;eeg_ab_ratio_precond;hrv_rmssd_precond;eda_sd_precond;hr_med_precond;eeg_tright_lbeta_power_precond;eeg_fl_hbeta_power_precond"
2025-12-19 16:00:31.37348,47,"workload_label",7,4,0.1,0.604651162790698,0.627906976744186,NA,7,"top7","eeg_tb_ratio_precond;eeg_ab_ratio_precond;hrv_rmssd_precond;eda_sd_precond;hr_med_precond;eeg_tright_lbeta_power_precond;eeg_fl_hbeta_power_precond"
2025-12-19 16:00:31.497602,47,"workload_label",7,8,0.1,0.575581395348837,0.622093023255814,NA,7,"top7","eeg_tb_ratio_precond;eeg_ab_ratio_precond;hrv_rmssd_precond;eda_sd_precond;hr_med_precond;eeg_tright_lbeta_power_precond;eeg_fl_hbeta_power_precond"
2025-12-19 16:00:31.618957,47,"workload_label",7,16,0.1,0.552325581395349,0.575581395348837,NA,7,"top7","eeg_tb_ratio_precond;eeg_ab_ratio_precond;hrv_rmssd_precond;eda_sd_precond;hr_med_precond;eeg_tright_lbeta_power_precond;eeg_fl_hbeta_power_precond"
2025-12-19 16:00:31.693081,47,"workload_label",7,32,0.1,0.534883720930233,0.558139534883721,NA,7,"top7","eeg_tb_ratio_precond;eeg_ab_ratio_precond;hrv_rmssd_precond;eda_sd_precond;hr_med_precond;eeg_tright_lbeta_power_precond;eeg_fl_hbeta_power_precond"
2025-12-19 16:00:31.801715,47,"workload_label",7,64,0.1,0.534883720930233,0.529069767441861,NA,7,"top7","eeg_tb_ratio_precond;eeg_ab_ratio_precond;hrv_rmssd_precond;eda_sd_precond;hr_med_precond;eeg_tright_lbeta_power_precond;eeg_fl_hbeta_power_precond"
2025-12-19 16:00:31.984333,47,"workload_label",7,128,0.1,0.552325581395349,0.517441860465116,0.541085271317829,7,"top7","eeg_tb_ratio_precond;eeg_ab_ratio_precond;hrv_rmssd_precond;eda_sd_precond;hr_med_precond;eeg_tright_lbeta_power_precond;eeg_fl_hbeta_power_precond"
2025-12-19 16:00:32.116866,47,"workload_label",7,256,0.1,0.523255813953488,0.465116279069767,NA,7,"top7","eeg_tb_ratio_precond;eeg_ab_ratio_precond;hrv_rmssd_precond;eda_sd_precond;hr_med_precond;eeg_tright_lbeta_power_precond;eeg_fl_hbeta_power_precond"
2025-12-19 16:00:33.390773,48,"workload_label",7,2,0.0078125,0.63953488372093,0.691860465116279,0.615503875968992,7,"top7","eeg_tb_ratio_precond;eeg_ab_ratio_precond;hrv_rmssd_precond;eda_sd_precond;hr_med_precond;eeg_fl_hbeta_power_precond;eeg_fl_specent_precond"
2025-12-19 16:00:33.336127,48,"workload_label",7,4,0.0078125,0.63953488372093,0.674418604651163,0.611627906976744,7,"top7","eeg_tb_ratio_precond;eeg_ab_ratio_precond;hrv_rmssd_precond;eda_sd_precond;hr_med_precond;eeg_fl_hbeta_power_precond;eeg_fl_specent_precond"
2025-12-19 16:00:33.37268,48,"workload_label",7,8,0.0078125,0.63953488372093,0.633720930232558,0.618604651162791,7,"top7","eeg_tb_ratio_precond;eeg_ab_ratio_precond;hrv_rmssd_precond;eda_sd_precond;hr_med_precond;eeg_fl_hbeta_power_precond;eeg_fl_specent_precond"
2025-12-19 16:00:33.343634,48,"workload_label",7,16,0.0078125,0.575581395348837,0.604651162790698,0.55968992248062,7,"top7","eeg_tb_ratio_precond;eeg_ab_ratio_precond;hrv_rmssd_precond;eda_sd_precond;hr_med_precond;eeg_fl_hbeta_power_precond;eeg_fl_specent_precond"
2025-12-19 16:00:33.387433,48,"workload_label",7,32,0.0078125,0.587209302325581,0.622093023255814,0.578294573643411,7,"top7","eeg_tb_ratio_precond;eeg_ab_ratio_precond;hrv_rmssd_precond;eda_sd_precond;hr_med_precond;eeg_fl_hbeta_power_precond;eeg_fl_specent_precond"
2025-12-19 16:00:33.340092,48,"workload_label",7,64,0.0078125,0.581395348837209,0.645348837209302,0.567441860465116,7,"top7","eeg_tb_ratio_precond;eeg_ab_ratio_precond;hrv_rmssd_precond;eda_sd_precond;hr_med_precond;eeg_fl_hbeta_power_precond;eeg_fl_specent_precond"
2025-12-19 16:00:33.44089,48,"workload_label",7,128,0.0078125,0.61046511627907,0.662790697674419,0.602325581395349,7,"top7","eeg_tb_ratio_precond;eeg_ab_ratio_precond;hrv_rmssd_precond;eda_sd_precond;hr_med_precond;eeg_fl_hbeta_power_precond;eeg_fl_specent_precond"
2025-12-19 16:00:33.559172,48,"workload_label",7,256,0.0078125,0.61046511627907,0.645348837209302,0.6,7,"top7","eeg_tb_ratio_precond;eeg_ab_ratio_precond;hrv_rmssd_precond;eda_sd_precond;hr_med_precond;eeg_fl_hbeta_power_precond;eeg_fl_specent_precond"
2025-12-19 16:00:33.353956,48,"workload_label",7,2,0.015625,0.622093023255814,0.668604651162791,0.603100775193798,7,"top7","eeg_tb_ratio_precond;eeg_ab_ratio_precond;hrv_rmssd_precond;eda_sd_precond;hr_med_precond;eeg_fl_hbeta_power_precond;eeg_fl_specent_precond"
2025-12-19 16:00:33.330448,48,"workload_label",7,4,0.015625,0.61046511627907,0.622093023255814,0.592248062015504,7,"top7","eeg_tb_ratio_precond;eeg_ab_ratio_precond;hrv_rmssd_precond;eda_sd_precond;hr_med_precond;eeg_fl_hbeta_power_precond;eeg_fl_specent_precond"
2025-12-19 16:00:33.374771,48,"workload_label",7,8,0.015625,0.587209302325581,0.633720930232558,0.578294573643411,7,"top7","eeg_tb_ratio_precond;eeg_ab_ratio_precond;hrv_rmssd_precond;eda_sd_precond;hr_med_precond;eeg_fl_hbeta_power_precond;eeg_fl_specent_precond"
2025-12-19 16:00:33.400583,48,"workload_label",7,16,0.015625,0.587209302325581,0.627906976744186,0.57906976744186,7,"top7","eeg_tb_ratio_precond;eeg_ab_ratio_precond;hrv_rmssd_precond;eda_sd_precond;hr_med_precond;eeg_fl_hbeta_power_precond;eeg_fl_specent_precond"
2025-12-19 16:00:33.38166,48,"workload_label",7,32,0.015625,0.604651162790698,0.662790697674419,0.594573643410853,7,"top7","eeg_tb_ratio_precond;eeg_ab_ratio_precond;hrv_rmssd_precond;eda_sd_precond;hr_med_precond;eeg_fl_hbeta_power_precond;eeg_fl_specent_precond"
2025-12-19 16:00:33.408441,48,"workload_label",7,64,0.015625,0.604651162790698,0.63953488372093,0.603875968992248,7,"top7","eeg_tb_ratio_precond;eeg_ab_ratio_precond;hrv_rmssd_precond;eda_sd_precond;hr_med_precond;eeg_fl_hbeta_power_precond;eeg_fl_specent_precond"
2025-12-19 16:00:34.590559,48,"workload_label",7,128,0.015625,0.604651162790698,0.627906976744186,0.610077519379845,7,"top7","eeg_tb_ratio_precond;eeg_ab_ratio_precond;hrv_rmssd_precond;eda_sd_precond;hr_med_precond;eeg_fl_hbeta_power_precond;eeg_fl_specent_precond"
2025-12-19 16:00:34.731677,48,"workload_label",7,256,0.015625,0.575581395348837,0.616279069767442,0.566666666666667,7,"top7","eeg_tb_ratio_precond;eeg_ab_ratio_precond;hrv_rmssd_precond;eda_sd_precond;hr_med_precond;eeg_fl_hbeta_power_precond;eeg_fl_specent_precond"
2025-12-19 16:00:34.398443,48,"workload_label",7,2,0.03125,0.598837209302326,0.627906976744186,0.592248062015504,7,"top7","eeg_tb_ratio_precond;eeg_ab_ratio_precond;hrv_rmssd_precond;eda_sd_precond;hr_med_precond;eeg_fl_hbeta_power_precond;eeg_fl_specent_precond"
2025-12-19 16:00:34.428889,48,"workload_label",7,4,0.03125,0.598837209302326,0.63953488372093,0.586046511627907,7,"top7","eeg_tb_ratio_precond;eeg_ab_ratio_precond;hrv_rmssd_precond;eda_sd_precond;hr_med_precond;eeg_fl_hbeta_power_precond;eeg_fl_specent_precond"
2025-12-19 16:00:34.437272,48,"workload_label",7,8,0.03125,0.587209302325581,0.656976744186046,0.582945736434109,7,"top7","eeg_tb_ratio_precond;eeg_ab_ratio_precond;hrv_rmssd_precond;eda_sd_precond;hr_med_precond;eeg_fl_hbeta_power_precond;eeg_fl_specent_precond"
2025-12-19 16:00:34.433085,48,"workload_label",7,16,0.03125,0.604651162790698,0.633720930232558,0.603875968992248,7,"top7","eeg_tb_ratio_precond;eeg_ab_ratio_precond;hrv_rmssd_precond;eda_sd_precond;hr_med_precond;eeg_fl_hbeta_power_precond;eeg_fl_specent_precond"
2025-12-19 16:00:34.509417,48,"workload_label",7,32,0.03125,0.598837209302326,0.627906976744186,0.596899224806202,7,"top7","eeg_tb_ratio_precond;eeg_ab_ratio_precond;hrv_rmssd_precond;eda_sd_precond;hr_med_precond;eeg_fl_hbeta_power_precond;eeg_fl_specent_precond"
2025-12-19 16:00:34.645598,48,"workload_label",7,64,0.03125,0.587209302325581,0.627906976744186,0.582945736434109,7,"top7","eeg_tb_ratio_precond;eeg_ab_ratio_precond;hrv_rmssd_precond;eda_sd_precond;hr_med_precond;eeg_fl_hbeta_power_precond;eeg_fl_specent_precond"
2025-12-19 16:00:34.747796,48,"workload_label",7,128,0.03125,0.563953488372093,0.61046511627907,0.572093023255814,7,"top7","eeg_tb_ratio_precond;eeg_ab_ratio_precond;hrv_rmssd_precond;eda_sd_precond;hr_med_precond;eeg_fl_hbeta_power_precond;eeg_fl_specent_precond"
2025-12-19 16:00:35.044857,48,"workload_label",7,256,0.03125,0.593023255813954,0.593023255813954,0.586821705426357,7,"top7","eeg_tb_ratio_precond;eeg_ab_ratio_precond;hrv_rmssd_precond;eda_sd_precond;hr_med_precond;eeg_fl_hbeta_power_precond;eeg_fl_specent_precond"
2025-12-19 16:00:34.467726,48,"workload_label",7,2,0.0625,0.604651162790698,0.651162790697674,0.60077519379845,7,"top7","eeg_tb_ratio_precond;eeg_ab_ratio_precond;hrv_rmssd_precond;eda_sd_precond;hr_med_precond;eeg_fl_hbeta_power_precond;eeg_fl_specent_precond"
2025-12-19 16:00:34.474143,48,"workload_label",7,4,0.0625,0.598837209302326,0.651162790697674,0.59922480620155,7,"top7","eeg_tb_ratio_precond;eeg_ab_ratio_precond;hrv_rmssd_precond;eda_sd_precond;hr_med_precond;eeg_fl_hbeta_power_precond;eeg_fl_specent_precond"
2025-12-19 16:00:34.543817,48,"workload_label",7,8,0.0625,0.593023255813954,0.651162790697674,0.585271317829457,7,"top7","eeg_tb_ratio_precond;eeg_ab_ratio_precond;hrv_rmssd_precond;eda_sd_precond;hr_med_precond;eeg_fl_hbeta_power_precond;eeg_fl_specent_precond"
2025-12-19 16:00:34.67828,48,"workload_label",7,16,0.0625,0.622093023255814,0.633720930232558,0.615503875968992,7,"top7","eeg_tb_ratio_precond;eeg_ab_ratio_precond;hrv_rmssd_precond;eda_sd_precond;hr_med_precond;eeg_fl_hbeta_power_precond;eeg_fl_specent_precond"
2025-12-19 16:00:35.540894,48,"workload_label",7,32,0.0625,0.616279069767442,0.616279069767442,0.611627906976744,7,"top7","eeg_tb_ratio_precond;eeg_ab_ratio_precond;hrv_rmssd_precond;eda_sd_precond;hr_med_precond;eeg_fl_hbeta_power_precond;eeg_fl_specent_precond"
2025-12-19 16:00:35.757616,48,"workload_label",7,64,0.0625,0.616279069767442,0.581395348837209,0.596124031007752,7,"top7","eeg_tb_ratio_precond;eeg_ab_ratio_precond;hrv_rmssd_precond;eda_sd_precond;hr_med_precond;eeg_fl_hbeta_power_precond;eeg_fl_specent_precond"
2025-12-19 16:00:35.972177,48,"workload_label",7,128,0.0625,0.552325581395349,0.552325581395349,NA,7,"top7","eeg_tb_ratio_precond;eeg_ab_ratio_precond;hrv_rmssd_precond;eda_sd_precond;hr_med_precond;eeg_fl_hbeta_power_precond;eeg_fl_specent_precond"
2025-12-19 16:00:36.390094,48,"workload_label",7,256,0.0625,0.534883720930233,0.5,0.517054263565891,7,"top7","eeg_tb_ratio_precond;eeg_ab_ratio_precond;hrv_rmssd_precond;eda_sd_precond;hr_med_precond;eeg_fl_hbeta_power_precond;eeg_fl_specent_precond"
2025-12-19 16:00:35.516443,48,"workload_label",7,2,0.125,0.61046511627907,0.645348837209302,0.6,7,"top7","eeg_tb_ratio_precond;eeg_ab_ratio_precond;hrv_rmssd_precond;eda_sd_precond;hr_med_precond;eeg_fl_hbeta_power_precond;eeg_fl_specent_precond"
2025-12-19 16:00:35.557703,48,"workload_label",7,4,0.125,0.627906976744186,0.656976744186046,0.610077519379845,7,"top7","eeg_tb_ratio_precond;eeg_ab_ratio_precond;hrv_rmssd_precond;eda_sd_precond;hr_med_precond;eeg_fl_hbeta_power_precond;eeg_fl_specent_precond"
2025-12-19 16:00:35.607894,48,"workload_label",7,8,0.125,0.63953488372093,0.61046511627907,0.631782945736434,7,"top7","eeg_tb_ratio_precond;eeg_ab_ratio_precond;hrv_rmssd_precond;eda_sd_precond;hr_med_precond;eeg_fl_hbeta_power_precond;eeg_fl_specent_precond"
2025-12-19 16:00:35.687483,48,"workload_label",7,16,0.125,0.61046511627907,0.569767441860465,0.593023255813954,7,"top7","eeg_tb_ratio_precond;eeg_ab_ratio_precond;hrv_rmssd_precond;eda_sd_precond;hr_med_precond;eeg_fl_hbeta_power_precond;eeg_fl_specent_precond"
2025-12-19 16:00:35.86753,48,"workload_label",7,32,0.125,0.563953488372093,0.552325581395349,0.551162790697674,7,"top7","eeg_tb_ratio_precond;eeg_ab_ratio_precond;hrv_rmssd_precond;eda_sd_precond;hr_med_precond;eeg_fl_hbeta_power_precond;eeg_fl_specent_precond"
2025-12-19 16:00:36.030734,48,"workload_label",7,64,0.125,0.552325581395349,0.540697674418605,0.548837209302326,7,"top7","eeg_tb_ratio_precond;eeg_ab_ratio_precond;hrv_rmssd_precond;eda_sd_precond;hr_med_precond;eeg_fl_hbeta_power_precond;eeg_fl_specent_precond"
2025-12-19 16:00:36.327074,48,"workload_label",7,128,0.125,0.534883720930233,0.465116279069767,0.524031007751938,7,"top7","eeg_tb_ratio_precond;eeg_ab_ratio_precond;hrv_rmssd_precond;eda_sd_precond;hr_med_precond;eeg_fl_hbeta_power_precond;eeg_fl_specent_precond"
2025-12-19 16:00:36.482161,48,"workload_label",7,256,0.125,0.563953488372093,0.436046511627907,NA,7,"top7","eeg_tb_ratio_precond;eeg_ab_ratio_precond;hrv_rmssd_precond;eda_sd_precond;hr_med_precond;eeg_fl_hbeta_power_precond;eeg_fl_specent_precond"
2025-12-19 16:00:35.764897,48,"workload_label",7,2,0.03,0.598837209302326,0.622093023255814,0.585271317829457,7,"top7","eeg_tb_ratio_precond;eeg_ab_ratio_precond;hrv_rmssd_precond;eda_sd_precond;hr_med_precond;eeg_fl_hbeta_power_precond;eeg_fl_specent_precond"
2025-12-19 16:00:36.068486,48,"workload_label",7,4,0.03,0.581395348837209,0.645348837209302,0.575968992248062,7,"top7","eeg_tb_ratio_precond;eeg_ab_ratio_precond;hrv_rmssd_precond;eda_sd_precond;hr_med_precond;eeg_fl_hbeta_power_precond;eeg_fl_specent_precond"
2025-12-19 16:00:36.582415,48,"workload_label",7,8,0.03,0.587209302325581,0.651162790697674,0.581395348837209,7,"top7","eeg_tb_ratio_precond;eeg_ab_ratio_precond;hrv_rmssd_precond;eda_sd_precond;hr_med_precond;eeg_fl_hbeta_power_precond;eeg_fl_specent_precond"
2025-12-19 16:00:36.571213,48,"workload_label",7,16,0.03,0.616279069767442,0.645348837209302,0.615503875968992,7,"top7","eeg_tb_ratio_precond;eeg_ab_ratio_precond;hrv_rmssd_precond;eda_sd_precond;hr_med_precond;eeg_fl_hbeta_power_precond;eeg_fl_specent_precond"
2025-12-19 16:00:36.663771,48,"workload_label",7,32,0.03,0.593023255813954,0.633720930232558,0.585271317829457,7,"top7","eeg_tb_ratio_precond;eeg_ab_ratio_precond;hrv_rmssd_precond;eda_sd_precond;hr_med_precond;eeg_fl_hbeta_power_precond;eeg_fl_specent_precond"
2025-12-19 16:00:36.778485,48,"workload_label",7,64,0.03,0.587209302325581,0.622093023255814,0.582945736434109,7,"top7","eeg_tb_ratio_precond;eeg_ab_ratio_precond;hrv_rmssd_precond;eda_sd_precond;hr_med_precond;eeg_fl_hbeta_power_precond;eeg_fl_specent_precond"
2025-12-19 16:00:37.052089,48,"workload_label",7,128,0.03,0.569767441860465,0.61046511627907,0.574418604651163,7,"top7","eeg_tb_ratio_precond;eeg_ab_ratio_precond;hrv_rmssd_precond;eda_sd_precond;hr_med_precond;eeg_fl_hbeta_power_precond;eeg_fl_specent_precond"
2025-12-19 16:00:37.437966,48,"workload_label",7,256,0.03,0.593023255813954,0.558139534883721,0.586821705426357,7,"top7","eeg_tb_ratio_precond;eeg_ab_ratio_precond;hrv_rmssd_precond;eda_sd_precond;hr_med_precond;eeg_fl_hbeta_power_precond;eeg_fl_specent_precond"
2025-12-19 16:00:36.796271,48,"workload_label",7,2,0.06,0.593023255813954,0.651162790697674,0.590697674418605,7,"top7","eeg_tb_ratio_precond;eeg_ab_ratio_precond;hrv_rmssd_precond;eda_sd_precond;hr_med_precond;eeg_fl_hbeta_power_precond;eeg_fl_specent_precond"
2025-12-19 16:00:36.888062,48,"workload_label",7,4,0.06,0.598837209302326,0.645348837209302,0.59922480620155,7,"top7","eeg_tb_ratio_precond;eeg_ab_ratio_precond;hrv_rmssd_precond;eda_sd_precond;hr_med_precond;eeg_fl_hbeta_power_precond;eeg_fl_specent_precond"
2025-12-19 16:00:37.036566,48,"workload_label",7,8,0.06,0.593023255813954,0.651162790697674,0.585271317829457,7,"top7","eeg_tb_ratio_precond;eeg_ab_ratio_precond;hrv_rmssd_precond;eda_sd_precond;hr_med_precond;eeg_fl_hbeta_power_precond;eeg_fl_specent_precond"
2025-12-19 16:00:37.085344,48,"workload_label",7,16,0.06,0.616279069767442,0.63953488372093,0.612403100775194,7,"top7","eeg_tb_ratio_precond;eeg_ab_ratio_precond;hrv_rmssd_precond;eda_sd_precond;hr_med_precond;eeg_fl_hbeta_power_precond;eeg_fl_specent_precond"
2025-12-19 16:00:37.235989,48,"workload_label",7,32,0.06,0.616279069767442,0.616279069767442,0.611627906976744,7,"top7","eeg_tb_ratio_precond;eeg_ab_ratio_precond;hrv_rmssd_precond;eda_sd_precond;hr_med_precond;eeg_fl_hbeta_power_precond;eeg_fl_specent_precond"
2025-12-19 16:00:37.636063,48,"workload_label",7,64,0.06,0.61046511627907,0.558139534883721,0.591472868217054,7,"top7","eeg_tb_ratio_precond;eeg_ab_ratio_precond;hrv_rmssd_precond;eda_sd_precond;hr_med_precond;eeg_fl_hbeta_power_precond;eeg_fl_specent_precond"
2025-12-19 16:00:37.831539,48,"workload_label",7,128,0.06,0.558139534883721,0.523255813953488,NA,7,"top7","eeg_tb_ratio_precond;eeg_ab_ratio_precond;hrv_rmssd_precond;eda_sd_precond;hr_med_precond;eeg_fl_hbeta_power_precond;eeg_fl_specent_precond"
2025-12-19 16:00:38.137479,48,"workload_label",7,256,0.06,0.529069767441861,0.529069767441861,0.521705426356589,7,"top7","eeg_tb_ratio_precond;eeg_ab_ratio_precond;hrv_rmssd_precond;eda_sd_precond;hr_med_precond;eeg_fl_hbeta_power_precond;eeg_fl_specent_precond"
2025-12-19 16:00:37.590359,48,"workload_label",7,2,0.1,0.61046511627907,0.656976744186046,0.610852713178295,7,"top7","eeg_tb_ratio_precond;eeg_ab_ratio_precond;hrv_rmssd_precond;eda_sd_precond;hr_med_precond;eeg_fl_hbeta_power_precond;eeg_fl_specent_precond"
2025-12-19 16:00:37.629254,48,"workload_label",7,4,0.1,0.598837209302326,0.627906976744186,0.590697674418605,7,"top7","eeg_tb_ratio_precond;eeg_ab_ratio_precond;hrv_rmssd_precond;eda_sd_precond;hr_med_precond;eeg_fl_hbeta_power_precond;eeg_fl_specent_precond"
2025-12-19 16:00:37.686161,48,"workload_label",7,8,0.1,0.633720930232558,0.651162790697674,0.622480620155039,7,"top7","eeg_tb_ratio_precond;eeg_ab_ratio_precond;hrv_rmssd_precond;eda_sd_precond;hr_med_precond;eeg_fl_hbeta_power_precond;eeg_fl_specent_precond"
2025-12-19 16:00:37.779639,48,"workload_label",7,16,0.1,0.645348837209302,0.598837209302326,0.632558139534884,7,"top7","eeg_tb_ratio_precond;eeg_ab_ratio_precond;hrv_rmssd_precond;eda_sd_precond;hr_med_precond;eeg_fl_hbeta_power_precond;eeg_fl_specent_precond"
2025-12-19 16:00:37.900613,48,"workload_label",7,32,0.1,0.581395348837209,0.534883720930233,0.572093023255814,7,"top7","eeg_tb_ratio_precond;eeg_ab_ratio_precond;hrv_rmssd_precond;eda_sd_precond;hr_med_precond;eeg_fl_hbeta_power_precond;eeg_fl_specent_precond"
2025-12-19 16:00:38.074325,48,"workload_label",7,64,0.1,0.552325581395349,0.47093023255814,0.537984496124031,7,"top7","eeg_tb_ratio_precond;eeg_ab_ratio_precond;hrv_rmssd_precond;eda_sd_precond;hr_med_precond;eeg_fl_hbeta_power_precond;eeg_fl_specent_precond"
2025-12-19 16:00:38.352575,48,"workload_label",7,128,0.1,0.534883720930233,0.47093023255814,NA,7,"top7","eeg_tb_ratio_precond;eeg_ab_ratio_precond;hrv_rmssd_precond;eda_sd_precond;hr_med_precond;eeg_fl_hbeta_power_precond;eeg_fl_specent_precond"
2025-12-19 16:00:38.457727,48,"workload_label",7,256,0.1,0.534883720930233,0.552325581395349,0.522480620155039,7,"top7","eeg_tb_ratio_precond;eeg_ab_ratio_precond;hrv_rmssd_precond;eda_sd_precond;hr_med_precond;eeg_fl_hbeta_power_precond;eeg_fl_specent_precond"
